:020000040000FA
:10000000F80B0020A106000009070000D15E0000E7
:10001000F15E0000115F0000515F0000315F0000E1
:10002000000000000000000000000000392E000069
:1000300015070000000000001B070000210700005A
:10004000000000000000000000000000AD370000CC
:100050000000000027070000000000000000000072
:100060002D07000033070000390700003F0700009C
:1000700000000000450700004B070000510700008A
:10008000570700005D0700000000000000000000AE
:100090006307000069070000000000000000000086
:1000A0006F0700000000000000000000750700005E
:1000B0007B07000081070000870700008D07000014
:1000C00093070000990700009F070000A5070000A4
:1000D000AB07000000000000B107000000000000B6
:1000E000B707000000000000BD070000000000008E
:1000F000C307000000000000000000000000000036
:1001000000000000C907000000000000000000001F
:1001100000000000000000000000000000000000DF
:1001200000000000CF0700000000000000000000F9
:1001300000000000000000000000000000000000BF
:100140000F07000000015F5F02000000FE0B0000CF
:100150001D2F0000800600000000000000000000CD
:100160000000000000000000000000000100FFC3CC
:10017000000000C4401200200000000001015F5F89
:10018000030100001F010000B9040000000000008E
:10019000000000000100000001000000000000005D
:1001A000000000000000000000000000000000004F
:1001B00000000000700000007C6300008000000070
:1001C000000F0000010000004102000001015F5F1C
:1001D000040100001F0100003506000000000000BF
:1001E000000000000000000001000000000000000E
:1001F00000000000000000000000000000000000FF
:1002000000000000876300004000000005070000B8
:080210000100000021050000BF
:1002200038B50025054C29462046D4F80024C4F8EA
:10023000045405F0F6FEC4F8005438BD200C00202C
:100240002DE9F04F04680546A5B0002C40F00E8162
:100250002022214604A805F0E4FE14AF2022214606
:100260000CA805F0DEFE40222146384605F0D9FEF6
:10027000EA6905F11C039846B2B10424EA6A05F163
:100280002C03EAB10426ECB96FF08304204625B0B4
:10029000BDE8F08F002CF1D053F8041D2246013C3C
:1002A0000029F7D01446E9E70324F5E7002EEAD049
:1002B00053F8041D3246013E0029F7D01646E2E706
:1002C0000326F5E740233A460021686805F0E6FE7C
:1002D0004028D9D1CDE904700127DFF898A10DF1AC
:1002E000100905F1100BBC422DD10CAF3C4600208B
:1002F000604A4146D2F8003408EB8608884540D170
:1003000008B1C2F800340023CDE90233059BA96887
:10031000402BC2F80414049A40F09980138D180AF7
:1003200003285AD0012800F081801268831ECDE98D
:100330000221092B00F28E80DFE803F0404F545A6F
:1003400060666C727D835BF8043F1A1D21D8DAF871
:100350000004D91C21F00301C0F58062914218D835
:10036000014400EB0A02CAF8001468683946019299
:1003700005F094FE019AC9F80C00013749F8082FDE
:10038000B1E751F804EF1EF1040F07D908B1C2F824
:100390000034FFF745FF6FF08C0477E70EF1030C94
:1003A0002CF0030CC3F58069CC4504F10804EDD8AA
:1003B000D01844E9020E634401209FE702AA0CA969
:1003C00004A800F09CF804464FF00008464507F1E9
:1003D000080742D1FFF724FF58E70CA904A800F052
:1003E0007CF8F0E702AA0CA904A800F079F8EAE783
:1003F00002AA0CA904A800F06DF8E4E702AA0CA96F
:1004000004A800F070F8DEE702AA0CA904A800F026
:100410006DF8D8E702AA0CA904A800F06AF8D2E7A0
:1004200002AA0CA904A800F067F8CCE70CA904A85C
:1004300000F068F8C7E702AA0CA904A800F06AF85F
:10044000C1E702AA0CA904A800F067F8BBE76FF0A7
:100450008004B9E76FF08504B6E7414657E9022307
:10046000686805F030FE08F10108AFE76FF0850419
:100470000CE700BF200C002008B52822002102480C
:1004800005F0CFFD002008BD2810002010B5044C59
:100490000F222046034905F09FFD204610BD00BFF6
:1004A000501000203806000008B5024803F054FD43
:1004B000002008BD0D05000008B5FFF7DDFF40B9BD
:1004C000FFF7E4FFFFF7F0FF18B9BDE8084003F0BD
:1004D00085BD08BD6FF0850070476FF085007047DF
:1004E0006FF0850070476FF0850070476FF08500F2
:1004F00070476FF0850070476FF0850070476FF0B0
:1005000085007047D1E9000103F02CBD0FB4002035
:1005100004B070476FF0850070476FF0850070473A
:10052000F0B503680546B3F57D7FA7B007D040F26C
:10053000F532934207D06FF0850027B0F0BD01F08F
:1005400075FB0020F9E700243C22214607A8CDE9ED
:100550000244CDE90444069405F063FD3C222146A3
:1005600017A8169405F05DFDEA69019405F11C03D6
:1005700002B30426EA6A05F12C033AB30424731E7D
:10058000012B52D8012C50D80423002168680DEBB0
:10059000030205F083FD04281AD06FF08000CCE739
:1005A000002EE7D053F8041D3246013E0029F7D053
:1005B0001646DFE70326F5E7002CE0D053F8041DCC
:1005C0002246013C0029F7D01446D8E70324F5E77A
:1005D000022E16D16E69402E29D806AF33463A4610
:1005E0000121686805F05AFD8642D6D1CDE9027630
:1005F00002A944B92246019801F08FFF0446204623
:100600009BE70021F5E72B6A402BC6D816AACDE957
:100610000423019804AA01F080FFDDE904230446C5
:100620000021686805F04FFDE9E7012085E76FF0DC
:10063000890082E7002070474D62656420544C5366
:1006400020332E362E350000000000000000000090
:10065000000000000000000000000000000000009A
:10066000407C0000801000204D000000407C000015
:10067000200C002000000000407C0000000C002046
:1006800000000000B4110020A4050000200C002090
:1006900018010000000C00200800000002F070BEED
:1006A00008B572B60C4A0D4B9A600D4B83F309885E
:1006B0000C4B83F30A8883F30B880B4B04A1D1E91D
:1006C0000001C3E9000100F0C3F803F0EBFB00BF39
:1006D000A5EDF5FEA5EDF5FE0000000000ED00E043
:1006E000F80B002000040020F80B0020EFF3088036
:1006F000EFF309812DE9F00F6B46724600F0A6F981
:1007000008B0FFF7CBFFFEE708B5FFF7EFFF08B52E
:10071000FFF7ECFF08B5FFF7E9FF08B5FFF7E6FFC5
:1007200008B5FFF7E3FF08B5FFF7E0FF08B5FFF7EF
:10073000DDFF08B5FFF7DAFF08B5FFF7D7FF08B50B
:10074000FFF7D4FF08B5FFF7D1FF08B5FFF7CEFFDD
:1007500008B5FFF7CBFF08B5FFF7C8FF08B5FFF7EF
:10076000C5FF08B5FFF7C2FF08B5FFF7BFFF08B523
:10077000FFF7BCFF08B5FFF7B9FF08B5FFF7B6FFF5
:1007800008B5FFF7B3FF08B5FFF7B0FF08B5FFF7EF
:10079000ADFF08B5FFF7AAFF08B5FFF7A7FF08B53B
:1007A000FFF7A4FF08B5FFF7A1FF08B5FFF79EFF0D
:1007B00008B5FFF79BFF08B5FFF798FF08B5FFF7EF
:1007C00095FF08B5FFF792FF08B5FFF78FFF08B553
:1007D000FFF78CFF08B5EFF31083012B0C4A07D10C
:1007E000126ABFF34F8F511C4A424A41104608BD5E
:1007F00001F0A2FA00B172B6126ABFF34F8F531C18
:100800005A425A4101F098FA0028EFD062B6EDE75B
:100810000080FF0008B5EFF31083012B0B4A06D1CF
:10082000D269BFF34F8F02F00102104608BD01F0FC
:1008300083FA00B172B6D269BFF34F8F02F00102A2
:1008400001F07AFA0028F0D062B6EEE70080FF00EF
:10085000734A10B5D2F8D03043F00203C2F8D0305A
:1008600001F06AFA30B14FF050230022C3F814218E
:10087000C3F8182101F073FA28B10122694BC3F8BB
:10088000382AC3F878254FF47F02D2F83031BFF30D
:100890004F8FD2F83421BFF34F8FBFF34F8FC3F385
:1008A0000B03092B05D1012A1EBF01225D4BC3F8A2
:1008B000782501F054FA18B10E225B4BC3F8E42EF0
:1008C00001F03AFA30B10022564BC3F80C2701224E
:1008D000C3F810270022D30003F57F03D3F80013D9
:1008E000BFF34F8F013108D0D3F800130132D3F892
:1008F0000433B2F5807F0B60EDD1EFF31084FFF786
:1009000089FF00284DD0BFF34F8F484BD3F8002408
:10091000012AFBD1C3F80425D3F80024012AFBD116
:10092000012C03D001F008FA00B172B6FFF772FF94
:1009300058B13F4AD36923F00103D361BFF34F8F0E
:100940003A4AD2F80034012BFBD1FFF743FF68B1DC
:10095000374A136A23F0FF0343F020031362BFF307
:100960004F8F324AD2F80034012BFBD1012C03D037
:1009700001F0E2F900B162B600222C4BC3F8042565
:10098000D3F80024012AFBD1BFF34F8F2449294B10
:10099000CA6802F4E0621343CB60BFF34F8F00BF1D
:1009A000FDE7FFF717FF0028ADD11D4AD2F88C30C4
:1009B00043F44063C2F88C304FF47F03D3F8302106
:1009C000BFF34F8FD3F83431BFF34F8FBFF34F8F47
:1009D000C2F30B02092A16D1013B022B02D8164A98
:1009E000D35C83B1124815490368104A8B420CBF8F
:1009F0005A230023C2F8103EC36A8B420CBF5A230D
:100A00000023C2F8003E064AD2F8883043F470034F
:100A1000C2F88830BFF34F8FBFF36F8F10BD00BF98
:100A200000ED00E00040005000A003500090035093
:100A30000080FF000400FA05F0370000FA50FA5079
:100A40007C22014905F0C8BAC018002038B51D46FF
:100A5000AA4BAB4C5B68C3F308032360EFF303833B
:100A600063655306C4E90120E1603ED502F00C0243
:100A70000C2A08BF0846014620612022A14805F043
:100A8000ABFA25B1202229469F4805F0A5FA9B4BD9
:100A90009A6AA265D96AE165986B206602F4004003
:100AA0006066586BA06602F08000E0669A62D962C8
:100AB000D3F8E4202267D3F8E810616702F0400120
:100AC000A167C3F8E42000F0A1F90E218F4801F0DE
:100AD0005CF92268D31E042B00F2FB80DFE813F0E0
:100AE00011001700F000F300F600EFF3948398076D
:100AF00004D5110702D5EFF38980BCE7EFF38880B6
:100B0000B9E70C21824801F040F9002504E01221E8
:100B1000804801F03AF901252A217F4801F035F992
:100B2000626816217D4801F05FFD18217C4801F0C4
:100B30002CF963685A064BBF0E21122179487A4876
:100B400001F023F963681B074BBF1021112177487F
:100B5000774801F01AF9626D0E21764801F044FDE4
:100B6000A2680E21744801F03FFD0E21E26873482F
:100B700001F03AFDEFF388820E21714801F034FD57
:100B8000EFF389820E216F4801F02EFD19212269B1
:100B90006D4801F029FD1DB152216C4801F0F5F8B6
:100BA0000F2162696A4801F01FFD0F21A26969489F
:100BB00001F01AFD0F21E269674801F015FD0F21D0
:100BC000226A664801F010FD0F21626A644801F054
:100BD0000BFD0F21A26A634801F006FD0F21E26AB6
:100BE000614801F001FD226B0F21604801F0FCFC1F
:100BF00023215F4801F0C9F80F21626B5D4801F0C5
:100C0000F3FC0F21A26B5C4801F0EEFC0F21E26BBC
:100C10005A4801F0E9FC0F21226C594801F0E4FC2C
:100C20000F21626C574801F0DFFC0F21A26C56487F
:100C300001F0DAFC0F21E26C544801F0D5FC0F21E1
:100C4000226D534801F0D0FC0C21A26D514801F0F7
:100C5000CBFC0C2194F859204F4801F0C5FC636E81
:100C6000002B41D00B21226E4C4801F0BDFC0C2121
:100C700094F858204A4801F0B7FCE36E002B38D0B6
:100C80000C21A26E474801F0AFFC0C21B4F85A20A9
:100C9000454801F0A9FC0C21E26D444801F0A4FC98
:100CA0000C21226F424801F09FFCA36F002B00F043
:100CB0009180626F0B21BDE838403E4801F094BC42
:100CC0000B213D4825E70D213C4822E70E213C48F9
:100CD00019E70F2A95BF142125213A483A4888BFC1
:100CE000103A01F081FC16E71721384801F04DF861
:100CF000BDE71721364801F048F8C6E700ED00E0EF
:100D0000C0180020D4180020F4180020F337000089
:100D1000013800000D3800007E380000A8380000BF
:100D2000BE380000D6380000E4380000F638000075
:100D3000063900001739000025390000333900005A
:100D4000413900004F3900005D390000763900005C
:100D5000C8390000D7390000E6390000F539000035
:100D6000043A0000133A0000223A0000313A000031
:100D7000403A0000633A0000723A0000813A0000F5
:100D8000903A00009F3A0000AE3A0000BD3A0000E1
:100D9000CC3A0000DB3A0000E73A0000F33A0000EA
:100DA000153B0000213B0000443B0000503B00008D
:100DB0005C3B0000683B00001F3800002A38000040
:100DC000373800004538000059380000FE3A00006E
:100DD0002D3B00001621BDE83840014800F0D5BF8A
:100DE000733B000037B5084C6369984748B9E56A1A
:100DF000A847C307FCD4236A019303B0BDE8304081
:100E00001847002003B030BD8C3B000010B50B4CE0
:100E10000020A368984780B902202369984760B9E9
:100E20004FF4E1310120A46AA04730B90121152017
:100E3000A04710B90122024B1A7010BD8C3B000074
:100E40004028002010B5064C00202369984708B1BF
:100E5000043004D1E368984708B9024B187010BDFC
:100E60008C3B000040280020064B82B0186800230D
:100E700082B262F30F03000C60F31F43184602B006
:100E8000704700BFCC3B0000014BD86D704700BFDE
:100E900084100020014B186E704700BF84100020A2
:100EA000C3B2012B10B509D0A3F11502012A00F23B
:100EB000AE80002900F09880002010BD4DF6C023C0
:100EC000994270D028D8B1F5615F6FD011D8B1F5D3
:100ED000965F6DD008D8B1F5966F6BD0B1F5166FEF
:100EE0006BD06FF00700E8E7B1F5165FF9D1514B11
:100EF00033E047F61223994262D007D8B1F5964FF6
:100F000061D0B1F5E14FECD14B4B26E0B1F5164F76
:100F1000E7D14FF41D0320E0484B994255D011D83A
:100F2000B1F5E13F54D007D8B1F5614F53D0B1F5D9
:100F3000963FD6D1424B10E0B1F5613FD1D14FF091
:100F40006C730AE0B1F5612F48D03E4B994248D00E
:100F5000B1F5E12FC5D14FF0E86310F4E06F59D13E
:100F600010F4404103D0B1F5804F56D1102110F458
:100F7000405403D0B4F5805F52D10E2410F44032B7
:100F800003D0B2F5403F4ED101222F4880F8921095
:100F900000F16401C0F88C3080F8902080F8914016
:100FA00001F066F888E74FF46503D6E7274BD4E7EE
:100FB000274BD2E74FF49E23CFE74FF41D23CCE716
:100FC0004FF40003C9E7234BC7E74FF08063C4E742
:100FD0004FF0EB73C1E74FF46B03BEE74FF0706364
:100FE000BBE74FF08053B8E71748162B18BF0146F0
:100FF0004FF0FF330ABF00F1640141F8643F83669C
:1010000001F036F810F1100F10D0C01755E76FF04F
:10101000030052E76FF008004FE76FF00A004CE75B
:101020006FF0090049E76FF00B0046E76FF0010031
:1010300043E700BF0050270000C0750090D00300B8
:1010400000903A0140420F008410002000F03A0066
:1010500000B0130000A04E0073B506461B480C46B6
:1010600001F042F8194D18B94FF0FF3002B070BDD1
:1010700022463146284601F00AF910F1100F02D13C
:101080006FF00100F2E70028EEDB0321284600F0B4
:101090007FFB10F1100FF3D00028E5DB0023019354
:1010A000284601A901F09FF910F1100FF8D078300F
:1010B000DAD0019B9C42D7D801220448114601F0A6
:1010C00090F90028D0DB00202C66CFE784100020A8
:1010D000F0B51B4E054691B030460C4601F004F8C1
:1010E00018B94FF0FF3011B0F0BD05F06043B3F117
:1010F000005F20D1002322462946304600F0FAFF47
:1011000010F1100F19D00028EBDBF46511E0A71BDC
:10111000402F28BF4027A9193A46684604F05CFFD3
:1011200039466846FFF7D4FF0028DCD14036B44288
:10113000EDD80020D7E70026F9E76FF00100D2E7ED
:101140008410002010B5104C204600F0C5FA002194
:10115000206800F053FC226842F30732002A11DBBA
:10116000012153099B0003F1604303F56143D3F868
:10117000800202F01F0201FA02F20243C3F8802249
:10118000D3F88032002010BD8410002010B5174C19
:101190000021206800F024FC226842F30732002A74
:1011A00012DB012053099B0003F1604303F5614307
:1011B000D3F8801202F01F0200FA02F221EA0202C2
:1011C000C3F88022D3F880320948D4E9151200F020
:1011D000F2FD01460022643800F0ECF90028AABFB5
:1011E00000206FF00100C4E9170010BD841000203A
:1011F000E81000207FB500250C46C0F808511646BF
:10120000D0F80821D0F8002222F02002C0F80022F5
:10121000104AC0F8082300F01FFEA560256104F104
:101220004C03D3E8EF1F21F47F0121F47041C3E8A0
:10123000E21F002AF5D110222946684604F0F1FE8B
:10124000042368468DF800300196D4E900139847CE
:1012500004B070BD10020A00044B054A1B68B3FBC2
:10126000F2F35843034B43F001031847801000206A
:1012700040420F00D03B000000F01F03400909D19D
:10128000074A02EB8303D3F80012064A0A40C3F868
:10129000002270470022803352F82330FFDE00BF67
:1012A00000258450F0F8FCFF430904D10123034AD0
:1012B00083409360704700239B60FFDE00258450CD
:1012C00000F01F0340090BD1084A02EB8302D2F859
:1012D0000012074B0B4043F00303C2F80032704783
:1012E0000022803352F82330FFDE00BF00258450F7
:1012F000F0F8FCFF2DE9F84391F8303005460C4634
:101300000F6813BB066D46F000730365781C04D0AC
:101310003846FFF7C9FFFFF7D3FF6068411C01D0D3
:10132000FFF7AAFF94F82C30012B0ED1E06846F0AD
:101330002066421C2E6501D0FFF79EFFA068431C6B
:1013400003D0FFF7B1FFFFF7BBFF94F82FC0BCF14C
:10135000000F03D12B6D43F080732B6594F82C00A4
:1013600094F82D1094F82EE0A26A2B680143E668E9
:10137000D4E90198C3F824254EEA0102C3F86C258C
:10138000BCF1000F09D10128C3F80C75C3F81495FE
:1013900004BFC3F80885C3F810654FF47F02D2F884
:1013A0003031BFF34F8FD2F83421BFF34F8FBFF3EB
:1013B0004F8FC3F30B03092B1BD12B68D3F8682580
:1013C00003F26457012A08BFDA60D3F86425012AC2
:1013D0000FD1082149F64046C3F800155A603B6812
:1013E0009BBB2B68D3F88024C3F880240022C3F869
:1013F000002500212B6894F83220C3F81011D3F88F
:101400001001C3F82011D3F82001C3F82411D3F838
:101410002401C3F84411D3F84401C3F85811D3F898
:10142000581143F307335201002BD2B213DB0C499E
:10143000C81880F800230122580903F01F0302FA9C
:1014400003F341F82030BDE8F8830120FFF704FFE3
:10145000013EC4D1C5E7034903F00F03CA54F2E7C4
:1014600000E100E014ED00E000F01F0340090BD1A3
:10147000084A02EB8302D2F80012074B0B4043F0FC
:101480000203C2F8003270470022803352F8233042
:10149000FFDE00BF00258450F0F8FCFFF8B50546DC
:1014A0002B6D046803F48223B3F5805FD4F8000247
:1014B00005D009B100232B626FF07600F8BDD4F897
:1014C0000463C4F8086309B9830647D4D4F800322A
:1014D00023F02003C4F800324FF4A11305F15007A4
:1014E000D7E8EF1F1943C7E8E01F0028F8D112B969
:1014F000AB68002B59D12E4BC4F80833012363602D
:10150000D4F84431002BFBD00023C4F84C31D4F87C
:101510004C21C4F81031D4F81021C4F84431D4F867
:1015200044212A6D12F400421BD12A62204600F0A9
:1015300093FC0023EB606B61D7E8EF3F23F47F035C
:1015400023F47043C7E8E23F002AF5D126F42026B1
:1015500026F404760020C4F80463AFE74FF4803328
:10156000BCE7C4F84C31D4F84C21EA69C4F83425FE
:101570000522C4F83825C4F81031D4F810310123FD
:10158000E362D4F81031002BFBD00022C4F8102104
:10159000D4F81031D4F84C310BB1D4F83C352B626F
:1015A000C4F84C21D4F84C31C0E701236360D1E783
:1015B00010020A002DE9F74304460E4694F84C1039
:1015C00091460430002970D1502204F02AFD33697D
:1015D00063607369E363B36903B1013B2364336AF6
:1015E000042B81BFF369E3610023236296F8313055
:1015F000B9F1000F2FD083F001084FEA08281BB182
:10160000236D43F0010323650123256884F84C30E2
:10161000D5F84C21C4F80890FAB931462046FFF7B6
:1016200069FE0822002325688DF80730C5F80025DB
:101630000DF10702C5F84425C5F8483501230A26EF
:10164000AB60EB60D5F8583193BB0120FFF704FE87
:10165000013EF7D122E0C846D1E708226427C5F849
:1016600000256B60D5F84431EBB9D5F82431D3B9F6
:101670000A20FFF7F1FD013FF4D10023C5F84C31FA
:10168000D5F84C21C5F81031D5F81021C5F84431F2
:10169000D5F84421C5F80035002FBED16FF08B007E
:1016A00003B0BDE8F0830127E7E76FF07700F7E7C5
:1016B0000020C5F820018145D5F82031054B08BF31
:1016C0000346226848EA0303C5F80005C2F804335C
:1016D000E6E700BF10020A0003682B4A2DE9F0413B
:1016E000C3F8082343F30733002B04460DDB012125
:1016F0005A0903F01F03994002F12003234A42F8DC
:101700002310BFF34F8FBFF36F8F01222046114686
:10171000FFF7C4FE0121204600F074FD256D23680B
:10172000E901D3F80C05D3F81485D3F80865D3F88C
:10173000107509D54FF0FF32C3F80C25C3F81425F6
:10174000C3F80825C3F81025AA0115D5431C01D0FC
:10175000FFF78AFEB8F1FF3F02D04046FFF784FE54
:10176000290109D57A1C02D03846FFF77DFE731C8B
:1017700002D03046FFF778FE002384F84C30236512
:10178000A360BDE8F08100BF10034A0000E100E063
:10179000F8B50646044656F8505B071DD6E8EF3FFD
:1017A00043F48052C6E8E02F0028F7D1DA0468D469
:1017B0004B0702D5E369002B66D0354BC5F80833DB
:1017C0000823C5F800350023C5F81031D5F81021DD
:1017D000C5F84C31D5F84C21C5F844310A03D5F889
:1017E00044318B0303F4804302F400524903134352
:1017F00001F400410B43D6E8EF2F1A43C6E8E12F6E
:101800000029F8D1E368C3B9A3687BB9236DD80474
:1018100035D5D6E8EF3F23F47F0323F47043C6E8C1
:10182000E23F002AF5D16FF00B00F8BD03213846E6
:1018300000F0EDFAE368002BE8D0D5F8043359073F
:1018400010D5A36873B1236D1A030BD5D6E8EF3F0B
:1018500023F40023C6E8E23F002AF7D106213846E8
:1018600000F0D5FA236DDB0409D5D5F84C310BB95E
:1018700001232B60A36813B1054BC5F80433002086
:10188000D3E76FF00F00D0E74FF0FF30CDE700BF98
:1018900010020A0072B6024A1368013313607047DF
:1018A0003C190020034A1368013B136003B962B678
:1018B000704700BF3C1900200722024BC3F80423E5
:1018C000704700BF00300050084BD3F80801D3F830
:1018D0000021003818BF012080000AB140F001004B
:1018E000D3F804310BB140F00200704700300050D3
:1018F0000022074BC3F80021D3F80011C3F80421DC
:10190000D3F80411C3F80821D3F80831704700BF99
:101910000030005000231720094A03F5C07101333D
:10192000202B42F82100F8D100231720044A03F5A8
:10193000E0710133202B42F82100F8D1704700BF3D
:101940000030005010B59DF80840C00B43EA042356
:10195000064CC90B43EA0213884200D910BDC2B23B
:1019600002F5C07244F822300130F5E70030005033
:1019700010B59DF8084000F1604043EA042301F1EE
:101980006041074C400B490B43EA0213884200D9DF
:1019900010BDC2B202F5E07244F822300130F5E722
:1019A00000300050C0F30E03C3F50043B3FA83F3D5
:1019B000C3F11B03064AC0F3C730DBB240F48070AA
:1019C00043F48073C2F80005C2F80435704700BFC5
:1019D000003000504303014818447047FF1FF81FB0
:1019E000054BC0F30730090241F0300100F50070EB
:1019F00043F82010704700BF00300050044BC0F384
:101A00000730090200F5007043F82010704700BF4E
:101A100000300050003A18BF0122003918BF0121E0
:101A200003688900074841EA4201186359605A680F
:101A300042F001025A60BFF34F8FBFF36F8F002057
:101A4000704700BF04AAFF0010B5FFF73DFF114C1F
:101A500016212060104800F098F92368D90703D5B3
:101A600012210E4800F091F923685A0708D5152174
:101A70000B4800F08AF90F2162680A4800F0B4FDB3
:101A800023689B0705D5BDE810401421064800F0E7
:101A90007CB910BD741F0020D63B0000EC3B000059
:101AA000FE3B0000133C0000223C00000C220149D8
:101AB00004F092BA741F002010B501F05CFE0446D9
:101AC00090B902F0F7FA044680B90A4A2E21D36889
:101AD000094823F008031B041B0C43F0BF6343F4C5
:101AE0000033D36000F051F9204610BD45F2235475
:101AF000FAE700BF00ED00E0363C0000024B186042
:101B0000024B002019607047841F0020801F0020B6
:101B10001FB5374C426923685A6282699A62C2696A
:101B2000DA62026A1A63426A5A63826A9A63C26A12
:101B3000DA63026B1A64426B5A60826B9A60C26B02
:101B4000DA60026C1A61426C5A61826C9A61C26CF2
:101B5000DA61026D1A62826D5A65C26D9A65026F12
:101B6000DA65026E1A66826E5A66426F9A66EFF303
:101B700088825A64EFF389829A644268DA64EFF3E8
:101B800094821A65026801A81A67FFF78FFF23681D
:101B9000019ADA6601221A70164B1C686408640008
:101BA0002046214622462346B7EE000AF7EE000AF9
:101BB000B7EE001AF7EE001AB7EE002AF7EE002A89
:101BC000B7EE003AF7EE003AB7EE004AF7EE004AF9
:101BD000B7EE005AF7EE005AB7EE006AF7EE006A69
:101BE000B7EE007AF7EE007A04F0DDFA04B010BD2B
:101BF000841F0020801F002000B5A1B001A8FEF7BF
:101C00001FFF029B63B15B060AD4019B23F0020312
:101C1000052B05D1044B1B6813B101A8FFF778FF12
:101C200021B05DF804FB00BF801F0020BFF34F8F81
:101C30000549064BCA6802F4E0621343CB60BFF368
:101C40004F8F00BFFDE700BF00ED00E00400FA0584
:101C5000F8B543680C2B01D00220F8BD4B68042B6B
:101C6000FAD14FF0FF3304680D6821682B6000291A
:101C7000F2D0A268002AEFD00623012001F0CDFCAB
:101C80000028E9D16168274B99420AD9A268264801
:101C90008B1883420ED8206804F09EF9002028603B
:101CA000DBE7224B9942D7D9A268093388189842BA
:101CB000D2D8F0E71E488142CED91E488342CBD805
:101CC0000A43930701D00320C7E72268891AA36853
:101CD0008E18002BE2D0EFF3108700F05CFCB8B157
:101CE000012F0BD1366800F056FC08B1BFF34F8FBF
:101CF000A36842F8046B043BA360E8E772B6366859
:101D000000F049FC0028F3D0BFF34F8F62B6EFE735
:101D1000366800F040FC0028EAD0BFF34F8F012F57
:101D2000E6D0F3E7FF01FF002C02FF002F01FF00C8
:101D30000781FF000084FF004FF47F03D3F83001D8
:101D4000BFF34F8FD3F83431BFF34F8FBFF34F8FB3
:101D5000C0F30B00A0F109035842584170474FF4FB
:101D60007F02D2F83031BFF34F8FD2F83401BFF386
:101D70004F8FBFF34F8FC3F30B03092B03D1431EC8
:101D800058425841704700207047FFF72BB8012098
:101D900070476FF003007047002070476FF003003A
:101DA000704700207047022814BF6FF00300002026
:101DB0007047FFF78DB970B540F2FF1501EB820255
:101DC000914200D170BD51F8044BC4F30803240EB6
:101DD000AB4208BF4FF0FF33032CF1D8DFE804F02B
:101DE000020406080360EBE74360E9E78360E7E786
:101DF000C360E5E70346D0F8580130B931B9D3F8EC
:101E00002001003818BF012070470120704730B50D
:101E100004460D4685B010220021684604F001F901
:101E2000D4E9001368468DF80050984705B030BDDE
:101E30007FB504460E46154600211022684604F080
:101E4000F0F8012368468DF80030CDE90165D4E94A
:101E50000013984704B070BD10B50446FFF71AFD93
:101E6000D4F8583133B1D4F8043313F4800308BFE5
:101E7000C4F80035BDE81040FFF714BDD0F8583164
:101E800033B1CB6CC3F30032DB0458BFC0F800257C
:101E900070472DE9F74F866804460D463EB113F0B2
:101EA000020604D0C36B002B00F095800126276D3D
:101EB00017F0100740F08F804FF00109AB18019325
:101EC000019BAB4200F0898005F060439B46E26BCA
:101ED000D4F8008082B9BBF1005F40F08780924661
:101EE000FFF7D8FC216D404601F00101FFF782FFAA
:101EF00028B9FFF7D7FCEAE74FF0010AF0E7A26C38
:101F0000AB46002ABCBFD8F84C25A264BAF1000F3A
:101F100007D0D4E90F1228788854D4E90F2102EBB6
:101F2000010BBBF1000F03D0C8F844B5C8F84895C1
:101F30000023C8F82031D8F82011C8F85831D8F853
:101F40005811C8F85031D8F850110821C8F80015B8
:101F5000BEB14FF48002C8F80423C8F80890FFF718
:101F6000A1FCA368002B3FD1236D1B073CD5503447
:101F7000D4E8EF3F23F00803C4E8E23F002A2AD068
:101F8000F6E7C8F80890FFF78DFC216D01F001011C
:101F90004046FFF72FFF0246D8F84C05D8F84435E5
:101FA0005AB99B45F4D004F1040AD1B1FFF772FC91
:101FB00051464046FFF762FFD1E79B4504F1040A12
:101FC000F3D10028F1D1FFF765FC51464046FFF7F9
:101FD00055FFFFF767FC4FF0FF37384603B0BDE809
:101FE000F08FC8F80C90E1E7013569E76FF015074D
:101FF000F3E770B5CE6C0D4606F001010446FFF71D
:10200000F9FE38B94FF4800346F00406EE64C4F8D4
:10201000043370BDD5E90A365AB1296CEA6B761AD9
:10202000964228BF164619443246A86B03F0D4FFE7
:10203000AB6B4FF0FF326A641BB1C4F84435C4F88F
:1020400048650023C4F82031D4F82021C4F8583161
:10205000D4F85821C4F85031D4F850310823C4F8CA
:1020600000354FF48003C4F804330123A360D0E7A4
:1020700037B590F84C3004463BB3036B4BBB02685A
:10208000C2F8003583680BB10B6943602046FFF747
:1020900031F90822002324688DF80730C4F80025A0
:1020A0000DF10702C4F84425C4F8483501230A2578
:1020B000A360E360D4F8583173B90120FFF7CCF87E
:1020C000013DF7D16FF08B0001E06FF0760003B0B7
:1020D00030BD6FF00F00FAE70020C4F82001D4F8FB
:1020E0002031C4F80005F2E790F84C00003818BF22
:1020F000012070472DE9F04704460D4698461646E4
:10210000D0F80090002A68D087685FB953B9076B90
:10211000002F65D10263FFF7BCFE05462763284602
:10212000BDE8F08718F0030F07D043463246294632
:102130002046BDE8F047FFF7ACBE05F06043B3F1C1
:10214000005F07D0E36B13B118F0040F14D06FF0E9
:102150000C05E4E7236DDB0702D518F0040F42D12C
:10216000FFF798FB226B9AB9C4E90B564846211D2C
:10217000FFF73FFF002527E0FFF78CFB236B3BB900
:10218000236D012243F00203C4E90B562365EDE7FA
:10219000A36BE3B918F0040F19D0E36A03F06043AE
:1021A000B3F1005F16D1236DC4E90D5643F010035F
:1021B00023650A24D9F85031C3B90120FFF74CF840
:1021C000013CF7D16FF08B05FFF76CFBA7E76FF0D1
:1021D0000F05F9E74FF0FF35F6E76FF006059EE7CC
:1021E0006FF00F059BE74FF0FF3598E70023C9F824
:1021F0005031D9F85031002DBCD0C9F84455C9F838
:102200004865B7E7F8B50468036BD4F8046305467E
:10221000C4F8086323B96FF07600C4F80463F8BD0E
:1022200000F15003D3E8EF0F40F00800C3E8E20FDD
:10223000002AF7D10123E36001B3296D01EA030706
:1022400039462046FFF7D6FD0028FAD0FFF722FBDB
:10225000C7B9D4F820314BB10123E360D4F8583129
:10226000002BFBD02046291DFFF708FEFFF71AFBC5
:102270000023C4F82031D4F820212B630020C4F8B7
:102280000463CCE7D4F85831002BEBD1EEE72DE90D
:10229000F84F0568036DD5F804A313F480280446AD
:1022A0000F461646C5F808A340F0928001F0604240
:1022B000B2F1005F40F08F80C26852B18268002A9C
:1022C00075D1D5F81021002A71D0C5F81081D5F844
:1022D0001031226AC4E90376002A47D09642E169A8
:1022E00033D84FF0000932463846C4E9039903F069
:1022F00073FE226AE069921B2262811903F036FEA6
:10230000A368BBB1236D04F1040B990417D55034B5
:10231000D4E8EF3F43F48023C4E8E23F002AF7D13A
:10232000324639465846FFF783FD4A465946284605
:10233000FEF760FF4046C5F804A3BDE8F88F3246BB
:1023400039465846FFF774FDF4E7384603F044FE7B
:10235000236AA3620023236204F15003D3E8EF1F32
:1023600041F40021C3E8E21F002AF7D1A16A2369E2
:10237000E2685B1A0A44C5F83425C5F83835236D80
:10238000DA04D7D55034D4E8EF3F23F48023C4E8EF
:10239000E23F002AF7D101232B60D5F84431002B0E
:1023A000C8D00023C5F84431D5F84431C2E762698A
:1023B000A2B95B04C4E90576C5F83475C5F838657B
:1023C000B8D5D5F8003243F02003C5F80032B1E7A4
:1023D0006FF07608AEE76FF00C08ABE76FF00F0810
:1023E000A8E7FFF75BB88368A3B90368D3F80025B3
:1023F000082A06D011B1D3F83C350B606FF0770096
:102400007047D3F8102142B111B1D3F83C350B60BD
:10241000002070474FF0FF3070476FF00F0070479B
:10242000C0037047C00300F5FF407F3070470020B5
:1024300070471F2070474FF40040704700F57F4001
:10244000C03040037047402070475F2070474FF412
:10245000005070474B6830B513F01F052DD102684E
:102460000C681068C0F30720844226D2506855607B
:1024700094600C7C23F01F0304F001041C438B7C4C
:10248000DB0003F018031C434B7C5B0003F00603E6
:102490002343D3608B68013B23F01F04CB685B00B0
:1024A00003F00E03234343F0010313615060BFF3B5
:1024B0004F8FBFF36F8F284630BD0120FCE70368C4
:1024C00000205A68C9B258609960D86018615A6093
:1024D000704770B50546002403681E68C6F30726DA
:1024E000B44201D1002070BD21462846FFF7E7FF26
:1024F0000134F5E70020704708B5FFF77DFB72B6A1
:1025000020BFFDE7034610B10020187070474AF263
:10251000C53070470020704770470346012B0846BE
:1025200070B5114607D0042B09D0002B31D1BDE87E
:102530007040FFF78DBBBDE8704000F03FB84368C6
:10254000082B01D0022070BD5468042CFAD14FF042
:10255000FF3305681668296833600029F2D06B687C
:10256000002BEFD026237422012001F056F800281A
:10257000E8D1224623230120696801F04EF8044681
:102580000028DFD1D5E90001FFF7B8FA3060204616
:10259000D9E70320D7E74FF47F03D3F83001BFF327
:1025A0004F8FD3F83431BFF34F8FBFF34F8FC0F34A
:1025B0000B00A0F1090358425841704743680C2BA7
:1025C00001D0022070474B68042BFAD10B6801211F
:1025D0000268196011680131F3D102219068196015
:1025E0000028EED11860704730B50C46154685B00E
:1025F00038B139B1FFF7C9FB041E03DA204605B034
:1026000030BD044640F60D23ADF80E3009230B49CA
:1026100001A805F00F028A5C2D091A54013B012B19
:10262000F7D147F630030C21ADF80430FFF7ADFBCE
:102630000028B4BF04462418E0E700BF643C000053
:1026400007B5214B83F30A88204801F07FF848B191
:1026500000F096FE00F028FC00F0E6F8002003B041
:102660005DF804FBFFF728FA0028F1D12321184870
:10267000FFF78BFBFFF73EFF0028E9D10DF10700C4
:10268000FFF740FF0028E3D19DF807301BB1FFF7AB
:1026900041FF0028DCD1FFF73FFF00F019FC352196
:1026A0000C48FFF772FB01221A210B48FFF79CFF31
:1026B00017210A48FFF769FB18210948FFF765FB56
:1026C00000F0FAFDC6E700BF00040020401900201A
:1026D000743C0000973C0000CC3C0000E63C00004D
:1026E000FD3C000030B5094C0246616800230846F5
:1026F00040B105686D68954205D11BB18268606084
:102700009A60816030BD03468068F1E7C4190020FB
:1027100038B504462AB10B689B68DB0512D500204A
:1027200038BD0B4B1D680DB900F02AFE00222B6846
:10273000996934338A4203D053F8040FA04204D17C
:102740009142ECD16FF0FC00EAE70132F2E700BF02
:10275000CC19002070B504460E46154600213022E3
:102760000C3003F05EFC064B20461B68A6606360DD
:10277000656100F0F1FE00232061236070BD00BFA1
:10278000CC190020034B186810B1006800B14068F4
:10279000704700BFCC190020064B10B51C680CB95F
:1027A00000F0EEFD23689B6813F4406F14BF012016
:1027B000002010BDCC1900202DE9F04107469046BD
:1027C0000C4621B96FF080042046BDE8F0814B0033
:1027D000F8D5144B01F01F0253F82250002DF1D010
:1027E0002B685E68FFF7D8FF294602463046FFF7A0
:1027F0008FFF88B9C4F30721284600F0C3FD0446C3
:102800000028DFD100F0B5FE064640B14246294619
:10281000FFF7A0FF3E60D7E76FF08104D4E76FF0C9
:102820008204D1E7441900202DE9F04100F0A0FE18
:102830000023144E144F73607B6000F0F1FADFF850
:102840004C80304600F024F80446A0B1394680237D
:10285000424600F0ADF80546204600F0C9FD20686C
:10286000211D00F08BFB08B100F08AFD29462046AF
:1028700000F082FAE5E7FEF7E5FABDE8F04100F086
:1028800091BA00BFD0190020C419002044190020BB
:10289000F8B5054608B900F073FD404E346814F1F0
:1028A000310F78D83E4B196804F130038B4272D255
:1028B000E369A26903EB83030E321344226A02EB3D
:1028C00042021344626AC2EBC20213449B00E31843
:1028D00001D2994201D200F053FD2368314A1B0C0A
:1028E0001B04934201D000F04BFD2388B3F5817F98
:1028F00001D300F045FD6368002B01DA00F040FDD4
:10290000D4E90A239A4201DD00F03AFDA36813F4EA
:10291000406F22D1244A176807F120031360234A2D
:102920001268934201D900F02BFDE369A26903EB21
:1029300083030E321344226A3C6002EB42021344CA
:10294000626AC2EBC2021344326802EB83026B6814
:102950003260FB616F603846F8BDA26A002A04DA73
:10296000E36A002B01DA9A4201DD00F009FD6F688D
:10297000002FCFD03B689A6812F4406F09D0E16A0B
:102980009A6A914205DBA26ADB6A9A4201DC00F096
:10299000F7FCFF69ECE70027DDE700BF241100200A
:1029A000203D000000005F5F201100201C3D000062
:1029B0002DE9F74F0F4690460646009300B109B93E
:1029C00000F0DEFCD6F800A0DAF818200AF138038F
:1029D00003EB820BDAF81C40204B1D6854B10C222B
:1029E00002FB04541C601E4B1B689C4201D900F082
:1029F000C7FC2C4625464FF00009DAF81C204A4552
:102A000000D91CB9002003B0BDE8F08F142303FBEC
:102A100009B20023C5E900269268AB60930516D57C
:102A2000B8F1000F02D0009B802B03D0019200F080
:102A3000A7FC019A12F0E00FD0B202D158F8202082
:102A40001AB1019000F09CFC019848F820507A6877
:102A500009F10109AA607D600C35CEE71C11002048
:102A6000183D00002DE9F04F93B000935E4B0746F0
:102A7000D3F800B00BB2002B0D461646C1F3026925
:102A8000C1F3024A04DA6FF0800013B0BDE8F08FA2
:102A90008B42C36001D10020F7E709EB0A03042B46
:102AA000F1D8CC0F64014FEAC90831464246DBF841
:102AB000040044F0020300F0B0FD01460028E2D11A
:102AC000202202A803F0ADFA4246314602A84FEA9E
:102AD000CA0603F081FA32460099DBF8040044F09C
:102AE000060300F09AFD80460028CCD10146202242
:102AF0000AA803F096FA324600990AA802AE03F03B
:102B00006BFA334608F10108C14514D91A46C44688
:102B10000DE0D2F808E0D16818687144884203D209
:102B2000596808448645AED30CF1010C0832CC45F7
:102B3000EFD10833E6E715F0006F18BF202410220C
:102B4000002107F11C0003F06CFA07F118081022AD
:102B5000002107F12C0003F064FA08EB890944F026
:102B60000203C84512D1202C27D1002D02DBC5F36A
:102B7000C0456C0107F128050AAE05EB8A0A44F04E
:102B8000060455451BD1009BFB6784E77268DBF8A0
:102B9000040056F8081B019300F03FFD00287FF465
:102BA00072AF56F8042C019B48F8042F56F8082CF5
:102BB000C8F83000C8F82020D3E70024DAE77268AC
:102BC000234656F8081BDBF8040000F026FD002819
:102BD0007FF459AF56F8043C45F8043F56F8083CDA
:102BE00028642B63CDE700BFCC1900202DE9F0410C
:102BF0001F461A4B0D461646D3F8008000F0D4FB52
:102C0000044608B900F0BCFBE368002B01DA00F0D1
:102C1000B7FB032D01D900F0B3FB04EB8504E56994
:102C2000E36CED1A16D006233A463146D8F8040074
:102C300000F0F3FC08B100F0A3FBBD4228BF3D4605
:102C4000E36CE16B2A461944304603F0C5F9E36CA6
:102C50002B44E3642846BDE8F08100BFCC19002076
:102C60002DE9F0411D461A4B0F461646D3F8008059
:102C700000F09AFB044608B900F082FBE368002BE1
:102C800001DA00F07DFB032F01D900F079FB04EBA2
:102C90008704E36AE26E9B1AAB4201D200F070FB3C
:102CA00002232A463146D8F8040000F0B6FC08B1E9
:102CB00000F066FBE36EE06D2A463146184403F0EF
:102CC0008BF9E36E00202B44E366BDE8F08100BF82
:102CD000CC1900202DE9F04105464FF001080E4EB9
:102CE0000E4B37685C681CB928463760BDE8F08138
:102CF0002268936813F400700CD16369012B09D02A
:102D0000D368346023B19847002801DA00F038FB1B
:102D1000C4F81480E469E6E7CC190020D01900203B
:102D200070B50446D0B18368C3B11A68B2B15D68AA
:102D3000A5B10C4BA86168691D6020B92B68DB68E0
:102D40004BB901236B61A36804F10C001B68BDE85B
:102D500070401B69184798470028F2DA6FF080002E
:102D600070BD00BFCC1900204268024B08461A60B3
:102D7000704700BFCC1900200022036810B5C0E9DD
:102D800005229A68044612F4406F07D0120503D555
:102D9000D3E90A0100F034F8014B1C6010BD00BFFC
:102DA000CC19002038B5124B1B681C68A36813F4BB
:102DB000406F01D100F0E4FA00F0A0F9226B236922
:102DC0000C49134423F00703A3F1080543E902115A
:102DD00085F30988073222F0070282F30B88BFF3DC
:102DE0006F8F054BE268054900F0F6FC002038BD06
:102DF000CC190020A5EDF5FEF80B0020D52C000025
:102E0000014BC3E900017047D8190020034BD3E9F7
:102E100000308342C8BF0020704700BFD81900208F
:102E200008B500F05FF9034B986000F061F980F39A
:102E3000888808BD00ED02E0EFF308807146EFF3EB
:102E40000982EFF30B830CB406B400F055FA864602
:102E5000009900F0080001F00801401A02DC14DBC0
:102E600004B070472DED108A1EF020031CBF2DE921
:102E7000F00FBDF1080D0B4C254626462746A0460F
:102E8000A146A246A34630B4704704B030BC1EF041
:102E900020031CBF1DF1080DBDE8F00FBDEC108A2A
:102EA00004B07047A5EDF5FE084BDA6882F07F426A
:102EB00082F47F0242F48042DA6000221A765A7667
:102EC000DA76DA77602283F82220704700ED00E09E
:102ED000114BD3F8882042F47002C3F88820BFF366
:102EE0004F8FBFF36F8FD3F88C2042F44062C3F84A
:102EF0008C20D3F8342242F08042C3F83422D3F835
:102F0000342242F03C42C3F834224FF0E022D3682E
:102F100043F42003D360704700ED00E0009A164BA5
:102F20009A4227D101229043014641EC100B41EC1B
:102F3000110B41EC120B41EC130B41EC140B41EC67
:102F4000150B41EC160B41EC170BEFF3148222F03A
:102F5000040282F31488BFF36F8F024603460446CF
:102F60000546064607468046814682468346844695
:102F700086460447FEE70000A5EDF5FE2DE9F04189
:102F8000044618B943F6DA30BDE8F0810029F9D0DB
:102F90008368002513F4406F14BF01230023134FEF
:102FA00043F00203DFF848800B6000F13806236A23
:102FB000AB4201D80020E7E71421A369E26906EBE0
:102FC000830301FB02330C226A43991889680907BD
:102FD00009D59B58BB4201D04345D3D1186810B1E5
:102FE0000121FEF7FDFC0135E1E700BF34110020AF
:102FF0002C11002070B5324C86B03248FFF769FAC8
:10300000236801255A1C01932F4B2260DA681B6943
:103010004FF44076039300232A4801A902920495B5
:10302000ADF814608DF81630FFF714FA18B143F6B6
:10303000DA3006B070BD23688DF816005A1C019373
:10304000224B20480293224B01A9CDE9033522608F
:10305000ADF81460FFF7FEF90028E8D123688DF879
:1030600016005A1C01931B4B164802931A4B01A9D8
:10307000CDE903352260ADF81460FFF7EBF90028C5
:10308000D5D123688DF816005A1C0193134B0D48B7
:103090000293134B01A903930223049340F20113FB
:1030A0002260ADF81430FFF7D5F904460028BED1F0
:1030B0002A4629460348FEF7ADFC2046B9E700BF83
:1030C000E019002028110020243D0000003E0000EF
:1030D000A06300006006000060060000000C0020F5
:1030E000200C0020014B1868704700BF243D0000F1
:1030F000014B1B6818687047243D0000014B1B689A
:1031000058687047243D000008B5FEF79DFCFEF7A7
:10311000EFFB0A4B5A68103AD3B2120609D40121C8
:103120005A0903F01F03994002F16003044A42F870
:103130002310BDE8084000F023B900BF00ED00E017
:1031400000E100E00020034BD8765A6A42F4702276
:103150005A62704700ED00E00349044BCA68002042
:1031600092B21343CB60704700ED00E00800FA050F
:10317000064BD3F8D02022F00102C3F8D020D3F8B8
:10318000D02042F00202C3F8D020704700ED00E0EA
:1031900037B50124FEF7BEFB164D2246052347F640
:1031A000FF7100200094FEF7CDFB224607234FF06D
:1031B000005011490094FEF7DBFBD5E9010107231C
:1031C00000220094FEF7BEFB072300220B490C48A7
:1031D0000094FEF7CDFB2969E8680139FEF7E2FBB0
:1031E000D5E90501062300220094FEF7ABFB002081
:1031F00003B030BD243D0000FF7F0020FFFF03200F
:103200000080002038B50024124D002155F8040B31
:103210000134FEF7F3FB1D2CF7D1002001220E4BE9
:10322000C3F88004C3F88424C3F8C004C3F8C424DA
:103230004FF47F03D3F83021BFF34F8FD3F83431ED
:10324000BFF34F8FBFF34F8F40F20112034BC3F810
:10325000402538BD403D0000003000500090035034
:1032600000224FF0FF300D4B02F1A0010132102A75
:1032700043F82100F8D1D3F88022002022F0080280
:10328000C3F88022D3F88022D3F8802222F48072FF
:10329000C3F88022D3F88032704700BF00E100E01D
:1032A00008B5FEF709FB0822024BC3F880211A601B
:1032B000002008BD00E100E00122014B1A607047C8
:1032C000E419002010B50446094B2289186861688A
:1032D0000623406800F0A1F928B9064B1B68012BB2
:1032E00001D1FFF74FFA6FF08603236010BD00BFD6
:1032F000CC190020E419002001F00C0370B50C2B50
:103300000CBF154605464A060C461ED58B0658BF0F
:103310002835AB6913F8026C84F00803C3F3C003CB
:10332000C6F38012934201D000F02AF816F0A00FE5
:103330001CD176B1032E15D032461C210D48FFF763
:1033400053F96FF083032B600AE000F019F8202690
:10335000E2E7FFF769FA04460146074800F036FA4B
:10336000204670BD2846FFF7ADFFF9E732461F2122
:103370000248E4E7B43D0000F80B0020D03D000017
:10338000FFF7BAB803689A68DB6812F4806F05D15A
:103390008B422CBF00206FF0FA0070478B420CBFAD
:1033A00000206FF0FA00704710B500F0D8F804461E
:1033B00000F0E6F850B9FFF7E5F9A3685B681B6811
:1033C0005B68834218BF0024204610BD0024FBE741
:1033D00038B5054648B1FFF719FDB5EBD07F044677
:1033E00001D0FFF7CDFF204638BDFFF7CBF9F4E75A
:1033F00070478230012808B506D8FFF7CDF918B913
:10340000BDE80840FFF7BCBF08BDF8B505460E464D
:10341000FFF7CAFF044608B9FFF7B2FFA7680FB964
:10342000FFF7AEFFE368991C4BD05A1C26D1002E43
:1034300044D016F1820F19D1022301252360EFF346
:10344000108772B631462046FFF78EFC064687F39A
:1034500010882368022B1CBF0023236025B10023A2
:103460002046236000F08EF83046F8BD16F1830F39
:10347000E2D0FFF785FF00250026E0E7002BF8DB10
:10348000002304F1280252F8041F19B1E16F106CF7
:10349000194448600833202BF5D13B689D6815F42A
:1034A000007502D002230125236016F1810FC6D1D9
:1034B0006369002BC3DBFFF763FFC0E72E460025DF
:1034C000F3E70125D8E708B5FFF716F86FF083009A
:1034D00008BD2DE9F3410E46174698460546FFF70D
:1034E0005BF9FFF775FF2946024601A8FFF764F96B
:1034F000044660B943463A4631460198FFF7B2FAAE
:10350000044640B16B0002D5019800F03BF820461C
:1035100002B0BDE8F0810198FFF702FC0122019B97
:1035200004461A60F3E740F20110704770B5054693
:10353000FFF732F906462846FFF7D4F8044608B9E3
:10354000002070BD014632462846FFF7E1F800280A
:10355000F6D12368D868F4E74FF480507047B0F58F
:10356000805F03D1EFF30B808038704700207047F5
:103570007047EFF30B8000F1800383F30B887047F3
:1035800000207047EFF30B83803B83F30B88704779
:1035900080EA0000E1EE100A00EE100A00EE900A48
:1035A00001EE100A01EE900A02EE100A02EE900AF5
:1035B00003EE100A03EE900A04EE100A04EE900ADD
:1035C00005EE100A05EE900A06EE100A06EE900AC5
:1035D00007EE100A07EE900A08EE100A08EE900AAD
:1035E00009EE100A09EE900A0AEE100A0AEE900A95
:1035F0000BEE100A0BEE900A0CEE100A0CEE900A7D
:103600000DEE100A0DEE900A0EEE100A0EEE900A64
:103610000FEE100A0FEE900A70472DE9F0410F46A9
:103620001546002A5BD0002900F08D8003F00602C9
:10363000062A57D09A0740F1868008249B0648BF87
:1036400044F01204860758BF44F00404C00709D5AB
:10365000EFF39483D9074CBF44F0040424F004042E
:1036600044F0120422462946384602F09DFBB0BBC6
:1036700047E800F205EB0708110E120208F1FF36C9
:1036800046E800F34FEA13605AD51B0258D588422A
:1036900056D047E800F546E800F6FEF7C8FE2D0EC6
:1036A00085424FEA166628D3FEF7C3FE864224D829
:1036B0002846FEF7B7FE2246C7F10101014438460D
:1036C00002F072FBE0B30135AE420DD83046FEF792
:1036D000A7FE2246A8EB000102F066FB80B30020A3
:1036E000BDE8F0810124A9E72846FEF799FE0746C8
:1036F000FEF7A1FE22460146E1E7FEF7A4FE854261
:103700001ED3FEF7A2FE86421AD82846FEF762F9BB
:103710002246C7F101010144384602F045FB78B169
:103720000135AE4203D83046FEF788FED1E7284681
:10373000FEF784FE0746FEF78AFE22460146EBE7C7
:103740006FF07F00CCE74CF2DA20C9E710B50446F1
:10375000FFF70EFDFFF71CFD10B143F6DA3010BD88
:10376000FFF750FD0028F8D1FFF744FC0028F4D102
:1037700002232360F3E708B5FFF7E4FC10B143F63A
:10378000DA3008BDFFF7E8FC0028F8D100F01CF89B
:103790000028F4D162B6FDF739FBFFF761FD002880
:1037A000EDD1FFF77DFD0028EBD0E8E7EFF30880CF
:1037B000EFF309812DE9F00F6B467246FDF746F9EC
:1037C00008B0FFF7A1FCFEE70020704704460D4655
:1037D000FFF7DEFEA546284783F3088896460222B7
:1037E000EFF31483134383F31488BFF36F8F0847F9
:1037F000000001464154414C204552524F523A205C
:1038000000486172644661756C740D0A004D656D07
:103810004D616E616765206661756C740D0A0042CA
:1038200075734661756C740D0A0055736167654662
:1038300061756C740D0A0053656375726546617538
:103840006C740D0A00526573657276656420457864
:1038500063657074696F6E2000506C6174666F727E
:103860006D2065787465726E616C20696E74657226
:103870007275707420284952516E293A20004865AB
:10388000726520697320736F6D6520636F6E746558
:10389000787420666F72207468652065786365703F
:1038A00074696F6E3A0D0A00202020204558435F4E
:1038B00052455455524E20284C52293A200020207F
:1038C0002020457863657074696F6E2063616D6553
:1038D0002066726F6D0020736563757265204657B0
:1038E00020696E00206E6F6E2D73656375726520A2
:1038F000465720696E0020746872656164206D6FA0
:1039000064652E0D0A002068616E646C6572206D1E
:103910006F64652E0D0A0020202020785053523A03
:103920002020202000202020204D53503A2020200D
:10393000202000202020205053503A2020202020FA
:1039400000202020204D53505F4E533A202000206D
:103950002020205053505F4E533A2020002020203A
:1039600020457863657074696F6E206672616D655D
:103970002061743A200020202020202020284E6F33
:103980007465207468617420746865206578636567
:103990007074696F6E206672616D65206D6179204B
:1039A000626520636F7272757074656420666F72F1
:1039B00020746869732074797065206F6620657261
:1039C000726F722E290D0A00202020202020202036
:1039D00052303A2020200020202020202020205279
:1039E000313A202020002020202020202020523288
:1039F0003A20202000202020202020202052333A6E
:103A00002020200020202020202020205231323A67
:103A100020200020202020202020204C523A20204E
:103A20002000202020202020202050433A20202049
:103A3000002020202020202020785053523A2000BF
:103A40002020202043616C6C65652073617665647D
:103A50002072656769737465722073746174653A66
:103A60000D0A00202020202020202052343A20203F
:103A70002000202020202020202052353A20202005
:103A800000202020202020202052363A2020200014
:103A9000202020202020202052373A2020200020E3
:103AA0002020202020202052383A202020002020D2
:103AB00020202020202052393A20202000202020C1
:103AC00020202020205231303A20200020202020A9
:103AD000202020205231313A202000202020204375
:103AE0004653523A20200020202020424653523A8A
:103AF00020200020202020424641523A2000202051
:103B00002020424641523A20204E6F742056616C6C
:103B100069640D0A00202020204D4D4653523A2062
:103B200000202020204D4D4641523A2000202020E8
:103B3000204D4D4641523A204E6F742056616C69BB
:103B4000640D0A0020202020554653523A202000C0
:103B500020202020484653523A20200020202020B8
:103B6000534653523A2020002020202053464152F1
:103B70003A200020202020534641523A204E6F74B4
:103B80002056616C69640D0A00000000690E000097
:103B90008F1D00008D11000045110000A71D0000C1
:103BA000B31D000059100000931D0000890E000095
:103BB000950E0000A10E0000991D00009D1D000043
:103BC000A31D0000190000001800000104020202F9
:103BD0000338FDD87047506C6174666F726D204574
:103BE0007863657074696F6E3A0D0A002020535037
:103BF000552E52414D4143434552520D0A0020205B
:103C00005350552E50455249504841434345525216
:103C10000D0A002054617267657420616464723A11
:103C2000200020205350552E464C415348414343D9
:103C30004552520D0A00416C6C2070696E73206809
:103C4000617665206265656E20636F6E6669677573
:103C5000726564206173206E6F6E2D73656375727B
:103C6000650D0A0030313233343536373839414248
:103C7000434445461B5B313B33346D426F6F74697F
:103C80006E672054462D4D2076322E322E322A2A4F
:103C90001B5B306D0D0A001B5B313B33346D5B5396
:103CA0006563205468726561645D20536563757255
:103CB0006520696D61676520696E697469616C6909
:103CC0007A696E67211B5B306D0D0A0054462D4DDD
:103CD0002069736F6C6174696F6E206C6576656CBA
:103CE0002069733A200054462D4D20466C6F617454
:103CF000204142493A20486172640D0A004C617AC1
:103D00007920737461636B696E6720656E61626CA4
:103D100065640D0A000000002C120020141200201F
:103D2000180200000080000000800000FF7F0F00EC
:103D3000007C00000080000000800F00FF9F0F004B
:103D400000400050005000500090005000A0005073
:103D500000B0005000E0005000F0005000000150A2
:103D600000100150004001500050015000700150FF
:103D70000080015000B0015000C0015000D001503F
:103D800000E0015000F0015000000250001002500D
:103D900000200250003002500040025000600250EB
:103DA0000080025000A00250009003500025845073
:103DB00000A00350556E6B6E6F776E2053504D20F0
:103DC000535643207265717565737465643A2000BB
:103DD000556E6B6E6F776E20535643206E756D6215
:0F3DE0006572207265717565737465643A2000B1
:103E0000009A074B9A4208D110B502F02DF902F042
:103E10002FF806BC96460C46744702F069F900007C
:103E2000A5EDF5FE009A074B9A4208D110B502F0B5
:103E300027F902F01DF806BC96460C46744702F0BE
:103E400057F90000A5EDF5FE0CB4029A084B9A4212
:103E50000CD14FF0004319430CBC10B500F04CF8E6
:103E600002F006F806BC96460C46744702F040F98C
:103E7000A5EDF5FE009A044B9A4202D10349086869
:103E8000744702F035F90000A5EDF5FE046200006C
:103E9000009A034B9A4200D1744702F029F90000BE
:103EA000A5EDF5FE38B5104C104DAC420BD3104CBF
:103EB000104DAC420FD301F04FFFBDE83840002158
:103EC0000846FEF7BDBBA268D4E90010920002F0DC
:103ED00083F80C34E9E76268002154F8080B92007B
:103EE00002F09FF8E5E700BF6006000084060000CE
:103EF000840600009C0600002DE9F84304460D46A8
:103F000016461F46EFF30583C3F308030BB1FFF713
:103F100037FADFF834903B46204632462946D9F836
:103F20000080FFF7D6FAD9F800300446984506D04D
:103F30009B6901461869BDE8F843FFF766BAFFF7C9
:103F400058FA2046BDE8F883CC190020014B1B68C5
:103F5000184700BF40110020014B18600020704737
:103F60003C110020074B0A465978022906D11978DE
:103F7000072903D10146181D02F0F4B86FF088003C
:103F8000704700BFE819002010B5124C237859077C
:103F900044BF23F00403237023789A0705D500F06B
:103FA00063F8237823F002032370637813B10A487F
:103FB00002F0E9F8002304210748637000F06EF86E
:103FC0002378DB0705D502F0CAF8237823F0010334
:103FD000237010BDE8190020EC19002038B51C4DE5
:103FE0006A782B78022A01D1072B12D0D80713D573
:103FF0002B78990707D400F02FF82B78044643F06C
:1040000002032B7088B96A782B788AB12B785A070B
:1040100019D50024204638BD02F09FF82B780446BD
:1040200043F001032B700028E2D0FFF7ADFFF1E76A
:10403000DB07EBD5074802F093F8022304466B70C8
:104040000028F2D1E2E743F004032B70E1E700BF60
:10405000E8190020EC1900200122024B002083F80F
:1040600080257047F01900202DE9F0410A4C002509
:1040700026464FF0010803272046C4F82080277702
:10408000013502F04DF8202D04F12C04F4D1002369
:1040900086F88035BDE8F081F019002010B50A4699
:1040A000044619B1024B00211B68984710BD00BFA0
:1040B0004411002010B50C4C236813B10B4B1B6846
:1040C0002BB900F089FC30B90122084B1A6001239A
:1040D0002360002010BD0138062801D9044810BD16
:1040E000044B53F8200010BD8C1F0020881F0020B7
:1040F000FE8FFFFF08620000144B2DE9F0430028FB
:1041000014BF04461C46124F236883B0BB4219D02B
:1041100016460D4620464FF4147104F1040900F0D0
:1041200047F804F58E78484600F0CEF8404600F097
:1041300019FA2B464A4640460649009600F034FBE1
:1041400008B92760002003B0BDE8F083901F00206D
:10415000A5BCC95A4D43000070B50D4C1D46002842
:1041600014BF064626460B4B306882B098420DD1EC
:1041700006F58E70002633460096144600F03EFB8E
:10418000002818BF34462C6002B070BD0248FBE71F
:10419000901F0020A5BCC95AE88FFFFF38B131B18C
:1041A000002201440346013081421A70FAD170475F
:1041B00038B131B1002201440346013088421A70FF
:1041C000FAD170472DE9F043202B1D46064688465C
:1041D00091468BB026D8DBB202AF8DF80480B04692
:1041E00058F8041B8DF8053021B9404601F038F924
:1041F000044640B9012302224046336001A901F080
:1042000043F9044638B138462021FFF7D1FF204654
:104210000BB0BDE8F0832A464946404601F034F928
:104220000446F0E702AF1946104600233A4601F073
:10423000B1FA04460028E6D12023B9461D46CCE752
:104240002DE9F041D0F8F830A6B0002BD8BF02AE6F
:1042500031DD05460027D0F80C4102AEA4F101087B
:104260009022D5F8FC403146D0F8000101AB01970F
:10427000B8FA88F8A0474FEA5818044620B9019BBD
:1042800053B9B8F1000F16D030469021FFF790FFD8
:10429000204626B0BDE8F081014632462846FFF7A9
:1042A00091FF58B9D5F80431019A1344C5F8043187
:1042B000B8F1000FE8D16FF03C04E5E70446204672
:1042C00026B0BDE8F08100BF70B500250446142279
:1042D00004F588762946C0F8F850FC3001F0A1FEBC
:1042E00008222946304601F09CFE144B30461B68DC
:1042F0009847204640F8045B01F098F8104B304690
:104300001B689847C8B9D4F8F830AB420FDC03EB10
:10431000830204EB82022021C2F800010120C2E9DD
:10432000421008490133C2F8FC10C4F8F830064BBB
:104330003046BDE870401B68184770BD641100200E
:1043400060110020315300005C1100202DE9F0477E
:10435000202A88B07AD83F4B00F5887904461B683C
:1043600048461746884698470546F8B940F2011670
:10437000D4F8F830002B65D02046FFF761FF0546E2
:1043800038B9D4F8F830002B14DC013EF2D16FF0CC
:104390003B056E4620213046FFF70AFF2E4B48466C
:1043A0001B689847002818BF6FF01D05284608B005
:1043B000BDE8F087D4E94132934203D3D4F80C210D
:1043C000012A02D0013ED7D1E1E71F2BFAD96E4670
:1043D00001462022304604F1040A01F022FE314653
:1043E000504601F07BF805460028D3D1504601F035
:1043F00031F8504601F01AF82946504601F030F8DD
:1044000005460028C6D150462022314601F03CF82E
:1044100005460028BED1034632462021304601F031
:10442000B9F905460028B5D1D4F8F8303A46002B42
:10443000C8BF002340463146C8BFC4F8043101F06C
:10444000CBFDA7E76FF03F056E46A3E76FF03B0596
:10445000ACE700BF601100205C11002070B590B087
:1044600000287AD03E4C0D46402236210646204692
:1044700001F0D7FD40225C21A01801F0D2FD2B1DD8
:10448000A34203D904F144039D4252D32B6822680E
:10449000534023602B68226C534023646B6862682E
:1044A000534063606B68626C53406364AB68A2689E
:1044B0005340A360AB68A26C5340A364EB68E2680E
:1044C0005340E360EB68E26C5340E3642B6922697C
:1044D00053402361226D2B695340236562696B69E8
:1044E000534063616B69626D53406365AB69A26958
:1044F0005340A361AB69A26D5340A365EB69E269C8
:104500005340E361EB69E26D5340E36500213046BF
:1045100000F0A6FF044628B940223046104900F0BA
:10452000B3FF044640216846FFF742FE204610B024
:1045300070BD631E04F13F01013D1F3415F8010FEA
:1045400013F8012F42401A7011F8012F2878A34266
:1045500082EA00020A70F1D1D8E76FF07304E5E750
:10456000E021002010B54FF49A720021044601F0BA
:1045700058FD42F21072044BC4F8202104F59670E5
:104580001B68BDE810401847641100202DE9F04F6A
:1045900004468846914695B0002900F0A780002A7D
:1045A0000CBF0126022600238DF80C30002C00F0F1
:1045B0009F80DFF844A104AF0AF1400B00212046A0
:1045C00000F04EFF034648B1384620210193FFF723
:1045D000EFFD019B184615B0BDE8F08F4022514613
:1045E000204600F051FF03460028EDD104F1F40508
:1045F00020222946204600F047FF03460028E3D149
:104600000122204603A900F03FFF03460028DBD12A
:10461000022E62D020460CA900F060FF034600285D
:10462000D2D10146204600F01BFF03460028CBD123
:1046300040225946204600F027FF03460028C3D1F8
:10464000202220460CA900F01FFF03460028BBD102
:104650003946204600F042FF03460028B4D13946CF
:104660002046FFF7FBFE03460028ADD12022294655
:10467000204600F009FF03460028A5D120460CA9DA
:1046800000F02CFF034600289ED10146204600F092
:10469000E7FE0346002897D140225946204600F005
:1046A000F3FE034600288FD1202220460CA900F0FB
:1046B000EBFE0346002887D12946204600F00EFF76
:1046C0000346002880D19DF80C200132D2B2B242BC
:1046D0008DF80C20FFF472AF76E74A46414620463B
:1046E00000F0D2FE0346002894D06DE701265AE779
:1046F0006FF0730304AF67E7E02100202DE9F0417C
:104700000446884615461F46D0F81801E0B013B19C
:1047100000EB40004008B5F5807F3ED82844B0F556
:10472000C07F3AD84FF4C0720021684601F079FC8E
:104730006946D4F82431D4F81821D4F828019847D0
:1047400070BBD4F8186157B1D4E9493072080DEB49
:104750000601984720BBD4F8183106EB5306B8F190
:10476000000F00D08DB9324669462046FFF70EFF94
:10477000054610B90123C4F8143131466846FFF7E5
:1047800017FD284660B0BDE8F0810DEB06004146FC
:104790002A462E4401F020FCE5E76FF00405F0E71F
:1047A0006FF00805EDE700BF2DE9F047044604F17E
:1047B000F4050F4691461E46DDF8208000F036FED7
:1047C00029462046FFF74AFE08B1BDE8F087284693
:1047D0002022012101F025FCD4F81831C4F82471FD
:1047E000C4F8289113B92023C4F818314246314641
:1047F0002046BDE8F0470123FFF780BFB2F5806F88
:1048000000F295802DE9F04F89B09A46129BB3F5DE
:10481000807F00F29080D0F82431164604460F467F
:104820004BB3D0F81C31012B05D0D0F81421D0F8AF
:1048300020319A421FDD514600232046129AFFF78D
:104840005DFF014698B900231293002E5ED0DFF879
:10485000EC9009F1400B0021204600F001FE202ED3
:104860003546014628BF202504F1F40890B10846DA
:1048700009B0BDE8F08FBAF1000FE6D0129B002B13
:10488000E1D051461A462046FFF780FE0146002837
:10489000DBD0ECE749464022204600F0F5FD01461A
:1048A0000028E4D141462022204600F0EDFD0146DB
:1048B0000028DCD16946204600F010FE01460028A1
:1048C000D5D1204600F0CCFD01460028CFD1594675
:1048D0004022204600F0D8FD01460028C7D1694695
:1048E0002022204600F0D0FD01460028BFD14146DD
:1048F000204600F0F3FD01460028B8D138462A468C
:10490000414601F069FB761B2F44A4D15146204655
:10491000129AFFF73BFE01460028A8D10846D4F8BA
:1049200014310133C4F8143109B0BDE8F08F6FF0D1
:104930000201084670476FF0040198E7E02100206B
:10494000002130B58DB0282202A8019101F069FB49
:1049500002A800F047FF044610B120460DB030BD5C
:10496000174D4FF0FF31286800F042F9044620B19E
:10497000144800F0D3F9012C18D0002000F068F999
:10498000D0B9114A02A901A800F0C4FC04460120D4
:1049900000F05EF960B9286800F032F90028DCD038
:1049A0000A4800F0BBF920460DB030BD0524F2E7FF
:1049B000074800F0B3F9EEE7064800F0AFF9E0E78A
:1049C0004811002024620000602200207C62000068
:1049D0005C6200003C62000030B583B000F05CF81F
:1049E00028B100F0ABF80324204603B030BD00F03E
:1049F00077F8D8B900F02CF9E0B9224CD4F828396E
:104A00001B0EF02B0AD1D4F8242A1F4B9A4231D026
:104A100000F044F8072400F091F8E5E7062400F0E0
:104A20003DF800F08BF8204603B030BD042420464A
:104A300003B030BD00F032F800F080F8FFF780FFDF
:104A4000044698B9114D2B68002BCDD10246014682
:104A5000FFF752FB50B968220D4901ABFFF77CFB11
:104A600020B920460B4B2B6003B030BD05242046F7
:104A700003B030BD012000F0EBF80028DAD1C4F813
:104A80000C0ADBE7001084500000E02080240020A6
:104A9000842400205AEA5A5A0020704700207047A8
:104AA000430504D54FF0FF32034BC3F80821024BF6
:104AB000C3F8080A704700BF00108450014BC3F8C8
:104AC000040A70470010845008B100F06BB84FF42E
:104AD0007500704708B100F04FB84FF4750070478B
:104AE00010B5114800F070F800B110BD0F4800F08B
:104AF0006BF80028F9D10E4C204600F065F800282C
:104B0000F3D10C4B0C481C6000F05EF80146002805
:104B1000EBD100F02DF8044608B1204610BD00F09E
:104B200079F82046FAE700BF581100205411002000
:104B300050110020481100204C11002008B50848F1
:104B400000F04CF8074800F049F8074800F046F834
:104B5000064800F043F8BDE8084000F00BB800BF7D
:104B60005811002054110020501100204C11002039
:104B700000207047704700BF024610B4084CD4F8BC
:104B8000003A1342FBD021B1D4F804310B60C4F8D1
:104B90000831034B0020C3F8082A5DF8044B704726
:104BA00000108450044AD2F8003A1842FBD0C2F8F0
:104BB000080A0020704700BF0010845001F0D6B9E9
:104BC0000A46002101F02DBA08B5034B02681B68A4
:104BD00010689847002008BD8411002008B5034BD9
:104BE00002685B6810689847002008BD84110020A7
:104BF000024B02689B681068184700BF84110020B0
:104C000008B5034B0268DB6810689847002008BDB0
:104C10008411002070B5094C094D2069AB68984794
:104C200018B1084B08485B6898470021074AEB68B1
:104C300011602069BDE87040184700BF7011002066
:104C4000841100206811002094620000EC240020F0
:104C5000F8B51A4D1A4E0446B26828699047E8B96B
:104C6000184F3B684CB1A3B1012B19D0013B3B60FD
:104C70002869F36898470020F8BD43B90121124A1A
:104C8000C2F800151149D1F81029002AFBD10133CF
:104C90003B60F368286998470020F8BD0C48F8BDD0
:104CA0000A4AD2F81039002BFBD1074A6FF07E4038
:104CB000C2F80035FFF702FF3B68D7E7701100200C
:104CC00084110020EC240020000084500010845047
:104CD000E98FFFFF014B1B68184700BF84110020BC
:104CE000014B9B68184700BF84110020014BDB6813
:104CF000184700BF84110020BFF34F8F0549064BB2
:104D0000CA6802F4E0621343CB60BFF34F8F00BF69
:104D1000FDE700BF00ED00E00400FA0530B44FF0FD
:104D2000FE320025074B084C08494968C3F80024A7
:104D3000C3F80424C3F80824C3F80C24C4F80055AD
:104D400030BC0847001084500000845068110020D7
:104D500010B5044650B1636813F0685F05D0064A89
:104D6000934202D000236260236010BD034B0448CD
:104D70005B689847EFE700BF2C5F5CA968110020D3
:104D8000B4620000C8B143680D4A934213D013F0D7
:104D9000685F0ED0012350E8002F194640E8001C40
:104DA0009CF0000FF7D1012AF5D0BFF35F8F0020F0
:104DB000704704487047044870476FF4E0407047FC
:104DC0002C5F5CA9E98FFFFFEA8FFFFF034680B1EC
:104DD000426809498A420AD012F0685F05D0BFF3E1
:104DE0005F8F002210461A607047044870470448DD
:104DF00070476FF4E04070472C5F5CA9E98FFFFFBC
:104E0000EA8FFFFF10B5044620B10023034A236058
:104E1000626010BD0248FFF781FFF6E73A00003AF2
:104E2000DC6200002DE9F047002878D00C4600290C
:104E300075D01D46002B72D007461AB101220023FF
:104E40002A6003602B68002B64D02946204600F0BE
:104E5000B7FD804600285FD12146286800F096FD06
:104E60008046002858D12B68082B6CD0042B6DD0BD
:104E7000A3F10209B9FA89F94FEA59190121354E0E
:104E8000C6F8C411C6F84011C6F8C411636AC6F862
:104E90003031D6F830219342F6D14FF0000A4FF06E
:104EA000FF30C6F82CA1FFF7FBFD6FF01B03504647
:104EB000C6F80031FFF702FEC6F80C91D6F8040AD6
:104EC00040F48060FFF7FAFD0A23C6F83831089BEA
:104ED000012B29D02369204AA2FB03231B09626A04
:104EE000404602FB03F303EB43031A4ADB039B092F
:104EF000C2F8D8310123C2F82C313B682A6823F06C
:104F00007F4343EA02633B602A6843EA02233B6033
:104F1000BDE8F087DFF844804046BDE8F087DFF861
:104F200040804046BDE8F0874FF47F03D3F80C2C57
:104F3000013206D0D3F80C3C074AA2FB03231B091D
:104F4000CDE71623CBE74FF0030997E74FF00209AF
:104F500094E700BF00108450ABAAAAAA310CF1005C
:104F6000350CF10058B34B1EB3F5047F27D230B592
:104F70004FF0000ECD00744671464B0901F01F0C36
:104F800050F82330BCF11F0F23FA0CF306D003F0C6
:104F9000010319B901211C468E46EEE79C4201F13E
:104FA000010106D01C464FF0010EA942E5D10020B8
:104FB00030BD0EF1010E9645F7D1024830BD0148D3
:104FC000704700BF360CF100C0B32DE9F0434C1E12
:104FD000B4F5047F1DD2E3B1DAB100252E46A84610
:104FE0002C46CF0003F1FF394FEA541C04F01F0E8A
:104FF00050F82C10BEF11F0F21FA0EFC0CD00CF053
:10500000010C4CB90126E04634463546ECE79642A1
:1050100016D90C48BDE8F083AB420BD0C44508BF9D
:105020000136A945F3D001350134BC42DCD1002062
:10503000BDE8F0830125E0462E46F5E701487047BC
:105040001D46F1E7370CF1002DE9F04F91B0834692
:10505000DDE91B460D46002E6ED10F691C60002352
:105060001A990B60002A00F02F819D4B6A6AD3F8D1
:105070003811D3F830319A4269D10A2967D19BF8A7
:105080000330089304F10803079304230593954B19
:10509000934CA3FB07239B0803EB4303A7EB4303BA
:1050A000039306971A9B069E1E60002E00F0EA806E
:1050B00000F096FC00230993BBF1000F00F0D580AF
:1050C00098464FF0010ADDF81C90002D00F0CD80CD
:1050D000089B002B3DD0284608A900F071FC002851
:1050E00039D0814B984220D0089B082B00F0E480F7
:1050F00000225B000893294608AB58460092FFF750
:1051000091FE7A4B984200F0D38070B9DBF8002012
:10511000130A03F47F03134323F07F43CBF80030DB
:10512000059B013B0593BDD10020039000F058FC86
:10513000039811B0BDE8F08F4FF47F01D1F80C0C4B
:1051400001300CBF4FF40477D1F80C7C86E7684837
:10515000EBE76648C5E72946089800F017FC0028E9
:10516000BFD1089B082B00F0A980042B00F0A98078
:10517000A3F10203B3FA83F35B090493C4F8C4A157
:10518000C4F840A1C4F8C4A16B6AC4F83031D4F8A3
:1051900030219342F6D100234FF0FF30C4F82C3178
:1051A000FFF77EFC002318466FF01B03C4F80031A4
:1051B000FFF784FC049B4B4FC4F80C31D4F8040A6D
:1051C00040F48060FFF77AFC0A23C4F838312B6979
:1051D00009A8A7FB03236A6A1B0902FB03F303EB7D
:1051E0004303DB039B09C4F8D831C4F82CA1DBF8D6
:1051F0000030089923F07F420B0243EA0163134316
:10520000CBF8003000F0B2FB099B03F01A03034314
:105210007FF46AAFA7FB0637D4F81431B8EB970FC9
:105220000A93D4F818310B93D4F81C310C93D4F8AA
:1052300020310D93D4F824310E93D4F828310F93F4
:1052400001D1039B9BB9484618220AA9183EFFF7D3
:10525000B5FC09F1180908F101089EB100F0C0FB86
:1052600000230993002D7FF433AF224839E74846E5
:105270001A46F61A0AA9994408F10108FFF79EFC9C
:10528000002EEBD1069F079E6A6939463046FFF72C
:1052900069FEAA6940B94FF4806339463046FFF78A
:1052A00093FE00283FF440AF00231A9A136018E7DA
:1052B0002B6A002B3FF439AF0F4836E703230493E2
:1052C0005CE70223049359E70122294658460096D9
:1052D00008ABFFF7A7FD00283FF4D4AE25E700BFD9
:1052E00000108450ABAAAAAA020CF100310CF10004
:1052F000300CF100350CF100320CF10030B4DDE976
:10530000023402940024049DCDE9035430BCFFF71D
:105310009BBE00BF30B51546012487B005AB009396
:105320000022CDE9015404ABFFF78EFE07B030BD7B
:10533000F0B587B0002966D01E46002B63D0144616
:10534000002A60D0314F0D4638684FF0FF31FFF72B
:105350004FFC00284DD10020FFF77AFC002844D1F3
:105360002B4800F03FFAD8B101204FF0FF35FFF78E
:105370006FFC002835D14FF408712648FEF70EFF68
:1053800004212548FEF70AFF21482821FEF706FFE1
:105390003868FFF735FC00282FD1284607B0F0BD4C
:1053A0001C4A0346029205AA019204AA03900092A5
:1053B000174902461848FFF7A1FF03460028D3D13A
:1053C00028461D46059B22469C4228BF1A46049942
:1053D00032600831FFF7F2FB0120FFF739FC0028AB
:1053E000C9D00E48FFF79AFCC5E70D48FFF796FCB9
:1053F000B6E70C48FFF792FCADE70B48FFF78EFCD1
:10540000284607B0F0BD4FF0FF35C6E74811002031
:10541000042500202C250020002500205C620000CF
:105420003C620000246200000063000010B50446E6
:1054300028B12046BDE81040F421FFF7C1BB044865
:10544000FFF76CFC2046BDE81040F421FFF7B8BB25
:105450001863000010B1F421FEF7A0BE704700BF32
:1054600008B521B1012908D06FF0360008BD01212F
:1054700000F058F80028F7D108BD022100F052F8DA
:105480000028F9D0F0E700BF30B505468818B0F520
:10549000801F0B461446A1B001D8802A0CD9B3F561
:1054A000801F17D922461946284600F07DF8044689
:1054B00084B9204621B030BD6846FFF77FFB224605
:1054C0006946284600F070F8802104466846FFF7D8
:1054D00077FBEDE76FF03604EBE700BF70B5E8B19E
:1054E0000E46D9B1044600F031F80546B0B923683C
:1054F000012B0BD0022B01D0284670BD1C22304658
:1055000004F10801FFF75AFB284670BD20223046FF
:1055100004F10801FFF752FB284670BD6FF0360515
:10552000EAE700BF78B138B50D46F0210446FFF731
:1055300047FB402320462560E36500F091FA0038E0
:1055400018BF012038BD0120704700BFF0B5056EBF
:10555000A5B0044604AEE5B9002301270193304607
:105560006760294602AA009300F046FA10B10120B4
:1055700025B0F0BD2A46204602A900F099FA00287D
:10558000F5D1204600F0AAFB0028F0D1206625B016
:10559000F0BD802D2A46304628BF802204F16401E8
:1055A000FFF70CFB256ED7E7002800F0AE802DE951
:1055B000F04F1446A5B0002A3DD00F46002949D02F
:1055C000B2F5803F0546006E20D34FF6FF7805F117
:1055D000640AEB6D1A1AB2FBF3F103FB1122002AE5
:1055E00065D18342B9464FF6FF7672D0B6FBF3FB26
:1055F00003FB0BFBBBF1000F30D1002E45D1A4F50E
:105600007F44FF3CB4F5803F4744E2D2EA6D161A6E
:10561000B6FBF2F302FB1366A64228BF2646002E15
:1056200075D1824200F08D80B4FBF2F602FB06F6E3
:105630002EB9002C79D1002025B0BDE8F08F0023D1
:1056400031463846CDE9003302AA00F0D5F90028EA
:1056500000F09580012025B0BDE8F08F0023594669
:105660004846CDE9003302AA00F0C6F90028F1D17E
:105670005A46284602A900F01BFA0028EAD1A6EBF8
:105680000B06286ED944002EB9D01930494632464F
:1056900005EB8000FFF792FAA4F57F44286EFF3CEB
:1056A0003044B4F5803F4744286692D2AEE7424585
:1056B00028BF4246164639465044FFF77FFA286E07
:1056C000EB6D3044834207EB06092866A8EB06061B
:1056D0008CD1802B28BF802351461A4604A8FFF79F
:1056E0006DFA0023E96D02AACDE9003304A800F0A9
:1056F00083F90028AED12846EA6D02A900F0D8F956
:105700000028A7D1EB6D286670E70120704705F1EE
:105710006403394632461844FFF750FA286EEA6DA2
:105720003044A41B374428667BE72B6E224619338E
:1057300005EB83003946FFF741FA2B6E23442B66B5
:1057400079E7802A28BF802205F1640104A8FFF7C9
:1057500035FA0023E96D04A8CDE9003302AA00F070
:105760004BF900287FF476AF2846EA6D02A900F0D5
:105770009FF900287FF46EAFEA6D286654E7324641
:10578000284602A900F094F900287FF463AF37445B
:10579000A41B4EE7F8B51C460546114816460F46B1
:1057A000FFF744FE21460E48FFF75AFE044620B19B
:1057B0000B48FFF74FFE2046F8BD3A4629460848F9
:1057C000FFF762FE04460028F2D131460448FFF795
:1057D00085FE04460248FFF73DFE2046F8BD00BFA7
:1057E0004C2700201C2370B582B001A90546019307
:1057F00000F032F8044638B9019B1C2B07D0144C3A
:105800001C212846FFF7DCF9204602B070BDD5E91F
:105810000112131E18BF0123003918BF01210126F0
:1058200028689B00EA6843EA4103002818BF43F058
:105830000103EE612AB9C5E90834002BE4D1054C17
:10584000DEE7204643F00803C5E9083402B070BD26
:10585000370CF0000E0CF0000346002866D000293B
:1058600064D00A681C2A61D14FF47F023B49D2F808
:10587000100C88425CD0D2F8101C013158D0D2F8FC
:10588000101C4FF47F021960D2F8140C344988427E
:1058900060D0D2F8141C01315CD0D2F8141C4FF443
:1058A0007F025960D2F8181C11F5947F4FD0D2F8BE
:1058B000181C01314BD0D2F8181C4FF47F029960AC
:1058C000D2F81C0C274988423ED0D2F81C1C01316A
:1058D0003AD0D2F81C1C4FF47F02D960D2F8001CD9
:1058E00070312FD0D2F8001C01312BD0D2F8001C1F
:1058F0004FF47F021961D2F8041CAF3120D0D2F8E6
:10590000041C01311CD0D2F8041C4FF47F025961F1
:10591000D2F8080C144988420DD0D2F8081C013185
:1059200009D0D2F8082C00209A61704701207047F6
:1059300040F6FC01A5E740F2373200209A6170473B
:105940005121E2E79021D3E742F60411C3E740F684
:10595000D861B2E742F2D001A1E700BFFCF8FFFF37
:10596000D020FFFF0429FFFF37F3FFFF014608B5F2
:105970004FF48060FFF7AEF80022034BC3F8C82154
:10598000C3F82C2108BD00BF00108450013807283F
:1059900005D8DFE800F0100E040A040404060748E6
:1059A0007047CB6800204B6270478B6800204B62C9
:1059B00070474B68F6E70B68F4E700BF310CF10065
:1059C0000B6802E0082B0B6006D8026A13424FEA0C
:1059D0004303F7D00020704700487047310CF100B6
:1059E0000022044B4FF48060C3F82C21C3F8C4217B
:1059F000FFF756B800108450F0B5002483B0B0F122
:105A0000005F8DF8074025D38C468444BCF1804F5D
:105A100004461FD817461D4601220DF1070300F06A
:105A200097F90646B0B99DF80730099A3C603B717A
:105A300092B14DB10246089928460DF1070300F0D6
:105A400087F938B99DF807303046099A1560137107
:105A500003B0F0BD4FF47506304603B0F0BD00BF93
:105A6000D8B108B50368012B04D0022B0FD043B185
:105A70000B4808BD20220B490830FFF79FF8002093
:105A800008BD142208490830FFF798F8F7E72022EC
:105A900006490830FFF792F8F1E74FF473007047BA
:105AA0000100F30028630000686300004863000001
:105AB0002DE9F843002900F0F9800446002800F0A1
:105AC000F98003680F469046002B00F0C380013B2D
:105AD000012B00F2D7804FF0FF3178484FF00209D8
:105AE000FFF786F8002840F0BF800020FFF7B0F8ED
:105AF0000646002840F0C280714AD2F81C39002BBB
:105B0000FBD16F4DD5F8203C002BFBD14FF0FF307F
:105B1000FEF7C6FFD5F8040A20F04000FEF7CEFFDE
:105B200001230722C5F81838C5F80029C5F8C4377D
:105B3000A36CC5F8CC37E36CC5F8D037C5F8C0976F
:105B400023685BB1013B012B18D8636AC5F85C364A
:105B5000236AC5F85836E369C5F85436A269584B2C
:105B6000C3F850266269C3F84C262269C3F8482658
:105B7000E268C3F84426A268C3F84026504AD2F827
:105B80001039002BFBD1B8F1000F5FD063684020C3
:105B9000012B08BFC2F884363A68494BC3F8282C59
:105BA000C3F82C8CFEF790FF0646454AD2F8103910
:105BB000002BFBD1424AD2F8203C002BFBD12368BA
:105BC0005BB1013B012B18D8D2F85C366362D2F886
:105BD00058362362D2F85436E361394BD3F8502655
:105BE000A261D3F84C266261D3F848262261D3F82B
:105BF0004426E260D3F84036A36000230121304AF6
:105C0000D2F8CC07A064D2F8D007E064C2F8C41779
:105C1000C2F88436C2F8C837D2F81039002BFBD14D
:105C2000C2F81838002E3BD1254BD3F8040A40F0B7
:105C30004000FEF743FF0120FFF70AF860BB1F4852
:105C4000FEF7DEFF10BB3046BDE8F8830423C2F840
:105C5000C837AAE74FF0FF3118484FF00109FEF7A7
:105C6000C7FF00283FF441AF1648FFF757F8002060
:105C7000FEF7EEFF064600283FF43EAF1248FFF75E
:105C80004DF839E7114E3046BDE8F8831048FFF76C
:105C900045F83046BDE8F8830E48FFF73FF8CEE7F9
:105CA000102104F10800FEF78BFFBDE70A4E3046D5
:105CB000BDE8F8834FF47306C5E700BF5811002014
:105CC00000108450246200003C6200000100F300D8
:105CD0007C6200005C6200000300F300A0B3034696
:105CE00070B4D0E90240D3E9041226BA05BA0CBA5E
:105CF00010BAC3E90440D3E90612986A09BAC3E9A5
:105D0000026512BA996100BAD3E9084125BA0CBA02
:105D1000C3E90725D3E90B12C3E9094009BAD86BD7
:105D200012BAD962D3E90D4125BAC3E90C250CBAE0
:105D300000BAD3E9101209BA12BAC3E90E401964C5
:105D400000205A6470BC70474FF47300704700BF66
:105D500000201870704700BF70B50E4D00260E4C25
:105D6000641BA410A6420BD10C4B0BB1AFF3008007
:105D70000B4D00260B4C641BA410A64205D170BD30
:105D800055F8043B01369847ECE755F8043B0136DB
:105D90009847F2E76006000060060000000000007F
:105DA0006006000060060000431810B501D21F2AEB
:105DB00001D9002010BD013902F014030144102B59
:105DC00080EA01043CD009DC8BB1042BF1D11F2CFB
:105DD00040E840F315D941E840F10EE0142BE8D13A
:105DE0001F2C40E8C0F30CD941E8C0F105E01F2C9E
:105DF00040E800F305D941E800F11C460B468C420F
:105E0000D7D122F01402013A0A2AD2D801A151F8BE
:105E100022F000BF635E00005D5E00004F5E000088
:105E2000B35D0000B35D0000B35D0000B35D000032
:105E3000695E0000635E0000575E00004F5E000078
:105E40001F2C40E880F3DCD941E880F1D5E713F45A
:105E5000001FAFD1ADE713F4801FFAE75B02A9D5AD
:105E6000A7E713F4002FF4E713F4802FF1E700BF46
:105E7000B7EE000AF7EE000AB7EE001AF7EE001AC6
:105E8000B7EE002AF7EE002AB7EE003AF7EE003A36
:105E9000B7EE004AF7EE004AB7EE005AF7EE005AA6
:105EA000B7EE006AF7EE006AB7EE007AF7EE007A16
:105EB000F1EE10CA40F29F01CFF200013CEA010C62
:105EC000E1EE10CA002383F300887047FDF758BA4B
:105ED000EFF30880EFF309812DE9F00F6B4672466E
:105EE000FAF7B4FD08B0FFF7F1FFFEE7FDF748BA97
:105EF000EFF30880EFF309812DE9F00F6B4672464E
:105F0000FAF7A4FD08B0FFF7F1FFFEE7FDF738BA96
:105F1000EFF30880EFF309812DE9F00F6B4672462D
:105F2000FAF794FD08B0FFF7F1FFFEE7FDF728BA96
:105F3000EFF30880EFF309812DE9F00F6B4672460D
:105F4000FAF784FD08B0FFF7F1FFFEE7FDF718BA96
:105F5000EFF30880EFF309812DE9F00F6B467246ED
:105F6000FAF774FD08B0FFF7F1FFFEE7814270B465
:105F70000546144602D370BC00F02EB882182144A6
:105F80003CB141EA020313F003030FD1E0180328E8
:105F900012D86FF00300A3084343002019441A44A9
:105FA0002344984210D1284670BC704711F8013D37
:105FB000013C02F8013DE3E7581850F8046C9818CA
:105FC00040F8046C043BE1E70C1A14F8016C141A55
:105FD00004F8016C0130E4E770B504463AB141EAD7
:105FE000040313F003030CD1D518032D0FD822F0AE
:105FF00003031C441944002302F0030293420CD112
:1060000070BD11F8013B013A04F8013BE6E7CD1AF7
:106010002E68E51A2E60043BE6E75D5CE55401332B
:10602000ECE7F0B5044662B922F00303234402F022
:1060300003021A44934214D1F0BD04F8011B013A43
:10604000F1E7A307F9D115460B0443EA01630B43BB
:1060500043EA01231619032DE6D9771B3B60043D63
:10606000F9E703F8011BE5E708B5EFF30583C3F390
:1060700008030BB1FDF784F9BDE80840FDF753BAFA
:1060800010B50446EFF30583C3F308030BB1FDF726
:1060900077F92046BDE81040FDF748BA2DE9F041F8
:1060A00004460D4616461F46EFF30583C3F3080367
:1060B0000BB1FDF765F93B46324629462046BDE85F
:1060C000F041FCF793BD2DE9F04104460D4616461C
:1060D0001F46EFF30583C3F308030BB1FDF750F937
:1060E0003B46324629462046BDE8F041FCF7B8BDA4
:1060F00008B5EFF30583C3F308030BB1FDF740F9CF
:10610000BDE80840FDF7DFB9704710B50446406AA6
:1061100010B1A16A00F039F80020C4E9090010BDEF
:1061200038B50546FFF7F1FF2B7F0446012B0ED053
:10613000023B012B0ED82B6A012B18BF6FF096047F
:106140002C2200212846FFF76CFF204638BD2B6A21
:10615000002BF2E76FF09604F2E7002070477047DB
:106160000020704713B5002001AB1446FDF7F4FF83
:1061700030B9019BA34218BF6FF0930002B010BD6D
:106180006FF09200FAE70020704710B5044608B19E
:10619000FDF784FF2046BDE81040FDF7D7BE0FB4E1
:1061A000002004B070472DE9E04F2746A046A146E5
:1061B000A246A346A4462DED108B4FF0000545ECFA
:1061C000185B45EC195A45EC1A5A45EC1B5A45EC3C
:1061D0001C5A45EC1D5A45EC1E5A45EC1F5AF1EE6F
:1061E000105A4FF66076C0F6FF763540E1EE105A51
:1061F00084F3008825462646A447BDEC108BBDE8F5
:10620000E08F00007AFFFFFFFF8FFFFFFF8FFFFF90
:10621000FE8FFFFFFE8FFFFFFD8FFFFFFC8FFFFF55
:10622000FC8FFFFF4661696C20746F20616371759C
:10623000697265206D757465780A00004661696C45
:1062400020746F20696E63726561736520504D2004
:10625000636F756E7465720A000000004661696CB8
:1062600020746F20646563726561736520504D20F2
:10627000636F756E7465720A000000004661696C98
:1062800020746F2072656C65617365206D7574652F
:10629000780A0000436F756C64206E6F74206C6F19
:1062A000636B20706F7765722073617665206D7502
:1062B000746578006D757465785F667265652063D6
:1062C000616C6C65642077697468204E554C4C2075
:1062D000706172616D6574657200000043616E27C4
:1062E0007420696E697469616C697A65206D757472
:1062F00065782C20776173204E554C4C0D0A0000B8
:106300004661696C20746F20756E6C6F636B206DD5
:10631000757465780A0000000A6374782069732038
:106320004E554C4C0A00000067E6096A85AE67BB13
:1063300072F36E3C3AF54FA57F520E518C68059B67
:10634000ABD9831F19CDE05BD89E05C107D57C363C
:1063500017DD703039590EF7310BC0FF1115586831
:10636000A78FF964A44FFABE0123456789ABCDEF2F
:10637000FEDCBA9876543210F0E1D2C354464D5F39
:1063800043525950544F0054464D5F504C4154466F
:106390004F524D5F5345525649434500000000009F
:107C00007FE97FE9FCF7FCB87FE97FE9FCF70AB977
:107C10007FE97FE9FCF73CB97FE97FE9FCF72AB906
:107C20007FE97FE9FCF710B90000000000000000C8
:107C30000000000000000000000000000000000044
:107C40000090D00300800050000000000000000001
:107C50000000000000000000000000000000000024
:107C60000000000000000000000000000000000014
:107C70000000000000000000000000000000000004
:107C800000000000000000000000000000000000F4
:107C90000000000000000000C43B000002000000E3
:107CA0000000000000000000FFFFFFFFFFFFFFFFDC
:107CB000FFFFFFFFFFFFFFFF0000000000000000CC
:107CC00000000000000000000000000000000000B4
:107CD0000000D60100000000000007001412002080
:107CE000B41100204401000090ED00E000A003501A
:107CF0007FA60350008000506F8500509F610000F8
:107D00000961000023600000501100208011002054
:107D1000781100207411002070110020ED4C00003B
:107D2000E14C0000D54C000000000000F94C0000C0
:107D3000AC110020A41100209C11002000000000C4
:107D400094110020054E0000514D0000854D0000AB
:107D5000CD4D0000F02400203A00003AF424002029
:107D60003A00003AF82400203A00003AFC240020AF
:047D70003A00003A9B
:1080000060210220851C020043300300151C020081
:10801000151C0200151C0200151C0200151C020094
:10802000000000000000000000000000311E0200FF
:10803000151C020000000000991D0200151C020022
:108040008920020089200200892002008920020084
:108050008920020089200200892002008920020074
:108060008920020089200200892002008920020064
:108070008920020089200200892002008920020054
:108080008920020089200200892002008920020044
:108090008920020089200200892002008920020034
:1080A0008920020089200200892002008920020024
:1080B0008920020089200200892002008920020014
:1080C0008920020089200200892002008920020004
:1080D00089200200892002008920020089200200F4
:1080E00089200200892002008920020089200200E4
:1080F00089200200892002008920020089200200D4
:1081000089200200892002008920020089200200C3
:1081100089200200892002008920020089200200B3
:1081200089200200892002008920020089200200A3
:108130008920020089200200892002008920020093
:048140008920020090
:1081480081F0004102E000BF83F0004330B54FEA00
:1081580041044FEA430594EA050F08BF90EA020F6D
:108168001FBF54EA000C55EA020C7FEA645C7FEA00
:10817800655C00F0E2804FEA5454D4EB5555B8BF23
:108188006D420CDD2C4480EA020281EA030382EA94
:10819800000083EA010180EA020281EA0303362D26
:1081A80088BF30BD11F0004F4FEA01314FF4801CF9
:1081B8004CEA113102D0404261EB410113F0004F0B
:1081C8004FEA03334CEA133302D0524263EB4303C2
:1081D80094EA050F00F0A780A4F10104D5F1200E60
:1081E8000DDB02FA0EFC22FA05F2801841F10001BB
:1081F80003FA0EF2801843FA05F359410EE0A5F18F
:1082080020050EF1200E012A03FA0EFC28BF4CF0BF
:10821800020C43FA05F3C01851EBE37101F0004575
:1082280007D54FF0000EDCF1000C7EEB00006EEB82
:108238000101B1F5801F1BD3B1F5001F0CD349080C
:108248005FEA30004FEA3C0C04F101044FEA445263
:1082580012F5800F80F09A80BCF1004F08BF5FEAEA
:10826800500C50F1000041EB045141EA050130BDCA
:108278005FEA4C0C404141EB0101013C28BFB1F5DC
:10828800801FE9D291F0000F04BF01460020B1FA27
:1082980081F308BF2033A3F10B03B3F120020CDAFA
:1082A8000C3208DD02F1140CC2F10C0201FA0CF0D8
:1082B80021FA02F10CE002F11402D8BFC2F1200C3D
:1082C80001FA02F120FA0CFCDCBF41EA0C019040F3
:1082D800E41AA2BF01EB0451294330BD6FEA04043C
:1082E8001F3C1CDA0C340EDC04F11404C4F1200227
:1082F80020FA04F001FA02F340EA030021FA04F339
:1083080045EA030130BDC4F10C04C4F1200220FA8F
:1083180002F001FA04F340EA0300294630BD21FACD
:1083280004F0294630BD94F0000F83F4801306BF93
:1083380081F480110134013D4EE77FEA645C18BF87
:108348007FEA655C29D094EA050F08BF90EA020F1E
:1083580005D054EA000C04BF1946104630BD91EA16
:10836800030F1EBF0021002030BD5FEA545C05D119
:108378004000494128BF41F0004130BD14F5800458
:108388003CBF01F5801130BD01F0004545F0FE41CC
:1083980041F470014FF0000030BD7FEA645C1ABF01
:1083A800194610467FEA655C1CBF0B46024650EA38
:1083B800013406BF52EA033591EA030F41F4002164
:1083C80030BD00BF90F0000F04BF0021704730B5EA
:1083D8004FF4806404F132044FF000054FF00001BF
:1083E80050E700BF90F0000F04BF0021704730B580
:1083F8004FF4806404F1320410F0004548BF404255
:108408004FF000013EE700BF42004FEAE2014FEAA9
:1084180031014FEA02701FBF12F07F4393F07F4F84
:1084280081F06051704732F07F4208BF704793F087
:108438007F4F04BF41F40021704730B54FF460749A
:1084480001F0004521F000411CE700BF50EA01029D
:1084580008BF704730B54FF000050AE050EA010246
:1084680008BF704730B511F0004502D5404261EBB6
:1084780041014FF4806404F132045FEA915C3FF4F7
:10848800D8AE4FF003025FEADC0C18BF03325FEA94
:10849800DC0C18BF033202EBDC02C2F1200300FA45
:1084A80003FC20FA02F001FA03FE40EA0E0021FA6A
:1084B80002F11444BDE600BF70B54FF0FF0C4CF458
:1084C800E06C1CEA11541DBF1CEA135594EA0C0F0A
:1084D80095EA0C0F00F0DEF82C4481EA030621EA45
:1084E8004C5123EA4C5350EA013518BF52EA033580
:1084F80041F4801143F4801338D0A0FB02CE4FF032
:108508000005E1FB02E506F00042E0FB03E54FF061
:108518000006E1FB03569CF0000F18BF4EF0010E59
:10852800A4F1FF04B6F5007F64F5407404D25FEA55
:108538004E0E6D4146EB060642EAC62141EA555108
:108548004FEAC52040EA5E504FEACE2EB4F1FD0C4A
:1085580088BFBCF5E06F1ED8BEF1004F08BF5FEAC8
:10856800500E50F1000041EB045170BD06F000467A
:1085780046EA010140EA020081EA0301B4EB5C0427
:10858800C2BFD4EB0C0541EA045170BD41F480111F
:108598004FF0000E013C00F3AB8014F1360FDEBF44
:1085A800002001F0004170BDC4F10004203C35DA20
:1085B8000C341BDC04F11404C4F1200500FA05F3A3
:1085C80020FA04F001FA05F240EA020001F0004244
:1085D80021F0004110EBD37021FA04F642EB0601BA
:1085E8005EEA430E08BF20EAD37070BDC4F10C04E4
:1085F800C4F1200500FA04F320FA05F001FA04F2A8
:1086080040EA020001F0004110EBD37041F1000193
:108618005EEA430E08BF20EAD37070BDC4F120059E
:1086280000FA05F24EEA020E20FA04F301FA05F206
:1086380043EA020321FA04F001F0004121FA04F2AE
:1086480020EA020000EBD3705EEA430E08BF20EA7E
:10865800D37070BD94F0000F0FD101F000464000B8
:1086680041EB010111F4801F08BF013CF7D041EA3A
:10867800060195F0000F18BF704703F0004652003E
:1086880043EB030313F4801F08BF013DF7D043EA0F
:108698000603704794EA0C0F0CEA135518BF95EAC5
:1086A8000C0F0CD050EA410618BF52EA4306D1D14C
:1086B80081EA030101F000414FF0000070BD50EA6B
:1086C800410606BF1046194652EA430619D094EAF5
:1086D8000C0F02D150EA013613D195EA0C0F05D1DF
:1086E80052EA03361CBF104619460AD181EA030133
:1086F80001F0004141F0FE4141F470014FF00000EB
:1087080070BD41F0FE4141F4780170BD70B54FF085
:10871800FF0C4CF4E06C1CEA11541DBF1CEA135505
:1087280094EA0C0F95EA0C0F00F0A7F8A4EB0504E7
:1087380081EA030E52EA03354FEA013100F08880DE
:108748004FEA03334FF0805545EA131343EA1263A7
:108758004FEA022245EA111545EA10654FEA00265C
:108768000EF000419D4208BF964244F1FD0404F515
:10877800407402D25B084FEA3202B61A65EB030571
:108788005B084FEA32024FF480104FF4002CB6EB2E
:10879800020E75EB030E22BFB61A754640EA0C00AE
:1087A8005B084FEA3202B6EB020E75EB030E22BFEE
:1087B800B61A754640EA5C005B084FEA3202B6EB2F
:1087C800020E75EB030E22BFB61A754640EA9C00EE
:1087D8005B084FEA3202B6EB020E75EB030E22BFBE
:1087E800B61A754640EADC0055EA060E18D04FEA7C
:1087F800051545EA16754FEA06164FEAC30343EA1C
:1088080052734FEAC2025FEA1C1CC0D111F4801FE8
:108818000BD141EA00014FF000004FF0004CB6E7E1
:1088280011F4801F04BF01430020B4F1FD0C88BF80
:10883800BCF5E06F3FF6AFAEB5EB030C04BFB6EB8B
:10884800020C5FEA500C50F1000041EB045170BD7E
:108858000EF0004E4EEA113114EB5C04C2BFD4EBAB
:108868000C0541EA045170BD41F480114FF0000E2F
:10887800013C90E645EA060E8DE60CEA135594EAAB
:108888000C0F08BF95EA0C0F3FF43BAF94EA0C0FAE
:108898000AD150EA01347FF434AF95EA0C0F7FF423
:1088A80025AF104619462CE795EA0C0F06D152EA77
:1088B80003353FF4FDAE1046194622E750EA41065B
:1088C80018BF52EA43067FF4C5AE50EA41047FF46C
:1088D8000DAF52EA43057FF4EBAE12E74FF0FF3CD1
:1088E80006E000BF4FF0010C02E000BF4FF0010CA2
:1088F8004DF804CD4FEA410C7FEA6C5C4FEA430C1B
:1089080018BF7FEA6C5C1BD001B050EA410C0CBF69
:1089180052EA430C91EA030F02BF90EA020F0020CB
:10892800704710F1000F91EA030F58BF994208BF32
:1089380090422CBFD8176FEAE37040F001007047EF
:108948004FEA410C7FEA6C5C02D150EA013C07D146
:108958004FEA430C7FEA6C5CD6D152EA033CD3D091
:108968005DF8040B704700BF8446104662468C468B
:108978001946634600E000BF01B5FFF7B7FF0028BE
:1089880048BF10F1000F01BD4DF808EDFFF7F4FFE7
:108998000CBF012000205DF808FB00BF4DF808ED72
:1089A800FFF7EAFF34BF012000205DF808FB00BF95
:1089B8004DF808EDFFF7E0FF94BF012000205DF8B7
:1089C80008FB00BF4DF808EDFFF7CEFF94BF01206C
:1089D80000205DF808FB00BF4DF808EDFFF7C4FF65
:1089E80034BF012000205DF808FB00BF4FEA410CAE
:1089F8007FEA6C5C02D150EA013C0AD14FEA430C91
:108A08007FEA6C5C02D152EA033C02D14FF00000CD
:108A180070474FF0010070474FEA410212F500120B
:108A280015D211D56FF47873B3EB625212D94FEAAD
:108A3800C12343F0004343EA505311F0004F23FA97
:108A480002F018BF404270474FF00000704750EAEC
:108A5800013005D111F0004008BF6FF000407047A9
:108A68004FF00000704700BF4A0011D212F5001203
:108A780011D20DD56FF47873B3EB62520ED44FEA6E
:108A8800C12343F0004343EA505323FA02F07047EE
:108A98004FF00000704750EA013002D14FF0FF302C
:108AA80070474FF0000070474FEA4102B2F1E043CF
:108AB80024BFB3F5001CDCF1FE5C0DD901F0004CBD
:108AC8004FEAC0024CEA5070B2F1004F40EB83000D
:108AD80008BF20F00100704711F0804F21D113F139
:108AE8003872BCBF01F00040704741F480114FEA72
:108AF8005252C2F11802C2F1200C10FA0CF320FAFB
:108B080002F018BF40F001004FEAC1234FEAD32317
:108B180003FA0CFC40EA0C0023FA02F34FEA430381
:108B2800CCE77FEA625307D150EA01331EBF4FF00A
:108B3800FE4040F44000704701F0004040F0FE4025
:108B480040F40000704700BF7BB972B90029BEBF6E
:108B580000204FF0004106E008BF00281CBF6FF05E
:108B680000414FF0FF3000F075B8ADF1080C6DE929
:108B780004CE002909DB002B1ADB00F096F8DDF89B
:108B880004E0DDE9022304B07047404261EB410193
:108B9800002B1BDB00F089F8DDF804E0DDE9022397
:108BA80004B0404261EB4101524263EB430370471A
:108BB800524263EB430300F078F8DDF804E0DDE9A6
:108BC800022304B0404261EB41017047524263EB1B
:108BD800430300F06AF8DDF804E0DDE9022304B09D
:108BE800524263EB4303704753B94AB9002908BF9F
:108BF80000281CBF4FF0FF314FF0FF3000F02AB8BB
:108C0800ADF1080C6DE904CE00F04FF8DDF804E092
:108C1800DDE9022304B07047D0B500220B4B0646AD
:108C28000F46FFF749FCFFF71FFF0446FFF7CAFB93
:108C38000022074BFFF740FC02460B4630463946F8
:108C4800FFF782FAFFF710FF2146D0BD0000F03D84
:108C58000000F041704700BF10F8012B11F8013BEC
:108C6800012A28BF9A42F7D0D01A7047034613F852
:108C7800012B002AFBD1181A0138704738B5002299
:108C8800002304460D46FFF789FE28B920462946E9
:108C9800BDE83840FFF7C0BF204605F10041FFF7A7
:108CA800BBFF404261EB410138BD2DE9F0478646E4
:108CB8008C460846089E154674461946002B40F017
:108CC800C1808542B2FA82F245D94AB1C2F1200385
:108CD80000FA02FC954094402EFA03F343EA0C0C88
:108CE8004FEA154EA8B2230CBCFBFEF80EFB18CCBD
:108CF80008FB00F943EA0C43994528D9EB1808F119
:108D0800FF3704D2994502D9A8F102072B44A3EBF7
:108D18000903A4B2B3FBFEFC0EFB1C330CFB00F0F2
:108D280044EA0344A04214D92C190CF1FF3304D2AD
:108D3800A04202D9ACF102032C44241A43EA0740AA
:108D48001EB1D440002334607360BDE8F087474605
:108D5800DDE76346F1E792BB431B01214FEA154E5D
:108D6800AFB2200CB3FBFEFC0EFB1C330CFB07F868
:108D780040EA0343984561D9EB180CF1FF3004D25F
:108D8800984502D9ACF102002B44A3EB0803A4B226
:108D9800B3FBFEFC0EFB1C330CFB07F744EA034451
:108DA800A7424DD92C190CF1FF3304D2A74202D99E
:108DB800ACF102032C44E41B43EA0040C0E7C2F1D3
:108DC80020039540944020FA03F12EFA03F34FEA6A
:108DD800154E9040AFB20343B1FBFEFC0EFB1C10D6
:108DE800190C0CFB07F841EA0041884522D969189B
:108DF8000CF1FF3004D2884502D9ACF102002944B5
:108E0800A1EB08019BB2B1FBFEFC0EFB1C110CFB95
:108E180007F743EA01439F420ED9EB180CF1FF31E3
:108E280004D29F4202D9ACF102012B44DB1B41EA78
:108E3800004193E76046E3E76146F7E76046A4E749
:108E48006346B8E7834206D916B9002108467CE78D
:108E5800C6E900E0F9E7B3FA83F78FB9834201D393
:108E6800724508D8BEEB020460EB030301209C4660
:108E78001EB9002169E73846FAE7C6E9004CF8E769
:108E8800C7F1200CBB400EFA07F522FA0CF42EFAB3
:108E98000CF1BA401C4320FA0CF3B8404FEA1449CD
:108EA80001431FFA84FEB3FBF9F809FB18300B0CD9
:108EB80008FB0EFA43EA00439A4540D9E31808F143
:108EC800FF3004D29A4502D9A8F102002344A3EB4B
:108ED8000A0389B2B3FBF9F809FB183308FB0EFE45
:108EE80041EA03418E452CD9611808F1FF3304D2B9
:108EF8008E4502D9A8F10203214443EA0040A1EBC0
:108F08000E01A0FB02984145CE46434602D306D146
:108F18004D4504D20138B9EB020E68EB0403002E6C
:108F2800A7D0B5EB0E0261EB030101FA0CFC22FAA3
:108F380007F3F9404CEA0303C6E9003199E74046D4
:108F4800C5E74346D9E70000F8B50446824827F04C
:108F5800E0FB38B10220814927F0E8F84FF0FF35EF
:108F68002846F8BD7E481FF03BFA014610B17D48FF
:108F780028F004FA002120460CF084FC054620B1B4
:108F88000021754827F0C8FBEAE7774927F0CEF8B3
:108F9800764C002094F822307549013BDBB2032B54
:108FA80096BF744A744A52F8232027F0BFF800206D
:108FB800228C724927F0BAF8714F94F82A20714E22
:108FC8000020002A0CBF3A4632466F4927F0AEF817
:108FD80094F82230022B42D194F829200020002A4C
:108FE8000CBF3A463246694927F0A0F8002094F9A8
:108FF8002820674927F09AF894F82330002BAFD03F
:10900800013BDBB2032B96BF5A4A5B4A52F8232036
:109018000020604927F08AF80020E26A5E4927F0BC
:1090280085F8002022895D4927F080F8D4E90423D7
:1090380000205B4927F07AF894F837200020594936
:1090480027F074F894F838200020574927F06EF874
:10905800002094F83920554927F068F880E7002067
:10906800E269534927F062F80020E26A4A4927F08A
:109078005DF800202289494927F058F8D4E90423EB
:109088000020474927F052F894F82230042B01D0E9
:10909800012B22D1002094F83420464927F046F8C5
:1090A800002094F83520444927F040F8002094F82F
:1090B8003620424927F03AF8002094F9282034490C
:1090C80027F034F894F829102D4A2E4B0020002957
:1090D80018BF1A462D4927F029F894F82230033B87
:1090E800012B3FF63DAF94F826204AB34FF434667F
:1090F8000020334927F01AF894F8262000207243FC
:10910800304927F013F894F826007043FFF76AF9FE
:109118000FA3D3E90023FFF7F9FA02460B46002014
:10912800294927F003F894F924200020274926F03C
:10913800FDFF0020B4F86820254926F0F7FF7BE7FB
:109148001046244926F0F2FFEDE700BFAFF3008098
:10915800000000000020CC40900D01203B58040086
:10916800695C0100183B04005B580400780D01207D
:10917800755804000C6603002D5804009758040025
:1091880035580400F4900400B9580400DB58040072
:10919800FD5804001F590400415904006359040094
:1091A80085590400A9590400CB590400ED5904005D
:1091B8000F5A0400315A0400535A0400755A040027
:1091C800975A0400B95A0400DB5A0400285B0400CB
:1091D8004A5B0400005B04002DE9F04F8246174605
:1091E8001C4600259FB00391387810B9284600F036
:1091F800A9BD252809D00399D0470028C0F2A28527
:109208007B1C01350593059FEEE71822002110A865
:109218002BF09BFA7B78252B00F0BC800023984626
:109228009E469C461846791C0E4611F8012B2B2A9F
:1092380000F0E38000F2DA80202A00F0E180232A9F
:1092480000F0E1802BB19DF8483043F040038DF8E1
:109258004830B8F1000F05D09DF8483043F020039E
:109268008DF84830BEF1000F05D09DF8483043F026
:1092780010038DF84830BCF1000F05D09DF8483038
:1092880043F008038DF8483028B19DF8483043F082
:1092980004038DF848309DF8483003F04401442910
:1092A80003D16FF386138DF848309DF848302A2A89
:1092B80043F080030E968DF8483040F0A9809DF861
:1092C800493043F001038DF84930731C1A782E2A6F
:1092D8000CBF012100219DF8492061F341028DF85E
:1092E80049200CD15A1C0E925A782A2A40F0A080A4
:1092F8009DF84920023342F004028DF849201A787B
:109308006C2A00F0C18000F2A380682A00F0A980CE
:109318006A2A00F0C2804C2A00F0C78013F8012B9B
:10932800782A05938DF84B2000F209816D2A00F206
:10933800C980692A00F20381572A00F2E280412A93
:1093480004D0A2F14503022B00F2F98004219DF814
:109358004A3002F0DF02A2F1410961F30203D9F1B8
:1093680000029DF8491042EB090262F3C7110A0690
:109378008DF84A308DF84910CBB200F11F8103F007
:109388007802182A40F009816FF3C6038DF8493036
:109398000023F8E08DF84B30BB1C05939DF849304D
:1093A8009DF84A20DE0702F0070040F1098154F8D1
:1093B800041B0029049108DA9DF8481041F00401C3
:1093C8008DF84810049949420491590740F10081E9
:1093D80054F8046B002E80F2FF809DF849306FF33B
:1093E80041038DF849304FF0FF36F5E02D2A0DD0B6
:1093F800302A7FF427AF012316E74FF0010C13E75B
:109408004FF0010E10E74FF001080DE701200BE7C0
:109418000EA811F0CDFE0E9BB3423FF457AF9DF856
:1094280048201390C00F60F341028DF848204DE7A3
:109438000EA811F0BDFE9DF848301490C3F3400209
:1094480042EAD07262F341038DF848300E9B56E72A
:10945800742A26D07A2A7FF461AF06219DF8492024
:109468000CE05A78682A9DF8492006D1012161F359
:10947800C6028DF84920023350E7022161F3C60283
:109488008DF84920013349E75A786C2A9DF849201C
:1094980001D10421EBE70321F0E705219DF84920DC
:1094A800ECE707219DF84920E8E7BDF8482022F4B9
:1094B800F04222F0020242F4804242F00202ADF889
:1094C8004820DFE76E3AD3B201229A4040F2824345
:1094D8001A429DF8493039D112F0240F61D1D107D1
:1094E8002DD503219DF84A2003F07803A3F1400805
:1094F80061F30202D8F100038DF84A2043EB080318
:1095080041E00120A2F15801C9B200FA01F111F4B9
:10951800624F7FF41BAF40F6010319429DF84930B2
:109528001AD111F4043F0AD09DF84A2060F30202D0
:1095380003F07803402B8DF84A207FF429AF9DF87B
:10954800483043F001038DF8483021E702219DF8A7
:109558004A2061F30202EBE702209DF84A1003F06B
:10956800780360F30201402B8DF84A1002BF9DF882
:10957800481041F001018DF84810632A7FF408AFC4
:10958800003B18BF01239DF84820C2F340010B435C
:1095980063F341028DF8482000E713F0380FCED16D
:1095A800F6E603219DF84A2013F0780F61F30202D2
:1095B80014BF012300238DF84A20E4E70123E2E7E2
:1095C8009DF948100029ACBF4FF0FF311399FBE615
:1095D8009E077FF508AF149E00230428CDE91333B6
:1095E8009DF8493007D1990705D49DF949100029FC
:1095F800ACBF06260D2602F00702012AC3F3C303F7
:1096080032D1DA1E042A04D8DFE802F020454520CA
:1096180020002268012B4FEAE271CDE910211BD10D
:109628009DF94020D117CDE9102104349DF8482038
:10963800069292074FD03A465046059B039927F069
:10964800E6FE0028C0F27E830544DCE554F8042BCE
:10965800D117CDE91021E9E7022BE6D111B242F387
:10966800C032CDE91012E0E7022A24D1DA1E042A1A
:1096780004D8DFE802F0181010181800012B4FF07A
:10968800000154F8042B14D0022BCDE91021CDD1C0
:1096980092B21092CAE7073424F00704F4E80201F2
:1096A800CDE91001C2E754F8042B10920022119260
:1096B800BCE7D2B2CDE7042A08D1073424F0070466
:1096C800D4E900010834CDE91001AFE7032AADD190
:1096D80054F8042BDDE79DF84B80B8F1780F3FF67E
:1096E80092ADB8F1570F5CD8B8F1250F00F0A480FF
:1096F800B8F1240F7FF687ADB8F1410F04D0A8F177
:109708004503022B3FF67FADDDE91023002BC0F2A5
:109718004D810699080700F14C81C1F300194FEA01
:109728004919C3F30A51C3F31303002940F04481D4
:1097380052EA030014BF4FF0010C4FF0000CD8029E
:1097480040EA5250D702CDE90C70B8F1460F47EA0B
:10975800010740EAE17008BF4FF06608384300F09F
:10976800B781BCF1000F10D01B0343EA1253170353
:109778003A4618464FF0000C002880F25681BCF19A
:10978800000F40F05981CDE90C730D9BA1F2FE3B0F
:1097980043F000430D930021DDE90C230F4605201B
:1097A80060E1A8F15802202A3FF62DAD01A151F839
:1097B80022F000BF879900000F9200000F9200006E
:1097C8000F9200000F9200000F9200000F9200000D
:1097D8000F9200000F920000119700000F920000F6
:1097E8003399000047990000119700001197000075
:1097F800119700000F920000479900000F92000097
:109808000F9200000F9200000F9200008D99000047
:1098180087990000D79800000F9200000F9200006F
:10982800519800000F920000879900000F920000E5
:109838000F9200008799000040460399D0470028FE
:10984800C0F280820135DEE4002E109F3BDB3146FA
:1098580038462BF0DEF8002F3FF4D5AC4FF0000966
:109868003E18F31B9DF84A2012F01001069100F0F3
:109878005E82023312F04002DDF84C80089218BF75
:10988800149A434418BF9B18049ACDF81C80002AE8
:1098980040F36882D31A9DF8482004935007C2F316
:1098A800800B00F15F82510640F14F82B9F1000F41
:1098B80007D048460399D0470028C0F24382D946CA
:1098C8000135302242E23846FFF7D0F9C6E7109852
:1098D800002800F027820DF175030093002117ABD3
:1098E80012AA11F07BFC4FF000090746BDF84A3078
:1098F80003F0EF0343F4F04343F01003ADF84A30AC
:10990800002E0CDB9DF848200DF17503DB1B6FF36F
:1099180086129E428DF8482001D9F31A1393002F1E
:109928003FF471AC0DF175066DE0109B4FF0000926
:109938008DF85C300DF15D06012317AF92E7069BA9
:109948001F0754BFC3F300194FF02B09DDE910239B
:1099580058BF4FEA4919002B06DA4FF02D09524239
:1099680063EB4303CDE91023DDE910010DF1750325
:10997800009312AA17AB11F031FC0746C0E74FF06D
:109988000009F1E7109A072B3FF63DACDFE803F03A
:109998000C04060C08080C0C157034E4158032E42D
:1099A800EB17C2E900532EE415602CE44FF02D09A3
:1099B800B7E64FF02B09B4E640F2FF70814231D18F
:1099C800A34908F101085FFA88F811F80810134351
:1099D80001F003011ED101290BBF492369234E2140
:1099E8006E210CBF462266228DF85C309DF8483007
:1099F8008DF85D106FF386138DF85E208DF8483072
:109A08000DF15F0617AFF31BB9F1000F3FF42AAF52
:109A1800013327E7012915BF6E234E236121412118
:109A28001A46E1E74FF0000C89E692184FF0010C56
:109A380001F1FF3140419FE6CDE90C20A5E652082F
:109A480042EAC3725B08B3F1333F59460BF1010B8D
:109A5800F5D201F1020B012100FB03FCA2FB00235C
:109A6800013F63441BF1020FE9DB09B1CDE90C2387
:109A7800DDE90C32BBF1000F2DDCCBF10401A1F1C3
:109A880020000BF11C0B02FA0BFB22FA00F0CA4073
:109A9800CB40079208F0DF0243EA0B03472A43EA68
:109AA80000037BD1F91C01DBBE422ADAA8F10208C7
:109AB800002E5FFA88F87ADD9DF84820013E92066C
:109AC80075D4B6F1000B18BF4FF0010B721C26E0DD
:109AD8004FF0000B5FE6023342F100020CA80BF1D5
:109AE800FF3B0137CDE90C3227F062FCDDE90C328F
:109AF800DB185241002A0BF1FF3BF9DACDE90C32B1
:109B0800B6E79DF84820F61B90064DD4B6F1000B39
:109B180018BF4FF0010BF2194FF066084AD4102A0B
:109B2800A8BF10229FED487B10208DED0E7B0B9077
:109B3800DDE90E01002A3FD1079A1B1842EB01010B
:109B4800B1F1805F47D2CDE90C31069BB8F1660FC1
:109B580003F0200240F0C680002F47DC30238DF848
:109B68005C30002A76D1002E40F3BD812E238DF87B
:109B78005D3087B17B42B342A8BF3346002B1393B5
:109B8800A6EB0306D4BF002301239DF84A2063F304
:109B980045128DF84A200DF15E0340E0B8F1660FDA
:109BA8004FF0000BB7D091E74FF0000BB3E74FF041
:109BB800000B8BE70022B5E7400840EAC17049086E
:109BC800CDE90E010EA8CDE9082327F0F1FB089A8C
:109BD800099B013AACE75B0843EAC1730CA8490842
:109BE800CDE90C31013727F0E3FBAEE717AB0B9952
:109BF80000290BDD0BA90CA8CDE9063227F0F0FBF4
:109C0800069B013F079A03F8010BF0D11397AAB9F5
:109C1800002E40F366812E2103F8011B0027002E39
:109C280021DD0B9A002A1EDD0BA90CA8069327F04C
:109C3800D7FB069B013E03F8010BF0E72E2203F841
:109C4800012BEBE7AFF300800000000000000008E4
:109C5800A2FD04002E238DF85D30002F9BD0002E2E
:109C680088DC0DF15E03BBF1000F4FD114961E4640
:109C780008F0DF03452B24D1002FBABF7F422D23E4
:109C88002B23632FC8BF64227370C4BFB7FBF2F3E2
:109C980002FB13774FF00A02C8BF03F13001B7FB8C
:109CA800F2F3C8BFB17003F1300102FB137386F8F9
:109CB800008003F13003D4BF02360336317073706D
:109CC8000236139B002B2BDC149B002BD4BF0023E4
:109CD80001239DF84A2063F3861200238DF84A2059
:109CE80033708FE60BA90CA8069227F079FB069A29
:109CF80030288DF85C0018BF07F1FF3712B9002E25
:109D080040F3F1802E238DF85D3044E71E4616F8A7
:109D1800012C013B302AF9D02E2A08BF1E46A7E79E
:109D28000123D6E7714E81460523771F9AE511076F
:109D380048BF01339EE5104609920399D047002891
:109D4800099A05DA1FB0BDE8F08F2022DDF810B0BF
:109D5800594600290BF1FF3BEDDC049BCDF810B010
:109D68002B445D1AB9F1000F05D048460399D04736
:109D78000028E7DB0135089B002B77D09DF9493097
:109D8800002B28DB3B46DFF8689118789B4619F8CA
:109D98000020013352073FD49DF84A30EF1B980644
:109DA8005F4407D44246002A08F1FF383BDC079B92
:109DB8003B449F1A9BF800002E280AD10399D047EC
:109DC8000028BFDBB8F1000F07F1010731DC0BF108
:109DD800010B5D4638E0B94699F80000C84670287E
:109DE80009F1010913D1EF1B149D47443D44EB1BB6
:109DF800002B33DC334642465046039927F007FBD5
:109E080000289FDB3844049E0546064464E0039915
:109E1800D0470028E0DA95E706930399D047002851
:109E2800069BB2DA8EE730200399D0470028B9DACA
:109E380088E730200399D04708F1FF38C0E7039935
:109E4800D0470028FFF67EAF2878A84619F80030DA
:109E580001355907F3D4A7EB0B07C5E73020039961
:109E6800D0470028FFF66EAF0137C0E79DF84A30AB
:109E7800DA0601D41B0706D530200399D0470028FD
:109E8800FFF660AF0135069B3BB103999DF84B0087
:109E9800D0470028FFF656AF0135A84406E0302029
:109EA8000399D0470028FFF64DAF0135A8EB05030D
:109EB800002BF4DC33463A465046039927F0A7FABC
:109EC8000028FFF63FAF28449DE720200399D0479C
:109ED8000028FFF637AF0135731B002BF5DCFFF7C1
:109EE80092B91746BFE60DF15D03BCE6B8AD0400B4
:109EF800A3FD0400000000002DE9F04706460F46C8
:109F0800904688B02AF027FB4FF47A73A0FB0345EC
:109F180003FB0155E40B012F44EA45444FEAD535CC
:109F280007D122462B463046274928F0BCFA0020A4
:109F380012E0D8F8047025483946FEF78DFE70B156
:109F480039462348FEF788FE48B130463A4621494B
:109F580028F0C5FA6FF0040008B0BDE8F087204685
:109F680017A3D3E900232946FEF7EEFD05460C4664
:109F780010461946184A0023FEF7E6FD80460F46AC
:109F8800104619464EF660220023FEF7DDFD824694
:109F98008946104619464FF47A720023FEF7D4FD1D
:109FA800CDE902A9CDE90623CDE904012A462346D5
:109FB8003046CDE90087094928F075FAB7E700BFB0
:109FC800005C260500000000CFB40400E0B40400E3
:109FD800E3B40400ECB4040080EE360004B50400D9
:109FE8002DE9F04F1F469DB000230C4682460F9284
:109FF80018934FF00008984B4FF000091D68284649
:10A00800FEF734FE22468346179213782B2B3BD05B
:10A018002CD80D2B26D8082B26D8002B2FD0002380
:10A028000D93179E3378302B74D1737803F0DF03C8
:10A03800582B65D10D9B17A9884A5046019318AB38
:10A048000297009319AB24F08FFC10F00705044623
:10A0580035D0062D1AD10F9B0BB101361E60424632
:10A068004B4637E0202BDAD10132CDE72D2BD6D164
:10A0780001230D93531C17935378002BD1D10F9BB9
:10A08800002BECD01C60EAE70023F2E7189A3AB1FB
:10A0980035211AA82BF06BF81899504624F024FFA4
:10A0A800013D199A042D06D8DFE805F01903222589
:10A0B8001900DDE91A89210701D549F000490F9BEC
:10A0C80013B1179B0F9A13600D9B002BC7D0424604
:10A0D80009F1004343EC102B1DB0BDE8F08FDDE91A
:10A0E8001A8302F2334223F4801343EA0259E2E767
:10A0F800DFF86C91DFE76FF000494FF0FF38DAE7DF
:10A10800179B5A1C17925B78302BF9D0002BD6D0AE
:10A11800012300E00023002704930A22179BCDE9BE
:10A1280005770A9317980678A6F13003D9B209295A
:10A1380024D95A4629462AF047FC00282DD0002069
:10A148003246059D83460346652A01D0452A13D128
:10A158001DB9049A024392D00025179C621C1792DD
:10A1680062782B2A6ED02D2A72D04FF0000CA2F103
:10A17800300109297AD91794002699E00599013008
:10A1880008291790D7BF069902FB073702FB01334E
:10A198000693059B01330593C4E7179B03EB0B025A
:10A1A800179213F80B20059BA3B383461D46A2F113
:10A1B8003003092B12D90123C6E7179B01305A1C1B
:10A1C80017925A78302AF8D0A2F13103082B00F2FE
:10A1D800EF8483460020179B05460A93303A00F126
:10A1E800010311D09B4400EB050C2B460A21634563
:10A1F80012D12B180135082B054419DC06990A23BE
:10A2080003FB012306930023179A1846511C179144
:10A218005278CCE70598D5E7082B03F1010303DC56
:10A22800069E4E430696E2E7102BD8BF4F43DEE763
:10A238000F2BDCBF0A2303FB0727E4E74FF0000BD3
:10A24800012386E74FF0000CA21C1792A2788EE734
:10A258004FF0010CF8E700BFB47003004070030032
:10A268000000F07F179A511C17915278302AF9D0C4
:10A27800A2F1310108293FF67FAF303A0792179AC9
:10A288000C92179A561C17965278A2F1300EBEF10E
:10A29800090F38D90C99761A082E44F61F6603DC84
:10A2A80007998E42A8BF0E46BCF1000F00D0764237
:10A2B800002D4FD1049908437FF401AF002B7FF4A0
:10A2C800DEAE692A29D026DC492A26D04E2A7FF418
:10A2D800D6AE9B4917A82AF0C8FD00283FF4CFAE98
:10A2E800179B1B78282B2FD11AAA964917A82AF052
:10A2F800D0FD052828D11B9BDDF8688043F0FF4975
:10A3080049F4E009DBE6079E0A2101FB0621A1F1D9
:10A3180030020792B5E76E2AD9E78B4917A82AF0C9
:10A32800A4FD00283FF4ABAE179B17A88749013B53
:10A3380017932AF09AFD10B9179B01331793DFF88A
:10A348001C924FF00008BAE6814801F079FA59ECFE
:10A35800108BB4E6A6EB0B0306982C460C93059BD2
:10A36800002B08BF2B46102D0593A8BF1024FEF71D
:10A3780029F8092D8046894613DC0C9B002B3FF4F5
:10A388009EAE0C9B78DD162B45DC7249424601EBEC
:10A39800C3014B46D1E90001FEF78EF88046894695
:10A3A8008DE66C4B03EBC40353E91223FEF784F8E4
:10A3B800804689463846FEF705F802460B46404671
:10A3C8004946FDF7C3FE0F2D80468946D5DD2C1B77
:10A3D8000C9B1C44002C25DC00F0A280644214F085
:10A3E8000F020AD05B4B4046494603EBC203D3E950
:10A3F8000023FEF78BF980468946241100F09080EF
:10A408001F2C40F3B18022234FF000084FF00009C1
:10A41800CAF8003053E6C5F125030C9A934219DABD
:10A428002C1B144414F00F030AD04A49424601EB8E
:10A43800C3014B46D1E90001FEF73EF88046894644
:10A4480034F00F046CD0B4F59A7F41DD2223CAF8AA
:10A45800003074E7C5F10F053E4C42464B4604EB0D
:10A46800C501D1E90001FEF727F80C9B5D1B04EB41
:10A47800C504D4E900238FE71633A8DBABEB06024B
:10A48800344B4046494603EBC203D3E90023FEF7A9
:10A498003DF983E7002306932223DFF8C0904FF0AD
:10A4A8000008CAF800301899504624F01DFD069996
:10A4B800504624F019FD0599504624F015FD1099D1
:10A4C800504624F011FD0799504624F00DFDF6E59D
:10A4D80000232411404649461F4F0493012C22DCD7
:10A4E8000BB180468946049BA9F154791A49424622
:10A4F80001EBC3014B46D1E90001FDF7DDFF174B26
:10A508000A4680460B4016498B429FD8A1F5801118
:10A518008B4286BFDFF84C904FF0FF3802F1547938
:10A52800002304934BE0E20704D5D7E90023FDF7A5
:10A53800C3FF0123049A6410083701320492CDE75F
:10A54800737C04002C700300E6B30400D9FE0400F9
:10A5580008F4040020640300F86303000000F07F9F
:10A568000000A07CFFFFEF7F14F01003404649462F
:10A57800AA4F18BF6A2304930023E20704D5D7E93A
:10A588000023FDF799FF0123641007F10807F4D1B0
:10A598000BB180468946049B43B1C9F30A52494628
:10A5A800C2F16B03002B4EDC6A23049300220023C4
:10A5B80040464946FEF7E8F900287FF424AF069B99
:10A5C8005046059A00932B460A9924F0F7FC109000
:10A5D80000283FF43BAF0C9BABEB060B002BB4BF42
:10A5E8005B46002311930C9B23EAE3731393002328
:10A5F80007930593109B5046596824F035FC069044
:10A6080000283FF449AF109B0C301A6903F10C0184
:10A61800023292002AF072F81AAA19A9504649EC97
:10A62800108BCDE90A8924F0A5FF189000283FF483
:10A6380033AF0121504624F00BFD03460590D0B9F5
:10A648000023059328E71F2B0EDD342B4FF000085D
:10A65800DBBF4FF0FF33C2F14B024FF05C79934000
:10A66800D8BF03EA01099FE74FF0FF3202FA03F36C
:10A6780003EA080898E7199C1A9A002CA9BF119BAD
:10A68800139BE718139EB8BF1E1B049BB8BF119FEE
:10A69800E41A634B1444C2F13602013C9C4280F236
:10A6A800B0801B1B01251F2BA2EB0302CDBFC4F1F9
:10A6B8007F449D40002404F57F04C2BF04F57B4419
:10A6C800E23405FA04F407EB020B049B16445F45D9
:10A6D8001E443B46A8BF5B46B342A8BF3346002B87
:10A6E800C2BFABEB030BF61AFF1A119B002B16DD4A
:10A6F8001A460599504624F06BFD059000289FD016
:10A708000146189A504624F0B9FC0E9000283FF4F0
:10A71800C3AE1899504624F0E7FB0E9B1893BBF183
:10A72800000F71DC0C9B002B08DD139A504606992C
:10A7380024F04EFD069000283FF4ACAE002E08DD54
:10A7480032460699504624F09DFD069000283FF4B5
:10A75800A1AE002F08DD3A460599504624F092FD37
:10A76800059000283FF498AE069A5046189924F0B0
:10A77800F5FD079000283FF48FAEC36805990E9346
:10A788000023C3602AF0A6FC00284BDA0E9B53EA8C
:10A79800080340F0BC80C9F31303002B40F0B780D6
:10A7A80029F000431B0D1B05B3F1D66F40F2AF80B3
:10A7B800079B5B6923B9079B1B69012B40F3A780A3
:10A7C80001220799504624F05DFD059907902AF06B
:10A7D80081FC002840F39B8029F00043049A1B0D5C
:10A7E8001B05002A79D0B3F1D66F6DD8B3F15C7F21
:10A7F80046D84FF000084FF000092223CAF800306D
:10A8080051E6002401255EE75A461899504624F07F
:10A8180039FD1890002885D13EE600BFD0630300BB
:10A8280002FCFFFFCB4640F0A3800E9AC9F3130346
:10A83800002A40D09C4A934258D1049B42467BB997
:10A84800B8F1FF3F40F08980984B99453FF424AE1A
:10A85800974BDDF8108009EA030303F5801922E617
:10A86800934B09EA0303B3F1D46F16D918F1010128
:10A878001BD18E4A91453FF40FAE03F580198046EF
:10A888008C4B404649460022FDF716FE0B46804693
:10A89800894603437FF407AEAFE71E0D4FF0FF3143
:10A8A800C6F16B06B1408845E7D0002C5ED014EAAB
:10A8B8000B0FE5D01EE0002B4AD1B8F1000F8BD06A
:10A8C80064B314EA0B0F2BE0A3F580134FF0FF38A5
:10A8D8006FEA13596FEA0959D2E7A3F580134FF0CD
:10A8E800FF386FEA13596FEA0959DCE59CB114EA9D
:10A8F800090F0CD040464946049A2AF0ACF8DDE925
:10A908000A0153EC102BFDF721FC80468946049B75
:10A91800002BB5D1C7E515EA080FEAE718EA050FD5
:10A92800F5D0049A404649462AF095F8DDE90A012F
:10A9380053EC102BFDF708FC0022002304460D46BB
:10A94800FEF722F800287FF454AFA046A946DEE7B8
:10A95800002CB6D115EA080FE2E724B114EA090F72
:10A968003FF4A1ADC6E718EA050FF9E72A42A0E7C8
:10A97800059907982AF0C9FB00224FF0804355EC4F
:10A98800104B20462946FEF713F800286DD00E9B81
:10A99800002B78D1B8F1000F56D1C9F31303002B5F
:10A9A80059D10022444B20462946FDF7F7FF0028DD
:10A9B80058D1204629460022404BFDF77DFD04462C
:10A9C8000D4605F1004308940993394B0BEA03033C
:10A9D8001293129A3A4B9A42DDE9086740F0A9802F
:10A9E800ABF1547949EC108B24F050FDDDE90823D4
:10A9F80051EC100BFDF760FD42464B46FDF7A6FBF8
:10AA08000B462B4980462F4A194091425CD90B9A34
:10AA1800264B9A4203D10A9B01333FF43DADDFF840
:10AA28008C904FF0FF381899504624F05DFA06993B
:10AA3800504624F059FA0599504624F055FA0799DA
:10AA4800504624F051FAD5E5B8F1010F03D1B9F118
:10AA5800000F3FF4CEAE0024174D9FED0F7B8DED18
:10AA6800087BB2E70024154DABE7144B2046294676
:10AA78000022FDF721FD0E9B04460D46002BA0D0B9
:10AA8800CDE90845A1E79FED067B55EC174B8DED09
:10AA9800087B9AE7AFF30080000000000000F0BFD9
:10AAA800000000000000F03FFFFF0F00FFFFEF7FF6
:10AAB8000000F07F000050390000F03F0000E03F48
:10AAC8000000E07FFFFF9F7C03F15479049B4E4612
:10AAD800002BA8D129F00043129A1B0D1B059A429E
:10AAE800A1D120462946FEF7C9F8C9F31306FDF798
:10AAF800B5FC0B4602462946204646EA0806FDF7FD
:10AB080023FB0E9B04460D461E434BD02EA3D3E9D0
:10AB18000023FDF743FF00287FF4C5AC20462946F3
:10AB28002BA3D3E90023FDF757FF00283FF47BAFA1
:10AB3800B9E4049B13B3129BB3F1D46F1ED820461B
:10AB4800294625A3D3E90023FDF732FF90B1294612
:10AB58002046FDF789FF012838BF0120FDF732FCA8
:10AB68000E9B04460D46D3B901F10043149015938A
:10AB7800DDE9146707F1D663129A9F1A9DED0A0B57
:10AB880024F084FC3046394653EC102BFDF794FC36
:10AB9800DDE90A23FDF7DAFA8046894696E7CDE92A
:10ABA8001445E5E70EA3D3E90023FDF7F7FEBCE75C
:10ABB800652A3FF443AB452A3FF440AB0123FFF736
:10ABC80079BB00BFAFF300809535A094FFFFDF3F4E
:10ABD80035E5AF350000E03F0000C0FFFFFFDF4173
:10ABE8009535A094FFFFCF3F2DE9F04F476A97B006
:10ABF8008346209E08910C92129355EC104B8DEDD4
:10AC0800000B7FB9102022F011FC0246CBF824007B
:10AC180020B9A74BEA21A74825F00EFAC0E9017729
:10AC28000760C760DBF82430196859B15A680123F6
:10AC3800584693404A608B6024F056F9DBF824307C
:10AC480000221A602B1EB7BF23F000430023012205
:10AC58000193A8BF3360019F974BB8BF3260BB43D5
:10AC680019D142F20F73129A1360C7F313032343E7
:10AC780000F0DB85219B53B9904B21E0904B039367
:10AC88000833219A1360039817B0BDE8F08F8B4BF7
:10AC980003930333F5E79DED007B0022002351EC7D
:10ACA800170B8DED0A7BFDF76FFE804650B101232F
:10ACB800129A1360219B13B1824B219A1360824B25
:10ACC8000393E0E7C7F30A5614AA15A958469DED61
:10ACD8000A0B24F04FFC0290002E76D00B9BA6F2B4
:10ACE800FF36CDF84C80C3F3130343F07F53DDE9FF
:10ACF8000A0143F4401319460022744BFDF724FA65
:10AD080065A3D3E90023FDF7D7FB65A3D3E90023A7
:10AD1800FDF71CFA04460D463046FDF763FB62A3B7
:10AD2800D3E90023FDF7C8FB02460B462046294617
:10AD3800FDF70CFA04460D46FDF76EFE00220746A5
:10AD4800002320462946FDF729FE40B13846FDF785
:10AD580049FB22462B46FDF717FE00B9013F162F87
:10AD680052D85B4B03EBC703DDE90A01D3E90023A3
:10AD7800FDF714FE002849D0013F00231193149BCE
:10AD88009B1B5A1E4CBFC3F101030023079245BF0A
:10AD98000693002306930793002F39DB079B109730
:10ADA8003B44079300230993089B092B66D8052B7E
:10ADB800C5BF043B002401240893089B023B032BD6
:10ADC80067D8DFE803F02D3A3859DDE914631E44EB
:10ADD80006F23243202BC9BFC3F14003C3F120035D
:10ADE8009F4006F21243D8BF04FA03F006F1FF367B
:10ADF800C4BF24FA03F347EA0300FDF7E3FA01228C
:10AE0800A1F1F873139276E70123B7E71190B6E73B
:10AE1800069BDB1B06937B42099300231093C3E731
:10AE280000230D930C9B002B56DC012399461A46F0
:10AE380004930C920CE00123F3E700230D930C9B81
:10AE4800FB1803F1010904934B46012BB8BF0123FA
:10AE5800DBF824000021042202F114059D423FD9A9
:10AE68004160584624F000F8039000283BD1194B64
:10AE780002464FF4D571CEE60123DFE70124002313
:10AE88000D9408934FF0FF33002299460493122340
:10AE9800CFE701230D93F5E761436F63A787D23F9F
:10AEA800B3C8608B288AC63FFB799F501344D33FB1
:10AEB800E3FE0400FAFE04000000F07FDFFE040059
:10AEC800D6FE0400C2F10400C1F104000000F83FFE
:10AED8002064030056FF04000C9B99460493B7E7CF
:10AEE80001315200B8E7DBF82430B9F10E0F039AAC
:10AEF8001A606FD8002C6DD0002F36DD07F00F02D6
:10AF0800A04BF8054FEA271403EBC20393ED007B2F
:10AF18008DED0E7B17D59C4B04F00F044FF0030802
:10AF2800D3E90823DDE90A01FDF7F0FBCDE90001CB
:10AF3800954D5CB9DDE90E23DDE90001FDF7E6FB7F
:10AF4800CDE900012BE04FF00208F1E7E10709D550
:10AF580008F10108DDE90E01D5E90023FDF7ACFA97
:10AF6800CDE90E0164100835E3E700F007817C4263
:10AF7800844B854D4FF0020804F00F02241103EBB7
:10AF8800C203DDE90A01D3E90023FDF795FA00239E
:10AF9800CDE90001002C40F0E580002BD0D1119BB9
:10AFA800DDE90045002B00F04C810022774B20465C
:10AFB8002946FDF7F3FC002800F04381B9F1000FA2
:10AFC80000F03F81049B002B00F3E480DDE90A34A4
:10AFD800CDE90034159B002B02DB0E2F40F3428293
:10AFE8000D9A002A40F06782099C0025DDF8188038
:10AFF800B8F1000F0DD0079B002B0ADD4345069AD8
:10B00800A8BF4346D21AA8EB03080692079AD31A98
:10B018000793099B0BB30D9B002B00F0A682002C15
:10B0280000F0A18229462246584624F0D1F8029A17
:10B0380001460546584624F021F802990646584626
:10B0480023F052FF099B1B1B099300F09182099A78
:10B058003146584624F0BCF802900121584623F0A6
:10B06800F7FF109B0446002B00F084821A46014625
:10B07800584624F0ADF8089B0446012B03DC009BDE
:10B08800002B00F07C820026236904EB83031869F7
:10B0980029F0D1FFC0F120001096079B184410F04A
:10B0A8001F0000F09182C0F12003042B40F381823D
:10B0B800C0F11C00069B034480440693079B03448D
:10B0C8000793069B002B05DD1A460299584624F083
:10B0D800D9F80290079B002B05DD21461A465846F1
:10B0E80024F0D0F80446119B002B00F0768221460C
:10B0F800029829F0EFFF002880F26F8200230A22CD
:10B108000299584623F012FF0D9B7E1E0290002BD9
:10B1180000F05C82002329460A22584623F006FFE5
:10B12800049B0546002B03DC089B022B00F35E8280
:10B13800B8F1000F05DD29464246584624F0A2F82A
:10B148000546109B002B00F0D0826968584623F012
:10B158008BFE0746002840F07F820D4B024640F2E6
:10B16800EA2158E5E20706D508F10108D5E90023E8
:10B17800FDF7A2F90123641008350BE74FF0020828
:10B188000DE700BF20640300F86303000000F03FF0
:10B1980056FF040020460022AC4B2946FDF78CF9E7
:10B1A8007E1E08F10108049CCDE900014046FDF728
:10B1B80019F9DDE90023FDF77FF9A54B0022FCF71B
:10B1C800C5FFA1F15073CDE90E010F93002C3BD1BF
:10B1D8000022A04BDDE90001FCF7B6FF02460B4652
:10B1E800CDE90023DDE90E23FDF7F6FB002840F04A
:10B1F8005781DDE90E2101F10043DDE90001FDF78A
:10B20800CDFB00283FF4E2AE002425460C9BDDF878
:10B218000CA0DE434FF000082146584623F064FE98
:10B22800002D00F0A980B8F1000F05D0A84503D083
:10B238004146584623F058FE2946584623F054FE06
:10B248009AE03E464C46B1E7834B03EBC40353E90F
:10B258000201039B1C440D9B002B4AD002460B465F
:10B2680000207E49FDF752FADDE90E23FCF76CFF5A
:10B27800DDF80CA0CDE90E01DDE90001FDF7CCFBFE
:10B288000546FDF7AFF8024630350B46DDE900010B
:10B29800FCF75AFF0AF8015B02460B46CDE90001AC
:10B2A800DDE90E01FDF798FB002865D100206C4907
:10B2B800DDE90023FCF748FF02460B46DDE90E01F5
:10B2C800FDF78AFB002840F00D81A24500F0EA80D6
:10B2D80000225E4BDDE90E01FDF7EEF800225B4B24
:10B2E800CDE90E01DDE90001FDF7E6F8CDE9000141
:10B2F800C2E7DDE90E23FDF7DFF8A046DDF80CA074
:10B30800CDE90E01DDE90001FDF786FB0546FDF7F5
:10B3180069F8024630350B46DDE90001FCF714FFF9
:10B328000AF8015B02460B46A245CDE900234FF01F
:10B33800000223D1494BDDE90E01FCF707FF024665
:10B348000B46DDE90001FDF747FB002840F0CA8005
:10B3580000204249DDE90E23FCF7F6FE02460B46C3
:10B36800DDE90001FDF71AFB70B1C24608F1FF38AC
:10B378001AF8013C302BF8D0374655E0334BFDF72F
:10B388009BF8CDE90001BDE7DDE90A34CDE90034D9
:10B39800159B002BFFF628AE0E2F3FF725AE2E4B40
:10B3A80003EBC70393ED007B0C9B002B8DED047B17
:10B3B80002DAB9F1000F64D0DDF80CA0DDE9004530
:10B3C800DDE9042320462946FDF7A0F9FDF724FB13
:10B3D8000646FDF707F8DDE90423FDF76DF8024698
:10B3E800204606F130040B462946FCF7ADFE0AF864
:10B3F800014B039C02460B46AAEB0404A14540F00E
:10B408008280FCF7A3FE04460D46DDE90423FDF720
:10B41800E3FA002865D120462946DDE90423FDF733
:10B42800B3FA08B1F3075CD40299584623F05CFDDF
:10B43800002301378AF80030129B1F60219B002BE4
:10B448003FF421ACC3F800A01DE400BF0000244075
:10B4580000001C4000001440206403000000E03F8E
:10B468000000F03FA24B03EBC70393ED007B0C9B5E
:10B47800002B8DED047B9FDAB9F1000F9CDC7FF483
:10B48800C3AE00229B4BDDE90401FDF715F8DDE9A9
:10B498000023FDF797FA044600287FF4B5AE3E4630
:10B4A8002546B4E0DDE90A34CDE90034159B002BCC
:10B4B80001DB0E2FD6DD089A012A36DC139A82B3F7
:10B4C80003F23343099CDDF81880069A0121584697
:10B4D8001A440692079A1A44079223F0B9FD0546C2
:10B4E80086E53E4653469A4613F8012D392A06D179
:10B4F800039A9A42F7D13022039901360A701A78D2
:10B5080001321A7038E700227B4BFCF7D5FF002286
:10B51800002304460D46FDF737FA00283FF450AFE4
:10B5280082E7149BC3F13603CCE709F1FF34099B8A
:10B53800A34208DBB9F1000FA3EB04040EDBDDF82E
:10B5480018804B46C1E7099B109AE31A0994DDF865
:10B55800188000241A444B461092B6E7069BA3EBCA
:10B5680009080023B1E7029E71E5099A029970E57E
:10B57800029672E5089B012B17DC009BABB9019B77
:10B58800C3F313039BB9019B23F00046360D360520
:10B5980036B1069B012601330693079B01330793B7
:10B5A800109B002B7FF470AD1096012075E50026E6
:10B5B800F6E73FF486AD1C33069A1A44984406927F
:10B5C800079A1A4407927CE50346F4E7049B002B8C
:10B5D8002BDC089B022B09DC27E0B9F1000F1DDCEE
:10B5E800089B022B1ADD3E46CDF81090049B002BD9
:10B5F8007FF40CAE21460522584623F097FC0146FD
:10B608000446029829F066FD00287FF7FFADDDF8B3
:10B618000CA0312301360AF8013BFBE50D9B3E46A1
:10B62800CDF81090002B7FF483AD039F214602983C
:10B6380029F05EFA039B00F13009049A07F8019B90
:10B64800FB1A9A4240F3CB8000230A2202995846FB
:10B6580023F06CFC0290E9E72A6905F10C010C3033
:10B668000232920029F04AF801223946584623F05E
:10B6780009FE039BA846054603F1010ADDE90323F9
:10B6880013440793009B03F0010309930AF1FF3366
:10B6980021460298049329F02BFA4146069000F1BE
:10B6A8003009029829F016FD2A46214607465846D1
:10B6B80023F054FEC268014602B3584623F014FC36
:10B6C800002F3ADA01220299584623F0DBFD214681
:10B6D800029029F0FFFC002803DC29D119F0010FA2
:10B6E80026D0B9F1390F1DD132E02846C1E700BF95
:10B6F8002064030000001440000024400A900298CF
:10B7080029F0E8FC0A990C90584623F0EDFB0C9AB6
:10B718005ABB089B53B9099B43B9B9F1390F17D0E4
:10B72800002F05DD069B03F1310901E0002F2ADA1D
:10B73800DDF810A00AF8019B6EE5089B3B4304D195
:10B74800009B03F00103002BBCD0B9F1390F36D1AF
:10B75800049F392307F8013BBA46013F1AF8013C18
:10B76800392B5AD001333B7056E5002F06DB089B76
:10B778003B4306D1009B03F0010313B9002AA1DC67
:10B78800D6E7002AE1DC079B57460AF8019C534597
:10B798002ED000230A220299584623F0C7FBA84559
:10B7A80002904FF000034FF00A02414658460BD171
:10B7B80023F0BCFB804605460AF1010A66E7DDF87E
:10B7C80010A009F10109B5E723F0B0FB294680462E
:10B7D80000230A22584623F0A9FB0546ECE7049B00
:10B7E8004FF00008002BCCBF1F460127039B1F44C6
:10B7F80001220299584623F045FD2146029029F07E
:10B8080069FC0028A8DC02D119F0010FA4D1BA46BE
:10B8180017F8013D302BFAD0FEE4039BBB429BD1C5
:10B828003123039A01361370F6E4219B002B7FF431
:10B8380025AA014BFFF744BAD6FE04000000000019
:10B848009FED010B704700BF000000000000F87F6B
:10B8580008B501684B1E142B96BF0A4A0A4A52F8CB
:10B8680023204368094825F089FD09497023094ABE
:10B87800094825F0F4FD094825F0F1FD7021054837
:10B8880025F0E4FDE8640300EE710300FD71030098
:10B89800C1F1040026720300427203005F720300C4
:10B8A80070B5A2B013F0A8FC404E306060B94049B2
:10B8B800AB23404A404825F0D2FD404825F0CFFD53
:10B8C800AB213C4825F0C2FD3D4B02ACD3F80054F7
:10B8D800C3F80054002315F0010F8DF8083003D089
:10B8E8002046384929F04CF8AA0703D5204636499E
:10B8F80029F046F86B0703D52046344929F040F86B
:10B90800E80603D52046324929F03AF8E90303D579
:10B918002046304929F034F8AA0303D520462E4999
:10B9280029F02EF86B0303D520462C4929F028F876
:10B938002046FDF79BF908BB2046294929F03CF829
:10B948002146284825F01AFD0023CDE90333264B6C
:10B9580026494FF4805226480293009405231FF08D
:10B968001BF819F0D9F9014680B1224825F006FDE7
:10B97800214825F003FD002022B070BD00F18803A6
:10B988000DEB0300002300F8833CD9E70EF0A6FC7A
:10B9980019F044FD014610B1184825F0EFFC18498C
:10B9A800306814F0FFFC00F083F9E4E788310120E7
:10B9B800957203002672030042720300AF720300FF
:10B9C80000500040CD720300DA720300E6720300F3
:10B9D800FF72030019730300257303003373030018
:10B9E8004A730300597303006C730300205C012041
:10B9F80020ED00207E730300AA730300B7730300D1
:10BA0800D973030010B58EB01E4801A925F03CFC7F
:10BA1800044630B3024602201B4924F087FB04A8E1
:10BA280021F00CFD0020194924F080FB184A002061
:10BA3800C2F10052174902F5802224F077FB049ADC
:10BA48000020154924F072FB0C9A0020134924F0B9
:10BA58006DFB00200B9A124924F068FB00200EB001
:10BA680010BD104924F062FB2046019A0B4924F0CE
:10BA78005DFB2046029A0A4924F058FB2046039AA7
:10BA88000949CAE798EA0020D474030060750300E6
:10BA980090FC0220787503008C7503002375030061
:10BAA800377503000B7503004B750300134670B51B
:10BAB8000A220021586822F023FC002814DD4FF4E4
:10BAC8007A73002503FB00F44FF40046294640F240
:10BAD800E7304FF47A720023E4FB0601FDF784F89F
:10BAE80020F016FA284670BD0020034924F01EFBFA
:10BAF8006FF01500F7E700BFA075030010B500242C
:10BB0800034B204603491C7024F010FB204610BD4F
:10BB1800544A012036760300012208B5034B002061
:10BB280003491A7024F002FB002008BD544A012082
:10BB38004A76030030B595B0242204460D460BA87A
:10BB4800002128F002FE06A901200FF015FA0BA922
:10BB580006A821F0C7FB089B0D4A294693FBF2F380
:10BB680005930B9B204604930C9B0A4A03930D9B59
:10BB780002930E9B01930F9B01330093109B03F2DA
:10BB88006C7322F0C3FAC043C00F15B030BD00BFBC
:10BB980040420F0006770300F8B505460E461746E3
:10BBA8004FF0FF334FF0FF3221481EF015F8214BBC
:10BBB8001C785CB11E212048FFF7BCFF4FF4806160
:10BBC8001D4B1E4A1E4822F0A1FA04461C48C4F523
:10BBD800806120443B4632460FF04EFB0444B4F5E6
:10BBE800806F184C03D31849206826F078FC012D83
:10BBF800206807D0022D0ED095B9114A134926F0B6
:10BC080052FC03E00E4A114926F05BFCBDE8F840FF
:10BC180007481EF0B1B80A4A0C4926F060FCF5E75F
:10BC28000B4926F05CFC064A08492068E7E700BF94
:10BC380030EB0020544A0120364A012074140400D5
:10BC480036460120883101202C7703008BE604005A
:10BC580057770300024B02460249186826F023BCB6
:10BC6800883101208BE60400012938B5054616D92C
:10BC780054680C492046FCF7EFFF80B120460A497A
:10BC8800FCF7EAFF58B122460220084924F04EFA90
:10BC98006FF01504284626F030FC204638BD0124F4
:10BCA800F8E700BFCF890300897703009077030086
:10BCB80008B50020074B084A084924F037FA002045
:10BCC800074924F033FABDE808400020054924F06C
:10BCD8002DBA00BFA9770300B6770300BC7703002D
:10BCE800D7770300F2770300012938B504460AD94B
:10BCF8005268064926F0F3FB4FF0FF35204626F040
:10BD0800FCFB284638BD0125F8E700BF0A78030088
:10BD180008B502F0E9F8024628B1BDE8084002205B
:10BD2800014924F003BA08BD247803002DE9F04343
:10BD38000C46CBB015460FF04BFE0023012C05AE88
:10BD48000493336040F2448206A805F091FB482230
:10BD580006A918A828F0D2FCDFF87883B34F434629
:10BD68003A4629462046009625F0E1FC431C0BD1B3
:10BD7800AF4B1B68A34280F0CA8204F18044013CA7
:10BD880055F82420AB490BE0162829DC00280BDAEB
:10BD9800A74BA9491B6803F18043013B55F82320B1
:10BDA800022024F0C3F913E20138152800F2388282
:10BDB800DFE810F03C0246024E02FF01150228029D
:10BDC80021022F02EC01F201F8015902600265021A
:10BDD800810288028D02920297029C02A202A702A7
:10BDE80062381228D4D81228D2D801A353F820F0E8
:10BDF8003DC1000099BD000085C1000099BD00004B
:10BE080099BD000099BD0000D9C1000099BD00008E
:10BE180099BD000099BD000099BD0000E1C0000077
:10BE2800FDBF000099BD000099BD000099BD00004C
:10BE380045BE000099BD00001FC10000002406A8EF
:10BE480005F016FB7C2221462BA82A9428F07DFCBD
:10BE580020467A4924F06AF9069B20461A46784912
:10BE6800039324F063F9079B20461A467549039308
:10BE780024F05CF9BDF8243020461A46724924F0B3
:10BE880055F92046BDF82020704924F04FF99DF857
:10BE98002200002800F0A6802AA99DF8230004F0BB
:10BEA8007BF86B490246204624F040F90020694996
:10BEB80024F03CF9109A0020674924F037F9002053
:10BEC800664924F033F900200E9A654924F02EF9CA
:10BED8009DF83C200020634924F028F9002062499D
:10BEE80024F024F900200B9A604924F01FF900205F
:10BEF8000D9A5F4924F01AF9DDE90C3200205D49FA
:10BF080024F014F900200C9A5B4924F00FF99DF8ED
:10BF180029200020594924F009F90020584924F023
:10BF280005F9DDE916230020564924F0FFF8002022
:10BF3800554924F0FBF800209DF85020534924F07F
:10BF4800F5F80020139A524924F0F0F800209DF8E3
:10BF58005120504924F0EAF800209DF852204E491B
:10BF680024F0E4F800209DF853204C4924F0DEF832
:10BF780000204B4924F0DAF89DF84400002835D019
:10BF88000020484924F0D2F80020BDF84620464950
:10BF980024F0CCF800209DF94820444924F0C6F844
:10BFA800434D444C9DF849200020002A0CBF2A46E6
:10BFB8002246414924F0BAF89DF84A200020002A78
:10BFC8000CBF2A4622463D4924F0B0F89DF84B2084
:10BFD8000020002A0CBF2A462246394924F0A6F838
:10BFE800002065E1374924F0A1F85FE7364924F0DD
:10BFF8009DF8D5E7354B0A21186804AA26F0E2FB1C
:10C00800049B814643B14B464A460220304924F0FE
:10C018008DF86FF015004BE19DF84B301BB124F003
:10C028009AF90028EFD0CDF8609098E69A8303003B
:10C03800C4E40020A78303007A8303004478030044
:10C048005578030092780300CF7803000C79030039
:10C0580040790300AE790300C2790300F679030042
:10C068000A7A03003E7A0300727A0300917A030089
:10C07800C57A0300087B0300517B0300957B03000E
:10C08800CC7B0300E77B0300257C03003B7C03009B
:10C09800797C0300B77C0300F57C0300337D030043
:10C0A800717D0300897D0300CC7D03000A7E0300B7
:10C0B8001F5B0400C47D03008C7E0300CA7E03005E
:10C0C800087F030074790300487E03004838012084
:10C0D800467F030088DB00208F4B186828F0ECFAB5
:10C0E8000123984202468DF86A3003D100238DF867
:10C0F8006B3034E60228FAD0032801D10223F6E790
:10C10800042803D100238DF86A3028E683490220E9
:10C1180024F00CF87DE7804B0A21186804AA26F061
:10C1280051FB049B23B17E49022023F0FFFF70E7F7
:10C13800199014E6784B186828F0BEFA431E012BB4
:10C14800024609D8BDF82030ADF86800042B7FF40A
:10C1580006AE744901208AE0011F12290CD8724BDF
:10C16800CB40D90708D50428BDF82030ADF86800C1
:10C17800ECD1042BEDD1F2E56C49C8E7664B1868A1
:10C1880028F09AFAC317CDE92803E8E5624B186846
:10C1980028F092FA2290E2E55F4B186828F08CFAB2
:10C1A8002090DCE55C4B186828F086FA8DF884004E
:10C1B800D5E5594B186828F07FFA082804D86FF499
:10C1C8008B730341DA0707D55949022023F0AEFFE4
:10C1D8005848FFF73FFD03E78DF89800BFE54E4B41
:10C1E800186828F069FA544B421E9A4201D95349FB
:10C1F800EBE72590B3E5484B186828F05DFA8DF811
:10C208009900ACE5444B186828F056FA8DF89A0066
:10C21800A5E5414B186828F04FFA8DF89B009EE57C
:10C228003D4B186828F048FA1D9098E53A4B186875
:10C2380028F042FA002801DB414975E71E908EE597
:10C24800354B186828F038FA0028F5DA1F9086E58B
:10C25800314B186828F030FA642801D9394963E766
:10C268008DF871007BE5012037498DF88C0023F0AB
:10C278005DFF74E5002335498DF88C306AE7264B5D
:10C28800186828F019FA002281B2BDF86800ADF8E4
:10C298008E1024F001F800287FF461AD0220BDF86B
:10C2A8006830BDF88E202A4923F040FF4FF0FF3058
:10C2B8004BB0BDE8F083184B186828F0FDF98DF8ED
:10C2C80090004CE5012023498DF89100CFE7002329
:10C2D80021498DF891303DE7012020498DF89200E1
:10C2E800C5E700231E498DF8923033E7012300206B
:10C2F8001C498DF89330BAE700231B498DF8933019
:10C3080028E705F08FF8062001F05AF968E618A822
:10C3180005F062F8F7E700BF48380120DC7F03002A
:10C32800048003001C800300210004005B800300DC
:10C33800768003003C9003003F4B4C009480030040
:10C34800C4800300E2800300FC800300A88103008E
:10C35800EF8103001D82030064820300AC820300A6
:10C36800F38203003B8303005A8303002DE9F04363
:10C37800002585B00C46164603950FF029FBDFF81B
:10C38800A080214F0DF10C0943463A46314620461C
:10C39800CDF8009025F0CBF9431C0AD11B4B1B6844
:10C3A800A34225D204F18044013C56F824201849C0
:10C3B8000EE0332816D00FDC312815D0322815D0DE
:10C3C800124B14491B6803F18043013B56F82320A4
:10C3D800022023F0ABFE01E06828F1D10E48FFF7F8
:10C3E80039FC0EE00225CFE70025CDE70125CBE794
:10C3F800284602F04FFC024618B10220074923F0F4
:10C4080095FE05B0BDE8F083CF830300C4E40020A7
:10C41800A78303007A8303005CBD0300D483030071
:10C4280068DE00202DE9F043002585B00C4616464D
:10C4380003950FF0CDFADFF8A080214F0DF10C091C
:10C4480043463A4631462046CDF8009025F06FF92C
:10C45800431C0AD11B4B1B68A34225D204F180441C
:10C46800013C56F8242018490EE0332816D00FDC7A
:10C47800312815D0322815D0124B14491B6803F106
:10C488008043013B56F82320022023F04FFE01E0B1
:10C498006828F1D10E48FFF7DDFB0EE00225CFE753
:10C4A8000025CDE70125CBE7284602F035FC0246FA
:10C4B80018B10220074923F039FE05B0BDE8F08322
:10C4C800CF830300C4E40020A78303007A8303001A
:10C4D8003BB90300D483030068DE00202DE9F04354
:10C4E8008BB00C46164604F0CDFF00230546039397
:10C4F800002C5DD00FF06CFA776897B13846684920
:10C50800FCF7AAFB28B902F0E9FF00200BB0BDE850
:10C51800F08338466349FCF79FFB10B901F084FFAC
:10C52800F3E740F28163059301238DF81E306B69B0
:10C53800DFF898810693B5F811305B4FADF81F30DE
:10C54800EB690DF10C098DF81230AB698DF81330D9
:10C558000023ADF81C30ADF820308DF824308DF86C
:10C56800113043463A4631462046CDF8009025F032
:10C57800DEF8431C0AD14D4B1B68A34271D204F16B
:10C588008044013C56F8242049490EE0742845D0DF
:10C598002ADCA0F16103082B0ED9444B45491B68DE
:10C5A80003F18043013B56F82320022023F0BEFD0F
:10C5B8004148FFF74FFBA8E7082BEED801A252F835
:10C5C80023F000BF39C60000A3C500000BC6000059
:10C5D800A3C50000A3C5000031C60000A3C5000024
:10C5E800B9C5000017C600006FF47A728318032BD0
:10C5F800D3D8A0F2EA30022821D8DFE800F01D24C1
:10C608002B002E4B186828F057F80590A9E72B4BFC
:10C61800186828F051F8ADF81C00A2E7274B1868F5
:10C6280028F04AF806909CE701238DF8103098E727
:10C6380001238DF8113094E701238DF8203002236F
:10C648008DF81E308DE71D4B186828F035F88DF8E9
:10C65800130086E7194B186828F02EF88DF8120099
:10C668007FE7059969B19DF81120288989B223F0DF
:10C6780013FE30B902202B89059A114923F056FD83
:10C6880096E7002104A801F08BFE024620B10220A3
:10C698000C4923F04BFD38E70B4923F047FD34E7FD
:10C6A800FB8303004160040000840300C4E400200D
:10C6B800A78303007A830300DDAE03004838012016
:10C6C800EF8103000A84030029840300F8DD0020B9
:10C6D8002DE9F0478AB00C46164604F0D3FE002335
:10C6E80005460293002C73D00FF072F90223604FB5
:10C6F800D6F804803B60B8F1000F69D040465D4928
:10C70800FCF7AAFA28B901F061FC00200AB0BDE8DC
:10C71800F08740465849FCF79FFA002858D1EB6942
:10C7280032228DF81F30AB69DFF868918DF8203020
:10C7380040F28163CDE903230A2306930123DFF83E
:10C7480058810590ADF81C008DF81E00ADF8223018
:10C7580009900DF1080A4B46424631462046CDF86D
:10C7680000A024F0E4FF431C09D13B68A3426FD228
:10C7780004F18044013C56F82420404925E07428FF
:10C7880010DC60281ADD6138132817D8DFE800F0BC
:10C7980024162816382E162059161616161616168A
:10C7A8001616163240F2EA33984237D040F2EB338D
:10C7B80098423AD040F2E933984228D03B68304951
:10C7C80003F18043013B56F82320022023F0AEFCFE
:10C7D8002C48FFF73FFA98E701238DF81E30BAE797
:10C7E800294B186827F068FF0490B4E701238DF8F7
:10C7F8001D30B0E7244B186827F05EFF0690AAE7C3
:10C80800214B186827F058FF8DF81C00A3E71E4B32
:10C81800186827F051FF8DF820009CE71A4B18681C
:10C8280027F04AFF8DF81F0095E72B680593012331
:10C838008DF825306B68ADF826302B688DF82430DC
:10C8480089E7114B186827F037FFADF8220082E717
:10C85800002103A801F0CAFB024620B102200B49BF
:10C8680023F064FC51E70A4923F060FC4DE700BF60
:10C87800C4E4002041600400FC5F0400A7830300B7
:10C888007A830300A7A503004838012048840300E1
:10C898006084030078DD00203C8403002DE9F0412A
:10C8A8000D4690B0164604F0EDFD0023012D044618
:10C8B800039340F2C7800FF08BF8706860B1A1490C
:10C8C800FCF7CAF940B9A04923F030FC23F068FC12
:10C8D800002010B0BDE8F081236AE2698DF81C30B1
:10C8E80094F824308DF81F208DF81D300222002383
:10C8F80026208DF81E30ADF820208DF82220ADF8C6
:10C908001030924A8DF8313094F83830CDE905026C
:10C91800A26A8DF83830636BDFF86C820D9394F857
:10C928003A308B4F8DF83A3094F839308DF8302002
:10C938008DF83B3003238DF8393094F83B30854C23
:10C948008DF83C3004238DF83D3003AB00933A4614
:10C9580043463146284624F0EAFE431C0BD17E4B61
:10C968001B68AB4280F0E88005F18045013D56F830
:10C9780025207A492DE074281EDC602821DD6138E5
:10C9880013281ED8DFE800F0331D2D293E1D1D5E3B
:10C998001D1D1D1D1D1D1D1D1D1D3137A0F2D27031
:10C9A8000E286ED8DFE800F0738C92989E80863A45
:10C9B80067405535A4BDB3006FF4FA6143180F2BD7
:10C9C800ECD9654B66491B6803F18043013B56F877
:10C9D8002320022023F0AAFB34E001238DF8113034
:10C9E800B3E701238DF81030AFE70223FAE70123FC
:10C9F8008DF83130A9E7574B186827F05DFEADF880
:10CA08001A00A2E7534B186827F056FE8DF830003D
:10CA18009BE7206827F050FE059096E7206827F0EE
:10CA28004BFE8DF81C0090E7206827F045FE831E1A
:10CA38006C2B02460AD96E230093022349491846F3
:10CA480023F074FB4848FFF705F941E78DF81E000D
:10CA58007BE7206827F030FE00F180037F2B024639
:10CA680006D96FF07F030220404923F05FFBE9E716
:10CA78008DF81F0069E7206827F01EFE8DF81D005D
:10CA880063E7206827F018FEADF818005DE7206816
:10CA980027F012FE002804DC3549022023F046FB6B
:10CAA800D0E78DF8200050E7206827F005FE8DF8C4
:10CAB80022004AE7206827F0FFFD8DF8210044E7AF
:10CAC800206827F0F9FD8DF83A003EE7206827F046
:10CAD800F3FD8DF83B0038E7206827F0EDFD8DF871
:10CAE8003C0032E7206827F0E7FD8DF83D002CE791
:10CAF800206827F0E1FD082804D86FF48B73034100
:10CB0800DA0701D51B49C8E78DF838001DE720680A
:10CB180027F0D2FD072801D91749BEE78DF839005B
:10CB280013E7206827F0C8FD144B421E9A4201D92A
:10CB38001349B2E70D9008E79DF8103033BB11494F
:10CB4800ABE700BF416004006C8403008106050068
:10CB58002985030048380120C4E40020A783030086
:10CB68007A8303008384030091E50300AA84030009
:10CB7800DE84030076800300098503003F4B4C00E8
:10CB8800948003003385030018E100209DF82120DC
:10CB9800BAB14FF461534FF434609DF81E10A2FBF4
:10CBA80003234143891843F1000304A8CDE90A137C
:10CBB80001F0A6FF024648B10220064923F0B6FA62
:10CBC80086E64FF4E1439DF82220E4E7024923F08A
:10CBD800ADFA7DE65E8503008185030000232DE91B
:10CBE800F04F8DB016460D460393002900F0B08033
:10CBF8000EF0EEFE706858B19E49FCF72DF8044619
:10CC080030B923F0DDFA20469B4923F08FFAAAE1D8
:10CC180004F038FC2622994B0F21CDE90423036A3E
:10CC280000248DF8183090F8243027468DF81930F4
:10CC3800C369DFF890928DF81B30836ADFF8888229
:10CC48008DF81C300523CDE908138D4B8DF81A405B
:10CC58000A9340F204638DF81D408DF81E40ADF82C
:10CC68002C308DF82E400DF10C0A4B4642463146C9
:10CC78002846CDF800A024F05AFD431C0BD1814B67
:10CC88001B68AB4280F04B8105F18045013D56F8A9
:10CC980025207D4959E0742823DC622825DD633886
:10CCA800112822D8DFE800F06E21752121542121B6
:10CCB80021212E21218221212A7CA0F6BA300C289C
:10CCC80000F2AF80DFE810F0BA0079004800800079
:10CCD80087009A00C200CD0002010B0115011E0158
:10CCE8002701A0F6B9330D2BE7D9664B67491B68B6
:10CCF80003F18043013B56F8232026E001238DF8F9
:10CD08001D30B2E7624B6349D3F800B05846FBF7D1
:10CD1800A3FF18B901238DF81630A6E758465E49D7
:10CD2800FBF79AFF08B90223F5E758465B49FBF77A
:10CD380093FF08B90323EEE758465949FBF78CFFE0
:10CD480008B90423E7E75A465649022023F0EEF9CA
:10CD58005548FEF77FFF06E14D4B50491C682046B9
:10CD6800FBF77AFF20B9032301248DF817307CE7FD
:10CD780020464B49FBF770FF08B90423F4E7224625
:10CD88004A49E2E7424B186827F096FCADF81400D0
:10CD98006BE73F4B186827F08FFC8DF81C0064E7A1
:10CDA8003B4B186827F088FC04905EE7384B1868FE
:10CDB80027F082FC8DF8180057E73D4824F0DEFA8A
:10CDC80001238DF81E3050E7314B186827F074FCAA
:10CDD8008DF8190049E72E4B186827F06DFC831E63
:10CDE8006C2B024607D96E2300930223314918465B
:10CDF80023F09CF9ACE78DF81A0036E7244B186845
:10CE080027F05AFC00F180037F2B024606D96FF009
:10CE18007F032949022023F089F999E78DF81B003F
:10CE280023E71B4B186827F047FC002804DC23493C
:10CE3800022023F07BF98BE7089016E7144B18685B
:10CE480027F03AFC0028F2DD09900EE7104B18682D
:10CE580027F032FC002801DA1949E9E78DF82800A3
:10CE680003E70B4B186827F027FC0028DFDD8DF857
:10CE78002900FAE641600400978503008106020054
:10CE88000005050AC4E40020A78303007A83030091
:10CE980048380120B1850300B48503001E760400DC
:10CEA800BC850300C2850300C6CD0300D3850300FB
:10CEB800ED85030083840300AA840300078603002A
:10CEC8001F860300C8DF002038860300344B18682B
:10CED80027F0F2FB0028BFDB8DF82A00C5E6304BAF
:10CEE800186827F0E9FB0028B6DB01278DF82B002E
:10CEF800BBE62B4B186827F0DFFB0028ACDB8DF86E
:10CF08002C00B2E6264B186827F0D6FB0028A3DBD6
:10CF18008DF82D00A9E601238DF82E30A5E604F042
:10CF2800B1FA01220546BDF81410008923F0B4F9BE
:10CF380020B92B89BDF814201A496BE737B99DF839
:10CF48001630032B13D100238DF82B3014B1012395
:10CF58008DF81D3004A801F01BFE0246E8B102203E
:10CF6800114923F0E3F800200DB0BDE8F08F042B41
:10CF780008D19DF829209DF8283013449DF82A20CF
:10CF88001344E1E7022BE1D19DF81730002BDDD0E7
:10CF9800032BD8D0042BD9D1EBE7044935E600BFE1
:10CFA80048380120458603006D86030093860300F8
:10CFB80000232DE9F04101298AB00C461546029359
:10CFC80040F206810EF004FD686860B1AB49FBF7DA
:10CFD80043FE40B9AA4923F0A9F823F0E9F8002054
:10CFE8000AB0BDE8F08104F04DFAC26901238DF85A
:10CFF8001F202622A3498DF82030CDE9031202F123
:10D00800C062A2F1241205920522836A06928DF865
:10D018002130036A4FF444428DF81C3090F82430D4
:10D02800994F8DF81D300023984E8DF81E30ADF8BD
:10D038002220ADF824300DF108083B463246294637
:10D048002046CDF8008024F072FB431C0BD1904B96
:10D058001B68A34280F0F28004F18044013C55F83B
:10D0680024208C490BE074283CDC60280BDC884BBE
:10D0780089491B6803F18043013B55F823200220AE
:10D0880023F054F8A4E061381328F0D801A353F82A
:10D0980020F000BF8BD1000077D0000031D1000014
:10D0A80029D1000061D1000077D0000077D00000BE
:10D0B800D9D1000053D1000077D0000077D000000C
:10D0C8006FD1000039D1000077D0000077D0000080
:10D0D80077D0000077D0000077D0000041D1000061
:10D0E80045D100006FF4FA6210440928BFD8092816
:10D0F800BDD801A353F820F00DD200001BD20000C8
:10D1080077D000009FD10000ADD10000BBD1000056
:10D11800E7D1000093D100003DD200002FD20000DB
:10D1280001238DF80D3088E701238DF80C3084E752
:10D1380001238DF8243080E70223F6E7574B18685F
:10D1480027F0BAFAADF8160077E7544B186827F0BD
:10D15800B3FAADF8140070E7504B186827F0ACFA32
:10D168008DF8210069E74D4B186827F0A5FA0028CB
:10D1780004DC4B49022022F0D9FF29E08DF8200079
:10D188005BE701238DF8253057E7444B186827F0F3
:10D1980093FA049051E7414B186827F08DFA8DF8FF
:10D1A8001C004AE73D4B186827F086FA8DF81D00E9
:10D1B80043E73A4B186827F07FFA831E6C2B024628
:10D1C8000AD96E23009302233649184622F0AEFF8F
:10D1D8003548FEF73FFD02E78DF81E002DE72F4B7F
:10D1E800186827F069FA00F180037F2B024606D9F8
:10D1F8006FF07F0302202D4922F098FFE8E78DF8B1
:10D208001F001AE7254B186827F056FAADF80E00EC
:10D2180013E7224B186827F04FFA002801DC24494D
:10D22800A8E7069009E71D4B186827F045FA8DF81E
:10D23800230002E701238DF82230FEE69DF80C302A
:10D248000BB91C4996E74FF47A71BDF81430BDF953
:10D25800162013FB01F39A4201DB17498AE703A85A
:10D2680001F072FC024620B10220144922F05EFF50
:10D27800B5E6134922F05AFFB1E600BF4160040049
:10D28800AC86030000018106A8DE0020EE860300BC
:10D29800C4E40020A78303007A83030048380120F0
:10D2A800DE8403008384030096C10300AA8403007C
:10D2B800C386030033850300FD860300258703002A
:10D2C8004887030008B501F003FD024628B1BDE810
:10D2D80008400220034922F029BF0349BDE808405D
:10D2E80022F024BF5E8703008787030008B5114B2F
:10D2F8005A782AB11049012022F018FF012008BDF0
:10D3080093F8F0200AB10D49F5E793F8AE200AB179
:10D318000B49F0E793F8AF200AB10A49EBE793F815
:10D32800B0200AB10849E6E793F8B1000028E6D032
:10D338000649E0E750EF0020C6F70300D5F70300E1
:10D34800E8F7030002F8030010F8030027F80300C9
:10D3580010B504F097F80446436B1348C0F8A4309E
:10D3680094F8383080F8A13023891A1F534253416A
:10D3780000F8A03F1BF058FA034620B102200B4AE0
:10D388000B4922F0D3FE4FF420320023094822F043
:10D39800E8FE30B10220054A0749BDE8104022F0F6
:10D3A800C5BE22890549F8E750EF0020E40D0400C6
:10D3B80041F803009CEC00206FF803009DF803007F
:10D3C80070B5A0B006461BF035F8002104467C2253
:10D3D80001A8009127F0B9F93CB123460220124A6E
:10D3E800124922F0A3FE20B070BD00234FF4203272
:10D3F8000F4822F0B6FE0F4B054638B102200A4A04
:10D408000D4983F8A84022F091FEECE70122694615
:10D41800304683F8A82083F8A96002F0BDFD0749CB
:10D4280002462846EFE700BFC70D0400C0F8030016
:10D438009CEC002050EF0020EFF803001CF90300DB
:10D44800014610B520B1BDE81040384823F096BF1A
:10D4580004F018F8044636481AF0C2FF024618B11C
:10D468000220344922F062FE94F82C30EBB194F992
:10D4780030200020E18D1BF0ABFA024618B10220E3
:10D488002D4922F053FE00234FF420322B4822F07E
:10D4980068FE0346002847D002202949294A22F07D
:10D4A80045FE0220284922F041FE94F8313013B19C
:10D4B80094F832301BB90120244922F037FE94F841
:10D4C800311094F832001BF0ABFA024618B1022072
:10D4D8001F4922F02BFE00234FF420321D4822F072
:10D4E80040FE034620B10220164A1B4922F01EFEC8
:10D4F8001A4B1B78C3B91A481CF070FF1AF07AFF50
:10D50800024618B10220174922F010FE4FF480326B
:10D518000023134822F025FE30B1BDE81040022058
:10D52800084A114922F002BE10BD00BF44F90300A9
:10D5380079DB00006AF903009CF90300FCEC002089
:10D54800BAF903002C0D0400E1F903002EFA0300D8
:10D5580050FA0300ECEC002075FA030050EF0020AD
:10D568009CEC0020A4FA0300C9FA0300104B37B55D
:10D578004FF49C720021184627F0E7F840F2E73292
:10D588000024A0F8EC2001220A4D80F8D5206FF085
:10D5980006034FF480522846074900941DF0FCF911
:10D5A800064928461DF074FB204603B030BD00BF75
:10D5B80050EF002088F00020207C0120F2FA0300C0
:10D5C800002307B58DF80000019300220023694667
:10D5D800054826F097FE20B1019827F054F86FF01F
:10D5E800680003B05DF804FBC0EB002073B5054686
:10D5F80010460E4614461FF047FE019098B1224689
:10D60800314627F07BF88DF8005000220023694648
:10D61800064826F077FE20B1019827F034F86FF01D
:10D62800680002B070BD6FF00B00FAE7C0EB002095
:10D63800F0B50746ADF2CC5DB6ADB0F9046004466E
:10D648000FCF0FC53B6806EBD6762B60314DC093E4
:10D65800D5E93823CDE9BE23B5F8D6307610ADF834
:10D66800063395F8D8300DF106018DF808330023FC
:10D67800ADF80463ADF8EC3202F0A4FC18B9BDF8BB
:10D688000630ADF8EC3295F8E83021698DF8EE32C5
:10D69800B5F8EA30B1F52F7FADF8F032B5F8EE30D5
:10D6A800ADF8F2322AD80A460DF20930E16827F0BF
:10D6B80025F8D5F818310BB1B6A898474FF43C7245
:10D6C8000920B6A9FFF792FFD5E938232169CDE9EA
:10D6D8000223B5F8D630B1F52F7F0591ADF8123099
:10D6E800ADF8106010D80A4606A8E16827F006F8D9
:10D6F80002A822F005FF0DF2CC5DF0BD4FF42F72A9
:10D70800054823F03BFEDFE74FF42F72034823F070
:10D7180035FEF0E750EF00200AFB030061FB030031
:10D728002DE9F04F0025A1B04C4C7C22294601A8D8
:10D73800009527F00AF894F8313033B902204849A7
:10D7480022F0F4FC21B0BDE8F08F2846454922F0CC
:10D75800EDFC2846444922F0E9FC2646DFF84891CA
:10D76800DFF848A16946284602F016FCB046024692
:10D778004946002022F0DAFC51460020726B22F064
:10D78800D5FC002058F8382F384922F0CFFC002764
:10D79800DFF81CB16946384602F0FEFB0137024645
:10D7A8005946002058F8043F22F0C0FC032FF1D15D
:10D7B8000135032D06F11406D4D100202C4922F09E
:10D7C800B5FC00202B4922F0B1FC226F00202A4929
:10D7D80022F0ACFC626F0020284922F0A7FCA26F5F
:10D7E8000020274922F0A2FCD4F8802000202549F7
:10D7F80022F09CFC0020244922F098FCD4F88420D4
:10D8080000201D4922F092FCD4F8882000201F49EE
:10D8180022F08CFC00201E4922F088FCD4F88C20D1
:10D8280000201C4922F082FCD4F8902000201A49DC
:10D8380022F07CFCD4F894200020184922F076FCD1
:10D84800D4F898200020164922F070FC0020D4F863
:10D858009C20144922F06AFC74E700BF50EF0020B6
:10D86800BDFB0300E0FB0300F9FB030051FC0300D0
:10D878009FFC0300B5FC0300BBFC0300D1FC0300C4
:10D88800ECFC030005FD03001BFD030021FD030064
:10D8980037FD03005DFD030084FD0300ADFD0300BB
:10D8A800D3FD0300F6FD030019FC03002AFC030066
:10D8B80075FC03000C4B0022194630B45C68944296
:10D8C80002DC0A2030BC70479D890132854208D8A5
:10D8D800DD89854205D301EBC201C87830BC22F04E
:10D8E80053BD0833EBE700BF50EF00202DE9F843A4
:10D8F8001D4C00201D4922F019FC002526461C4F0E
:10D90800DFF88080DFF880907368AB4201DCBDE807
:10D91800F883627A3946002022F008FC227A4146D0
:10D92800002022F003FCA2894946002022F0FEFBD9
:10D93800E28900200F4922F0F9FBE27A0E49002023
:10D9480022F0F4FBE07A22F01FFD0C490246002089
:10D9580022F0ECFB94F90A200020094922F0E6FBAA
:10D9680001350834D0E700BF50EF00201BFE03004C
:10D9780031FE030076FE03008DFE0300A4FE0300C3
:10D98800BEFE030048FE03005FFE030010B5044618
:10D99800044822F0E4FB2146BDE81040062214208A
:10D9A800FFF724BE9CEC002008B5018811B104489B
:10D9B80023F0E4FCBDE80840024822F0D0BB00BFD9
:10D9C800D6FE03009CEC002010B50446044822F063
:10D9D800C6FB2146BDE8104008221620FFF706BE08
:10D9E800BCEC0020014822F0BABB00BFACEC002020
:10D9F80070B5124D0C4695F8D43086B0CBB101887D
:10DA080029B10F4806B0BDE8704023F0B7BC02F05A
:10DA1800BBF9D4E90023161A63EB0104002CCDE905
:10DA28000464ACBF074C084C8DE81300074823F08A
:10DA3800A5FC002385F8D43006B070BD50EF002057
:10DA4800F0FE030044FF03004BFF03000FFF030039
:10DA58002DE9F047018821B1BDE8F047324823F0AD
:10DA68008DBC324F97F8AC4054B94668304866B917
:10DA780023F084FC2F4823F081FC012387F8AC3085
:10DA88002D48BDE8F04722F06ABB23F077FC3178D7
:10DA98002A4823F073FC7178294823F06FFC354637
:10DAA800DFF8C080DFF8C090DFF8C0A07378A34229
:10DAB800E3DD2A792146404623F060FC6A79214655
:10DAC800484623F05BFCAA792146504623F056FCD1
:10DAD800AA6821461B4823F051FC2A7B21461A4894
:10DAE80023F04CFC6A7B2146184823F047FC0C3590
:10DAF800AA782146164823F041FCAB78012B0BD0BD
:10DB08001449154840F20D43144A23F0A8FC40F28A
:10DB18000D41124823F09AFC2146EA78104823F078
:10DB28002DFC0134C2E700BF51FF030050EF002075
:10DB380078FF03008EFF03009CEC0020ABFF03007E
:10DB4800C3FF03004D0004007100040095000400A9
:10DB5800B90004000701040042720300DD0004005C
:10DB680026010400E1FF0300050004002900040069
:10DB7800F0B5044600F10805284693B002F018F9FC
:10DB88002278132A00F25681DFE812F022003500CD
:10DB980048004F003A00410056006B0071008900B0
:10DBA800ED00FD00040112011A0121014401540194
:10DBB8001D0014000122172004F1100113B0BDE864
:10DBC800F040FFF713BD0222182004F11001F5E719
:10DBD800238A04F110053BB99A4BB3F8AA20013205
:10DBE800A3F8AA2001221A70974822F0B8FA08224E
:10DBF80029461046E2E70022924B1A7013B0F0BD96
:10DC080004F1100013B0BDE8F040FFF7BFBE04F107
:10DC1800100013B0BDE8F04022F0BDBA04F11000C6
:10DC280013B0BDE8F040FFF7BFBE04F1100013B019
:10DC3800BDE8F040FFF7C8BED4E90223CDE90023D0
:10DC4800236968460293E38AADF80C30A38AADF8DD
:10DC58000E3003F023FB102269460720FFF7C6FCAD
:10DC6800CCE77A4813B0BDE8F04022F078BA754B9B
:10DC780004F1100193F8F02012B993F8B2202AB1F8
:10DC8800002013B0BDE8F04001F0BCBAD3F81C3155
:10DC9800002BB3D0084613B0BDE8F0401847694FD1
:10DCA800D4E90423C7E93823237FBBBB94F82200B7
:10DCB800000902F0B1F8238CE57F5BBAB4F82320A1
:10DCC80087F8E850A7F8EA30A17FADF83E30C1F3F5
:10DCD800030187F8EE10A17FA7F8D600C1F3001161
:10DCE80087F8EF1094F8221052BAC1F3020187F8AE
:10DCF800D81094F82230ADF84020C3F302038DF811
:10DD08004230A37F8DF83C50C3F30302C3F30013E2
:10DD1800ADF844008DF830208DF8313004AD04F1B1
:10DD280010060FCE0FC596E80F0085E80F00D4F84F
:10DD38001E30CDF83230D4F82230CDF83630E38CAE
:10DD4800ADF83A30D4E90223CDE90023D4E904231D
:10DD5800CDE90223D7F810310BB16846984748221D
:10DD680069460C207AE7D4E9022302AD1034CDE9E4
:10DD780000230FCC0FC594E80300202285E8030098
:10DD880069460A206AE704F1100013B0BDE8F040C4
:10DD9800FFF74EBCD4E902231034CDE9002394E800
:10DDA800070002AB83E80700182269460B2055E7F5
:10DDB800294604F1100013B0BDE8F040FFF718BE83
:10DDC80004F1100013B0BDE8F040FFF741BE1D4B51
:10DDD80000221E4601275A6083F83020A1698A4232
:10DDE80001D2052A01D118483CE7E16903F1080589
:10DDF80001EBC20C51F83200DCF80410083303C5FB
:10DE080071680132013171605978042908BF86F8B8
:10DE18003070E3E7238A0B4D53B9616941B16C2235
:10DE280005F1340026F06AFC012385F83130DAE781
:10DE38000023FAE70649074813B0BDE8F04023F08D
:10DE48009DBA00BF50EF00209CEC0020ACEC0020F5
:10DE5800A90D04004A01040008B54FF0FF324FF045
:10DE6800FF3312481BF0B8FE11481CF0B7FA4FF008
:10DE7800FF301AF04BFD034648B102200D4A0E4907
:10DE880022F054F9BDE8084008481BF075BF4FF46C
:10DE980020320023064822F064F90028F2D002203C
:10DEA800044A064922F042F9ECE700BF1CEB0020C7
:10DEB800ACEC0020890D04006C01040095010400FD
:10DEC80008B5FFF7C9FF06481AF08AFA024628B1D2
:10DED800BDE808400220034922F028B908BD00BF68
:10DEE80079DB00006AF9030008B50A4B5A7832B1A9
:10DEF8000949022022F01AF96FF00C0008BD1A78BF
:10DF08000AB90649F5E7012283F8D420BDE808409C
:10DF18001AF0DCBC50EF0020BE0104005E73040060
:10DF2800014BB3F9EC00704750EF002008B5074BE0
:10DF38001A7832B90220064922F0F8F86FF00C007E
:10DF480008BD93F8A93003700020F9E750EF0020CE
:10DF58005E730400074B93F831203AB1142193F80B
:10DF6800A92001FB0233586B002170474FF4E140B0
:10DF7800FAE700BF50EF002070B50646FFF7EAFF4A
:10DF88000E4A054692F831300C46A3B1142192F896
:10DF9800A93001FB0323986B5EB1D2F88430184492
:10DFA8000023A842A3414FF000013CBF2846214668
:10DFB80070BD136FF3E74FF4E140F2E750EF002034
:10DFC800014B93F8B200704750EF0020002208B5CB
:10DFD800054BD3F8B80083F8B2201AF097FCBDE8D7
:10DFE800084022F087BA00BF50EF00202DE9F04129
:10DFF800414F05467B780E4686B04BB13F4902201B
:10E0080022F094F86FF00C04204606B0BDE8F081C9
:10E018003B780BB93A49F2E797F8B23039B173B99E
:10E028000120384922F082F86FF01504ECE733B18B
:10E038000220354922F07AF86FF07704E4E76B7C28
:10E048001BB1FFF709FF22F052FA03F01BFA6C68C4
:10E05800002C41D1008976B1AA7CB7F8B41082F0BF
:10E06800010222F048F9044640B9284922F05EF836
:10E078006FF03C04C8E701F057FF0446182200215E
:10E088006846A7F8B44026F060FBEB7CAC468DF8F8
:10E0980002302B7D4FF001088DF803304FF47A736E
:10E0A800EA8A1B4E5343ADF80C200293BCE80F00DC
:10E0B8000FC69CE8070086E807006C606846019474
:10E0C8008DF80E8001F006F8044648B10246114961
:10E0D800022022F02BF897E7002EA5D1A4B2CDE7B5
:10E0E8001C222946022001F0FFFD044600288BD19E
:10E0F80087F8B28088E700BF50EF0020BE01040017
:10E108005E730400CD010400F8010400110204004C
:10E1180008F000202F02040070B50025A0B07C2272
:10E12800294601A8009526F010FB03F0ABF9224B15
:10E13800224904462846B3F9EC6021F0F7FF6A4605
:10E148001F4920481AF06CF8A84203DC68461E49AB
:10E1580026F032FC002062681C4921F0E7FF6A467D
:10E1680000201B4921F0E2FF6A461A491A481AF0B2
:10E1780057F8002803DC6846134926F01DFC6A4658
:10E188000020164921F0D2FF40F2E7339E420CD11D
:10E1980068460D4926F010FC6A460020104921F017
:10E1A800C5FFFFF7A3FB20B070BD324668460D4996
:10E1B8001FF0E0FFF0E700BF50EF00204F0204001F
:10E1C80074140400650204005A3804006D02040047
:10E1D800850204009D020400B4020400C102040088
:10E1E800D9020400A856040070B5C0B0064611A8AC
:10E1F80000F090FE054640B102202D4921F096FF1F
:10E208006FF03C04204640B070BD00F0FBFE0446B1
:10E2180026B9002823DC00202649EFE728462649AE
:10E2280021F084FF9DF8FE30284600939DF8822057
:10E238009DF8C030214921F079FF002CEBDD2846FC
:10E2480022461F4921F072FF06A9A0B200F0A2FEE3
:10E25800054658B101201B4921F068FFD2E706A9FD
:10E2680080B200F097FE0028CCD0F3E703A99DF810
:10E278001A0001F009F92846134903AA21F056FFAC
:10E28800124B93F80231022BBCD12846BDF820204E
:10E298000F4921F04BFF2846BDF822200D4921F0F7
:10E2A80045FF2846BDF824200B4921F03FFFA9E788
:10E2B800F2020400130304002D0304007B0304008E
:10E2C800BD030400D1030400FB03040050EF002049
:10E2D800100404002704040042040400F0B50446B6
:10E2E800A3B00120FFF780FF002C37D1274821F089
:10E2F80036FF22F0FFF80023254D85F8F030D5F8D9
:10E308000C310BB12046984795F8F130002B3BD0E3
:10E31800B5F80041002C37D000264FF47A734FF43B
:10E328000047314640F2E7305C434FF47A720023ED
:10E33800E4FB0701FAF758FC02460B4600210020CF
:10E34800CDE9000113481EF087FD3046B5F80021DD
:10E35800114923B0BDE8F04021F0E8BE00217C223D
:10E3680003A8029126F0F1F940F2E731204602AA0B
:10E3780001F08CFD05481CF031F8234601200749BF
:10E3880002AA21F0D3FEB4E723B0F0BDDCEC0020F4
:10E3980050EF0020F0E90020740404005904040040
:10E3A8002DE9F0411B4E0746737888463BB11A4960
:10E3B800022021F0BBFE6FF00C00BDE8F08133783D
:10E3C8000BB91649F4E796F8F03033B10220144936
:10E3D80021F0ACFE6FF00F00EFE712481BF0FEFFD4
:10E3E80040F201133D46A6F8F03006F1F4040FCDD3
:10E3F8000FC495E8030084E80300C6F80C813B7855
:10E408001BB1FFF729FD22F072F80D20FFF7D8F8AD
:10E418000020D2E750EF0020BE0104005E73040024
:10E428009C040400DCEC0020002208B5074BA3F88C
:10E43800F020074826F0E3F800F040FE05481BF0FE
:10E44800CDFFBDE8084022F055B800BF50EF0020CE
:10E45800F0E90020DCEC00202DE9F0470026AF4C65
:10E46800AF4FA8B04FF0FF324FF0FF33AD4806A9C9
:10E478001BF0CCFA9DF81820531E172B00F2388396
:10E48800DFE813F09F00A300360336033603A50028
:10E498007B02CC002E02AF01C301D401D102F402E9
:10E4A80080008B0095007A007E00180039005B0020
:10E4B800AB00C3000025DDF81C807C22294609A892
:10E4C8000DF12009089526F040F94A46B8F90210DE
:10E4D800B8F8000001F0DAFCB8F800303BB1924A15
:10E4E8009249CDF80090022021F020FE00E001259D
:10E4F80084F8A85018E00021DDF81C807C2209A8C7
:10E5080008AD089126F021F92A4640F2E731B8F81B
:10E51800000001F0BBFCB8F800304BB10220824A81
:10E528008349009521F002FE079826F0ACF899E798
:10E538008049184621F0FAFDF6E70025DDF81C9021
:10E548007C22294609A80DF12008089526F0FDF837
:10E55800424640F2E731B9F8040001F097FCB9F8F7
:10E56800043023B1704A7449CDF80080BBE701221A
:10E57800724984F8A820DCE7012384F8AD30D3E79A
:10E588000023FAE70025012084F8AE50FFF718F8B9
:10E59800FFF796FC6A492846CCE70025012084F855
:10E5A800AF50FFF70DF8FFF78BFC6649F3E700253E
:10E5B800012084F8B050FFF703F8FFF781FC6249A7
:10E5C800E9E7012384F8D530AEE70023FAE7D4F869
:10E5D8002831002BA8D09847A6E7079D02F052FFE4
:10E5E80095F9002062B990F93030C28D5749012061
:10E5F80021F09CFD01236370554821F0B0FD93E79D
:10E608000220544921F092FDF6E7079B1A881AB1B7
:10E618000220514921F08AFD5048EEE700217C2272
:10E6280009A8079D089126F090F840F2E732B5F95D
:10E638000230934218BFA4F8EC30B5F80080B8F166
:10E64800000F00F09F800DF120094A46B5F902102D
:10E65800404601F01BFCB5F90230CDF808902A8835
:10E6680002200192EA883E4900922F4A21F05EFD7D
:10E67800002140F6CD401DF04BFC19F01DFF01466E
:10E6880010B1384822F07AFE4FF420320023364881
:10E6980021F067FD20B10220234A344921F046FDCC
:10E6A800002140F6CD401DF033FC1AF071F9024606
:10E6B80018B102202E4921F039FD4FF420320023F1
:10E6C800294821F04EFD002871D00220164A294918
:10E6D80021F02CFD02F0D6FE05461AF039F9034662
:10E6E80020B10220244A254921F020FD4FF4203290
:10E6F80000231D4821F035FD00285BD002201E4A6A
:10E708001F4921F013FDFEF723FE95F80A80B8F1A2
:10E71800000F5FD0E87AFEF753FE05E750EF0020C0
:10E728000000D03FC0EB0020430E0400B9040400F1
:10E73800E0040400090504001C0504004B0504005E
:10E748006205040075050400880504009E050400A0
:10E75800FCEC0020F705040018060400ECEC00208F
:10E7680047060400BB0604009CEC0020EB060400EE
:10E778001E0704004A0704000E0E04007A0704006E
:10E78800A707040040F6CD4000211DF0C1FBB4F8F6
:10E79800AA30012B3FF66CAF4046BE4921F0C6FCBB
:10E7A8004046B5F90220BC4921F0C0FC60E7FEF7FD
:10E7B800B7FF8FE7FFF79AF894F83030002BA2D113
:10E7C8002B89042B9FD10220B44921F0AFFC0123EF
:10E7D8002B8198E7B249404621F0A8FCB149404650
:10E7E800A8E6079BB3F9142002EBD2714910CDE9D2
:10E7F8000221B3F91620AC4901921A690092D3E9B3
:10E808000023012021F092FC8EE6079BB3F90C202F
:10E8180002EBD2714910CDE90221B3F90E20A349C8
:10E8280001929A680092D3E90023EAE74FF00008C2
:10E83800079D7C22414609A80DF12009CDF82080CA
:10E8480025F083FF4946287F01F090FB94F8D530E6
:10E85800CBB1B5F9283003EBD3735B100493B5F94A
:10E868002A00F9F7BFFD32463B46F9F725FECDE908
:10E878000201CDF80490AB69404600938C49D5E974
:10E88800022321F053FC95F81C80B8F1000F1FD12A
:10E8980094F8D530E3B195F83C30EA8F40460092C1
:10E8A80084491A4621F042FC6B7F012B05D1404672
:10E8B800B5F84020804921F039FCB5F9441095F8A5
:10E8C800423095F83020002000917C4921F02EFC40
:10E8D800D4F81431002B3FF427AE2846984723E696
:10E8E800079D28460BF0E4FA00287FF41DAED4F803
:10E8F8002031002B3BD1AB6A4FF000080393B5F9E8
:10E908000430DFF8E4A103EBD3735B100293B5F98D
:10E918000600F9F767FD0022694BF9F7CDFDCDE94F
:10E9280000010020D5E90823664921F0FFFB05F125
:10E938003009AB6A43450CD908AB03EB08005146D4
:10E9480019F8012F08F101081FF014FCB8F1800F25
:10E95800EFD108F1A0030DEB0308002308F87F3C72
:10E968000120AA6A584908AB21F0E0FBDCE52846FB
:10E97800984700287FF4D8ADBDE740F2E732079DFD
:10E98800B5F90C30934218BFA4F8EC30B5F80E80F6
:10E99800B8F1000F24D04FF000087C22414609A8A6
:10E9A800CDF8208025F0D1FEB5F90C10E88908AA29
:10E9B80001F06CFAAB683C2B03D1E88900F02CFE1F
:10E9C800B2E5D4F8B82093422AD121F093FD022071
:10E9D8003E4A3F4908AB21F0A9FB84F8B280A3E581
:10E9E800AB68D4F8B820934216D1DFF800C108AD5F
:10E9F800BCE80F000FC59CE8070085E80700012167
:10EA080008A8FFF7F3FA00283FF48EAD84F8B28027
:10EA180021F070FD2F49E2E63C2B01D14046CDE7BD
:10EA2800D4F8243156E794F8F0304BB994F8F13023
:10EA3800002B3FF479ADB4F80031002B3FF474ADEE
:10EA480094F8F4301BB1FFF707FA21F050FD224982
:10EA5800224800F09DFB024600283FF465AD0220E5
:10EA68001F4921F063FBFFF7DFFC5DE5D4F8B03008
:10EA780023F07F4323F0FF03002B3FF455AD002024
:10EA880000F0CAFD00F068FB00283FF44DAD0220FD
:10EA980014494FE5820604009A060400D4070400CE
:10EAA800100804002A0804006E080400B2080400D4
:10EAB800F60804004E09040087090400BE35040066
:10EAC8000000D03F99090400DC090400430E04004B
:10EAD800090A0400210A0400E5E2000044F00020CD
:10EAE8002A0A0400450A0400D609040008F0002098
:10EAF8000120024921F01AFB16E500BF620A040052
:10EB080010B50446FEF7F2FB38B102200C4921F09B
:10EB18000DFB6FF00F04204610BDFFF79DF9022092
:10EB2800FEF74EFD0122074B204683F8AE2005F084
:10EB380053FF04460028EED00F20FEF741FDEAE718
:10EB4800870A040050EF002010B50446FEF7CEFBFC
:10EB580038B102200C4921F0E9FA6FF00F04204681
:10EB680010BDFFF779F90220FEF72AFD0122074BB5
:10EB7800204683F8AF2004F09BFC04460028EED022
:10EB88001020FEF71DFDEAE7CF0A040050EF002031
:10EB980010B50446FEF7AAFB38B102200C4921F053
:10EBA800C5FA6FF00F04204610BDFFF755F9022093
:10EBB800FEF706FD0122074B204683F8B020FAF73E
:10EBC800C3F904460028EED01120FEF7F9FCEAE765
:10EBD800120B040050EF0020014B1878704700BF5B
:10EBE80050EF002084B0F8B5164F06AC84E80F004B
:10EBF8003B7853B90220144A144921F097FA6FF070
:10EC08000C00BDE8F84004B0704797F8F03013B92D
:10EC1800B7F8AE603EB102200B4A0D4921F086FAE2
:10EC28006FF00F00EDE707F5887406AD0FCD0FC440
:10EC380095E80F0084E80F000123304687F8B130CB
:10EC4800DFE700BF50EF0020690D0400580B0400F7
:10EC5800760B0400002110B5084C202204F58870BA
:10EC680084F8B11025F071FDD4F83031C4F81431AE
:10EC7800D4F83431C4F8203110BD00BF50EF002063
:10EC8800034BD3F82C3103B118470AF07BBC00BF03
:10EC980050EF002038B50B4B05465C7834B10A4973
:10ECA800022021F043FA6FF00C0038BD1B780BB935
:10ECB8000649F5E7FEF74CFB2846FEF781FB2046A0
:10ECC800F3E700BF50EF0020BE0104005E730400AC
:10ECD80010B50D4B5A783AB10C49022021F026FAAA
:10ECE8006FF00C04204610BD1B780BB90849F4E7F7
:10ECF80019F0C2FB04460028F4D002460549022058
:10ED080021F014FAEEE700BF50EF0020BE01040026
:10ED18005E730400C60B04002DE9F047414D074619
:10ED28006B78A4B04BB14049022021F0FFF96FF095
:10ED38000C04204624B0BDE8F0872B780BB93B497A
:10ED4800F2E7FEF7D3FA28B10120394921F0EEF9AC
:10ED5800FFF782F801F018F88946804602F092FB26
:10ED680082460120FFF708F94FF4873C0446DAF899
:10ED780040000E46A0FB0C0EDAF844104FF47A72ED
:10ED880000230CFB01E1F9F72FFF462314EB0804DD
:10ED980046EB0906001946EB0106CDE90006684670
:10EDA80002938DF80C7019F067FD0023024685F870
:10EDB800A83018B102201F4921F0B8F94FF42032C9
:10EDC80000231D4821F0CDF9044640B102201B4A1A
:10EDD8001B4921F0ABF9002385F8A830A9E70146C3
:10EDE8007C22049005A825F0B0FC384604A901F05F
:10EDF800D3F895F8A8303BB1124985F8A97004AA50
:10EE0800204621F093F994E704AA02200E4921F044
:10EE18008DF904A995F8A90001F0BEF80B4902463E
:10EE2800EEE700BF50EF0020BE0104005E7304004F
:10EE3800F50B04005E0C0400BCEC00204C0D040033
:10EE48008F0C0400C00C0400E30C04000F0D040038
:10EE580038B50025054CA37C2570022B05D1A06B85
:10EE680018B125F010FCA563A58738BDB0F10020C6
:10EE7800002200232DE9F04186B0CDE900233C2390
:10EE8800214F0293FB8DADF80C303B6A0493182395
:10EE98008DF8143002F0F6FA06460020FFF76CF8F9
:10EEA8004FF4873C0446306C0D46A0FB0C01D6F8A5
:10EEB80044E04FF47A7200230CFB0E11F9F794FE2C
:10EEC8008846064600F060FF241845EB0105A419A2
:10EED80045EB08056846CDE9004519F077FC024680
:10EEE80050B10220094921F021F9FFF7B1FFD7F805
:10EEF800AC3523B10420984706B0BDE8F081184628
:10EF0800034921F013F9F7E7B0F10020E6200400E7
:10EF18007B0E040070B51B4D04462E7876BB48B9AD
:10EF280019491A487F231A4A22F099FA7F2118486A
:10EF380022F08CFAAB8B05F2F241038095F8F024AD
:10EF4800023080F83C20520025F0D8FB95F82E2599
:10EF580005F5A66184F87C2004F14000520025F0F4
:10EF6800CDFB95F86C2505F26E5184F8BA2004F1B2
:10EF78007E00520025F0C2FB304670BD6FF00F00D6
:10EF8800FBE700BFB0F10020B50E04004272030099
:10EF98008B0E040070B5174C0D46237833BB31B186
:10EFA8002246E18F99420CDC6FF03C001BE01249CD
:10EFB80012489823124A22F052FA9821104822F057
:10EFC80045FAB2F84060283286420DD1282202FB69
:10EFD800034440340FCC0FC50FCC0FC594E8030091
:10EFE80085E80300002070BD0133DBE76FF00F00F8
:10EFF800F9E700BFB0F10020B50E0400427203002B
:10F008008B0E0400F0B52C490A78002A4DD10C4625
:10F0180008467F261346CD8F954202DC7BB1184601
:10F02800F0BD90F84270012F06D190F94370B742B5
:10F03800BCBF3E46B0F8403001322830ECE78A7C4D
:10F04800022A35D118461F464FF47A721A4EBD422D
:10F0580018DC0026184FB5421EDC012BE0D900232E
:10F06800B1F84A109D42DBDDB4F84C60964206D1F7
:10F07800B4F84A608E423CBF3146B4F840000133D0
:10F088002834EFE7B6F84CC0013794453CBFB6F8D2
:10F09800400062462836DAE7B7F84CC00136944596
:10F0A80004BF01339BB22837D5E76FF00F00B7E7ED
:10F0B8004FF0FF30B4E700BFB0F1002008B5FFF70C
:10F0C800C7FEBDE808400020014921F02FB800BF65
:10F0D800C40E0400F8B51D4F0446B86B08B125F0FE
:10F0E800D2FA4FF4B6620021184825F02EFB40F200
:10F0F8008113BB850CB90020F8BD4FF00A0EA36838
:10F108004FF0300CB3FBFEF326460CFB03F33B62D7
:10F1180063680F4DFB850FCE0FC596E8030085E8A1
:10F128000300A57B022DE6D1A0686146B0FBFEF086
:10F138001E30B88725F0AEFAB8630028DBD1284620
:10F14800044920F0F3FF6FF00B00D5E7B0F1002081
:10F15800B4F10020D80E040030B587B06C460A4DD3
:10F168000FCD0FC495E8030084E803006846FFF755
:10F17800B1FF044620B102460449022020F0D6FF20
:10F18800204607B030BD00BFB4F10020240F0400B2
:10F198002DE9F0410546884602F074F907462846ED
:10F1A800FFF798FF044638B102461049022020F0C4
:10F1B800BDFF2046BDE8F08101230D4EC6F8AC85A1
:10F1C80033706B681BB9388900F0AEFEF0850948CA
:10F1D80000F064FD034628B10220074A074920F0E1
:10F1E800A5FFE6E7336AAA680549F8E74A0F04006D
:10F1F800B0F10020B4F100209A1504006E0F04004D
:10F20800A30F04002DE9F843574B002840F0A680CF
:10F2180059B9564940F2EA23554A564822F01FF98F
:10F2280040F2EA21524822F011F9D3E90C200243B6
:10F2380004BFD1E90245C3E90C454A8AF02A40F2E5
:10F2480083804D4940F2F623494A4A4822F007F99B
:10F2580040F2F621E6E74A6993F812E09257002A4D
:10F268001EDDB3F8269009F10109A3F82690BEF136
:10F27800020F3BD03A46174601364A8AB242EADCC8
:10F288009A8C013292B29A841B8A002B6AD064212C
:10F298004B439A4266D1BDE8F8430E20FEF790B979
:10F2A80006D1B3F8289009F10109A3F82890DEE700
:10F2B80093F92C90914593F92D90B8BF83F82C20A1
:10F2C8009145C8BF83F82D20BEF1020FD2D1052881
:10F2D80011DD3A462F2D17DD284940F22133244A03
:10F2E800244822F0BCF840F221319BE70528F0DCE5
:10F2F8004FF0010C04E0A242B8BF224654B23A468D
:10F3080001300628B7D1E5E7986BBCF1000F18BFAC
:10F31800144648B91A4940F22D33154A154822F0C7
:10F328009EF840F22D317DE79F8CB3F83CC0BC4578
:10F3380088BF08FB07004FF0000C88BF4455012028
:10F348006FF07F04013596E7002501202E46AC4674
:10F358001E276FF07F044FF030088EE75A8D013278
:10F368005A858DE7BDE8F883B0F10020D50F040079
:10F378008B0E040042720300ED0F04001910040004
:10F388002A1004002DE9F04704468EB028220021F7
:10F3980004A825F0DAF92368374D0693A368079384
:10F3A800237C8DF826306368ADF82830E3686B431A
:10F3B8000B9302F067F8824600F0E6FCE38A064603
:10F3C800894613B118238DF82130607CF8B175197E
:10F3D80049F10003CDE90453A369002027490C93A0
:10F3E80020F0A4FEE36800200093626894F91030CE
:10F3F800234920F09BFE04A800F0FAFD024618B14C
:10F408000220204920F092FE0EB0BDE8F087FEF7FA
:10F41800B3FD4FF487358046DAF840000F46A0FB6D
:10F428000501DAF844C04FF47A72002305FB0C1189
:10F43800F9F7DAFB031841EB01021B1841EB020153
:10F448000DF10F009E1949EB0105FEF76FFD30B174
:10F4580018EB060647EB0507CDE90467BCE79DF8FE
:10F468000F90B9F1000FF3D100F052FE0028EFD051
:10F478004E464F46F0E700BF00B01E042D030400BF
:10F488004E10040088100400012810B50A4B0C46E1
:10F4980006D10A4A0A4920461EF06CFE204610BDD5
:10F4A800022802D1074A0849F5E7032807BF074A97
:10F4B8000749084A0849EEE7A8100400AD100400FF
:10F4C800B3100400BC100400C2100400CF100400E4
:10F4D800D5100400DE100400E41004002DE9F04FFC
:10F4E8008FB001F0CFFF3D4D0746E88F28B93C4962
:10F4F8000FB0BDE8F04F20F019BE0020394920F0C8
:10F5080015FE2C460026DFF80091DFF800A1DFF891
:10F5180000B1EB8FB34206DC0020334920F006FE31
:10F528000FB0BDE8F08F49460020B4F8402020F025
:10F53800FDFDB4F846205146002020F0F7FD94F96F
:10F54800433095F906209A4241DA2849DFF8C48009
:10F5580007A825F031FACDF8008094F9433000204F
:10F56800234907AA20F0E2FD002094F9442021490C
:10F5780020F0DCFDAB7C022B26D10AA994F84200CE
:10F58800FFF782FF00201C4920F0D0FDB4F84C3072
:10F5980000200193B4F84A3018490093B4F8483071
:10F5A8002A6A20F0C3FDD4E91823CDE90423D4E95D
:10F5B8001623CDE902237B7C0020CDE90083104986
:10F5C8000AAB07AA20F0B2FD01362834A1E795F965
:10F5D80007209A42B4BF59460A49B7E7B0F100205C
:10F5E800F01004000A11040052120400CF100400A5
:10F5F800561104007111040089110400A6110400B9
:10F60800F9110400AD100400281104003F11040092
:10F61800BC100400A81004002DE9F04FB04CADF266
:10F628006C4D0790A083002840F0B48201F02AFFB7
:10F638000F90E08DFFF724FB28220546E38FA949A8
:10F6480002FB0343E28D0798A3F8402094F82C208E
:10F6580083F8432094F82D2083F84420A28CA3F843
:10F66800462020F063FDD4E90C239F49079820F039
:10F678005DFDE28D9D49079820F058FD1DB19C491C
:10F68800079820F053FDA28C00209A4920F04EFDE7
:10F69800E28C1AB10020984920F048FD228D1AB159
:10F6A8000020964920F042FD628D1AB1002094494D
:10F6B80020F03CFDE08DFFF7E3FA94F92C3094F943
:10F6C800062005469A4270DA8E491AA825F074F980
:10F6D800A37C012B57D04FF00009CDF828908A4B16
:10F6E8000020009389491AAA94F92C3020F01EFDB5
:10F6F800002094F92D20864920F018FDB9F1000F5B
:10F7080040F09C80A37C022B00F0A080744AD38F29
:10F718000133D387724C2378002B00F04C820A9B6C
:10F72800002B40F04882A368002B40F044820F9BD6
:10F73800E58D188900F0ECFB854200F03C82002240
:10F748000023C4E90C230A9B6279C4E9093340F217
:10F758008113A3850F9BE18D188920F0CCFDE085EE
:10F76800002800F02882201D00F098FA034600289F
:10F7780000F037820220674A67490DF26C4DBDE8F8
:10F78800F04F20F0D3BC2822E38F02FB034303226F
:10F7980083F8422094F86C355A1C84F86C25E28D65
:10F7A80004EB4303A3F86E2595E794F907209A42E2
:10F7B8002ADB5A491AA825F0FFF8637DE28D0A93DF
:10F7C800E38A934202D055B1237E43B100205449C5
:10F7D80020F0ACFC00234FF001090A937FE7A17CDD
:10F7E80001290ED12820E38F00FB034383F8421040
:10F7F80094F8F034591C04EB430384F8F014A3F88C
:10F80800F2244FF000096AE746491AA825F0D4F80F
:10F81800A37C012B7FF45FAF2822E38F02FB034315
:10F82800022283F8422094F82E355A1C84F82E259B
:10F83800E28D03F5267324F813204CE7002038499D
:10F8480020F074FCA37C022B7FF464AF4FF0000A15
:10F8580089F001030D9301F015FED0465746204C60
:10F868001090CDF838A0CDF830A0A38C984504DAD4
:10F87800A38F984501DA257865B90C9B002B40F0D9
:10F88800DE800120284920F051FCB9F1000F3FF437
:10F898003DAF3FE7002330229B461E4602FB08F29D
:10F8A8008DF868301192A36B119A33449B56002B44
:10F8B8000B933DDD1D4913A825F07EF82822E38F20
:10F8C80002FB0343B3F84E200132A3F84E20B3F8ED
:10F8D8004C200132A3F84C202F46089539E000BF90
:10F8E800B0F100202D0304007D120400AC120400C6
:10F8F800D7120400021304002D1304005813040047
:10F9080083130400CF100400A8100400C1130400DE
:10F91800F0130400771504006E0F0400AD10040006
:10F92800AE130400BC10040077140400DE100400B9
:10F938002ED1AE4913A825F03FF828222F46E38F91
:10F9480002FB0343B3F850200132A3F850200B9B6D
:10F9580008931AA8F9F78AF9A54B0DF1680C0193D9
:10F96800A24BA449009313AA0B9B60441EF002FC0F
:10F97800172E3AD11AA8F9F779F91AAB18449E4903
:10F9880025F01AF8089B0BB10BF1010B18268AE732
:10F9980094F906200B99E38F8A424FF028020BDA7C
:10F9A80002FB0343B3F84C2094490132A3F84C20DE
:10F9B80013A825F001F88FE794F907100B9802FBBC
:10F9C800034381420ADBB3F848208D49013213A86A
:10F9D800A3F8482024F0F0FF0895BAE7B3F84A20C6
:10F9E80088490132A3F84A20E2E7089B0BB10BF1E2
:10F9F800010B0136302E7FF456AF08F101088FB1A4
:10FA0800237D83B11AAB0E990293D4E90C321AEB19
:10FA1800030341EB0202CDE90032002042467A4955
:10FA280020F084FB00270C9B5B440C93774B1AEB6C
:10FA380003039A460E9B43F100030E9315E7282310
:10FA4800E58F0C9803FB0545F8F7BCFC06460F4606
:10FA5800B5F848804046F8F7B5FC32463B46F8F71B
:10FA680055FE00226A4BF8F727FD8246B5F84A0092
:10FA78008B464044F8F7B6FC32463B46F8F746FE5C
:10FA88000022634BF8F718FD109B0646587C0F467A
:10FA9800F8F7A8FCCDE9080102460B46504659463E
:10FAA800F8F790FF00284DD00D9B63B1012385F82E
:10FAB800423094F8F0345A1C84F8F024E28D04EBB8
:10FAC8004303A3F8F22401202825524C16A9FFF776
:10FAD800DBFC0020504920F029FBE38F002005FBC8
:10FAE8000343B3F84E204D490392B3F850200292D5
:10FAF800B3F84C200192B3F84A200092B3F848308A
:10FB0800226A20F013FBE38FA28C05FB0343C3E9B1
:10FB180016ABC3E91867A38F9A4203D9012040495D
:10FB280020F004FBCDE90467CDE902AB109B00206F
:10FB38005B7C3C4901932E4B13AA009316AB20F033
:10FB4800F5FAA2E6DDE9082330463946F8F73AFF28
:10FB58000D9B78B163B1022385F8423094F82E35B5
:10FB68005A1C84F82E25E28D03F5267324F81320F9
:10FB78000220A9E763B1032385F8423094F86C3575
:10FB88005A1C84F86C25E28D04EB4303A3F86E2518
:10FB9800032099E700217C221BA81A9124F0D5FDA7
:10FBA80040F2E7311AAA079800F070F901201E49BF
:10FBB8001AAA20F0BBFAFFF74BF9164AD2F8AC356F
:10FBC8002BB107980DF26C4DBDE8F04F184712782D
:10FBD8003AB1184615490DF26C4DBDE8F04F20F0CA
:10FBE800A5BA0DF26C4DBDE8F08F00BFDE10040021
:10FBF800A81004001B14040026140400CF100400ED
:10FC0800AD100400BC1004002A140400008C0A0083
:10FC180000005940B0F10020891104008D1404003F
:10FC280014150400F91104005E1504007B0E04008D
:10FC380073B5174C174D184E4FF0FF324FF0FF3386
:10FC48006946204619F0E2FE9DF80020022A07D0F6
:10FC5800032A0CD0012A18D10198FFF709F902E00C
:10FC68000198FFF78FFB019824F00DFDE4E7019A56
:10FC78001368002BF7D05068984702460028F2D046
:10FC88002946012020F052FAEDE73146F9E700BF96
:10FC980070EC0020B3150400D815040013B5044611
:10FCA80018201DF0F1FA0190C8B1234604F118029A
:10FCB80053F8041B934240F8041BF9D101238DF833
:10FCC8000030002200236946064824F01BFB20B1BF
:10FCD800019824F0D8FC6FF0680002B010BD6FF0F6
:10FCE8000B00FAE770EC002073B5054610460E4687
:10FCF80014461DF0C9FA019098B12246314624F005
:10FD0800FDFC8DF80050002200236946064824F0C7
:10FD1800F9FA20B1019824F0B6FC6FF0680002B03F
:10FD280070BD6FF00B00FAE770EC002038B51CF0DE
:10FD380079FF04460D461CF075FF124AC0F30E0306
:10FD4800A3FB0231E00B40EA4540DB0B43EA4143A9
:10FD5800A0FB0201ED0B02FB051118184FF47A7293
:10FD68004FF0000341F10001F8F73EFF4FF48734EC
:10FD7800A0FB04054FF47A72002304FB0151F8F745
:10FD880033FF38BD00CA9A3B38B5FFF7CFFF064DA1
:10FD9800064AD5E90045D2E900321B1B62EB050291
:10FDA800181842EB010138BD68F8002070F80020EF
:10FDB80010B5084BD0E90012D3E900408C429041BD
:10FDC80006D2C3E90012FFF7B1FF034BC3E90001F4
:10FDD80010BD00BF70F8002068F800200129034614
:10FDE80011D1072813D84000431C042A0FD803EB6D
:10FDF8000213084A32F91300431C0AD00028B8BF7E
:10FE08000730C0107047042A01D80F28EEE74FF0DA
:10FE1800FF307047247103000F28014608B503D945
:10FE2800034821F0ABFA0F21024B585608BD00BF1A
:10FE38000A1604001E1A04000023064A12F9011BC0
:10FE4800814201DBD8B270470133102BF6D10F2065
:10FE5800704700BF1E1A040010B514460368024616
:10FE6800B3F1FF3F05D10A46204607491EF082F943
:10FE780007E08B4200F10800F0D12046516824F0D9
:10FE88009BFD204610BD00BF2D16040070B5064628
:10FE98001446CEB00D464FF48C720F4908A824F0D2
:10FEA8002DFC2246314608A8FFF7D6FF40F2E7337B
:10FEB8009D420AD16846094924F07EFD69462046DC
:10FEC80024F05EFD20464EB070BD2A4668460449BF
:10FED8001EF050F9F2E700BFA05F030059160400B6
:10FEE80076160400F0B587B06C4606460F46074DF7
:10FEF8000FCD0FC495E803003A4684E80300314665
:10FF08006846FFF7A9FF07B0F0BD00BFB86003005F
:10FF1800013880B215289ABF024B33F81000002030
:10FF2800704700BFF8700300013880B215289ABFE7
:10FF3800024B33F810000020704700BFCC7003005C
:10FF4800F0B589B06C4606460F46074D0FCD0FC475
:10FF580095E80F0084E80F003A4631466846FFF7F7
:10FF68007BFF09B0F0BD00BFD0600300F0B589B0D9
:10FF78006C4606460F46074D0FCD0FC495E80F0097
:10FF880084E80F003A4631466846FFF765FF09B036
:10FF9800F0BD00BFF0600300F0B589B06C460646BE
:10FFA8000F46074D0FCD0FC495E80F0084E80F00EA
:10FFB8003A4631466846FFF74FFF09B0F0BD00BF2B
:10FFC80010610300002330B5084A32F8235002EBD1
:10FFD8008304854203D1002063880B8030BD013340
:10FFE8001E2BF2D14FF0FF30F8E700BFBA450120D1
:08FFF800F0B4114C0022238833
:020000040001F9
:1000000085681E2B04BF00232380068B21880D4B9F
:1000100033F822C003EB820765450CD001321E2A5B
:10002000F6D123F8215003EB810301315E8021805A
:10003000F0BC18F065BA23F822507E80F8E700BFC4
:10004000B8450120BA45012073B5054610460E4655
:1000500014461DF01DF9019098B12246314624F056
:1000600051FB8DF80050002200236946064824F019
:100070004DF920B1019824F00AFB6FF0680002B03E
:1000800070BD6FF00B00FAE794EB002002460B46C0
:10009000014819F0A5BD00BF80EB0020014819F010
:1000A0006FBE00BF80EB0020002307B58DF8000075
:1000B0000193002200236946044824F027F9002810
:1000C00018BF6FF0680003B05DF804FB94EB0020EC
:1000D00000200C4BC3E900330B4BC3E900330B4B3F
:1000E000187058600A4BD3E8EF2FC3E8E10F0029DE
:1000F000F9D1084BD3E8EF2FC3E8E10F0029F9D17C
:10010000704700BF943101208C3101209C310120C7
:10011000A8310120A4310120024B1868C31A5842AB
:1001200058417047943101204FF0FF3110B504461B
:100130004FF0FF30FFF7AAFF0D4A1168914209D135
:10014000FFF7ACFF002010BDA14206D0104620F002
:100150002AF901460029F7D1F2E7D1E9003213600C
:100160005A600023C1E90033FFF798FF0120EAE756
:100170009431012038B54FF0FF3105464FF0FF3084
:10018000FFF784FF0D4A146894420CD10024FFF756
:1001900085FF204638BDE368AB4207D021461046B4
:1001A00020F001F90446002CF5D1F0E7D4E9003243
:1001B00013605A600023C4E90033E8E7943101205A
:1001C0004FF0FF3110B504464FF0FF30FFF75EFFF0
:1001D0000A4A116891420BD10024FFF75FFF2046C5
:1001E00010BDCB68A34206D0104620F0DCF80146D3
:1001F0000029F6D1F0E70124EFE700BF9431012098
:1002000073B505460E464FF0FF304FF0FF311446F0
:10021000FFF73CFF164A116891420DD12B46022090
:10022000144A15491FF086FF10E0CB68AB4212D08C
:10023000104620F0B8F801460029F6D1EEE7D1F8D3
:100240008C0058B12246314624F05CFA02B0BDE879
:100250007040FFF723BFB4F52F7FF0D94FF42F7311
:1002600002200093034A234604491FF063FFEDE791
:100270009431012057230400671A04002E1A040049
:1002800070B506460C464FF0FF304FF0FF31154673
:10029000FFF7FCFE194A116891420AD1BDE870408F
:1002A000FFF7FCBECB68B3421ED0104620F07BF8AF
:1002B00001460029F6D1F1E7012D0BD01049114874
:1002C00040F29313104A21F0CEF840F293110E48F9
:1002D00021F0C0F82368C1F879306368C1F87D3037
:1002E0002389A1F88130D9E7002DE5D12368C1F831
:1002F0007930237981F87D30D0E700BF9431012037
:10030000D61A0400427203009C1A0400F8B506468F
:100310000F464FF0FF304FF0FF3114461D46FFF7F8
:10032000B5FE184A1168914214D1BDE8F840FFF7B4
:10033000B5BECB68B34209D3BB4207D801F17903FC
:100340005DB92068C1F8790020791871104620F055
:100350002AF801460029ECD1E7E7012D0BD00A4924
:100360000A4840F2AB130A4A21F07DF840F2AB1183
:10037000074821F06FF8206818606068586020898D
:100380001881E3E794310120D61A04004272030079
:100390009C1A040070B54FF0FF3106464FF0FF3055
:1003A00015461C46FFF772FE0C4A116891420AD1AD
:1003B000BDE87040FFF772BECB68B34206D010466E
:1003C0001FF0F1FF01460029F6D1F1E7D1E914321F
:1003D0005B1944EB0204C1E91434E9E794310120CC
:1003E00038B5F0210546012024F058F9044628B913
:1003F0000749084820F0C6FF204638BD082303728D
:100400000023C0F88C30037400F118032B60F3E76D
:1004100000230400FB1A040038B5F0210546012032
:1004200024F03CF9044628B90749084820F0AAFFFF
:10043000204638BD052303720023C0F88C300374B6
:1004400000F118032B60F3E7CC220400FB1A040030
:10045000D0E900210A6051600022C0E90022054B6A
:10046000D3E8EF1F0139C3E8E21F002AF8D120F0DA
:1004700022B800BFA4310120F0B506460D4685B074
:1004800089B9234A87681468944209D105B0F0BD40
:10049000E3689F4208D0214610461FF084FF0446BF
:1004A000002CF5D1F2E70C46237A03F0FD02012A75
:1004B00001D0062B0ED1D4F894305BB10123009308
:1004C0002046D4E914231FF099FFB8B9022011493E
:1004D0001FF030FEE16A19B1D4E914233046884791
:1004E000236B1BB1226C0AB9B0689847002DCDD19F
:1004F000204605B0BDE8F040FFF7AABF94F892305F
:1005000002908DF80C3002A8D4F894309847E1E7B7
:100510008C3101202F1B040010B5114A00241168F2
:1005200091421AD100200F491FF004FE22460020FC
:100530000D491FF0FFFD00200C491FF0FBFD0C4B87
:10054000D3E8AF2FBDE81040002007491FF0F2BDEF
:1005500010461FF028FF014601340029F8D1E1E7D9
:1005600094310120611B0400781B04008E1B0400E1
:10057000A43101202DE9F04F95B00446FDF7EEFCC3
:100580001290002C4ED0236D0C93636D0D93A36DD0
:100590000E930E9A9F4B002A08BF1A4694F85C30BF
:1005A0000E92002B42D04FF4615794F85E600C9B82
:1005B000A6FB076AF6180D9B43EB0A0AB4F86230F3
:1005C000626EA3FB0737002A1CBF13460027227A5E
:1005D0000F92129AB2184AF10001D3180B930F9B95
:1005E00047EB0107012B2FD0082B05D84FF4CA7316
:1005F0000F9AD340DB0727D40E9B0C9A0B999A18BD
:100600000D9B43F10003914277EB03011CD3CDE92D
:1006100002230B9B0220CDE900377F4AE3687F4924
:100620001FF088FD002015B0BDE8F08F4FF4E147C2
:1006300094F85D600C9BA6FB076AF6180D9B43EBD4
:100640000A0AB4F86030BBE74FF400400021FFF71E
:100650001DFD18B1012072491FF06CFD714B1A6825
:100660009A42119240F066816E4B5A68C4E900329A
:1006700014605C603FE14FF4E14995F85D80B5F8A6
:100680006020A8FB098B18EB01084CEB0B0BFAE080
:10069000227C002A5DD1CDE90839CDE9068BEB68D3
:1006A000CDE9006A04930B9B5B4ACDE902375E49B2
:1006B000E36801201FF03EFD4BE0DDE90C206045C2
:1006C00008BF8A4278D10E9A10998A4210D0EA68FF
:1006D00013930E9B0592E26802930C9B0492039184
:1006E000009301904C4A012050491FF023FD139BB9
:1006F0000B9A424577EB0B0227D3B34279EB0A0200
:1007000023D32A7A0F998A420ED8CDE90839CDE948
:10071000068BEB68CDE9006A04930B9B3E4ACDE95A
:1007200002374349E368E2E0227C92B9CDE9083917
:10073000CDE9068BEB68CDE9006A04930B9B364A42
:10074000CDE902373B49E368B3E746457AEB0B0B4B
:1007500005D26B68C4E900531C606C60CBE029468D
:1007600030481FF020FE864600283FF47DAFD0E9D8
:100770001421DDE90C30884208BF93420FD19EF866
:100780005C30A3B14FF4615C9EF85E30A3FB0C3C7F
:100790009B184CEB010C9E427AEB0C0C50D2DEF80D
:1007A0000430C4E900E31C60CEF80440A3E04FF439
:1007B000E14C9EF85D30E9E70B9A424577EB0B027E
:1007C0003ED3B34279EB0A023AD32A7A0F998A428E
:1007D0000ED8CDE90839CDE9068BEB68CDE9006A82
:1007E00004930B9B0C4ACDE902371349E3687EE082
:1007F000227C002AADD1CDE90839CDE9068BEB6822
:10080000CDE9006A04930B9B034ACDE902370B49FB
:10081000E3684EE7008C0A0032230400AA1B0400A0
:10082000081C040094310120D01C0400651D040044
:10083000D41D04006E1E0400031F04009D1F04004D
:10084000294643481FF0AFFD0546002D3FF40CAF8D
:10085000D5E9141CAB6D1093109A3E4B002A08BFCB
:100860001A4695F85C301092002B3FF404AF4FF419
:10087000615995F85E80B5F86220A8FB098B18EBEA
:1008800001084CEB0B0B6B6EA2FB0929002B1CBF64
:100890001A464FF00009129B5B184CF1000E9B1892
:1008A0000C9A49EB0E098A420D9A72EB0C02BFF4C6
:1008B00004AF0B9A424577EB0B02FFF44AAFB34209
:1008C00079EB0A02FFF445AF2A7A0F998A423FF684
:1008D000DFAECDE90839CDE9068BEB68CDE9006ADA
:1008E00004930B9B1C4ACDE902371C49E3680120A5
:1008F0001FF020FC0024FFF7D1FB154B119A9A4200
:100900001ED1174B5D68BDB14FF4004640F2E73091
:1009100000214FF47A720023E5FB0601F8F768F92D
:1009200002460B4600200021CDE900010D481CF0D5
:1009300097FA03E0119D88E71FF0E3FD204672E679
:1009400000220023CDE90023A4220023EEE700BF0C
:1009500094310120008C0A0032230400361C04006C
:100960009C31012060EA00202DE9F04FBFB04FF02C
:10097000FF334FF0FF329B4817A919F04BF89DF851
:100980005C300A93013B082B00F26E84DFE813F021
:100990000900DA03DF0310045B04C803D603600414
:1009A00066044FF0FF314FF0FF30FFF76FFB8E4BC7
:1009B000D3E8AF3F9BB21E2B88BF00238B4898BF64
:1009C0008B4A046898BFD35C84420D9300F09C80EE
:1009D000002C00F099804FF0000A21461FF0E3FC44
:1009E0004FF00108D146D3460490CDF814A0CDF8BD
:1009F0000C80002C00F08880FFF7CAF9236DCDE948
:100A000008010693636D0A460793069B181A079B15
:100A100063EB0101002957DAE368616A1E93089BC2
:100A20001D921C93734B1F9319B1DDE906231CA87B
:100A30008847E36A1BB121461CA8FFF71DFD1CA8CF
:100A40001FF0D0FB236C002B0DDD013B236453B959
:100A5000E363236B1BB121461CA8FFF70DFDA36ABE
:100A60000BB1E0689847E56BC5B1069B2046ED18D1
:100A7000079B43F10006FFF757FB237A2046052B1F
:100A800008BFC4E93456C4E91456FFF773FD0028C3
:100A900040F041835849594820F074FC039B13B13E
:100AA0002046FFF741FBB8F1000F02D020461FF0AF
:100AB00002FD049B002B00F0318319464B481FF0C8
:100AC00072FC049C049094E70D9B9A4505D3002288
:100AD0000023CDE90023A42212E0F7F7C3FC002293
:100AE000474BF7F717FE0022464B06460F46F7F72F
:100AF00077FF90B100220023CDE9002340F6CD42DC
:100B0000002341481CF0ACF9FFF7C8FA18980028F8
:100B10003FF42DAF23F0BBFD29E7334BD3E8AF3FC4
:100B20009BB2112B05D930463946F7F7A1FF7C2837
:100B3000CDD894F85C50002D45D04FF4615294F814
:100B40005E30A3FB02320699CB180B93079B43EB55
:100B500002030C932D4B1B78012B00F0B881237AF4
:100B600003F0FD02012A02D0062B40F05D81002235
:100B7000274B94F878101A77228F5A82E2689A608D
:100B8000A269DA600B9A1A600C9A5A6004F1790231
:100B9000F1B9D4F879001974137919908DF8683087
:100BA0001B4D19ABAB61D4F88C30002B38D11949EF
:100BB00040F28243184A194820F055FC40F2824125
:100BC000154820F047FC4FF4E14294F85D30B8E757
:100BD0000121D4F879001974516819AB03C3128943
:100BE0001A80DDE794EB0020A83101209431012028
:100BF0004E220400E7030A1A942204003220040063
:100C000000E0F04000407F4060EA00209C3101207D
:100C100078F800206B2004009C1A04004272030044
:100C2000B4F88A20C5E9083294F89030002B40F0DF
:100C3000C480A84DD4F8843094F898706B6194F80F
:100C400088306B74002F40F0BA8094F89130002BFC
:100C500000F0DF801822394624A823F07AFD00F046
:100C600015FC4FF4615390F83A20D4F818C05A4359
:100C7000119290F83920B4F81CE0A2FB03231593DD
:100C80005FFA8CF312936B8A149210930A9B0222E0
:100C9000139340F29B23CDE90E32CDF892708D4E26
:100CA0002AAD0FCE0FC50FCE0FC596E80300149BDB
:100CB00085E803002093159B8DF8967021930E9B79
:100CC00034ADCDE9223C0F9B20AE8DF89030109BC7
:100CD000ADF89830119BADF8A2E02793129B8DF8E8
:100CE000A030139B8DF8A1300FCE0FC50FCE0FC5CE
:100CF00096E8030085E803002AA817F0F7FC0546EC
:100D0000002800F08A80734B02469B687249734842
:100D100020F038FB616AB9B10023ADF87E30E3689A
:100D2000002D1E930B9B1CA81C930C9B1D9340F243
:100D3000E733ADF87C3041F60C2308BF0023ADF853
:100D40007E30D4E914238847E36A227A002B40F0EE
:100D5000CD80636B002B40F0C980531E012B00F245
:100D6000C780012A236C04D1D4F89410002940F0E4
:100D7000C980002B40F3CB804FF00109013B236475
:100D8000002B40F0F6800023226BE363A36A002A65
:100D900000F02181002B00F0BA80E0689847B6E0AF
:100DA0002F6A01212AA811F06BFD9DF8A830BB55D0
:100DB00001366B6A9E42F3D33BE70026F9E720AD8C
:100DC00004F1A8060FCE0FC50FCE0FC596E803009D
:100DD000D4F8A83085E803001493D4F8AC30D4F8E4
:100DE000B4C01593D4F8B03094F9BE700E9394F853
:100DF000B8300F93B4F8C0301093D4F8C430B4F8BE
:100E0000CAE0119394F8C830129394F8C930139340
:100E100045E7284617F0B8FB71E731481FF0C9FADB
:100E20000620FFF741F975E7052B15D12AAD04F12E
:100E3000D0060FCE0FC596E8030085E803002AA868
:100E400017F0C8FC054600283DD00346224A254934
:100E500002201FF06FF95DE7182200212EA823F071
:100E600078FC5DB34FF46152B4F86230A3FB0232F8
:100E7000626E2AA8002A18BF1346E26E2D92226FD6
:100E80003292228F3193ADF8C020E3682C9394F80E
:100E900074308DF8B8300023CDF8BA3094F868304B
:100EA0008DF8BE300B9B2A930C9B2B93FFF7A4F875
:100EB000054640B102462C9B0B49C9E74FF4E1427D
:100EC000B4F86030D2E706481FF073FA22E76FF0FB
:100ED0000A051FE778F800206D220400A92004000D
:100EE000A8310120E0200400082104004FF001098E
:100EF00002F0FD03012B01D0062A36D1D4F894303C
:100F0000002B32D0236C002B26DC01230593059B9C
:100F100020460093DDE906231FF070FA834600287F
:100F20005ED1E368994A9A4902201FF003F9994972
:100F3000E3681F91E16A1E93D4E91423CDE91C23D1
:100F4000002968D1236B13B1226C002A66D00023DC
:100F50004FF0010905930FE0013B2364002BD4D12E
:100F60004FF00109CDF814900DE7236C002B3FF7EB
:100F700005AFB9F1000FCAD1E66B002E00F0AE80CC
:100F8000D4E914372046F61847F10007FFF7CCF8EC
:100F900094F84430C4E9146733B1E368E26C013378
:100FA000934288BFA36CE360237A032B03D0062B04
:100FB00037D0012B4FD194F89930002B34D0D4F88E
:100FC000B030D4F8A02001339A4201D2D4F89C303A
:100FD000C4F8B03028E0002BCBD0E0689847C8E7D1
:100FE0006D4A1168914213D153686C48CBE90023D4
:100FF000C3F800B0C2F804B01FF0DBF9A7E7C86877
:10100000DBF80C309842A2D010461FF0CCF9014614
:101010000029F4D1E8E71CA8884793E7E0689847DF
:1010200095E794F8993073B92046FFF7A3FAB8B161
:10103000002D62D10AF101031FFA83FA4FF0010873
:10104000CDF80C8035E5D4F8B030D4F8A0200133C9
:101050009342BBD8BCE7052B08BFC4E93467E3E77C
:10106000E3680220494A4E491FF064F8A36A0BB1B5
:10107000E0689847236B73BBE3681E93089B1C933F
:10108000099B1D9340F2E733ADF87C3041F60C2309
:10109000ADF87E30BBF1000F03D059461CA8FFF716
:1010A000EBF91CA81FF09EF83E4BD3E8AF3F9BB274
:1010B0001E2B2CD84FF0000B3B4A12F803A0039BC9
:1010C00013B12046FFF730F8B8F1000FB6D0204634
:1010D0001FF0F1F9B2E7E0689847CDE795B1E36812
:1010E0000B351E93089B1C93099B1D9340F2E7331D
:1010F000ADF87C30CAD10023CAE74FF00008CDF824
:101100000C80ECE70AF101031FFA83FAD7E74FF0EE
:10111000000AD346D3E74FF0000891E70498D0E4E3
:10112000002022F069FD002200232048CDE90023A1
:1011300042F2676200231BF093FEE7E4002022F0F6
:101140005EFDE3E400211898FFF796F9DEE4124E05
:10115000189D3468B4423FF4D9AC05F11008002C56
:101160003FF4D4AC676B57B1B5F90A3042460193EE
:10117000B5F908300093EB68D5E90001B84721467E
:1011800030461FF010F90446E9E700BF942204003E
:1011900038210400E7030B1A8C310120A43101200F
:1011A00062210400A83101204E22040028EA002018
:1011B0004FF0FF304FF0FF31FEF768FF00252D4C58
:1011C0002368A3421DD16460FEF768FF2A4C2368A0
:1011D000A34229D10022294B6460D3E8EF1FC3E862
:1011E000E02F0028F9D12368A3423FF48FAC2449B3
:1011F00040F2D533234A244820F035F940F2D53166
:10120000DEE4606838B92149EC231E4A1E4820F00C
:101210002AF9EC21D4E4D0E9003213605A60C0E925
:1012200000551FF048F9CBE7606848B917494FF4FB
:101230007273144A144820F016F94FF47271BFE427
:10124000FFF706F9C3E7189B18681FF042F95DE441
:1012500001220F4B1A701EF0BFFF57E400220C4B07
:101260001A701EF0BCFF51E401200A9A09491EF0D1
:1012700061FF4BE4943101208C310120A431012025
:10128000F92104009C1A040042720300C9210400E1
:101290009C31012021220400014B5860002070473E
:1012A0009C310120014610B40E4BD3E8AF2F52B150
:1012B000501ED3E8EF4F944204D1C3E8EC0FBCF1C9
:1012C000000FF6D1F1D1084BD3E8AF3F002B05DD7D
:1012D000102202205DF8044BFEF7B6BE00205DF838
:1012E000044B7047A8310120A431012070B50B498F
:1012F00015461E46F7F7B4FC044660B9482230464E
:101300000749A847051E04DA2946064820F03AF89E
:101310002C46204670BD6FF00104FAE75F240400FC
:1013200040DB0020B3230400262313B5244A254CB8
:101330004FF00111C4E900230023C4E90213022184
:101340000DF1060011F09CFA4FF6FE72BDF8063062
:1013500044F60130B3FBF2F102FB11330133A381F8
:1013600041F288320023C4E9102340F2DA736FF0AF
:10137000540CC4E904036FF04603C4E906C30CF03F
:10138000FDFE044628B102460F4910481FF0FAFF3F
:1013900008E00F4820F068FE044630B101460D48D1
:1013A0001FF0F0FF204602B010BD0B480CF028FDE6
:1013B00004460028F6D0024603490848E6E700BF85
:1013C0007856341240DB0020F4240400E4230400A7
:1013D00088E2002064A804001D2404002F240400D7
:1013E00070B50146054648220C480CF0D7FC0C4B62
:1013F00004469E8930B102460A4902201EF09AFE38
:10140000204670BD29464822184623F07BF906493C
:10141000868120461EF08EFEF2E700BF4D240400B8
:1014200040DB00206F2404009924040038B54822D2
:101430000C490D480CF0B2FC0C4B04469D8930B1B0
:1014400002460B4902201EF075FE204638BD482298
:101450001846044923F056F90649858120461EF0B6
:1014600069FEF2E7886303004D24040040DB00209E
:10147000B4240400DE24040008B54822024923F005
:1014800041F9002008BD00BF40DB00200048704744
:1014900040DB002030B504460D4695B0502268462A
:1014A000044923F02FF92A4621466846FEF7D8FC66
:1014B00015B030BD30610300C289A2F5D0530A3B9C
:1014C000022B03D8034902201EF034BE0AB10249A0
:1014D000F9E77047B2250400ED2504000022044B13
:1014E0009A601A605A6040F281121A81704700BFF8
:1014F000F4E8002038B505460B4C48220021204670
:1015000023F027F9094BE36195F91000FEF798FCE9
:101510000F23638442F20F73E3844DF6F10384F8E2
:101520002100238538BD00BFF0FC00208101C4C428
:101530002DE9F041ADF53E7DFFF7A8FF0446244EAE
:101540002022002104A823F004F94FF42F72002177
:101550000FA8D4F80080758AA78823F0FAF86823CA
:101560008DF83C30636806F1BA040FA92046ADF847
:101570003E301EF0FDFF40F29A23CDE906380123EC
:101580008DF820308DF82C300423ADF822500C94C7
:1015900006F1880504AC0D930FCC0FC50FCC0FC519
:1015A00094E8030000230DEB010253601381302304
:1015B0007FBA137006F1B00385E8030082F801805A
:1015C000578007CA03C31A800DF53E7DBDE8F08140
:1015D000B0FC002038B5104D95F8610095F95F40DA
:1015E000FEF71EFC95F95E309C420DDA1B1B002BAA
:1015F000B8BF5B42C01A04B2688AFCF75FF9A04228
:10160000A8BF204680B238BDE41A002CB8BF64429F
:10161000044424B2F0E700BFB0FC00202DE9F04FF5
:10162000ADF5617DFFF732FF0022634EB0F8049004
:1016300090F800B006AC824696F92000C4E900227A
:101640002281FEF7FDFB718A1EF09BFD71690590FA
:10165000C1F3072302935FFA81F8FEF799FB054671
:101660000F46564999FA99F96B1896F82610039384
:1016700047F10003049300295FD1059A02F00F029D
:1016800084F806800DF12408C4462178029B01F0FD
:101690000F0141F0300121702179A4F8029062F32A
:1016A0000711637184F801B0217194E80700ACE878
:1016B0000300ACF80020662200248DF8C420DAF87C
:1016C00004200DF18409ADF8C62096F8272031A931
:1016D00048468DF8C52032941EF04AFF728A8DF874
:1016E0004C40ADF842200822CDE91492DAF81C20D3
:1016F00011948DF84120DAF80020CDF848800F923F
:101700004FF0010843F69822039B0CA80C93049B0E
:101710008DF840800E920D9316F036FF0446A0B16E
:101720000E9B274A00932749034602201EF002FD24
:1017300020460DF5617DBDE8F08FFFF74BFF40B20D
:10174000FEF77EFB00F00F029AE71C22014619A863
:1017500022F0FFFF1C4AAD1843F69A2247F100071A
:10176000CDE916571892DAF800208DF87980199291
:1017700096F825208DF86E20728AADF87020DAF880
:1017800000208DF87820DAF80430ADF87A300F4B6D
:101790001D9396F8283013B118238DF8693016A8D8
:1017A000FEF72AFC04460028C2D00246189B0220FD
:1017B00007491EF0BFFCBBE7B0FC002000603D08FD
:1017C000393C04001D26040080B13E0800709914C5
:1017D000502604002DE9F04FADF5437DFFF756FE8E
:1017E0009D4D064695F82430013BDBB20893037803
:1017F0000993838895F920005BBAADF83E3095F8DF
:1018000021300A93FEF71CFB6B690B90C3F3072290
:10181000DBB20C920D93FEF7BBFA88464FF487318A
:101820000746306C746CA0FB010C4FF47A720023F5
:1018300001FB04C1F7F7DCF90522A0FB020302FB60
:101840000133C21995F8240043EB0803013895F8D9
:101850002110C0B2109211931EF002FD0FFA80F910
:10186000B9F1000F804609DC02207C491EF062FCC1
:101870004FF0FF300DF5437DBDE8F08F95F829203E
:10188000002A00F0E4804FF0010B4FF0000A744B87
:101890009F7887F001079F70B5F91A30714C0E934D
:1018A000714B95F821C0002A18BF23466A4C95F861
:1018B00022E094F9252095F82410B5F91800CDE917
:1018C00006320E9BFF000593EB69CDE9010CCDE9D3
:1018D00003E300916A8A4B46002064491EF02AFC0B
:1018E000089B0B9A03F00F0343F0100343EA4A13DB
:1018F00084F8A836099B012584F8A936BDF83E3046
:1019000067F07F07A4F8AA360A9B1FFA88F803F04D
:101910000F0343EA021384F8AC360C9B84F8AF76CD
:1019200084F8AD360D9BA8F1080184F8AE3645F277
:10193000011343EA0B13A4F8B03664238DF84C303E
:1019400094F8273089B28DF84D30736804F57B77B1
:1019500015A8ADF84E30ADF85210ADF850501EF04D
:10196000E0FC384613A91EF003FE1EF0F3FD102222
:10197000C4E90201002104F1300022F0EAFEBDF8C2
:1019800050304FF43462A4F8E83343F2C823A4F88B
:10199000EA834FF00008C4F8C03694F82230618A18
:1019A0005343C4F8CC3694F82330A4F8CA16C4F8CC
:1019B000D87684F8D486C4F8DC9684F8C9363368BF
:1019C00084F8C856C4F8C43604F5D563C4F8D036D4
:1019D00043F2BC43C4F8E8364FF4615396F839201B
:1019E00012A8A2FB0323C4F8E0264FF48732C4F800
:1019F000E436336884F80157C4F8EC36336884F869
:101A000000377368A4F8F816A4F80237B4F91A304E
:101A100084F8F0865343C4F8FC36C4F8F28694F890
:101A2000253084F8F63694F8283043450CBF4346F9
:101A3000182384F8F1361EF020FD0746FFF726FD37
:101A4000C7B902200A491EF075FB002012E70127E2
:101A50009346BA4620E700BFB0FC0020AC4F04001C
:101A6000B0FA00207D2604008126040084260400AC
:101A70003C2704000268129B1A604268129B5A605D
:101A8000626983F845809A60628AC3F87C801A8410
:101A9000109A83F879809A63119ADA6394F829206E
:101AA0002AB13A4A83F87A80DA6783F879504FF09E
:101AB0000009374A37495A61B4F91820A3F84A9007
:101AC0004A435A62E2694FF001089A62324A334E41
:101AD0001A6194F8242003F19005A3F84820D4F863
:101AE000CC26DA6694F9C92683F8702003223A726C
:101AF00083F880800FCE0FC50FCE0FC596E8030088
:101B000085E80300D4F8DC26D7F88C00A7F88A20F3
:101B1000D4F8D81692B222F0F5FD583E87F87880B6
:101B200003CE43F2F922C7F87D1043F2C821C7F86B
:101B30007900338843F2BC40A7F88130129BC3E997
:101B40000C1283F82C80D4F8C026FA6043F2ED42E0
:101B500083F88180C3E921023846FEF70BFD40B9C6
:101B600002200F4A0F491EF0E5FA38461EF0A3FC8A
:101B70006BE7B7F88A20236B13442363129BD3E9E6
:101B80000E2384F8DA93C4E9F8235EE7BD2101004F
:101B9000E91E010000B01E041D2501009003012074
:101BA000183C0400992704002DE9F04FB94CADF220
:101BB000DC7DA06CD8B9B8491EF0BCFA0025002223
:101BC0000023B44C04F11000C4E9EE23C4E9EC2373
:101BD000E562A4F8CA53FFF78DFC1022294604F1F0
:101BE00030000DF2DC7DBDE8F04F22F0B2BDD4E94B
:101BF000EC32D4E9EE01C01A61EB020100234FF48C
:101C00007A72F6F7A5FFF6F72DFC4FF4F072064650
:101C10000F4620A8002122F09CFDB4F8CA239F495A
:101C200020A81CF0ABFA20A8F7F724F820AD3B461B
:101C300032469B4928441CF0A1FA2846F7F71AF8C7
:101C4000A26B984928441CF099FA2846F7F712F835
:101C5000226C954928441CF091FA2846F7F70AF8B7
:101C6000A26C924928441CF089FA2846F7F702F83A
:101C7000E26C8F4928441CF081FA2846F6F7FAFFF7
:101C8000226D8C4928441CF079FA2846F6F7F2FFB9
:101C9000626D894928441CF071FA2846F6F7EAFF7C
:101CA000A26D864928441CF069FA2846F6F7E2FF3F
:101CB00094F95C3094F95D20814928441CF05EFA67
:101CC0002846F6F7D7FF054694F86100FEF7A8F816
:101CD00020AB02467B4958191CF050FA20A8F6F7B1
:101CE000C9FF054694F86200FEF79AF8064694F894
:101CF0006300FEF795F8034620A83246724928444F
:101D00001CF03CFA20A8F6F7B5FF20ADB4F9683016
:101D1000B4F966206D4928441CF030FA2A466C4913
:101D200000201EF007FAFFF7B1FB4FF00008838890
:101D3000074690F800B05BBA618A94F86100ADF88C
:101D40000E30CDE90688ADF820801EF01AFAB4F8FE
:101D5000CAA30490FEF71CF889464FF4873105901A
:101D6000386C7D6CA0FB010C4FF47A7201FB05C14D
:101D70000023F6F73DFF0122059B00184941C518D5
:101D800049EB01034FF4F270114605931EF070FA0F
:101D9000BDF80E3000F00F09ADF81A30049B49F081
:101DA00030028DF818201A0142F001028DF81C2033
:101DB0008DF81EA04FEA1A220DF1240AD4468DF8A0
:101DC00019B006AE8DF81D2096E80700ACE80300B8
:101DD000ACF80020672243F6992B8DF860227A68D0
:101DE0000DF21C56ADF8622294F8272020A999A87C
:101DF0008DF8612222F0E4FD304698A91EF0B8FB70
:101E0000386897F91C10628A059B0C95149616ADDC
:101E100004F56076CDE90EB00D938DF84110ADF864
:101E200042200FCE0FC50FCECDE9118A8DF84C8020
:101E300001274FF4F2780FC50023264A8DF8407031
:101E4000CDF8548096E8030085E803000CA8CDE99E
:101E5000162316F04BFC054650B103461E490220DE
:101E60001E4ACDF800B01EF065F902201C49A3E619
:101E70001EF070FBB4F8A833C4E9DE010133A4F806
:101E8000A833424628461749009709F101031EF07E
:101E900051F993E6B0FC0020CC270400022804008E
:101EA00029280400552804007728040099280400F4
:101EB000C1280400E32804000529040027290400A0
:101EC00049290400692904007F2904009D29040090
:101ED00074140400805101001D260400C93B040055
:101EE000BB290400DF290400C18939B90449C1E9CB
:101EF000F4230B6BB1F8EA2313440B63704700BF64
:101F0000B0FC002000B5094A7346117831B90220AF
:101F1000074A08495DF804EB1EF00CB90023137062
:101F200010205DF804EBFBF74FBB00BFB0FC0020B6
:101F3000013C0400192A04002DE9F0470C468AB040
:101F4000054691469846FFF7A1FA012C82465D4E60
:101F50005D4F23D1F36A0133F3620124AE46DFF80B
:101F600088C13470BEE80F00ACE80F009EE807009F
:101F70008CE807002B78DAF80400A3426A6826D0C0
:101F8000022B3CD0514940F21713514A51481FF0DF
:101F90006AFA40F217114E481FF05CFA4FF4E16202
:101FA0000021304622F0D5FB1EF0D4FAC6E902012A
:101FB0002846FFF79FFA002301227B717A707B800D
:101FC00087F8052187F80121A7F80231C5E700212C
:101FD0004FF0000A0B0207EB012107F803A0C1E94B
:101FE000020281F803A081F804A0FFF7A1FA2F787C
:101FF000012F06D10AB0BDE8F047FFF7EBBB214641
:10200000E6E7022F09D0344940F23F43304A3148D5
:102010001FF029FA40F23F41BDE795F915306A8873
:102020002E4950461EF086F8FFF730FA1C2204466F
:10203000514603A822F08DFB43F2B063CDE900982E
:10204000029323688DF81070039396F825308DF86D
:102050001630738AADF8183001238DF821302368CB
:102060008DF820306368ADF822304FF0FF330793CE
:1020700096F8283013B118238DF811306D46184C9E
:102080000FCD0FC40FCD0FC495E8030084E8030003
:102090006846FDF7B1FF044650B10146029A114867
:1020A0001FF070F90023337020460AB0BDE8F087B6
:1020B0001EF050FAB6F8A833C6E9DE010133A6F8DF
:1020C000A833F1E7B0FC0020B0FA0020792A040020
:1020D000422A040042720300712A04009D2A04006F
:1020E00030000120D52A0400C0FC002073B505464D
:1020F00010460E4614461BF0CBF8019078B12246EC
:10210000314622F0FFFA8DF8005000220023694684
:10211000044822F0FBF810B1019822F0B8FA02B09E
:1021200070BD00BF18EC00202DE9F0410446ADF56C
:102130003C7D6D4626468846B0F904304FF43C722B
:1021400003EBD373002168465F1022F002FB0FCE31
:102150000FC533682B60174D0A9395F86100D8E9D5
:102160000023CDE90823FDF75BFE95F86030216977
:102170008DF830306B8AB1F52F7FADF82E00ADF8B9
:102180002C70ADF814300FD80A460DF13100E1681B
:1021900022F0B8FA4FF43C7269460320FFF7A6FF1D
:1021A0000DF53C7DBDE8F0814FF42F7202481FF021
:1021B000E9F8F5E7B0FC0020062B040073B50479BC
:1021C0000568184E2002103030445CB116494FF4B7
:1021D000A073164A16481FF046F94FF4A071134831
:1021E0001FF038F9B5F88A30B3F52F7F09D91149B6
:1021F00040F241130D4A0E481FF035F940F24111EB
:10220000EDE729461EF0E3F828461EF054F9F3697D
:10221000082269460A2001938DF80040FFF766FF07
:1022200002B070BDB0FA00205D2B0400422A040009
:10223000427203007B2B0400002307B58DF80000D9
:102240000193002200236946044822F05FF810B190
:10225000019822F01CFA03B05DF804FB18EC002092
:1022600008B5074A074B1068516803C390681860A7
:10227000FFF734F9BDE808400920FFF7DDBF00BFD4
:10228000F4E8002028FD0020F0B5044600F1080520
:102290002846A3B0FDF790FD2278D31E092B00F24B
:1022A0002B81DFE813F00D0114011B011B0022013B
:1022B0000A003100CE00DE00E6000021608C924B67
:1022C0008142C0F2E4801A88013292B2C82A1A8090
:1022D00018D123B0BDE8F040FFF7C2BFD4E9022314
:1022E000CDE91023236910A81293E38AADF84C308E
:1022F000A38AADF84E30FEF7D5FF1022012010A9B9
:10230000FFF7F4FE23B0F0BD14AD04F110060FCEBC
:102310000FC596E80F0085E80F00D4F81E30CDF801
:102320007230D4F82230CDF87630E38CADF87A30C4
:10233000D4E90223CDE91023D4E90423CDE9122303
:10234000A38BB3F5807F78D1704D2B7C022B74D199
:10235000A37F1F2B71D8E27F95F8B1309A426CD1E0
:1023600094F8232095F8B2309A4266D194F824204C
:1023700095F8B3309A4260D1FFF788F806AE8835F9
:1023800007460FCD0FC60FCD0FC695E803006B466D
:10239000083586E8030095E8070003C394F8220097
:1023A000BDF82A100009A67F1DF0EBFE4FF0010ECC
:1023B0009DF8002094F825306EF347128DF8002028
:1023C0009DF80720990961F387128DF807206A4666
:1023D00003F0070394F820C094F8215003FA0EF399
:1023E000000143F48873ADF808308DF804008DF8CF
:1023F00005C08DF8065003AB07CA03C34FF4E14193
:102400004FF4615006F00F061A80013603AB0C93AF
:10241000D4E90432E1FB063297F83B10A1FB00102F
:102420005B1842EB000206A8CDE9063216F0F0F880
:10243000014610B136481EF0A5FF4822062010A91B
:102440005EE7D4E9022312AD1034CDE910230FCC9E
:102450000FC594E80300202285E80300042010A99A
:102460004EE7294604F1100023B0BDE8F040FFF725
:102470005BBED4E902231034CDE9102394E80700B1
:1024800012AB83E807001822052010A938E7626A1A
:102490005256002A04DD5A8801325A8001310FE772
:1024A00003D19A8801329A80F8E793F9085095424F
:1024B00093F90950B8BF1A729542C8BF5A72EDE736
:1024C00004F1100023B0BDE8F040FBF781BA04F13D
:1024D000100023B0BDE8F040FBF75CBA04F1100037
:1024E00023B0BDE8F0401DF05ABE04F1100023B047
:1024F000BDE8F040FBF77ABA0649074823B0BDE8CB
:10250000F0401EF03FBF00BFF4E80020B0FC002008
:10251000C52B0400893B04004A010400A0F54B5080
:102520000838312808B50BD90849094840F20E335C
:10253000084A1EF098FF40F20E3106481EF08AFF4E
:102540000820BDE80840FFF777BE00BFEE2B04006F
:1025500042720300422A040038B501214FF42F7063
:1025600022F09CF8012105464FF42F7022F096F8D6
:10257000044605B120B90220084A09491DF0DAFDD8
:102580004FF4E1620021074822F0E3F8064B0020F7
:10259000C3F89C50C3F89C4138BD00BF763B040093
:1025A000132C0400B0FC0020B0FA0020F8B54E4C0B
:1025B000D4E902561DF0CEFF401B61EB06014FF43B
:1025C0007A720023F6F7C4FAF5F74CFF06460F4679
:1025D00043F2C82043F2F9211DF082FF43F2ED419E
:1025E00043F2BC401DF07CFFFBF73AFC00203F4962
:1025F0001DF0A0FD3B46324600203D491DF09AFDEE
:102600000020226B3B491DF095FD0020626B3A498A
:102610001DF090FD0020E26B38491DF08BFD00207D
:10262000626C37491DF086FD0020A26C35491DF013
:1026300081FD0020626D34491DF07CFD0020E26CBC
:1026400032491DF077FD0020226D31491DF072FDE9
:102650000020A26D2F491DF06DFD94F95C3094F9B6
:102660005D202D4900201DF065FD94F86100FDF707
:10267000D7FB2A49024600201DF05CFD94F8620059
:10268000FDF7CEFB054694F86300FDF7C9FB2A462B
:102690000346234900201DF04DFD0020B4F96830A9
:1026A000B4F966201F491DF045FDFEF7B7FF05464A
:1026B00090B102461C4902201DF03CFDFFF722FCB0
:1026C00000261A48E662FEF715FF10223146184828
:1026D00022F03FF82846F8BD0123164984F8D83384
:1026E0001DF028FDECE700BFB0FC0020542C0400D6
:1026F000752C0400AD2C0400E12C04000F2D040007
:102700003D2D04006B2D04009F2D0400CD2D0400F1
:10271000FB2D0400292E0400572E0400762E040001
:102720008B2E0400A82E0400C52E0400C0FC00203F
:10273000E0FC0020FA2E040038B5074D04022B5DA2
:102740001BB1012005491DF0F5FC01222A5500228C
:102750002B191A71DA7038BDB0FA0020242F04004A
:102760002DE9F74F484EF0781DF0ECFDB0F1000870
:1027700009DA464901201DF0DDFC00233370F370B7
:1027800003B0BDE8F08F4FF4873BFDF701FB404AF3
:102790008246D2E9F457B2F91A3089460BFB03F3AB
:1027A0005D1947EBE3772D1A67EB0107012D77F1F0
:1027B000000301DA3749DDE70123009306F1100039
:1027C000D6E918231DF01AFE044630B9022032491A
:1027D00003B0BDE8F04F1DF0ADBCFEF757FED0E9E9
:1027E0001001A0FB0B0C4FF47A7200230BFB01C10C
:1027F000F6F7FEF94FF00103001884F89830274BE4
:10280000494110EB0A0049EB01019D4277F10007B5
:1028100038BF1D4643F22C32C4F8C4500025204B6B
:10282000C4E91401E36294F8803094F87D0068F301
:10283000051384F88030C4E90F55218FE260A5624A
:1028400000091DF09EFC94F87D3060F3071384F8B6
:102850007D302046FDF78EFE50B90220114A124904
:102860001DF068FC204603B0BDE8F04F1DF023BE0C
:102870000123424628460D49337186F8038003B090
:10288000BDE8F04F1DF056BCB0FA0020782F0400D0
:10289000B0FC0020BB2F0400F72F04000078690073
:1028A000B91401005A3C04004D3004007F3004008C
:1028B0002DE9F047984C0646237888B0002B66D067
:1028C0008368A3F54B52083A312A4BD8C0890028B7
:1028D00042D0236BD4F8DC260020934228BF9B1AF9
:1028E0008E4928BF23631DF025FC43F2C82343F221
:1028F000F922B5680135954288BF1D46636B0133E7
:10290000636394F829307BB1854A284693788549DA
:1029100083F00103937094F8AF2663F3C30284F845
:10292000AF260122FDF7ACFC0023B4F8E8137E4883
:10293000013189B284F8DA33A4F8E8131DF07BFC86
:1029400094F8D9331BBB2846B4F8EA23774908B07A
:10295000BDE8F047FDF754BCB4F8E82374491DF016
:10296000E9FBC2E743F6A402934213D1C08930B118
:102970000020704908B0BDE8F0471DF0DBBBB4F89B
:10298000C8236D491DF0D6FBA36B0133A36308B0C8
:10299000BDE8F087A3F552523C3A312A25D8FFF71B
:1029A0005FFC94F8DA335BB95D4D2E7946B9B4F823
:1029B000E82301206149013A1DF0BCFB2E70EE7046
:1029C00094F8D933002BE2D0554B1B79002BDED184
:1029D000626BE3699A42DAD394F8D833002BD6D1EC
:1029E00008B0BDE8F047FFF7E1BD43F22C32934257
:1029F00009D100224A4BC0891A7110B150490120F7
:102A0000B8E75049B6E743F69822934205D1C0890A
:102A100008B94D49AEE74D49F1E743F69922934293
:102A200005D1C08908B94A49A4E74A49E7E743F60E
:102A30009A22934216D194F8D8331BB1012046490B
:102A40001DF078FBF08950B944491DF073FB002359
:102A500084F8D83308B0BDE8F047FFF753BA002038
:102A60003F49F2E743F2B062934290D1D4E9DE5796
:102A70001DF070FDB0EB050861EB0707FDF788F965
:102A800089468246FEF702FD4FF48735416C006CA3
:102A90000023A0FB050C4FF47A7205FB01C1F6F789
:102AA000A7F8B4F8A8330518494115EB0A0549EB16
:102AB000010913B1013BA4F8A833F289237CDAB9E8
:102AC000022B7FF464AFB4F8A83333B14FF2312353
:102AD000984577F10007FFF65AAF224E01AC0FCEB2
:102AE0000FC496E807004B4684E807002A460121F8
:102AF00001A8FFF721FA4AE7022B08D1B4F8A8335E
:102B00002BB940F2F513984577F10007E5DA02207A
:102B100015491DF00FFB9DE7B0FC0020C2300400FA
:102B2000B0FA002058030120A00001209C000120E1
:102B3000D2300400EA300400FF3004001C310400ED
:102B400038310400623104008A310400A0310400ED
:102B5000C0310400D7310400F831040045320400CC
:102B60005F320400C0FC00207B3204002DE9F04FEE
:102B7000844CADF6EC0D4FF0FF324FF0FF3382483E
:102B800010A916F047FF9DF84020531E092B00F2B4
:102B90006784DFE813F0670011042002B800DF004B
:102BA00025012B0461000A005A0494F82830002BF8
:102BB00063D0B4F87830002B5FD0FEF767FC054691
:102BC00072490DF22C6021F0FBFE002070491DF0CF
:102BD000B1FA0020628A6F491DF0ACFAB4F878208F
:102BE00000206D491DF0A6FA94F98120EB699A4204
:102BF0002ADD6A490DF22C6021F0E2FE684B0020CC
:102C0000684900930DF22C6294F980301DF092FA1D
:102C100094F98120002064491DF08CFAB4F87A20E0
:102C20001AB1002061491DF085FAB4F87C201AB170
:102C300000205F491DF07EFAB4F87E20EAB1002042
:102C40005C491DF077FA18E094F98020AB699A424C
:102C5000D4BF4E495849CDE70123584984F8D933A8
:102C6000002013E0119EF389CBB9B26810461DF025
:102C700051FC30B13046FFF71BFE119821F007FDE3
:102C800079E740F29A239A4203D14D491DF052FA56
:102C9000F3E740F29B239A42EFD14A49F6E741F22B
:102CA00009029342E9D000217C220DF22C652960B3
:102CB0000DF5C66021F04DFD2A46B6F90C10F089DD
:102CC000FDF7E8F8B26810461DF024FC98B1F089D1
:102CD000012808D13C4A3D491DF02CFA294AD36B02
:102CE0000133D363C6E700922B460120364A3849A8
:102CF0001DF020FABEE7022013463649324A0095FD
:102D00001DF018FAB9E72378119E13B1E36C013373
:102D1000E364637C002BB0D0D4E91C751DF01AFC71
:102D2000C71B61EB0505642F75F10005A5DBC4E940
:102D30001C01B6F91430284903EBD3725210CDE9C7
:102D40000132B6F916300093D6E9002301201DF0B8
:102D5000F1F992E72278119B12B1226D01322265BE
:102D6000627C002A89D0B3F90C2002EBD2714910A1
:102D7000CDE90121B3F90E2018490092D3E90023CF
:102D8000E4E700BFB0FC002018EC0020AD10040008
:102D9000AB320400CD320400EE320400CF10040048
:102DA000A81004000F330400353304005633040028
:102DB0007733040098330400BC100400B9330400D6
:102DC000D3330400E7330400E93B04000334040078
:102DD000333404006234040093340400D234040019
:102DE0000021119D7C22CDF82C160DF5C66021F036
:102DF000B0FC95F836000DF22C690009FDF710F8CB
:102E0000B5F92830494603EBD3735A100746287F9B
:102E10000992B5F92AB0FDF7ADF8099A94F95C105A
:102E200094F95D009142AB8E95F833A0B5F83780E8
:102E300051B2B8BF84F85C209042C8BF84F85D10DE
:102E400084F85E1095F836105BBAC1F3020184F87D
:102E50006010A4F864309EB295F8363094F86300A0
:102E6000C3F3031384F8613095F83630B0EB131FC9
:102E7000C3F30311B8BF84F8631095F8363094F8A3
:102E80006200C3F30311B0EB131FC8BF84F86210D4
:102E9000B5F92A30B4F968109942B8BFA4F868307F
:102EA000B5F92A30B4F966109942C8BFA4F8663063
:102EB000637C002B35D0D5E90401CDE906015846E5
:102EC0000492F5F793FA0022BD4BF5F7F9FACDE934
:102ED0000201CDF80490AB6900200093D5E90023EE
:102EE000B8491DF027F90020B7491DF023F93346F2
:102EF00052460020B5491DF01DF998FA98F20020BD
:102F0000B34992B21DF016F995F8363095F8322093
:102F10000020B049009703F0070302F00F021DF0F4
:102F200009F994F82930002B3FF4A7AEAB8BB3F529
:102F3000807F7FF4A2AE95F8323003F0E003202BBF
:102F40007FF49BAE95F83A2002F0F003102B7FF44B
:102F500094AE12F00E0F39D19F49DCA821F030FD5C
:102F600095F83A30DCA8DA074CBF9B499B4921F021
:102F700027FD95F83A309A4A13F0010F994B9A4978
:102F800000934FF00000994B08BF1346DCAA1DF0D8
:102F9000D1F8974AD36899B2B14205D0324602209F
:102FA00094491DF0C7F868E6137863B195F83A3094
:102FB000DB0703D500231370D3705EE6FAF750FFEA
:102FC000FFF7CEFB59E601208B495FE68B49C2F340
:102FD0004202012035E6119DAB6AD5E9086A95F8F1
:102FE00030B0B5F92E8005930993B5F9043003EBA1
:102FF000D3735B100493B5F90600F5F7F7F90022D7
:103000006F4BF5F75DFACDE902012B68324600936C
:10301000002053467A491DF08DF8AB6A002B3FF42F
:103020002CAE95F8319009F07F09A9F16403042BC7
:1030300000F2E5812078002800F0DF8105F1310100
:103040002DA81DF0C7FA024628B1A36D6D490133C2
:10305000A3650220F5E52DA800F0A2FA9DF8B420A2
:103060009DF8B530642A84F85F3040F02C81FFF77A
:10307000F7F8A36C002B40F089801DF06BFAC4E9CF
:10308000EC01BDF82430099A0C93A36C12AD13FA2D
:1030900082F3A364236C01332364BDF8B830A4F831
:1030A000C833BDF8B630A4F8CA331DF053FAC4E9EA
:1030B000EE01FEF7EBF90023C5E900332B8103781D
:1030C00006460A9383884FFA88F05BBAADF836302B
:1030D000FCF7B6FEB4F8CA330E901A0A0B925FFAE8
:1030E00083F9FCF755FE88464FF487318246306CF1
:1030F000776CA0FB010C4FF47A7201FB07C100232F
:10310000F5F776FD10EB0A030F934FF065038DF88A
:10311000703373680BF00F0A48EB01085246012127
:10312000BDF82400ADF872331DF0A2F894F82630F3
:103130000746002B3BD10E9B03F00F000A9B07F0C4
:103140000F076B70BDF8363047F030076B800B9B74
:103150002F7015AF6B713B464AEA001A85F804A040
:1031600085F8069095E8070003C31A809DF8B430EF
:10317000642B51D02449254840F27753244A1EF04D
:1031800072F940F2775122481EF064F9B4F8C8137E
:10319000BDF8B8304A1C93423FF473AF626D0091A2
:1031A000013201201B4962651CF0C4FF69E7FEF78C
:1031B00011FA40B2FCF744FE00F00F00BEE700BF7A
:1031C0000000D03F1135040074350400823504003E
:1031D000A8350400BC350400AD100400CF10040075
:1031E00036970400A8100400DF350400AE960400F2
:1031F000B0FA0020133604005B360400A136040048
:10320000D63604001E370400A537040042720300BE
:10321000422A0400423704002E9B924DDD9395F81C
:103220002730BDF8BA202FA90DF22C6ADEA88DF840
:10323000713321F067FADCA950461DF099F90F9817
:103240003168CDE9180843F6A4086B8ACDE91A81E4
:10325000ADF872300023012196F91C20CDE91D370D
:103260008DF87C300C9B22AE05F560778DF87010E0
:103270008DF8712021930FCF0FC60FCFCDF880A00E
:103280000FC697E803000023774A86E8030018A8D2
:10329000CDE9222315F02AFA064650B10346734AB7
:1032A00073490220CDF800801CF044FF324671497A
:1032B000CFE61DF04FF9B5F8A833C5E9DE010133BB
:1032C000A5F8A833D9E4A2F16503032B00F293809B
:1032D000DFE803F00268868FFEF7C2FF94F826301D
:1032E00093B1FEF777F940B2FCF7AAFD94F8AC363B
:1032F00043F2F92160F3071384F8AC3643F2C82097
:1033000001235D4AFDF702F8B4F8E833BDF8B820B0
:10331000013B9A4238D100217C220DF5C660CDF8E0
:103320002C1621F016FAD4E9F402012872F10001FA
:1033300024DB301A6AEB0201F5F78CF800224F4BC0
:10334000F5F7E8F9F5F79EFC4D4902460DF22C60C1
:103350001AF014FF0DF22C630020BDF8B820494983
:103360001CF0E8FE012384F8DA33A36C099A13FAFF
:1033700082F7636CA764013363647EE442490DF213
:103380002C6021F01DFBE5E7012040491CF0D2FE36
:103390004FF0FF334FF0FF32C4E9F423636D013384
:1033A0006365E2E7BDF8B620B4F8CA339A4206D1A5
:1033B000002037491CF0BEFEFEF7F6FB5DE4B4F8D2
:1033C00064108A4209D11346012032491CF0B2FE32
:1033D000B4F86430A4F8CA33EEE701202E49E0E5E2
:1033E00000202E4984F8D8031CF0A4FEFEF78AFDC5
:1033F00043E42B4934E42B49EBE52B4946E4002612
:103400003C223146DDA8DC9621F0A3F9DFF8A4A028
:1034100005F130080DF22C67AB6AB34208D9B81930
:10342000514618F8012F01361AF0A8FE402EF3D1AC
:1034300000233E447370DCA94846FEF72BF8009742
:103440000246AB6A012019495AE443F22C32119B1F
:10345000596891423FF411AC1878FFF76DF90CE40C
:103460001349B6E5B0FC002080510100A73B0400E1
:10347000ED370400263804005803012000E0F04036
:1034800048380400643804005538040086380400C5
:10349000BD380400E4380400BA390400153A0400C9
:1034A0002E3A04004E3A0400563A0400983A0400BA
:1034B000D63A0400D60904002DE9F0411F4F064614
:1034C0003B783BB102201E491CF034FE4FF0FF3028
:1034D000BDE8F081FDF7DAFF0446FCF759FC4FF434
:1034E000873C8046206C0D46A0FB0C01D4F844E0DC
:1034F0004FF47A7200230CFB0E11F5F779FB0218DA
:1035000041EB0103121841EB03010E4812EB0808CE
:1035100045EB010514F068FF014610B10A481DF0A3
:1035200031FFFDF7DBFF002142462B463046FEF718
:1035300003FD0028CCD000233B70C9E7B0FC00207D
:10354000FB3A040089220100183B040010B5124C1C
:10355000207820B9BDE8104010491CF0EBBD237C59
:10356000012B09D194F8D833A3B9FFF71FF888B11C
:10357000BDE81040FEF7C6BC0220FEF75DFEB4F8C1
:10358000A83313B1013BA4F8A8330720BDE81040CD
:10359000FEF752BE10BD00BFB0FC00204B3B040044
:1035A0002DE9F04300240546ADF53F7D3C22214640
:1035B00001A8009421F0CDF869462878FDF76AFF4C
:1035C0002849024620461CF0B5FD6A882046264957
:1035D0001CF0B0FD204625491CF0ACFD95F90120FA
:1035E000204623491CF0A6FD2B78A3F16402012A92
:1035F00032D82046AA881F491CF09CFD2046EA8844
:103600001D491CF097FDEB88B3F52D7F12D8DFF82C
:10361000809005F1070810AEEB88671CA34213DC0D
:10362000002032461549F0551CF084FD0DF53F7D14
:10363000BDE8F083124913486023134A1DF013FFBD
:10364000602111481DF006FF3019494618F8012F76
:103650001AF094FD3C46DFE7672BE7D120460B4983
:103660002A1DE1E7903C0400AB3C0400C63C04008A
:10367000D73C0400FC3C0400173D04000B3E040052
:10368000653D040042720300323D04001E3E04000A
:103690000AAF0400054AD2F8B030D2F884178B4242
:1036A00024BF5B1AC2F8B030704700BFC0040120CD
:1036B0002DE9F041ADF53E7DFDF7E8FE0446244ED0
:1036C0002022002104A821F044F84FF42F72002199
:1036D0000FA8D4F80080358BA78821F03AF8322360
:1036E0008DF83C30636806F1FA040FA92046ADF866
:1036F0003E301CF09DFF40F29A23CDE906380123AD
:103700008DF820308DF82C300423ADF822500C9425
:1037100006F1C80504AC0D930FCC0FC50FCC0FC537
:1037200094E8030000230DEB010253601381302362
:103730007FBA137006F1F00385E8030082F8018078
:10374000578007CA03C31A800DF53E7DBDE8F0819E
:10375000C00401202DE9F04FADF55F7DFDF796FE29
:103760004F4F02780646B0F804A097F91C00039268
:10377000FCF766FB398B1CF004FDD7F814B08146CA
:10378000FCF706FB039A00248DF811204FF000028D
:103790008846302169F307120DF11C09CC460594C7
:1037A0009AFA9AFA8DF814204FEA1B22ADF81840C5
:1037B000ADF812A004AB8DF810108DF815208DF81F
:1037C00016B0054693E807003323ACE803003094B5
:1037D000ACF800208DF8BC300DF17C0A73682FA97D
:1037E0005046ADF8BE301CF023FF3B8B8DF84440B3
:1037F000ADF83A300823CDE912A30F943368CDF821
:1038000040900D9342F6F8234FF001090C93254B9D
:103810000AA8EB1848F10002CDE90A328DF8389079
:1038200014F0B2FE044660B10C9B1F4A00931F497E
:10383000034602201CF07EFC20460DF55F7DBDE8AE
:10384000F08F01461C2217A820F083FF184B14A804
:10385000ED1848F10003CDE9145342F6FA2316930C
:1038600033688DF87190179397F830308DF8663083
:103870003B8BADF8683033688DF870307368ADF805
:1038800072300C4B1B93FCF7B7FB04460028D3D0D7
:103890000246169B022008491CF04CFCCCE700BFF6
:1038A000C004012000603D08864C04001D26040071
:1038B00080B13E08007099145026040013B50C4CDA
:1038C0006846D4E90223CDE900231CF015FF4FF42C
:1038D0007A720023F5F73CF983B2B4F91A00421C5E
:1038E00004D09842D2BF0020C01A00B202B010BD6E
:1038F000C004012008B5094B70221846002120F0B1
:1039000028FF40F28113A0F84C300F2380F84E308E
:10391000034B4038C0F8903008BD00BF00050120BF
:103920000F27F1D870B58AB00C460646FDF7AEFDFC
:1039300005462022002102A820F00BFF42F611715B
:1039400042F6E062CDE90064254C2B68039394F8BD
:1039500030308DF81630238BADF81830D4F8C430E1
:1039600001338B4288BF1346C4F8C430029301234D
:103970008DF821302B688DF820306B68ADF822303F
:1039800094F8313023B1FFF793FE02238DF8103005
:10399000B4F91A305A1C09D01249D817A3FB0132C6
:1039A00001FB0022002A18BF4FF0FF33684607933F
:1039B000FCF722FB054648B10146029A0A481DF071
:1039C000E1FC0023237028460AB070BD1CF086FE7F
:1039D000B4F84830C4E910010133A4F84830F2E7E4
:1039E000C004012000B01E04D52A04002DE9734351
:1039F00000254FF000084FF00009214CA4F5D266D5
:103A00002378ABB3D4E90432CDE9003213430BD1B0
:103A10001C4940F257131C4A1C481DF024FD40F27B
:103A2000571119481DF016FD68461CF065FEB0F5EB
:103A3000FA6F71F100011BDBD6F8B8300133C6F81C
:103A4000B830E378072B09D911494FF4A5730E4A12
:103A50000E481DF008FD4FF4A571E2E7182202FBA5
:103A60000363002203F5D46303F8102CC3E9008933
:103A70000135082D04F11804C2D102B0BDE87083ED
:103A8000500B0120603E0400313E040042720300EE
:103A90007C3E040000B5094A7346117831B9022012
:103AA000074A08495DF804EB1CF044BB002313707F
:103AB0000F205DF804EBF9F787BD00BFC0040120BB
:103AC0002D4C04008C3E04002DE9F74305464F4C75
:103AD0006846D4E90223CDE900231CF00DFE0DB1A8
:103AE000D5E90001F4F7BEFC06460F46D4F8B00055
:103AF000F4F76CFC32463B46F4F70CFE444B0022D4
:103B0000F4F7DEFC80468946002042491CF012FB97
:103B10000020D4F8B02040491CF00CFB0020D4F861
:103B2000B4203E491CF006FB0020D4F8BC203C49E0
:103B30001CF000FB00223B4B30463946F4F7EAFD0F
:103B400002460B46002038491CF0F4FA0022354B9F
:103B500040464946F4F7DEFD0B4602463349002055
:103B60001CF0E8FA94F83130002B39D00020D4F85A
:103B7000B8202F491CF0DEFA0020D4F8A0202D49EF
:103B80001CF0D8FA0020D4F8A4202B491CF0D2FA5B
:103B90000020D4F8A82029491CF0CCFA0020A26FFC
:103BA00027491CF0C7FA0020E26F26491CF0C2FA30
:103BB000002094F98C3094F98D2023491CF0BAFA36
:103BC0000020B4F99230B4F9902020491CF0B2FAE8
:103BD000002094F88F3094F88E201D491CF0AAFA2A
:103BE000FFF7B8FD054650B102461A4902201CF005
:103BF000A1FAFFF74FFF284603B0BDE8F083012389
:103C0000154984F8B8331CF095FAF4E7C004012094
:103C10000040BF40C03E0400DD3E0400033F0400FE
:103C2000233F040000408F40433F04006D3F0400E9
:103C30009D3F0400CB3F0400F93F040027400400EF
:103C40005540040083400400B1400400CC4004000F
:103C5000E640040000410400444104002DE9F04F17
:103C60008D4C97B002AD04F5EC66074688460FCE42
:103C70000FC50FCE0FC596E8030004F5F16685E881
:103C800003000FCE0CAD0FC50FCE0FC596E8030095
:103C9000002685E80300FFF7A9FE2346324693F885
:103CA000901621B993F8911609B10136F6B2013296
:103CB000082A03F11803F2D196B9002200237748AD
:103CC000CDE9002300234FF4803219F0C9F8637C5A
:103CD0001BB1012072491CF02DFA17B0BDE8F08F1E
:103CE00042F24173049A4FF000099A4284BF42F2B3
:103CF0001073049342F273730E9A9A4284BF42F295
:103D000042730E93049BA4F8C83342F24172049BA1
:103D10004FF0000A934284BF42F21073049342F2C0
:103D200073730E9A9A4284BF42F242730E93FFF766
:103D30005DFE234693F890B6BBF1000F54D193F883
:103D40009126002A50D01825012305FB0A4585F845
:103D500090361CF0C3FC05F5D463C3E9000195F867
:103D6000923683F0010385F8923695F893369A459A
:103D70002ED1089A02A8D3796BF30513D37195F865
:103D80009216DBB261F3C303D37195F8931661F316
:103D90000203D371137A6BF307131372B4F8CC33A5
:103DA000CDE90278A5F894364FF4615594F83B308C
:103DB000A3FB0532CDE90C3214F098FC034668B33E
:103DC000049A022000923749374A1CF0B3F917E0F1
:103DD0003649374840F27B13364A1DF044FB40F227
:103DE0007B1134481DF036FB0AF1010ABAF1080FC5
:103DF00003F118039ED102202B4A2F491CF09AF997
:103E0000049AD4F86837C4F868271344013B5B0868
:103E1000A4F8CA330E9BC4F890375EE7D4F8B030EC
:103E20000B9AB4F8CC131344C4F8B030D4F8B430BF
:103E30000131013389B22148C4E9F078C4F8B430C3
:103E4000A4F8CC131CF0F7F9D4E90A124FF4E140BE
:103E5000049B09F10109013304930E9B01330E9376
:103E6000139B5B1894F8201042F10002A1FB001094
:103E70005B1894F83B1042EB0002A1FB05155B18A0
:103E800042EB0502DB191F465FFA89F348EB020893
:103E9000B342FFF43AAFB3E7C0040120B8E9002011
:103EA00069410400E7410400644C040086410400B9
:103EB00042720300313E0400C24104009408012014
:103EC0002DE9F347354C054694F831300E4623B1C1
:103ED00002B0BDE8F047FFF7C1BE42F24173D4F82B
:103EE000682707279A4288BF42F2107342F2417A4C
:103EF00088BFC4F86837D4F86837DFF8A480A4F81E
:103F0000C833A8F56379D4F868372548534588BF86
:103F100042F21073C8E9005688BFC4F8683714F03D
:103F200033FB034650B1D4F86827022000921D49A4
:103F30001D4A1CF0FFF802B0BDE8F087D4F8B0309D
:103F4000D4F88427B4F8CC131344C4F8B030D4F8B0
:103F5000B4300131013389B24846C4E9F056C4F89F
:103F6000B430A4F8CC131CF066F94FF4E142D4F855
:103F70006837013F0133C4F8683794F82030A3FB59
:103F80000230D4E90A125B1840EB02025B1946EBDF
:103F9000020617F0FF071D46B5D1CCE7C00401208B
:103FA000200C01201D420400444C04002DE9F04F78
:103FB000ADF5437DFDF76AFA4FF0000A8C4C0546DB
:103FC00094F82060CDE910AA013EF3B2089303787B
:103FD000ADF848A00993838894F91C005BBAADF84A
:103FE0003A30637F0A93FBF72BFF63690B90C3F3AF
:103FF0000722DBB20C920D93FBF7CAFE88464FF402
:1040000087210746286C6E6CA0FB010C00234FF43F
:104010007A7201FB06C1F4F7EBFDC71994F8200092
:1040200048EB01080138617FC0B21CF019F903B2F6
:104030005345814609DC02206E491CF07BF84FF0A5
:10404000FF300DF5437DBDE8F08F94F83120002A54
:1040500000F0CA80684A4FF0010BBA18174648F1C1
:10406000000894F930200F930792B4F91A201FFA30
:1040700089F90692A27F0592627F0492D4E90A012F
:10408000CDE9020194F8202000200092228B5B49A8
:104090001CF050F8089BBDF8480003F00F06099B80
:1040A00046F010068DF84130BDF83A3020F47F60BC
:1040B000ADF842300A9B46EA4A1603F00F010B9B0B
:1040C00020F0010041EA03118DF844109DF84710DB
:1040D0000C9B01F0370161F077018DF8471040F239
:1040E00001118DF8453041EA0B110D9B8DF84060B0
:1040F0000143434E8DF84630ADF8481010AA07CA68
:1041000003C6328035224FF0010AA9F1080C1FFACC
:104110008CFC8DF84C206A686146A6F5627B15A878
:10412000ADF852C0ADF84E20ADF850A01CF0F9F833
:1041300013A958461CF07CFA1CF0D0FA1022C4E9EE
:1041400002010021A6F5D56020F003FB4FF4346195
:10415000A4F8CE934FF000090F9BBDF85020C4F88F
:104160008437A37FA4F8CC234B43228BC4F8743745
:10417000E37FA4F8722784F87C97C4F880B784F8AA
:1041800071372B68083EC4F86C3742F21073C4F8DC
:10419000683742F24273C4F8786784F870A7C4F8AD
:1041A00090372B6884F8A9A7C4F894372B68384651
:1041B00084F8A8376B68A4F8A0274FF46152A4F8DC
:1041C000AA3794F83A3041465343C4F8A43702233F
:1041D00084F8983794F83030C4F89A9784F89E376A
:1041E000FFF76EFE48462CE793464FF0010A38E78A
:1041F000C0040120AC4F040000580F0256420400D6
:10420000100C01200129F7B50646424C1BD1B4F829
:10421000743023B1D4F888300133C4F888300123D6
:10422000354623703C4C0FCD0FC40FCD0FC495E81D
:104230000F0084E80F003378012B2ED103B0BDE8C6
:10424000F040FFF7B3BE4FF4F6620021204620F0A5
:1042500080FA1CF043FAC022C4E90201002104F5EF
:10426000D26096F8295020F074FA224600230121EA
:10427000AB4282F8933603F10103B8BF82F891167E
:10428000082B82F8921602F11802F1D1FFF732FBE7
:1042900042F6E063C4F8C430C1E7022B0BD01F49DB
:1042A0001F4840F2A6331F4A1DF0DDF840F2A63148
:1042B0001C481DF0CFF8FDF7E9F80746FBF768FD4D
:1042C0004FF4873C0546386C0C46A0FB0C01D7F830
:1042D00044E04FF47A7200230CFB0E11F4F788FCD3
:1042E000031841EB01021B1841EB0201581944EB82
:1042F0000101FFF717FB044640B9B6F90A300A4935
:10430000009396F9203032891BF014FF204603B049
:10431000F0BD00BFC0040120D0040120712A0400B8
:1043200042720300313E0400F642040073B50546B4
:1043300010460E46144618F0ABFF019078B12246A5
:10434000314620F0DFF98DF8005000220023694645
:1043500004481FF0DBFF10B1019820F098F902B07B
:1043600070BD00BFECEB0020F0B5ADF53D7D6C46B7
:1043700005468C46B0F90430064603EBD3735F1054
:104380000FCD0FC42B68ADF82C70194623600A932B
:10439000DCE90023CDE908230023ADF82E300E4BD5
:1043A000B1F52F7F1B8BADF814300ED80A460DF1F6
:1043B0003100F16820F0A6F94FF43C726946032001
:1043C000FFF7B4FF0DF53D7DF0BD4FF42F720348AC
:1043D0001CF0D8FFF6E700BFC00401203B430400F7
:1043E0002DE9F047044600F108052846A2B0FBF786
:1043F000E3FC22780026D31E0B2B00F26881DFE855
:1044000013F04A01510158010C005F0166012000C0
:1044100011012101290166014601D4E9022301208D
:10442000CDE910231022236910A91293E38AADF875
:104430004C30A38AADF84E30FFF778FF22B0BDE8CC
:10444000F08714AD04F110070FCF0FC597E80F00E8
:1044500085E80F00D4E90401D4F81E309F4FCDF851
:104460007230D4F8223094F81EC0CDF8763097F828
:104470003150E38CCCF303080CF00F0ECCF3001C8E
:10448000ADF87A30CDE91201D4E902238DF87080BD
:10449000CDE910238DF871C0002D59D03B7C022B43
:1044A00055D14FF4615297F83C500EF10103A5FB32
:1044B00002522D1841EB02084FF4E142E2FB03588F
:1044C00097F8F06006F00F061CF008F9C7E91A012A
:1044D000237F002B40F08580B4F820E09EFA9EFEFA
:1044E000A7F876E094F82230C3F3031387F870300E
:1044F0003B7C022B75D194F81D90B9F1010F70D15E
:10450000774E0DF1180C0FCEACE80F000FCEACE8D3
:104510000F0096E803006B4608368CE8030096E827
:10452000070003C3A37F97F8F06013F0100F6A46EB
:1045300006F00F060ED16B496B484FF4EE736B4AD1
:104540001CF091FF4FF4EE7168481CF083FF0025CA
:10455000A846B9E71F2BCDE9065842D8E17F97F866
:10456000F13099423DD194F8231097F8F2309942F6
:1045700037D194F8241097F8F330994231D194F858
:10458000211094F8253094F822A094F820C09809BE
:104590009DF800408DF8061003F007039DF8071002
:1045A0005B0060F3871143F4887369F34714ADF837
:1045B0000830A7F874E08DF800408DF804A08DF85D
:1045C00005C08DF8071003AB07CA03C306A81A80FD
:1045D00003AB0C9314F01CF80146E0B144481CF006
:1045E000D1FE97F8313093B13B7C022B0FD14FF4C1
:1045F000615397F83D000136A0FB0303401948EBD7
:1046000003014FF4E143C6FB0301FFF78BF9482296
:10461000062010A910E7D7F8B0300F9A1344C7F856
:10462000B030DEE7D4E9022312AD1034CDE9102317
:104630000FCC0FC594E80300202285E80300042076
:1046400010A9F9E6294604F1100022B0BDE8F047B0
:10465000FFF78ABED4E902231034CDE9102394E891
:10466000070012AB83E807001822052010A9E3E633
:1046700006FB0533197B082903D0082238461CF0B5
:1046800081FE013563695A789542F1DBD6E6002553
:104690000C26184FF6E704F1100022B0BDE8F047F1
:1046A000F9F796B904F1100022B0BDE8F047F9F728
:1046B00071B904F1100022B0BDE8F0471BF06FBDE6
:1046C00004F1100022B0BDE8F047F9F78FB90A49AC
:1046D0000A4822B0BDE8F0471CF054BEC0040120D7
:1046E000880501209243040042720300313E040019
:1046F000C52B0400D6430400D74B04004A01040034
:10470000002307B58DF800000193002200236946BD
:1047100004481FF0FBFD10B101981FF0B8FF03B073
:104720005DF804FBECEB00202DE9F0419F4C0646C0
:1047300023788EB0FBB18368A3F51C52103A312A5E
:1047400076D8D4E902236846CDE900231BF0D4FFD4
:104750002378CDE9020143B14FF47A72638B13FBE6
:1047600002F3DA179842914108DB94F8B83313B991
:1047700002A8FFF7A9F90EB0BDE8F08194F8315016
:104780003DB194F83A3094F83B50ED184FF4615332
:104790005D43F38973B1FEF77DFFD4F8B430013B7C
:1047A000C4F8B430F389012B02BFD4F8BC30013314
:1047B000C4F8BC30B368B4F8C823934203D0B4F84B
:1047C000CA239342D7D1FCF761FE0746FBF7E0FA14
:1047D0004FF4873C8046386C0E46A0FB0C01D7F89E
:1047E00044E04FF47A7200230CFB0E11F4F700FA48
:1047F0004FF4E14294F8203010EB0807A3FB02329B
:1048000046EB0106D4E90A011B1842EB01025B19D1
:1048100042F10002D4E9F001181842EB0101B8425C
:1048200071EB0604F8D30EB0BDE8F041FFF748BBCA
:10483000A3F53B52203A312A69D8FFF73FF8D4E973
:10484000102307466846CDE900231BF055FFB4F856
:10485000483013B1013BA4F84830F38983BBBEB2A2
:104860002EB90220FFF74CFF5149002048E094F890
:10487000C030002B7FF47FAF237C022B7FF47BAF13
:10488000B4F8483033B14FF23123984271F100014E
:10489000FFF671AF474D02AC0FCD0FC40FCD0FC463
:1048A00095E80F0084E80F00324600204249ADF839
:1048B00012701BF03FFC012102A8FFF7A3FC5AE78E
:1048C00041F2090293423FF456AF237C022B15D1EB
:1048D000B4F8483093B940F2F513984271F10001F1
:1048E0000CDB344D02AC0FCD0FC40FCD0FC495E8D7
:1048F0000F0084E80F00ADF81270DCE702202F49AA
:104900001BF018FC0EB0BDE8F041FFF7C3B842F64B
:10491000F82293420AD1C08928B929490EB0BDE8CE
:10492000F0411BF007BC01202649F7E742F6F922C7
:10493000934227D1002384F8C030C089F8B92249B6
:104940001BF0F8FBFEF7BAFF82B20646002AD9D068
:1049500000201E491BF0EEFBB4F91A30002B3FF487
:104960000AAF144D02AC0FCD0FC40FCD0FC495E8A4
:104970000F0084E80F000221ADF812609CE70120CF
:104980001349DDE742F6FA2293427FF4F4AEC5897B
:1049900055B994F8B8332BB101200E491BF0CAFB6E
:1049A00084F8B8530C4960E70C495EE7C004012065
:1049B0001F440400D0040120344404007144040066
:1049C0008F310400A5310400C5310400A144040066
:1049D000DC310400E04404002D4504004745040098
:1049E00038B50E4D04462B7833B102200C491BF02C
:1049F000A1FB4FF0FF3038BD0A4813F0F5FC01462B
:104A000010B109481CF0BEFC00212046FFF7FAFB5C
:104A10000028F0D000232B70EDE700BFC004012078
:104A200063450400E1430100183B040010B5134C3A
:104A300023782BB9BDE81040022011491BF07ABB46
:104A4000237C012B0CD194F8B80330B9FFF73CF864
:104A500018B1BDE81040FFF71DB80023638310BDF7
:104A60000220FFF74DFEB4F8483013B1013BA4F823
:104A700048300820BDE81040FFF742BEC0040120C6
:104A8000804504002DE9F04FADF2DC7D4FF0FF32A0
:104A90004FF0FF3363480AA914F0BCFF9DF82820AB
:104AA000531E072B00F25384DFE813F05800CC00AC
:104AB00061032C027A0293020E000800FEF7EAFF5F
:104AC0000B981FF0E4FDE1E7574C2378002BF7D05B
:104AD000FEF7F4FE28B955491BF02CFBFFF7A6FFA3
:104AE000EEE7FCF7D3FC0746FBF752F94FF4873C9F
:104AF0000546386C0E46796CA0FB0C074FF47A72B1
:104B000000230CFB0171F4F773F8421946EB010521
:104B10004FF4E141D4E90A6094F82030A3FB01315D
:104B20009B1941EB000194F83A6094F83B0080191E
:104B30004FF4615670431B1841F10006D4E9F001AF
:104B4000181846EB0101904271EB050402D3FFF700
:104B500085F8B5E7C01841EB0601F4E70B9CE38943
:104B6000002B4CD000217C220DF21C5529600DF544
:104B7000A4601FF0EEFD2A46B4F90C10E089FBF7A3
:104B800089F9A268A2F51C53103B312B09D9A2F573
:104B90003B53203B312B04D9A2F52B53383B022B3E
:104BA0000DD8E389012B06D000922B460120204A24
:104BB00020491BF0BFFA2046FFF7B6FD80E740F220
:104BC0009A239A4206D12B46194A1B4902201BF010
:104BD000B1FA75E7A2F51D53023B312B8CBF0023C0
:104BE00001239A4203D12B46114A1449EEE70220D1
:104BF000134613490E4A00951BF09CFA60E7A36820
:104C0000A3F51C52103A312AD5D9A3F53B52203ACC
:104C1000312AD0D9A3F52B53383B022B3FF650AFA6
:104C2000C9E700BFECEB0020C00401209A45040056
:104C3000154C0400C1450400F04504001046040072
:104C400062340400BD4CE36C1BB90120BC491BF06D
:104C500071FAD4E91623D4E91801801A61EB030133
:104C6000F3F700FC06460F46E06CF3F7AFFB324665
:104C70003B46F3F74FFDB34B0022F3F721FC40F224
:104C8000EB12804689461DA800211FF062FDB4F892
:104C90007420AD491DA819F071FA1DA8F3F7EAFFB9
:104CA0001DABE26CA949184419F068FA1DA8F3F786
:104CB000E1FF1DAB226DA649184419F05FFA1DA84B
:104CC000F3F7D8FF00220546A24B30463946F3F7EA
:104CD00021FD02461DA80B4628449F4919F04EFAB3
:104CE0001DA8F3F7C7FF002205469A4B40464946E8
:104CF000F3F710FD02461DA80B462844974919F00A
:104D00003DFA1DA8F3F7B6FF1DABD4F888209449EF
:104D1000184419F033FAD4F8B05045B11DA8F3F790
:104D2000A9FF1DAB2A468F49184419F027FA1DA880
:104D3000F3F7A0FF1DABA26F8B49184419F01EFAC0
:104D40001DA8F3F797FF1DABE26F8849184419F0CF
:104D500015FA1DA8F3F78EFF1DABD4F88020844907
:104D6000184419F00BFA1DA8F3F784FF1DAB94F853
:104D700095208049184419F001FA1DA8F3F77AFF2D
:104D80001DAD94F98C3094F98D207B49284419F09D
:104D9000F5F92846F3F76EFF054694F88E00FBF709
:104DA0003FF8064694F88F00FBF73AF803461DA833
:104DB00032467249284419F0E1F91DA8F3F75AFF69
:104DC0001DADB4F99230B4F990206D49284419F022
:104DD000D5F92846F3F74EFF2B46421C69490020BF
:104DE0001BF0A8F9F9F73CF8FCF750FB0027037813
:104DF0008046B0F804A0218B94F870000693CDE9AA
:104E00000C77ADF838701BF0BCF9B4F874B00790AB
:104E1000FAF7BEFFCDE908011DA8F3F72BFF3423F5
:104E20000122461D8DF86032D8F80430B6B2114622
:104E30003046ADF862321BF01BFA00F00F0949F062
:104E400030038DF83030069B9AFA9AFA8DF831309B
:104E5000079BADF832A01B0143F001038DF83430FD
:104E60000DF13C0A4FEA1B238DF8353053460CAD4B
:104E70008DF836B095E8070003C30DF21C551DA947
:104E800099A81A801FF09CFD284698A91BF0D0FB1A
:104E9000CDE91A56238B8DF86470ADF85A30179708
:104EA000D8F800300125159342F6F923089A149397
:104EB000354B12A8D318099ACDF860A042F1000230
:104EC000CDE912328DF8585084F8C05013F05CFBD5
:104ED000034678B1149A02202C4984F8C0700092DD
:104EE0002B4A1BF027F902202A491BF023F9FEF771
:104EF00001FDE5E532462849009509F101031BF063
:104F000019F9F4E70D4B0B9A197811B1996F01312A
:104F100099675B7C002B3FF4D3ADB2F9143003EBFF
:104F2000D3714910CDE90131B2F916301B49009314
:104F3000D2E9002301201BF0FDF8C1E5C0040120E7
:104F4000344604000040BF405A4604008346040033
:104F5000A746040000408F40C5460400EA4604000E
:104F60001547040033470400514704006747040015
:104F70007D47040093470400A9470400CF4704007D
:104F8000F54704001948040000603D081D26040090
:104F9000F54B0400BB290400DF2904005448040039
:104FA000BB4B0B9A197811B1D96F0131D9675B7C72
:104FB000002B3FF485ADB2F90C3003EBD3714910EF
:104FC000CDE90131B2F90E30B2490093D2E90023A4
:104FD000B0E70B9CDFF8B88294F83620B4F928309B
:104FE000C2F3020288F8942098F98C2003EBD37363
:104FF0005D10B2EB630F98F98D30B8BF88F88C5014
:10500000AB42C8BF88F88D5094F8363098F88F10AE
:10501000C3F30312B1EB131FB8BF88F88F2094F8C5
:10502000363098F88E10C3F30312B1EB131FC8BFCC
:1050300088F88E20B4F92A30B8F992209A42B8BF85
:10504000A8F89230B4F92A30B8F990209A42C8BF33
:10505000A8F8903098F8313073B398F81030012BDD
:105060002AD1A38BB3F5807F26D194F8323003F098
:10507000E003202B20D1182294F83A30C3F34200E9
:1050800002FB008292F89026B2B103F0F002102ADF
:1050900063D1DB0759D5D8F8A0300133C8F8A03068
:1050A000182303FB00800023002280F890360023A1
:1050B00000F5D460C0E9002398F81130002B3FF4CC
:1050C000FFACD8E9262398A8CDE998231BF014FB60
:1050D00041F28833984271F10001FFF6F1AC4FF0D4
:1050E000000A7C2251460DF5A460CDF81CA51FF0E6
:1050F00030FBB4F92A00F3F779F90022664BF3F795
:10510000DFF90DF21C5B06460F46207F5946FAF781
:105110001BFFDDE99823C8E9262394F83600A3692C
:105120000009D4E900890693FAF77AFE069BCDE9D7
:105130000450009342464B465046CDE9026757491A
:10514000CDF804B01AF0F6FFBAE4D8F8A430013371
:10515000C8F8A430FEF79EFAA2E7602AACD1D8F8CE
:10516000A8300133C8F8A830FEF794FAA4E70B9DE5
:10517000AF6A002F3FF4A4AC95F8316006F07F06CB
:10518000A6F13303022B00F29D80414C20780028C9
:105190007AD005F131010DF21C501BF076FA05466C
:1051A00050B102460220D4F884303D490133C4F89E
:1051B00084301AF0BFFF83E49DF81C25352A32D1D4
:1051C00094F8943084F89530E36CBBB91BF086FA00
:1051D000C4E91601E36C13FA87F7236DE764013322
:1051E0002365BDF82035A4F87230BDF81E35A4F84B
:1051F00074301BF073FAC4E9180161E4B4F872105A
:10520000BDF820354A1C9342E4D0D4F88020607C5D
:105210000132C4F880200028DCD00091012021490F
:105220001AF088FFD6E7332A1DD1BDF81E25B4F841
:1052300074309A4206D11C491AF07CFF0220FFF715
:105240005FFA3DE4B4F876108A4209D11346012092
:1052500016491AF06FFFB4F87630A4F87430EDE711
:1052600001201349B3E4342A0BD112491AF062FF2A
:10527000284611490DF5A4621AF05CFF84F8B85372
:105280001EE40E49012094E70D491AF053FF17E47C
:10529000C0040120934804000000D03FD24804001D
:1052A0004149040065490400C2380400BC490400B7
:1052B000934A0400194B0400741404004E3A04008D
:1052C000324B0400322E3FF4FBAB00243C2221463B
:1052D00099A898941FF03DFAAB6ADFF8889005937F
:1052E000B5F9043005F1300703EBD3735B10049379
:1052F000B5F90600F3F77AF80022164BF3F7E0F859
:10530000CDE902012B68204600931349D5E9082313
:105310001AF010FF0DF21C58AB6AA34209D908EB32
:105320000400494617F8012F013418F027FF402CDC
:10533000F2D100234444637098A93046FCF7AAF8E0
:10534000CDF800800246AB6A0120044954E40449C8
:1053500098E700BF0000D03FD6360400744B04002D
:10536000B24B0400D6090400013808B5244B0328C9
:105370000CD8DFE800F002171B2593F8340093F8EF
:10538000352093F836301044184408BD1D4940F2CA
:1053900062531D4A1D481CF066F840F262511A48DB
:1053A0001CF058F893F82300032807D193F837002E
:1053B00093F8382093F839301044E5E7042813D1E6
:1053C00093F8351093F8342093F838000A4493F892
:1053D00036100A4493F8371093F8393018448A424B
:1053E000ACBF80184018D0E70028CED0084940F262
:1053F0007453054A05481CF036F840F27451CEE764
:10540000780D0120B6570400B84C04004272030026
:10541000ED4C04002DE9F743814601A88846174664
:105420001BF02BF8064640B9022034491AF082FEE0
:105430006FF00B0003B0BDE8F083FCF727F8002500
:105440000268019B2E4C1A6042684FF43460019B45
:105450005A60E2695D619A602A4AC3E90E98DA608F
:10546000294A1F649A61E26AA3F84850C3E90972A5
:10547000228C1A8494F83710012283F8461094F88D
:105480003810A3F84420A3F84A1094F8261041439A
:10549000D96694F82710304683F8701003213172D2
:1054A000B4F86810A3F8721083F8782083F86020AD
:1054B000D4F86A10C3F86110D4F86E10C3F8651000
:1054C000B4F8721083F82C2044F26822A3F8691013
:1054D000F2601A6344F24F625A63FBF74BF850B91B
:1054E00002200A4A0A491AF025FE30461AF0E3FF64
:1054F0006FF00F009EE728469CE700BF1D4D04009B
:10550000780D0120E5570100495801003B5C04007B
:10551000992704002DE9F04387B0814605A8884605
:105520001746FAF75DFF054640B902203E491AF0DA
:1055300001FE6FF00B0007B0BDE8F083FBF7A6FF9C
:105540000021059B394A3A4CDA603A4A59619A611E
:10555000E26A0646C3E90972228C01201A8494F893
:105560003420C3E90E9883F8462094F835201F6450
:10557000A3F84A200422A3F84810A3F84400D964F1
:105580002A7243F68262EA601A6344F267225A631F
:10559000022283F85C2094F8282083F82C0083F8FA
:1055A000502094F82220022A26D14FF0FF3794F899
:1055B0002320A3F84A10DF648AB1D4F82CC0D4E9C0
:1055C0000424A2FB0C210CFB041149B3CDE90021FA
:1055D0000297194A19491AF0ADFD059BDF640022B4
:1055E00043F68161059BC3E909221A619A6183F838
:1055F0002C20E96083F85C200024059B3268284653
:105600005A659C65FAF7B6FF60B902200A4A0C4950
:105610001AF090FD28461AF04EFF6FF00F008AE74F
:10562000DA64DCE7204686E74B4D0400A957010009
:10563000780D0120495801001B5C0400794D0400DD
:10564000CC4D04002DE9F34780460F46464EFAF74D
:105650009FFB58EA0703326914D1444D451941F1C3
:10566000000996F822A0BAF1030F14D12846494642
:10567000FFF7D0FE044640B102463D4902201AF031
:1056800059FD23E04546B946EBE758EA07071CD128
:10569000C6E9485919E0BAF1010F1BD1284649461D
:1056A000FFF738FF044610B102463249E6E758EAF0
:1056B000070796F8343008D14FF46152A3FB023249
:1056C0005B1949EB0202C6E928320024204602B0E9
:1056D000BDE8F087BAF1040F2AD128464946019265
:1056E000FFF718FF019A044610B102462249C5E7A8
:1056F00058EA070796F8343009D028464946FFF79C
:1057000089FE04460028E0D022461C49B6E74FF443
:105710006151A3FB01315B1949EB0101C6E9283155
:1057200028464946FFF776FE04460028B0D0EBE74E
:10573000BAF1020F0BD01249124840F2C643124A86
:105740001BF091FE40F2C6410F481BF083FE002281
:1057500028464946FFF7DEFE04460028B5D002463B
:105760000A4950468BE700BF780D012000F0D200B7
:10577000054E04003F4E0400794E0400B14E040073
:10578000E94E040042720300B84C0400214F0400AB
:1057900008B54FF49472002102481EF0DAFF002091
:1057A00008BD00BF780D0120C0890D4940B9D1F86E
:1057B000C80008B9C1E92E230130C1F8C8007047FC
:1057C00041F60A2398420BBFD1F8D030D1F8CC3043
:1057D000013301330CBFC1F8D030C1F8CC30704771
:1057E000780D0120C0890A4910B9C1E948237047E2
:1057F00041F60A2398420BBFD1F80C31D1F8083199
:10580000013301330CBFC1F80C31C1F808317047C6
:10581000780D012037B5044604200D4617F038FDF9
:10582000019068B12B6803608DF8004000220023CE
:10583000694604481EF06AFD10B101981EF027FF6A
:1058400003B030BD44EC002040F2CD7307B50190A9
:10585000A0F57A50023898420BD90949094840F21C
:10586000B233094A1BF0FFFD40F2B23106481BF08B
:10587000F1FD052001A9FFF7CDFF03B05DF804FBA2
:105880005B4F040042720300B84C04002DE9F7435B
:1058900005468946FBF7FAFD8046B9F1000F05D1B0
:1058A0004FF494724946C3481EF053FF0026C14C82
:1058B0003146282204F5807066601EF04AFF60229F
:1058C000314604F1A0001EF044FF314604F1C4004B
:1058D0001AF026FF04F1B0001AF022FFB64B2F4653
:1058E000C4F8EC3042F20F73A4F8F2304DF6F10335
:1058F0000121C4F8E86084F8F060C4F8F86084F826
:10590000FC6004F1180004F11C06A4F8F4301AF04D
:1059100007FF0FCF0FC697E80F0086E80F00A879A2
:10592000FFF722FD2081A879FFF71EFD40B34FF459
:10593000615380FB0330C4E90430AB79042B0CBF06
:105940000A200020FBF7A8FCB9F1000F40F0B1805D
:10595000AB79DA1E012A00F2A880287F697A013823
:1059600086B2C0B21AF080FC83B263B90220934AB7
:1059700093491AF0DFFB4FF0FF3003B0BDE8F0832E
:105980004FF0FF33D7E7B3F52F7F06D983B28B4AA9
:1059900002208C491AF0CEFBEDE7A4F868308A4B60
:1059A000C4F86A90C3F80490A3F8089094F86A3099
:1059B00006F00F0603F0100346F020061E4384F89D
:1059C0006A60D8F8003084F86B30D8F804301B0ACD
:1059D00084F86C302B6884F86D306A7A94F86E30F5
:1059E00062F3030384F86E3095F90800FAF728FA99
:1059F00094F86E3060F3071384F86E302B681B0A3E
:105A000084F86F302B6884F870306B7B2BB1AB79E6
:105A10005A1E012A2FD9042B2DD001A8F8F78AFA93
:105A2000002840F004819DF80400002800F0008167
:105A3000FAF7AEF94FF487360546D8F840000C4621
:105A4000A0FB0601D8F844704FF47A72002306FBDD
:105A50000711F3F7CDF8031841EB01021B1841EBD6
:105A60000201581944EB010138E0AB795A1E012AB2
:105A700001D9042B20D1FAF78BF9064601A80F466D
:105A8000FAF7AEFC054670BB022050491AF052FBF3
:105A90006FF00B030220494A4D491AF04BFBD4F832
:105AA000CC300133C4F8CC305FE06A7B002AAFD140
:105AB000B3E76B7B002BD8D1FAF76AF9D4E9045726
:105AC000444A94F82230821841F10006032B52D147
:105AD000D4E94801904271EB060348D303B0BDE816
:105AE000F043FFF7AFBDFBF7D1FC04232B724FF45B
:105AF0007A53EB60019B384ADA600022C3E9052241
:105B0000218CC3E90922198434491A6476184FF0AC
:105B1000FF3147F10007C3E90E670226D96494F804
:105B2000281083F8452083F846209A6483F85C6047
:105B300083F8501001682846C3E91512FAF71AFDD8
:105B400050B93046264A27491AF0F4FA28461AF086
:105B5000B2FC6FF00F039DE7012123481AF0E0FD2E
:105B6000D4F8C8300B44C4F8C830002005E7281822
:105B700041EB0701AEE7012B01D0042B4BD194F888
:105B80002930002B44D04FF4615194F83430A3FBFA
:105B9000013CD4E9280150EA01042DD1134940F217
:105BA000F923134A13481BF05EFC40F2F921104818
:105BB0001BF050FC780D01200081010F045C0400F3
:105BC000A84F0400CD4F0400E20D01204B4D04000E
:105BD000EC4F040000603D08A957010000F0D2001E
:105BE000D95B0400CC4D0400280E01202C50040089
:105BF000B84C040042720300C01A61EB0C019042E1
:105C000071EB0603BFF46AAF281841EB0701F6E712
:105C1000D4E94801F3E7022B09D006494FF4417358
:105C2000054A06481BF01FFC4FF44171BFE70020F6
:105C3000014653E7E94E0400B84C040042720300E9
:105C4000002307B58DF80000019300220023694668
:105C500004481EF05BFB10B101981EF018FD03B064
:105C60005DF804FB44EC002030B5054685B00830F3
:105C7000FAF7A2F82A78D31E092B00F26E81DFE82A
:105C800013F0500157015E01E70065016C010A0045
:105C9000BF00CB00DB00B448B5F928201AF03DFD69
:105CA00000285DD0B14C02EBD27294F9ED10531084
:105CB000B1EB620F94F9EE20B8BF84F8ED309A4250
:105CC00094F8EC20C8BF84F8EE30002A4AD1DB00FB
:105CD000C4F8E830012384F8EC3095F8223094F8C9
:105CE000F010C3F30312B1EB131FB8BF84F8F02018
:105CF00095F8223094F8EF10C3F30312B1EB131FA1
:105D0000C8BF84F8EF20B5F92A20B4F9F410002AAE
:105D1000B8BF03329310B1EBA20FB4F9F220B8BFB1
:105D2000A4F8F4309A4294F8FC20C8BFA4F8F230EA
:105D300002BBDB00C4F8F830012384F8FC3095F88E
:105D40002230C3F3020384F8FD30D5E90423C4E90B
:105D500028232B7FB3B1D4F8E0300133C4F8E0300E
:105D600005B030BDD4F8E820A2EBE2021A44C4F832
:105D7000E820B2E7D4F8F820A2EBE2021A44C4F813
:105D8000F820DCE77A481AF0C8FC94F8293001467C
:105D900023B388B9D5E904237648C4E92A231AF045
:105DA000BCFC0028DCD073481AF0BAFC042005B013
:105DB000BDE83040FFF744BF0128D1D1D4E92A32F1
:105DC000D5E90401C01A61EB0201D4E90423F2F71A
:105DD0000FFF013820EAE0706060C1E794F82230DC
:105DE000042BBDD10028BBD1D4E92E32D5E9040162
:105DF000C01A61EB0201D4E90423F2F7F9FEE9E7E6
:105E000059481AF08AFC0028AAD0584AD2F8DC3047
:105E10000133C2F8DC30A3E7544B2A6AD3F8C01030
:105E2000C4330A4443F8042CD3E8EF1F0131C3E81C
:105E3000E21F002A94D0F7E74B481AF06EFC0028C6
:105E40008ED04A4AD2F8E4300133C2F8E43087E712
:105E5000D5E90223CDE900232B6968460293EB8A3A
:105E6000ADF80C30AB8AADF80E30FBF71BFA3E48AC
:105E70001AF053FC00283FF473AF2B69A3F584425A
:105E8000683AB2F57A7F2DD2AA8A384B22BBD3F872
:105E90000421B3F868100132C3F80421D3F80021BB
:105EA0000A44C3F80021D3F818210132C3F818219D
:105EB000AA8A012A04D1D3F814210132C3F814218B
:105EC0002C481AF02AFC2B6900B3B3F57A5F1DD178
:105ED0000220FFF7B5FE43E7D3F810210132C3F8E3
:105EE0001021E5E7A3F57A53B3F57A7FE8D2AA8AC1
:105EF0001E4B2AB9D3F8D8200132C3F8D820DFE7E7
:105F0000D3F8D4200132C3F8D420D9E743F6816214
:105F100093427FF425AF032005F11001FFF77AFCCF
:105F20001EE705F1100005B0BDE83040F7F750BDA1
:105F300005F1100005B0BDE83040F7F72BBD05F1C5
:105F4000100005B0BDE830401AF029B905F1100085
:105F500005B0BDE83040F7F749BD0749074805B02F
:105F6000BDE830401BF00EBA900D0120780D0120E5
:105F70003C0E0120280E0120BC5B04004A010400F5
:105F80002DE9F347C44CFBF781FAD4F81831E76ADE
:105F900094F83820BB4228BF3B46054694F82200BF
:105FA00002FB03F894F83590D4F8D8A0FFF7DCF999
:105FB000061E40F335816FF0004292FBF6F2E36A71
:105FC000934240F22D810220B44AB54900961AF05E
:105FD000B1F80026002700206A68B2491AF0AAF832
:105FE0000022002330463946F2F7D2FC002800F0A8
:105FF000B3810020AC491AF09DF894F82230033B9D
:10600000012B33D80020D4F80421A8491AF092F8C3
:106010000020D4F80021A6491AF08CF8D4F81821F1
:10602000A44900201AF086F8D4F80821A249002AD1
:1060300000F0988102201AF07DF8D4F80C211AB1F2
:1060400002209E491AF076F8D4F810219C49002AC3
:1060500000F08A8102201AF06DF8D4F814219949D1
:10606000002A00F0838102201AF064F894F82230AC
:106070005A1E012A02D9042B40F08C8192481AF052
:106080004CFBE36A66688342A3EB0606638C0CBF95
:106090000025351A022B8C4808BF00251AF03DFB5D
:1060A0008A49024600201AF045F80020D4F8C020A2
:1060B00087491AF03FF80020626886491AF03AF8DA
:1060C000D4F8D820844900201AF034F8D4F8CC2031
:1060D0008249002A00F04C8102201AF02BF8D4F8F3
:1060E000D0201AB102207E491AF024F8D4F8D42026
:1060F0007C49002A00F03E8102201AF01BF8002D96
:1061000020DD2846F2F772F9804630468946F2F7DC
:106110005DF902460B4640464946F2F7FBFA724BE0
:106120000022F2F7CDF9804689462A4602206F49BF
:106130001AF000F842464B460220CDE900566C4961
:1061400019F0F8FFD4F8E0206A49002A00F0148121
:10615000022019F0EFFFD4F8DC206749002A00F094
:106160000D81022019F0E6FFD4F8E4206349002AEB
:1061700000F00681022019F0DDFF94F83A305BB19F
:10618000002094F9ED205E4919F0D4FF002094F925
:10619000EE205C4919F0CEFF94F8EC00002800F0E6
:1061A000F180D4F8E8200020574942F3CF0219F0DB
:1061B000C1FF94F8F000F9F733FE5449024600207D
:1061C00019F0B8FF94F8EF00F9F72AFE504902469B
:1061D000002019F0AFFF94F83A305BB10020B4F919
:1061E000F4204C4919F0A6FF0020B4F9F2204A49E6
:1061F00019F0A0FF94F8FC00002800F0C780D4F844
:10620000F8200020454942F3CF0219F093FF002007
:1062100094F8FD20424902B0BDE8F04719F08ABF6A
:1062200094F82220E16A032A01FB06F614D14046C5
:10623000F2F7DCF8804630468946F2F7D7F8024696
:106240000B4640464946F2F765FA0022264BF2F724
:1062500037F906460F46BEE6574528BF5746012A7E
:1062600009FB07F0E4D0042A01D14044E0E794F8A8
:106270002330032B08D194F83800022A62D1002879
:106280003FF4A7AE4843D3E7042B4BD194F8353005
:1062900094F838001844F0E7780D01205B5C0400A6
:1062A0003950040080500400A6500400145104002A
:1062B000485104007C510400B0510400E451040032
:1062C000185204004C5204003C0E0120805204007D
:1062D000B4520400E85204001C530400505304005C
:1062E00084530400B853040000005940EC530400E8
:1062F00020540400665404009A540400CE54040050
:1063000002550400365504006A550400D3550400B4
:106310000B5604004356040077560400AB560400A5
:10632000145704005BB11D4940F28E531C4A1D48AE
:106330001BF099F840F28E5119481BF08BF8022A95
:106340003FF447AE18494FF4D473154A15481BF073
:106350008AF84FF4D471EFE732463B46134919F0FF
:10636000E9FE4AE6104666E6104674E610467BE60D
:106370001046B2E61046C0E61046EAE61046F1E6E0
:106380001046F8E60A4919F0D5FE12E7094919F056
:10639000D1FE3CE702B0BDE8F08700BFED4C040041
:1063A000B84C040042720300E94E0400DB500400C4
:1063B0009E550400DF5604002DE9FF416D4D6E4CE3
:1063C0004FF0FF324FF0FF33284602A913F022FBB3
:1063D0009DF80820531E042B00F2C680DFE803F06E
:1063E00003152A328E00FFF7CBFD0020FAF754FF89
:1063F0001AF035F81120F7F7E7F800215F481AF096
:106400008FF903981EF043F9DAE794F82A0050B1A7
:1064100000205B4919F08EFEFFF7B2FD01215948BB
:10642000FFF734FAEDE7584919F084FE0120FFF731
:1064300007FCE6E7039B05201B6801A90193FFF712
:10644000E9F9DEE74D481AF068F920B902204F4912
:1064500019F070FED5E7FBF719F80746F9F798FC35
:106460004FF4873C0646386C8846A0FB0C01D7F8F1
:1064700044E04FF47A7200230CFB0E11F2F7B8FBE4
:10648000821948EB010394F82210D4E9046C032923
:106490000CD1D4E94801904271EB030702D3FFF716
:1064A000D1F8AEE730184CEB0101F4E7012901D037
:1064B000042912D14FF4615194F83470A7FB017E86
:1064C000D4E92801C01B61EB0E01904271EB030778
:1064D000E5D230184CEB0101F7E702290BD02C492B
:1064E0002C4840F22F332C4A1AF0BDFF40F22F31D6
:1064F00029481AF0AFFF10461946D0E7039B1F4802
:106500001E681AF00AF900283FF47BAF32460020DB
:10651000224919F00FFEA6F58443683BB3F57A7F54
:106520000BD340F2E532A6F57A53023B934211D8E1
:1065300094F82230012B7FF464AF236894F82A206A
:1065400001332360002A7FF467AF226B9342FFF48C
:1065500063AF6BE743F681639E427FF452AF064B15
:1065600093F82230022BE6E701200D4919F0E2FDF5
:1065700047E700BF44EC0020780D0120900D01207A
:1065800048570400940D0120605704007757040019
:106590009E57040042720300B84C0400E257040006
:1065A0000558040008B507481AF0B7F820B9BDE847
:1065B0000840054919F0BEBD0120BDE80840FFF7BD
:1065C0003FBB00BF900D01206C5B0400012938B572
:1065D00004460AD9526806491BF085FF4FF0FF3583
:1065E00020461BF08EFF284638BD0125F8E700BF86
:1065F0000A78030000232DE9F043ADF5377D01292A
:1066000003AF0C46154602933B6040F28C80506805
:1066100058B15B49F2F724FB064630B91AF089F805
:106620003046584919F086FDA6E005F0D5F900235B
:106630002622DFF88481544EADF818300492ADF86C
:1066400014308DF8163043463246294620460097CE
:106650001BF071F8431C0AD14C4B1B68A34266D255
:1066600004F18044013C55F82420494958E064383D
:1066700010284DD8DFE800F01D4C4C4C5741484CD9
:106680004C3A4C4C334C4C4C0900424B0A21186894
:1066900002AA1CF09BF8029B0490002BD3D002208E
:1066A0003D4919F047FD6FF015000DF5377DBDE848
:1066B000F083384BD3F800904846F2F7DBFA40F20B
:1066C000BA23984205D94A460220344919F032FDCE
:1066D000E9E749460DF11A001EF072F9B3E72D4BB8
:1066E00018681DF0EDFF8DF81600ACE7294B18680F
:1066F0001DF0E6FF8DF81500A5E7264B18681DF084
:10670000DFFFADF818009EE701238DF814309AE7FB
:106710001E4B23491B6803F18043013B55F823209E
:10672000022019F007FD1F48F5F798FA24E09DF8BC
:1067300014306BB10DF11A00F2F79CFA40F2BA2353
:106740001E30984204D90220174919F0F3FCEAE7F9
:106750000020049B15490DF11A0219F0EBFC04A866
:1067600000F06AFD029048B10090049B022010499D
:106770000DF11A0219F0DEFC002096E70D4951E7F1
:1067800041600400915C0400BE5C0400C4E400208D
:10679000A78303004838012004800300A25C0400A2
:1067A0007A8303001C610400CB5C0400165D0400C6
:1067B000485D0400865D0400A4E200202DE9F0415C
:1067C000002686B0CDE902660C46154605F004F9B0
:1067D0002623ADF81460344F344E04930DF10C08A9
:1067E0003B46324629462046CDF800801AF0A3FFEA
:1067F000431C0AD12E4B1B68A3423FD204F18044B4
:10680000013C55F824202B490EE0702828D012DCDA
:1068100068280CD06D282AD0254B27491B6803F126
:106820008043013B55F82320022019F083FC2348C4
:10683000F5F714FA32E07428EED1214B0A211868DA
:1068400002AA1BF0C3FF029B0490002BC8D00220B9
:106850001C4919F06FFC6FF0150006B0BDE8F0811F
:10686000174B18681DF02CFF8DF81500B8E7144B76
:1068700018681DF025FF8DF81400B1E70020049A78
:10688000114919F057FC04A800F088FC0346029057
:1068900030B10220049A0D4919F04CFC0020DCE7CD
:1068A0000B4919F047FCF9E714E30020A15D04004F
:1068B000C4E40020A78303007A8303000264040079
:1068C0004838012004800300A95D0400E75D04004E
:1068D000315E04002DE9F041002686B0CDE9026664
:1068E0000C46154605F078F82623ADF81460344FB1
:1068F000344E04930DF10C083B463246294620469F
:10690000CDF800801AF017FF431C0AD12E4B1B68EC
:10691000A3423FD204F18044013C55F824202B4986
:106920000EE0702828D012DC68280CD06D282AD000
:10693000254B27491B6803F18043013B55F8232071
:10694000022019F0F7FB2348F5F788F932E07428A4
:10695000EED1214B0A21186802AA1BF037FF029BD7
:106960000490002BC8D002201C4919F0E3FB6FF003
:10697000150006B0BDE8F081174B18681DF0A0FEA9
:106980008DF81500B8E7144B18681DF099FE8DF8C6
:106990001400B1E70020049A114919F0CBFB04A8B8
:1069A00000F0AEFB0346029030B10220049A0D497C
:1069B00019F0C0FB0020DCE70B4919F0BBFBF9E73D
:1069C00054E30020A15D0400C4E40020A783030079
:1069D0007A830300BA65040048380120048003006C
:1069E000515E04008B5E0400D55E04002DE9F04189
:1069F00040F2816300271546042288B0CDE90323C5
:106A00000C46CDE905770797FAF740FD0646029751
:106A100004F0E2FFF369544F8DF81A30B369534E16
:106A20008DF81B3001230DF10808ADF81C303B46F2
:106A3000324629462046CDF800801AF07CFE431CE1
:106A40000AD14B4B1B68A3427DD204F18044013C28
:106A500055F8242047490DE074283DDC622810DCFD
:106A600044285AD0424B44491B6803F18043013B00
:106A700055F82320022019F05DFB4048F5F7EEF8A9
:106A80006AE063381128EDD801A353F820F000BF65
:106A9000F76A0100656A01000F6B0100236B0100BA
:106AA000656A01007B6A0100396B0100656A0100BB
:106AB000656A0100656A0100656A0100656A010096
:106AC000656A0100656A0100656A0100656A010086
:106AD000656A0100036B010040F2E933984224D05B
:106AE00040F2EA339842BDD1254B18681DF0E8FD0D
:106AF0008DF81A009BE7224B18681DF0E1FD049009
:106B000095E71F4B18681DF0DBFD03908FE71C4BCA
:106B100018681DF0D5FD059089E701238DF8183020
:106B200085E701238DF8193081E7154B18681DF0B2
:106B3000C7FD8DF81B007AE7114B18681DF0C0FDEA
:106B4000ADF81C0073E703A800F09CFA024630B1D0
:106B500002200C4919F0EEFA08B0BDE8F0810A49AC
:106B600019F0E8FAF8E700BFB4E30020F55E04008E
:106B7000C4E40020A78303007A8303001F6A040093
:106B800048380120015F0400225F040008B500209E
:106B9000034919F0CFFABDE80840002000F068BAB8
:106BA000375F04002DE9FF4100230C461546ADF880
:106BB00008308DF80A30039304F00EFF2F4F304E4B
:106BC0000DF10C083B46324629462046CDF80080A0
:106BD0001AF0B1FD431C0AD12A4B1B68A34229D2EB
:106BE00004F18044013C55F8242027491BE0682823
:106BF0001CD0702808D063280DD1244B18681DF0D4
:106C00005FFDADF80800DDE7204B18681DF058FD6A
:106C10008DF80A00D6E71B4B1D491B6803F1804322
:106C2000013B55F82320022019F084FA1948F5F7A2
:106C300015F81BE0FAF72AFCBDF80810044661B10C
:106C40000122008919F02CFB38B902202389BDF8F4
:106C50000820114919F06EFAE8E702A800F094F94B
:106C6000024630B102200D4919F064FA04B0BDE8C3
:106C7000F0810B4919F05EFAF8E700BF94E30020B9
:106C8000485F0400C4E40020A783030048380120C3
:106C90007A8303006A670400458603004E5F0400A0
:106CA0006A5F040008B50020054919F043FA00F0B6
:106CB00041FF01F0CFFFBDE8084002F0F1BB00BF8B
:106CC0007A5F040070B5C6890446A2B0002E61D078
:106CD00000217C2203A802911DF03BFD41F2090333
:106CE0009E420FD002ADB4F90C102A463046F9F797
:106CF000D1F8A16864291BD12B463A4A3A490220AF
:106D000019F018FA00F0C6FD50B940F2E932A36854
:106D1000934203D0A3F57B73012B01D8F7F79EFFB5
:106D2000A368642B5CD122B0BDE8704000F0B8BD10
:106D30006FF47A700B18012B0AD8E389012B03D169
:106D4000284A2A490120DBE72B46264A2849D6E76C
:106D500040F2EE33994203D12B46224A2549F1E70E
:106D6000632903D12B461F4A2349EBE740F28233C4
:106D7000A1F165029A4207D82B4601200091194AD9
:106D80001E4919F0D7F9BDE70B460220154A1C49E8
:106D90000095F6E76FF47A7283689A18012A04D88E
:106DA0001849002019F0C6F9ACE7A3F57A73052B52
:106DB000A8D801A252F823F0D96D0100056D010099
:106DC000056D0100D16D0100D56D0100DD6D010083
:106DD0000D49E6E70D49E4E70D49E2E70D49E0E733
:106DE00022B070BDC3750400C2710400DB710400E1
:106DF0001272040030720400597204007C720400A4
:106E000062340400A2720400BC720400E272040046
:106E1000097304003373040008B5094B2422184693
:106E200000211DF096FC074A07498261074813F0CC
:106E300021FD0749074813F01DFD002008BD00BFD4
:106E4000D4310120C56C0100596E0100C031012010
:106E50001D700100AC310120F0B5C9B00546F7F74F
:106E6000BFFE38B902203B4A3B4949B0BDE8F0407B
:106E700019F060B9FAF70AFB1022044600210DEB65
:106E800002001DF066FC40F2011302270126ADF856
:106E90000830E36900218DF80A30A36902A88DF853
:106EA0000B302B8A8DF81670039363690493637C0F
:106EB0008DF81C608DF81730F7F776FA024628B186
:106EC0002649384619F036F949B0F0BD244919F081
:106ED00031F94FF470120023224813F009FA10B16F
:106EE0001C4A2149EDE7F7F783F9041E1F4F0FDC19
:106EF0001F4908A81DF064FD00241E49204608AA69
:106F00003C7019F017F920461B4919F013F9DBE71B
:106F100022461A4908A817F031F92B6901A80193F4
:106F2000ADF8044000F054FB044628B10246144971
:106F300008A817F023F9DFE708AA0E493E7019F0F8
:106F4000F9F820460F4919F0F5F830461CF054FEC8
:106F5000BAE700BF97750400597304007673040004
:106F600029840300DCEC002095730400D431012057
:106F7000CA7304007414040042740400E77304002C
:106F80000D7404002F74040030B5134C05462378AB
:106F900085B043B10220114919F0CCF86FF07704A5
:106FA000204605B030BD0E4B23610E4BE36004F16B
:106FB00014030FCB8DE80F00043494E80F00F7F7AB
:106FC00015FE04460028EBD12868074908610748E8
:106FD0001DF02AFAE4E700BFD431012061740400F7
:106FE000417501002F070300C031012088F0002007
:106FF000F0B589B06C4606460F46074D0FCD0FC45D
:1070000095E80F0084E80F003A4631466846F8F7E5
:1070100027FF09B0F0BD00BF8061030070B50024F8
:107020000546A0B00F4E7C22214601A800941DF019
:1070300090FB00F01DFCF460F7F710FE01203470A7
:107040001CF0DDFD287C20B9074919F073F820B049
:1070500070BD6946FFF7CCFF04490246012019F0D4
:1070600069F8F4E7D43101207874040093740400C3
:107070000249087402481DF0D7B900BFAC310120A5
:1070800088F0002030B589B00446FAF7FFF91422E1
:107090000546002103A81DF05CFB322301936368C1
:1070A000029323680493A3688DF81430637B8DF8F2
:1070B0001530A37B8DF81730E37B8DF81830238AC9
:1070C000ADF81A30237B0BB102F0F2F801238DF8F2
:1070D0001D302B6800218DF81C306B6801A8ADF8BD
:1070E0001E30F6F787FF044620B10246034902200E
:1070F00019F020F8204609B030BD00BF48840300D5
:1071000070B50546A6B0006802F0B2F8064648B968
:1071100002202A681D4919F00DF86FF01504204669
:1071200026B070BD1A4C94E80F008DE80F0014E9EA
:107130000F00F7F75BFD04460028F0D10DF11700B2
:10714000F6F7F8FE014688B99DF81740022C0DD1DC
:107150007C22069007A81DF0FCFA06A92046F8F745
:107160001FFF01200B4906AA18F0E4FF294630460C
:1071700001F048F904460028D1D002460649022011
:1071800018F0D8FFF7F76AFDC9E700BF5E8004007A
:10719000E8310120B17404003275040070B5054671
:1071A000A6B0006802F064F8064648B902202A68D2
:1071B0001D4918F0BFFF6FF01504204626B070BDC2
:1071C0001A4C94E80F008DE80F0014E90F00F7F750
:1071D0000DFD04460028F0D10DF11700F6F7AAFEC8
:1071E000014688B99DF81740022C0DD17C220690EB
:1071F00007A81DF0AEFA06A92046F8F7D1FE012037
:107200000B4906AA18F096FF2946304601F0DCFA31
:1072100004460028D1D002460649022018F08AFF11
:10722000F7F71CFDC9E700BF5E800400E8310120CC
:10723000B17404005475040070B50546A6B000682A
:1072400002F016F8064648B902202A681D4918F0CF
:1072500071FF6FF01504204626B070BD1A4C94E8FB
:107260000F008DE80F0014E90F00F7F7BFFC04468C
:107270000028F0D10DF11700F6F75CFE014688B941
:107280009DF81740022C0DD17C22069007A81DF016
:1072900060FA06A92046F8F783FE01200B4906AAEA
:1072A00018F048FF2946304600F052FD04460028F9
:1072B000D1D002460649022018F03CFFF7F7CEFC79
:1072C000C9E700BF5E800400E8310120B17404000A
:1072D00077750400C18911B90149C1E9BA23704722
:1072E000A00E01202DE9F0479CB088460446914647
:1072F000FAF7CCF8054694F90200F8F7A1FD10233F
:107300008DF80C302B6800248DF80D30AB890127E7
:107310005BBAADF80E304FF00003142260F3071390
:1073200021460DA80494ADF804408DF810308DF876
:1073300006701DF00EFA4FF001130D936B68D8F82C
:1073400000100F932B6801A81B0A1193029119F0EA
:1073500019FA014602900DA819F06AFA4FF4367135
:10736000029038461DF09AF9054620B96FF00B00DF
:107370001CB0BDE8F087122221460DF14A001DF035
:10738000E8F9524B13205E784FF0050AF8F758FDE4
:1073900040F60113CDE9073A099405F1080307AA5D
:1073A000844607CA83E8070006238DF848608DF8F5
:1073B00051C08DF849708DF84F3005F118060DF168
:1073C000480CBCE80F002F750FC6DCF800304FF4F6
:1073D0003671336005AEC5E900663846CDE905551E
:1073E0001DF05CF905460028C0D041F201320723A8
:1073F000CDE90A230C9400F108030AAA07CA83E81E
:1074000007003349334B1797CDE91813324B05F179
:10741000180CCDE91A340DF15C0EBEE80F0085F8AA
:1074200014A0ACE80F00069BCCF80040C5E900634F
:107430001D6031460298069501F0E2FCD8F8003054
:107440000290C01A1FFA80FA22463946504618F0B8
:107450000FFF9DF80C3000F00F0565F3030328467D
:1074600021468DF80C3018F0FBFE03B2002B06DC31
:1074700002201A4918F05EFE6FF0150078E7A0EBC5
:107480000A00C2B2314602A819F055FC034620B1E9
:107490003846134A134918F04DFE029B0398C8F86A
:1074A0000030114C9DF8103012AEC9F8000089F878
:1074B00004300FCE0FC4336817AE44F8043B0FCE30
:1074C0000FC433682846236052E700BFA00E012096
:1074D0000C010A010400010A07026400AC4F040019
:1074E000157A04003B7604006011012038B504468B
:1074F000F9F7CCFF104B054640F2D2220021184686
:107500001DF027F90346EA6901210270AA6903F810
:10751000012F0A2254430022A24206DB6422BDE866
:107520003840012105481DF014B9F02AF6D003F8BF
:10753000011F0132F0E700BF554A0120BE4B012078
:1075400000222DE9F041114615464FF0010C4FF095
:10755000020E4FF003081A4B93F9006093F9017083
:10756000448A944213DC2DB3642018F07BFF012081
:10757000BDE8F041FFF77CBDA742B4BF83F8E2E16C
:1075800083F8E2C101320133EAE72546FAE7F02A3F
:10759000E9D04469A456002CF4DAA642ECDA9C78CF
:1075A00083F8E281002CF0D193F8F240002C18BF50
:1075B0002146E7E709B10220DAE7BDE8F08100BF24
:1075C000554A0120014BD3E9BA017047A00E0120B2
:1075D0002DE9F04F974D80462E78ADF53B7D5EB19D
:1075E0000220954A954918F0A5FD6FF01504204634
:1075F0000DF53B7DBDE8F08FF9F748FF4FF42F7292
:10760000314681460BA804901DF0A3F84FF43E725A
:10761000314628461DF09DF8404608AA04A9FFF708
:1076200061FE041E05DA0220834A854918F082FDB6
:10763000DDE7D8F800000134E4B2C5F8F0022046D6
:10764000FFF754FFF8F7A4FB7E4D0746451941F1BB
:10765000000305A88A460293F8F7DEFE834630B998
:107660000220794918F066FD6FF00B04BFE7632331
:10767000764AC360BA18059B4AF1000CB8F80010AE
:1076800083F84560C3E90E2CC3E92E2C704E198493
:107690005E62C268A3F8C410C3F8C0203022C3F8E9
:1076A000C820182283F8CC20F8F764FF38B90220EC
:1076B000614A684918F03EFD584618F0FCFE06A8DD
:1076C00018F0DBFE06460028CAD0D9F80000069A5A
:1076D0004FF0000B1060D9F804200698049B42601C
:1076E0004FF0FF3282605C4AC0F814B0C260B8F854
:1076F00000200BA90284029AA3EB010CC263544A36
:107700001FFA8CF342620322A0F848401C468563AE
:1077100080F845B0A0F84AB0C0F86CB0D6F88C003C
:10772000A6F88A3032721A4603931CF0EBFF224609
:107730004A480BA91CF0E6FF039B3E4A0898A2F8B2
:10774000BE329DF82430C6F8790086F87D30642377
:10775000304686F878B0F360F8F70CFF50B9022095
:10776000354A3F4918F0E6FC304618F0A4FE6FF0A9
:107770000F043CE76526364BFF184AF1000A029BCE
:10778000AF427AEB030238D307A8F8F729FE834605
:10779000002832D0002307994B61B8F800208D6390
:1077A0000A84029A81F85C30CA63294A4A62062236
:1077B00081F845200A228A64D9F82820CB6481F810
:1077C0005020D9F800204A65012281F85920D9F8C3
:1077D000002081F85820B9F80C20A1F85A2007227F
:1077E000C6600272F8F7C6FEC0B90220124A1D49EF
:1077F00018F0A0FC584618F05EFE01230D4A002048
:1078000013700194B8F800304FF4FA62009398F9BD
:107810000230154918F08EFC0024E8E6134B0136BF
:10782000ED18029B43F10003B6F57A7F08BF652689
:107830000293A4E7A00E0120387A04006A760400BF
:107840008776040000B01E04A576040000980904A1
:1078500000603D08FE760400D5720100A20E0120F2
:1078600099270400517704008C7704000018150054
:1078700008B5632018F02DFE642018F02AFE40F2AF
:10788000E731652018F02CFE0022014B1A7008BD6C
:10789000A00E0120014B1878704700BFA00E0120F8
:1078A00030B5144C85B014F8023C0094A51EF3B119
:1078B0006B786946013301AA04F2EE206B70FFF782
:1078C00011FD002807DA02200B4A0C4905B0BDE87B
:1078D000304018F02FBC21466420009A121B92B24F
:1078E000A5F8BE2205B0BDE83040F8F789BC05B068
:1078F00030BD00BFA20E0120F2790400E67704003B
:107900002DE9F04F834A04461278ADF5517D42B916
:107910008A68814811460DF5517DBDE8F04F19F098
:1079200031BD0DF184084FF42F72039140460021C0
:107930001CF00FFFF9F7AAFD0025B0F80CA090F895
:1079400000B0029094F92E00CDE90C5594F83070F7
:10795000ADF83850F8F774FA228B0126130A009319
:10796000D3B202220193039B8146988802998DF835
:107970005820ADF85A60ADF85C0048689B681890D4
:1079800019930B6805A841468DF816201A93ADF897
:107990001450CDF8188018F0F5FE0146069016A890
:1079A00018F046FF4FF43671069030461CF076FE14
:1079B0009AFA9AFA8446002841D040F60130022211
:1079C000CDE90F02CDF849501195CDF84D50CDF8C5
:1079D00051500FA90CF1080507C985E807000322DB
:1079E0008CF8142007220CF118058DF848608DF8EA
:1079F0004B2012AB0FCB07C52B7007ABCCE9003384
:107A000019460698CDE907CC01F0FAF90690A0EBEB
:107A1000080083B207F00F052A4618463146029344
:107A200018F026FC00F00F082946404618F018FC14
:107A300002B2002A029B06DC384819F0A3FC0DF5BF
:107A4000517DBDE8F08FC01AC2B207A906A819F08F
:107A500072F9034620B13046314A324918F06AFBC8
:107A6000009A45EA09158DF834508DF8352009AD96
:107A7000019A2F4648F030080CAB8DF830808DF815
:107A800031B0ADF832A08DF8362093E80700E37EE0
:107A900003C7D4E90810012B0CBF4FF4E1434FF4A6
:107AA00061533A80A27E204CA2FB0323091940F1C6
:107AB00000008F1843EB0004069EF9F7E7FC002353
:107AC0008DF87430134BB3F8F032ADF86A3021AB57
:107AD000F61AB6B2CDE91E364FF4B4531B93C36900
:107AE0008DF86930036816A8199301238DF8683062
:107AF0004FF47A73CDE916741C95189310F044FD79
:107B0000024600289BD0189B0849094819F03AFC06
:107B100095E700BFA00E0120077804004978040013
:107B2000877904003B76040000460500BF79040015
:107B30001D26040010B5164C0020164918F0FAFA5C
:107B40002178154B154A0020002918BF1A46144900
:107B500018F0F0FA2378CBB1B4F8F02200201149E4
:107B600018F0E8FA94F9F22200200F4918F0E2FA2E
:107B70004FF4FA6200200D4918F0DCFAB4F8BE2286
:107B80000020BDE810400A4918F0D4BA10BD00BF6B
:107B9000A00E01206B7804007D26040081260400DD
:107BA0008278040097780400BB780400E37804002E
:107BB0000A790400F8B51D46DDE90667B24275EBA7
:107BC000070314460BD31449144840F2DF23144A28
:107BD00019F049FC40F2DF21114819F03BFC01F09B
:107BE000FFFA4FF487335843C31722460419294636
:107BF00043EB0505B44275EB070CF6D3B01A67EBFF
:107C00000101A21B65EB0703904271EB030302D352
:107C1000301B67EB0501F8BD6A790400427203006E
:107C20002E790400094900220B4610B5CC68844225
:107C300004D1482101FB0230083010BD0132102A66
:107C400001F14801F2D10020F7E700BFE014012064
:107C500008B50B490B4812F013FF40F2EE32002139
:107C600040F2FE30084BC3E903120132824219721E
:107C70009961197503F14803F5D1002008BD00BFD3
:107C80002D88010098110120E014012073B585684A
:107C900006462846FFF7C6FF044640B92B4601209A
:107CA000154A164902B0BDE8704018F043BA33785F
:107CB000012B09D12B4600200F4A114918F03AFA3E
:107CC0000023237302B070BD022B0BD00D490E4868
:107CD00040F229330D4A19F0C6FB40F229310B4816
:107CE00019F0B8FB0A4B01200093034A2B460949BF
:107CF00018F020FAE4E700BF638304005D7A040013
:107D0000967A04001A7B040042720300E67A0400AB
:107D100020BF0200617B040070B510F8186C0446A7
:107D2000012E12D1002540F8085C00F8185C50F8CC
:107D3000100C01F0A5FD04F80C5C304654F8142C2E
:107D40000249BDE8704018F0F5B970BDBE7B040073
:107D500038B505460A4C4FF4327204F130001CF07D
:107D6000D1FC2946502204F53E701CF0CBFC0022C9
:107D700000232146034812F0AFFE002038BD00BFAB
:107D80009811012088F00020014812F029BF00BF9F
:107D9000981101207FB5866805463046FFF742FFFF
:107DA000044640B933460120154A164904B0BDE8DF
:107DB000704018F0BFB9183012F012FF0223237080
:107DC0000020AB680E4A104918F0B4F90F4B03932A
:107DD0002369019363680293A068237B00900BB131
:107DE00001F04EFD684601F065FC30B10120044A07
:107DF000074918F09FF904B070BD01232373FAE717
:107E000039830400057C04003B7C04008D7C010068
:107E1000767C04000022094B197A0139012903D824
:107E200099690989814206D00132102A03F1480379
:107E3000F2D1002070470120704700BFE0140120FC
:107E40002DE9F04F87B08246F9F720FB0746F7F798
:107E50009FFFDAE90645804601208B46F6F790F849
:107E60003B6C039004937B6C9AF82F0089461E4666
:107E700001F0B6F9071EC0F2BE804FF48731049BB3
:107E80004FF47A72A3FB010C002301FB06C1F0F74B
:107E9000AFFE039B13EB080649EB0B0910EB06083A
:107EA00049EB0109FFF7F6FC28B1544B18EB03032B
:107EB000984649F100094FF4873303FB07F0C317D5
:107EC00007469B46444575EB09024ED39AF83C2081
:107ED000002A61D0012A4A4B4BD19AF84970A7FB7E
:107EE000037B9AF84A20A2FB0323121945EB0303F4
:107EF00003920493434A52E90232984579EB020116
:107F000003D213F1010842F10009FFF7C3FC064652
:107F1000002848D0FFF756FB06460B463A4A46452E
:107F200073EB09013BD34FF461519AF84020BAF842
:107F3000080002320593C2FB0145FFF76BFF059B6A
:107F400010B13C194BEB0505DFF8CCA0444575EBAF
:107F5000090205D2039A9442049A75EB020224D3D3
:107F60002046294607B0BDE8F08F241843EB0505ED
:107F7000A8E7022A09D025492548CF23254A19F028
:107F800072FACF21234819F065FA4FF4615B9AF831
:107F90004970A7FB0B7BA4E7CDE90345AAE7B61818
:107FA00043F10003BBE70346BDE7E4194BEB0505CE
:107FB00056EA0302CAD016EB0A0143F10002CDE9EA
:107FC0000012204632462946059318F0D2F9059B47
:107FD0000028BBD03C194BEB0505444575EB090265
:107FE000BED2039A9442049A75EB0202B8D23C19AD
:107FF0004BEB0505DFE700242546B1E700580F02EB
:10800000008C0A007019012000603D08A27C040069
:1080100042720300E67A0400004605002DE9F04FA5
:108020002DED028BADF55D7D04460E46F9F72EFA77
:10803000824694F82F0094ED068B01F0D1F80DF1F3
:10804000B40B00214FF42F720F9058461CF081FBA7
:10805000E268237CB4F8088013920D93F9F716FABE
:10806000002381890546CDE91C33ADF8783096F9B7
:1080700005004BBA3779ADF84A30F7F7E1FE00F06A
:108080000F030E934FEA18234FF0020910935FFA83
:1080900088F34FF00108119300239C488DF88890D5
:1080A0000188ADF88A80ADF88C1001EB080C696886
:1080B000A0F800C024913168139A259115A859465B
:1080C000ADF8543026928DF85690CDF858B018F08F
:1080D00059FB0146169022A818F0AAFB4FF43671FE
:1080E000169040461CF0DAFA07F00F070546002804
:1080F00000F0928040F601230521CDE91F310023D5
:1081000000F1080C21931FAA07CA8CE80700194642
:10811000182285F8149027A81CF01BFB7C4B05F156
:10812000180E28934FF441730DF19C0CADF8A43058
:10813000BCE80F00AEE80F0017AB9CE803008EE828
:108140000300C5E9003319461698CDE9175500F02C
:1081500057FE1690A0EB0B0085B23A4641462846E2
:1081600018F086F800F00F0B3946584618F078F8EA
:1081700003B2002B11DC4846664917F0DBFF6FF0B5
:1081800015040220644A654917F0D4FF20460DF516
:108190005D7DBDEC028BBDE8F08F401BC2B217A91C
:1081A00016A818F0C8FD034620B140465C4A5D4958
:1081B00017F0C0FF4BF030028DF870200D9A0E9929
:1081C0008DF87120BDF84A201CABADF872209DF8E7
:1081D000742019AD67F3030261F307128DF8742060
:1081E000109ADDF858808DF87520119A8DF8762058
:1081F00093E8070003C520462A80FFF721FE50EAD6
:10820000010381460F460AD10220434A464917F02E
:1082100091FF6FF01504B9E76FF00B04B1E722A8E6
:1082200018F02BF9054630B90220404917F082FFBB
:108230006FF00B04AAE76269229B0BF1010B1A6035
:10824000DAF80430229A2DA953603368A8EB0108AC
:10825000936000235361608882F84530108434486D
:10826000C2E90E9740E902974FF4B4505362A2F866
:108270004A30A2F848B0D066DAF81C0082F87930AB
:1082800082F870001FFA88F31A46A5F88A80D5F89C
:108290008C000D931CF036FA9DF868100E9B0DF1C2
:1082A000640C63F307118DF86810BCE80300C5F88F
:1082B0007D10BCF800104FF00108A5F8811040F2C5
:1082C000EB31C5F8790085F87880284685F8088074
:1082D000E960F8F74FF950B902200F4A154917F035
:1082E00029FF284618F0E7F86FF00F044EE727A89B
:1082F000F8F776F80023054600BB0220064A0E492F
:1083000017F018FF4FF0FF3440E700BFE0140120E2
:1083100001010401AC4F0400BC830400E37C0400B1
:108320008D8304003B7604000C7D0400327D040044
:10833000701901204D300400947D0400279A536188
:10834000618882F8453011844FF4E141ABFB011B99
:1083500001F52841C03111EB090147F10007C2E9DD
:108360000E1782F85C3082F85030224B0227D3641B
:1083700061695165229B1960DAF8043022994B60DB
:1083800063688B60279B83F85980227C83F8582090
:10839000BAF80C20A3F85A204FF47B730772C3601D
:1083A000F8F7E8F838B93846134A144917F0C2FE0E
:1083B000284618F080F82289616933688DED0A8BB0
:1083C0002298D0E90EAB0F98CDE908AB07900D9835
:1083D000069060880024059096F90500CDE90121FA
:1083E000CDE90310009200201A46054917F0A2FEBD
:1083F000CCE600BF00181500BC83040051770400D0
:10840000D37D0400F8B50D68064628460F46FFF7F1
:1084100009FC044618BB204B1A46197A89B948232F
:1084200003FB042202F1080439463046FFF7F6FD4B
:108430000546E0B10346194A0220194917F07AFEB1
:108440000BE00134102C03F14803E6D10220134A5B
:10845000144917F06FFE6FF015052846F8BD2B463E
:1084600001200E4A104917F065FE2661DCE7012362
:1084700023703B68183444F8143C44F8086C0B49EA
:10848000204612F0FDFA4FF4C0320023214608487E
:1084900012F022FBE1E700BFE0140120E3830400B7
:1084A0002C7F0400C87E0400EF7E0400197D0100CB
:1084B00088F000202DE9F04F2DED028BADF5577DB2
:1084C00004460D46F8F7E2FF814694F82F0094ED3C
:1084D000068B00F085FE0DF19C0A4FF42F720021EF
:1084E0000D9050461CF035F9E168237C27891391E3
:1084F0000E93F8F7CBFF4FF00008024680892E79E3
:1085000043BA95F905001292ADF84630CDE91C88C2
:10851000ADF87880F7F794FC00F00F030C933B0A5A
:108520004FF0020B0F93FBB2012710939B4B129A53
:1085300018888DF888B0ADF88C00ADF88A70526854
:1085400000EB070EA3F800E0139924922A68269105
:1085500015A851462592ADF854808DF856B0CDF847
:1085600058A018F00FF90146169022A818F060F9EB
:108570004FF43671169038461CF090F806F00F064E
:10858000844600287DD040F60141CDE91F1700F157
:10859000080ECDF884801FAA07CA8EE807000422BF
:1085A00017ABCCE900338CF8142019468CF81880EE
:1085B0001698CDE917CC00F023FC1690A0EB0A002A
:1085C00083B2324618463946129317F051FE00F036
:1085D0000F0A3146504617F043FE02B24245129B45
:1085E00011DC58466E4917F0A5FD6FF01506022004
:1085F0006C4A6D4917F09EFD30460DF5577DBDEC78
:10860000028BBDE8F08FC01AC2B217A916A818F0E5
:1086100092FB034620B13846644A654917F08AFD4B
:108620004AF030028DF870200E9A0C998DF8712066
:10863000BDF846201CABADF872209DF87420169F43
:1086400066F3030261F307128DF874200F9A19AED6
:108650008DF87520109A8DF8762093E8070003C6F0
:1086600020463280FFF7ECFB03460A4653EA02013C
:108670000AD102204B4A4F4917F05CFD6FF01506F6
:10868000BAE76FF00B06B2E722A8CDE90E3217F079
:10869000F4FEDDE90E32834630B90220464917F078
:1086A00049FD6FF00B06A7E7666922980AF1010AF7
:1086B00006600026D9F80400DDF888C027A9CCF8A8
:1086C00004002868CCF81460CCF808006088CCE975
:1086D0000E32ACF8200039488CF8456040E902328F
:1086E0004FF4B453CCF82460ACF848A0ACF84A601E
:1086F000CCF86C30D9F81C307F1A8CF870308CF8BC
:108700007960ABF88A70BFB23A46DBF88C001BF098
:10871000F9FF01230C9A8BF878309DF8683062F3EA
:1087200007138DF8683019AB03CB1B88CBF87900A1
:10873000ABF8813003238BF8083040F2ED33584614
:10874000CBF87D10CBF80C30F7F714FF50B90220AE
:10875000144A1B4917F0EEFC584617F0ACFE6FF0B8
:108760000F0649E72B68218962698DED0A8B2298F3
:10877000D0E90E890D98CDE90889CDE906706088A9
:10878000059095F90500CDE90112CDE9032000918E
:108790001A4630460B4917F0CDFC2DE7E0140120B6
:1087A000AC4F0400F2820400647F0400C382040022
:1087B0003B7604000C7D0400937F040070190120B7
:1087C0004D300400D37D0400F8B5476805463846AF
:1087D0000E46FFF727FA044648B93B460120104AE7
:1087E000104917F0A7FC6FF015042046F8BD1830AB
:1087F00012F0F6F9A06801F043F800233146237324
:108800002370236163602846FFF754FE0446002866
:10881000EBD00346024A0220034917F08BFCE4E741
:108820001A830400FD7F04002C7F04002DE9F04F23
:108830002DED028B0446ADF6DC0D00F130014FF456
:10884000327226A81BF05EFF94F834300BB300217F
:1088500040F27452D9A8D8911BF07BFFF5F764FB66
:1088600040F2E732904203460DF1A20222D1CA49FA
:10887000D8A815F083FC4FF42F7200210DF1A2004F
:108880001BF067FF40F2BB22D8A90DF1A2001CF03B
:10889000B1F8269800F0ECFC014680B90120269B37
:1088A000BE4ABF4917F046FC0DF6DC0DBDEC028B4D
:1088B000BDE8F08FBB49D8A815F060FCDBE704F5F4
:1088C0003E73184650220E931BF01CFFF8F7DEFD96
:1088D000814694F8270394EDC48B00F081FC0DF5DC
:1088E000587A4FF42F7200210F9050461BF031FF41
:1088F00094F80833B4F80083D4F804B31093F8F76D
:10890000C5FD0026838905465BBA9DF99E009DF84A
:108910009D70ADF84E30CDE91B66ADF87460F7F789
:108920008FFA00F00F030D934FEA182311935FFAAB
:1089300088F34FF001081422314621A81293ADF8B4
:1089400050608DF852601BF004FF974AADF88680A6
:10895000138814A8ADF8883003EB08016B68118008
:1089600051462393CDF894B0CDF854A017F00AFFE8
:108970000146159021A817F05BFF4FF43671159052
:1089800040461BF08BFE07F00F070546002800F05D
:1089900097800DF1A200F0F76DF90223032180B258
:1089A00000EB080B184405F1080CCDF87A60CDF8FF
:1089B0007E60ADF882608DF878301FFA8BFB8DF801
:1089C0007910ADF87C001EAA07CA8CE807005A4649
:1089D0002E750DF1A20105F11C001BF093FE16ABE4
:1089E000C5E900331946A5F81AB085F8188015981E
:1089F000CDE9165500F004FA1590A0EB0A0086B2F6
:108A00003A464146304617F033FC00F00F05394630
:108A1000284617F025FC02B2002A4FF0020311DCB1
:108A20001846624917F086FB6FF015040220604A71
:108A3000604917F07FFB23460220584A5E4917F031
:108A400079FBE5E0801BC2B216A915A818F073F9EE
:108A5000034620B14046594A594917F06BFB45F08F
:108A600030028DF86C20109A0D998DF86D20BDF8AC
:108A70004E201BABADF86E209DF87020159E67F35D
:108A8000030261F307128DF87020119A18AF8DF868
:108A90007120129A8DF8722093E8070003C70E9890
:108AA0003A80FFF7CDF950EA0103824688460AD1A1
:108AB00002203F4A434917F03DFB6FF01504BAE727
:108AC0006FF00B04B2E721A817F0D7FC074630B9C6
:108AD00002203D4917F02EFB6FF00B04ABE7D8A93D
:108AE000721A0026D4F80C03219B01351860D9F8BE
:108AF000043021984360269B46618360B4F8FA32C3
:108B0000C0E90EA80384314B80F8456043E902A810
:108B10004FF4B453A0F848504662A0F84A60C366C8
:108B2000D9F81C3095B280F8703080F87960D7F8A9
:108B30008C00A7F88A202A461BF0E4FD01229DF84C
:108B400064300D993A7261F307138DF8643018ABF5
:108B500003CB1B8887F87820A7F8813040F2EA32EF
:108B600040F2E933C7F87D10BDF8A010C7F87900CE
:108B7000B14218BF13463846FB60F7F7FBFC48BB11
:108B800002200B4A124917F0D5FA384617F093FC29
:108B90006FF00F044FE700BF21800400A0820400A3
:108BA000588004003D800400E0140120AC4F040014
:108BB000848204009A800400108204006082040011
:108BC0003B7604000C7D0400C18004007019012074
:108BD0004D300400B4F80023D4F80C138DED0A8B4B
:108BE0002198269BD0E90E890F98CDE90889CDE917
:108BF0000650B4F8FA02CDE9012105909DF99E00D6
:108C00000092CDE903101A4630460F4917F092FA48
:108C1000BDF8A040002C3FF447AE4FF47A734FF4F8
:108C2000004540F2E73000215C434FF47A720023A4
:108C3000E4FB0501EFF7DCFF02460B46034804495D
:108C400011F04AFF30E600BF1E81040088F00020CA
:108C50009811012070B50020094917F06BFA002423
:108C6000084D094E2B7A01342BB1224631460020A3
:108C7000EB6817F05FFA102C05F14805F2D170BDD2
:108C800030820400E01401203F820400F0B58DB072
:108C90006C4606460F46084D0FCD0FC40FCD0FC4CE
:108CA00095E80F0084E80F003A4631466846F7F72A
:108CB000D7F80DB0F0BD00BFA0610300F0B58DB0D6
:108CC0006C4606460F46084D0FCD0FC40FCD0FC49E
:108CD00095E80F0084E80F003A4631466846F7F7FA
:108CE000BFF80DB0F0BD00BFD06103001E289DBFCE
:108CF000034B23FA00F000F001000020704700BF92
:108D0000070001402DE9F043164CCBB081461646D2
:108D10008846D822144914A808AD1F461BF0F2FC5F
:108D20000FCC0FC50FCC0FC594E80F0085E80F00DE
:108D30006D4610340FCC0FC594E80F00B9F1030F46
:108D400085E80F003A4631460AD1B8F1000F05D147
:108D500008A8F7F785F84BB0BDE8F0836846F8E758
:108D600014A8F6E7D86203000062030003289ABF44
:108D7000014B185C00207047288D040010B5044694
:108D8000237808469B01DBB20B702278032A0CD1B2
:108D9000A2886178003A18BF012201F003010B4359
:108DA00043EA421300F8013B0BE052B1627802F053
:108DB0003F0213430B702378012B03D1A3880230A9
:108DC0004B7010BD022B0BD00A490B4840F2E71341
:108DD0000A4A18F048FB40F2E711084818F03AFB3D
:108DE000A188013017F027FA63783F2BE9D1A378E7
:108DF000D8E700BF328404004272030001840400FB
:108E0000F8B50E46044600273568AE4201D120462B
:108E1000F8BDD5E900322146136005F108005A601B
:108E2000C5E90077FFF7AAFF2A7D052A00F29080A6
:108E3000DFE802F0031F262C323B2A7E012A0BD0EA
:108E40004749484840F2CA33474A18F00CFB40F201
:108E5000CA31454818F0FEFA1023044604F8013BD5
:108E600020466A8B05F11C011BF04CFC6B8B1C44EB
:108E700017E0014605F1180017F0E2FD044610E086
:108E8000014605F1180017F026FEF7E7014605F147
:108E9000180017F0BFFEF1E704462B7E1B0104F813
:108EA000013B28461BF0F3FBAEE7AA7E697E520029
:108EB00002EB8102E97E0A44297EC90001F0180113
:108EC0000A4402702A7F4270AA7F697F02F07F0203
:108ED00002EBC112827095F82120E97F02F00702AF
:108EE00002EBC11295F82010C90001F078010A4484
:108EF000C27095F8242095F8221002F0070202EBC8
:108F0000C11295F82310C90001F078010A440271DA
:108F10002A7EAAB9441D6B7E1BB195F8273004F850
:108F2000013BAB7E23B12046298D17F084F904461E
:108F3000EB7E002BB5D02046698D17F07CF99DE7BC
:108F400095F82520C41D427195F826208271E2E72C
:108F50002A8B05F11A011BF0D5FB2C8B034686E703
:108F60006784040042720300018404002DE9F04F7D
:108F70000746904687B000EB010A0DF10C095745F2
:108F800001D3012008E04A46384617F07DFC30B98D
:108F9000864818F0F7F9002007B0BDE8F08F4FF4CD
:108FA000367014F075F9044608B98148F1E700F10C
:108FB000080399E8070083E80700637ABDF81060AA
:108FC000132B059D17D8132B18D8DFE813F0E400F6
:108FD00019001900190019001900190017001700CD
:108FE0003000B300BE00C9001700170017001700BB
:108FF000170017003E003E2B00F0D5800823CBE081
:1090000015F801BB4FEA1B1BBBF1010F02D06948E9
:1090100018F0B8F900232946721E92B284F818B0ED
:109020002375628304F11C001BF06CFB9FE031464A
:10903000284604F1180217F095FC18B95E4818F09C
:10904000A1F9DBE70123237591E0042E70D92A787A
:10905000C2F3C10222762878002AC0F3800B58465A
:1090600084F819B02978C1F34003A37695F800C0BD
:1090700019460CF0010E019384F81BE00CBF052388
:10908000072300B1013309B102339BB2BEF1000FD7
:1090900001D002339BB29E424AD36B782377AB78E0
:1090A000DB096377AB7803F07F03A377EB78DB0909
:1090B000E377EB78C3F3C30384F82030EB7803F055
:1090C000070384F821302B79DB0984F822302B79CF
:1090D000C3F3C30384F823302B7903F0070384F828
:1090E0002430EAB96B1DBBF1000F03D013F8012B3C
:1090F00084F82720019A3AB11A785978120202F4BA
:10910000F8520A43228502331CF0010F06D01A7868
:109110005B78120202F4F85213436385052392E749
:109120006B7984F82530AA79EB1D84F82620DAE7DC
:10913000224884E73146284604F1180217F00EFD54
:1091400008B91F487BE702237DE73146284604F132
:10915000180217F0A1FD08B91A4870E7032372E757
:10916000A6B9194818F00EF9082326832375D8F8F4
:1091700004304846C4E900831C60C8F8044017F076
:10918000E1FB30440744AAEB0701F8E62B781B0902
:109190002376042357E7072332462946237526837F
:1091A00004F11A0040E70623F6E700BFC684040076
:1091B000E7840400028504001B8504003C8504004C
:1091C0005685040084850400B385040006289ABFF0
:1091D000024B33F910004FF0FF307047DA71030093
:1091E0000A289ABF024B33F910004FF0FF30704746
:1091F000C471030003289ABF024B53F820000248B1
:10920000704700BF50670300E185040006289ABF3D
:10921000024B53F820000248704700BF3467030038
:10922000E18504000E289ABF024B53F82000024843
:10923000704700BFF8660300E98504000D289ABF57
:10924000024B53F820000248704700BFC06603007D
:10925000E185040002460B46014810F0C1BC00BF86
:1092600044EB0020014810F08BBD00BF44EB002010
:1092700038B54FF0FF3105464FF0FF30FFF7EAFFFA
:109280000A4B00221C46197849B15968A94206D1F7
:10929000502303FB0244FFF7E5FF204638BD0132AF
:1092A000102A03F15003EED10024F4E770190120D5
:1092B00008B54FF0FF304FF0FF31FFF7CBFF4FF411
:1092C000A062002103481BF044FABDE80840FFF704
:1092D000C9BF00BF701901202DE9F04FB9B0429FFE
:1092E0001E469DF818311546814638460F938A462A
:1092F000BDF80C81FFF7BCFF46EA052304460E9338
:10930000002864D10146282210A81BF022FA99ED0A
:10931000007BDDF810C11AACBCE80F000FC4DCF80C
:1093200000301FAA2360459B03F1100C14461868F7
:109330005968083303C463452246F7D118685022A0
:1093400020600E9B10A924A815938DED167B139514
:10935000ADF842A01197ADF848808DF850601BF031
:10936000D1F94FF0FF304FF0FF31FFF773FF0023CB
:109370005022464D02FB03F615F806907019B9F11C
:10938000000F17D10124502224A91BF0BBF9AC55C2
:10939000FFF768FF3B463A464846CDE9018A3C491B
:1093A000CDF8008016F0C6FEFFF75CFF204639B00E
:1093B000BDE8F08F0133102BDCD1FFF753FF3B46A4
:1093C0000220344A344916F0B5FE0024ECE7D9E90E
:1093D000002390F82F00CDE90023D4E90623FEF7FF
:1093E000E9FB83460D91BAF1000F01D0A4F802A069
:1093F0000E9BA4F80880E56026746361D9E9002318
:10940000C4E906230D9BC4F820B06362CDE900B324
:109410003846D9E9002317F0DBFCDDF810C104F170
:10942000280EBCE80F00AEE80F00DCF8003004F1B5
:109430003C02CEF80030459B03F1100E94461868AC
:1094400059680833ACE8030073456246F6D11868E2
:10945000CCF800000F9BB3B10D9BCDF828B00B9357
:10946000D4E90623CDE9082363883A46CDE90563AC
:1094700000203B46CDE90356CDE901850749CDF8EB
:10948000008016F057FE01248EE700BF70190120FE
:109490002C8D04009E8F04008B8D0400C28D04006F
:1094A0002DE9F84FF6F774FC06460F464FF0FF30F3
:1094B0004FF0FF31FFF7CEFE0020294916F03AFEAB
:1094C0000025284CDFF8BCA0DFF8BCB023780135BC
:1094D000002B3DD0D4E90601301A67EB0101EEF70D
:1094E000B9FF214B0022EFF715F9EFF7CBFB8146CF
:1094F00088462A465146002016F01CFEE36859466D
:109500001A46002016F016FE237C00201A46174942
:1095100016F010FE636900201A46154916F00AFE7F
:1095200000206268134916F005FE002022891249C6
:1095300016F000FE00206288104916F0FBFD0020A6
:109540004A4643460E4916F0F5FD606800F0BCF946
:10955000102D04F15004B9D1BDE8F84FFFF782BED9
:10956000828E04007019012000E0F040CE8E0400CD
:10957000F58E04001C8F04003A8F0400588F0400FD
:10958000768F0400988E0400A78E040038B54FF043
:10959000FF3105464FF0FF30FFF75CFE1023074A0E
:1095A000147814B15188A94204D0013B02F1500251
:1095B000F6D11C46FFF756FE204638BD7019012033
:1095C000094B00211A4610B51C7834B15C688442FE
:1095D00003D1382303FB012010BD0131102903F111
:1095E0003803F1D10020F7E7701E0120094B00215C
:1095F0001A4610B51C7834B1DC68844203D1382394
:1096000003FB012010BD0131102903F13803F1D112
:109610000020F7E7701E01207FB5866805463046BA
:10962000FFF7CEFF044640B9334602201D4A1E49CB
:1096300004B0BDE8704016F07DBDF6F7A9FBD4E993
:109640000C3253EA02061FD0C01A61EB0201EEF79A
:1096500001FF0022154BEFF75DF8EFF713FB002336
:10966000134A824273EB01010EDA2370A868F6F701
:1096700081FD236943B102228DF80420AA6801A864
:109680000292E268039298470120F3F79DFFEB896D
:1096900023B9A3690133A36104B070BDE369013349
:1096A000E361F9E765920400C38F040000E0F04035
:1096B00020BF02002DE9F04F044687B008B143688F
:1096C0004BB96149CA23614A614817F0CCFECA21EF
:1096D0005E4817F0BFFE05682846FFF771FF48B1E6
:1096E000012022685B4916F025FD6FF00F0007B0DE
:1096F000BDE8F08F2846F6F763FD05460028EFD158
:109700003823DFF878B103FB05FA1BF80A204AB9C1
:1097100063688BB94C4982234C4A4D4817F0A3FE2D
:109720008221D5E70135102DEDD102204A4916F0EE
:1097300001FD6FF00B00DAE7F6F72AFB88460746D3
:10974000F7F7A4FE4549039060687F18D0E90663E7
:1097500090F82F00029348F100030093FFF740FDBB
:109760004FF4873101FB00F805A84FEAE871019139
:10977000F6F736FEDDE901138146039A48B9022067
:10978000374A384916F0D6FCD3E718EB060641EB0A
:1097900003030098BE4273EB0000F6D304204FF0A1
:1097A000010C0027216889F80800059889F810C085
:1097B000C9F80C1080F85C70116880F859C04165D8
:1097C000116880F8581052688764A0F85A20264A19
:1097D00080F84570B61863F10003C0E90E63234BAF
:1097E000C36463685B88C76103840A2303FB08F3CF
:1097F00043621F4B43611F4BC3604846F6F7BAFEF6
:109800004FF0010C40B90220154A1B4916F092FC9A
:10981000484616F050FE68E738235D430BEB05061B
:109820000BF805C0351D94E80F0085E80F000022F5
:1098300000230AF11800C6E90C23394618225844BF
:109840001AF087FF384652E725900400EC8F040099
:1098500042720300429004007090040000B01E04A5
:1098600098920400947D040080CDFDFF809706004F
:1098700019960100C50D03004D300400701E012033
:1098800030B585B00546FFF79BFE044640B9012080
:109890002A460C4916F04EFC6FF0150005B030BD9D
:1098A000002303702846F6F765FC23690BB90020F6
:1098B000F4E701228DF80420E2680295039201A8E2
:1098C0009847F4E78A9004002DE9F041FFF78EFEF7
:1098D00004462D49002016F02DFC2CB92046BDE889
:1098E000F0412A4916F026BCF6F752FAD4E90C7872
:1098F00005460E460020264916F01CFC6268002032
:10990000244916F017FCD4E90C32134323D100206C
:10991000214916F00FFC0020204916F00BFC226AAA
:1099200000201F4916F006FCA26900201D4916F010
:1099300001FCE26900201C4916F0FCFB626A002071
:109940001A4916F0F7FBD4E90A23BDE8F0410020DC
:10995000174916F0EFBBE81B66EB0801EEF77AFD3E
:109960000022144BEEF7D6FEEFF78CF902460B46B9
:109970000020114916F0DEFBD4E90C2300200F492A
:1099800016F0D8FBC7E700BFB6900400D1900400E2
:10999000E6900400F9900400119104006F91040016
:1099A0007D910400AB910400D9910400079204005A
:1099B0003592040000E0F040279104004B91040030
:1099C000F0B50C46ADF5337D082800F22982DFE8BA
:1099D00010F02100E4003A00A300D900B5013702DD
:1099E000340209000025A74F4E1C2388AB420ADD34
:1099F00003AB5819394616F8012F013514F0BEFB98
:109A0000B5F52F7FF1D1002003AB1D4422889E497C
:109A1000687015E000254F8803AE3A4604313046A1
:109A20001AF070FE2078F555FFF7FCFB237802460C
:109A30009649284616F07EFB3346284662889449AC
:109A400016F078FBECE19349002016F073FBE07808
:109A5000FFF7DCFBE37802468F49002016F06AFB33
:109A6000002022798D4916F065FB637A00201A46A2
:109A70008B4916F05FFB2078002847D000208949E9
:109A800016F058FB6078002842D08749002016F075
:109A900051FBA07AFFF79AFB84490246002016F09A
:109AA00049FBE07AFFF79CFB81490246002016F053
:109AB00041FB0020A2897F4916F03CFB002022696F
:109AC0007D4916F037FBA37823B10020A28A7B4999
:109AD00016F030FB637900201A46794916F02AFB0C
:109AE000A37900201A46774916F024FBE379002079
:109AF0001A46754916F01EFB237A1A467349002050
:109B00000DF5337DBDE8F04016F014BB7049B7E7A2
:109B1000704916F00FFBD6E700206F4916F00AFBDC
:109B200025783DB300206D4916F004FBE278072A42
:109B30001BD100206A4916F0FDFA6378002B00F073
:109B40006F81237A00201A465D4916F0F3FA637A92
:109B500000201A465B4916F0EDFAA37900201A4658
:109B6000594916F0E7FAE379C7E700205D4916F096
:109B7000E1FAE2E728465C4916F0DCFA2846227949
:109B80005A49F4E75A49002016F0D4FA2078FFF732
:109B900055FB237802465749B1E7C879FFF720FB08
:109BA0004FF48736544946430546002016F0C2FA62
:109BB00000202278514916F0BDFA6078F717002886
:109BC0004DD0607AF6F72CF94D490246002016F088
:109BD000B1FAA078002846D000204A4916F0AAFA27
:109BE000E078002841D000206289474916F0A2FAA7
:109BF000207900283DD00020A289444916F09AFA25
:109C00006079002839D000202269414916F092FA83
:109C1000A079FFF7DBFA3F490246002016F08AFAE6
:109C20002A4600203C49CDE9006716F083FA227AE3
:109C300000203A4902F00F0216F07CFA227A3849E5
:109C4000C2F30112002016F075FA227A3549920902
:109C500000200DF5337DBDE8F04016F06BBA3249B7
:109C600016F068FAB5E73149B8E7314916F062FAFB
:109C7000BEE7304916F05EFAC2E72F4916F05AFAED
:109C8000C6E700BFD6090400DB9F0400319304003F
:109C9000529304009D930400C9930400EF930400C1
:109CA0000C9404003294040093940400CE940400B5
:109CB000F59404001C95040040950400AC95040044
:109CC000D0950400F69504001C960400429604000A
:109CD000639404007195040068960400959604004E
:109CE000B2960400069704001D9704003B970400F9
:109CF0005897040084970400AB970400CA970400A7
:109D0000EB97040049980400F59804005899040062
:109D1000D9990400C49A0400E89A04001D9B040029
:109D20004C9B04007B9B0400109804009A9804004C
:109D30001F990400A2990400079A040000257C22C0
:109D4000294604A803951AF004FD4449284616F054
:109D5000F1F92078FFF74EFA41490246284616F0FD
:109D6000E9F923784BB12846627B3E4916F0E2F9C7
:109D70002846A27B3C4916F0DDF96078E27B00289A
:109D800051D00020394916F0D5F9A07800284CD0E0
:109D90000020228A364916F0CDF9E078002848D014
:109DA0000020628A334916F0C5F922790020324931
:109DB00016F0C0F903A96079F6F798F82F49024622
:109DC000002016F0B7F9A27900202D4916F0B2F95B
:109DD00003A9E079F6F78AF82A490246002016F02E
:109DE000A9F90020227A284916F0A4F90020627A05
:109DF000264916F09FF9A17A254B264A0020002912
:109E000008BF1A46244916F095F9E27A0020234942
:109E1000013216F08FF90020227B214916F08AF9D1
:109E20000DF5337DF0BD1F49ADE71F4916F082F9EE
:109E3000B3E71E4916F07EF9B7E70A881C4907E721
:109E400031F8025B03AB2A4618461AF05BFC034666
:109E500000202A4617495855F2E500BFAA9B040086
:109E6000C79B0400E89B0400099C04002A9C040092
:109E7000D19C0400849D0400269E0400479E04009B
:109E8000689E0400899E0400AA9E0400CB9E0400E4
:109E9000BA920400F9920400EC9E04000D9F0400A5
:109EA000379F04007E9C0400269D0400CD9D040085
:109EB000589F0400949F04002DE9F04FD0F828A08B
:109EC000B1B000F1310983465146484608AA16F060
:109ED00040FC8046002800F08380FDF7DBFC05464F
:109EE000BBF81800FDF796FF20B19DF822305D1EEB
:109EF00018BF0125F4F768F80346BBF904400BF1DD
:109F0000320204EBD474BBF9060006926410002BF5
:109F100041D0EEF76BFA0022954BEEF7D1FA0646E8
:109F20000F460025DBF82830CDE90267CDE9044370
:109F3000DBF8003000200093DBE908238D4916F0A0
:109F4000F9F87C22294611A810951AF002FC28463F
:109F5000894916F0EFF82846884916F0EBF82846AC
:109F60009DF82020864916F0E5F810A99DF82000FC
:109F7000FEF7A4FE83490246284616F0DBF810A936
:109F80009DF82200FEF782FE7F490246284616F021
:109F9000D1F8454609E0EEF729FA0022744BEEF7B6
:109FA0008FFA06460F46002DBBD106980BAB08AAC8
:109FB0000AF1FF3116F00AFCC0B96DB9DBF82830A0
:109FC000CDE90267CDE90443DBF80030694900932D
:109FD000DBE9082316F0AEF802206C4916F0AAF867
:109FE0004FF00008404631B0BDE8F08F9DF82230B8
:109FF0007DB3012B0CD10F9B65491A46002016F04A
:10A0000099F80D9B63491A46002016F093F820E05A
:10A01000614BBDF82E10614A0020002918BF1A4676
:10A020005F4916F087F80020BDF830205D4916F032
:10A0300081F89DF82230022B09D10E9B00201A4690
:10A04000594916F077F80D9B58491A46DCE7032B5F
:10A05000F9D09DF82200FEF789FEDBF828100DF1FB
:10A06000240A091A52464844CDE909AAFEF77EFFA0
:10A07000804628B902204E4916F05CF8002473E0AF
:10A080000026099CB146544508BF0024CDE9066668
:10A09000ECB9069B9BB1079B8BB1CDE90335069BC1
:10A0A0000F9A0293BBF818300BF1200001930D9B1F
:10A0B00000939BF81630BBF81410FFF70DF9B9F1B7
:10A0C000000FDBD049460BA8FDF764FED6E76DB361
:10A0D0000027013632460020364916F02BF87C2244
:10A0E000394611A810971AF034FB3846324916F059
:10A0F00021F810AB627AA189207AFEF703FE2F497E
:10A100000246384616F016F83846A2892C4916F051
:10A1100011F8637A3F2B04D13846A27A294916F008
:10A1200009F8207D04F11801FFF74AFC237D012B7B
:10A1300007D104F1180306930A9B9C42A9D0246816
:10A14000A6E7052B03D104F118030793F4E7032BCB
:10A1500008BF04F11809EFE7D0E9003213605A6034
:10A16000C0E900441AF093FA09985045F4D139E750
:10A170000000D03F12A0040064A0040077A00400F7
:10A1800085A0040095A00400A6A00400B3A00400CC
:10A19000D6A0040001A104007D260400812604004D
:10A1A0002CA104003CA104004EA104006AA10400FB
:10A1B00089A10400A3A10400ADA10400C1A1040071
:10A1C000D3A10400ECA1040070B5C4B0044690F81B
:10A1D000301001A800F0CAF994F83060054638B193
:10A1E00033460220224A234915F0A4FF44B070BD33
:10A1F00003A8EEF73FFD50B128461F4903AB324696
:10A2000015F098FF1D4B03A9186806F0CFF894F8D5
:10A2100030301B4C052B27D894F830004FF47A755A
:10A220000130C0B284F8300000F072F9684318D0F1
:10A2300094F8300000F06CF9002105FB00F44FF4B5
:10A24000004540F2E7304FF47A720023E4FB050149
:10A25000EEF7CEFC02460B4609490A4810F03CFCDA
:10A26000C4E700221346F7E7002384F83030BDE747
:10A2700062A2040007A204003AA20400883101206F
:10A28000F021012020ED00202DE9F04100F05EF9E1
:10A29000114E04463578EDB900F09EF9D0B14FF477
:10A2A0007A734FF4004C012740F2E73029465C43B3
:10A2B000DFF82C804FF47A720023E4FB0C0188F85D
:10A2C0003070EEF795FC02460B460448414610F00C
:10A2D00003FC3770BDE8F081274D012020ED002000
:10A2E000F021012008B50449044810F0C9FBBDE87D
:10A2F000084000F0BDB900BFC9A10100F021012054
:10A300002DE9F04F01290D461746ADF6A44D50D961
:10A31000002601F061FB02A800F01EF940F24C6239
:10A3200002A90DF254601AF0EDF93446B1464FF02F
:10A330000508B346DFF858A1534639462846484A2F
:10A34000CDF800B017F0F7F9431C0AD1454B1B6854
:10A35000AB425CD205F18045013D57F825204249CA
:10A3600024E074282DD00EDC682822D0722824D056
:10A3700064283AD03B4B3D491B6803F18043013BC5
:10A3800057F8232012E040F2E933984235D040F2EA
:10A39000EA339842EED1364B1E683046EEF76AFC3F
:10A3A000B0F5807FC8D94FF480723249022015F091
:10A3B000C1FE3148F1F752FC01E000F01BF9002426
:10A3C0000BE02B4B18681AF07BF900280ADA2B49AE
:10A3D000022015F0AFFE6FF0150420460DF6A44DD7
:10A3E000BDE8F08FCDF85406A6E7214B4FF00109E8
:10A3F00018681AF065F980469EE71D4B18681AF038
:10A400005FF9431E052B044696D91D49E0E72EB19E
:10A410003CB91C49022015F08DFECAE7ACB11A49BF
:10A42000F8E74FF48673013C5C430DF2546304F18A
:10A430000C00314618441AF0C3FAB9F1000F04D0E9
:10A440000DF254631C44C4F808800DF2546000F00F
:10A450009FF804460028C0D10C4915F06BFEBCE7FC
:10A46000EBA20400C4E40020A78303007A83030066
:10A4700048380120C0A20400A5A3040075A204006E
:10A4800094A20400F2A204000AA3040025A304007D
:10A4900024E4002070B50C4915461E46EEF7E0FB9B
:10A4A000044668B940F24C6230460849A847051E88
:10A4B00004DA2946064816F065FF2C46204670BD92
:10A4C0006FF00104FAE700BF72C40400F831012004
:10A4D000E1A6040008B5431EDAB2052A09D90849E5
:10A4E00008483023084A16F0BEFF3021064816F00F
:10A4F000B1FF4FF48670054A00FB032008BD00BF82
:10A5000049A704004272030011A70400043201208D
:10A510000138052808B509D9084909483623094AE8
:10A5200016F0A1FF3621074816F094FF4FF486720B
:10A53000054B02FB0033986808BD00BF49A7040023
:10A540004272030011A70400F8310120014B186882
:10A55000704700BFF831012008B540F24C62024953
:10A560001AF0D0F8002008BDF83101200139052982
:10A5700008B508D84FF48672044B02FB01311AF07B
:10A58000C1F8002008BD6FF01500FBE7FC31012089
:10A5900038B50146054640F24C620B4803F0FEFB1D
:10A5A000044630B102460949022015F0C3FD204699
:10A5B00038BD294640F24C6205481AF0A3F82046FF
:10A5C000044915F0B7FDF2E768A7040079A7040075
:10A5D000F8310120A3A704000023054A107B28B905
:10A5E0000133062B02F58672F8D1704701207047BF
:10A5F000F8310120F8B5174B00201C68164915F0FA
:10A6000099FD22460020154915F094FD0124144DB2
:10A61000144E154F22462946002015F08BFDE0B25E
:10A62000FFF758FF0246007878B13946002015F050
:10A6300081FD2046FFF76CFF0C490246002015F013
:10A6400079FD0134072CE5D1F8BD314615F072FDD6
:10A65000F7E700BFF8310120BEA70400D2A704002D
:10A66000E3A7040016A80400F2A7040004A804004D
:10A67000194B10B540F24C62002118461AF069F8E7
:10A680000122026005228260C0F81421C0F8202255
:10A69000C0F82C23C0F83824C0F8442503F06EFD20
:10A6A000044638B103460D4A0D49022015F042FD1B
:10A6B000204610BD0B4817F0D7FC044618B10346DE
:10A6C000064A0949F1E717F0A8FC04460028EFD034
:10A6D0000346024A0549E8E7F8310120A6A804002C
:10A6E00025A8040084E400205EA8040088A80400D3
:10A6F000F8B50F46002943D005680122284616F018
:10A700000FFC01460446284616F0D2FBC3070DD4C1
:10A71000AF231C4A1C491D4816F0A5FE39461C48AB
:10A7200016F0A1FEAF21174816F094FE21462846E8
:10A7300016F0D4FB261831460022284616F0B8FB46
:10A74000361AB4420BD0B7230E4A12490F4816F0FE
:10A750008AFE3946104816F086FEB721E3E7214607
:10A76000284616F0C1FB214616F0B8FB6B6921465E
:10A77000A3EBC0036B612846BDE8F84016F0FBBCB4
:10A78000F8BD00BFC0A80400E3A8040042720300A3
:10A79000F4A804002CA9040052A90400B2F5802FEB
:10A7A0002DE9F04110D2042A28D8474940F21A2353
:10A7B000464A474816F057FE464816F054FE40F207
:10A7C0001A21424816F046FE0823D21ACC1D114425
:10A7D00024F0070421F00701091B27294FEAD106BD
:10A7E0000ED83D4940F22323384A394816F03BFE43
:10A7F000384816F038FE40F22321E2E70423E4E76C
:10A800000025046031462046C4E90355C4E90555D6
:10A81000A66016F08FFBB6F5004F2CBF082304236B
:10A8200000F1080292000833D11DDB0803EBD103CD
:10A83000B3424FEAD10739D801302946A2F11C02B0
:10A8400004F11C00B8BF2A4619F083FF3A46294696
:10A85000204616F061FB2B462A462946204616F074
:10A8600032FBA6EB070820462946012216F03CFBE6
:10A870004246394616F050FB3B462A4639462046AA
:10A8800016F021FB3146204616F046FB43462A4689
:10A890003146204616F017FB31462046012216F0BD
:10A8A00023FB3946BDE8F04116F01FBC0B494FF4BD
:10A8B0000E73064A064816F0D6FD064816F0D3FD7C
:10A8C0004FF40E717DE700BF8EA90400C0A80400FC
:10A8D00042720300AFA90400C8A90400F1A9040052
:10A8E0002DE9F04F97B000AF89460446D7F880B005
:10A8F000FA623B6258B9AB4940F29933AA4AAB4875
:10A9000016F0B1FD40F29931A74816F0A3FDCBF344
:10A91000C00390F802A07B6141B9457800780AEB4A
:10A92000800020444D4517D8A0EB0409E378FB6173
:10A93000BAF1000F02D01BF0010F16D1FB6953BB17
:10A94000FB6A1BB1494620463A6A98474D4628465D
:10A950005C37BD46BDE8F08F461C3046EEF78AF9FD
:10A960000130304409F10109DCE7626823787A623A
:10A97000FA6A9900B96104EB8301002A40F006816C
:10A980000E464FF000084D4601EB0A09B14550D183
:10A9900001EB0A0610E01BF0020FD1D023789A00D9
:10A9A000BA61626804EB83017A62FA6A002A7BD199
:10A9B0004D46904601EB0A061BF0050F0CBF022323
:10A9C0000123FB62FB6906EB430A0BF00203BB6247
:10A9D0005645BCD016F8021B16F8013C54F82390DB
:10A9E000734B994502D3734B99453AD37B69002B3E
:10A9F00044D0786A16F08DFC00283FD06E4803687A
:10AA000013F0060F13D0E9468AB06A466B4B5361C8
:10AA10007B6AC2E906314FF400731384684B42F835
:10AA2000103F00234FF4125102F0ACFECD46023D20
:10AA3000CEE716F8013BF96254F82300EEF71AF955
:10AA4000D7F88430F96A01304BB1D7F8883098458F
:10AA50003EBFD7F8843023F8180008F101080544F8
:10AA600094E77B6923B1786A16F053FC0028C5D1BE
:10AA70001BF0010F05D1FB6AED1AA9E7BB6A002B99
:10AA8000A6D04846EEF7F6F8D7F8843053B1D7F899
:10AA9000883098453FBFD7F88420431C22F81830EF
:10AAA00008F10108054493E7BAF1000F74D01BF0D8
:10AAB000040674D0D046002607F1480052463B6198
:10AAC000B96219F01FFEB96A3B6901EB0A02BA626A
:10AAD000FA69F9695200FA60BA6A02EB41023A6116
:10AAE0000BF00202BA60BA6A39698A426AD16278A6
:10AAF0001BF0020F18BF00217A6208BF4FEA58010D
:10AB0000B2181BF0010FD2B240F0E5801BF0040F29
:10AB100014BF404600207B616270A070E170204647
:10AB20003A6AB969FB6A9847051EFFF610AF7B6960
:10AB3000414623707B6A3A6A6370FB6984F802A01D
:10AB4000E37007F14800FB6A9847B0F10008C0F2D3
:10AB5000F680BB69A9EB0A01C91AFB683A6AC91AEF
:10AB6000D7E90A0398470028C0F2EB804FF0000BAA
:10AB7000A84408EB000507F1380AB345C0F0AD80E2
:10AB800000213A6A0846FB6A9847E0E656464FF0CD
:10AB9000000807F1380091E75646D04695E7B046E1
:10ABA00093E700BFB1AA04001CAA0400427203008C
:10ABB000B8550300AC00050064E90020CCAA0400ED
:10ABC00004000001BA6A12F8021B12F8015CBA62B2
:10ABD00054F825005C4A904202D35C4A904218D354
:10ABE0007A693AB1786A7B6016F093FB7B6800283B
:10ABF0007FF479AFBA68002A4CD00F2E40D954495F
:10AC000040F24D43534A544816F02DFC40F24D415A
:10AC10007AE67A693AB1786A7B6016F07AFB7B68EB
:10AC200000287FF460AF1BF0010F0BD00F2E27D947
:10AC3000474940F24343474A474816F014FC40F264
:10AC4000434161E61BF0040F3FF44DAFB8F10F0F25
:10AC500009D9424940F246433E4A3F4816F003FCB8
:10AC600040F2464150E608F1280207F1300008F1B1
:10AC7000010102EB000808F8105C5FFA81F832E786
:10AC800006F1280207F13000711C161806F8205C46
:10AC9000CEB228E7B8F10F0F09D930494FF48A63D3
:10ACA0002C4A2D4816F0DFFB4FF48A612CE608F1A0
:10ACB000280207F1300C08F10100944407F1580212
:10ACC00008F1020852FA80F00CF8101C5FFA88F8BC
:10ACD00000F8105C07E700201DE71BF80A3054F865
:10ACE000239087F83730D7F884302BB3D7F88830E3
:10ACF0009B4521D2D7F8843033F81B8001213A6A72
:10AD0000FB6A07F13700984700281ADB0544B8F1C1
:10AD1000000F06D14846EDF7ADFF00F101081FFA1C
:10AD200088F8414648463A6AFB6A9847002808DB9B
:10AD300005440BF1010B20E74FF00008DEE7454624
:10AD400005E6054603E600BFB8550300AC00050064
:10AD50006FAB04001CAA0400427203008EAB040017
:10AD6000064C08B50649074840F27D13224616F006
:10AD70007AFB40F27D11204616F06CFBBFAB04005D
:10AD8000F0AB04004272030008B508B9FFF7E8FF12
:10AD90008068034B98428CBF0020012008BD00BF93
:10ADA000FFC99A3BF8B50D46044610B1FFF7ECFF1A
:10ADB00058B9254940F2B913244A254816F053FBE7
:10ADC00040F2B911214816F045FB1DB12846FFF7A6
:10ADD000DBFF48B91F494FF4DD731C4A1C4816F0CD
:10ADE00042FB4FF4DD71EDE7D4E90032002AD5E9EA
:10ADF000000118DA002908DA4FF000465F4266EBDE
:10AE00000206B84271EB06061CDB1B1842EB01027E
:10AE1000C4E90032A368AA6820461344A360BDE8D1
:10AE2000F84000F077BD53EA0206EED0012871F138
:10AE30000006EADBDE4386426FF00046A6EB020620
:10AE40008E41E1E70020F8BD02AC0400BFAB040076
:10AE5000427203002DAC040010B5044610B1FFF798
:10AE600093FF58B9104911484FF4F273104A16F085
:10AE7000FAFA4FF4F2710E4816F0ECFAD4E9003207
:10AE8000B2F1004F08BF002B0CD05B4262EB4202D4
:10AE9000C4E90032A36820465B42A360BDE81040CD
:10AEA00000F038BD10BD00BF58AC04004272030072
:10AEB000BFAB040038B5044640B926496A23264A88
:10AEC000264816F0D0FA6A21234816E0EFF31185E0
:10AED000202383F31288BFF36F8F214811F08CFB7E
:10AEE00068B988231F4A20491C4816F0BCFA1C493F
:10AEF0001E4816F0B8FA88211A4816F0ABFA18481E
:10AF000011F09EFB1A4B0FCB84E80F00144811F090
:10AF100081FB68B94FF49A73124A16490F4816F02C
:10AF2000A2FA0F49144816F09EFA4FF49A71E3E71B
:10AF300085F31188BFF36F8F2046FFF725FF38B9DF
:10AF40000E497023044A054816F08DFA7021BBE7BC
:10AF500038BD00BFA7AC040085AC040042720300FA
:10AF600044380120B9AC0400E6AC0400FBAC04009A
:10AF70002822012011AD040028AD04003DAD0400DD
:10AF800001281FB50C4605D004282ED06FF01500FF
:10AF900004B010BD19F0E3FA1E4AC30BC0F30E0053
:10AFA000A0FB0202C00B43EA414340EA4240C90B06
:10AFB000C4E90031A0606846FFF77CFF694620467F
:10AFC000FFF7F0FE18B9144B0FCB84E80F002046B2
:10AFD000FFF7DAFED8B9114911486323114A16F078
:10AFE00042FA63210F4816F035FA19F0B8FA094A07
:10AFF000C30BC0F30E00A0FB0202C00B43EA4143A7
:10B0000040EA4240C90BC4E90031A060DFE70020FC
:10B01000BEE700BF00CA9A3B805F03006FAC04002C
:10B020004272030085AC040001287FB50D4657D15C
:10B030000846FFF7A9FE002852D019F090FA6C4696
:10B04000294AC30BC0F30E00A0FB0202C00B40EA6A
:10B05000424043EA41430290C90B2046CDE900310A
:10B06000FFF7FAFE29462046FFF79CFEEFF3118614
:10B07000202383F31288BFF36F8F1C4811F0BCFAB2
:10B0800068B988231A4A1B491B4816F0ECF917497E
:10B090001A4816F0E8F98821154816F0DBF9184D22
:10B0A000124811F0CDFA94E80F0085E80F000F4820
:10B0B00011F0B0FA68B94FF49A730D4A11490E486D
:10B0C00016F0D1F90949104816F0CDF94FF49A71EC
:10B0D000E2E786F31188BFF36F8F002004B070BDE4
:10B0E0006FF01500FAE700BF00CA9A3B4438012010
:10B0F000B9AC0400E6AC040042720300FBAC0400EF
:10B100002822012011AD040028AD0400014B1B686A
:10B11000184700BFA0E40020014B1860704700BF33
:10B12000A0E4002007B50B46002102460091034829
:10B13000EEF756F803B05DF804FB00BF0DB1010057
:10B1400030B5002587B0CDE903010446009503A979
:10B1500005480595EEF744F8DDE904309842B8BF9C
:10B16000255407B030BD00BF61130300044608B585
:10B17000084611461A46A0470A4B1B7873B90A497C
:10B1800040F24633094A0A4816F06DF9094816F0AC
:10B190006AF940F24631054816F05CF910F04EFFAE
:10B1A00006F0E4FD185C01207EAD040053AD040000
:10B1B0004272030091AD0400F0B5024601680A270F
:10B1C0000020074E0B461C780131355D6D0701D418
:10B1D0001360F0BD07FB0043A3F13000F2E700BFAE
:10B1E000A3FD04002DE9F84F15469A46D378234A6B
:10B1F0006F2B12F803B081460F460BF0030B2BD0D8
:10B2000026D8582B0CBF10260A26DDF82880324697
:10B21000002348463946EDF7EBFC092A08F1FF38D0
:10B22000D4B21ED83034B145E4B277F1000788F8C3
:10B23000004001D3D04511D82B789B0605D5082EA8
:10B2400015D1AB7843F00803AB704046BDE8F88FEA
:10B2500003F0F703702BD5E70826D6E781460F46A3
:10B26000D5E7BBF1010F0CBF37345734DBE7102EA5
:10B27000EBD1AB7843F01003E6E700BFA3FD040079
:10B2800030B50C4685B068B961B110496423104AE5
:10B29000104816F0E8F8104816F0E5F864210C485C
:10B2A00016F0D8F8002502902044039000950B4832
:10B2B00002A9EDF795FF34B1DDE90232934234BFC4
:10B2C0001D7003F8015C05B030BD00BFDEAD0400A9
:10B2D000B9AD040042720300EBAD04004514030055
:10B2E00038B50D4604462022002119F032FA00221A
:10B2F000EB68E361AB68A3612B6823626B68A262B1
:10B3000063622A6923B1591E194208BF42F0010243
:10B3100022610122002104F12C0019F024F848B127
:10B32000054906482F23064A16F09DF82F210448A8
:10B3300016F090F838BD00BF37AE0400427203002B
:10B3400011AE04002DE9F04F002789B0CDE90123AB
:10B35000436A04468B428846BA460597079754D3FA
:10B3600000F11406EFF31185202383F31288BFF355
:10B370006F8F3046A94611F03FF958B988234D4ADE
:10B380004D494E4816F06FF831464D4816F06BF8AF
:10B39000882163E0304611F053F9079A2AB1394603
:10B3A000204616F049F90023079306A9204616F017
:10B3B00067F806998346414530D32268236A2046C0
:10B3C00013F8221003EB820A21F0030103F8221084
:10B3D0002168424616F078F8E3682060984218D059
:10B3E0004FF0000B304611F015F950B389F3118876
:10B3F000BFF36F8F059929B1A2690AB12046904722
:10B4000000230593BBF1000FACD1504609B0BDE855
:10B41000F08F236943F008032361E1E718B1204668
:10B4200016F06CF8DEE7DDE90132134339D0039101
:10B4300019F00AF80399A0BB9DBB304611F0EAF859
:10B4400078B94FF49A731B4A1E491C4816F00BF842
:10B4500031461D4816F007F84FF49A71154815F05B
:10B46000F9FF85F31188BFF36F8F04F12C00DDE93C
:10B4700001230EF03DFF8346EFF31189202383F370
:10B480001288BFF36F8F304611F0B6F800283FF4F2
:10B4900075AFBBFA8BFB304611F0D2F84FEA5B1B5D
:10B4A000A0E7204607AB05AA276816F046F88346B2
:10B4B00098E700BFB9AC0400E6AC04004272030098
:10B4C000FBAC040011AD040028AD04002DE9F041EF
:10B4D0000446C36908460E46984704F1140507461A
:10B4E000EFF31188202383F31288BFF36F8F284670
:10B4F00011F082F868B988231A4A1B491B4815F0D5
:10B50000B2FF29461A4815F0AEFF8821154815F0FC
:10B51000A1FF284611F094F833783A4643F001032E
:10B5200033706168204615F0CFFF6060204616F04A
:10B530009EF8284611F06EF868B94FF49A73094ADC
:10B540000C490A4815F08FFF29460B4815F08BFF70
:10B550004FF49A71DAE788F31188BFF36F8FBDE873
:10B56000F08100BFB9AC0400E6AC040042720300F5
:10B57000FBAC040011AD040028AD04002DE9F04738
:10B580000446002700F11406EFF31188202383F30B
:10B590001288BFF36F8F304611F02EF8054668B958
:10B5A00088233A4A3A493B4815F05DFF31463A480C
:10B5B00015F059FF8821354815F04CFF304611F041
:10B5C0003FF82369A16813F0080F02D1636899421C
:10B5D00000D9636A5B1A002B41D0206A10F8213031
:10B5E00000EB810913F003023CD0022A04D150F889
:10B5F00021205FEA920A05D1DA0720D44846E369A0
:10B6000098478246A1685246204615F05DFF514694
:10B61000A060204615F066FF2F46304610F0FAFF76
:10B6200010BB4FF49A73194A1C491A4815F01BFFB6
:10B6300031461B4815F017FF4FF49A71BBE743F0F2
:10B64000020300F82130E3694846A5689847294677
:10B650000246204615F038FF0025A060DDE71D46B4
:10B66000A946DAE71546FBE788F31188BFF36F8F29
:10B67000002D89D137B1B9F1000F03D104F12C00AD
:10B680000EF0B8FD4846BDE8F08700BFB9AC040035
:10B69000E6AC040042720300FBAC040011AD0400F0
:10B6A00028AD04002DE9F0410446C36908460D4663
:10B6B000984704F114060746EFF31188202383F31B
:10B6C0001288BFF36F8F304610F096FF68B9882359
:10B6D000274A2849284815F0C6FE3146274815F064
:10B6E000C2FE8821224815F0B5FE304610F0A8FFB2
:10B6F0002B786FF300032B7023699B0705D5E26855
:10B70000236A03EB82039D4222D12B786FF341031E
:10B710002B70D4E90231994204D13A46204615F003
:10B72000D3FEA0603946204615F0DCFE304610F00E
:10B7300071FF90B94FF49A730D4A11490E4815F0F4
:10B7400092FE31460F4815F08EFE4FF49A71C9E70C
:10B750002B6867F39F032B60E8E788F31188BFF33A
:10B760006F8F04F12C00BDE8F0410EF043BD00BF27
:10B77000B9AC0400E6AC040042720300FBAC040068
:10B7800011AD040028AD040070B5044600F11405A5
:10B79000EFF31186202383F31288BFF36F8F2846BF
:10B7A00010F02AFF68B988231A4A1B491B4815F074
:10B7B0005AFE29461A4815F056FE8821154815F0FC
:10B7C00049FE284610F03CFF2369A06813F0080FDB
:10B7D00002D16368984213D9646A241A284610F08B
:10B7E00019FF78B94FF49A730A4A0E490B4815F0BD
:10B7F0003AFE29460C4815F036FE4FF49A71DDE703
:10B800001C1AEBE786F31188BFF36F8F201E18BF59
:10B81000012070BDB9AC0400E6AC04004272030024
:10B82000FBAC040011AD040028AD04002DE9F84381
:10B8300040F26C7344690569E1170135E41841F180
:10B840000001022D8CBF00230123E41AC76861F1B7
:10B8500000010029064607F1FF374EDA6FF4C77082
:10B860004FF4C8720023201861F10001EDF770F960
:10B87000244B4FF03C0E03FB0044D6E900834FEA13
:10B88000E37C99466346022D02468CBF6FF00200AE
:10B890000920B6680544C6FB0E93A9FB0EC60EFB35
:10B8A000036640F26D1E9920A3080EFB04333B444F
:10B8B000642745430520B4FBF7F40235B5FBF0F5EA
:10B8C0001B1B114C1CEB080CA2FB042004FB010108
:10B8D0002B4446EBE87698180C4A41F10003801897
:10B8E0000B4A63F10003A0FB020102FB031110EB02
:10B8F0000C0041EB0601BDE8F8834FF4C872002349
:10B900002046B3E770FEFFFFB13A02009405F5FF51
:10B9100080510100F8B548B92849C923284A294867
:10B9200015F0A1FDC921264815F094FD8268264D29
:10B93000AA421EDDD0E90017244B012992FBF3F344
:10B9400077F100064FEAE37425DAC91844EB0704DF
:10B95000C0E900141E4901FB032383608368AB42E6
:10B960002AD91C49F023164A164815F07CFDF0210F
:10B97000D9E7002AF2DAD0E90041144FAB1A0029C6
:10B98000B3FBF7F310DA01F100469C4276F10006B2
:10B990000ADA0020F8BDCE439E426FF00046A6EBC7
:10B9A0000706A641D1DAF4E7E41A61F1000107FBCA
:10B9B0000323C0E90041D0E70120EBE7F0AB04002E
:10B9C00040AE040042720300FFC99A3B00CA9A3B92
:10B9D000003665C46FAC040008B500F0BDF80C4932
:10B9E000012241614FF0FF310023C0E906110949EE
:10B9F000C0E900220A600849C0E902330A60074A28
:10BA000003611360064A1360064A136008BD00BF55
:10BA100008F40400C8E40020C4E4002050380120E9
:10BA20004C380120483801202DE9F04107460E46E8
:10BA3000154600F091F8C36804461BB943691A78AB
:10BA4000002A41D10023E3606368BB4256F82320FB
:10BA500008DB324B6361204600F062F84FF0FF30A4
:10BA6000BDE8F081511C616192F80080B8F12D0FA2
:10BA7000EFD1911C616151782D29A16004D1927898
:10BA80006AB901336360E4E749B9244B414628466B
:10BA9000636118F088FF0028DDD0C4F80880D4F86E
:10BAA00008802846414618F07EFFB8F13A0F6369D6
:10BAB00000D070B91B7813B9636801336360204606
:10BAC00000F02EF83F20CBE75A1C42611B788360C0
:10BAD000E5E742783A2A0BD0002222611B7813B99D
:10BAE000636801336360204600F01AF8A068B7E786
:10BAF00018786268094928B901329742626004DD0A
:10BB000056F82230C4E90431EAE761612D78204615
:10BB10003A2DD5D100F004F82846A1E708F4040036
:10BB20000168084A084B11604168084A1160816841
:10BB3000074A1160074AC168116002691A6006F07D
:10BB400039BE00BFC8E4002048380120C4E400200A
:10BB5000503801204C38012000487047A4E40020F0
:10BB60002DE9F04F8BB000AF7B610368054692462C
:10BB7000D0F81490F9603B62002B4FD013783A2B29
:10BB80004CD0964B1B68022B48D8954A52F823B0EC
:10BB90006B683D21BB61013348466B603B6118F027
:10BBA00002FF804600283CD0A0EB09037B6200F135
:10BBB000010800224FF0FF341646FA61BA6D7B6926
:10BBC00002F00402BA60196881BB002E60D03B6AA3
:10BBD000E3B19AF800303A2B18D08248036813F08A
:10BBE000060F13D06C468AB06A467F4BC2E9053B0C
:10BBF0007B6AC2E907397D4B53627D4B42F8103FA7
:10BC00000B464FF4425101F0BDFDA5460023AB6049
:10BC10003F2420462C37BD46BDE8F08FDFF8E8B161
:10BC2000B6E74846EDF726F87862C2E748467A6AF2
:10BC30007B60396018F0CCFE7B6800BB3968084631
:10BC4000EDF718F87B6A984250D07A6D7B6812B194
:10BC50007A6A012A13D0621C16D0BA68B2B97A691E
:10BC6000586802EB0412516888420FD198689168B5
:10BC700088420BD1D968D268914218BF0126FA696F
:10BC800010330132FA619EE7FC69F8E70126F6E716
:10BC9000631C72D07B6903EB0416736843BBB8F175
:10BCA000000F00F08F803A6ADAB19AF800203A2A41
:10BCB00017D04C48026812F0060F12D06C468AB0BA
:10BCC0006A464C49C2E9051B796AC2E90719474926
:10BCD0005162474942F8101F4FF4425101F052FDA2
:10BCE000A546B368002B91D1F36890E7FC69D1E7D2
:10BCF0005A1E012A04D8B8F1000F31D0C5F81080BF
:10BD00007368012B5ED12B69002B5BD13A6AD2B1EB
:10BD10009AF800203A2A16D03248026812F0060F2C
:10BD200011D06C468AB06A463349C2F81C90C2E909
:10BD3000051B32491162324942F8101F4FF422515B
:10BD400001F020FDA546B368ABB9F368AB606B6842
:10BD5000013B6B609AF800403A2C7FF459AF58E7EA
:10BD6000012B2FD1BB6902336B60D7E9033253F843
:10BD700022302B61C4E70023E8E77B6D13B1BB6978
:10BD80006B6046E73B6A002B3FF440AF9AF8003007
:10BD90003A2B3FF43BAF1348036813F0060F3FF410
:10BDA00035AF6C468AB06A46164BC2F81C90C2E9A1
:10BDB000053B124B1362124B42F8103F4FF42251D5
:10BDC0007B6D20E73B6D03B11C60D6E90234002B8C
:10BDD0003FF41FAF1C6000241BE700BFCCE4002031
:10BDE00074670300B0E9002073AE0400000202048F
:10BDF0000500000290AE0400BAAE04000002010388
:10BE000004000002DDAE040008F404002DE9F04F48
:10BE100087B00446884616461D46DDF84090129FBE
:10BE2000002B3DD01B782D2B2ED147F0020701357A
:10BE3000636813B90123E360636000232361E3684F
:10BE40001BB14FF0FF33C4E906334FF0000A07F08F
:10BE5000020BE3681BB963691B78002B6ED1626823
:10BE6000C4F80CA0424521DB914BD4E906014F1CDC
:10BE700063610ED0334615F013FCD4E906239A1AF9
:10BE800063689B1A636007E02B2BD1D127F0010771
:10BE9000CDE7451C18BF60604FF0FF33C4E906339F
:10BEA0004FF0FF3A504607B0BDE8F08F56F8223009
:10BEB000636119782D2901D1597831BB7C4B6361BD
:10BEC000BBF1000F07D0531C636056F822304FF0CF
:10BED000010A2361E6E7F807E2D5A069411C04D115
:10BEE000A261636801336360B3E7E1694B1CF8D07A
:10BEF000334615F0D5FBD4E906239A1A63689B1ADA
:10BF0000A3614FF0FF33E361EBE7A069411C0ED161
:10BF1000591C616159782D2910D19B7873B9E16959
:10BF2000634B01324D1C62606361B5D0A2E7E169E9
:10BF30000131EDD1E26159780029E9D16369B9F1A4
:10BF4000000F2DD0626856F822209A4228D0197826
:10BF50002D2918D07B0723D50022564B3A291A6089
:10BF600017D10020119BCDE9010700932A464B46CB
:10BF700031462046FFF7F4FDB0F1FF3F82460FD077
:10BF80004B4B63618EE7012201336361494B1A60B9
:10BF9000E7E7284618F007FD003818BF0120E1E761
:10BFA000636928465A1C626193F800B004935946AD
:10BFB000059218F0F8FCBBF13A0FDA46049B14D056
:10BFC000BBF12D0F059A0FD1597899B900283FF48C
:10BFD00067AF41783A2961D05B78002B7FF462AF7C
:10BFE0006368013363605DE7C0B95B7813B9636868
:10BFF00001336360236863B12B783A2B09D02E4854
:10C00000036813F0060F04D002215B462B4A15F09B
:10C010004DFFC4F808B04FF03F0A43E7B9F1000FF5
:10C02000D7D0BBF1570FD4D141783B29D1D15B7820
:10C03000DFF87CB003BB636801339845636018DCAC
:10C040002368C4F814B063B12B783A2B09D01A488E
:10C05000036813F0060F04D057230221184A15F085
:10C0600025FF5723A3602B783A2BD4D14FF03A0AFF
:10C0700018E756F82330636102220E4B31461A60EE
:10C0800000230193119B2A46009320464B460297BA
:10C09000FFF766FDC4F814B0824603E70021216172
:10C0A0005B786168024F6BB12261676198E700BFFE
:10C0B00008F40400CCE40020B0E90020F8AE04004D
:10C0C0000DAF040083783A2BEFD0013188456160D1
:10C0D00012DC2368676163B12B783A2B09D00848DA
:10C0E000036813F0060F04D002215B46054A15F0E1
:10C0F000DDFEC4F808B0B6E756F821302361D4E776
:10C10000B0E900200DAF04002DE9F84F0446A38BE1
:10C1100008461907154612D4022803F0070165D115
:10C12000204615F023FB88B10138042800F237813E
:10C13000DFE810F05C0035018200D4000401012822
:10C140000CBF43F0100143F02001A18314342046BA
:10C1500010F060FA002840F09D819A494FF49A73DC
:10C16000994A9A4815F07FF92146B1E003F0070299
:10C17000501F01281ED80020062A2768C4E90000A5
:10C1800014D13A4603E0E08B0130E0831268002AC4
:10C19000F9D123F0070343F002022046A28315F0F1
:10C1A000E5FA90B342F02002A2832EE023F00703C9
:10C1B0009AB2F2E7042A33D123F007039AB2204659
:10C1C000A28315F0D3FA10B142F02002A283A38B10
:10C1D00003F00709894540F0EC80A18BCA0640F1C5
:10C1E000508121F01003A38301F00701D4F81880D7
:10C1F000A38BB8F1000FB9DA0022276823F00703F8
:10C20000C4E9002243F00103A383A38B03F00709D1
:10C21000894540F0CF80002FDFD00026B24644E0B1
:10C220006B4940F21B136B4A684815F01CF940F249
:10C230001B11684815F00EF949B167494FF4AB730B
:10C24000644A624815F00FF94FF4AB71F1E72368C7
:10C250004BB9624940F257135E4A5C4815F003F946
:10C2600040F25711E5E723691E684EB95C494FF467
:10C27000AD73584A554815F0F6F84FF4AD71D8E74C
:10C280000F4688464FF00609A38B23F0070343F0BF
:10C2900006039BB2A383A268002A40F08D80002F82
:10C2A00040F08D80002E98D0BA4643F0080304F188
:10C2B000140B5846A38310F0ADF9002840F09A8083
:10C2C00040494FF49A73404A404815F0CCF859461B
:10C2D000444815F0C8F84FF49A71ADE0022909D02E
:10C2E000414940F25D133B4A384815F0BCF840F232
:10C2F0005D119EE7E78B4FB13C494FF4AF73354A70
:10C30000324815F0B0F84FF4AF7192E723695E68D8
:10C310004EB9334940F261132E4A2C4815F0A3F868
:10C3200040F2611185E7A38BB84623F0070343F081
:10C3300004039BB24FF00409A383ACE7012909D0A1
:10C340002B494FF4B273234A204815F08CF84FF470
:10C35000B2716EE723684BB9204940F265131D4A5C
:10C360001A4815F080F840F2651162E723699E686B
:10C370004EB91B494FF4B473164A144815F073F8BC
:10C380004FF4B47155E70027A38BB84623F0070399
:10C3900043F005039BB24FF00509A3837BE70C49EB
:10C3A00040F26B130B4A094815F05DF840F26B112F
:10C3B0003FE7002700266EE74FF0010A75E7924637
:10C3C00073E700BF11AD0400B9AC04004272030072
:10C3D000C1F1040033AF040058AF040064AF04009F
:10C3E00087AF040028AD04009EAF0400B4AF040082
:10C3F000C3AF040085F31188BFF36F8FBAF1000F4C
:10C400001CD177BB16B120462549B047EFF3118503
:10C41000202383F31288BFF36F8F584610F0ECF897
:10C4200038BB88231F4A2049204815F01CF859467C
:10C430001F4815F018F888211A48FBE6A168002962
:10C44000DFD00D680029DCD043464A462046D1F8AB
:10C4500004A0D0471DB12B6829461D46F2E72B46A4
:10C46000FAE7394643464A4620463F6815F0AAF99E
:10C47000C7E7584610F0E4F8A38B23F00803A38322
:10C48000ABE68B067FF562AE21F02003A38301F0BB
:10C49000070145E685F31188BFF36F8FBDE8F88F7C
:10C4A000B5C40100B9AC0400E6AC0400427203005C
:10C4B000FBAC0400F8B504460D4600F11406EFF39A
:10C4C0001187202383F31288BFF36F8F304610F05B
:10C4D00093F868B988230C4A0C490D4814F0C3FF3F
:10C4E00031460C4814F0BFFF8821074814F0B2FF12
:10C4F000304610F0A5F8A5613A462046BDE8F84060
:10C500000121FFF701BE00BFB9AC0400E6AC040096
:10C5100042720300FBAC04002DE9F04704460F46CD
:10C5200015F040F9051E68DB04F11409EFF3118AD8
:10C53000202383F31288BFF36F8F484610F05CF816
:10C54000804660B98823384A3849394814F08BFF4F
:10C550004946384814F087FF8821334842E048466E
:10C5600010F06EF84FF6FF72E38BA68B934206F045
:10C57000070645D0022E15D135460133E3834846E0
:10C5800010F048F8002841D14FF49A73264A2A49FE
:10C59000274814F068FF4946284814F064FF4FF418
:10C5A0009A71DAE7062E13D8DFE806F0092D121289
:10C5B000090409006FF085054FF00008DFE700234C
:10C5C0003B60636883B9C4E9007786B13546F3E719
:10C5D0001B4917484FF4E4731A4A14F044FF4FF410
:10C5E000E471184814F036FF1F606760EDE75246AB
:10C5F00002212046FFF788FD35462846BDE8F08732
:10C600006FF00A05D8E76FF00405D5E78AF31188C3
:10C61000BFF36F8FB8F1000FEFD0002332463946D9
:10C62000204615F0CFF8E8E7B9AC0400E6AC04000A
:10C6300042720300FBAC040011AD040028AD0400FD
:10C64000C3AF040033AF040008B54268034602F0EC
:10C650000302032A816002D02AB1002000E00068B2
:10C6600000225A6008BD054905484523054A14F0D3
:10C67000FAFE4521034814F0EDFE00BFC1F10400AD
:10C6800042720300D9AF04002DE9F34106460F467C
:10C6900015464FF000082A46304601A915F0E4F887
:10C6A000044640B102463946019818F02BF82D1B7C
:10C6B000A0442744EFD142463046311D15F0F2F830
:10C6C00048B1074907484823074A14F0CCFE4821DF
:10C6D000054814F0BFFE404602B0BDE8F08100BF3F
:10C6E00037AE040042720300FFAF04002DE9F341AE
:10C6F00007460E4615464FF000082A46384601A95F
:10C7000015F0C1F8044648B12EB1024601993046F1
:10C7100017F0F8FF26442D1BA044EED142463846C0
:10C7200007F10A0115F0BEF848B10749074863232D
:10C73000074A14F098FE6321054814F08BFE40462A
:10C7400002B0BDE8F08100BF37AE040042720300C2
:10C75000FFAF04002DE9F7430F4606460821C06AE3
:10C7600015F026F980463C68DFF84890241A3C60B2
:10C7700004EA0905AC4203D8002003B0BDE8F08309
:10C7800008236A462146304615F0A6F80028F4D161
:10C790006946304615F016F940B1BDF80230BDF8D3
:10C7A000042005EA090513441D443C60A4EB080479
:10C7B000E0E700BF0000FFFF73B504464FF6FF72CD
:10C7C000C06A082115F0F4F8002563680F4EADF833
:10C7D00000208DF80620E268191833401344181A17
:10C7E00060606846ADF80210ADF8045015F0D3F85B
:10C7F0006946204615F0A6F92046211D15F0A5F83A
:10C80000284663683340A36002B070BD0000FFFF9C
:10C810002DE9F04704468AB000F11407384617F0B6
:10C8200084FDA06A8368DB689847E06260B99E482F
:10C8300003685E0702D09D4915F0B6F86FF0150544
:10C8400028460AB0BDE8F087A06A8368DB6898478D
:10C850000368013B1F2B05D9934803685D07EDD0A2
:10C860009349E9E7E368B3F5803F0BD98E48026846
:10C870005407E3D04FF48032012100928D4A15F025
:10C880001FFBDBE7A06A216807AA16F00CFD28B1A0
:10C89000854803685907D1D08749CDE7E5682DB1B0
:10C8A000089BB5FBF3F203FB12552DB17E480368DC
:10C8B0005A07C3D08149BFE7238A012B05D87A489C
:10C8C00003685B07BAD07E49B6E7E36A029593F83E
:10C8D00005904FF0FF334FF0FF3238460DF080F9EE
:10C8E0000821E06A15F064F8A8460646238A1FFA74
:10C8F00085FA534508D8238A434523D138460DF09D
:10C900003FFA6FF02C059BE7E1682B04891B13FAB3
:10C9100081F14A4608232046029114F0EBFF78B1DA
:10C92000204602A915F011F808F1010808234A462B
:10C93000204602991FFA88F814F0DCFF0028DAD0AC
:10C940000135D3E753450BD1029908234A462046C7
:10C95000891B14F0CFFF18B9204602A914F0F5FF87
:10C96000204602A9FFF7F6FE054618B138460DF03D
:10C9700007FA65E7029B4FEA13484FEA08486360ED
:10C98000C4F80880D4E9011399420FD30823204644
:10C9900003AA14F0A1FF05460028E7D103AB13F862
:10C9A000012B914535D10135082DF8D1636820461A
:10C9B0001B0C1B0402A9029314F0C7FF4A46204631
:10C9C000E368029914F096FF051ECFDB636800F060
:10C9D00089804FF6FF7906EB0308E3681FFA88F2B7
:10C9E0009B1B9A42CDF808802FD300236168002B4F
:10C9F00044D0090C09042046029102A914F0A5FFB5
:10CA00002046029914F0AEFF0546002D00F0868006
:10CA1000ACE7204603A914F0D5FF626810B9921B59
:10CA20006260AFE7BDF81050BDF80E10E06AC4F8C0
:10CA30000880294414F0BCFF40449042A060EED12D
:10CA4000002DECD06FF01C0579E00823414620460C
:10CA500005AA14F041FF0546002887D1204605A904
:10CA600014F0B0FF30B1BDF814304B4502D1BDF821
:10CA700018300BB1B044B0E70123B7E7204614F0FB
:10CA800071FF054600287FF471AF63680D4AE168C5
:10CA900013400B44A3EB4603636013402046A3609E
:10CAA00015F078F8B0E700BF78E900203EB0040048
:10CAB00060B004007DB00400A6B00400BEB0040065
:10CAC000D2B004000000FFFF4A4620465B1A14F073
:10CAD00011FF051EFFF64AAF08D0E26AA36812688C
:10CAE0001344A360D4E901318B42EDD86168E36857
:10CAF00001EB46029A4288D1DFF85080A26801EA31
:10CB000008039A4281D0204614F02CFF05460028E5
:10CB10007FF42CAF636803EA0803A360E368A2888C
:10CB2000A3EB46039A4206D038460DF029F90123BB
:10CB30000025A37484E6204615F015F8054638460E
:10CB40000DF01EF9002DF2D07AE600BF0000FFFFC5
:10CB50002DE9F04F1D46837C91B00446029100926E
:10CB600063B9654803685B0702D0644914F01CFF91
:10CB70006FF00C06304611B0BDE8F08FC26A082194
:10CB8000104614F015FF29460190104614F010FFCE
:10CB9000E368019A0746A3EB8203AB42C0F0A8808A
:10CBA0001DB1009B002B00F0A38063680593204615
:10CBB00006AA05A9DDF814A014F041FF06460028D6
:10CBC000D8D1BDF81830029A934206D06268059B0E
:10CBD0009A42ECD1002D35D1CCE7204606A914F0BD
:10CBE000F1FE0028F2D0BDF81A90BDF81C303DB31C
:10CBF0009D4227D14FEA1A4A4FEA0A4AD144AA462F
:10CC0000E36ADDF800B01B685B4203F02003039386
:10CC1000039B4946534528BF5346204608AA9846D9
:10CC200014F05AFE00284AD14246584608A917F087
:10CC300059FD38B9BAEB080AC144C344E8D199E7B1
:10CC4000002B97D0002F3DD1B94604F1140A4FF0C4
:10CC5000FF324FF0FF3350460CF0C2FF238A9E4252
:10CC600043D0A168626809EB01039A422FD3029B6B
:10CC70002046ADF82030FF23009A8DF826302B4651
:10CC8000ADF82210ADF8245014F023FF29460746D2
:10CC9000E06A14F08DFEA3680344A36057B908A8A6
:10CCA00014F079FE204608A914F04CFF002814BFA8
:10CCB00007462F4650460DF063F83E465AE7C1DC62
:10CCC000064657E7019B1F441FFA87F9BDE7204638
:10CCD000FFF772FD07460028ECD1204614F05AFFFA
:10CCE00007460028E6D10136B8E76FF01B07E1E7F9
:10CCF0006FF015063EE700BF78E900202AB0040077
:10CD00002DE9FF471E46837C04460F469046BDF83A
:10CD100030905BB92D4803685B0702D02C4914F0B2
:10CD200043FE6FF00C0004B0BDE8F0870821C06A34
:10CD300014F03EFEE368A3EB4003B34243D3002567
:10CD4000D4F804A0CDF804A04D455146DDF804A068
:10CD500009D9636853451ED1BDF80830BB421AD0CB
:10CD60006FF00100DFE7204602AA01A914F067FE78
:10CD70000028D8D1BDF80830BB4206D1204602A910
:10CD800014F020FE08B10135ADB26268019B9A42F1
:10CD9000DAD15146E0E7BDF80C30002BE0D0A945D0
:10CDA000DED8BDF80A00090CB3424FEA014128BFA2
:10CDB000334601444246204614F08EFD0028B2D18D
:10CDC000BDF80C00AFE76FF01500ACE778E9002084
:10CDD0002AB0040030B5002289B00F490F4817F07F
:10CDE00006FC002200230024CDE906230E230C4D6F
:10CDF000CDE903344FF400622846CDE90144094BE4
:10CE0000094900940EF058F8084928460DF044FFEF
:10CE1000204609B030BD00BF79CF0100482701206E
:10CE200038220120E5D2010020D80120FCB0040006
:10CE30002DE9F047044607464FF00109DFF850801E
:10CE400014B93846BDE8F08794FAA4F5B5FA85F52B
:10CE500009FA05F32E0108EB05156FEA030A24EA27
:10CE600003042B7B002BEBD058F806301B694BB921
:10CE70004644736804222846196807EA0A0714F032
:10CE800094FFDDE7284698470028D9D1F0E700BF96
:10CE9000545C03002DE9F047DFF8D8902E4C804613
:10CEA000A9EB04038F2B0F460BD92C494FF4A67323
:10CEB0002B4A2C4814F0D7FA4FF4A671284814F0E6
:10CEC000C9FA294814F052FF064678B300252846CF
:10CED000BDE8F087237B83B12368DB680BB1204674
:10CEE0009847636883F806A023681B69B3B9636831
:10CEF00004222046196814F058FF013610344C45BE
:10CF000018D91A494FF4AC73154A164814F0ABFA05
:10CF1000174814F0A8FA4FF4AC71CFE720469847B1
:10CF20000028E4D00AFA06F31D43E6E705464FF071
:10CF3000010AE4E7CED3B8F1000FC8D0002DC5D068
:10CF40002846FFF775FF0546002FF7D000214FF464
:10CF5000A4700EF0E1FFF1E7545C030031B104006E
:10CF600004B10400427203006838012061B104007A
:10CF700082B10400645C030001480DF03BB900BFBE
:10CF8000CCEC002008B5034608462BB1044A1360D8
:10CF900000F0A8FE002008BD6FF01500FBE700BF01
:10CFA000D0E4002010B5044C237813B903480DF0E9
:10CFB00021F90123237010BD284D0120CCEC002065
:10CFC00010B50446094814F0D1FE3CB1084BD3E833
:10CFD000EF1F0139C3E8E21F002AF8D1054817F016
:10CFE00012FBBDE8104004480DF004B96038012080
:10CFF0006438012048270120CCEC002000200146A5
:10D00000034BD3E8EF0FC3E8E21F002AF9D17047C2
:10D010006038012070B5FFF7F1FF05460F4C104E48
:10D02000B44219D90F494FF403730F4A0F4814F053
:10D030001AFA0F4814F017FA4FF403710A4814F063
:10D0400009FA63685B792BB123685B6813B12946E1
:10D05000204698471034E3E7F3D370BD545C0300D7
:10D06000645C030061B1040004B104004272030077
:10D0700082B1040010B5044C04492046FEF730F993
:10D08000034B1C6010BD00BF20E900208067030037
:10D09000543801200023164A10B51370154A4FF476
:10D0A00000411360144A15481360FFF76BFFFFF748
:10D0B000E1FF00F04DFA124B124918468B4215D988
:10D0C000114940F22713114A114814F0CCF91148C4
:10D0D00014F0C9F940F227110C4814F0BBF91A1AE0
:10D0E0005C681211013222711033E7E7F7D310BDEB
:10D0F000294D01206038012064380120691D03009A
:10D10000545C0300645C030061B1040004B10400DA
:10D110004272030082B1040001460022002301484C
:10D12000FEF710B920E900200148FEF727BA00BF3A
:10D1300020E90020024B01461868FEF7B3BA00BF91
:10D14000543801200148FEF71FBB00BF20E9002032
:10D150002DE9F0413C4B1878002872D0FFF7E4FF2E
:10D16000044600285CD1394B394C1B68002B19DD73
:10D1700017F0F5F94FF47A72A0FB020302FB0131BC
:10D18000C30B43EA4143D4E900209B1A40F2E93241
:10D190004FEAD13161EB0001934271F1000101D3FB
:10D1A000FFF738FFD4E9003213F57A7342F1000239
:10D1B000C4E90032BDE8F041FFF7C4BF6B685B799A
:10D1C0003BB121784B0716D52B68214628461B68B2
:10D1D00098471035454527D91E494FF400731E4A1C
:10D1E0001E4814F040F91E4814F03DF94FF4007148
:10D1F000194814F02FF920462688C1F3C20700F021
:10D200005BFBC6F382160246002EDDD00028DBDB76
:10D2100001233946284600F07DFAB042D9D3D3E73E
:10D22000104DDFF84880D5E7C8D32046FFF782FFCE
:10D230000D4BD3E8EF1F0139C3E8E21F002A92D05B
:10D24000F7E7BDE8F08100BF284D012060380120DC
:10D250004027012061B1040004B1040042720300C0
:10D2600082B10400545C030064380120645C030054
:10D2700070B5154D297829BB0120FFF70BFE134C23
:10D28000134EB44217D9134940F2C513124A13483A
:10D2900014F0E9F8124814F0E6F840F2C5110E480F
:10D2A00014F0D8F863685B791BB1236820469B684B
:10D2B00098471034E5E7F5D3FFF74AFF0028FBD184
:10D2C00001232B7070BD00BF294D0120545C030069
:10D2D000645C030061B1040004B104004272030005
:10D2E00082B104002DE9F047374B384FFB1A1B0978
:10D2F0000AD1374940F2A933364A374814F0B3F817
:10D3000040F2A931334819E000210846FFF7C2FD79
:10D310000446A8B140F267684FF000092F4B1B7814
:10D320009BB92F4940F246332E4A2B4814F09BF804
:10D330002D4814F098F840F246312A4814F08AF843
:10D340004FF0FF384FF0FF39E8E70EF077FE274B3C
:10D35000186030B1264B1B68092B02DD25480CF004
:10D3600049FF0025DFF88CA044B12046FFF760FD9F
:10D37000044618B94FF0FF384FF0FF39FFF7E8FEC9
:10D38000064628B935B942464B4650460CF0B0FF28
:10D390003546E9E70C4D08E0F5D22B689B691BB1D7
:10D3A00000222846114698471035BD42F4D912494B
:10D3B00040F29D33074A084814F055F80F4814F01E
:10D3C00052F840F29D319DE7545C0300645C030019
:10D3D000A1B1040004B1040042720300185C0120F2
:10D3E0007EAD040053AD040091AD04005C38012013
:10D3F00064380120CCEC002061B1040082B104004B
:10D4000013B52C4814F0B2FC2B4B1B78002B35D0F5
:10D41000EFF31184202383F31288BFF36F8F274823
:10D420000FF0EAF868B98823254A2649264814F0FF
:10D430001AF82249254814F016F88821204814F0DB
:10D4400009F81E480FF0FCF8FFF782FE1B480FF0AA
:10D45000E1F868B94FF49A73194A1D491A4814F053
:10D4600002F816491B4813F0FEFF4FF49A71E5E7E6
:10D4700084F31188BFF36F8F02B010BD164B1B6889
:10D48000002BF9D050B9002200231448CDE9002325
:10D490004FF4004200230FF0E3FCEDE70928EBD145
:10D4A0000E4817F0B0F80E4802B0BDE810400CF07E
:10D4B000A1BE00BF64380120294D01205838012049
:10D4C000B9AC0400E6AC040042720300FBAC0400FB
:10D4D00011AD040028AD04005C380120482701206C
:10D4E000CCEC002010B5064B04461B68984721463B
:10D4F000A0600448FDF7EAFFBDE81040FFF780BFD9
:10D50000D0E4002020E9002008B548B906490748C2
:10D51000EF23074A13F0A7FFEF21054813F09AFF06
:10D520004368187908BD00BF41B20400427203008D
:10D5300009B20400044A054B9B1AB1EBD30F34BF68
:10D5400052F8310000207047A45B0300545C0300D4
:10D5500000210B480B4B30B51B1A0B4CDB08043079
:10D56000994200D130BD10F83120256802F0070241
:10D5700025F007052A4344F8042B0131F0E700BFEA
:10D58000A45B0300545C030060E90020F8B5064684
:10D5900000240A4F0A4DED1BED08AC4203D14FF0B9
:10D5A000FF342046F8BD57F8340020B13146EBF780
:10D5B00057FB0028F5D00134EFE700BFA45B030060
:10D5C000545C03002DE9F04715461F462D4A2E4BAB
:10D5D0008846D21AB5EBD20F0BD32C492C484FF406
:10D5E000DE732C4A13F03FFF4FF4DE71294813F02D
:10D5F00031FF00281CDA4FF0000A5446DFF8A090F3
:10D60000254EA6EB09063609B24502D12046BDE8F3
:10D61000F08709EB0A10FFF777FF3B462A464146A1
:10D62000FFF7D0FF844238BF04460AF1010AEBE756
:10D6300003EBC5031C7914B1BC4228BF3C4607224A
:10D64000164EC3B203EB430356F825009A4020EA76
:10D65000020004F0070202FA03F318430022032336
:10D6600020FA03F101F007018A4203F1030338BFF6
:10D670000A461E2BF4D120F00700104346F825007F
:10D68000C4E700BF545C0300A45B030058B204006D
:10D6900042720300C1B10400645C030060E9002031
:10D6A000545C0300F8B506460F460024074D084BAE
:10D6B000ED1AED08AC4200D3F8BD002122B23B4682
:10D6C0003046013414F060FBA4B2F3E7545C03006D
:10D6D000A45B030010B5044658B90B490B4840F24F
:10D6E00035130B4A13F0BFFE40F23511084813F012
:10D6F000B1FE43685B7913B10021FFF7D3FF00222D
:10D7000063685A7110BD00BF41B204004272030049
:10D7100009B2040038B514461D4698B1FFF7F4FE6F
:10D72000124A134B9B1AB4EBD30F0ED31149124874
:10D730004FF4D473114A13F096FE4FF4D4710F488E
:10D7400013F088FE4FF0FF30EAE755B10C4BC0B242
:10D7500053F8243000EB400023FA00F000F00700FB
:10D7600038BD02EBC4021079FAE700BFA45B0300E6
:10D77000545C030058B2040042720300C1B10400BB
:10D7800060E900202DE9F04F8FB0C1F34A2804AFC3
:10D790000D469146B8607B600C0DB8F1000F6CD05F
:10D7A00000264FF0040B4FF00A0A07F11403C7F8E4
:10D7B0000C80C7E907667E620193CDF808B0CDF80A
:10D7C00000A007F11C0332464846F968FDF788F8C7
:10D7D000B0F5006F034620D33048036813F0060FFE
:10D7E00017D06C468AB0D9F8041004AB2C4D1A46F9
:10D7F000C3E9055140F2FF71D9614FF400711984FA
:10D80000284B42F8103F4FF412513346FFF7BAFF4E
:10D81000A5462C37BD46BDE8F08FC0F30A0804F1D9
:10D820001700184420F0070080083B60FFF774FCE5
:10D8300068F35325044640B33B6800F11001C7E983
:10D84000083607F11403F961CDE900A3CDF808B05B
:10D850004846154AF96807F11C03FDF741F800280E
:10D8600013DA124912484FF4A373124A13F0FBFD66
:10D870004FF4A3710F4813F0EDFD04F1170020F0F1
:10D8800007008008FFF748FC044668F353252A4642
:10D8900020467B68B96814F0B0FABAE77CE900204A
:10D8A00088B2040004000001CD1D0300F3B204009F
:10D8B00042720300C7B20400406820B1034BC01A93
:10D8C00040F38F0070474FF0FF30704760E9002051
:10D8D0000EB403B503AB53F8042B0146044801937F
:10D8E00014F015FB02B05DF804EB03B0704700BF05
:10D8F00011D90100CA0605D48B064CBF0249034961
:10D90000FFF7E6BF704700BF07F4040065F10400AD
:10D9100038B54B6805461A68CB680C469A4202D166
:10D92000084614F0E7FA6368D3E8EF2F511CC3E808
:10D93000E01F0028F8D1A3689D5463681A68E36863
:10D940009A4209D9054906487223064A13F08BFD0D
:10D950007221044813F07EFD002038BD2BB3040073
:10D9600042720300FCB204002DE9F04F8BB09A46DE
:10D97000169B9DF854B00693179B04460593189B7D
:10D980000D469046199E0493BBF1000F00F0AE8047
:10D99000BBF1040F0BD9A44940F24D23A34AA4487C
:10D9A00013F061FD40F24D21A04813F053FD06F045
:10D9B0000103089306F00803079306F480730993A4
:10D9C00014F0E0F906F00209024600283CD0204697
:10D9D0009849FFF77DFF0746B9F1000F08D016F010
:10D9E000440F33D12A4620469349FFF771FF07447D
:10D9F000089B53B1914B204653F82B20904B9149F3
:10DA0000002A08BF1A46FFF763FF099B002B49D085
:10DA1000079B002B63D1B8F1000F65D0424620462A
:10DA20008949FFF755FF0546069B3D44002B6CD105
:10DA3000049B002B40F08180F30700F1EF8031461A
:10DA40002046FFF757FFE3E00746C5E77F4B18681E
:10DA50000028CCD07E4B4FF47A791B684FF03C0CF9
:10DA6000B5FBF3F5B5FBF0F14FF4616300FB115525
:10DA700009FB05F5B1FBF3F2B5FBF0FE03FB121158
:10DA800000FB1E55B1FBFCF309FB05F5B5FBF0F5FA
:10DA90000CFB131120460091CDE901E56D49FFF71C
:10DAA00017FFA4E7079BEBB16B4B204653F82B20E5
:10DAB0006A49FFF70DFF0546B8F1000F05D0424651
:10DAC00020466149FFF704FF0544BAF1000FABD0CF
:10DAD000524620466249FFF7FBFE0544A4E74FF09B
:10DAE000000AE1E7079DE7E745469DE7BAF1010F28
:10DAF000069B06D1DBB9049B002B00F08980002532
:10DB00001BE0002BF7D0574812E057482246069BEF
:10DB1000564913F0CDFB00280CDA554940F2A723F3
:10DB2000424A434813F09FFC40F2A7213CE74E488D
:10DB30005D46EBE7049B002B66D0DFF84881DFF8F9
:10DB40004891049F3146102F204628BF10274FF0E0
:10DB5000000AFFF7CFFE554543DC059B49462046AA
:10DB60001A78FFF7B5FE4FF0010A1AF0070F03D13C
:10DB700041462046FFF7ACFE574539D9059B49463B
:10DB8000204613F80A20FFF7A3FE0AF1010ABAF1B2
:10DB9000100FEAD14FF0000A20463649FFF798FEF1
:10DBA0005246059B20469A5C334B995C11F0970FC7
:10DBB00008BF2E223149FFF78BFE0AF1010ABAF1A4
:10DBC000100F1AD01AF0070F03D141462046FFF775
:10DBD0007FFE57455246E4D841462046FFF778FE7F
:10DBE000EBE741462046FFF773FE0AF1010AB2E770
:10DBF00020462349FFF76CFEC7E7059B3B4405938E
:10DC0000049BDB1B04939CD1BBF1000F7FF414AF8A
:10DC100020460BB0BDE8F04F14F06CB92046084A1E
:10DC20000849FFF755FE0AE75BB30400FCB20400A5
:10DC300042720300CDC4040066B30400946703007D
:10DC4000A8100400741404008BB304007038012081
:10DC50006C3801206FB30400A86703008FB3040081
:10DC600095B304001D1F030011D901000F1F03000D
:10DC70009AB30400A7B30400A3FD04000AAF040094
:10DC8000A3B3040028140400D609040042F20F7361
:10DC900073B58B4228BF0B460568044605216846CC
:10DCA0000D4A13F07CFB0646636828460B225B682E
:10DCB0000A4914F011F963683246694628465B68E0
:10DCC00014F00AF963681B2228465B68044914F0C3
:10DCD00003F902B070BD00BFA8560400C5B304002C
:10DCE000A9B3040000210123064A904206D8064A3F
:10DCF00001B901231360054B1860704701214008EA
:10DD00005B00F2E740420F006C38012070380120C0
:10DD1000014B036000207047BC67030070B5104BD7
:10DD20000D461C68B4B10F4B196800238B4202DB0F
:10DD30006FF0010070BD224612F8106B864202D0CF
:10DD400014460133F2E7E06816F0C2FA28B1002069
:10DD50002C60EFE76FF00C00ECE76FF01200E9E7E2
:10DD600010E500203C6C030010B5436888B00293B6
:10DD700083680C46CDE9033200230A68C068CDE908
:10DD80000623054901AA059315F091FA079808B9E9
:10DD9000059B236008B010BDA51F03002DE9F041CD
:10DDA0000C4B05461C680E4617467CB100F086F900
:10DDB00063682046D3F8108032463B462946C04768
:10DDC000044600F085F92046BDE8F0816FF00104BB
:10DDD000F9E700BF7438012000230360044B5A6840
:10DDE00012B9C3E90000704710605860704700BF67
:10DDF00078380120014B1860704700BF743801204B
:10DE0000002330B585B0CDE902330546019000F01E
:10DE100055F9094B1C6844B9284600F0D7F8044668
:10DE200000F056F9204605B030BD636820461B68F7
:10DE300001A998472468EEE7783801200022024BB8
:10DE4000C3E90022704700BF783801200022024B4E
:10DE5000C3E90022FFF7F2BF803801202DE9F74324
:10DE600007460C4609B100230B600026254DDFF85C
:10DE7000AC904D4524D924499D23244A244813F0CD
:10DE8000F2FA244813F0EFFA9D21204813F0E2FA49
:10DE9000D5F800803846414601AA14F0C1F850B1C7
:10DEA00016B954B92E4606E000224046316814F0F7
:10DEB000B7F80028F5D11835DBE7019B2360F1E7BF
:10DEC000E6D3154B1D68C5B155F8188C3846414648
:10DED00001AA183D14F0A4F850B116B954B92E4651
:10DEE00006E000224046316814F09AF80028F5D187
:10DEF000AD69E8E7019B2360F1E7304603B0BDE878
:10DF0000F08300BFA85C03001FB40400EDB304005D
:10DF10004272030082B1040080380120A85C030033
:10DF20002DE9F04784B002AFD7F8289004460D469B
:10DF3000164698467860B9F1000F07D0D9F800105E
:10DF400051BBD9F804A0BAF1000F2CD12046391DDD
:10DF5000FFF784FF28B34346D0F80C903246294699
:10DF60007868C8470346E0B115480268520718D0E0
:10DF70006D468AB002AAD3614FF40073114913842D
:10DF8000114BC2E9051442F8103F00234FF4115120
:10DF9000FFF7F8FBAD4604E03A1D14F041F8002805
:10DFA000CFD1002007E0D9F8083032460093294647
:10DFB00043467868D0470837BD46BDE8F08700BFC4
:10DFC00094E9002047B40400040000012DE9F04763
:10DFD00080464FF000470026DFF8D890DFF8D8A041
:10DFE0003D462F4C4C4530D92E494FF489732E4A6B
:10DFF0002E4813F038FA2E4813F035FA4FF4897191
:10E00000294813F027FA2F46EAE7B8F1000F03D1A9
:10E0100022694AB91834E5E700224146206813F026
:10E02000FFFF0028F4D1F5E76368BB4205DDAF428E
:10E0300009D09D42A8BF1D46ECE7EBD19047002ECA
:10E0400008BF0646E6E71D46E4E7DED3DAF80040FF
:10E0500004B3183CB8F1000F03D122694AB9A4698E
:10E06000F6E700224146206813F0DAFF0028F4D1D9
:10E07000F5E76368BB4205DDBD4209D09D42A8BFFC
:10E080001D46ECE7EBD19047002E08BF0646E6E7B9
:10E090001D46E4E7AF42B6D13046BDE8F08700BF89
:10E0A000A85C03001FB40400EDB304004272030037
:10E0B00082B10400A85C0300803801204FF0FF32D9
:10E0C0004FF0FF3301480BF08BBD00BF58EB002031
:10E0D00001480BF055BE00BF58EB0020F8B50546CF
:10E0E0000F461F4C1F4EB44213D91F492D231F4A00
:10E0F0001F4813F0B8F91F4813F0B5F92D211B483C
:10E1000013F0A8F921682868EAF7AAFD20B31834AB
:10E11000E9E7F7D3184EFFF7D1FF346844B1286818
:10E1200054F8181C183CEAF79BFD90B1A469F5E778
:10E1300000226F60AA61726805F1180332B9C6E95E
:10E1400000330024FFF7C4FF2046F8BD136073605E
:10E15000F7E76FF01004F5E76FF01004F4E700BF85
:10E16000A85C0300A85C03001FB40400EDB3040026
:10E170004272030082B104008038012038B5094D95
:10E18000FFF79CFF2B783BB9FFF760FE00F06AF8C1
:10E19000044610B901232B700024FFF799FF204695
:10E1A00038BD00BF2A4D01202DE9F04706468946BB
:10E1B000048FDFF8ACA0013498B0A4B200F10807D6
:10E1C000651EADB2B5F5004F47D04A23294605AAD2
:10E1D000384613F0B0FD04F57F543F34A4B28046B6
:10E1E0002146012338460DF10B0213F0A4FDB8F1CE
:10E1F000000F014610DC002810DC338FAB4209D140
:10E2000032466B1E22F8383F4FF400410223384655
:10E21000FEF79EFC2C46D3E7002808DC294638464A
:10E2200013F085FD2146384613F081FDE5E708F13E
:10E2300060030DEB03080023524608F84C3C05A888
:10E24000CDF8009003AB0397ADF81040FFF768FEE0
:10E250000028DFD018B0BDE8F0870020FAE700BF43
:10E26000732003007FB50123694605200193FFF762
:10E2700055FD044660BB052002AA01A913F0B4FEB7
:10E28000044610B110F10C0F22D10399B1F5803F73
:10E2900023D200231846009A9468084484421AD373
:10E2A0000133082BF9D10E4D69612B835368284641
:10E2B000AB60D368EB6313F074FF044640B9094EBA
:10E2C00028466E60FFF788FD28466E60FFF792FDD6
:10E2D000204604B070BD9BB2E5E76FF02004F7E77D
:10E2E00088380120D4E4002010B5044615F07CFCE9
:10E2F00003490246204614F0DAF8002010BD00BFA2
:10E3000083B404001346002273B5044601920A2127
:10E31000586801AA14F05AFA019D95B920EAE074F0
:10E320004FF40046294640F2E7304FF47A7200235A
:10E33000C4FB0601EAF75CFC0DF0EEFD284602B0D6
:10E3400070BD2A462046024914F0CDF8019DF5E73C
:10E35000AFB4040008B5034A034914F0A8F800203C
:10E3600008BD00BF96B504009DB5040030B585B06A
:10E37000054601A90F4812F08BFF044648B102463A
:10E380000D49284614F0AFF86FF00704204605B099
:10E3900030BD2846019A094914F089F82846029AA6
:10E3A000074914F084F82846039A064914F07FF8C8
:10E3B000ECE700BF98EA0020C0B50400F7B5040000
:10E3C0000CB6040021B60400F7B517460023054635
:10E3D0000A2101AAB868019314F0F8F91749C6B2E6
:10E3E000284614F072F8019C44B12246284614498C
:10E3F00014F079F8019C204603B0F0BD042E09D931
:10E40000324628460F4914F06EF8284614F079F881
:10E410000124F0E77868FFF7B9F8021E07DA28460A
:10E420007A68094914F05FF86FF01504E3E73346A2
:10E430002146204612B213F0A7FCDCE754B60400D4
:10E44000BAB60400E1B60400F8B60400002307B52C
:10E450000090694604488DF8043016F05FF89DF886
:10E46000040003B05DF804FBE521030010B5044689
:10E4700006F024FC07490246204614F018F820460E
:10E48000054914F014F82146044816F04AF8002013
:10E4900010BD00BF57B7040076B70400A1E4010027
:10E4A000F0B58FB004460D46D0F8AC7015F0D2FF31
:10E4B00006462A4B1B7873B9294940F24633294A4C
:10E4C000294812F0D0FF294812F0CDFF40F2463122
:10E4D000244812F0BFFF0DF0B1FD254B2549002E59
:10E4E00008BF1E46244A2346844218BF0A460096A7
:10E4F0002846224913F0DBFFD4E90A23CDE90023A3
:10E50000284694F90E30227B1D4913F0D0FF06A94E
:10E51000202220460CF0D0FB236F024619492846E2
:10E5200013F0C5FF204605A915F0A2FF024628B149
:10E530002846154913F0BBFF0FB0F0BD6422059BC0
:10E540002846F91A4A43B2FBF7F20091CDE901726D
:10E550000E493A4613F0ABFFEEE700BF185C01200E
:10E560007EAD040053AD04004272030091AD04007F
:10E5700080B704002814040067D1040083B70400A6
:10E580008FB70400BBB70400D2B70400FFB7040084
:10E5900070B5054690B01C22002109A808AE16F0FF
:10E5A000D8F81A222021304616F0D3F8294616480A
:10E5B00015F0B7FF4FF48051144807AA15F04CFF2F
:10E5C000044648B1124913485023134A12F04BFF36
:10E5D0005021114812F03EFF6423079A0096C2F5BD
:10E5E00080514B431B0B05934FF48053CDE903132C
:10E5F000CDE9013209490346044A284613F057FF82
:10E60000204610B070BD00BF21E6010020080220A6
:10E6100037AE0400427203004BB8040092B8040005
:10E6200070B504460D46D0F8AC6088B007A915F067
:10E630001FFF024628B128460E4913F038FF08B0E4
:10E6400070BD204615F006FF6422079B0096F11A64
:10E650004A43B2FBF6F2CDE90131074BCDE9036243
:10E66000002818BF034622462846044913F01FFF1E
:10E67000E5E700BFD2B7040080B70400DBB80400B0
:10E6800038B5134605461022002158680FF0B8FE31
:10E690000446FFF7DBFE38B922462846154913F039
:10E6A00022FF6FF0150038BD134B1B7873B9134967
:10E6B00040F24633124A134812F0D5FE124812F0C7
:10E6C000D2FE40F246310E4812F0C4FE0DF0B6FC08
:10E6D000844204D128460D4913F005FFE1E72046A6
:10E6E0000CF0E4FD28462246094913F0E0FE002024
:10E6F000D9E700BF3FB90400185C01207EAD0400DB
:10E7000053AD04004272030091AD04005AB90400F5
:10E7100082B9040038B51346054610220021586816
:10E720000FF06EFE0446FFF791FE38B922462846E8
:10E73000154913F0D8FE6FF0150038BD134B1B7848
:10E7400073B9134940F24633124A134812F08BFE54
:10E75000124812F088FE40F246310E4812F07AFE5E
:10E760000DF06CFC844204D128460D4913F0BBFE29
:10E77000E1E720460DF046F928462246094913F004
:10E7800096FE0020D9E700BF3FB90400185C0120C5
:10E790007EAD040053AD04004272030091AD04004D
:10E7A000C1B90400E7B9040038B513460546102284
:10E7B000002158680FF024FE0446FFF747FE38B9E1
:10E7C00022462846154913F08EFE6FF0150038BD1D
:10E7D000134B1B7873B9134940F24633124A13485E
:10E7E00012F041FE124812F03EFE40F246310E4851
:10E7F00012F030FE0DF022FC844204D128460D496F
:10E8000013F071FEE1E7204603F0B0FA28462246F5
:10E81000094913F04CFE0020D9E700BF3FB90400BE
:10E82000185C01207EAD040053AD04004272030069
:10E8300091AD040022BA040047BA040010B50C469A
:10E84000002113F078FF00B100680023024A206025
:10E85000C4E90123E36010BD67BB040010B50C469A
:10E86000002113F06CFF00B100680023024A206011
:10E87000C4E90123E36010BD67BB040070B5064620
:10E880005068154613F05FFF044640B930466A6889
:10E890000F4913F028FE6FF01204204670BD15F0EA
:10E8A00017FD30B16A680B49304613F0F2FD0024C1
:10E8B000F3E7204615F003FD044630B103466A68CD
:10E8C0003046054913F00FFEE7E76A680349EBE7B6
:10E8D0007FBA040094BA0400B6BA0400E3BA040094
:10E8E0002DE9F04F8FB0044601A80F4690460AF07C
:10E8F00023FC019B082103EB401B2B4A204613F00D
:10E90000BBFD019D5D4503D300200FB0BDE8F08F36
:10E910002E680EB1337833B92B463021234A02A832
:10E920000FF0F8FB02AE022F07D13046D8F80410E2
:10E9300016F07FF808B92035E4E733460821204671
:10E940001B4A13F099FD284615F0C2FC194A1A4BD0
:10E950000821002808BF13462046184A13F08CFDF2
:10E96000EB69002BE7D01E68002EE4D03368002B43
:10E97000E1D008212046124A13F07EFDB2464FF046
:10E98000000933680F4A4B4505D8082120460E4A36
:10E9900013F072FDCFE7082120465AF8043F13F028
:10E9A0006BFD09F10109ECE716BB040020BB040074
:10E9B00025BB04000DBB040007BB04008DBA040096
:10E9C0002ABB04007314040007F404001FB50C688C
:10E9D000D1E9043203944C68013302948C6802F24A
:10E9E0006C720194C9680091024913F060FD04B093
:10E9F00010BD00BFB1BB0400F7B5137806463A2B33
:10EA00000F46154614D1541C23783A2B28D10134D3
:10EA10000A22204601A90FF077FC019A0346A24280
:10EA2000386017D01078A8B93C2B15D915490EE0DD
:10EA30000A22284601A90FF067FC019CB860AC428D
:10EA400008D023783A2B05D1172807D90E4930462C
:10EA500013F049FD6FF0150003B0F0BD0134D3E7AA
:10EA60000A22204601A90FF04FFC019B7860A342C7
:10EA7000F0D01A783A2AEDD13B2801D90349E6E7CC
:10EA80005C1CC5E7F0BB0400D2BB0400E0BB040083
:10EA90002DE9F0410D4690B002A904460120174629
:10EAA000FCF76EFA07A902A80EF020FC032D55D141
:10EAB0007D680A22284601A90FF026FC019E8046A7
:10EAC000B54215D032782D2A12D101360A223046AD
:10EAD00001A90FF019FC019B9E4209D01A782D2A3A
:10EAE00006D1451E0B2D0CD92849204613F0FBFCFE
:10EAF000204613F006FD6FF01505284610B0BDE85E
:10EB0000F0815E1C0A22304601A90FF0FDFB019B3B
:10EB10009E42EDD01B78002BEAD1431E1E2B01D95B
:10EB20001B49E2E7A8F26C73CDE90B53BA680A906F
:10EB3000204607A9FFF760FF0028D9D107A812F0E7
:10EB4000A3FDB1F1FF3F08BFB0F1FF3FCDE90201E6
:10EB500008D120460F4913F0C6FCCCE7022DC7D1DF
:10EB60007A68E5E700230493012002A9FCF75CFA28
:10EB7000054628B102460849204613F0B4FCBAE71E
:10EB8000204607A9FFF722FFB7E700BF00BC04003B
:10EB90000FBC04001CBC040045BC04002DE9F0417E
:10EBA0001446884607461022002160680FF028FCB2
:10EBB000B8F1020F064606D820223846234913F042
:10EBC00076FC326815E00A220021A0680FF018FCDC
:10EBD000C5B22A4638461D4913F069FCB8F1030F47
:10EBE00019D1102D0CD0202DEBD0082D0BD132785F
:10EBF000D2B200233846164913F059FC002008E031
:10EC0000328892B2F5E73846124913F050FC6FF0A3
:10EC10001500BDE8F0811022E06800210FF096FC9D
:10EC20000B46024604460C49384613F040FC102DB2
:10EC300006D0202D07D0082DE5D1E4B23470DDE7F1
:10EC4000A4B23480DAE73460D8E700BF8ABC04009D
:10EC5000B5BC04009FBC0400C8BC040000232DE91F
:10EC6000F04F91464FF0FF35012287B001934F4B93
:10EC7000074688461A602026FCF7AEFE2C46DFF8D1
:10EC800048A1494652464046FCF7CEFE411C06D1FB
:10EC90006A1C41D14649384613F025FC17E0732819
:10ECA0001AD0772828D0612811D1DFF820B110219F
:10ECB000DBF8000001AA13F089FD019B0546002B3B
:10ECC000DFD0DBF800203B49384613F00CFC6FF036
:10ECD000150007B0BDE8F08FDFF8F0B00021DBF8D9
:10ECE000000001AA13F072FD019B0446002BC8D05E
:10ECF000DBF800203049E7E7DFF8D0B00021DBF88F
:10ED0000000001AA13F062FD019B0646002BB8D05B
:10ED1000DBF800202949D7E7631C01D12849BAE76D
:10ED20005FFA86F8C6F3C406002C3CD002AB284636
:10ED30001A46A6EB050C0CE0B8F1100F1DD0B8F187
:10ED4000200F20D0B8F1080F28D101781970304475
:10ED50003344A64203D80CEB00011029ECD9102C47
:10ED6000A14628BF4FF0100929464B46384601F00E
:10ED7000CFF91035A4EB0904D6E7018889B21970E0
:10ED8000090A5970E3E70168C1F3072E1970090CED
:10ED90009970090A83F801E0D970D8E73846094923
:10EDA00013F085FB93E7204693E700BFC4E40020FF
:10EDB0001FBD0400DEBC0400F1BC040004BD04005F
:10EDC0003CBD04009FBC040018BD0400483801206D
:10EDD00070B5104E04460D46337871B123B10E491B
:10EDE000BDE8704013F07FBB0123337020460B4910
:10EDF00013F05DFB0123337004E083F001033370F3
:10EE0000002BF3D129462046BDE87040002201F0D6
:10EE10001DBB00BF2B4D012056BD040091BD040059
:10EE20002DE9F04105460C46DFF808813A4E8F186F
:10EE3000A74201D1BDE8F08198F8002014F8013B09
:10EE4000182A22D1112B20D10026344C28462268C2
:10EE5000334988F8006013F02AFB28463146FFF753
:10EE6000B7FF304B18780028E4D12F4A2368116887
:10EE7000042B2EDC08B12360116013F003012FD1A5
:10EE8000126813681BBA1360D4E7A3F13002092A91
:10EE900088F8003004D923F02002413A052A04D82A
:10EEA0003168224A5354013131603368022BBFD19B
:10EEB000102200211D480FF0A3FA1D4A136803F821
:10EEC000010B1360154A136801331360002333608C
:10EED000AEE70868043B00BA41F8040B0120C7E71D
:10EEE0005B4203F0030358BF5942022904D1126860
:10EEF00013885BBA9BB2C6E703299BD110680268EE
:10EF00001104C2F3074301F47F010B4302F47F4273
:10EF1000134303608EE700BFC8380120CC380120BE
:10EF2000BBBD04002D4D0120D03801202E4D012005
:10EF3000D43801202C4D01202DE9F84F002306463E
:10EF400015460C462949DFF8BC800B602849DFF8DC
:10EF5000B890DFF8B8B088F800300B60012C2F466D
:10EF600055F804AF1ED902224946504615F030FD2F
:10EF700080B99AF80220003A18BF01229244504604
:10EF800002221C4915F024FD30B9012388F8003015
:10EF9000013CE3E70022F1E749465046E9F760FE0D
:10EFA000A8B904370022786811460FF029FA002228
:10EFB000114B1146186078680FF022FA0F4B104978
:10EFC00018603046FFF704FF0020BDE8F88F9AF87C
:10EFD00000202D2AE6D19AF80120002AE2D05246DC
:10EFE0005946304613F063FAD2E700BFC838012013
:10EFF000CC380120D5BD0400D4380120D038012000
:10F0000021EE01002D4D012078030400D8BD04003D
:10F0100007B50A4815F05CF960B10423084A00936B
:10F02000126801230549074801F028F9002003B0C0
:10F030005DF804FB6FF01200F9E700BF1057030002
:10F04000D8680300A85C030010B54468C4E9001246
:10F05000A36042684FF40071134653F8404B51636C
:10F060005362002302F13801C2E904130821C2E906
:10F070000A33C2E9063313631162C2F87832A36817
:10F0800023B11B6C13B1204604499847A3681B6A3F
:10F090000BB120469847002010BD00BFA1F0010031
:10F0A0002DE9F34705460C468368DB6B03B19847AF
:10F0B000AB68DB6A002B31D1002704F1240804F18E
:10F0C0002809218E238D626B5B1A9BB2D31A93425F
:10F0D00028BF13464946404601AA12F0ADFB8246BE
:10F0E000002845D0AB6801991B69002B3CD0024633
:10F0F00028469847061E18BF012732464946404613
:10F1000012F0D0FB00284BD038496F23384A3948D9
:10F1100012F0A9F96F21364812F09CF92846984759
:10F120000028C9D1AB68DB69002B3ED1628BE38A32
:10F1300004F110079B1A226A9BB2934204F11A0849
:10F1400028BF13464146384601AA12F075FB064611
:10F15000002831D1284613F06DF8C4F878620120F8
:10F16000D4E90131984724E06FF057060127C4E73E
:10F170002148036813F0060F03D002211F4A12F042
:10F180008CFEAB681B6923B1012228460DF10301F7
:10F190009847002FC6D0D4E9013100209847C1E735
:10F1A000002EF6D056458CD0F3E728469847002825
:10F1B000BCD102B0BDE8F087AB680199DB688BB1C8
:10F1C00002462846984702464146384612F06AFBF6
:10F1D0000028C4D00549BB23054A064812F043F96C
:10F1E000BB2198E76FF05702EEE700BF37AE04008F
:10F1F0003ABF0400427203009CE9002070BF040083
:10F2000000487047A85C030010B5044681681831B7
:10F2100001F0DAFEA1682046BDE81040014A18312D
:10F2200001F05ABEB2BF040008B50B4B1B7873B98E
:10F230000A4940F246330A4A0A4812F014F90A48C9
:10F2400012F011F940F24631054812F003F9BDE819
:10F2500008400CF0F3BE00BF185C01207EAD040036
:10F2600053AD04004272030091AD040038B504466A
:10F2700058B91E4940F20D531D4A1E4812F0F3F8CA
:10F2800040F20D511A4812F0E5F883680BB142685C
:10F290004AB9194940F20E53154A164812F0E3F8DC
:10F2A00040F20E51EEE7D3F87C38DB071BD4C0697F
:10F2B00013F020FD606803685B689847054620B935
:10F2C000E06813F07EFEA3681D75A3685B6C13B144
:10F2D0002946204698470022A368C3F8A028FFF7D4
:10F2E000A3FF02F043FD6FF00F05EEE74286030037
:10F2F000C0BF040042720300E8BF0400014913F0DC
:10F3000014B800BF07F404002DE9F04FB9B004466B
:10F31000A42200210FA815F01CFA00230493A3686F
:10F3200020465A33039313F017FB204613F099FA43
:10F3300010B96069FFF7E2FF00274FF0FF38B946C8
:10F340003D463E46BA46A06814220021183015F00A
:10F3500000FA204601F0DAF9A168E068B1F854201B
:10F360005A3113F0F3FD0DF13C0B0297049B012B76
:10F3700000F09C80282D40F09580022B40F0968074
:10F380000121724B724A0FE059460223039A04A8E6
:10F3900001F092F85BF8042F04990346039231B10F
:10F3A00001290AD148B16B4A204601F053FB6FF0A6
:10F3B0000705284639B0BDE8F08F2DB35BF8040C83
:10F3C00013F013FD98B167B1A5680B9718350AAE15
:10F3D0000FCE0FC533682B602046FFF715FF0125C0
:10F3E000E7E7012120465C4A01F034FBDFE7029B9E
:10F3F000C3B108F1FF38FEB9049BB8F1000F01D189
:10F40000022BB3D10135B1E7029B5BB108F1FF38A4
:10F4100096B9A368DB6A002B3BD0DB68002B38D0A1
:10F42000002633E050465BF8041C05AA13F035F9BA
:10F4300008F1FF38064638B3F368ABB1B646A368A7
:10F4400003F1180CBEE80F00ACE80F00DEF8003046
:10F45000CCF80030B36833B9737CFE2B04BF96F848
:10F46000108008F1FF38A946D6F804C0BCF1000F9F
:10F4700008D0B6460AAFBEE80F000FC7DEF800306E
:10F480003B606746B246B7E7002DC2D00123029326
:10F49000B2E7324B0121009320460F9B304A01F026
:10F4A000D9FABDE7B8F1000F7FF46EAFBAF1000FE3
:10F4B0000AD09AF81130FE2B06D138AB03EB850346
:10F4C00053F8A43C03B10135A068436A53B9002F37
:10F4D0003FF46DAFC369BB423FF47EAF0B9700F1C1
:10F4E000180574E790F82830A5EB0905BBB14FF675
:10F4F000FF7290F82910FF2918BF0A469D4202D3D7
:10F5000013449D420BD9836901212046154A01F01D
:10F51000A1FA2046FFF778FE6FF0150549E70121B3
:10F5200012F047FFA06812F038FFA3680FAA29461F
:10F530005B6A02EB8902204698470546A06812F0F4
:10F5400030FF0021A06812F034FF32E743C004000E
:10F550008BE60400FDBF040011C004002FC00400AE
:10F560000AC5040067C00400F7B5044680680D466C
:10F57000D0F87C385A0705D5002112F025FFE06845
:10F5800013F0B6FCE368DB6873B9002D3BD0A668C6
:10F5900006F15A07384612F0D5FE002835D0394614
:10F5A00006F25A4015F00CFAA2682946E0680DF1FF
:10F5B00006035A3213F09FFC58B9A06800F25A4172
:10F5C0005A3015F0FDF9A0685A3012F0BBFEADF8C4
:10F5D0000600204613F0B9F9A368D3F878389B06E3
:10F5E00003D50B49606912F0A0FE204601F048F9EE
:10F5F000A268BDF806302046A2F85630A268A2F8EC
:10F60000543013F045F903B0F0BD86F85A04CBE747
:10F610004063030040F2FF332DE9F04F0446806859
:10F62000C3B0B0F854209A4273D00025B0F85620E9
:10F6300000F15A0100F25A4015F064F8A36819A9C4
:10F64000B3F8562009A8134483F85A54A268282313
:10F6500002F25A4200F030FF0999282959D842ABEA
:10F6600003EB810343F8A45CA368B3F85620002A97
:10F6700038D100293FD100250895089B42AA02EB0A
:10F68000830353F8A4AC0026504612F05BFEB34649
:10F690008146B04637463946284614AA00F0E8FFAE
:10F6A0000346002838D1012E7DD1089B42AA02EBE7
:10F6B000830353F8A40C12F045FEA26806464146A7
:10F6C0002846183200F0D4FF00283CD1A4494FF45A
:10F6D000B673A44AA44811F0C6FE4FF4B671A1480F
:10F6E00011F0B8FE0029C6D0134493F859309F4A50
:10F6F000D35C1A0702D40129BDD0013900200AAB1E
:10F700000093019008AB19AA12F0F2FF05460028F9
:10F71000B3D143B0BDE8F08F1B684A465146184646
:10F72000039315F055F960B9039B1846E9F7A2FA5F
:10F73000584538BF5846002E08BFB8461FFA80FB10
:10F7400001360137A7E70568284612F0FBFD86421F
:10F7500005D0821B92B22046A91913F0A6F9A06821
:10F76000824AB0F85630034493F85A30D15C11F015
:10F77000080113D1D0F87838DB070AD512F02EFE35
:10F780002046202101F0A0FA0121A06812F026FEF7
:10F79000BFE72021204601F097FABAE70121204671
:10F7A00013F0AAF8B5E70490B3D9089A42AB03EB7B
:10F7B000820252F8A43C1846039312F0C3FD049B46
:10F7C000A268CDE904860690A2F84030A2682846D7
:10F7D0000499183200F04CFF48B9614940F2B51362
:10F7E000604A614811F03FFE40F2B51177E7049B93
:10F7F000D0F800A001330493039BD4F80890FBB128
:10F80000BAF1000F1FD019465046069A15F0E0F8DD
:10F810000028DBD1564812F095FDB9F83A2000EBEC
:10F820000B07BFB2121A92FBF7F292B2002A33D141
:10F83000504995234B4A4C4811F015FE95214EE74F
:10F84000BAF1000FE6D10023A9F84030059B013B37
:10F850000593BBD16069FFF751FD204601F06CFABA
:10F86000089B42AA02EB830353F8A40C12F06AFD32
:10F87000414681460FAA284600F0FAFE08F1010A27
:10F88000074678BB3C4940F2D113364A364811F05E
:10F89000EAFD40F2D11122E75046079212F052FDE4
:10F8A000B9F84010079A3F1A481CA9F84000B1FB6C
:10F8B000F2F002FB101189B2BFB261B906212046F5
:10F8C0002B4B2E4ACDF800A001F0C4F83946204653
:10F8D00000F082FFBAE7534606212046284A01F08D
:10F8E000B9F8F3E7A068396840F2FF3200F25A40F5
:10F8F00015F080F83B684FF6FF77B8460393514602
:10F90000284614AA0AF1010B00F0B2FED8B1002279
:10F91000A168036801F2594111F801EF985C704544
:10F9200003D110B101324245F6D1B9F1000F01D037
:10F930004A4506DBBA42A8BF3A46013E012E97B2BD
:10F9400001D0DA46DBE7002F3FF4E3AE0399A7EBE3
:10F950000902204692B2494413F0A7F8D9E600BF45
:10F9600082C00400C0BF040042720300A3FD040073
:10F970002714040097C00400AAC00400A4C0040017
:10F9800074140400022210B5836804461A75836853
:10F990009B6CBBB912F0A8FC8368D3F87C38DB04FD
:10F9A0000BD50321084B094A01F054F8A0686FF405
:10F9B000805100F67C0012F0ADFC2046BDE81040FE
:10F9C00001F0BAB910BD00BFB0C004007414040047
:10F9D000F0B5044687B058B9B24940F2E653B24A8E
:10F9E000B24811F040FD40F2E651AF4811F032FD4F
:10F9F000806848B9AE4940F2E753AB4AAB4811F0D2
:10FA000032FD40F2E751F0E7012100F67C0012F0F0
:10FA100076FCA3681B7D022B28D100230193A368E9
:10FA20006068D3E9126703681D6901AB46B3102211
:10FA300002A9A847019BCBB10121A06812F0B9FC33
:10FA4000A06812F0AAFC3B46019A02A92046B047E2
:10FA5000A06812F0A6FC0021A06812F0AAFCA3681E
:10FA60009B6C002BDBD12046FFF78CFF6FF0010170
:10FA7000A06800F67C0007B0BDE8F04012F04ABC78
:10FA800001220DF10301A847019B002BEED09DF947
:10FA900003109DF803300029A268C0DB517D0329C3
:10FAA00000F2BD81DFE811F004003B015301BB010E
:10FAB0000D2B57D00A2B33D0B2F87C18092B6FF3DB
:10FAC000CA01A2F87C1865D015D8002B5ED0082B8F
:10FAD0006CD07848591CC9B2415CA26811F0970FEC
:10FAE00070D01046012112F06FFC20469DF80310E3
:10FAF00001F0EAF84AE01B2BA06845D07F2BE8D143
:10FB0000D0F878389D0741D5012112F05DFCA3683B
:10FB1000D3F87838180751D4204612F0C8FF35E0E2
:10FB2000D2F87C18C1F3C70129B1D2F87C18C1F30F
:10FB3000C7010A29CDD1B2F87C1863F3CA01A2F833
:10FB40007C18A568B5F85410C1B9284612F03CFCE1
:10FB5000E06813F0CDF96069FFF7D0FB2046FFF7AE
:10FB600011FF5CE7D2F87C18C1F3C7010029E2D08D
:10FB7000D2F87C18C1F3C7010D29DBE72046FFF757
:10FB8000C3FBC5F8A408E9E701234375606912F0D7
:10FB9000D2FC44E7A068D0F878389F07F6D5012159
:10FBA00012F012FC2046FFF735FDEFE7A068D0F811
:10FBB00078389E07EAD5012112F006FC204612F0A3
:10FBC00095FFE3E7D2F878188907DFD5013B162BBC
:10FBD000DCD801A151F823F0EDFD010035FC010056
:10FBE0003DFC010019FB0100E1FD010061FC010089
:10FBF0008DFB01008DFB01008DFB01008DFB0100E1
:10FC000069FC010071FC01008DFB01009BFC0100FF
:10FC10008DFB0100C1FC01008DFB01008DFB01008B
:10FC20008DFB0100C5FC0100E5FC01008DFB01001E
:10FC30000FFD0100204612F098FEA7E7204612F0C3
:10FC40008BFE204612F00DFE10B96069FFF756FBDF
:10FC5000A068012112F0B8FB2046FFF793FE95E75C
:10FC6000204612F08BFE91E7204612F092FE8DE7BF
:10FC7000D2F878389F0603D50F49606912F055FB1A
:10FC8000A368D3F878389E0603D50C49606912F052
:10FC90004CFB204601F050F878E700212046FFF7A2
:10FCA00063FC73E742860300C0BF04004272030096
:10FCB000F4C00400A2FD0400456303004A6303008E
:10FCC0000121EBE7E06983681B79012B02D113F076
:10FCD00011F85BE7022B7FF459AF2146126D12F049
:10FCE000F2FF53E7204612F030FE204612F0FCFAF5
:10FCF0000121A06812F068FBA368D3F878389D064C
:10FD00007FF544AF4749606912F00FFB3EE720469C
:10FD100000F006FF0121A06812F056FB36E75B2BCE
:10FD200002D10223537531E7D2F87828900706D51F
:10FD3000622B08D14FF0FF31204600F063FD002216
:10FD4000A3685A7522E7662BF9D10121F4E7002157
:10FD50005175A268D2F8781889077FF560AE313BFB
:10FD60001B2B3FF613AF01A151F823F0E9FD010071
:10FD7000F5FD01000DFE0100DDFD01008DFB010020
:10FD80008DFB01008DFB01008DFB01008DFB01004F
:10FD90008DFB01008DFB01008DFB01008DFB01003F
:10FDA0008DFB01008DFB01008DFB0100C1FC0100FA
:10FDB0009BFC010061FC010035FC01008DFB010092
:10FDC000E1FD01008DFB0100EDFD01008DFB010057
:10FDD0008DFB01008DFB0100F9FD0100032353752C
:10FDE000204612F0B9FDD1E603235375204612F0E8
:10FDF000ACFDCBE603235375A068D0F8781801F06A
:10FE0000010181F0010112F0E9FABFE60323537505
:10FE1000A368D3F878389B077FF5B8AE7CE600235B
:10FE200080E700BF4063030010B5044658B9254978
:10FE30004FF4B563244A254811F015FB4FF4B56122
:10FE4000214811F007FB83681BB142680AB10268C0
:10FE50004AB91F4940F2A9531B4A1C4811F003FB41
:10FE600040F2A951ECE71A7D012A28D1D3F87C2869
:10FE7000510408D5D3F87828520704D401461A6DE6
:10FE8000C06912F020FF4FF480420023A06812F0F6
:10FE9000B4FA10B96FF00F0010BD0821204600F031
:10FEA0009BFD6069FFF72AFA2046FFF76BFD2046AD
:10FEB00000F05AFFA06812F070FA0020ECE76FF033
:10FEC0008500E9E742860300C0BF040042720300D8
:10FED000FCC004002DE9734304468068154600F613
:10FEE0007C00002939D04FF4804112F008FAA36851
:10FEF00000211D65606803689B68984790BB204699
:10FF0000FFF792FF70BB4FF0FF384FF0FF39174DEE
:10FF1000174EA06800F5086000220721CDE900898E
:10FF200014F0B2FBA06812F03CFA2A4604212046E5
:10FF300012F086FA32460121204612F081FA20465C
:10FF400002210C4A12F07CFA606803685B6903B115
:10FF50009847A06812F021FADBE76FF4804112F0B5
:10FF6000D9F9C4E702B0BDE8708300BF6DF20100AB
:10FF7000D1F90100512303002DE9F0410F46164647
:10FF80009846044658B9484940F20E63474A4848E3
:10FF900011F069FA40F20E61444811F05BFA14F076
:10FFA00053FA60B1434940F20F63404A404811F0B0
:10FFB0005AFA414811F057FA40F20F61ECE7A56890
:10FFC0004DB93E494FF4C263384A394811F04BFAF3
:10FFD0004FF4C261E0E7D5F87C381B050FD4FFF77A
:10FFE00023F9D5F8A038834209D1354940F211638D
:10FFF0002E4A2F4811F037FA40F21161CCE76369BD
:020000040002F8
:100000004BB9304940F21363284A294811F02BFAC2
:1000100040F21361C0E74EB92B4940F21463234A02
:10002000234811F020FA40F21461B5E72B7D022B32
:1000300007D005F67C004FF48051BDE8F04112F086
:100040005EB94FF480420023284612F0D6F948B337
:10005000A368D3F87C28100508D49A6C32B9D3F879
:100060007838990602D5204612F0A1FC4346324664
:100070003946204612F0B9FCA368D3F87C28120553
:1000800008D49A6C32B9D3F878389B0602D520464A
:1000900000F052FE606912F04EFAA068BDE8F0412F
:1000A00012F07BB9BDE8F08142860300C0BF0400B6
:1000B00042720300B7C4040027C10400F4C0040066
:1000C00042C104007EC104008EC1040010B5044684
:1000D0000A4912F0ECF92046094912F0E8F92046E5
:1000E000084912F0E4F92046074912F0E0F92046E9
:1000F0000021064A00F0F0FE002010BD92C104006D
:10010000D0C104002FC2040083C204001EC3040037
:10011000F8B517461E46044658B93049304840F2F3
:100120006563304A11F09FF940F265612D4811F086
:1001300091F90A462C4912F0BAF93EB320463A78B2
:100140002A4912F0B4F901256A0703D1204628494B
:1001500012F0ADF9AE421ED920467A5D234912F065
:10016000A6F90135102DEFD12046224912F09FF952
:10017000B6B920461E4912F09AF90125AE422B4627
:1001800010D820461A4912F092F916E020461A4972
:1001900012F08DF901252046174912F088F9E0E7A1
:1001A00000252B46FA5C154B20469B5C144913F046
:1001B000970F08BF2E2212F07AF90135102D06D0C4
:1001C0006B07DBD120460A4912F071F9D6E72046C9
:1001D000BDE8F8400B4912F06AB900BF428603003F
:1001E00042720300C0BF040034C30400D6090400F7
:1001F00028140400A7B30400A3B30400A3FD040063
:100200000AAF04003BC3040070B50E46044658B95B
:10021000174918484FF4D463174A11F024F94FF4E2
:10022000D461154811F016F9A1B1084612F08AF808
:100230004FF4804205460023A06812F0DEF810B9A2
:100240006FF00F0070BD6B1C142BA06800D825B98F
:1002500012F0A3F86FF01500F4E7314614F0B0FB8C
:10026000A36883F83C50A06812F097F80020E9E7F3
:100270004286030042720300C0BF04002DE9F04132
:10028000884615461F46044688B058B9404940F292
:100290007753404A404811F0E6F840F277513D4824
:1002A00011F0D8F8806818B163680BB123684BB9B6
:1002B0003A494FF4AF63374A374811F0D4F84FF456
:1002C000AF61ECE7D0F8A068002E5DD1237C013B44
:1002D000012B09D932494FF49B632E4A2E4811F065
:1002E000C2F84FF49B61DAE740F6A802314614F0F9
:1002F00030FAA06800F508600CF016FFA06800F561
:1003000009600122114614F02EF8A36902211E6033
:10031000A06866F3820500F67C0011F0F0FF502221
:10032000A36820465A871822A3681A872168FFF716
:100330006BFFA3684146C3F878586068194A0368A0
:100340001D682346A8470546D0B90122A3681A753F
:10035000D4E90A0100220023CDE906230E230393EA
:100360000E9B4FF41052CDE9017304950E4B00948F
:100370000AF0A2FDA368C3F8A008616A0AF08CFC29
:10038000284608B0BDE8F0816FF07705F8E700BFB8
:1003900042860300C0BF040042720300FCC0040098
:1003A0003EC304000D240300D5FE010070B50446D1
:1003B00008460E4611F0C6FF05464EB3B0F5806FF5
:1003C00035D2002C36D0A068D0F87C381B050ED56D
:1003D0001A4940F2DB631A4A1A4811F044F81A48E5
:1003E00011F041F840F2DB61154811F033F8314665
:1003F0005A3014F0E5FAA3684FF48042A3F8545041
:10040000A368A3F85650A068002311F0F6FF18B9AE
:100410006FF00705284670BD2046FEF775FF0546BC
:10042000A06811F0BAFF204611F05EFFF2E76FF00E
:100430000B05EFE76FF01505ECE700BF95C304006F
:10044000C0BF040042720300ADC3040010B558B928
:100450000A490B4840F22E730A4A11F004F840F2A0
:100460002E71084810F0F6FF8468A1648368DA648E
:1004700019B9BDE8104011F037BF10BD4286030026
:1004800042720300C0BF04001346002213B50446A5
:1004900000920A4601460748E8F7A2FE23691B7945
:1004A0002BB1204602B0BDE8104012F044B802B0B3
:1004B00010BD00BF4F2503002DE9F04F0026074671
:1004C00014469946B34685B0DFF8A0A101910660B5
:1004D0002378002B00F0C6801AF8033013F00803CD
:1004E00004D004F801BBF3E70026F1E73A68511C99
:1004F0003960019941F822403A684A4500F0B280DB
:100500001E4621780029E3D0A6B90E4623461C4694
:10051000272E04D05C2E20D0222E40F0978020463B
:1005200012F033F8611C0246204614F0F8F82178E6
:100530000029CDD0B142A04604F101041BD14046B0
:1005400012F023F821460246404614F0E8F898F8E5
:1005500000604446002ED9D1BAE7204612F015F8C3
:10056000651C02462946204614F0D9F866782C46C8
:10057000002ECDD1ACE75C2998F80110D8D1B1425A
:100580008C4608D1404612F000F82146024640460B
:1005900014F0C5F8B5E7302925D10025022218F856
:1005A00002C0ACF13000C0B2072819D8ED0001320A
:1005B000EDB2052A45EA0005F1D1511E41444046FD
:1005C0000392029111F0E1FF039A0299023A821A12
:1005D000404614F0A4F898F8011088F80050A7E7F6
:1005E000D2B2022AE9D1BCF1780F2AD1002502202B
:1005F00018F80020A2F1300C5FFA8CFCBCF1090F56
:1006000009D82D01EDB24CEA0505022801D00422DB
:10061000D3E70320ECE7A2F1610CBCF1050F05D88C
:100620002D01EDB2573A1543EDB2EEE7A2F1410CC0
:10063000BCF1050F03D82D01EDB2373AF3E70228DC
:1006400002D108F1010473E70322B6E71AF8063075
:100650001B073FF549AF6678631C002E7FF457AF48
:100660001C4635E7304605B0BDE8F08FA3FD040019
:1006700038B50B46154648B91B491C4A521AB3EB0C
:10068000920F12D251F82350284638BD5AB9184952
:10069000184840F22913184A10F0E5FE40F22911DB
:1006A000154810F0D7FE84680CB90025ECE7134A12
:1006B00094420AD3124A944207D218462946226825
:1006C00090472B68002BDFD1EFE70E4A944202D30C
:1006D0000D4A944205D3246814225343E518E35885
:1006E000F0E70133F8E700BFD85C0300205D0300AA
:1006F00025C4040042720300F7C30400785F0300BE
:10070000805F0300205D0300785F0300F8B5846814
:10071000054694F85A306BB9AB68B3F85420A3F887
:100720005620F8BD013A92B2A4F854202AB984F8B0
:100730005A20F1E7134E04F15A00B4F854208318FC
:1007400013F8013CF35C13F00803EBD183549AB225
:1007500010F802C01F4616F80CC010FA83F11CF006
:10076000080F03F10103F2D1BFB2002FD4D0B4F8C7
:100770005460731C9A1AF61B13F0D1FFA4F854604E
:10078000CAE700BFA3FD04008368D3F878389B064E
:1007900003D50249406912F045B870475063030021
:1007A000014912F03FB800BF07F404000A1E0DDC37
:1007B0000ED042238168D1F87818890608D5002A1E
:1007C00004494069B8BF524212F02CB84123F1E706
:1007D000704700BF39C404000A1E0DDC0ED044234C
:1007E0008168D1F87818890608D5002A044940693B
:1007F000B8BF524212F016B84323F1E7704700BF6A
:1008000039C404002DE9F0410C1E064633DA4FF0DE
:10081000FF35644224B2DFF86480A4B2AFB214E0C2
:10082000B3680020B3F8562003F15A0C1146B3F810
:10083000543071B9B5F1FF3F00D073B9891A304611
:1008400009B212F059F8013CA4B2002CE8D1BDE87D
:10085000F0818B4201D1012DF0D01CF801E018F895
:100860000EE01EF0070F04D10028E7D1394489B209
:10087000DFE70120FAE70125CDE700BFA3FD040073
:100880002DE9F0478568044605F15A00E8F7F2F9CA
:100890000023984695F83C70DFF8589086B2A2681D
:1008A000558FED1BB54209DB002E1FDD5A33606901
:1008B0000F491A44BDE8F04711F0B4BF1D442A4463
:1008C00092F85AA082F85A80A2685A331A444946CC
:1008D000606911F0A7FFA3682B4483F85AA0A368AE
:1008E0005B8FDB1BF61A00272B46D8E7BDE8F087A5
:1008F000741404008BE604002DE9FF470E461446ED
:10090000054608B1002952D12E4940F2C3132E4AA0
:100910002E4810F0A8FD40F2C3112B4810F09AFDAC
:10092000039AA24209D92A494FF4E773264A274875
:1009300010F099FD4FF4E771EFE71744A41A002A6D
:100940003AD1AB68197D03290ED0022920D808219D
:10095000CDE9008903F5086013F096FEA86800F55C
:100960000860082113F08CFE686822460368F119BC
:10097000D3F80CA003ABD0470028D1D0154940F2E2
:10098000CD13114A114810F06EFD40F2CD11C4E7AD
:10099000D3F87C289207FBD503F67C03D3E8EF1F3E
:1009A00021F00201C3E8E21F002ADDD0F6E70027AC
:1009B0004FF0FF384FF0FF39002CD5D104B0BDE81F
:1009C000F08700BF6CC4040040C4040042720300FE
:1009D00077C4040037AE040008290A4617D8836894
:1009E00093F83E10914212D083F83E208368082A83
:1009F000D3F8783805D0990609D50549406911F032
:100A000011BF9B0603D50349406911F00BBF704726
:100A100089C404005563030038B50D4609780446BF
:100A2000FFF7DAFF6A78072A11D8A36893F83F1016
:100A300091420CD083F83F20A368D3F878389B0606
:100A400005D560690249BDE8384011F0EBBE38BDFC
:100A500092C404000CB473B5069E0D46044658B902
:100A600027494FF40B73274A274810F0FCFC4FF43A
:100A70000B71244810F0EEFC83684BB9234940F217
:100A80002D23204A204810F0EEFC40F22D21F0E703
:100A900042694AB91E4940F22E231A4A1A4810F0F8
:100AA000E2FC40F22E21E4E74EB91A4940F22F232E
:100AB000144A154810F0D7FC40F22F21D9E7D3F89B
:100AC0007C389B040FD413F0BFFC60B112494FF483
:100AD0000C730C4A0C4810F0C6FC104810F0C3FC14
:100AE0004FF40C71C5E707AB324629462046019307
:100AF00011F07BFF02B0BDE8704002B0704700BF4C
:100B00004286030040C4040042720300F4C00400A3
:100B10007EC104008EC104009BC4040027C10400F0
:100B2000F8B583680446B3F85420002A55D0B3F8CA
:100B30005610002951D0593103F15A050B4418467B
:100B4000A84206D3014611F80169202E3CD0A842E4
:100B50003CD286B29DB2AB1B9BB2591C471CD21A29
:100B60000144384613F0DBFDA268711BB2F8543023
:100B7000204613FA81F3A2F85430A36809B2B3F8FF
:100B800054201344002283F85A2011F0B5FEA368C4
:100B9000D3F878389A0603D51049606911F042FEFF
:100BA0003B46082120460E4AFFF754FF2046FFF738
:100BB000EBFDA368D3F878389B060ED56069094928
:100BC000BDE8F84011F02EBE0846B9E7014611F81D
:100BD0000169202EBDD00846B9E7F8BD5A6303006D
:100BE000741404005E6303002DE9F84F04460F46B9
:100BF00090460AB1FFF7C8FDA668D6F87838B6F86F
:100C000056505B0724D505F15A003044E8F732F816
:100C100005462A4EB5B9A368B3F85420A3F8562068
:100C2000A06811F00CFE30B1B8F1000F00D017B180
:100C30006069FFF7B5FD79422046BDE8F84F09B27B
:100C400011F05ABE3146606911F0ECFD013DE1E75B
:100C50003046E8F70FF8B6F85490738F19FA80F918
:100C600015FA80F0B0FBF3F2B9FBF3F39A42AA460F
:100C70001BD0134D4845A368CDDA5A8F461CB0FBF4
:100C8000F2F302FB130313B96069FFF789FDA36850
:100C9000204653442A46082193F85A300AF1010BA2
:100CA000FFF7D8FEDA463046E4E75A3508212046F9
:100CB000044A7319FFF7CEFEADE700BF67D1040009
:100CC0000AAF04007414040013B583688DF807108C
:100CD000D3F878280446D00725D5B3F85610B3F8D2
:100CE00054208A421FD0481C9DF80720A3F85600C4
:100CF0000B4483F85A20A368D3F87818890710D5D5
:100D0000D3F87838606913F0040F18BF2A22094914
:100D100011F088FD204611F0A4FD10B16069FFF7C5
:100D20003FFD02B010BD012220460DF1070111F078
:100D300081FEF6E70AAF040010B50446836802217D
:100D4000084AFFF787FEA368D3F878389B0707D5D2
:100D50002046FFF795FD2046BDE8104011F0A7BDE5
:100D600010BD00BF7414040070B5044692B058B9A9
:100D70000E490F484FF40F730E4A10F074FB4FF4F6
:100D80000F710C4810F066FB00234FF47A75019345
:100D900060684022036802A91E6901ABB047019B4D
:100DA00013B108B9013DF3D112B070BD4286030002
:100DB0004272030040C40400014912F009B800BFA8
:100DC00007F404002DE9F047054690460E46002939
:100DD0005ED00024DFF8BC90335D19F803301A07A9
:100DE0001ED43046E7F746FFAB6880B25A8F001B2F
:100DF000A2EB0803984206EB040A13D951460027D8
:100E000011F8010B19F800C01CF0080F02D00A28D5
:100E10002ED03B4608EB0700824228D90137EFE786
:100E20000134D9E753460027B84208D168695146D2
:100E300011F0CEFF6869BDE8F047FFF7BDBF13F8BA
:100E4000012B0A2A11D1686911F075FB3A46514607
:100E50002846FFF751FD01343C446869FFF7ACFFB9
:100E600041462846FFF7B8FCBBE70137DCE71F46E1
:100E7000686911F060FB3A4651462846FFF73CFD91
:100E80003C44335D19F803301B07E6D50134F8E71D
:100E9000BDE8F087A3FD0400F8B50F46516804468D
:100EA00015461E4611B11A46FFF78CFFAB6883B199
:100EB00031462046FFF790FC20463B460821054A74
:100EC000FFF7C8FD2046A968F21DBDE8F840FFF70E
:100ED00079BFF8BDC6C404002DE9F04F8946002152
:100EE000044616460D468BB0484605AA4F1CFFF730
:100EF000BFFB98B97DB126B1324608212046FFF7E5
:100F0000A9FD0021DFF8BCA0484605AA01F1010BAC
:100F1000FFF7AEFB60B90BB0BDE8F08F006810B111
:100F2000E7F7A8FE80B2854238BF05463946DBE7C1
:100F30000768BFB13B78ABB146683846E7F79AFE21
:100F40002023A5EB00088DF81330082153462046D6
:100F5000194A00971FFA88F8FFF77CFD26BB6069E5
:100F6000FFF72AFF5946CFE7012220460DF1130172
:100F70000393FFF7C1FC039B01339AB29045F3D86A
:100F800053460E4A08212046FFF764FDAB1DB20709
:100F90009BB20BD132680A498A4207D132463946A0
:100FA0002046FFF779FFDDE70023E6E71A463146E2
:100FB0002046FFF707FFD5E7A5C0040095B304005E
:100FC000C40BD286D5C40400F7B50F6805460E469B
:100FD000EFB13846E7F74EFE84B2114B082100937B
:100FE00028463B460F4AFFF735FD7168E31C9BB26C
:100FF00079B18A070DD108680B4A904209D10A4697
:101000002846316803B0BDE8F040FFF745BF3C46D5
:10101000E3E71A46284603B0BDE8F040FFF7D2BE2A
:10102000D1C40400A5C00400C40BD28610B58368E7
:101030000446D3F878389B0603D50649406911F079
:10104000DCFE5022A36800205A871822A3681A8762
:1010500010BD00BF6263030008B5836902491A68C6
:1010600011F025FA002008BDD8C4040008B50249D3
:10107000FFF7CAF8002008BD08F4040073B5044661
:1010800000250D4EA2680DF106030121E06802F271
:101090005A4211F030FFBDF80600A36840B12A465D
:1010A0003146204603F25A4311F001FA0135E9E7CF
:1010B00083F85A0402B070BDE8C4040010B50446B9
:1010C00011F031FA03490246204611F0F0F90020F0
:1010D00010BD00BFD9000400022907B50BD1536829
:1010E0000C49009312680C4B11F0FDF96FF01500DC
:1010F00003B05DF804FB8368084AD3F878380849E0
:1011000013F0020F074B18BF1A4611F0D0F9002058
:10111000EEE700BF07C50400F2C40400108D030011
:1011200010C50400AAF404002DE9F3411449054652
:1011300011F0BDF90022134C134FDFF86080BC4260
:1011400017D91249E623124A124810F08CF91248B6
:1011500010F089F9E6210E4810F07CF9636A92B22A
:101160000093A3684146284611F0A1F93034324675
:10117000E5E702F10106F1D3002002B0BDE8F081FD
:1011800021C50400A85C0300D85C030077C50400F7
:101190004AC504004272030082B1040039C504004C
:1011A00010B583680446D3F878389A0603D5074902
:1011B000406911F022FEA368D3F878389B0603D566
:1011C0000349606911F019FE002010BD6963030036
:1011D0006E630300F0B50129044685B00AD0536858
:1011E0005F49009312685F4B11F07DF96FF01500B5
:1011F00005B0F0BD8368D3F87838990603D55A490D
:10120000406911F0FAFD00256FF0F9012046FFF763
:10121000CDFAFA212046FFF7DFFAA0684FF480628A
:10122000294600F25A408DF80B5013F092FA4F49BC
:10123000606911F0E2FD606911F07DF94FF47A7692
:101240006068012203680DF10B011F6903ABB84709
:10125000039BEBB9013E4FF47A70B6B213F02BF852
:10126000002EEDD1A368D3F878389B0603D540490A
:10127000606911F0C2FD5022A36820465A871822E7
:10128000A3683C491A8711F020F96FF00700AFE717
:101290009DF80B20A3681B2A55D093F85A141B29DC
:1012A000CED1522A4FD15A19002382F85A34A66857
:1012B00096F85B245B2A2DD1022506F25B4010F8DC
:1012C000011F2A463B2905F10105ADB225D140F2A7
:1012D000FF318A42C6D002F25A4216FA82F1002247
:1012E00011F8010F18BBFA2A28BFFA22FA2B28BFDF
:1012F000FA2386F85A04A1684A87A2681387A3686C
:10130000D3F878389A0603D51949606911F075FD4C
:1013100000206DE786F85A34A4E703EB83033039E5
:1013200001EB4301B5F5806F8BB2C8D19AE7013567
:1013300002EB8202ADB2303800EB4200B5F5806FAF
:1013400082B2CDD18EE72B440135ADB2092D83F8A1
:101350005A247FF675AF0022A36883F85A2481E7E8
:1013600007C50400F2C4040074630300C8C5040088
:10137000786303008EC5040008B5044810F002F835
:1013800003480FF0FFFF002008BD00BF82CA040021
:10139000B7CA040008B50348034A0021121A11F025
:1013A00039FE08BD20ED00201C5C0120074808B56F
:1013B000074A0849121A11F02FFEBDE808400648F6
:1013C000064A0749121A11F027BE00BF40DB002071
:1013D00020ED0020C400050028DB002040DB0020B9
:1013E000AC0005002DE9F04F83B081460C4600AFFC
:1013F000002900F0CE80724D2B68580736D0D1E915
:1014000000016E468AB06A46A3684FF00508DFF80F
:10141000CCC1C2E90713C2E905C042F8108F00230E
:101420004FF421512846FCF7ADF92B68B546590712
:101430001CD0D4E903018AB06A466369DFF8A0C111
:10144000C2E90713C2E905C042F8108F00234FF428
:1014500021512846FCF796F92B68B5465A0705D066
:10146000E36901212846574A10F020FDA0460026D6
:101470004FF00A0BDFF86CA12B685B071FD0D8E98F
:1014800008E0D8E90A13C7F804D08EB06A46C2F85B
:101490001CE006F1010EC2E908E0B01CC2E90A0135
:1014A000F11CC2E905A6C2E90C1342F810BF0023E3
:1014B00045F240014248FCF765F9D7F804D00436FC
:1014C000102E08F11008D7D12B68580705D0236ECD
:1014D00001213D4A3A4810F0E9FCA66E2B68002E27
:1014E00045D0590755D0D6E90001E8468AB06A468A
:1014F000B3684FF0050ADFF8F0C0C2E90713C2E98C
:1015000005C042F810AF00234FF421512C48FCF7DE
:1015100039F92B68C5465A073BD0D6E903018AB092
:101520006A467369DFF8C4C0C2E90713C2E905C09F
:1015300042F810AF00234FF421512148FCF722F963
:101540002B68C5465B0724D0D6E906018AB0336A0A
:101550006A461E4EC2E90713C2E9056042F810AFA1
:1015600000234FF421511648FCF70CF9C5462B68AF
:1015700058070ED0236F0121154A114810F096FC30
:101580002B68590705D0A3690121124A0C4810F0B5
:101590008DFCB9F1010F0AD1EFF305830848026809
:1015A000520704D00C4A4946103B10F07FFC2146FC
:1015B000484607F0E5FD0C37BD46BDE8F08F00BF9B
:1015C00090E9002043CB040095CB040002CC04003A
:1015D00031CC040043CC040071CC0400E5CA040003
:1015E00014CB040052CB0400A4CB0400D3CB0400E2
:1015F00030BFFFF7FDBF00BF054B9A699B689A4259
:101600001FBF044A536843F080535360704700BFC4
:101610002C45012000ED00E0F8B5414C0D46236853
:101620000646590703D020463E4911F011FD3E4BB6
:101630009B6ADA0662D523685B0703D03B493848CA
:1016400011F006FD1120384B9B6A1F0707D5236850
:10165000590703D03649324811F0FAFC1220324FB4
:10166000BB6A9A0719D523685B0703D031492C4818
:1016700011F0EEFC7B6BBA6A17060DD52268500795
:1016800004D001212C4A264810F010FC26B1264A2D
:10169000936A23F0800393621320234B9B6AD9073C
:1016A00007D523685A0703D024491D4811F0D0FC00
:1016B00014201D4B9B6A9B0607D523685F0703D048
:1016C0001F49174811F0C4FC1520174B9A6AD6061B
:1016D00002D49A6A940713D59B6AD90610D5194982
:1016E00040F22D13184A19480FF0BDFE18480FF0AC
:1016F000BAFE40F22D1114480FF0ACFE1020A2E704
:10170000094B9A6A920642BF5A6A22F400525A6200
:101710009A6A42F0FF029A6200232B70F8BD00BF64
:1017200090E9002084CC040000ED00E09ACC040095
:10173000CDCC0400E0CC0400F8CC04000ECD0400B5
:101740002DCD04008ECD04005CCD04004272030058
:10175000D8CD040010B5334C2368580703D0204679
:10176000314911F075FC314B9B6A990157D52368BB
:101770005A0703D02E492B4811F06AFC1E202B4B30
:101780009B6ADB0107D52368580703D02949254800
:1017900011F05EFC1F20254B9B6AD90207D52368F8
:1017A0005A0703D024491F4811F052FC02201F4B56
:1017B0009B6A1B0307D52368580703D01F491948A4
:1017C00011F046FC2120194B9B6A590307D5236869
:1017D0005A0703D01A49134811F03AFC2220134B40
:1017E0009B6A9B0307D52368590703D015490D4809
:1017F00011F02EFC23200D4B9B6ADA0307D52368DA
:101800005B0703D01049074811F022FC2420074A47
:10181000936A6FEA03436FEA1343936210BD1D207E
:10182000ADE700BF90E900203CCE040000ED00E0F1
:1018300054CE040067CE040081CE0400ABCE040079
:10184000C9CE0400EECE040008CF0400F8B5374C32
:10185000064623680D465B0703D02046344911F045
:10186000F7FB344B9B6ADF0451D52368580703D03C
:1018700031492E4811F0ECFB17202E4B9B6A1905BD
:1018800007D523685A0703D02C49284811F0E0FBFC
:101890001820284FBB6A9B0519D52368580703D029
:1018A0002749224811F0D4FBBB6BBA6A11040DD54D
:1018B0002268520704D00121224A1C4810F0F6FA8F
:1018C00026B11C4A936A23F4004393621920194BF2
:1018D0009B6A5B0507D523685F0703D01A49134845
:1018E00011F0B6FB1A20134B9A6AD60511D523685E
:1018F000590703D015490D4811F0AAFB1B200D4ACA
:10190000936A43F47F43936200232B70F8BD162043
:10191000B3E79B6A9A04F2D523685B0703D00C49AE
:10192000024811F095FB1C20E9E700BF90E9002078
:1019300033CF040000ED00E049CF0400CDCC04001B
:101940005ACF040073CF040088CF0400A3CF040053
:101950002DCD04002DE9F04FA1B000AF7B60914B7D
:101960001646D3F804B081460D460022CBF3080A90
:1019700082F31188BFF36F8F06F07F42B2F17F4F81
:101980000ED0894940F21443884A89480FF06BFD14
:1019900088480FF068FD40F2144184480FF05AFD6A
:1019A00016F00104EDD1710605D432070DD40546B9
:1019B0004FF001080BE080480268530702D07F49CE
:1019C00011F046FB16F0040811D04FF00008002D6E
:1019D000D7D00022FA72AAF10302092A00F2BD80D0
:1019E000DFE802F007ADB190BBBBBBBBBBB54D465A
:1019F000EDE7DFF8C4B1DBF80030580703D05846F4
:101A00006F4911F025FB0023FB72664BDA6A9107E0
:101A100008D5DBF800305A0745D06A49664811F00E
:101A200017FB40E0DA6A002A05DADBF800305B07D2
:101A300039D06549F2E7DB6A5C0073D5DBF800302A
:101A4000580703D061495C4811F002FB554BA96966
:101A50005A6942F480725A61BFF34F8FBFF36F8FA0
:101A60005A6931F8021C22F480725A61BFF34F8F19
:101A7000BFF36F8F4DF60272914209D09A6AD2B2CB
:101A800092B3012007F10B01FFF7C6FD04460AE0FF
:101A9000DBF80030590705D02B6801214C4A464835
:101AA00010F004FA2C68FB7AD3B96822294607F1B2
:101AB0000C0012F027FE7B68FE67C7E91D39BB6A80
:101AC000B8F1000F69D0C3F3080222B96FEA5323BB
:101AD0006FEA4323BB62204607F10C01FFF782FC4B
:101AE0008437BD46BDE8F08F9A6A12F47F4F05D067
:101AF000012007F10B01FFF7A9FEC7E79B6AB3F5C9
:101B0000803F02D3FFF726FEC0E7324940F2ED23C3
:101B1000264A27480FF0A7FC2F480FF0A4FC40F2FC
:101B2000ED213AE72B494FF43C73204A20480FF04F
:101B30009AFC2A480FF097FC4FF43C712DE70020E7
:101B400007F10B01A0E7002007F10B01D3E71A48CA
:101B500003685A07A7D0224961E71748026853076C
:101B6000A1D0204A1BF4F87FEB468AB01E4918BF6B
:101B700011466A461D4BC2E90531AAF11003D36133
:101B80004FF4007313841A4B42F8103F00234FF4B4
:101B90001151FBF7F7FDDD4685E723F4FF7323F0D2
:101BA000010397E700ED00E0E9CF04005CCD0400FD
:101BB00042720300FCCF040090E900203AD00400F8
:101BC0005DD0040074D0040095D00400A3D00400BC
:101BD000C2D00400C1F10400DED0040002D1040030
:101BE00032D10400D0CF0400BBCF040056D1040092
:101BF00004000001064B5A6942F010025A615A690A
:101C000042F480625A615A6922F008025A617047B0
:101C100000ED00E0EFF30880EFF3098101B506B4B1
:101C20002DE9F00F6B467246FFF794FE0AB001BD36
:101C300008B548B9104911481423114A0FF013FC94
:101C400014210F480FF006FCEFF314835A0712D546
:101C500000F1400280EC100A82EC108AF1EE102AAA
:101C6000C0F88020012223F0040380F8842083F34D
:101C70001488BFF36F8F08BD99D10400427203002E
:101C800069D10400002080F31488BFF36F8F002017
:101C900080F30A8880F30B88144880F308880020BA
:101CA0001349087004F08CF8002012490860BFF353
:101CB0004F8F00F035F8202080F311880E484FF048
:101CC000AA014FF4805211F0A5F90B484FF480514E
:101CD000401880F30988EFF314800221084380F351
:101CE0001488BFF36F8F00F02BF9000060210220F1
:101CF000185C012094ED00E0200802200023184623
:101D00000649D1F89020C2F30722934200DB7047C6
:101D1000C1F89830C1F8A0000133F6E700ED00E00B
:101D200010B572B6002484F31388FFF7E7FF23464B
:101D30004FF0FF300C4A03F120010133102B42F821
:101D40002100F8D100234FF0FF30074A03F1600172
:101D50000133102B42F82100F8D162B6BFF34F8F48
:101D6000BFF36F8F10BD00BF00E100E0084B9B6820
:101D700083420BD1EFF3058343B1064B5A6842F01F
:101D800080525A605A6A22F400425A620AF05CB9E0
:101D90002C45012000ED00E023498A6882F801E12A
:101DA0004FF030001044EFF3098C80E8F01F1EF074
:101DB000100F03D102F1C00080EC108A202080F3C4
:101DC0001288BFF36F8F194F4FF000668A698A60DF
:101DD0003E6092F901E1D2F8B8000023C2F8B830B1
:101DE00080F311881EF0100F03D00023E1EE103AAB
:101DF00003E002F1C00090EC108AEFF3148323F0AB
:101E0000040383F31488BFF36F8F02F1300090E86E
:101E1000F01F8CF3098802F1000004B511F036F9C7
:101E2000BDE80440704700002C45012004ED00E0AF
:101E30001EF0040F0CBFEFF30880EFF309808169F7
:101E400011F8021C0229FFD001B5EFF3098106B495
:101E50002DE9F00F6946724611F0E0F80AB001BDB5
:101E600040B2002807DB01234109034A00F01F00AC
:101E7000834042F82130704700E100E040B2002882
:101E80000CDB01220649430900F01F008240203389
:101E900041F82320BFF34F8FBFF36F8F704700BF10
:101EA00000E100E0054B420953F82220012300F035
:101EB0001F0003FA00F01040704700BF00E100E08F
:101EC00038B54B1C072B04460D460FD96B23104A1F
:101ED000104911480FF0C7FA294610480723224637
:101EE0000FF0C1FA6B210A480FF0B4FA40B2002893
:101EF000ACBF00F160400A4A4FEA4313DBB2ABBF0C
:101F000000F5614000F00F0080F80033135438BD35
:101F1000AFD10400E6D104004272030001D20400F4
:101F200014ED00E0044B054A23F07F039360BFF3F8
:101F30004F8FBFF36F8F70470080000000ED00E00F
:101F400008B5FFF7EFFF104BD3F8882022F470029A
:101F5000C3F88820D3F8882042F4A002C3F8882070
:101F60004FF04042C3F83422BFF34F8FBFF36F8F5F
:101F70000023E1EE103AFFF70DFAFFF717FA00F031
:101F800077F807F071FA00BF00ED00E04FF43C4134
:101F9000C0F8001142F8203C009B0B4942F81C3C61
:101FA000019B21F0010142F8183C029B42F8081CF9
:101FB00042F8143C4FF0807342F8043C0023203A6E
:101FC0000265C0F8B83070476DB10100104B9B68D6
:101FD00083421AD1EFF30580B8B9EFF311812022C3
:101FE00082F31288BFF36F8F1A7B22F002021A73FA
:101FF000EFF3148323F0040383F31488BFF36F8F8C
:1020000081F31188BFF36F8F70476FF01500704731
:102010002C4501200E461546002300B5E1EE103A8E
:10202000EFF3148323F0040383F31488BFF36F8F5B
:10203000BFF36F8F0A4B9860D0F8A83083F30B88FA
:102040002C4686F309880020034B98472046002140
:1020500000220023014C20479B3003006DB101009A
:102060002C4501201022014B1A61704700ED00E061
:10207000002320210348C2180133412B82F80013AA
:10208000F9D1704700E100E008B5EFF30583064A97
:10209000103B02EBC30152F8330049688847BDE8A2
:1020A0000840FFF7A9BA00BFB05703001FB5094C9D
:1020B000094A23460121094800F01CF90023039333
:1020C000074B0121E41A01A80193029400F036F9AC
:1020D00004B010BD0000042040DB0020B06C030001
:1020E00020ED002010B50C7A0B6804F01F0223F0DD
:1020F0001F031A43CB68640923F01F03054943EA11
:10210000440343F00103C1F89800C1F89C20C1F8D2
:10211000A03010BD00ED00E010B50C4B0446D3F824
:102120009030C3F30723013B98420BD9084803685A
:102130005B0704D001212346064A0FF0B7FE6FF07B
:10214000150010BDFFF7CEFFFBE700BF00ED00E07C
:1021500088E9002045D204002DE9F04F8946144655
:1021600006464FF00008544D85B0C8452EDAD6F823
:1021700004A0BAF1000F4BD0BAF11F0F1BD91AF00F
:102180001F0F18D1D6F800B01BF01F0F13D15846FF
:1021900010F0A6FF07460AEB0B00013810F0A0FF75
:1021A000874217D06FF01507444803685B070BD0D0
:1021B000434A3B4605E0414803685A0704D043467A
:1021C000404A01210FF072FE6FF01504204605B061
:1021D000BDE8F08F17F1160FE6D0BC42E4DDC5F87C
:1021E0009870D5F89C10C5F89870D5F8A03021F0FB
:1021F0001F0143F01F0BD6E900321A44994202F145
:10220000FF3A1DD1D34507D13146F8B210F071FF26
:1022100008F101080C36A8E73146C5F89870D5F8E2
:102220009C3022F01F0203F01F031343C5F89C30BB
:10223000E0B210F05EFF10F1160FC5D0441CE7E7C6
:10224000C5F89870D5F8A020013B23F01F0302F0D9
:102250001F021343D3453146E0B2C5F8A030E8D0A1
:1022600010F047FF10F1160FAED0C5F89870D5F8F2
:102270009C209DF808300BF1FF3B62F304038DF8BE
:102280000830D5F8A0309DF808205B0863F34712AA
:102290008DF80820D6E900321344009323F01F0381
:1022A0005B44A3EB0A03013023F01F036946C0B26D
:1022B0000393FFF731FFBEE700ED00E088E900205F
:1022C0008ED204006BD204000522044BC3F8942084
:1022D000BFF34F8FBFF36F8F704700BF00ED00E07B
:1022E000BFF35F8F0022024BC3F89420704700BFFA
:1022F00000ED00E038B50C4D0C462A78FFF72CFFB6
:10230000287016300FD14FF4C473084A08490948A1
:102310000FF0A9F8214608480FF0A5F84FF4C47152
:1023200002480FF097F838BD4E4D0120B1D204009D
:10233000C1F1040042720300E0D204002DE9F74F1E
:10234000314E894605464FF00008B3462F4FC84529
:1023500002DB03B0BDE8F08FD5F804A0BAF1000F9E
:102360004CD029680846019110F0BAFE0199044644
:102370000AEB0100013810F0B3FE84424FF0140262
:10238000234B15D002FB08F36FF015024BF8032026
:102390004FF4CC731F4A204920480FF064F8494697
:1023A0001F480FF060F84FF4CC711A480FF052F844
:1023B00014F1160F3460EBD01978A142E8DD02FB6E
:1023C00008B0C7F89840C7F89840D7F89C4000F18B
:1023D0000801007B64F304000871D7F8A0000C79B1
:1023E000400860F347140C71D7F89C1021F01F01CE
:1023F0007160D7F8A01021F01F01316108F10108C8
:1024000014360C35A3E700BFDC41012000ED00E0ED
:102410004E4D0120B1D20400C1F10400427203000C
:102420000CD304002DE9F041694C6A4ED4F8903089
:102430003568C3F307239D4286B013D940F20123C8
:10244000654A664966480FF00EF8D4F89020294690
:102450006448C2F307220FF006F840F201215E48FB
:102460000EF0F8FF0020FFF73BFF5F4BC4F8C030D1
:1024700085421BD15D4C01A82570FBF749FC002566
:1024800006464FF002085A4FAE4216D1002023787C
:102490004F49D1F89020C2F307229342C0F29280B4
:1024A0000020FFF711FF06B0BDE8F081716801EB75
:1024B0000011FFF717FE0130DAE7019A290102EB5C
:1024C0000513D3F80CC00CEA0700B0F5800F47D015
:1024D00007D8B0F5801F17D0B0F5001F23D0013505
:1024E000D2E7B0F1006F5CD0B0F1805FF7D15868EF
:1024F0009B685258013B20F01F010B44CDE90202BA
:1025000023F01F0301220BE0586852589B68CDE965
:1025100002022122013B20F01F010B4423F01F0384
:102520008DF8102029E0586852589B68CDE90202C6
:102530004122013B20F01F010B4423F01F031CF03C
:10254000010F8DF81020059318D02A498323224AC1
:1025500023480EF088FF28480EF085FF83217EE790
:10256000586852589B6820F01F01013BCDE90202D8
:102570000B4423F01F038DF810800593207802A9E7
:10258000FFF7CAFD002819DA144940F22B23124A3A
:1025900013480EF068FF19480EF065FF40F22B213A
:1025A0005DE758689B685258013B20F01F010B44BF
:1025B000CDE9020223F01F036122B1E72378013342
:1025C00023708CE7C1F89830C1F8A000013360E7B0
:1025D00000ED00E0BC6C0300B1D20400C1F10400C6
:1025E000427203003BD30400AAFF44004E4D012079
:1025F0000000F0FF6FD3040095D30400C4D304009F
:1026000008B50B4BC3F1005303F58023B3F5006FFE
:102610000CD208499223084A08480EF024FF0848C3
:102620000EF021FF922104480EF014FF002008BD97
:1026300090FC02202DD40400FDD30400427203005C
:1026400075D40400014B1860704700BF18E50020E6
:10265000F8B506460D460024064FAC4208DA3B6842
:1026600098470A28305504F1010401D00D28F4D10F
:102670002046F8BD14E50020F8B50D46094F461E6A
:10268000C0F10104A3199D4201DC2846F8BD73780E
:102690000A2B02D10D203B6898473B6816F8010FC2
:1026A0009847EFE718E5002010B5074C2368C218DB
:1026B0000648C0F1005101F580218A4236BF2260F0
:1026C0004FF0FF30C01810BDF041012090FC0220F7
:1026D00010B5044658B9114940F29713104A1148F1
:1026E0000EF0C1FE40F297110D480EF0B3FE14201B
:1026F0000AF0A0FE206060B90B4940F29F13084A1F
:1027000008480EF0B0FE09480EF0ADFE40F29F11F1
:10271000EAE7BDE8104011F008BE00BFFDD4040098
:10272000FDD3040042720300FCD4040038D5040039
:1027300010B558B909490A4840F2C713094A0EF0C2
:1027400092FE40F2C71107480EF084FE4FF0FF32B0
:10275000BDE810404FF0FF3307F042BAFDD404004B
:1027600042720300FDD3040008B558B90749084870
:1027700040F2E313074A0EF076FE40F2E3110548FB
:102780000EF068FEBDE8084007F0FABAFDD4040078
:1027900042720300FDD3040008B505480EF0F2FDB7
:1027A000002383F31188BFF36F8F0423184602DFE1
:1027B0005BD504000268064B1A604268054B1A603C
:1027C0008268054B1A600269044B1A60704700BFAB
:1027D000FC410120F8410120F44101200042012088
:1027E0000122024B0020C3F84025704700900340AF
:1027F00048B1054B054A1B68B3FBF2F35843044B41
:1028000043F0010318477047E4E6002040420F0000
:102810008063030008B54FF6FF723F230348C0E909
:10282000002303F0DBFA002008BD00BF04420120B2
:1028300070B50C4B1968D868D3E901524A4080EA58
:10284000050485EA02065E6082EA452281EA040602
:102850004FEA745408441E609A60DC6001EB7060BB
:1028600070BD00BF0C42012008B5044811F030FDD6
:1028700000280CBF6FF01200002008BDF0560300C6
:102880002DE9F341DFF8B480044698F800308F0852
:1028900001F00305C3B9204883681B6863B91F4969
:1028A0005D231F4A1F480EF0DEFD1F480EF0DBFDC2
:1028B0005D211B480EF0CEFD1C4E1022314698477C
:1028C00090B9012388F8003004EB8707A7421ED196
:1028D0003DB1FFF7ADFF2A46019001A9384611F03E
:1028E00011FF02B0BDE8F08111F07EF9306011F007
:1028F0007BF90F4B4340736011F076F90D4B434069
:10290000B36011F071F90C4B4340F360DCE7FFF763
:102910008FFF44F8040BD9E7F05603009CD5040060
:1029200068D5040042720300BCD504000C420120AB
:10293000B0C2649BD4D2D38678E20AA04F4D012066
:1029400010B5094C0A44914200D110BD11F8013B69
:1029500058400309E35C0001C0B243401809205C01
:102960001B01DBB25840EEE7E2D5040037B5402347
:102970000C460A490093411A491105462346084A64
:10298000084810F007FC011E05DA2846234603B06C
:10299000BDE83040184703B030BD00BF30420120D1
:1029A000FD310300B0560300C9B2012908B509D9A9
:1029B000084909487E23094A0EF055FD7E21074843
:1029C0000EF048FD0C22036901FB0233986C00F005
:1029D000070008BD2FD6040042720300F2D50400A0
:1029E00070B5C9B2012903690BD9184918484FF4C9
:1029F000E873184A0EF037FD4FF4E87115480EF0F1
:102A000029FDEFF31185202484F31288BFF36F8F23
:102A10000C2606FB0134A46C14F0C00408D0A242BA
:102A200006D085F31188BFF36F8F4FF0FF3070BD74
:102A3000012271430B449A6485F31188BFF36F8FB1
:102A400043680B445B6898470020F0E72FD60400EA
:102A500042720300F2D5040070B50D4606490446E3
:102A6000411A491140220548FFF7BAFF2B4601469B
:102A70002046BDE87040184730420120B0560300A0
:102A8000F8B50022012105460520FFF719FA104884
:102A900003F0DEF90446B8B903F0FAF92F690D49DD
:102AA00038460EF0A5FE031E09DB0126BE642D6923
:102AB000084905F120000EF09BFE031E02DA1C46B9
:102AC0002046F8BD6E65FBE76FF00404F8E700BF31
:102AD0008D2B0200E46C03001FB500220123CDE919
:102AE00002236B46084ACDF800D0CDF804D010F090
:102AF0007EFB002805DB4FF480420023684607F088
:102B0000F7FB05B05DF804FB0932030010B5EFF3E5
:102B10001184202383F31288BFF36F8F074A136851
:102B200023F00201DB07116002D4012003F002FA56
:102B300084F31188BFF36F8F10BD00BF884201205E
:102B40000C22104B014602FB0033002030B4D3E9C5
:102B500010521864EFF31180202484F31288BFF31D
:102B60006F8F9C6C04F0C00444F002049C6480F3FA
:102B70001188BFF36F8F1DB12B4630BC0248184738
:102B800030BC704730420120B056030008B568B130
:102B900001280FD00A490B484FF441730A4A0EF03E
:102BA00062FC4FF4417108480EF054FC074B9B6CDB
:102BB0005B0703D1BDE80840FFF7C2BF08BD00BFF7
:102BC000C1F1040042720300F2D50400304201203A
:102BD00010B4EFF31182202383F31288BFF36F8FB9
:102BE0001848016841F002040460C80708D482F361
:102BF0001188BFF36F8F01205DF8044B03F06AB9B1
:102C00001149D1F80C04D1F80C14C907EFD5EFF332
:102C1000118083F31288BFF36F8F0C498B6C03F024
:102C2000C00343F002038B6480F31188BFF36F8FFE
:102C300082F31188BFF36F8F00205DF8044BFFF71C
:102C40007FBF00BF88420120005000403042012079
:102C50002DE9F041012206464149D1E8EF3FC1E8A4
:102C6000E02F0028F9D1A3B93E493F484B60CB6023
:102C70008A60F9F751FC00280BDA3C4940F2A323A3
:102C80003B4A3C480EF0EFFB40F2A32138480EF0DF
:102C9000E1FB5EB3731E012B57D8012E06D1364BD4
:102CA000D3F81C3403F00303022B1FD011F0CCFB2C
:102CB0000546E8B9314B1B78D3B1022207462E4BAB
:102CC000C3F808232C4CDFF8BC80D4F81824D4F8BF
:102CD0001834D20315D503F00303022B01D0012EC3
:102CE0000FD16DB387F31188BFF36F8FBDE8F0810B
:102CF000EFF31187202383F31288BFF36F8F012531
:102D0000E0E7C5B1384610F0DCF9D4F81835DBB28D
:102D1000012BDAD1D4F80421002AD6D00022C4F83D
:102D20000421D4F804210222C4F818252022C8F86E
:102D30008021A360C9E70021212009F0EDF8E4E734
:102D400002220D4BC3F80423D0E70D4940F2B5230E
:102D5000074A08480EF087FB40F2B52196E700BF0E
:102D60002C4201201C420120504201209AB3040051
:102D7000F2D504004272030000500040185C0120AC
:102D8000C1F1040000E100E008B5074811F0A0FA25
:102D900038B10648FFF756FC0448F8F7BDF90020A3
:102DA00008BD6FF01200FBE710570300B12D0200C1
:102DB0000A2838B50446074D04D1AB680D212846D2
:102DC0005B689847AB6803485B68E1B29847204668
:102DD00038BD00BF10570300024B0B600123136086
:102DE000704700BF8C420120004870472C6D0300E3
:102DF00007B5034606480268520704D0054A009109
:102E000001210FF05DF86FF0150003B05DF804FBD1
:102E100074E900208ED6040010B501220648114640
:102E200011F0A1FA11F09EF8044C206011F097F80F
:102E30006060002010BD00BF944201208C42012040
:102E4000F7B50E46144611F08AF82146054630467D
:102E500010F062FA80B3B6FBF5F305FB1363374657
:102E600023B9B4FBF5F305FB134363B116480368BC
:102E70005A0705D03346154A009401210FF020F877
:102E80006FF0150002E0A54202D9002003B0F0BDAA
:102E90004FF0FF324FF0FF330D4807F029FA11F0E1
:102EA0005EF80546384603F09FFF641B2F44F9D1B6
:102EB000074807F09FF9E8E7034803685B07DFD09E
:102EC000044A33460094D8E774E90020ABD60400E6
:102ED000944201208ED60400F7B50E4619463046BE
:102EE00017461D4610F018FA68B91C4803685907C0
:102EF00005D033461A4A009501210EF0E1FF6FF02C
:102F0000150003B0F0BD45EA060414F0030407D031
:102F1000124803685A07F2D0124A33460095EBE78D
:102F20009DB14FF0FF324FF0FF330F4807F0E0F94B
:102F30002B19032BA6EB040009D80C4AD2F8003455
:102F4000DB07FBD5084807F055F90020D9E73B1B04
:102F5000196803F075FF043CEAE700BF74E900203C
:102F60008ED60400CAD6040094420120009003408B
:102F7000004870477C6D03002DE9F34743680F1E3E
:102F800006461546D3F820806CDBBB18434569D84C
:102F900042EA0704C4F30B04002C63D1006910F06B
:102FA000F8F94FF0FF39002D55D0002C53D12346AE
:102FB000CDE9004480220621304610F0F0F90446A5
:102FC000002848D1A84513D10346CDE9000080224E
:102FD000C721304610F0E3F900250446002C3AD111
:102FE00040F267620023304610F03AFA0446DAE70E
:102FF00082461E4B5A7882B109FA02F137EA010182
:103000000BD101219140A94207D8BAF1000F1ED07F
:103010009AF80110914238BF9A460134042C03F10A
:103020000203E7D1BAF1000F13D0002381229AF8EE
:1030300000103046CDE900333B4610F0B0F90123D3
:103040009AF80120044693401F44ED1AC6E79A46B9
:10305000E3E76FF01504306910F099F9204602B0EB
:10306000BDE8F0876FF01504F8E700BF23D804002F
:103070002DE9F04385B0044602AF00694FF0FF32FE
:10308000012111F070F96668306811F021F9D0B1B2
:10309000337E9BB9206910F07CF9204610F078FA55
:1030A000031E17DAA6480268550703D00121A54A76
:1030B0000EF0FCFE206910F06AF904E0F06811F0EF
:1030C00007F90028E6D16FF0120528460C37BD46F7
:1030D000BDE8F083204610F0B2F9051E30DDE807A8
:1030E0001FD4206910F053F9206910F052F94FF005
:1030F0000309002307F104081A469F212046CDF852
:103100000490CDF8008010F04AF90546206910F0CF
:103110003EF925B38A4803685A07D4D08A4A2B4619
:1031200019E08748036813F0060F03D00221874A8D
:103130000EF0B3FE00220023204610F091F9054660
:10314000206910F024F9002DCEDA7D480368590774
:10315000B9D02B467E4A01210EF0A8FEB3E74046C7
:103160004A4606F12C0111F0BDFA804630B374488E
:1031700003685B071FD06C468CB097F8049097F8F3
:10318000058097F806E096F82CC096F82D1096F872
:103190002E3002AAD36208236E4EC2E9078EC2E91E
:1031A0000569C2E909C142F8103F44F240012B46CB
:1031B000FAF7E8FAA5466FF0150586E796F830307D
:1031C000002B38D0206910F0E4F8204610F037F9D1
:1031D000051E2BDD96F83030802225EA0305FD70B0
:1031E000434606212046CDE9008810F0D8F8054670
:1031F00050B1206910F0CBF8514803685C073FF4E8
:1032000062AF554A2B46A6E70121FB1C00938022A2
:1032100003460191204610F0C2F805460028E8D187
:1032200000220023204610F01BF90546206910F00B
:10323000AEF8002DE0D196F82F506B1EDBB2FD2BBF
:103240001DD815F00B0F41D0206910F0A2F815F031
:1032500008031ED001238022FA700193FB1C009307
:1032600017210023204610F09AF8054620691DBB5F
:10327000037D43F001030375206910F088F820698D
:1032800010F087F8636893F838309A0721D42069E2
:1032900030E0A80705D400238022B721CDE9003310
:1032A000E0E7802206212046CDE9003310F077F8D0
:1032B00005460028EFD0206910F069F8204803681F
:1032C00059073FF400AF254A2B4644E76FF08505C8
:1032D000F4E700238022B9212046CDE9003310F025
:1032E0005EF8054610BB6368256993F838309B0784
:1032F0000FD4284610F04BF8206910F04AF8204609
:1033000010F046F90546206910F041F805EAE57528
:10331000DBE611F024F94FF47A72A0FB020302FB02
:103320000131C00B40EA41402861B0E7206910F04C
:103330002EF8002DE0DA15F1860FDDD0C5E600BFCE
:10334000A4E900201AD7040078D7040032D704007B
:103350004FD7040091D70400CFD70400E4D704006E
:1033600010B5036961B920494F23204A20480EF067
:103370007AF820480EF077F84F211C480EF06AF8D2
:10338000486850B91C495023184A19480EF06BF888
:103390001A480EF068F85021EFE75868F8B18842F3
:1033A00019D19C680868A142586000D1986000203B
:1033B00008602AB15A680A609A68596002B999602F
:1033C000002010E0814206D10868206098688142A0
:1033D000EDD19C60EBE7044600680028F2D1002A9A
:1033E000E8D16FF0150010BD67D804002BD8040099
:1033F0004272030070D804007FD8040091D8040002
:1034000008B50268530904D14FF0FF33D340DB07FE
:103410000BD4074907484FF47473074A0EF023F89A
:103420004FF4747104480EF015F8044808BD00BF4D
:10343000DBD8040042720300A8D8040000258440B1
:1034400070B5446801F01F05207C86B045EA401540
:10345000A06800286DD0B2F5001F04D1294603F002
:10346000BFFA002049E00026B2F5800F01A80196BE
:10347000466031D1B3F1007F14BF052304238DF8DA
:1034800004300023CDE904030393E368CB40D9075C
:1034900035D4B2F1A07F32D168460095FFF7B0FF76
:1034A00005F1800350F82330DB0728D46A4629460B
:1034B000A06803F025F9163019D0CDF808D02946B8
:1034C000A06803AA02F0D2FF002816DB01222946D9
:1034D000A06803F007FAC4E7B3F1C06F05D0B3F1F9
:1034E000007F14BF01230223C9E70323C7E769460E
:1034F000A06803F0D3F90028DFDA06B070BD6A4691
:103500002946A06803F0FCF80028D8D19DF80010E7
:10351000A06803F0A3F90028D1D00749074840F27A
:10352000F113074A0DF09FFF40F2F11104480DF02E
:1035300091FF6FF08500E0E737AE040042720300B0
:10354000FED80400430970B507D1124B596821B168
:1035500001250C68104E854001B970BD8A682A406B
:1035600010D04B6863B90D4974230D4A0D480DF016
:103570007AFF0D480DF077FF742109480DF06AFFBE
:10358000304698471CB1236821461C46E4E7234691
:10359000FAE700BFBC420120D056030025F004002A
:1035A0002BD804004272030091D804002DE9F043A7
:1035B000476840F206363B7CD00601F01F0545EA1D
:1035C000431548BF032302EA060658BFC2F340135F
:1035D00087B0B6F5837F14468DF8033043D00DD8FD
:1035E000062E16D005D8A6B1022E3ED06FF01500DB
:1035F00036E0B6F5807FF9D101260AE040F20222DA
:10360000964234D0B6F5407F33D0B6F5007FEDD189
:1036100002260123220303FA01F12CD57B6899606D
:10362000B86868BB03A80395FFF7EAFE84F480330B
:1036300000EB8500C3F30043C4F34044D0F80022FC
:1036400044EA43049DF8033022F4E16244EA83042F
:1036500022F0070244EA06231343C0F80032002098
:1036600007B0BDE8F0830726D3E70426D1E7052697
:10367000CFE70326CDE7630344BF7B68D960CFE77C
:1036800029460DF1020203F03BF814F4403F804656
:1036900017D12946B86803F0C9F8B8F1000FDED198
:1036A0009DF80210B86803F0D9F80028D7D01E4959
:1036B0001E48FC231E4A0DF0D6FEFC211C480DF0CE
:1036C000C9FE4FF0000901ABCDE90199CDE90439FC
:1036D000CDF80C902946B86803AA02F0C7FE484509
:1036E000BDDB14F4003314D09DF8033084F480342F
:1036F000C4F300448DF80E308DF80C608DF80D4049
:103700004B462946B86803AA02F062FF0028C4DAD3
:10371000A5E7CDE904330DF1030303932946B86807
:1037200003AA02F0A3FEF1E737AE040042720300E1
:10373000FED8040038B54568A86890B103F05CF87D
:10374000014670B9A86803F00DF8044658B902465E
:103750000649A86802F0BCFF224605213120FEF789
:10376000AFFB002038BD6FF00400FBE745350200D9
:1037700008B50268530904D14FF0FF33D340DB078B
:103780000BD4074907484FF47473074A0DF06BFEDA
:103790004FF4747104480DF05DFE044808BD00BF8D
:1037A000DBD8040042720300A8D80400002584403E
:1037B0002DE9F04F1646824640F2FF19DFF82CB192
:1037C00085B000EB8108D04503D1002005B0BDE8ED
:1037D000F08FDAF800305A04C3F3C321C3F30804AE
:1037E0007BD4414A1B0E4C4508BF4FF0FF34575C59
:1037F0000C2B75D8DFE803F007350E111725112BB8
:10380000112E35386400C6F80C45631C5BD10AF1F3
:10381000040AD8E7C6F80845F7E7C6F81045651C5E
:10382000F5D0002557E0601CC6F80845EFD000250C
:1038300003A80394FFF79CFF012101FA04F3C3607E
:103840001BE0611CC6F80C45E1D00125F0E7C6F885
:103850000845E4E7621CC6F80C45D8D000210125D4
:103860000BE0C6F81445DAE7C6F80845002FD6D1B4
:10387000631CCCD0002506272946DAF800300394D3
:1038800003F40040002818BF002103A818BF012539
:1038900001930091FFF76CFF019B00EB8400D0F8CF
:1038A0000042C3F3412C00993B0243EA8C030B43D3
:1038B00004EA0B04234343EA4503C0F80032A6E7B9
:1038C000C6F80C45D2E7012503A80394FFF750FF83
:1038D00005FA04F383602946CFE76FF0150075E71A
:1038E0006FF0850072E700BF3CD90400F0F8FCFFE0
:1038F0002DE9F04104460D46476810F0A5FD88B15A
:103900004FF02008EFF31186314688F31288BFF399
:103910006F8F60680FF073FF50BB86F31188BFF3A1
:103920006F8FEFE71F4B1B78002BE9D04FF020087B
:10393000642660680FF063FF70B9012010F0C0F9D1
:10394000013EF6D10021212008F0E6FAF0E786F3E7
:103950001188BFF36F8FF5E7EFF31186314688F3D7
:103960001288BFF36F8F60680FF049FF0028EED018
:10397000BB6900201D706368BA691B68C3F84425E1
:103980000122C3F84825C3F82001D3F82041C3F829
:103990005801D3F858019A6081F31188BFF36F8FF3
:1039A000BDE8F081185C01202DE9F84305460022AE
:1039B00001210820FEF784FA0820FEF751FA6C680E
:1039C0000121E0680FF071FF6B681A682369C2F883
:1039D0002435617D237D0B43A17D0B43C2F86C35FB
:1039E0006F68D7E9004313F0010348D04FF0000897
:1039F000D5F8109004F10C01C4F8A08109F10C0273
:103A0000C4F88C8004F5907010F08FF9061E0ADA65
:103A1000284803685B0703D00121274A0EF03DFACE
:103A20003046BDE8F88399F80C0002F0FDF9082350
:103A3000C4F80035BB69C4F844350123C4F848858F
:103A4000A360D4F85831002BFBD00021C4F8001536
:103A50006D68E8682C680FF028FF0823C4F800356B
:103A60002A7A52B9EB69C4F834350123C4F83835E1
:103A7000C4F81021D4F8102123600026D0E70822D2
:103A8000C4F80025BA69C4F84425C4F848350123B0
:103A9000A360D4F82031002BFBD00023C4F82031E0
:103AA000D4F820310123E3604FF48073C4F8043369
:103AB000C7E700BFB4E9002044D9040008B5026894
:103AC000530904D14FF0FF33D340DB070BD4074930
:103AD00007484FF47473074A0DF0C5FC4FF4747136
:103AE00004480DF0B7FC044808BD00BFDBD8040053
:103AF00042720300A8D8040000258440034610B594
:103B00000A4619790123006803FA01F14368046940
:103B10001B6819420ED10E4940F2A2630D4A0E48AD
:103B20000DF0A1FC0D480DF09EFC40F2A261094889
:103B30000DF090FC2368194218BF82F0010222B1F7
:103B40008368DB68BDE81040184783681B69F9E7A4
:103B5000B4D9040083D9040042720300F2D90400EE
:103B60002DE9F84F45680121D0F81080064600AFD6
:103B7000E86A0FF008FF696B481C1FD0286B0FF034
:103B8000CCFF10F1130F04460DD1524803685A07B9
:103B900003D00121504A0FF0DCFE6FF012042046E2
:103BA000BD46BDE8F88F431D08D14A4803685D074C
:103BB000F5D00121494A0FF0CCFEF0E74FF00109A2
:103BC0006B6A9847D8F83050D8E90C3203EBC2033F
:103BD0009D420AD308F128000FF004FF736800210A
:103BE000D86A0FF0D0FE0024D9E7286810F070FBE7
:103BF0000346C8B9374802685107CED02A686C46D8
:103C00008AB0166829796A46D1614FF40071344D43
:103C100011843449C2E9055642F8101F4FF411517E
:103C2000F9F7B0FDA546B8E728682979EB8803F0D5
:103C30003002302AD0F810E0D0E901BA0ED12A497A
:103C400040F2F733294A2A480DF00DFC29480DF0BF
:103C50000AFC40F2F73125480DF0FCFB03F00602A8
:103C6000042A09D1244940F2FE33204A20480DF0AD
:103C7000FAFB40F2FE31EEE7DA0754BF43F4B0142A
:103C800083F4D014DBF8003009FA01FC1CEA030FBE
:103C900024F480120CD1194940F21143134A1448FC
:103CA0000DF0E1FB16480DF0DEFB40F21141D2E7CA
:103CB000DEF80030E4074CBF43EA0C0323EA0C03B0
:103CC000CEF80030DAF800309847041EFFF667AFF0
:103CD000083579E7A8E9002004DA04002FDA0400A7
:103CE0004CDA04000400000170DA040083D90400F7
:103CF00042720300A9DA0400E6DA0400B4D9040031
:103D0000F2D9040010B502780346002A72D10C697A
:103D1000D4F884203AB9D4F880006FF07301BDE87C
:103D200010400FF088BE606F48B1A16F39B1DB68F9
:103D30002BB1834203D0D4F8901010F0E3FC236F32
:103D4000D4F884204BB19A4222D92B4803685B07F0
:103D500003D00121294A0FF0FCFDA36AD4F8842086
:103D60009B88D90742BFE36F9B18E367A36F4BB1F2
:103D70009A4226D9204803685B0703D001211F4AD5
:103D80000FF0E7FDD4F88000BDE810400FF065BEED
:103D90009B1A23677BB9E36D04F170020833E36576
:103DA000236E04F16001013B236604F15C000FF017
:103DB000D7FDE066D1E7E36E002BCED01344E36677
:103DC000CBE79B1AA3677BB9636E04F178020833D3
:103DD0006366A36E04F16801013BA36604F164000D
:103DE0000FF0BEFD6067CDE7636F002BCAD01344B0
:103DF0006367C7E710BD00BFA8E9002019DB040016
:103E00002DE9F04F8FB09A46436800AFFB608B8876
:103E1000064604699804894693462ED44FF0FF3233
:103E20004FF0FF3304F1380006F062FAC4F82C902A
:103E30007568D6F810802B687B6098F8893023B1BC
:103E4000D8F82830994500F00881B9F804C01CF46E
:103E500000631ED068480368590715D16FF08505C7
:103E6000A36A1BB19B889B0400F1C5810023E36218
:103E700004F1380006F0BEF9BDE1236C002BCDD172
:103E8000E36A9942CAD1D3E701215C4A0FF061FD90
:103E9000E4E71CF0010F18D057480268520711D010
:103EA0006D4688B031686A46554EC2E905614FF4E7
:103EB00000719183534942F8101F4FF4E251F9F712
:103EC00061FCAD466FF01505CAE71CF0080F08D07D
:103ED000494803685B07F5D04B4A01210FF039FDD3
:103EE000F0E7CCF34513082B05D0434803685E0781
:103EF000E8D0464AF1E7D9F80030BB60BA68444BD5
:103F00009A4205D83C4803685D07DBD0414AE4E7A4
:103F100007F1180E04350FCDAEE80F0095E80F003D
:103F20008EE80F00D7E901239A4228BF1A463A4B80
:103F30009A4211D2394B9A424DD8394B9A424CD8B9
:103F4000384B9A424BD8384B9A424AD83748384B6C
:103F50003849824288BF0B461CF0020FFB620CF00E
:103F6000040340D0002B14BF0323022387F8303012
:103F7000CCF3001387F83130D8F80030D3F8083587
:103F8000581C0BD001251CF0020F05FA03F57B61CC
:103F900007F114002BD1FFF791FDC56098F8893027
:103FA0002BB1404603F0D8F8002388F88930334617
:103FB0004046214A07F1180103F09EF8051E47DA32
:103FC0000D48036859073FF44BAF01212B461B4AAC
:103FD0000DF06CFF44E71A4BBEE71A4BBCE71A4BD7
:103FE000BAE71A4BB8E7003B18BF0123BEE7FFF75B
:103FF00065FD8560D2E700BFA8E9002037DB04003B
:1040000051DB04000300000173DB040092DB0400B9
:1040100047E80100C1DB040000127A00FF083D0000
:104020007F841E003F420F001FA107008FD00300B6
:1040300048E8010090D00300053D0200F2DB0400D7
:1040400000093D0080841E0040420F0020A10700AF
:104050000123C8F8289088F88930012384F8883033
:10406000FB68596B4A1C0DD0186B00F0EFF87430E8
:1040700008D16348036813F0060F03D00221614A98
:104080000FF067FCBBF1000F74D1C4F85CB00023E3
:10409000236604F1700204F1600104F15C000FF08A
:1040A0005FFCE066BAF1000F6CD1C4F864A0002395
:1040B000A36604F1780204F1680104F164000FF0D2
:1040C0004FFC002204F1280501216067A265284603
:1040D000E2670FF067FC30460FF0BFFCD4F828C051
:1040E000BCF8043013F0010362D11A46206E8242FC
:1040F00050D100221146A56EA94252D1934238BF39
:1041000013464FF4FA5202FB03F5DCF8003040F29C
:10411000E730B5FBF3F54FF4004C0021C8354FF400
:104120007A720023E5FB0C01E4F762FD02460B46C0
:1041300004F14808404606F0DBF800283CD030483F
:1041400003685D0703D001212F4A0FF002FC002510
:104150002046C4F8845002F0FFFF6FF07301304630
:1041600084F889500FF067FC404606F03BF96FF089
:10417000730575E6DBF80030E365002B87D0DBF8CC
:10418000043085E7DAF800306366002B8FD0DAF868
:1041900004308DE7E16D01EBC201496801320B4447
:1041A000A5E7606E00EBC100406801310244A3E75F
:1041B0004FF0FF321346BBE7A36AA56D9B88D90772
:1041C0000ED565B115F1740FC1D0002230691146CA
:1041D00028300FF0E7FB002DFFF642AE05E0E56F5B
:1041E00015F1740FB3D0002DEFD1A36A1BB19B88DA
:1041F0009A047FF535AE28463C37BD46BDE8F08FC2
:10420000A8E9002017DC040041DC040008B50268BE
:10421000530904D14FF0FF33D340DB070BD40749D8
:1042200007484FF47473074A0DF01DF94FF4747189
:1042300004480DF00FF9044808BD00BFDBD80400A6
:1042400042720300A8D80400002584402DE9F34100
:104250000C4605460FF07EFE002221460746284602
:1042600002F040FB01A80194FFF7D0FF00EB8402AD
:10427000D2F80012154BA6000B4043F00C03C2F815
:1042800000320FF0B1FC80462B68DB59ABB1002740
:104290002146284602F0A4FB01A80194FFF7B6FFCF
:1042A0003044D0F80022094B134043F00403C0F817
:1042B0000032384602B0BDE8F0810FF095FCA0EB6B
:1042C00008000628E0D96FF07307E1E7F0F8FCFF7B
:1042D000084C08B5084940F27963224607480DF0BA
:1042E000C2F807480DF0BFF840F2796120460DF0A2
:1042F000B1F800BF83D90400B4D9040042720300AE
:10430000F2D90400034670B50C46DA88006802F062
:10431000400219792243D0E901539C69002C4DD009
:1043200002F4C003B3F5C00F0ED125494FF46373F7
:10433000244A25480DF097F824480DF094F84FF4DE
:10434000637120480DF086F863B921494FF4647316
:104350001C4A1D480DF087F81E480DF084F84FF4F4
:104360006471EEE702F0C863B3F5800F0CD11A490F
:104370004FF46873134A14480DF075F817480DF0A0
:1043800072F84FF46871DCE701232D688B402B42F3
:104390000CD1134940F2A5330A4A0B480DF063F8DB
:1043A00010480DF060F840F2A531CAE70E4BA44664
:1043B000BDE87040134002F0B072604770BD00BFAE
:1043C00083DC040083D9040042720300D0DC0400C3
:1043D000FCDC04002CDD040057DD0400BEDD04001D
:1043E000B4D90400F2D90400400000062DE9F843D6
:1043F0000546D0F8048006690121D8F8240000AFF2
:104400000FF0B8FB2B46414630464C4A03F094F877
:104410000446D0B14A4803685B0712D02B686D464A
:1044200088B06A464749C2E905134FF40073938385
:10443000454B42F8103F00234FF4E251F9F7A2F93F
:10444000AD462046BD46BDE8F8833368C3F8000595
:10445000D8F82800A0B9336B23B9736206F128009D
:1044600005F0C8FE6C680021606A2D690FF082FBC0
:10447000A36A1BB902222B68C3F800250020E1E7DC
:104480000FF026FF002853D0B8F82EC0D8F8280027
:104490004CF4302298F82C1042F006020CF0300454
:1044A000302CD0F810E0D0E901390ED1274940F284
:1044B000F733274A27480CF0D6FF27480CF0D3FFE4
:1044C00040F2F73122480CF0C5FF01241B688C40F4
:1044D0001C420CD1214940F211431D4A1D480CF0E9
:1044E000C2FF1F480CF0BFFF40F21141EAE7DEF8BF
:1044F00000301CF0010F14BF2343A343CEF800305B
:10450000D9F80030984700289CDB012298F82C301D
:10451000144802FA03F3C6E92203D8F8280006F18A
:1045200084018368DB6933B19847002893DA89E70F
:104530006FF0120086E76FF0570083E7B33B03008C
:10454000ACE9002003DE04000300000170DA04007F
:1045500083D9040042720300A9DA0400B4D904002C
:10456000F2D90400C93B03002DE9F04F87B0804623
:104570009A4693460469466802AF002A33D0D2F8BF
:104580000090BAF1000F30D0DAF800508B889A040E
:104590002DD479604FF0FF324FF0FF3304F1280043
:1045A00005F0A6FE79686162D8F81000036A9942A6
:1045B00072D08A88130521D599480368590703D01A
:1045C000984A01210DF069FC6FF08505236A1BB143
:1045D0009B889B0400F1B9810023636204F12800E9
:1045E00005F008FEB1E19146CBE75546CEE7236BD7
:1045F000002BCED1636A9942CBD1D5E712F00103EB
:1046000019D187480268520712D06D4688B0D8F891
:10461000001002AA844EC2E905614FF40071918333
:10462000824942F8101F4FF4E251F9F7ABF8AD465A
:104630006FF01505CAE7130708D5794803685D07C9
:10464000F6D07B4A01210DF028FCF1E7C2F34512B8
:10465000082A05D0724803685907E9D0754AF1E77E
:104660000B7D2BB16E4803685A07E1D0724AE9E727
:1046700001628B880268190913F0020F01F0010131
:1046800003F0040303D0DBB941F0040102E00BB1F5
:1046900041F00201C2F85415BBF1000F03D0DBF862
:1046A0000430012B06D8BAF1000F0CD0DAF8043030
:1046B000012B08D95A4803685B0785D05F4A80E719
:1046C00041F00601E6E7B9F1000F2CD0D9F804302B
:1046D0006BB1D9F8003003F06043B3F1005F06D04E
:1046E0004F4803685E073FF46FAF554A69E7B06A09
:1046F000002839D1D9E90012D8F80430D8F81000D0
:10470000B3F820C0002D76D162452B4614D9444819
:10471000016811F0070174D1B36A002B88D02368B7
:10472000C3F8001584E7B06AF0B9D8F81000002D7E
:1047300054D129462A462B46456600932B4602F063
:1047400035FF0546002840F0F180B06A002800F0EF
:1047500093800125436896F82C101B6805FA01F137
:10476000194279D1FFF7B4FD4FF0010A96F82C30C9
:104770000AFA03FA43681B681AEA030F0ED131499B
:1047800040F22463304A31480CF06DFE30480CF0A2
:104790006AFE40F224612C480CF05CFE836807F14D
:1047A0000C015B68984788B9FB681AEA030F0DD1C2
:1047B0004FF0886106F12800FFF7A4FD4FF0FF32AB
:1047C0004FF0FF3304F1740005F092FD02222368DC
:1047D000C3F80025B9F1000F8CD1A6E70021D8F865
:1047E00004206B68B2F820C00A46D8F810002D6883
:1047F0009C45A1D28BE76245D5E900E387D8754691
:10480000F6E7012100931346124A0DF059FBB36AF3
:10481000002B3FF40DAF00222368C3F8002507E703
:10482000ACE9002037DB040023DE040003000001B4
:1048300073DB040092DB040046DE04006BDE040040
:104840008FDE0400B4D9040083D90400427203004F
:10485000F2D90400B9DE040083681B69984796F812
:104860002C30B06A05FA03F143681B6819423FF423
:1048700079AF8368DB689847D4F820C0BCF804306F
:1048800013F0010342D11A46206D824230D100223A
:104890001146A56DA94232D1934238BF13464FF459
:1048A000FA5202FB03F5DCF8003040F2E730B5FBCA
:1048B000F3F54FF4004C0021C8354FF47A72002311
:1048C000E5FB0C01E4F794F902460B4604F13800CD
:1048D00005F00EFD18B31F4803685D0703D00121E2
:1048E0001D4A0DF0DAFAB36AA3B96FF073056DE6ED
:1048F000E16C01EBC201496801320B44C5E7606D10
:1049000000EBC100406801310244C3E74FF0FF32C1
:104910001346DBE700222368C3F80025E5E7236A96
:10492000A56C9B88D90701D505B9E56EB36A1BB1A3
:1049300000222368C3F80025002D236AFFF646AE47
:104940001BB19B889A047FF541AE28461437BD46BB
:10495000BDE8F08FACE9002041DC040070B40E49E2
:1049600022F07F46D1E90034D01AC31844F1000484
:10497000C1E90034A6F50013B3F5400F09D2074B87
:104980001B681A0A1B069C19054B42F10005C3E976
:10499000004570BC08F0A6B8182D0120D0420120B7
:1049A000202D01200D4B1868010A0006BFF35F8F10
:1049B0000B4BD3F80435181841F10001B3F5801FF3
:1049C0000AD2084BD3E90023904271EB030303D2D0
:1049D00010F1807041F10001704700BFD04201200A
:1049E00000500140202D01202DE9F7432E4BD3F834
:1049F000042390070BD5D3F8042142B10022C3F859
:104A000004212A4AD3F80431136801331360264A7B
:104A1000D2F80433D90326D5254BD3E8EF1F21F074
:104A20000100C3E8E40F002CF7D1CB0702D4D2F881
:104A30004031C3B100251C4CC4F84051D4F840317A
:104A4000FFF7B0FFEFF31182202383F31288BFF347
:104A50006F8F184BD3E90267B042B94106D282F397
:104A60001188BFF36F8F03B0BDE8F0834FF0FF38BC
:104A7000D3E900104FF0FF391D60C3E902894FF4FC
:104A80008033C4F84833C4F84051D4F8403182F33D
:104A90001188BFF36F8F0029E5D0009032463B4666
:104AA00028468847DFE700BF00500140D042012080
:104AB000C8420120082D01202DE9F84F04460D467B
:104AC000434FD7E8EF8F28F00103C7E8E23F002A01
:104AD000F7D14FF480393F4EC6F80893BFF35F8F8C
:104AE000BFF36F8FFFF75EFFA04271EB050308F085
:104AF000010840D2384B201A65EB0101984271F150
:104B0000000148D2354BD3E902239D4208BF9442AD
:104B10003AD04FF0000C24F07F40834603216FF021
:104B2000020EC6F84893C6F840C1D6F84031DFF807
:104B3000BCA02BF07F43C6F84035C6F84493D6F8A6
:104B40000425AEEB02035B4423F07F4353451BD99E
:104B5000D6F840315BB1D6F80425131A23F07F4311
:104B6000B3F5000F10D9C6F840C1D6F8403101EBBB
:104B7000020B0131DDE71A4BD3E8EF1F41F00101D1
:104B8000C3E8E21F002AF7D1144B164AC3E90245D5
:104B90001A6000225A60B8F1000F16D0D7E8EF3F34
:104BA00043F00103C7E8E23F002AF7D14FF4803217
:104BB000084BC3F804230A4BD3E8AF3FDB0742BFDF
:104BC0004FF40012084BC3F80021BDE8F88F00BF76
:104BD000CC4201200050014001008000082D01203E
:104BE000C84201205D49020000E100E0FDFF7F00B6
:104BF00070B54FF0FF3000254FF0FF31164C174BCA
:104C00000226C4F80833C4F84833154BC4F80855D5
:104C1000C3E902014FF480334FF40012C4F80433A7
:104C2000104B0121C4F804631520C3F880212A46E3
:104C3000FDF746F91520FDF713F901230A4AA36091
:104C40000021236009481360FFF736FF3046FDF767
:104C5000FFFF284670BD00BF0050014003000F0059
:104C6000082D012000E100E0CC420120FFFF7F0081
:104C7000431C10B50F4C05D08442A8BF0446012C3C
:104C8000B8BF0124FFF78EFE0B4AD2E90031C01AEB
:104C9000B0F5000F074A0AD22044904228BF1046C0
:104CA000BDE81040C01841F10001FFF705BF1046F4
:104CB000F6E700BFFFFF7F00182D012008B5FFF7C2
:104CC00071FE024B1B68C01A08BD00BF182D0120E1
:104CD00070B505460C4C0D4EB44212D90C49A223B6
:104CE0000C4A0D480CF0BFFB0C480CF0BCFBA22199
:104CF00008480CF0AFFBD4E9003128469847083447
:104D0000EAE7F8D370BD00BF9400050094000500E9
:104D100029DF0400F7DE04004272030082B10400C0
:104D200070B5002201212A20FDF7CAF8134802F0CD
:104D300017FD044640B1124803685B0704D0012107
:104D40002346104A0DF0B2F80F4D104EB54212D95D
:104D50000F49C8230F4A10480CF085FB0F480CF090
:104D600082FBC8210B480CF075FBD5E900312046C9
:104D700098470835EAE7F8D3204670BDC06E0300B7
:104D80008CE900204DDF040094000500AC00050014
:104D900079DF0400F7DE04004272030082B10400F0
:104DA000F0B50F4B01461A680E4B0B25002618462E
:104DB0001F46B84201D3013D04D11846013A19609B
:104DC0005A60F0BD04688C42FBD03CB14468141BAF
:104DD000A642BCBF034626460830EAE70346ECE796
:104DE000784301208443012008B50B4B1B7873B92D
:104DF0000A4940F246330A4A0A480CF034FB0A4892
:104E00000CF031FB40F2463105480CF023FBBDE8C5
:104E1000084007F013B900BF185C01207EAD040004
:104E200053AD04004272030091AD04000020054B15
:104E3000C3E90000044BD3E8EF2FC3E8E10F0029DA
:104E4000F9D170477C430120784301202DE9F04FD0
:104E500087B005460E460FF077F920B96FF06D0068
:104E600007B0BDE8F08F0FF07AFB33680446002BE3
:104E70000F4604D106F036FF6FF00A00F0E7BCBF22
:104E80004FF0FF3333600122002101A80FF06BFACD
:104E9000E8460595EFF3118B202383F31288BFF3C7
:104EA0006F8FFFF7A1FF8146FFF77AFFDFF818A1A8
:104EB0004268DAF800309A426BD10023414D0093EA
:104EC0006B68002B6CD1C5E900888BF31188BFF3A8
:104ED0006F8F33685A1C68D04FF4004E40F2E730B1
:104EE000002123EAE37C4FF47A720023CCFB0E010D
:104EF000E3F77EFE02460B4601A805F0F9F9EFF351
:104F0000118B202383F31288BFF36F8F00222B684D
:104F10005BB1434553D10099002A4AD16A682960A0
:104F20009A4200D16960002300934846FFF738FF9A
:104F3000DAF8003043608BF31188BFF36F8F0FF006
:104F400003F900288AD035686B1C27D00FF007FBC7
:104F50004FF47A7EA0FB0E320EFB0121A4FB0E4221
:104F60000EFB0722DB0BE40B43EA414344EA4244D5
:104F70001B1B4FEAD1314FEAE57C61EBD231ED1AD0
:104F80006CEB010CBCF1000FB8BF002535602DB9EA
:104F900072E743608BF31188BFF36F8F00205FE7E8
:104FA000C3F80080C5F804808FE74FF0FF32134646
:104FB000A2E711606968994208BF6A60B3E71A46C0
:104FC0001B68A5E77C4301207843012070B5046885
:104FD000124B2CB19C4203D303F19005AC4217D382
:104FE0000F4D2C78082C0ED90E4940F207130E4AAB
:104FF0000E480CF038FA0E480CF035FA40F2071162
:1050000009480CF027FA661C03EB04132E700360AA
:105010000068BDE870400FF0A6B900BFE84201206B
:10502000834D012003E004009EDF04004272030070
:105030000CE0040008B528B10C4A904202D390322B
:1050400090420ED30A494FF48B730A4A0A480CF077
:105050000AFA0A480CF007FA4FF48B7105480CF075
:10506000F9F9BDE8084005F0C5B800BFE8420120E5
:1050700032E004009EDF040042720300B4E1040049
:1050800070B5054628B1194B984202D39033984227
:105090000ED317494FF49073164A17480CF0E3F9F2
:1050A00016480CF0E0F94FF4907112480CF0D2F968
:1050B0004B1C17D021EAE1744FF4004640F2E73070
:1050C00000214FF47A720023C4FB0601E3F790FD40
:1050D00002460B46284605F00BF9002818BF6FF072
:1050E0000A0070BD4FF0FF321346F3E7E84201209B
:1050F00032E004009EDF040042720300B4E10400C9
:1051000008B50268104B2AB19A4203D303F1140187
:105110008A4214D30D4A117871B10D494FF49D7331
:105120000C4A0D480CF09FF90C480CF09CF94FF418
:105130009D7108480CF08EF9012103601170006820
:10514000BDE808400FF0F1B8D4420120824D0120A3
:10515000CEE104009EDF040042720300D7E10400A8
:1051600008B528B10C4A904202D3143290420ED3B3
:105170000A4940F249130A4A0A480CF074F90A48ED
:105180000CF071F940F2491105480CF063F9BDE8E3
:10519000084004F0F5BD00BFD4420120FAE104004C
:1051A0009EDF0400427203009AE3040070B50546D6
:1051B00028B1194B984202D3143398420ED31749A1
:1051C00040F25313164A17480CF04DF916480CF0EC
:1051D0004AF940F2531112480CF03CF94B1C17D01D
:1051E00021EAE1744FF4004640F2E73000214FF429
:1051F0007A720023C4FB0601E3F7FAFC02460B4671
:10520000284604F0EDFC002818BF6FF00A0070BDBE
:105210004FF0FF321346F3E7D4420120FAE10400D5
:105220009EDF0400427203009AE3040038B505468D
:105230000A4BD3E8EF1F0131C3E8E21F002AF8D17F
:10524000074B1C6804B938BD6369AB4201D005B196
:1052500013B9201D04F0CEFF2468F3E77843012042
:105260007C430120014600220023014804F048BA93
:10527000EC4301200146014804F050BAEC43012000
:1052800008B54FF48062064906480FF034F8BDE8CF
:1052900008404FF47052044904480FF02CB800BF86
:1052A000844D0120D443012028870020EC430120B5
:1052B00010B5044B1C6804B910BD201D04F09AFF02
:1052C0002468F8E77C43012070B505460C4C0D4E70
:1052D000B44212D90C4913230C4A0D480CF0C3F800
:1052E0000C480CF0C0F8132108480CF0B3F8D4E9CE
:1052F0000031284698470834EAE7F8D370BD00BF6C
:105300009400050094000500E9E30400BAE30400FA
:105310004272030082B10400014802F033BE00BFB4
:10532000C9520200034638B105480268520705D049
:105330000121044A0CF0BABDFFF7EEBF704700BF71
:105340008CE9002011E40400012310B503FA01F1F7
:10535000436804691B6819420ED10E4940F2A263EA
:105360000D4A0E480CF07FF80D480CF07CF840F226
:10537000A26109480CF06EF82368194203D022B1EB
:1053800083681B6903E0002AFAD08368DB68BDE804
:1053900010401847B4D9040083D9040042720300B6
:1053A000F2D904002DE9F041074688460025124E47
:1053B00027FA05F212F0010214D128FA05F3D907F1
:1053C00012D531793068FFF7BFFF044660B10B4852
:1053D00003685B0703D00121094A0CF05EFD2046FB
:1053E000BDE8F0810122ECE70135032D06F1080646
:1053F000DED10024F3E700BFEC6E03006CE900206F
:1054000036E4040008B5054803685B0703D00121B2
:10541000034A0CF042FD6FF0150008BD6CE9002056
:105420004CE404002DE9F04100260127314CE588C9
:105430002068217945F4003205F0300CBCF1300FC2
:10544000D0F810E0D0E901380ED12B4940F2F73303
:105450002A4A2B480CF007F82A480CF004F840F2CE
:10546000F73126480BF0F6FF05F0060CBCF1040FEF
:1054700009D1254940F2FE33204A21480BF0F3FFC1
:1054800040F2FE31EDE71B6807FA01FC1CEA030F4E
:105490000CD11E4940F21143184A19480BF0E3FFA2
:1054A0001B480BF0E0FF40F21141DAE7DEF8003074
:1054B000ED074CBF43EA0C0323EA0C03CEF800309F
:1054C000D8F800309847054650B1124803685B078A
:1054D00003D00121104A0CF0E0FC2846BDE8F08121
:1054E0000136032E04F10804A1D1BDE8F0410F21DB
:1054F000FFF758BFEC6E030070DA040083D9040094
:1055000042720300A9DA0400E6DA0400B4D9040008
:10551000F2D904006CE9002067E4040002280A467E
:1055200010B503D9BDE81040FFF76CBF094B03EB82
:10553000C001097953F83000FFF706FF044638B17F
:10554000054803685B0703D00121044A0CF0A5FC61
:10555000204610BDEC6E03006CE9002036E4040028
:1055600008B5074802F008FD034638B1054802684F
:10557000520703D00121044A0CF098FC002008BD1A
:105580009D56020060E9002095E404002DE9F843EF
:1055900004460026334DDFF8009100AF4D4521D978
:1055A00031493923314A32480BF05DFF31480BF065
:1055B0005AFF39212D480BF04DFF95F8088018F05F
:1055C000010F0BD1296819B120460FF032FA28B12A
:1055D00018F0020F04D020466B6898470C35DDE7C1
:1055E0000126FBE7E9D3002E38D02046E3F742FB43
:1055F0000022411D0023204804F082F8054610BB1C
:105600001E48036813F0060F11D06E4688B06A4634
:105610001B4BC2E905344FF400739383194B42F8D6
:10562000103F4FF4E4512B46F8F7ACF8B5464F2342
:105630000E4A15490E480BF016FF214613480BF091
:1056400012FF4F21B6E7214604300FF0B9F9104898
:1056500029460EF07DFE0F4805F09CF9BD46BDE8D9
:10566000F88300BF04E90020EEE40400C2E4040073
:105670004272030082B10400B0EA002060E9002019
:105680000EE50400030000013AE5040043E50400D0
:105690000CED0020D4E6002010E9002008B548B940
:1056A000064907483623074A0BF0DDFE3621054838
:1056B0000BF0D0FEBDE80840FFF768BF71E50400BD
:1056C00042720300C2E404002DE9F8431A4E1B4F56
:1056D000DFF8808000220023304604F0FFFC0546FE
:1056E000F8B9BDE8F883237ADA070AD49B0708D40F
:1056F000216819B148460FF09CF910B1484663681B
:1057000098470C34BC4210D90D4960230D4A0E480D
:105710000BF0A9FE0D480BF0A6FE602109480BF026
:1057200099FE0B4C05F10409ECE7DCD32946404611
:1057300003F0F4FFCEE700BF0CED002010E90020DD
:10574000EEE40400C2E404004272030082B10400EB
:1057500004E90020B0EA002008B5064A064B0749D4
:105760001860137A43F0010313720CF0A0FE0020BE
:1057700008BD00BF04E900200444012091E50400B5
:1057800008B5064B06491860064B1A7A6FF30002FB
:105790001A720CF08CFE002008BD00BF04440120EA
:1057A000B4E5040004E9002038B5124B0129054690
:1057B000186005D8104A11490CF079FE00240DE05C
:1057C000536840F68D210E4A0E4802F045FC041E37
:1057D00006DA224628460C490CF069FE204638BD00
:1057E0002846084A0549E7D00CF061FE6FF0150421
:1057F000F4E700BF0444012039E704008BE604000D
:105800007414040084510120D6E5040008B50B4B44
:105810000246186860B90A492A230A4A0A480BF066
:1058200022FE0A480BF01FFE2A2106480BF012FE4A
:105830000749BDE808400CF03ABE00BF044401200F
:105840002CE6040004E604004272030048E604006B
:1058500079E60400014610B5074802F099FB0346BB
:1058600048B106480268520705D0BDE81040012142
:10587000034A0CF01BBB10BD7414040084E9002023
:1058800020E8040010B50C4C20460EF0BBF9204671
:105890000EF0B8F920460EF0B5F920460EF0B2F938
:1058A00020460EF0AFF920460EF0ACF92046BDE8D8
:1058B00010400EF0A7B900BF08F40400034638B149
:1058C00005480268520705D00121044A0CF0EEBADF
:1058D000FFF7D8BF704700BF84E9002011E404003F
:1058E00010B5084908480EF0A5F9044640B107482C
:1058F00003685B0704D001212346054A0CF0D6FA61
:10590000204610BDE55B02000844012090E900201C
:1059100054E804002DE9F843DFF8C492954DD9F816
:1059200070402B68072C0E4600AF00F0080803F00B
:10593000070372D0132C00F0D080052C40F0F580C6
:10594000D9F854901BB128468B490EF06FF919F421
:10595000805F54D02B68590703D0884985480EF0E2
:1059600065F9172419F4006F07D02B685A0703D084
:10597000834980480EF05AF9182419F4007F14D096
:105980002B685B0703D07F497A480EF04FF97E4BB6
:1059900019F4004F9B6B07D02A68540704D00121EB
:1059A0007A4A74480CF082FA192419F4806F07D0EF
:1059B0002B68580703D076496E480EF037F91A2441
:1059C00019F4807F1DD02B68590703D071496948AD
:1059D0000EF02CF91B24F369B8F1000F40F0C480DD
:1059E000C3F3080222B96FEA53236FEA4323F3613A
:1059F00031462046FBF7F6FCBD46BDE8F883162489
:105A0000B0E719F4005FE6D02B685A0703D062496B
:105A100058480EF00BF91C24DDE7D9F85C401BB1A7
:105A200028465E490EF002F9630609D52B6858072F
:105A300006D0D9F868300121594A4E480CF036FAA0
:105A4000E10708D52B685A0703D0564949480EF09C
:105A5000EDF82624BFE7A30708D52B68580703D025
:105A6000514944480EF0E2F82724B4E7610708D50D
:105A70002B685A0703D04D493E480EF0D7F828242A
:105A8000A9E7230708D52B68580703D048493948A8
:105A90000EF0CCF829249EE7E10608D52B685A07BA
:105AA00003D0444933480EF0C1F82A2493E7A306F3
:105AB00008D52B685D0703D03F492E480EF0B6F895
:105AC0002B2488E724064DD52B68580703D03B4983
:105AD00028480EF0ABF82C247DE7D9F86C901BB168
:105AE000284637490EF0A2F819F0020F06D02B68AD
:105AF000590703D033491F480EF098F819F0010FE9
:105B000006D02B685A0703D02F491A480EF08EF89A
:105B100019F0040F3FF45FAF2B685B073FF45BAFF6
:105B20002A4914480EF082F855E7CBB1284A294B90
:105B3000E9468AB00F2CC8BF13466A462649103C76
:105B4000C2E905134FF400731384244BD46142F867
:105B5000103F00234FF411512846F7F713FECD46AE
:105B6000002438E7252436E723F4FF7323F00103EC
:105B70003DE700BF90E9002033CF040049CF040087
:105B8000CDCC04005ACF040000ED00E073CF040038
:105B900088CF0400A3CF04002DCD04008EE80400BC
:105BA000A7E80400B7E80400CDE80400EBE804002F
:105BB00006E9040023E9040038E9040052E904007E
:105BC00065E904007FE90400AFE90400DDE90400B1
:105BD000D0CF0400BBCF040056D104000400000164
:105BE0000844012000B5244BA7B01A7872B92349A4
:105BF0004FF49273224A23480BF035FC22480BF0F5
:105C000032FC4FF492711E480BF024FC5A6AD86C97
:105C100009929A6ACDF88CD00A92DA6A20F00500CF
:105C20000B921A6B09A90C925A6B0D929A6B0E92F9
:105C3000DA6B0F921A6C10921A6D92075A6C48BF69
:105C400040F0040024929A6C08925A6800929A6874
:105C50000192DA6802921A6903925A6904929A6967
:105C600025900592DA691B6A06920793FFF752FEA8
:105C700027B05DF804FB00BF0844012044EA04009B
:105C800011EA04004272030054EA04002DE9F041D5
:105C9000A2B005460E46174698460EF0D5FBA0B1B9
:105CA00001246846FBF7C4FF424639463046289B2C
:105CB000A847054668460DF0CFF914B90B4804F023
:105CC0005FF8284622B0BDE8F081094B1B78002B15
:105CD000E6D04FF0FF324FF0FF33044803F080FF6F
:105CE00004460028DDD06FF08305EAE76CEB002066
:105CF000185C0120002300B589B0CDE9063303AB61
:105D00000493042303900593A9B10B6806934B6891
:105D100007930223111E18BF01210848CDE9002175
:105D200040F2F53104AA00F02FF80028B8BF012096
:105D300009B05DF804FB0123ECE700BF050100405A
:105D400070B5402696B006AB05460C46324600219B
:105D500018460EF0FEFC4FF48072CDE90206CDE944
:105D60000454ADF8402054B1012304AA009200214C
:105D70000448019302AA00F007F816B070BD20464F
:105D8000FBE700BF0001004010B4B1F5004F029CDA
:105D90000FD2042B0DD8042C0BD8240444EA03643E
:105DA000134644EA010201465DF8044B0348FFF73D
:105DB0006DBF6FF080005DF8044B7047217C0000E0
:105DC000054AD2F8883043F47003C2F88830BFF334
:105DD0004F8FBFF36F8F704700ED00E0014B1860ED
:105DE000704700BF7C44012010B50B4B1446186867
:105DF00058B90A490A4840F2F3130A4A0BF033FB38
:105E000040F2F31107480BF025FB0DF05BFF002873
:105E1000A4BF2070002010BD7C440120BDEA040016
:105E20004272030080EA04000123024A8340C2F860
:105E30000435704700700140014B00201B68184773
:105E400080440120014B1B68184700BF804401209B
:105E500010B50C4C237993B9012323710A4B002808
:105E6000206018BF184600F0B3F850B923680748FF
:105E7000002B08BF1846BDE8104000F033B96FF0A2
:105E8000770010BD80440120395E0200455E0200AB
:105E900008B50C4B1A794AB90B490C48B1230C4A86
:105EA0000BF0E1FAB1210A480BF0D4FA1B6843B1B8
:105EB0000520FBF7F7FF20B9BDE808400520FBF7F8
:105EC000CFBF08BD8044012010EB040042720300E4
:105ED000D3EA040008B5124B1B795BB9114940F2B3
:105EE0000513114A11480BF0BEFA40F205110E4895
:105EF0000BF0B0FA58B101280DD00D494FF4927350
:105F0000094A0A480BF0AFFA4FF49271EFE7BDE887
:105F1000084000F0F9B8BDE8084000F067B800BFDD
:105F20008044012010EB0400D3EA04004272030015
:105F3000C1F1040008B5124B1B795BB9114940F25D
:105F40002B13114A11480BF08EFA40F22B110E4818
:105F50000BF080FA28B1012807D1BDE8084000F015
:105F600075B8BDE8084000F023B909494FF4A5739E
:105F7000054A06480BF077FA4FF4A571E7E700BF32
:105F80008044012010EB0400D3EA040042720300B5
:105F9000C1F1040038B501230C4C42F21075C4F86D
:105FA000083363600023C4F80031D4F80031D4F81A
:105FB0000C24D4F80C34D20306D5DB0704D5012019
:105FC0000DF07EFE013DF2D138BD00BF0050004013
:105FD000054B0246187918B91A6001221A717047E8
:105FE0006FF07700704700BF8844012008B5124960
:105FF0000B794BB9114912487723124A0BF033FA47
:10600000772110480BF026FA00220F4BC3F800212D
:10601000D3F8002101221A60096811B1C3F80423E2
:1060200008BDD3F80021002AFBD00022C3F80021CC
:10603000D3F80031F4E700BF8844012010EB0400DE
:10604000427203002EEB04000050004008B5084BDC
:106050001B794BB9074908488923084A0BF003FA12
:10606000892106480BF0F6F9BDE80840FFF792BF1A
:106070008844012010EB0400427203002EEB040060
:10608000094BD3F80423D2070DD5D3F8002152B120
:106090000022C3F80021D3F800210122C3F808230D
:1060A000024B1B681847704700500040884401208D
:1060B00038B502230A4C42F21075C4F808330123A4
:1060C000E3600023C4F80431D4F80431D4F8183460
:1060D000DB0304D501200DF0F3FD013DF6D138BD01
:1060E00000500040064B0246187930B91A60012270
:1060F0001A71044BC3F8182570476FF0770070478A
:10610000904401200050004010B5244C23794BB935
:1061100023492448E523244A0BF0A5F9E521224828
:106120000BF098F9214BD3F81814D3F81824C903AD
:1061300019D502F00302022A04D0012A01D0FFF788
:10614000B7FF0122194BC3F818250022C3F8042118
:10615000D3F8042101229A6022688AB9D3F8042175
:10616000002AFBD014E0D3F81424D207E9D5D3F8E1
:106170001C2402F00302013A012AE0D822681AB175
:106180000222C3F8042310BDD3F80421002AFBD057
:106190000022C3F80421D3F80431F4E7904401202D
:1061A00010EB04004272030071EB04000050004049
:1061B00008B5094B1B795BB9084909484FF491733D
:1061C000084A0BF050F94FF4917106480BF042F970
:1061D000BDE80840FFF76CBF9044012010EB0400BD
:1061E0004272030071EB0400F8B501261F4C204FEA
:1061F000D4F8045305F0020505B9F8BDB5FA85F0E9
:10620000C0F11F00830003F580739BB203F180434C
:1062100003F5A043196806FA00F225EA02050029F1
:10622000EAD00021012819601B68C4F8082311D1A5
:10623000D4F81834D4F8183403F00303012B02D037
:106240003B689847D8E70222C4F81825C4F804230D
:10625000A360D1E7074908484FF4F573074A0BF0EC
:1062600002F94FF4F57105480BF0F4F800500040C6
:1062700090440120C1F104004272030071EB04005C
:1062800008B50268014610460DF075FD58B90E4973
:106290004FF474730D4A0E480BF0E5F84FF4747127
:1062A0000A480BF0D7F802F01F0352090B6009D01F
:1062B000084940F2D933054A05480BF0D4F840F2BA
:1062C000D931EDE7044808BDDBD80400A8D80400A4
:1062D00042720300C1F1040000258440072808B57C
:1062E0000BD90849084840F2A733084A0BF0BBF81D
:1062F00040F2A73105480BF0ADF8800000F5807042
:1063000008BD00BFE9EB040042720300B4EB0400D7
:1063100010B5CBB200EB43039A8AD1051BD5C2F36B
:10632000432122F4F8529A8200F1520400F1120241
:1063300032F8023F13F4807F03D0C3F34323994222
:1063400009D09442F4D1002200EBC1035A605830C6
:106350000DF0D2FC00B910BD054906484FF4DB73BF
:10636000054A0BF080F84FF4DB7103480BF072F82C
:1063700037AE040042720300F3EB0400024611F052
:10638000010004D003490B6A13600B6203B90020BB
:10639000704700BF0025844010B5024608460C46F1
:1063A0000DF0E9FC50B110460DF0F6FC30B9E3B247
:1063B00002EB43039B8A13F01C0F0BD10C490D48D1
:1063C00040F2E9130C4A0BF04EF840F2E9110A488A
:1063D0000BF040F8214610460DF0D7FC20B1BDE887
:1063E0001040580BFFF77ABF4FF4BE7010BD00BFCE
:1063F00079EC040042720300F3EB040073B5CEB2F3
:1064000000EB4606B38A0546DB070C4628D50DF09F
:106410007CFD214628460DF0B8FC48B1B28A2B68B5
:10642000520B03EB82030022C3F81025C3F810259A
:10643000284600252146FFF76BFFB58201A801948D
:10644000FFF71EFF019B00EB8300D0F80022064BF4
:10645000134043F00203C0F80032284602B070BD7A
:106460006FF01500FAE700BFF0F8FCFFF0B50D463D
:106470001646044685B058B95249534840F25E4327
:10648000524A0AF0F0FF40F25E4150480AF0E2FF43
:106490001768CFB10DF087FC00BB3B46CDE900008B
:1064A0008DF80E008DF80F000DF10F0228460DF14A
:1064B0000E010DF0A2FCEAB204EB4202938A23F033
:1064C000020343F001039382736853B329462046C5
:1064D0001A785F680DF060FC18B1CFB16FF015004D
:1064E00022E0E9B204EB41018B8A23F4604323F0FC
:1064F00020038B8267B1032AF0D873685868236839
:10650000077803EB87038AB9C3F81025C3F8102571
:10651000E9B204EB41018B8A23F01C0343EA8203B6
:106520008B82B3684BBB002005B0F0BDD3F81005DB
:1065300020F00300C3F81005206800EB8700D0F8B6
:10654000103523F4473323F44073C0F810352B0281
:10655000D0F810C503F4F85343EA024343EA0C03AE
:10656000C0F8103504EB4703A3F85C508B8A43EA6C
:10657000473343F020038B82CAE72946D3E90067FB
:106580002046FFF7C5FE002ECDD063689E4206D0A0
:1065900004F158000DF096FB002804DAC4E7A36864
:1065A0009F42F5D1002004EBC003C3E90167EDB2BF
:1065B00004EB4505AB8AC0B243EA402343F4807341
:1065C000AB82B0E7DFEC040042720300F3EB04009F
:1065D000F0B50C461E46054685B058B939493A48CB
:1065E0004FF48D63394A0AF03EFF4FF48D6137480E
:1065F0000AF030FF12B30DF0CFFB20B92146284638
:106600000DF0C3FB08BBE7B205EB4707BB8A13F0ED
:106610001C0F02D05378012B17D001238DF80F30B7
:1066200000232046CDE900230DF10F01931C013218
:106630000DF0E3FBBB8A43F00303BB82002E3FD087
:10664000214628460DF0A8FB18B96FF0150005B0DB
:10665000F0BD002237782B684FEA870C03EB8703E5
:10666000C3F81025C3F81025E2B205EB4202938A65
:1066700023F4604323F020039382707800B32968E9
:10668000B6786144D1F81035000423F4981323F44C
:10669000F853C1F81035230200F4403003F4F853E6
:1066A00003433005D1F8105500F4801003432B4309
:1066B000C1F81035938A43EA473343F020039382AD
:1066C0000020C4E7DFEC040042720300F3EB040097
:1066D00008B558B90749084840F27143074A0AF01B
:1066E000C2FE40F2714105480AF0B4FEC0E903124F
:1066F00008BD00BFDFEC040042720300F3EB0400AE
:1067000010B503460C4658B9124940F27A43124A72
:1067100012480AF0A8FE40F27A410F480AF09AFEA9
:106720004AB90F4940F223330B4A0C480AF09BFE4A
:1067300040F22331F1E70DF028FB38B10020E4B23C
:1067400003EB44039B8A5B0B137010BD6FF01500C5
:10675000FBE700BFDFEC0400F3EB04004272030030
:10676000EAEC04002DE9F041044658B91E491F48DF
:106770004FF491631E4A0AF076FE4FF491611C4873
:106780000AF068FE90F86C5090F86D7045BBA84612
:106790004022294614300DF0DCFF164B266853F8D2
:1067A0003770AF420FD1002546F30730C6F87C5151
:1067B000D6F87C31FBF754FB0123284684F86C3073
:1067C000A365BDE8F081E8B2FFF788FDA0F580730E
:1067D0009B081F2B04BF46F8008033580135E0E7C3
:1067E0006FF07700EDE700BFDFEC040042720300BA
:1067F000F3EB0400586F030008B558B9084909487D
:1068000040F28F43084A0AF02EFE40F28F410648BC
:106810000AF020FE90F86C00003818BF012008BD77
:10682000DFEC040042720300F3EB040008B558B932
:106830000749084840F29D43074A0AF014FE40F217
:106840009D4105480AF006FEBDE80840FFF7D6BDA9
:10685000DFEC040042720300F3EB040008B558B902
:106860000A490B4840F2A4430A4A0AF0FCFD40F2F0
:10687000A44108480AF0EEFD074B90F86D0003EBC9
:106880008000BDE808400DF037BA00BFDFEC04001F
:1068900042720300F3EB0400E8E6002010B50C465A
:1068A00058B90C490C4840F2AB430C4A0AF0DBFDE6
:1068B00040F2AB4109480AF0CDFD094B90F86D005C
:1068C00003EB80000DF0FEF90028A4BF207000202B
:1068D00010BD00BFDFEC040042720300F3EB0400C4
:1068E000E8E600202DE9F3410D461646044658B966
:1068F00036494FF4A563364A36480AF0B4FD4FF4E2
:10690000A56133480AF0A6FDCBB200EB43039A8A97
:1069100012F01C0F09D1304940F235432C4A2D4862
:106920000AF0A1FD40F23541EBE70DF02EFA2768A1
:10693000F0B1294620460DF02FFA8046C0B9550B1C
:106940002846FFF7CBFC47F800803B58236803EB51
:106950008503D3F8102542F00102C3F8102526B1B3
:1069600001232268AB40C2F8043302B0BDE8F081D5
:10697000D7F80423002AA4BF4FF00042C7F804232D
:106980004EB9164940F24F43114A12480AF06BFDC6
:1069900040F24F41B5E79B8AC3F38203042B11D029
:1069A000052B11D001A80195FFF76AFC019B016935
:1069B000D94001F001010231284602B0BDE8F041A2
:1069C0000DF068BA0321F7E70221F5E7DFEC0400D8
:1069D000F3EB040042720300BEEC0400F4EC04008C
:1069E00008B558B90749084840F22F53074A0AF03A
:1069F0003AFD40F22F5105480AF02CFDBDE8084051
:106A00000DF083BADFEC040042720300F3EB0400E4
:106A10002DE9F04F074687B058B96149614840F207
:106A20005C63614A0AF01FFD40F25C615E480AF057
:106A300011FD814659F804AB90F86D60DAF8041343
:106A40005A4CC9B2504654F8362041F000410DF07E
:106A500030FA051E23DA00234FF0010B049304EBF8
:106A6000C6035B6804A8194604EBC6040193FFF74C
:106A700085FC231D0293029B1B78D90701D5049C3A
:106A80009CB94FF00041002250460DF012FA0199D6
:106A900004A8FFF773FC0028EDD125F00045012480
:106AA000002D67D107B0BDE8F08F94FAA4F4B4FAD2
:106AB00084F407EB4403B3F81480E00804AB1B5CD8
:106AC00004F007014FEA98020BFA01F123EA0103EF
:106AD000039204AA135405A80594FFF7D1FB059B64
:106AE000039A803350F82330C8F382065207B04629
:106AF000C3F3014322D5424621464846DEB20DF09B
:106B00005FF905A80594FFF7BBFB059B803350F8A0
:106B10002330C3F301439E4207D1002120460DF0EC
:106B2000B9F9314620460DF0B5F905A80594FFF7EF
:106B3000A7FB059B0BFA03F30362A0E7022B0DD121
:106B4000032120460DF0A6F906F00503012BECD138
:106B50004246214648460DF033F9E6E70221204639
:106B600003930DF097F9032EF2D0039B032BDCD196
:106B7000022EECE795FAA5F3B3FA83F304FA03F2D5
:106B800025EA020503F5A2725AF8222007EB430317
:106B90004846B3F85C10C2F301420DF011F97FE7EB
:106BA000DFEC040042720300F3EB0400586F0300B3
:106BB000F8B517460E4649B90C490D4834230D4A1D
:106BC0000AF051FC34210B480AF044FC0A4D2C79A0
:106BD00044B92A20FBF744F9012320462B712E608B
:106BE000AF60F8BD6FF07700FBE700BF29F004004D
:106BF00042720300FFEC04009844012038B518B13C
:106C0000144B1B79012B09D0134914484723144A0C
:106C10000AF029FC472112480AF01CFC0023114A03
:106C200050F8234003F5A2710133082B42F82140AC
:106C3000F6D100230B4A00F11C0103F5B27451F8A0
:106C4000045F0133082B42F82450F6D1036CC2F8DC
:106C5000043338BD984401203AED04004272030029
:106C6000FFEC040000A0024070B51C4E3379012BEC
:106C700009D01B491B485B231B4A0AF0F4FB5B212C
:106C800019480AF0E7FB0024184D2A20C5F81045E2
:106C9000C5F81445C5F81845C5F81C45C5F8204584
:106CA000C5F82445C5F82845C5F82C45C5F89045D4
:106CB000C5F89445C5F89845C5F89C45C5F8A04564
:106CC000C5F8A445C5F8A845C5F8AC45FBF7D6F806
:106CD0004FF0FF33C5F80833347170BD984401207C
:106CE00071ED040042720300FFEC040000A00240BA
:106CF00008B5094B1B79012B09D0084908487623B0
:106D0000084A0AF0B0FB762106480AF0A3FB064ABF
:106D10008340C2F8043308BD9844012071ED04009B
:106D200042720300FFEC040000A0024008B5094BCA
:106D30001B79012B09D0084908487E23084A0AF02C
:106D400092FB7E2106480AF085FB064A8340C2F882
:106D5000083308BD9844012071ED0400427203001D
:106D6000FFEC040000A00240F8B501260027124BFA
:106D7000124DD3F80C4304B9F8BD94FAA4F0B0FA5C
:106D800080F006FA00F3072824EA03040BDD0C491F
:106D90000C4840F217230C4A0AF065FB40F2172119
:106DA00009480AF057FB094B82009F502B68002BC3
:106DB000E1D0A9689847DEE700A00240984401208E
:106DC000E9EB0400427203009AED040000A10240C6
:106DD000044AD2F80834DB07FBD50160BFF35F8FAC
:106DE000704700BF00900340B0F5801F08B509D37D
:106DF0000F491048D223104A0AF035FBD2210E4821
:106E00000AF028FBC0F30B0373B902220B4BC3F843
:106E100084254FF0FF320260D3F80024D207FBD55F
:106E20000020C3F8840508BD6FF00C00FBE700BF2D
:106E300037EE040042720300CCED040000900340E2
:106E4000B0F5801F38B502D210F003040BD00A4908
:106E50000A4840F27D130A4A0AF005FB40F27D1110
:106E600007480AF0F7FA0123064DC5F88435FFF705
:106E7000AFFFC5F8844538BD51EE040042720300EF
:106E8000CCED04000090034008B50268530904D11A
:106E90004FF0FF33D340DB070BD4074907484FF4CB
:106EA0007473074A0AF0DFFA4FF4747104480AF069
:106EB000D1FA044808BD00BFDBD8040042720300C9
:106EC000A8D80400002584400C4B984213D00AD85F
:106ED0000B4B98420FD00B4B98420CD00A4BC31A65
:106EE000584258417047094B984204D0084B984289
:106EF00001D0084BF3E70120704700BF40420F006C
:106F000090D0030020A1070048E8010000093D00DF
:106F100000127A0080841E0073B51446421C064697
:106F20000D4617D0012902D1B3B10DF08DF801A89B
:106F30000196FFF7A9FF00EB8600D0F80012084A7F
:106F4000A30043EA45032B430A40134343F4407331
:106F5000C0F8003202B070BD0DF082F8E7E700BF64
:106F6000F0F8FCFFF8B54F4A4B69054693420C46D2
:106F700021D014D84C4A93427ED04C4A93427ED0C2
:106F80004B4A93427ED04B494B484FF4B6734B4A21
:106F90000AF069FA4FF4B67148480AF05BFA484AB9
:106FA000934272D0474A934272D0474A9342EAD101
:106FB0004FF0005601E04FF08056E27E95F8223007
:106FC00062F3000385F82230227CDBB262F34103D6
:106FD00085F82230E77EEFB9237E3A46012B94BF35
:106FE0000023012301212068FFF796FF3B463A4624
:106FF00001216068FFF790FF3B463946A27EA068FA
:10700000FFF78AFF237C3A460121E06883F0010301
:10701000FFF782FFE3686B62227C95F8223062F30F
:10702000410385F82230277FA07C217E637E2A6879
:1070300047B9D4E900C7A468C2F808C5C2F80C75FE
:10704000C2F81045003B18BF01230229C2F8C00551
:10705000C2F824651FD0032920D0012901D143F0B3
:107060000203C2F854356B68DBB12868BDE8F8400C
:1070700040F30730FAF7F4BE4FF080669DE74FF01B
:1070800000669AE74FF0007697E74FF0804694E766
:107090004FF0004691E743F00403E2E743F00603B4
:1070A000DFE7F8BD40420F0090D0030020A10700A9
:1070B00048E80100C1F104004272030097EE0400A9
:1070C00000093D0000127A0080841E00431C13B5A5
:1070D00004460DD0019001A8FFF7D6FE00EB840016
:1070E000D0F80022034B134043F00203C0F80032F3
:1070F00002B010BDF0F8FCFFF8B51F46044600B121
:1071000059B91249124840F21A23124A0AF0ABF94F
:1071100040F21A210F480AF09DF990F820507DB9ED
:107120004869FFF7D1FE70B12046C4E90127FFF797
:1071300019FF0123284684F8215084F82030F8BD37
:107140006FF07700FBE76FF01500F8E7D3EE04006F
:107150004272030097EE040070B5044658B9214905
:1071600040F27923204A21480AF07DF940F2792142
:107170001D480AF06FF990F820304BB91C4940F2D5
:107180007D23194A19480AF06EF940F27D21EFE794
:10719000006840F30730FAF771FE636843B1214697
:1071A000144A51F8043BC3F8082320680CF030FF60
:1071B0002368D3F80805D3F80C55D3F8106594F874
:1071C0002230DB070AD4FFF781FF3046FFF77EFF4E
:1071D0002846FFF77BFF606AFFF778FF002384F8FB
:1071E000203070BDDFEC040097EE04004272030013
:1071F000EAEE0400520108002DE9FF410E46174651
:10720000044658B966494FF46373664A66480AF003
:107210002AF94FF4637163480AF01CF990F82030A2
:107220006BB10B680BB94B684BB9B3680BB9F3681A
:107230002BB917F008080CD0636A013309D05B49F9
:107240004FF46473574A58480AF00DF94FF46471CB
:10725000E1E794F82130002B40F09F8063682BB168
:1072600017F0140F04BF012384F8213004F1100536
:1072700096E80F0085E80F00606A421C05D094F87C
:1072800022309B0718D50CF0DFFE3368256823B148
:1072900003F06043B3F1005F06D1B3687BB103F044
:1072A0006043B3F1005F0AD000236FF00C0084F854
:1072B000213004B0BDE8F0810CF0D2FEE5E717F014
:1072C000010318BF0123C5F8503517F0020318BF9A
:1072D0000123EC46C5F8403596E80F008CE80F0016
:1072E000039BC5F84405C5F84815C5F83425C5F80D
:1072F0003835002317F01C0FC5F81831D5F81831B0
:1073000028D1D5F80035073B18BF012394F8222077
:1073100063F38202072384F82220C5F800356368EE
:10732000B8F1000F18D101222A6143B9D5F81831FC
:10733000002BFBD06246402128460CF02BFE6368F0
:1073400013BB606A461C12D12846211D0CF060FE5A
:107350000020AEE70123D9E7B3B9606A411CF7D03A
:1073600094F822309A070CD50CF07AFEF0E794F8E6
:1073700022309B0702D50CF073FEE5E70CF064FEAB
:10738000E2E70CF061FEE3E7402317F0040F14BFBF
:10739000C5F80833C5F80433DAE76FF00F0088E763
:1073A000DFEC040097EE04004272030016EF0400C5
:1073B00070B5044658B91E494FF472731D4A1E48F1
:1073C0000AF051F84FF472711A480AF043F8024675
:1073D00052F8105B402128460CF0DCFD38B363689E
:1073E0004BB9164940F2FF33124A13480AF03BF8F2
:1073F00040F2FF31E8E7606A421C05D094F8223081
:107400009B0711D50CF02CFE94F821301BB12846B7
:10741000211D0CF0FDFD2046002300F80C3FD4E9AF
:107420000131BDE8704018470CF00EFEECE770BD6E
:10743000DFEC040097EE04004272030023F0040026
:1074400000B5417F0368022989B0CAB207D0032A78
:1074500018D0012A00D15A6209B05DF804FB00235C
:10746000CDE902338DF80430C36863BB184940F29C
:107470009513184A184809F0F6FF40F2951115487F
:1074800009F0E8FF01228DF80420D3F83C25029290
:10749000D3F84C250392D3F844250492D3F8482519
:1074A0000692D3F83425D3F8383505920793C3688C
:1074B0004BB9074940F2AD13064A074809F0D3FF1C
:1074C00040F2AD11DBE7816901A89847C4E700BF2E
:1074D0006DF0040031F004004272030038B5440935
:1074E00014D14FF0FF34C440E4070FD50D4C04EB2A
:1074F0008000D0F800520C4C2C4044EA032444EAAB
:10750000820242EA4101C0F8001238BD074908482A
:107510004FF47473074A09F0A6FF4FF474710548DD
:1075200009F098FF00258440F0F8FCFFDBD8040048
:1075300042720300A8D80400F8B5054608B101B1AD
:107540004AB917491748C823174A09F08CFFC821C0
:10755000154809F07FFF047F0668D4B9C2608361D3
:10756000CB7D83770CF088FDB0B140F20243C6F8C2
:107570003445C6F83845C6F84445C6F848456C77E2
:10758000C6F8043301232B7702232046C6F80035C2
:10759000F8BD6FF07700FBE76FF01500F8E700BF6C
:1075A0008AF004004272030031F0040070B5049CBC
:1075B00058B922494FF4E673214A224809F053FF93
:1075C0004FF4E6711E4809F045FF057F25B169B10A
:1075D00001F060450BBB2CB31B4940F2D113184A94
:1075E000184809F040FF40F2D111EBE7002AF3D12F
:1075F000B3B9002CF0D1467F012EF5B218D002D9D4
:10760000023D012D17D8C0E90413012342608460B4
:107610004377FFF715FF002070BDB5F1005F04D17F
:1076200003F06045B5F1005FE5D06FF00C00F3E7C3
:107630006FF07600F0E76FF08B00EDE7DFEC040011
:1076400031F0040042720300B2F0040037B5044682
:1076500058B92349234840F20123234A09F003FF84
:1076600040F20121204809F0F5FE0568D5F8043103
:1076700093B1437FDBB28DF807300023C5F80431A6
:10768000D5F8043103234377FFF7DAFE9DF807307E
:10769000DAB2012B08BF6277D5F82831EBB10023AD
:1076A000C5F82831D5F82831637F012BDAB214D11F
:1076B000636821692046C5F84415C5F84835A368B4
:1076C0006169C5F83415C5F838350223AA626377B5
:1076D00003B0BDE83040FFF7B3BE03B030BD00BF1C
:1076E000DFEC04004272030031F0040037B50125DD
:1076F000074C4FF4FA7065610CF07AFA002363616D
:107700000193256123690193019B03B030BD00BF44
:107710000056004030B5036A87B08DF808300A4B38
:1077200003AC019093E8070084E8070001A80CF07F
:1077300019FD38B9054654F8043B984710B901358E
:10774000032DF8D107B030BD28630300034BD3E805
:10775000EF2FC3E8E10F0029F9D17047A4440120BD
:1077600038B50546002850D0436A002B50D0836AB4
:10777000002B4DD00124294BD3E8EF2F002A03D151
:10778000C3E8E14F0029F7D145D1686A00F04EF80F
:10779000FDF776FD224BC8209C660CF029FA28469E
:1077A000FFF7B8FF044640B901221D4B0220DA66FC
:1077B000FFF7CCFF0024204638BDFFF797FF002CD1
:1077C00011DBAB6A20469847164B9C421AD013DC5B
:1077D000A4F18864033C012C11D82846FFF79AFFD6
:1077E00004460028E0D001220D4BDA66FDF760FD6B
:1077F0000020FFF7ABFFDEE70B4B9C42EDD06FF0B4
:107800000404F0E76FF00A04EDE76FF00D04D2E72F
:107810006FF01504CFE74FF0FF34CCE7A44401200C
:10782000005000400500400401005005014B186065
:10783000704700BFA844012007B5044BCDE9000103
:107840001B686846984703B05DF804FBA844012014
:10785000014B1870704700BF115C0120024B187873
:10786000431E584258417047115C012070B50368AF
:107870000446033BDBB20D2B03D8094A52F82350D0
:107880002DB9A06858B1BDE8704000F017B80CF0F1
:10789000ADFC21682B46BDE87040090C184770BD4F
:1078A000686F0300014B5B69184700BFF0E60020DA
:1078B000014B1B68184700BFF0E60020014B1B6915
:1078C000184700BFF0E60020014B9B68184700BF37
:1078D000F0E60020014B1868704700BFAC4401205F
:1078E000002230B50B4B19680C6894420FD001EBA5
:1078F000C2039D68A8420BD14FF003020433D3E8C2
:10790000CF1F002903D1C3E8C02F0028F7D130BD15
:107910000132EAE7CC4401202DE9F041002406467B
:107920000F462046DFF854803368A34201D8BDE8F3
:10793000F08106EBC4056B68DBB2012B16D16A68D7
:10794000B8F80030B3EB124F10D1022FA8680FD156
:10795000FFF78CFF01206B6823F0FF0343F0030364
:107960006B60B8F800300133A8F800300134DBE771
:107970000168090C0CF0EAFBECE700BF324601207D
:1079800010B5074C02216068FFF7C6FF0028F9D147
:1079900001212068FFF7C0FF0028F3D110BD00BF10
:1079A000D444012070B5072860D8DFE800F00B5FF1
:1079B000475F435F3C0401F035FB0320BDE87040A6
:1079C000FDF734BC03202A4BD3F81446D3F81866CD
:1079D000284B1D781870EDB2FFF73AFF012D10D13A
:1079E000254B264A9C4212D0230C1B04B3F1886F0E
:1079F0000DD0A4F58033203B022B0FD96FF0040388
:107A000013603146C4F30B00FFF716FF00E014606B
:107A10001B4B1868FDF70EFB0020CFE7194931F921
:107A200013301360F4E70024124B20461C70FFF75C
:107A30000FFFEDE7FFF7A4FF0220BFE70D4B1A7819
:107A4000012AD0B20ED1104A1168104A8C685460D5
:107A50004968116002221A70FFF7FAFE084B186895
:107A6000FDF7E8FAFFF78CFF0120A7E770BD00BF24
:107A700000A00240135C012001005005D044012009
:107A8000BC440120E8710300B8440120D444012023
:107A90000A23F7B54FF47A750C4E0D4F01933168F8
:107AA00038680CF07EFB044640B90CF0A3F840B9EE
:107AB000012001A9FDF7CAF96E30F0D1204603B0CC
:107AC000F0BD019868430CF093F8E8E7C04401204A
:107AD000C8440120054B1B782BB9054B1968054B91
:107AE00018680CF05EBB0020704700BF125C0120DC
:107AF000C4440120CC440120642270B5164B1B689D
:107B0000C31A9BB2B3FBF2F3426822F0FF0242F0C9
:107B1000020242601148124A0168D2E8DF4F651C38
:107B2000C2E8D65F002EF8D101EBC3014A6892B2D9
:107B300042EA04424A600268032002EBC30253682F
:107B400023F0FF0343F0010353600CF051F80122CE
:107B5000044BDA6070BD00BFC4440120CC44012056
:107B60003446012000A002402DE9F04F95B03822A4
:107B70000021064603A80CF0ECFD02230493082321
:107B800006932023089304230D93102340250F937D
:107B900080230122CDE91153D52300215A480B92AD
:107BA0001393FDF713FA0546002840F0A98002461A
:107BB00056493079FEF7FCFF03A8FFF71FF8346839
:107BC0006268B2F5E56F40F098806169E3680B4444
:107BD000E16903F5E5630B44B3F5003F00F28D80E6
:107BE000206829460CF0B5FD33681C68D3F81C905A
:107BF00004F1E802009204F58162019204F1600749
:107C0000434A04F1A40804F1200BB9F1000F5ED13E
:107C1000C2F800B000254FF0010A2570657084F8A5
:107C200002A0E570336840461B69636033685B6996
:107C3000C4F814B0A360374BC4F81890C3F80080A0
:107C4000354BE7601F600823C4F8108084F8A43027
:107C500088F8015088F8025088F8035084F86030A2
:107C60007D70BD70FD700CF07FFA38460CF07CFA28
:107C7000019A2A4B31681A60009A294BC8681A6029
:107C8000284B294E18600869496958609960274B4C
:107C90002749C3F81046C3F81456264B264C1D80BE
:107CA000264B86F800A01D80254B029525601D619E
:107CB0001B690293029B144B1868FDF7E1F998B118
:107CC00003236FF073043370FEF7CEFF11E09B695E
:107CD00004F14009636433684846DB69C2F800B0C8
:107CE000236401F077F995E72468002CECD1154B5B
:107CF0001C70204615B0BDE8F08F6FF01504E3E767
:107D00006FF02D04F5E700BFBC440120A579020007
:107D1000B8440120CC440120C8440120C4440120BF
:107D2000C0440120AC440120135C012000A00240AB
:107D3000F049020034460120D0440120324601209F
:107D400000560040125C0120642270B5164B1B687F
:107D5000C31A9BB2B3FBF2F3426822F0FF0242F077
:107D6000010242601148124A0168D2E8DF4F651CE7
:107D7000C2E8D65F002EF8D101EBC3014A6892B287
:107D800042EA04424A600268032002EBC3025368DD
:107D900023F0FF0343F0010353600BF029FF01229E
:107DA000044B5A6070BD00BFC0440120C84401208C
:107DB0003446012000A0024010B5FFF769FE0124FF
:107DC00000220321047081704270C270FFF7BCFF73
:107DD000054B1C700CF0DBF9BDE81040034B47F27B
:107DE00030511868FDF74CB9125C0120BC440120E9
:107DF00038B50A4B04461B78022BDDB20DD1FFF7D4
:107E000047FE50B1002201218460017042708570EC
:107E1000C270BDE83840FFF797BF38BD135C012042
:107E2000034A126812B1002800DB1047704700BFF8
:107E3000E84401202DE9F743002581460F4610480C
:107E4000294690461E46019306F08AFB041E11DB6C
:107E5000013420460CF0F5F9C9F8000068B133464A
:107E600042462146019606F07BFB28463C6003B063
:107E7000BDE8F0836FF01500F9E76FF00B00F6E74F
:107E80007C63030010B50E4B04461B68A3B1E0F7FA
:107E9000F1FE082810D9237A3F2B0DD0094908227A
:107EA000204606F08BF9014630B904F108000A2299
:107EB000BDE8104006F0A4BA4FF0FF3010BD00BF7F
:107EC000E84401205AF10400F7B504460F460420A7
:107ED000002116461D460CF08BF9024638B914B144
:107EE00020460CF0B0F96FF00B0003B0F0BD00209D
:107EF0006FF0580314600D4C137350739073D0736C
:107F000020703146032057600CF092F94FF0FF3398
:107F100001932378AB4201D10020E6E7022001A9BA
:107F2000FCF794FF0028F4D0DFE700BF145C0120C9
:107F3000F8B5054600240F4F57F8046B2846314624
:107F40000CF077FD28B90134042CF5D14FF48030C2
:107F50000DE06CB1A31E012BF8D83046E0F78AFE85
:107F60000A220021284406F0CFF940EA0440F8BD77
:107F70002046FCE7A06F0300014B1860002070470B
:107F8000EC440120014B1860704700BFE844012019
:107F90000FB42DE9FF410A9CFFF760FC00284AD08E
:107FA000002C4BD0284E294F31683868FDF7FEF879
:107FB000002846D1264D31682868FDF761F8002871
:107FC00036D122460BAB03A902A80193FFF732FF7B
:107FD000044658B12868FDF72DF83868FDF7C0F859
:107FE000204604B0BDE8F04104B07047029C204632
:107FF000FFF748FF02230646012220460399FFF7B8
:1080000063FF04460028E5D1DFF84880D8F8000077
:10801000FFF78EFF0446D8F800000CF010F928682E
:10802000FDF708F8002CD8D13046FFF7F9FED4E769
:108030006FF00A04D1E74FF0FF34D1E76FF00D0481
:10804000CEE76FF00A04CBE700450120F844012099
:10805000FC440120F04401200CB42DE9F04F8BB01A
:1080600007460E46149CFFF7F9FB002800F0C3807A
:10807000002F00F0C380002C00F0C080002E00F024
:10808000C080DFF89C81624BD8F800101868FDF7BB
:108090008DF8002840F0B8805E4DD8F800102868B0
:1080A000FCF7EEFF002840F0A380224615AB09A99B
:1080B00008A80793FFF7BEFE044618B12868FCF72E
:1080C000B9FF3CE0DDE908830393534B1C68002CA7
:1080D0005AD0C246DDF80C90CDF804809AF80030F2
:1080E000202B36D0093B042B33D90C224FF0000B48
:1080F0004A4BCDF808B01B6802FB03430493049B72
:108100009C422ED1029B002B3ED02868FCF792FFA8
:10811000019A114611F8013B202B0191F8D0093B3F
:10812000042BF5D931463846029B9847044618B9C6
:108130003846FFF7FDFE044640460CF084F8344B09
:108140001868FDF70DF820460BB0BDE8F04F02B0FF
:108150007047B9F1000FC8D00AF1010A09F1FF39DF
:10816000BCE7A3685B450DD94B451A46504628BF6E
:108170004A462168059306F021F818B9636802930E
:10818000059B9B460C34BAE74046FFF77BFE022373
:108190008146012240460399FFF796FE04460028D7
:1081A0008CD1DFF880803846D8E9004AB245524683
:1081B000214628BF32460CF0A5FAB245204607D921
:1081C0000CF03DF82868FCF735FF6FF00604B6E7C1
:1081D000FFF7AEFE0446D8F800000CF030F828682F
:1081E000FCF728FF002CAAD14846FFF719FEA6E7A6
:1081F0006FF00A04A3E74FF0FF34A4E76FF00D041B
:10820000A1E76FF015049EE76FF00A049BE700BF3B
:10821000F8440120FC440120E0440120DC4401201A
:1082200000450120F04401200EB42DE9F343DDF8B0
:1082300024808146FFF712FB00285FD0B9F1000FC0
:108240005FD0B8F1000F5CD0314C324F21683868F4
:10825000FCF7ACFF002857D12F4E21683068FCF79F
:108260000FFF002847D14846E0F704FD451C28468B
:108270000BF0E7FF044668B93068FCF7DBFE6FF0EF
:108280000B043868FCF76CFF204602B0BDE8F043F1
:1082900003B0704749462A460CF0ACFB2046FFF776
:1082A000F1FD02238146012220462946FFF70CFEFC
:1082B000044618B13068FCF7BDFEE2E7174B3068A2
:1082C0001D68FCF7B7FEB9F1000F06DB2846FFF783
:1082D0002FFE10B94846FFF7A3FD0AAA41462846DB
:1082E000019206F06FF9041E284608BF6FF04C0497
:1082F0000BF0A5FFC5E76FF00A04C2E74FF0FF34AB
:10830000C2E76FF00D04BFE76FF00A04BCE700BFDF
:1083100000450120F8440120FC440120F0440120E4
:1083200038B5C3680446A72B01D0206810E00329A4
:1083300007D0042926D0022902D10122154B1A7038
:1083400038BD144B00681A78022A05D10028F7D0EE
:10835000BDE838400BF073BF0F4D2A6862B12B683F
:108360009847002320682B600BF069FF0B4B1868BF
:10837000BDE83840FCF75EBE094A10606168516094
:108380000222DCE7074B1B68002BCED00068984721
:10839000CBE700BF145C0120E4440120FC44012031
:1083A000F0440120EC440120012210B511460B4895
:1083B000FCF70CFE70B90A48FCF7A2FE014648B96A
:1083C0004FF0FF32074B1A60BDE810400123052231
:1083D000FFF77ABD6FF02D0010BD00BFFC440120F7
:1083E000F84401200045012018B1034B186000201B
:1083F00070476FF00D0070470445012008B5FFF786
:108400002DFA78B10C4B1B687BB1002101200BF0D9
:10841000EFFE024660B10A2043F201010BF008FFB3
:10842000002008BD4FF0FF30FBE76FF00D00F8E7CC
:108430006FF00B00F5E700BF0445012010B50446BE
:10844000FFF70CFA80B10D4B1B6883B100210120AE
:108450000BF0CEFE024668B1047343F220010A20FD
:108460000BF0E6FE002010BD4FF0FF30FBE76FF091
:108470000D00F8E76FF00B00F5E700BF04450120A1
:1084800008B5FFF7EBF978B10C4B1B687BB1002105
:1084900008460BF0ADFE024660B10A2043F222010D
:1084A0000BF0C6FE002008BD4FF0FF30FBE76FF079
:1084B0000D00F8E76FF00B00F5E700BF0445012061
:1084C00008B5FFF7CBF978B10C4B1B687BB10021E5
:1084D00001200BF08DFE024660B10A2043F2160126
:1084E0000BF0A6FE002008BD4FF0FF30FBE76FF059
:1084F0000D00F8E76FF00B00F5E700BF0445012021
:1085000010B50446FFF7AAF990B3A4B31D4B1B683E
:108510008BB3002128200BF06BFE024670B3A368DA
:108520004361D4E90013C1600361237C43F2060177
:108530000377238B8384E3688361E369836294F91F
:10854000163080F82230637C4377A37C8377A38A3C
:108550000384638CC38594F8213080F82D3094F81F
:10856000203080F82C300A200BF062FE002010BD75
:108570004FF0FF30FBE76FF00D00F8E76FF00B00F6
:10858000F5E700BF0445012038B50546FFF766F959
:1085900090B3A5B31D4B1B688BB32820696A0BF001
:1085A00027FE044670B3AB684361D5E90023C2607F
:1085B00003612B7C037695F9113043766B8A4383F4
:1085C000EB6803626B69C361002380F82E30AB69EE
:1085D0001A6842625A6882621B898385296A19B1C6
:1085E0006A6A00680CF08EF80A20224643F20C01F9
:1085F0000BF01EFE002038BD4FF0FF30FBE76FF0A0
:108600000D00F8E76FF00B00F5E700BF044501200F
:1086100070B50546FFF722F900285CD0002D5DD02B
:10862000304B1B68002B59D02F4E33683BB132685A
:108630006B6A516899420DD26FF006004AE04FF420
:108640002F7128200BF0D4FD30600028EFD16FF09F
:108650000B003FE04FF0FF3343F20C0113715371F5
:108660009371D371137253729372D3720B200BF008
:10867000DFFDAB6834686361D5E90023E260236104
:108680002B7C237695F9113063766B8A6383EB68D4
:1086900023626B69E3612B7F84F82E30AB691A6823
:1086A00062625A68A2621B892822A3850023227273
:1086B0006372A372E372296A19B16A6A20680CF0C6
:1086C00021F86B6A4FF42F71282063600BF090FD46
:1086D0003060002070BD4FF0FF30FBE76FF00D0001
:1086E000F8E700BF044501200845012038B50546DC
:1086F000FFF7B4F8002862D0002D63D0344B1B681C
:10870000002B5FD05020696A0BF072FD04460028F0
:108710005BD0AB684361D5E90023C26003612B7C69
:10872000037695F9113043766B8A4383EB680362D5
:108730006B69C361002380F82E30AB691A6842620E
:108740005A6882621B898385296A19B16A6A00683E
:108750000BF0D8FF2B6B0A20E363D5E90A23626391
:10876000A36395F83830224684F84430B5F8403099
:1087700043F21B01A4F84C306B6B23646B6C2365D4
:1087800095F93E3084F84A3095F8393084F8453010
:1087900095F83A3084F84630AB8FA4F84830B5F8F5
:1087A0004A30A4F8563095F8493084F8553095F899
:1087B000483084F854300BF03BFD002038BD4FF0BA
:1087C000FF30FBE76FF00D00F8E76FF00B00F5E707
:1087D0000445012010B50446FFF740F8E0B1F4B1BC
:1087E000124B1B68DBB1002118200BF001FD024683
:1087F000C0B1A3684361D4E90013C1600361A389D8
:1088000043F20301838323698361237D83770A20F5
:108810000BF00EFD002010BD4FF0FF30FBE76FF0B6
:108820000D00F8E76FF00B00F5E700BF04450120ED
:1088300010B50446FFF712F8B0B1C4B10F4B1B6876
:10884000ABB1002108200BF0D3FC024690B1237895
:1088500043F20E01037363784373636803610A2074
:108860000BF0E6FC002010BD4FF0FF30FBE76FF08F
:108870000D00F8E76FF00B00F5E700BF044501209D
:1088800010B50446FEF7EAFFC0B1D4B1104B1B6827
:10889000BBB1002110200BF0ABFC0246A0B1A368D5
:1088A0004361237B0376D4E90013C160036143F283
:1088B0001C010A200BF0BCFC002010BD4FF0FF3063
:1088C000FBE76FF00D00F8E76FF00B00F5E700BF76
:1088D0000445012008B5FEF7C1FF78B10C4B1B68B9
:1088E0007BB1002101200BF083FC024660B10A201D
:1088F00043F212010BF09CFC002008BD4FF0FF304A
:10890000FBE76FF00D00F8E76FF00B00F5E700BF35
:108910000445012010B50446FEF7A0FF80B10D4BC1
:108920001B6883B1002104200BF062FC024668B191
:10893000C46043F21E010A200BF07AFC002010BD37
:108940004FF0FF30FBE76FF00D00F8E76FF00B0022
:10895000F5E700BF0445012008B5FEF77FFF78B1B9
:108960000C4B1B687BB1002101200BF041FC02463F
:1089700060B10A2043F224010BF05AFC002008BD2C
:108980004FF0FF30FBE76FF00D00F8E76FF00B00E2
:10899000F5E700BF0445012008B5FEF75FFF78B199
:1089A0000C4B1B687BB1002101200BF021FC02461F
:1089B00060B10A2043F226010BF03AFC002008BD0A
:1089C0004FF0FF30FBE76FF00D00F8E76FF00B00A2
:1089D000F5E700BF04450120F8B507460E461546E9
:1089E000FEF73CFFA0B10F4B1B68A3B100210C2088
:1089F0000BF0FEFB024688B10024C76004614561AC
:108A0000068243F601210A200BF012FC2046F8BD35
:108A10004FF0FF30FBE76FF00D00F8E76FF00B0051
:108A2000F5E700BF0445012038B505460C46FEF7C2
:108A300015FFA8B10F4B1B68ABB1002102200BF052
:108A4000D7FB024690B185F0010584F0010445731F
:108A5000047343F603210A200BF0EAFB002038BD23
:108A60004FF0FF30FBE76FF00D00F8E76FF00B0001
:108A7000F5E700BF0445012043F2270330B59942D2
:108A800004468DB030D843F20103994236D9A1F59E
:108A900040510239252931D8DFE811F03200300089
:108AA000DE010D013000DE012D016D019801BD01D7
:108AB0003000DE01300094003000F5003000FE018F
:108AC000300030003000E00030005B00300030004B
:108AD0003000FC003000F50130006E0030008D00E9
:108AE00030009B003000C50043F60223994200F09D
:108AF000DA8143F60423994200F0E6810DB030BDDF
:108B00003022002168460BF024FEE2682369CDE99B
:108B10000223627D237D43EA0223ADF81030E27D1B
:108B2000A37D43EA0223ADF81230627E237E43EA3E
:108B30000223ADF81430A37EE27E43EA0223ADF8AF
:108B40001630D44B68461B6898472068002862D1CD
:108B5000D4E73022002168460BF0FBFD01238DF89D
:108B60000030E2682369CDE90223237D627D43EA78
:108B70000223ADF81030F9E03022002168460BF0F6
:108B8000E8FD04238DF80030E2682369CDE9022373
:108B9000627D237D43EA0223ADF81030E27DA37DA0
:108BA00043EA0223ADF81230237E627E43EA0223B9
:108BB000ADF81430DAE03022002168460BF0C9FD30
:108BC0000523CCE73022002168460BF0C2FD0223CA
:108BD000D8E730220568002168460BF0BAFD0F2364
:108BE0008DF80030E2682369CDE90223627D237DA0
:108BF00043EA0223ADF81030A3690593A54B1A6828
:108C000015B96846904779E715F8021B6846CDE923
:108C10000615904720680BF012FB00232370637049
:108C2000A370E3706AE705683022002168460BF004
:108C300090FD10238DF80030E26823696846CDE985
:108C40000223237D627D059543EA0223ADF81030AF
:108C5000904B1B689847002DDCD14FE73022002154
:108C600068460BF076FD0E238DF80030E26823692C
:108C7000CDE90223237D627D43EA0223ADF8103063
:108C8000236805935DE73022002168460BF061FD03
:108C9000112364E73022002168460BF05AFD0323BC
:108CA0008DF80030E2682369CDE90223A3690493BB
:108CB000237D627D7AE73022002168460BF049FD72
:108CC00008238DF80030E2682369CDE90223E369C7
:108CD00004936269A369CDE9062394F8203094F8DF
:108CE000212043EA0223ADF820306368ADF822303A
:108CF0002368099325E73022002168460BF029FDFF
:108D000009238DF80030E2682369CDE90223626906
:108D1000A369CDE90423E369069394F821308DF823
:108D20001C3094F820308DF81D3094F8232094F8EE
:108D3000223043EA0223ADF8283094F8252094F835
:108D4000243043EA0223ADF82A3094F8263094F810
:108D5000272043EA0223ADF82C30A36ACDF81E3059
:108D6000E36ACDF82230238EADF82630494B6846B1
:108D70001B689847C2E63022002168460BF0E9FCE8
:108D80000A238DF80030E2682369CDE90223626985
:108D9000A369CDE90423E369069394F8212094F8AC
:108DA000203043EA0223ADF81C3094F8232094F8D5
:108DB000223043EA0223ADF81E3094F8243094F8B0
:108DC000252043EA0223ADF82030CFE730220021EE
:108DD00068460BF0BEFC0B238DF80030E268236977
:108DE000CDE9022363690493627E237E43EA022372
:108DF000ADF81430E27EA37E43EA0223ADF81630CC
:108E0000237F627F43EA0223ADF81830236807937B
:108E10006368089395E63022002168460BF099FCC0
:108E20000C238DF80030E2682369CDE902236369E1
:108E30000493627E237E43EA0223ADF81430A37EBE
:108E4000E27E43EA0223ADF81630237F627F43EAD5
:108E50000223ADF8183089E73022002168460BF074
:108E600078FC06238DF80030E2682369CDE90223FF
:108E7000A3690493627D237D43EA0223ADF8143095
:108E8000A37DE27DDDE73022002168460BF061FC26
:108E9000072305E7044501203022002168460BF036
:108EA00058FC0D235BE63022002168460BF051FC94
:108EB00013238DF800302369E268CDE90223B4F969
:108EC00014308DF8103051E73022002168460BF045
:108ED00040FC122343E600BF08B54FF42F71282051
:108EE0000BF086F9034B002818600CBF6FF00B00E5
:108EF000002008BD0845012010B5A1F578510239C0
:108F0000044686B00A2938D8DFE801F00637123760
:108F10001B37393754375B001822002168460BF0A5
:108F200018FC237B627B43EA0223ADF8083020E083
:108F30001822002168460BF00CFC01238DF800304C
:108F4000EFE71022002168460BF003FC02238DF8A6
:108F50000030627B237B43EA0223ADF80830E27BDA
:108F6000A37B43EA0223ADF80A306269A369CDE925
:108F70000423174B68461B68984706B010BD18229B
:108F8000002168460BF0E5FB03238DF80030627B7F
:108F9000237B43EA0223ADF80830A37B003B18BFD4
:108FA00001238DF80A30237C627C43EA0223ADF86A
:108FB0000C30DEE71822002168460BF0CAFB0423C0
:108FC000BCE71822002168460BF0C3FB0523B5E778
:108FD0000C45012000210122074B1970074B1A7024
:108FE000074B1970074B1960074B1960074B186046
:108FF0000748FBF7EBBF00BF155C0120175C0120A1
:10900000165C012014450120184501202845012047
:1090100010450120024B186808B1FCF70BB87047E7
:109020001045012070B4284B1B68196958691A7CD7
:1090300000221A745C7C5A749C7C9A74DC7CDA740E
:109040001C7D1A755C7D5A759C7D03299A75DC7DA3
:10905000DA7529D0042929D001290FD185681B4E42
:10906000954210D11A7A012100221972597A5A7246
:10907000997A9A72DA7A6FF05F02DA72144B70BCE6
:109080001868FBF7D7BF911C00EB81014C68217871
:10909000622907D0633918BF0121490046F82140F1
:1090A0000132DDE70121F9E7187ADEE7187A197253
:1090B000597A5A72997A9A72DA7A6FF05F02DA7292
:1090C0000122044B1A70D9E7284501201C450120D4
:1090D00010450120165C012038B5436905463BB9AF
:1090E0000024EA686042537843F00103537038BDAE
:1090F000984704460028F3D000F1FF03FE2B0ED959
:109100002123094A09490A4808F0ADF929680948A4
:10911000224608F0A8F92121034808F09BF9EB68E2
:1091200044421C70DDE700BF88F10400ABF104008D
:1091300042720300C3F10400024B03600248C01AEC
:1091400040097047B0560300B0570300014B9868C0
:10915000A43070472C45012010B50446F4F788F878
:10916000054803685B0703D00121044A08F095FE17
:1091700020460BF0B8F800BF90E90020E8F10400A9
:109180002DE9F04704460D4600AFEFF31189202387
:1091900083F31288BFF36F8FDFF800813A4AD8F863
:1091A0000030966859076BD0042898BF374BEA46C1
:1091B0008AB0117C98BF53F820306A4688BF344B80
:1091C000C2E9073140F2013332489384324BC2E99D
:1091D000050442F8103F00234FF431512F48F4F7B3
:1091E000D1FAD54665B1EB69D8F80020C3F308037E
:1091F00033B152071ED00121294A284808F04DFEFC
:10920000D8F800305B0715D03EBB2648E8468AB048
:109210006A46254BD061C2E9053640F2013313841A
:10922000224B42F8103F00234FF411511B48F4F732
:10923000A9FAC54629462046FFF78EFF042C15D112
:109240001B4987231B4A1C4808F00DF91B4808F0EE
:109250000AF98721174808F0FDF830460BF0FAF8B4
:109260000028D2D00378002BCFD0CFE789F3118824
:10927000BFF36F8F3046F8F779FDBD46BDE8F08744
:10928000002DB0D1D6E700BF2C450120B06F030000
:10929000F7F104000DF204000500000190E9002040
:1092A00035F2040005F2040056F204000400000147
:1092B00090F204006EF2040042720300ADF204006A
:1092C00038B50A4B53F82040013053F82050A542DE
:1092D00000D838BD606830B1037EDB0701D4FFF7EA
:1092E000FBFE0834F3E723689847FAE7C46F0300EE
:1092F000012270B5374B032086B01A70FFF7E0FFEC
:109300000BF0DDF90420FFF7DBFF334C334DAC42AB
:10931000264628D932494423324A334808F0A3F874
:10932000324808F0A0F844212E4808F093F854F889
:109330000C3C059354F8103C049354F8143C0393EC
:1093400054F8183C029354F81C3C019354F8203C08
:10935000009354E90A2354E90C0101F0EFFC54F89E
:10936000303C5E65D3E7AE4204F13004DFD302F057
:10937000AFFB194C1E4EAC421FD919496823194A3C
:10938000194808F070F8194808F06DF86821CBE723
:10939000D4E90A23B3F1FF3F08BFB2F1FF3F05D084
:1093A00052EA0301206803D102F0F0FD3034E2E715
:1093B0003146183003F05CFAF8E7E9D302F0FAFB23
:1093C000E2F772FA0B4A137B23F00103137306B022
:1093D00070BD00BF185C0120B8590300D85A0300C3
:1093E0004DF304002CF304004272030082B1040028
:1093F000DB440300302E01204FF4847370B5144E0B
:1094000086B003FB0066134B012205930F23CDE9C1
:1094100003320023CDE9013318234FF4A0720E4D1F
:109420000E4903FB0055044602FB00110C4B30466D
:10943000009501F083FC737B2C7423F00403737399
:10944000084B013403EB0433EE606B6006B070BD73
:10945000282D01207AF304002C4501202018022039
:10946000C5970200200802207FB50020FFF728FFE3
:10947000334B03F5805282F3088883F30A88E02394
:10948000304C84F822300023E37723766376A3768A
:1094900084F82030626A42F4E022626284F8233069
:1094A000F8F7A8FBF8F7DEFD4FF0FF33A362E362A5
:1094B000F8F7B8FFF8F7FAFDF3F7ECFD224801F0F2
:1094C00041FD224B224A93420ED92249CC23224A03
:1094D000224807F0C8FF224807F0C5FFCC211E48EC
:1094E00007F0B8FF2033EEE7FCD30120FFF7E8FEDA
:1094F00002201C4CFFF7E4FE02F0ECFB1A4B0025A7
:109500009C611A4B4FF40062059301231849CDE981
:1095100003532046174BCDE90155009501F00EFC91
:109520000646637B204623F00403637301F078FE54
:109530002846FFF761FF314620460E4AF8F76AFDDC
:109540002008022000ED00E0382F0120B056030073
:10955000B05703007FF304002CF3040042720300B1
:1095600082B10400302E01202C45012097F3040025
:1095700060190220F19202002DE9F04F064689B0F1
:10958000CDE90412DDE9122306A8994690460AF0B7
:10959000E8FFDDE90634CDE9023406F11404EFF307
:1095A0001185202383F31288BFF36F8F204603F0C9
:1095B00023F860B98823354A3549364807F053FF08
:1095C0002146354807F04FFF8821304831E02046DA
:1095D00003F036F8EFF30583EBB94FF0200B06F1FB
:1095E0000C0A3046DDE90412149B9847074610B375
:1095F000204603F00FF800283FD14FF49A73234A16
:109600002649244807F02FFF2146254807F02BFF65
:109610004FF49A71D9E758EA0903DED0214958235B
:10962000214A1C4807F01FFF204807F01CFF582163
:109630001D4807F00FFF58EA0908D9D0DDE90223D9
:1096400006A80AF0B3FFDDE906232946CDE9002389
:10965000904620465246994601F0CEFFEFF3118521
:109660008BF31288BFF36F8F204602F0C5FF0028EE
:10967000A0D0204602F0E4FFB3E785F31188BFF3E2
:109680006F8F384609B0BDE8F08F00BFB9AC040059
:10969000E6AC040042720300FBAC040011AD040010
:1096A00028AD0400C1F304009FF3040006F4040095
:1096B00038B50D4C0D4DAC4213D90D4925230D4A3B
:1096C0000D4807F0D0FE0D4807F0CDFE25210948D2
:1096D00007F0C0FE2046D4E901120AF00CFE18344F
:1096E000E9E7F7D3002038BD98EA0020E0EA00203F
:1096F00009F404009FF304004272030082B10400E5
:109700001FB5054CCDE9002302940A460021FFF75E
:1097100033FF04B010BD00BF8B120300F8B505463F
:109720000E4600F11404EFF31187202383F312880F
:10973000BFF36F8F204602F05FFF68B988231B4A92
:109740001B491C4807F08FFE21461B4807F08BFE83
:109750008821164807F07EFE204602F071FF284659
:109760003146F0F7C5FF05F10C000AF0C4FE28B140
:1097700039462046BDE8F84002F0FEB8204602F027
:1097800049FF68B94FF49A73084A0C49094807F031
:109790006AFE21460A4807F066FE4FF49A71D8E740
:1097A00087F31188BFF36F8FF8BD00BFB9AC040019
:1097B000E6AC040042720300FBAC040011AD0400EF
:1097C00028AD040008B50D4B9B6893F90E30002BB3
:1097D00009DB2024EFF3118384F31288BFF36F8F2A
:1097E00009F062FCF6E7064906481C23064A07F022
:1097F0003AFE1C21044807F02DFE00BF2C45012035
:1098000043F404004272030022F4040008B58368A4
:109810004BB90B490B488F230B4A07F024FE8F21CD
:10982000094807F017FED0E9003213605A600023A0
:10983000427BC0E9003322F002024273836008BD1C
:1098400096F40400427203006BF404002DE9F74F14
:1098500004460F4691461E469DF830A0EFF305835F
:1098600073B152EA06030BD05D4981235D4A5E481D
:1098700007F0F9FD5D4807F0F6FD8121594819E030
:1098800004F10805EFF311884FF0200B8BF31288D9
:10989000BFF36F8F284602F0AFFE68B98823544AA1
:1098A0005449514807F0DFFD2946534807F0DBFDD6
:1098B00088214F4807F0CEFD284602F0C1FE626ABB
:1098C00023699A4274D2EFF311838BF31288BFF3AA
:1098D0006F8F83F31188BFF36F8F5BB94749A6235E
:1098E000474A414807F0BFFD404807F0BCFDA621AC
:1098F0004348DFE72668B4421AD0CEB13046FFF7BE
:1099000085FF06F1180003F08FF8E268002439465D
:1099100030690AF0F7FE3046C6F8BC4001F080FC22
:109920004146284602F028F8204603B0BDE8F08FF3
:10993000206A6169884202D3A369984207D33149FA
:109940009C23284A284807F08EFD9C2196E7E26870
:10995000BAF1000F21D039460AF0D4FE236AE2683A
:109960001344A2692362934201D163692362636A4B
:10997000013363620024284602F04CFE50BB4FF4D2
:109980009A731B4A2049184807F06DFD29461F4865
:1099900007F069FD4FF49A718BE7E069814208BFD7
:1099A000E361E0693946801AE0610AF0ABFEDEE768
:1099B00059EA06030BD0164B22469B6841461F61AD
:1099C0002846CDE9009601F017FE0446ACE76FF09B
:1099D0002204D0E788F31188BFF36F8FA4E700BF9C
:1099E000C1F30400ADF404004272030006F4040065
:1099F000B9AC0400E6AC0400FBAC0400CFF40400F6
:109A00006BF40400E7F4040011AD040028AD040079
:109A10002C4501202DE9F7430446884617461D468C
:109A2000EFF3058383B152EA05030DD05F494FF48C
:109A30008A735F4A5F4807F016FD5F4807F013FD21
:109A40004FF48A715A4818E004F10806EFF31189BF
:109A5000202383F31288BFF36F8F304602F0CCFDD2
:109A600068B98823554A5649524807F0FCFC3146EC
:109A7000544807F0F8FC8821504807F0EBFC3046CA
:109A800002F0DEFD636A002B64D0E2684046E169C3
:109A90000AF038FEE369E2681344A269E361934285
:109AA00004BF6369E361636A013B6362EFF311839F
:109AB000202282F31288BFF36F8F83F31188BFF3E4
:109AC0006F8F5BB94049A623404A3A4807F0CBFC68
:109AD000394807F0C8FCA6213C48CEE72568AC42CF
:109AE00048D0002D47D02846FFF790FE05F118001A
:109AF00002F09AFF206A6369984202D3A3699842F0
:109B000009D333494FF49773294A2A4807F0ABFC2D
:109B10004FF4977196E72969E2680AF0F3FD236A2A
:109B2000E26828461344A2692362934204BF636932
:109B30002362636A013363620024C5F8BC4001F00C
:109B40006FFB4946304601F017FF2546284603B013
:109B5000BDE8F08357EA05031FD01E4B22469B68E1
:109B60004946C3F810803046CDE9007501F044FD48
:109B70000546EBE70025304602F04CFD80B94FF476
:109B80009A730E4A14490B4807F06DFC314613488E
:109B900007F069FC4FF49A716EE76FF02205EAE76F
:109BA00089F31188BFF36F8FD0E700BFC1F30400C2
:109BB000ADF404004272030006F40400B9AC0400E2
:109BC000E6AC0400FBAC0400CFF404006BF404002A
:109BD000E7F404002C45012011AD040028AD040079
:109BE0002DE9F341044617461E46EFF3058565B19E
:109BF00058496F23584A594807F035FC584807F030
:109C000032FC6F21544807F025FCEFF31188202324
:109C100083F31288BFF36F8F524802F0EDFC60B9F6
:109C20008823514A51494D4807F01DFC4D49504881
:109C300007F019FC88214C48E5E74A4802F000FD8E
:109C4000E3684C4A9BB1A0689168884229D057EAE2
:109C500006032ED1434802F0DDFCA0B188F3118841
:109C6000BFF36F8F6FF00F0002B0BDE8F081916815
:109C700091F90E100133E36093683A482161A360C3
:109C800002F0C8FC78B94FF49A73374A3A4933481E
:109C900007F0E9FB3349394807F0E5FB4FF49A71C7
:109CA000C9E72169E6E788F31188BFF36F8F0020C9
:109CB000DAE791F90E1090F90E306FF07E029942BA
:109CC000A8BF19469142B8BF11468B4202DD0AF087
:109CD00024FB054622464146CDE90076214801F0A5
:109CE0008BFC0028E3D0EFF31186202383F3128846
:109CF000BFF36F8F1B4802F07FFC002890D01948FB
:109D000002F09EFCA068C0B1236821699C420AD081
:109D10004BB193F90E309942A8BF19466FF07E03FC
:109D20009942B8BF19460AF0F8FA30B131460D48E9
:109D300001F022FE6FF00A0096E7002DF6D10948E7
:109D400002F068FC00289ED086F31188BFF36F8F65
:109D5000F0E700BF55F5040033F50400427203003C
:109D600067F5040054450120B9AC0400E6AC0400DA
:109D7000FBAC04002C45012011AD040028AD04000B
:109D8000F8B50546EFF3058363B15549D723554A26
:109D9000554807F068FB554807F065FBD721514847
:109DA00007F058FB8368002B00F09380504A9268BC
:109DB000934240F09180C3683BB94E49EF23494A32
:109DC000494807F050FBEF21E9E7012B03D0013BA5
:109DD000C3600020F8BDEFF31187202484F31288BC
:109DE000BFF36F8F444802F007FC60B98823434AF1
:109DF00043493D4807F037FB3F49424807F033FBF2
:109E000088213E48CCE73C4802F01AFC2969A86842
:109E10000AF083FAEFF3118384F31288BFF36F8F94
:109E200083F31188BFF36F8F5BB93749A623374A95
:109E30002D4807F018FB364807F015FBA6213348DC
:109E4000AEE72C68AC4215D100232B48C5E902339C
:109E500002F0E0FB002837D14FF49A73274A2D49CE
:109E6000214807F000FB24492B4807F0FCFA4FF487
:109E70009A71C6E7002CE7D0A3683BB927498F2326
:109E8000224A194807F0EFFA8F21D8E70026D4E9D3
:109E9000003213605A60637BC4E9006623F002035A
:109EA0006373A66004F1180002F0BEFDAC6094F983
:109EB0000E3020462B61C4F8BC6001F0B1F9394680
:109EC0000D4801F059FD84E787F31188BFF36F8FC8
:109ED0007FE76FF015007DE74FF0FF307AE700BFB6
:109EE00055F5040033F504004272030067F50400E1
:109EF0002C4501208CF5040054450120B9AC040028
:109F0000E6AC0400FBAC0400CFF404006BF40400E6
:109F100006F4040011AD040028AD040096F404001A
:109F200008B583684BB90B490B488F230B4A07F0E0
:109F30009AFA8F21094807F08DFAD0E900321360B0
:109F40005A600023427BC0E9003322F002024273D0
:109F5000836008BD96F40400427203006BF40400B1
:109F60002DE9F04704460D4691469A469DF820603B
:109F700000F10807EFF31188202383F31288BFF361
:109F80006F8F384602F038FB60B988234A4A4B4944
:109F90004B4807F068FA39464A4807F064FA8821C6
:109FA00045481BE0384602F04BFB06B16568EFF30D
:109FB0001183202282F31288BFF36F8F83F31188FD
:109FC000BFF36F8F63B94049A623404A3C4807F06E
:109FD0004AFA3F4807F047FAA6213C4807F03AFA08
:109FE000234653F80C6F9E4216D0AEB10024304683
:109FF000FFF796FF06F1180002F016FD3046C6F88E
:10A00000BC40C6F8109001F00BF94146384601F00B
:10A01000B3FC2046BDE8F087BAF1000F14D0082049
:10A0200003F046F900283FD00122C0F804900260F6
:10A03000016801F003015DB922680A4302606268A9
:10A0400020606AB960600BE04846C9F800A0EFE7FD
:10A050002A68032A1DD801606168A1B9C4E900001B
:10A060000024384602F0D6FA08BB4FF49A73124A1D
:10A070001849134807F0F7F93946174807F0F3F97C
:10A080004FF49A718CE70A6802F0030202430A60F7
:10A09000D8E722F003020A4302602A6802F00302B2
:10A0A00040EA02032B60DBE76FF00B04D9E788F38B
:10A0B0001188BFF36F8FACE7B9AC0400E6AC0400C5
:10A0C00042720300FBAC0400CFF404006BF4040004
:10A0D00006F4040011AD040028AD04002DE9F74397
:10A0E000064690461F4600F10805EFF3118920232C
:10A0F00083F31288BFF36F8F284602F07DFA68B9A8
:10A100008823254A2549264807F0ADF929462548E0
:10A1100007F0A9F98821204807F09CF9284602F0A9
:10A120008FFA3468FCB12368726823F00303944209
:10A1300020464FF00101336008BF73600AF0FCF85D
:10A140000446284602F066FAE8B94FF49A73124AB8
:10A150001549134807F087F92946144807F083F991
:10A160004FF49A71D7E758EA0703EAD049462846E0
:10A17000CDE9008706F10C0201F03EFA38B90C4B2C
:10A180009B681C6903E089F31188BFF36F8F204639
:10A1900003B0BDE8F08300BFB9AC0400E6AC040036
:10A1A00042720300FBAC040011AD040028AD0400B2
:10A1B0002C45012008B583684BB90B490B488F2308
:10A1C0000B4A07F050F98F21094807F043F9D0E90D
:10A1D000003213605A600023427BC0E9003322F052
:10A1E00002024273836008BD96F4040042720300C9
:10A1F0006BF4040070B50446EFF31186202585F357
:10A200001288BFF36F8F304802F0F6F960B98823E7
:10A210002E4A2F492F4807F026F92B492E4807F0E0
:10A2200022F98821294818E0274802F009FAEFF3BB
:10A23000118385F31288BFF36F8F83F31188BFF307
:10A240006F8F63B92549A623254A224807F00BF9E9
:10A25000244807F008F9A621214807F0FBF82568F3
:10A26000AC4213D095B12846FFF7A4FF05F11800C2
:10A2700002F0DAFB00232846C5F8BC3000F0D0FF1E
:10A280003146BDE87040104801F076BBD4E9023297
:10A290009A4218BF01330C48A36002F0BBF968B9B9
:10A2A0004FF49A73094A10490A4807F0DCF8064946
:10A2B0000E4807F0D8F84FF49A71B3E786F3118887
:10A2C000BFF36F8F70BD00BF58450120B9AC0400CB
:10A2D000E6AC040042720300FBAC0400CFF40400BF
:10A2E0006BF4040006F4040011AD040028AD040072
:10A2F000F7B5044616461D46EFF305837BB152EAD7
:10A3000005030CD02D4988232D4A2E4807F0ABF8C1
:10A310002D4807F0A8F88821294807F09BF8EFF3AB
:10A320001187202383F31288BFF36F8F274802F031
:10A3300063F960B98823264A2649224807F093F832
:10A340002249254807F08FF888212148E5E71F4872
:10A3500002F076F9A368D3B1013B1C48A36002F078
:10A3600059F968B94FF49A73194A1C49154807F00E
:10A370007AF816491A4807F076F84FF49A71E4E72C
:10A3800087F31188BFF36F8F002003B0F0BD56EA4A
:10A3900005030BD10D4802F03DF90028E2D087F308
:10A3A0001188BFF36F8F6FF00F00EEE7224639463A
:10A3B000CDE90065054801F01FF9E6E7C3F50400A3
:10A3C000A3F504004272030006F40400584501207E
:10A3D000B9AC0400E6AC0400FBAC040011AD040011
:10A3E00028AD04002DE9F8430546EFF31188202736
:10A3F00087F31288BFF36F8F314802F0FDF80646ED
:10A4000060B988232F4A3049304807F02CF82C498E
:10A410002F4807F028F888212A481BE0284802F036
:10A420000FF96FF00A090023EFF3118287F3128806
:10A43000BFF36F8F82F31188BFF36F8F62B9254925
:10A44000A623254A214807F00EF8244807F00BF808
:10A45000A621214806F0FEFF2C68A5420ED06CB163
:10A460002046FFF7A7FE04F1180002F0DDFA2046AF
:10A47000C4F8BC9000F0D4FE3346D5E70022AA60B1
:10A480002BB14146BDE8F8430D4801F075BA0C48C0
:10A4900002F0C0F868B94FF49A730A4A10490B48A1
:10A4A00006F0E1FF06490F4806F0DDFF4FF49A7110
:10A4B000B2E788F31188BFF36F8FBDE8F88300BF60
:10A4C00058450120B9AC0400E6AC04004272030018
:10A4D000FBAC0400CFF404006BF4040006F40400A9
:10A4E00011AD040028AD04002DE9F0430446764E7A
:10A4F000764F85B0EFF31188202383F31288BFF3E2
:10A500006F8F304602F078F868B98823704A714935
:10A51000714806F0A8FF6C49704806F0A4FF882136
:10A520006B4806F097FF304602F08AF8D4F80C51D9
:10A53000F5B9022104F5927009F021FF002840D0FE
:10A5400004F58E7500220121284601F0B5FE002891
:10A55000F8D100234FF0FF3202934FF0FF33414612
:10A56000CDE90023304604F58A7201F003FFC1E70C
:10A57000D4F810212B68954208BFC4F81031C4F8F4
:10A580000C31D4F82431304643F00203C4F82431AE
:10A59000EB68D5F8049023F0040343F00103EB606B
:10A5A00002F038F8F8B94FF49A73494A4C494A48CE
:10A5B00006F059FF44494B4806F055FF4FF49A7195
:10A5C000AEE7D4F82431DD06C3D5C4F824013E48F3
:10A5D00002F020F80028E6D088F31188BFF36F8FCF
:10A5E00005B0BDE8F08388F31188BFF36F8FB9F130
:10A5F000000F0AD13C4938484FF438733B4A06F003
:10A6000032FF4FF4387139488BE72846C847EFF3DB
:10A610001188202383F31288BFF36F8F304601F037
:10A62000EBFF00283FF471AF304602F009F8EB6809
:10A63000D90623F0010231D4EA60EB689A0716D5F7
:10A64000386823F00203EB6088B10021036870B121
:10A650004268954230D1036841BB7A683B608242D0
:10A6600000D17B60002340F8083BFFF7C3FDD4F81E
:10A670002431304623F00203C4F82431C3F300250B
:10A6800001F0C8FF00288ED088F31188BFF36F8FC8
:10A69000002D7FF42FAF01F025FB2BE723F01103F2
:10A6A000EB6005F11000FFF7A5FDC6E70B607B68C6
:10A6B000834208BF7960D5E723B11A68014618467E
:10A6C0001346C4E71A46F9E7644501205C450120BA
:10A6D000B9AC0400E6AC040042720300FBAC040019
:10A6E00011AD040028AD040073F0040010F604005E
:10A6F000F8B5C36804469A070F46C3F340063BD437
:10A700005B0727D40B680BB983680B60E368DD0730
:10A7100023D5A3685BB92949294840F25713294A30
:10A7200006F0A1FE40F25711264806F093FE0226DD
:10A730003B603D68002D3ED0234B9A68D5F8083128
:10A740009A420CD0D5F82431D807C3F3800216D42E
:10A750006FF0120600233B6027E00126E9E709F0CD
:10A7600073FED5F824310028EED1D907C3F3C00217
:10A77000EED552B15B0708D46FF00F06EAE7002A66
:10A78000FAD1C3F3C003002BF6D100232360D5F820
:10A79000103163B9C5E94344284609F00AFEE3686D
:10A7A00043F00403E3603B68A3603046F8BD1C60DF
:10A7B000C5F81041F0E76FF01506CBE731F604005D
:10A7C0004272030010F604002C45012073B50446C4
:10A7D000EFF31185202383F31288BFF36F8F1E4898
:10A7E00001F00AFF68B988231C4A1D491D4806F07C
:10A7F0003AFE19491C4806F036FE8821174806F033
:10A8000029FE154801F01CFF00230321201F01939E
:10A81000A4F1100609F0B3FD28B1A369304601A9DF
:10A820000193FFF765FF0C4801F0F4FE68B94FF49F
:10A830009A730A4A0D490B4806F015FE06490C4862
:10A8400006F011FE4FF49A71D8E785F31188BFF333
:10A850006F8F02B070BD00BF64450120B9AC040029
:10A86000E6AC040042720300FBAC040011AD04002E
:10A8700028AD040038B50D46044648B90C499C2360
:10A880000C4A0D4806F0EFFD9C210A4806F0E2FD57
:10A8900039B90A499D23074A074806F0E4FD9D217E
:10A8A000F3E71022002109F054FF656038BD00BFB6
:10A8B000AAF6040010F604004272030073F00400CC
:10A8C00037B50C46019059B9284940F27D13284A02
:10A8D000284806F0C8FD40F27D11254806F0BAFD73
:10A8E0004B684BB924494FF4BF73214A214806F005
:10A8F000BAFD4FF4BF71F0E7EFF31185202383F326
:10A900001288BFF36F8F1D4801F076FE60B988236F
:10A910001B4A1C49174806F0A6FD18491A4806F0BC
:10A92000A2FD88211648D9E7144801F089FE204687
:10A9300001A9FFF7DDFE0446104801F06BFE68B97F
:10A940004FF49A730E4A11490A4806F08CFD0B49E0
:10A950000F4806F088FD4FF49A71E3E785F31188FC
:10A96000BFF36F8F204603B030BD00BFAAF60400CE
:10A9700010F60400427203004CF604006445012006
:10A98000B9AC0400E6AC0400FBAC040011AD04005B
:10A9900028AD04000146014809F046BD60300120A1
:10A9A000F0B589B004460E9D58B92F4940F23233B4
:10A9B0002E4A2F4806F057FD40F232312B4806F060
:10A9C00049FD49B92B4940F23333284A284806F05B
:10A9D0004AFD40F23331F1E7D0F8240110F00100D4
:10A9E00009D025494FF44D73204A214806F03BFD1C
:10A9F0004FF44D71E2E7C4E9430004F58A70C4E9FD
:10AA0000450004F58E70C4E9470055B32879002845
:10AA100040F2011008BF0120C4F8240100204FF0CB
:10AA2000FF364FF0FF37CDE90330CDE90100CDE926
:10AA300006672046114B009400F03EFA55B1296894
:10AA400011B1204600F028F96B791BB1237B43F04C
:10AA500001032373204601F099FAC4F8084109B0B4
:10AA6000F0BD0120D8E700BF9DF6040010F60400F9
:10AA700042720300A3F6040069F60400E9A4020090
:10AA800038B50D46044658B90F494FF478730F4A4C
:10AA90000F4806F0E8FC4FF478710C4806F0DAFC39
:10AAA00049B90C4940F2E133084A094806F0DBFC99
:10AAB00040F2E131F1E73022002109F04AFE4FF483
:10AAC00080736560E36038BDA9F6040010F60400E9
:10AAD0004272030073F00400F7B50C4616461D469B
:10AAE000019058B9334940F25743334A334806F08E
:10AAF000BAFC40F25741304806F0ACFC49B9304945
:10AB00004FF48B632C4A2D4806F0ADFC4FF48B615B
:10AB1000F1E7EFF31187202383F31288BFF36F8FE0
:10AB2000284801F069FD60B98823274A274923484E
:10AB300006F099FC2349264806F095FC8821224816
:10AB4000DAE7204801F07CFDE36813F01E0F27D1FF
:10AB500055EA060216D1204601A9FFF7C9FD0446B1
:10AB6000184801F057FDE8B94FF49A73164A19498D
:10AB7000124806F078FC1349174806F074FC4FF4AD
:10AB80009A71DCE743F00803E360019B04F11000D5
:10AB9000A36232462B46114901F06AFE0124DFE729
:10ABA0000024DDE787F31188BFF36F8F204603B0E1
:10ABB000F0BD00BF37F6040010F604004272030037
:10ABC000A9F6040064450120B9AC0400E6AC040019
:10ABD000FBAC040011AD040028AD0400CDA70200B9
:10ABE00038B5044658B92349234840F29C43234AC8
:10ABF00006F039FC40F29C41204806F02BFCEFF3B4
:10AC00001185202383F31288BFF36F8F1C4801F056
:10AC1000F3FC60B988231B4A1B49174806F023FC44
:10AC200017491A4806F01FFC88211648E5E7144822
:10AC300001F006FD204609F0ADFB204609F0C1FBFE
:10AC400004460F4801F0E6FC68B94FF49A730D4AC8
:10AC50000F49094806F007FC09490E4806F003FCB5
:10AC60004FF49A71E1E785F31188BFF36F8F2046A7
:10AC700038BD00BFA9F604004272030010F60400BC
:10AC800064450120B9AC0400E6AC0400FBAC040050
:10AC900011AD040028AD040010B5044608B9054BF9
:10ACA0009C681F2204F1840009F0A4FE002084F8AF
:10ACB000A30010BD2C4501202DE9F84F0C46A1B38F
:10ACC0009AB390F80D90DFF86C800846571EB9F1E2
:10ACD000000F25D00025DFF860A0B8F804B019EA0D
:10ACE0000B0F19D0B8F806307E1B9E4228BF1E46B7
:10ACF000D8F80010324609F005FD2E4439EA0B0958
:10AD000004EB06000CD0BD1B012D28BF01255146C8
:10AD10002A4609F0F7FC354408F108086019DCE719
:10AD2000002303702046BDE8F88F0148FBE700BF11
:10AD300008F40400DC6F0300BEF604002DE9F04FB8
:10AD400085B0119F04460F2F0E469946DDF838B0A6
:10AD5000DDF84C804AD14C498B424BD104F158016B
:10AD6000C4E916111299002521730421073222F03B
:10AD7000070A52466173A773AA213046C4E90655F3
:10AD8000A560E57309F0E5FC109BC4E92A6AC4F8E4
:10AD9000B05002930F9B06EB0A07CDE900B33A4689
:10ADA0004B4631462046F7F7F1F80F9BC4E91C9B50
:10ADB000A367109B656584F86C50E367EFF3118916
:10ADC000202383F31288BFF36F8F304801F014FC07
:10ADD00018BB88232E4A2F492F4806F044FB2B49E5
:10ADE0002E4806F040FB8821294814E007F11001A5
:10ADF0001E29B3D940F24B23294A2A49264806F096
:10AE000032FB394628486FF00F030E2206F02BFB69
:10AE100040F24B21224806F01DFB244E1B4801F056
:10AE20000FFC736A1948C4F88030746201F0F2FBB9
:10AE300068B94FF49A73164A1D49174806F013FB78
:10AE400012491C4806F00FFB4FF49A71CCE789F3C6
:10AE50001188BFF36F8FB8F1000F11D01F22414648
:10AE600004F1840009F0C6FD84F8A350B3680BB167
:10AE7000D3F8B4303846C4F8B43005B0BDE8F08F2C
:10AE800084F88480F2E700BFC59702007445012072
:10AE9000B9AC0400E6AC040042720300FBAC040051
:10AEA000C0F60400E3F6040063F704002C4501201B
:10AEB00011AD040028AD0400F0B587B00446DDE90B
:10AEC0001276EFF3058575B1194940F21A33194A24
:10AED000194806F0C8FA194806F0C5FA40F21A31C6
:10AEE000144806F0B7FA0595109D04950F9D03953B
:10AEF0000E9D02950D9D01950C9D0095FFF71EFF7F
:10AF0000B6F1FF3F08BFB7F1FF3F05D056EA070390
:10AF100005D1204601F03AF8204607B0F0BD3A4688
:10AF2000334604F11800064901F0A2FCF4E700BF23
:10AF300055F50400C0F604004272030094F70400C3
:10AF4000DB44030040F201138381002310B5044663
:10AF5000C0E92A3302F0A6F9014B9C6010BD00BF86
:10AF60002C45012070B590F90D20437B002A5ADB57
:10AF7000DC0658D12D4A43F080039042437309D137
:10AF80002B4952232B4A2C4806F06DFA52212948AE
:10AF900006F060FAD90707D528495323254A2648E1
:10AFA00006F061FA5321F2E7254C224652F81C3F85
:10AFB000216A934207D1C0E900210860206211E0B4
:10AFC0009942F8D01B68002BF5D090F90E5093F9F8
:10AFD0000E60B542F4D0AE42F2DD5968C0E90031EE
:10AFE00008605860E569954200D005B9E568A36836
:10AFF0005BB91449EA23144A0F4806F034FA13489F
:10B0000006F031FAEA211048C2E75A7BD20604D191
:10B01000DA897F2A01D9AA6932B1AB4202D0284627
:10B0200001F062FAA56170BDA361FCE7282D012043
:10B0300014F80400F2F704004272030035F804002B
:10B040002C4501207AF804004EF8040006F40400B0
:10B0500038B590F90D200146002A437B1BDA224ABD
:10B0600003F07F039042437309D120495A23204AB9
:10B07000204806F0F8F95A211D4806F0EBF9DC07E4
:10B0800007D51D495B231A4A1A4806F0ECF95B21E3
:10B09000F2E709F0F2F9194D2A4652F81C4FAB6855
:10B0A000944200D004B9EC688B4214D05BB91449C7
:10B0B000EA23144A0F4806F0D6F9134806F0D3F9EC
:10B0C000EA211048D9E75A7BD20604D1DA897F2ACF
:10B0D00001D9A2692AB1A34202D0204601F004FAA4
:10B0E0002346AB6138BD00BF282D012014F80400B1
:10B0F000F2F704004272030035F804002C450120E9
:10B100007AF804004EF8040006F4040008B58368D9
:10B110004BB9094909488F23094A06F0A4F98F2140
:10B12000074806F097F909F0A8F9437B23F00203DA
:10B1300043730023836008BD96F404004272030049
:10B140006BF4040008B5144A936880B1597B11F080
:10B15000090F0CD11149D223114A124806F083F984
:10B16000114806F080F9D2210D4806F073F96FF00E
:10B170000A01C3F8BC100D49C3F8B8004B6843F08E
:10B1800080534B60002383F31188BFF36F8F936864
:10B19000D3F8BC0008BD00BF2C450120CBF804004B
:10B1A000A1F804004272030034F9040000ED00E04D
:10B1B00038B5194CA168206A0B68814214BF1A4641
:10B1C000002249680B605960A368216A2AB9134AB2
:10B1D000C3E900210B6023620CE093F90E0092F9A1
:10B1E0000E50A84214D0854212DD5168C3E90021F7
:10B1F0000B605360E569094B9D4200D005B9E568D5
:10B20000A3689D4202D0284601F06EF9A56138BDC1
:10B210009142DCD01268D9E72C4501204845012035
:10B2200038B50446EFF31185202383F31288BFF36A
:10B230006F8F174801F0E0F968B98823154A16495D
:10B24000164806F010F91249154806F00CF9882145
:10B25000104806F0FFF80E4801F0F2F92046FFF71B
:10B2600081FE0B4801F0D6F968B94FF49A73094A88
:10B270000C490A4806F0F7F805490B4806F0F3F8C0
:10B280004FF49A71E4E785F31188BFF36F8F38BDEF
:10B2900068450120B9AC0400E6AC0400427203002A
:10B2A000FBAC040011AD040028AD0400F8B5734DEB
:10B2B0000446AE68864263D1EFF30583002B5FD16D
:10B2C000EFF31187202383F31288BFF36F8F6C484D
:10B2D00001F092F960B988236A4A6B496B4806F01D
:10B2E000C2F867496A4806F0BEF88821654813E04D
:10B2F000634801F0A5F9737B664A03F07F0343F0CE
:10B3000010039642737309D163495A23634A5F4815
:10B3100006F0A9F85A21614806F09CF8D80707D52D
:10B320005F495B235D4A594806F09DF85B21F2E7CF
:10B33000304609F0A2F82B4653F81C4F9C4200D02F
:10B3400004B9EC68AB689C4202D0204601F0CCF80E
:10B350004B48AC6101F05EF968B94FF4B773494AE4
:10B3600050494A4806F07FF845494F4806F07BF8B7
:10B370004FF4B771BAE73846BDE8F840FFF7E2BED0
:10B38000EFF31186202383F31288BFF36F8F3C48BD
:10B3900001F032F900289ED0394801F051F9637B61
:10B3A000D90612D5364801F035F9002860D14FF49E
:10B3B0009A73344A3B49354806F055F830493A48C3
:10B3C00006F051F84FF49A7190E7D90943F0100252
:10B3D0003ED16273EF69354B9F4200D007B9EF68E9
:10B3E000AB68BB4202D0384601F07EF8AB68AF6173
:10B3F0009C42D7D1EFF30585002DD3D1237BDB070A
:10B400001FD51F4801F006F90028D0D086F3118817
:10B41000BFF36F8F85F31188BFF36F8F0423184636
:10B4200002DFEFF31186202383F31288BFF36F8FBF
:10B43000134801F0E1F800283FF44DAF104801F047
:10B44000FFF80F4801F0E6F8002886D0304693E771
:10B45000104A03F07F0343F01003944263733FF4F8
:10B4600053AFDA073FF55CAF204609F006F8B1E7C5
:10B4700086F31188BFF36F8FF8BD00BF2C45012004
:10B4800068450120B9AC0400E6AC04004272030038
:10B49000FBAC0400282D012014F80400F2F704008E
:10B4A00035F8040011AD040028AD04004845012022
:10B4B00038B50446EFF31185202383F31288BFF3D8
:10B4C0006F8F184801F098F868B98823164A174911
:10B4D000174805F0C8FF1349164805F0C4FF882136
:10B4E000114805F0B7FF0F4801F0AAF8A36813B19F
:10B4F0002046FFF70BFE0B4801F08CF868B94FF4BB
:10B500009A73094A0C490A4805F0ADFF05490B48F2
:10B5100005F0A9FF4FF49A71E2E785F31188BFF3B4
:10B520006F8F38BD68450120B9AC0400E6AC04005B
:10B5300042720300FBAC040011AD040028AD04000E
:10B5400070B504460D46EFF31186202383F312886D
:10B55000BFF36F8F214801F04FF868B98823204A64
:10B560002049214805F07FFF1C49204805F07BFF5A
:10B5700088211B4805F06EFF184801F061F8002390
:10B5800094F86C10627B84F86C3091B18DB11348E3
:10B5900001F040F8E8B94FF49A73114A144912487F
:10B5A00005F061FF0D49134805F05DFF4FF49A71F6
:10B5B000DFE712F0280FEAD1A36813B12046FFF7A6
:10B5C000A5FD637B204623F004036373FFF7CAFCE9
:10B5D000DDE786F31188BFF36F8F70BD68450120EA
:10B5E000B9AC0400E6AC040042720300FBAC0400FA
:10B5F00011AD040028AD04002DE9F047DFF800A1EB
:10B60000344D1746DDE90898DAF80820324BA84295
:10B6100004460E461A600BD13049314840F29E2351
:10B62000304A05F020FF40F29E212E4805F012FF1F
:10B63000EFF31183202383F31288BFF36F8F284623
:10B6400000F0DAFF60B98823274A2849244805F02A
:10B650000AFF2946264805F006FF88212248E5E72B
:10B66000284600F0EDFFDAF808503946284608F081
:10B670000CFFB8F1FF3F08BFB9F1FF3F06D04A46C3
:10B6800043461C4905F1180001F0F2F8204600F08D
:10B69000C1FF68B918494FF4B773134A104805F051
:10B6A000E2FE2146154805F0DEFE4FF4B771D5E7FE
:10B6B000084800F0AFFF40B90F494FF4B7730A4A8A
:10B6C000074805F0D0FE0349ECE73046BDE8F047F7
:10B6D000FFF738BD684501206C4501205CF9040086
:10B6E00042720300F2F70400B9AC0400E6AC0400B7
:10B6F000FBAC0400DB44030011AD040028AD0400E2
:10B700002C45012070B50546EFF31186202383F305
:10B710001288BFF36F8F1B4800F06EFF68B9882353
:10B72000194A1A491A4805F09EFE1649194805F0AB
:10B730009AFE8821144805F08DFE124800F080FF23
:10B740002C68A54215D014B12046FFF7DFFC0D4848
:10B7500000F060FF78B94FF49A730B4A0E490C4819
:10B7600005F081FE07490D4805F07DFE4FF49A7102
:10B77000E0E70024EBE786F31188BFF36F8F2046E4
:10B7800070BD00BF68450120B9AC0400E6AC040000
:10B7900042720300FBAC040011AD040028AD0400AC
:10B7A0002DE9F04104460D46EFF31187202383F382
:10B7B0001288BFF36F8F624800F01EFF60B98823C4
:10B7C000604A6149614805F04EFE5D49604805F0F8
:10B7D0004AFE88215B4818E0594800F031FF637B3E
:10B7E00003F01F02002A0CBF0126002671D1594A1E
:10B7F00003F07F039442637309D157495A23574A90
:10B80000524805F030FE5A21544805F023FED9076E
:10B8100007D553495B23514A4C4805F024FE5B2170
:10B82000F2E7204608F029FE637B6DB243F0800307
:10B83000DA07A573637307D549495323474A434839
:10B8400005F011FE5321DFE7DFF82881424652F868
:10B850001C3F93423AD1D8F82010C4E900210C6073
:10B86000C8F820400FE09942F7D01B68002BF4D0B5
:10B8700093F90E008542F6D0A842F4DD5968C4E978
:10B8800000310C605C60D8F81C40944200D00CB9C8
:10B89000D8F80C40D8F808309C4202D0204600F07E
:10B8A00023FEC8F81840264800F0B4FE00283FD117
:10B8B0004FF49A73234A2B49244805F0D4FD2049BC
:10B8C000294805F0D0FD4FF49A7183E7D8F820108D
:10B8D000CCE79B072AD5A16841B924491B488F238F
:10B8E000234A05F0C0FD8F2121488EE720466DB226
:10B8F00008F0C3FDA5730B68994209D14B68C4E9F0
:10B9000000131C604C60CEE74A689342F6D01B6877
:10B91000002BF3D093F90E209542F5D0AA42F3DD27
:10B920005A68C4E9003214605C60BCE7A573BAE7EA
:10B9300087F31188BFF36F8F3046BDE8F08100BFF9
:10B9400068450120B9AC0400E6AC04004272030073
:10B95000FBAC0400282D012014F80400F2F70400C9
:10B9600035F8040011AD040028AD040096F404007D
:10B970006BF404002C45012070B504460D46F9B95E
:10B98000EFF30586E6B91A4B9A699B689A4217D07D
:10B9900000F040FE78B94FF4B773164A16491748BD
:10B9A00005F061FD2146164805F05DFD4FF4B771C5
:10B9B000104805F04FFD3046BDE87040FFF7C2BBB0
:10B9C000204600F027FE68B94FF49A73094A0A49E5
:10B9D0000A4805F048FD2146094805F044FD4FF4AA
:10B9E0009A71E5E785F31188BFF36F8F70BD00BFD3
:10B9F0002C450120B9AC040011AD040042720300D3
:10BA000028AD040038B50446EFF31185202383F3F5
:10BA10001288BFF36F8F1D4800F0EEFD68B98823D0
:10BA20001B4A1C491C4805F01EFD18491B4805F01F
:10BA30001AFD8821164805F00DFD144800F000FE9F
:10BA4000637BDA0616D4114800F0E4FD68B94FF4C0
:10BA50009A730F4A1249104805F005FD0B49114829
:10BA600005F001FD4FF49A71E4E785F31188BFF307
:10BA70006F8F38BD23F0100320466373FFF772FA0F
:10BA80002946BDE838400148FFF776BF68450120E8
:10BA9000B9AC0400E6AC040042720300FBAC040045
:10BAA00011AD040028AD0400034648B9EFF3058248
:10BAB00032B9064A91699268914201D0FFF742BBC0
:10BAC00083F31188BFF36F8F704700BF2C450120AF
:10BAD00010B5EFF31184202383F31288BFF36F8F27
:10BAE000284800F089FD60B98823274A274928485B
:10BAF00005F0B9FC2349274805F0B5FC8821224808
:10BB000012E0204800F09CFDEFF3058373B1224959
:10BB100040F23B33214A1E4805F0A5FC204805F0C1
:10BB2000A2FC40F23B311D4805F094FC1D4B9A6885
:10BB3000D37B012B0CD11C494FF44F73174A144887
:10BB400005F091FC164805F08EFC4FF44F71EAE7C2
:10BB5000013BD3730B4800F05DFD68B94FF49A7355
:10BB6000094A12490A4805F07EFC0649104805F0CA
:10BB70007AFC4FF49A71C2E784F31188BFF36F8F98
:10BB800010BD00BF68450120B9AC0400E6AC04005C
:10BB900042720300FBAC040055F50400F2F7040008
:10BBA00006F404002C45012095F9040011AD0400B1
:10BBB00028AD040070B5EFF31186202383F31288BB
:10BBC000BFF36F8F374800F017FD60B98823364AFE
:10BBD0003649374805F047FC3249364805F043FC02
:10BBE0008821314813E0344D2E4800F029FDAB6820
:10BBF000DA7B72B9314940F24733314A2C4805F0BB
:10BC000032FC304805F02FFC40F247312C4805F05B
:10BC100021FCEFF3058161B12B494FF45273284A9F
:10BC2000234805F020FC274805F01DFC4FF4527115
:10BC3000ECE70132DA732A4652F81C4F944200D0E6
:10BC400004B9EC685A7BD20604D1DA897F2A01D97B
:10BC5000A2692AB1A34202D0204600F045FC234647
:10BC60001048AB6100F0D6FC68B94FF49A730E4AE5
:10BC700016490F4805F0F7FB0A49154805F0F3FB94
:10BC80004FF49A71ADE786F31188BFF36F8FEFF32E
:10BC90001180202383F31288BFF36F8FBDE87040BB
:10BCA000FFF702BF68450120B9AC0400E6AC040010
:10BCB00042720300FBAC04002C450120C6F90400CD
:10BCC000F2F7040006F4040055F5040011AD040079
:10BCD00028AD0400024B03F11C02C3E907227047A0
:10BCE0002C45012070B5EFF3058373B139494FF44A
:10BCF0008E63394A394805F0B6FB394805F0B3FB85
:10BD00004FF48E61344805F0A5FBEFF31186202334
:10BD100083F31288BFF36F8F324800F06DFC60B977
:10BD20008823314A31492D4805F09DFB2D49304883
:10BD300005F099FB88212C48E5E72E4C294800F0B6
:10BD40007FFCA168206A0B68814214BF1A4600225A
:10BD500049680B605960A368216A2AB9264AC3E979
:10BD600000210B6023620CE093F90E0092F90E5053
:10BD7000A84225D0854223DD5168C3E900210B602C
:10BD80005360E5691C4B9D4200D005B9E568A36886
:10BD90009D4202D0284600F0A7FB1248A56100F0A2
:10BDA00039FC88B94FF4B7730F4A14490B4805F0B2
:10BDB0005AFB0C49124805F056FB4FF4B771BAE72D
:10BDC0008A42CBD01268C8E73046BDE87040FFF722
:10BDD000B9B900BF55F50400F2F704004272030040
:10BDE00006F4040068450120B9AC0400E6AC040088
:10BDF000FBAC04002C4501204845012011AD040096
:10BE000028AD04002DE9F04106460C46EFF3058706
:10BE100077B134494FF49163334A344805F023FB3A
:10BE2000334805F020FB4FF491612F4805F012FBD9
:10BE300050EA010304D1FFF755FF0020BDE8F0816F
:10BE4000EFF31188202383F31288BFF36F8F294803
:10BE500000F0D2FB60B98823274A2849234805F01F
:10BE600002FB2449264805F0FEFA88212248DDE736
:10BE7000244D204800F0E4FBA868234B1860FFF72E
:10BE8000E7F8A868234632462049183000F0F0FC55
:10BE9000AA680446537B174843F00403537300F029
:10BEA000B9FB68B94FF4B773134A19490F4805F045
:10BEB000DAFA1049174805F0D6FA4FF4B771D5E70A
:10BEC0004046FFF73FF9AB68D3E90A23B3F1004FCF
:10BED00008BFBA42B1D108F03EFB201A20EAE07058
:10BEE000ACE700BF55F50400F2F70400427203000E
:10BEF00006F4040068450120B9AC0400E6AC040077
:10BF0000FBAC04002C4501206C450120DB44030000
:10BF100011AD040028AD040070B505460E46EFF3E0
:10BF2000058474B1154940F2B243154A154805F02D
:10BF30009AFA154805F097FA40F2B241104805F018
:10BF400089FAFFF75FFFB6F1FF3F08BFB5F1FF3F8A
:10BF50000246284611D04FF47A7147F6FF73C2FBB0
:10BF60000134D80B40EA4440B0F1004F4FEAD434DA
:10BF700074F1000428BF6FF0004070BD55F5040057
:10BF8000F2F704004272030006F4040038B50446D8
:10BF9000EFF31185202383F31288BFF36F8F2048BE
:10BFA00000F02AFB68B988231E4A1F491F4805F084
:10BFB0005AFA1B491E4805F056FA8821194805F01F
:10BFC00049FA174800F03CFB637B5B0710D504F18E
:10BFD000180000F029FD637B204623F004036373FF
:10BFE000FEF7C0FF2946BDE838400D48FFF7C4BC46
:10BFF0000B4800F00FFB68B94FF49A73094A0D49DA
:10C000000A4805F030FA06490B4805F02CFA4FF4BF
:10C010009A71D3E785F31188BFF36F8F38BD00BFE6
:10C0200068450120B9AC0400E6AC0400427203008C
:10C03000FBAC040011AD040028AD0400014B98686E
:10C04000704700BF2C4501202DE9F8430446077BCB
:10C05000EFF31185202383F31288BFF36F8F844899
:10C0600000F0CAFA68B98823824A8349834805F0F8
:10C07000FAF97F49824805F0F6F988217D4805F0F4
:10C08000E9F97B4800F0DCFA637B180717D578489C
:10C0900000F0C0FA68B94FF49A73764A7949774844
:10C0A00005F0E1F97249784805F0DDF94FF49A712D
:10C0B000E4E785F31188BFF36F8FBDE8F883D909F2
:10C0C00043F0080240F086806273A36813B12046F3
:10C0D000FFF71CF804F1180000F0A6FCA66D04F1AF
:10C0E0005808B04511D04FF0000976B13046FFF73F
:10C0F0000DF806F1180000F097FC3046C6F8BC9029
:10C10000FEF730FFA66DB045EFD1DFF8A881D8F873
:10C1100008309C427DD1EFF30589B9F1000918BFC1
:10C120004FF00109D8F81C60584A964200D00EB969
:10C13000D8F80C60B34202D0304600F0D5F9204662
:10C14000C8F8186006F0A7FF204600F00BFBB9F115
:10C15000000F02D04E48FEF7F5FED8F808309C429A
:10C160006AD1EFF30586002E66D1237BDA071FD54F
:10C170003F4800F04FFA00288DD085F31188BFF3B7
:10C180006F8F86F31188BFF36F8F0423184602DF89
:10C19000EFF31185202383F31288BFF36F8F3448A8
:10C1A00000F02AFA00283FF45EAF314800F048FA68
:10C1B0002F4800F02FFA78BB4FF4B7732D4A31495E
:10C1C0002E4805F050F92A492F4805F04CF94FF454
:10C1D000B77153E72F4A03F07F0343F008039442FB
:10C1E000637308D12C495A232C4A244805F03BF9A3
:10C1F0005A212A4843E7D90707D529495B23274A0B
:10C200001E4805F030F95B21F3E7204608F035F9C8
:10C210005BE74FF0000985E72846FEF793FF2149C9
:10C220004FF4EE731D4A154805F01DF91E4805F040
:10C230001AF94FF4EE71DCE70D4800F0EBF9002835
:10C240003FF429AF85F31188BFF36F8FFB077FF5AC
:10C2500034AF40F28E53114A1449084805F003F9EF
:10C260002146134805F0FFF840F28E51C1E700BFA8
:10C2700068450120B9AC0400E6AC0400427203003A
:10C28000FBAC040011AD040028AD040048450120BA
:10C29000382F0120282D012014F80400F2F70400A3
:10C2A00035F80400F7F9040002FA040024FA040047
:10C2B0002FFA04002C4501202DE9F8430646884654
:10C2C0001746EFF31189202383F31288BFF36F8F92
:10C2D000214800F091F9054668B988231F4A204992
:10C2E000204805F0C0F81C491F4805F0BCF888211B
:10C2F0001A4805F0AFF8184800F0A2F93468A642D1
:10C300001FD004B32046C4F8BC802761FEF7FEFEB0
:10C3100004F1180000F088FB2046FEF723FE0E48CB
:10C3200000F078F988B94FF49A730C4A0F490D4818
:10C3300005F099F808490E4805F095F84FF49A7100
:10C34000D6E70025EBE72546E9E789F31188BFF337
:10C350006F8F2846BDE8F88368450120B9AC04001A
:10C36000E6AC040042720300FBAC040011AD040013
:10C3700028AD0400D3B5DDE90667089CCDE9006768
:10C38000FFF73AF91CB1034B9B681B69236002B0AD
:10C39000D0BD00BF2C4501202DE9F84306460F46CD
:10C3A0009046EFF31189202383F31288BFF36F8F38
:10C3B0001F4800F021F968B988231E4A1E491F480A
:10C3C00005F051F81A491E4805F04DF88821194822
:10C3D00005F040F8164800F033F93468A6421CD145
:10C3E0000025134800F016F9D0B94FF49A73114A9A
:10C3F0001449124805F037F80D49134805F033F891
:10C400004FF49A71E3E741462046B84705460028B5
:10C41000E7D17368A342E3D02468002CF3D1DFE7AF
:10C4200089F31188BFF36F8F2846BDE8F88300BFFA
:10C4300068450120B9AC0400E6AC04004272030078
:10C44000FBAC040011AD040028AD0400427B0346A0
:10C4500012F01F0210D10A4988420DD0094908681C
:10C4600068B1D9897F2909D893F90E20064B1B683A
:10C470009A42B8BF002070470020704710467047AE
:10C48000282D012018E700207045012008B568B16B
:10C490000F4B98420AD303F11802904206D2182299
:10C4A000C01AB0FBF2F302FB13034BB109490A486F
:10C4B0003F230A4A04F0D7FF3F21084804F0CAFF8F
:10C4C0000122074BC0105843064B1A5408BD00BF49
:10C4D0004030012075FA0400427203004DFA040056
:10C4E000ABAAAAAA195C012070B50D4B0D4D1E7C9C
:10C4F000FFF7ACFF06EB460305EBC30504462846F1
:10C5000000F092FA0022084B9A553CB1621E284670
:10C51000BDE870400549D31700F0AAB970BD00BF4F
:10C520002C45012040300120195C01208DC40200FF
:10C5300038B5EFF31185202383F31288BFF36F8F93
:10C54000234800F059F868B98823224A2249234831
:10C5500004F089FF1E49224804F085FF88211D4808
:10C5600004F078FF1A4800F06BF81E4B1E4A9C68D6
:10C570001068A04213D1FFF7B7FF154800F04AF842
:10C5800000BB4FF49A73134A1849144804F06BFF28
:10C590000F49174804F067FF4FF49A71DFE7002155
:10C5A0001B7C1160134AD35C002BE6D02046FFF7BA
:10C5B0004DFF0028E1D0637BDB0601D1FEF7F8FDDB
:10C5C0002046D8E785F31188BFF36F8F38BD00BFD1
:10C5D00068450120B9AC0400E6AC040042720300D7
:10C5E000FBAC04002C4501206C45012011AD04007A
:10C5F00028AD0400195C0120006838B1044B00F03C
:10C6000003001B7CC01A18BF01207047012070472F
:10C610002C450120002302680360EFF30581074BDE
:10C6200019B19968497BC90706D4197C98680843F1
:10C63000831A584258417047012070472C45012009
:10C64000024B1A7C9B681343036070472C45012002
:10C650002DE9F8430F469046064660B936492E2329
:10C66000364A374804F0FFFE364804F0FCFE2E211F
:10C67000324804F0EFFEEFF31185202383F3128894
:10C68000BFF36F8F3048FFF7B7FF60B988232F4A99
:10C690002F492B4804F0E7FE2B492E4804F0E3FE17
:10C6A00088212A48E5E72848FFF7CAFF2A4B5C6A39
:10C6B0008CB3B8F1000F39D04FF02009DFF8888033
:10C6C0004046FFF7A7FF68B94FF49A731F4A234902
:10C6D0001B4804F0C8FE1C49214804F0C4FE4FF476
:10C6E0009A71DEE785F31188BFF36F8F39462046D4
:10C6F000B047EFF3118589F31288BFF36F8F40467F
:10C70000FFF77AFF0028C1D04046FFF799FFD4F821
:10C710008040002CD4D10C48FFF77CFF0028D3D0F8
:10C7200085F31188BFF36F8FBDE8F8832046394643
:10C73000B047D4F88040BBE74BFC040020FC040069
:10C740004272030062FC040074450120B9AC04008D
:10C75000E6AC0400FBAC04002C45012011AD040044
:10C7600028AD040038B50446EFF31185202383F388
:10C770001288BFF36F8F1F48FFF73EFF68B9882309
:10C780001D4A1E491E4804F06EFE1A491D4804F059
:10C790006AFE8821184804F05DFE1648FFF750FF36
:10C7A000194A536AA34215D1D3F880305362114815
:10C7B000FFF730FFC8B94FF49A730F4A1349104876
:10C7C00004F051FE0B49124804F04DFE4FF49A71EB
:10C7D000E0E71346002BEAD0D3F88020A242F8D13C
:10C7E000D4F88020C3F88020E1E785F31188BFF3F7
:10C7F0006F8F38BD74450120B9AC0400E6AC04006D
:10C8000042720300FBAC04002C45012011AD040072
:10C8100028AD0400024B1868984208BF00207047FA
:10C820001CE70020034B1B680BB9F8F747BA002040
:10C83000704700BF7845012030B570B10B4B5B6885
:10C8400098420AD0036843B1D3E90421D0E90445F2
:10C85000121941EB0501C3E90421D0E9003213604C
:10C860005A600023C0E9003330BD00BF1CE7002040
:10C87000B3F1FF3F08BFB2F1FF3F2DE9F84F044687
:10C880009B4615461F4600F0B280D0F80090B9F1E3
:10C89000000F0CD057497023574A584804F0E3FD65
:10C8A000574804F0E0FD7021534804F0D3FD816047
:10C8B000EFF31188202383F31288BFF36F8F514861
:10C8C000FFF79AFE824660B988234F4A4F494B488A
:10C8D00004F0C9FD4B494E4804F0C5FD88214A4883
:10C8E000E3E74848FFF7ACFEBBF1000F494A1FDB06
:10C8F000FFF798FF064601354BF1000B454A2D180E
:10C900004BEBE073D2E90017C4E904536D1843EB15
:10C910000707FFF77FFF0346DFF808E1DEF8049022
:10C92000EBB9C4E900E9C9F80040CEF8044028E0BA
:10C930006FF00103D2E900125B1A4FF0FF3161EB97
:10C9400002025B1B62EB0B02012B72F10001BCBF08
:10C9500001234A464FF0000AC4E90432D9E7D3E97B
:10C96000041CD4E904208A4270EB0C0B2EDA891ADD
:10C970005A686CEB0000C3E90410C4E9003214608B
:10C980005C60FFF747FF84420ED1234B1B685BB905
:10C99000BAF1000F02D1FFF745FF0646304607F017
:10C9A000C3FD0021F8F764F91648FFF733FEB0B96C
:10C9B0004FF49A73144A1949104804F054FD114970
:10C9C000174804F050FD4FF49A7188E7521A60EB53
:10C9D0000C009945C4E90420A3D01B68A0E788F3A4
:10C9E0001188BFF36F8F28463946BDE8F88F0025C0
:10C9F0002F46F8E7A0FC04007CFC04004272030010
:10CA000006F404007C450120B9AC0400E6AC040047
:10CA1000FBAC0400583001207845012011AD040022
:10CA200028AD04001CE7002070B50446EFF3118622
:10CA3000202383F31288BFF36F8F2348FFF7DCFDB9
:10CA400068B98823214A2249224804F00CFD1E4976
:10CA5000214804F008FD88211C4804F0FBFC1A481A
:10CA6000FFF7EEFD236833B3FFF7D4FE05462046FB
:10CA7000FFF7E2FE00224FF00043A542C4E9042381
:10CA800006D1FFF7CFFE07F04FFD0021F8F7F0F8D1
:10CA900000240D48FFF7BEFD80B94FF49A730B4A8E
:10CAA0000E490C4804F0DFFC07490D4804F0DBFC9C
:10CAB0004FF49A71D0E76FF01504EAE786F3118816
:10CAC000BFF36F8F204670BD7C450120B9AC0400D8
:10CAD000E6AC040042720300FBAC040011AD04009C
:10CAE00028AD04002DE9F04D0446EFF31186202314
:10CAF00083F31288BFF36F8F4348FFF77DFD68B95A
:10CB00008823424A4249434804F0ADFC3E4942482A
:10CB100004F0A9FC88213D4804F09CFCDFF8088162
:10CB20003948FFF78DFDC8F80040FFF773FE4FF05E
:10CB3000000A04464FF0000B384FD8F80030D7E910
:10CB4000001CD81754B1D4E90452AB4270EB020E6A
:10CB50001EDAED1A62EB0002C4E9045200245B18ED
:10CB60004CEB0000C7E900302046C8F8004007F051
:10CB7000DBFC2146F8F77CF82348FFF74BFDA8B112
:10CB800086F31188BFF36F8FBDE8F04DFFF7D0BC7F
:10CB900069184CEBE5732046C4E904ABC7E9001300
:10CBA000FFF74AFE1848FFF735FD68B94FF49A734E
:10CBB000164A1B49174804F056FC1349194804F05B
:10CBC00052FC4FF49A71A6E786F31188BFF36F8F7A
:10CBD0002046A3689847EFF31186202383F3128839
:10CBE000BFF36F8F0848FFF707FD002888D006487D
:10CBF000FFF726FDD8F800305B1BC8F80030FFF7C0
:10CC000009FE044699E700BF7C450120B9AC040049
:10CC1000E6AC040042720300FBAC04005830012073
:10CC200011AD040028AD04007845012070B5EFF384
:10CC30001186202383F31288BFF36F8F1A48FFF702
:10CC4000DBFC68B98823194A19491A4804F00BFC1F
:10CC50001549194804F007FC8821144804F0FAFB30
:10CC60001148FFF7EDFCFFF7DDFD144AD2E900455E
:10CC7000041945EBE0750C48FFF7CCFC68B94FF49C
:10CC80009A730A4A0E490B4804F0EDFB06490D4819
:10CC900004F0E9FB4FF49A71DFE786F31188BFF3E4
:10CCA0006F8F2046294670BD7C450120B9AC040039
:10CCB000E6AC040042720300FBAC040058300120D3
:10CCC00011AD040028AD0400F8B50646EFF3118756
:10CCD000202383F31288BFF36F8F5948FFF78CFC32
:10CCE00068B98823574A5849584804F0BCFB54494E
:10CCF000574804F0B8FB8821524804F0ABFB504879
:10CD0000FFF79EFC32689AB14D48FFF783FC00287C
:10CD100040F091804FF49A734A4A4E494B4804F0D0
:10CD2000A2FB47494C4804F09EFB4FF49A71E3E79D
:10CD3000D6E90A54691C44F10003022973F1000387
:10CD400034D3013D44F1FF34002CBCBF15462C46C2
:10CD500007F005FC013041F10001401944EB0101ED
:10CD6000012871F100015DDB07F0F9FB6FF00203B0
:10CD7000013041F10001401944EB010183426FF0A1
:10CD800000438B4153DB07F0EAFB013041F1000126
:10CD90006FF00102401944EB01034FF0FF31121A0A
:10CDA00061EB030330462D49FFF762FD336B01331E
:10CDB0003363336ADBB12248FFF72CFC0028A9D08B
:10CDC00087F31188BFF36F8F3046336A9847EFF3CC
:10CDD0001187202383F31288BFF36F8F1848FFF762
:10CDE0000BFC00283FF47DAF1548FFF729FC3046C7
:10CDF00050F8184F844287D0002C85D02046FEF78B
:10CE000057FB00230E48C4F8BC30FFF703FC002892
:10CE100080D087F31188BFF36F8F2046BDE8F840BC
:10CE2000FEF7FEB96FF001024FF0FF33BAE70022C0
:10CE30004FF00043B6E787F31188BFF36F8FF8BD5B
:10CE400080450120B9AC0400E6AC04004272030046
:10CE5000FBAC040011AD040028AD0400C9CC0200F5
:10CE60002DE9F843064614461D4691469846EFF3D1
:10CE70001187202383F31288BFF36F8F2748FFF7B2
:10CE8000BBFB68B98823264A2649274804F0EBFAF9
:10CE90002249264804F0E7FA8821214804F0DAFA0A
:10CEA0001E48FFF7CDFBB5F1FF3F08BFB4F1FF3FD0
:10CEB00011D11A48FFF7AEFB50BB4FF49A73184AD2
:10CEC0001B49194804F0CFFA14491A4804F0CBFA68
:10CED0004FF49A71E1E7002D0ADB012C75F1000394
:10CEE0002246BCBF0122002512F1FF3945F1FF386F
:10CEF0003046FFF799FDDDE90823C6E90A23002340
:10CF00004A463363304643460B49FFF7B1FCD0E74E
:10CF100087F31188BFF36F8FBDE8F8838045012048
:10CF2000B9AC0400E6AC040042720300FBAC0400A0
:10CF300011AD040028AD0400C9CC02002DE9FF4763
:10CF4000002705460C469246019700F10C06EFF3C8
:10CF50001189202383F31288BFF36F8F3046FFF7C8
:10CF60004BFB68B988231A4A1A491B4804F07BFA1C
:10CF700031461A4804F077FA8821154804F06AFA15
:10CF80003046FFF75DFBAB6828465C4004EA0A02C6
:10CF9000134903EA0A08534001AACDE90237FFF713
:10CFA000FBF9019C3CB12046C4F8BC700021246E02
:10CFB000FEF7C6FAF6E7DDE9023223EA020330465D
:10CFC0004946AB60FEF7D8FC404604B0BDE8F087A8
:10CFD000B9AC0400E6AC040042720300FBAC0400F0
:10CFE0003F4603002DE9F04F85B08846DDE90E1B72
:10CFF00005461746EFF305838BB151EA0B030ED0BC
:10D0000040494FF48573404A404804F02CFA4048A8
:10D0100004F029FA4FF485713B4804F01BFA0391A0
:10D02000B8F1000F55D007F001030293FFF706F89F
:10D0300005F10C048146EFF3118A202383F3128853
:10D04000BFF36F8F2046FFF7D7FA039960B98823A3
:10D05000304A31492D4804F006FA21462F4804F0A1
:10D0600002FA88212B48D8E720460391FFF7E8FA17
:10D0700017F0020F1CBF0023AB60AB68029A039944
:10D0800003EA0806BAB1B04517D17A0744BFB343E3
:10D09000AB602046FFF7BEFAE8B94FF49A731D4A19
:10D0A0001F491A4804F0DFF921461E4804F0DBF955
:10D0B0004FF49A71D6E7002EE7D151EA0B0312D153
:10D0C0002046FFF7A7FA0028E7D08AF31188BFF3BC
:10D0D0006F8F002603E08AF31188BFF36F8F30460D
:10D0E00005B0BDE8F08FC9E919872A46CDE9001BD4
:10D0F00020465146FEF780FA0028EAD1D9F864604C
:10D10000EDE700BFC3F50400C0FC04004272030059
:10D1100006F40400B9AC0400E6AC0400FBAC040067
:10D1200011AD040028AD040008B5EFF305834BB141
:10D13000074908483823084A04F095F93821064879
:10D1400004F088F9C0E90233C0E9000008BD00BF5F
:10D1500055F5040042720300C0FC04002DE9F84FAD
:10D160004F1E0F4206460D469A460BD02F491723F5
:10D170002F4A304804F077F92F4804F074F917214A
:10D180002B481CE0141D4DD241F0040B00F1140893
:10D19000EFF31189202383F31288BFF36F8F40468A
:10D1A000FFF72AFA68B98823244A2549214804F060
:10D1B0005AF94146234804F056F988211F4804F0E3
:10D1C00049F94046FFF73CFA224659463046D047D7
:10D1D00004464046FFF71EFA68B94FF49A73174A9F
:10D1E0001949144804F03FF94146184804F03BF946
:10D1F0004FF49A71E2E789F31188BFF36F8F8CB116
:10D2000044F8046B7DB13C420DD03423084A1049E8
:10D21000084804F028F921462A460E4804F023F96C
:10D220003421ADE700242046BDE8F88F07FD040057
:10D23000E3FC04004272030022FD0400B9AC0400C8
:10D24000E6AC0400FBAC040011AD040028AD040002
:10D250003FFD040071FD04002DE9F04105460E4636
:10D26000174607F0F1F830B9074B9B68D3F8B44084
:10D2700014B9BDE8F081054C3B46324629462046AC
:10D28000BDE8F041FFF76ABF2C45012098EA002075
:10D2900002460021014B0248FFF760BF8B120300DA
:10D2A00098EA0020014BC0F8B430704798EA00209B
:10D2B0000146024A0020FFF7CFBF00BF8B120300D8
:10D2C00007B5074B4FF40072009306494FF0FF3348
:10D2D0000548FDF765FB002003B05DF804FB00BFC7
:10D2E0001C70030060C10220603001202DE9F04174
:10D2F0004C4A0C460023D0E90001DBF729FC002A48
:10D300004FF4616100F52F20B7BF02F5A83200F697
:10D310006C2000F66B2002F5C072B2FBF1F301FB4A
:10D3200013223C21A360B2FBF1F301FB13223E491F
:10D330006360C31C2260072293FBF2F2C2EBC202BD
:10D340009B1A55D50733A361A0F50E33A3F52C73B3
:10D3500093FBF1F1354B40F2B45C40F26D1764265B
:10D3600003FB010048F6AC634FF00508B0FBF3F394
:10D37000B0FBFCF203449B1A2D4AB0FBF2F29B1A5D
:10D38000B3FBF7F2B3FBFCF3B2FBF6F5EB1A034485
:10D39000992007FB123303EB830703F1010E0237D9
:10D3A000B7FBF0FC00FB0CF00230B0FBF8F0AEEB8A
:10D3B000000040F2F95E77458CBF6FF00907022745
:10D3C00067444FF4C87C0CFB0121012F98BF013149
:10D3D000B3F5997F12D3A3F59973A1F26C71E36150
:10D3E0000023E06020462362C4E90471BDE8F081B7
:10D3F0000028A361A8DB90FBF1F1ABE712F0030F6B
:10D4000002D106FB15255DB94FF4C875B2FBF5F6E0
:10D4100005FB1622B2FA82F252093B331344DCE7D1
:10D420000122FAE780510100B13A02004FC5FDFF29
:10D43000B03A0200024B0146186800F08BB800BFFA
:10D4400024E70020034B10B50446196800F04EF89D
:10D45000204610BD24E7002038B50546002941D0FC
:10D4600051F8043C0C1F002BB8BFE41801F0F4FC89
:10D470001D4A136833B9636014602846BDE838401C
:10D4800001F0F0BCA34208D9206821188B4201BFEB
:10D4900019685B6809182160EDE71A465B680BB1F3
:10D4A000A342FAD911685018A0420BD12068014458
:10D4B000501811608342E0D118685B6808445360DB
:10D4C0001060DAE702D90C232B60D6E72068211818
:10D4D0008B4202BF19685B680918636008BF21604E
:10D4E0005460CAE738BD00BFB045012070B5164C86
:10D4F000054608460E4601F0AFFC236843B1002103
:10D50000304600F0F1FD421C03461CBF2268831A1E
:10D510000E4A1168002291B90D4C30462E46236008
:10D520009B1A2262E36101F09DFC0FCC0FC60FCC69
:10D530000FC694E8030086E80300284670BD08681B
:10D5400049680244E7E700BFAC450120B04501202F
:10D5500084450120F8B5CD1C064625F003050835A5
:10D560000C2D38BF0C25002D01DBA94203D90C235B
:10D5700033600020F8BD01F06FFC21490A681446B1
:10D580009CB9204F3B6823B92146304600F0ACFDE2
:10D5900038602946304600F0A7FD431C23D10C23F8
:10D5A0003046336001F05EFCE3E723685B1B17D471
:10D5B0000B2B03D923601C44256004E06368A2425E
:10D5C0000CBF0B605360304601F04CFC04F10B00C3
:10D5D000231D20F00700C21A1CBF1B1AA350C9E765
:10D5E00022466468CCE7C41C24F00304A042E3D0C4
:10D5F000211A304600F078FD0130DDD1CFE700BFC1
:10D60000B0450120AC4501202DE9F04F8DB00C460E
:10D6100016461F46DDF85880054601F0D9FB036821
:10D6200018460493DBF726FB002305900A93D8F8ED
:10D63000003094F818A00733D4F800B023F00703A3
:10D6400003F10802C8F800204FF0FF32D3E9008947
:10D6500029F00043CDF8188007939C4BDDE90601C3
:10D66000C4E91289DBF7C6F970BB4FF0FF32974B64
:10D67000DDE90601DBF7A0F930BB002200234046BC
:10D680004946DBF78FF910B12D2384F84330904AD7
:10D69000904BBAF1470F94BF9046984603234FF042
:10D6A000000923612BF00403236033460BAA2146B3
:10D6B0002846009707F0F6F8013040F096804FF0CA
:10D6C000FF300DB0BDE8F08F42464B46404649461C
:10D6D000DBF790F940B14B467F4A002BBCBF2D23AE
:10D6E00084F843307D4BD4E763685A1C26D1062367
:10D6F00063604BF4806200232846226003930AABE8
:10D70000CDE901A309AB49EC108B00930DF1230384
:10D71000616807F026F8BAF1670F8046099915D1BC
:10D72000CB1C3BDB6368994238DC0A9B994255DB92
:10D7300023682161D80745D54B1C42E00AF0DF027F
:10D74000472AD6D1002BD4D10123D1E7BAF1470F14
:10D7500007D1C81C25DB63688B4222DB4FF0670AC8
:10D76000E3E7BAF1650F1FD80139524604F15000C2
:10D77000099107F05EF80A9A81461318012A23617D
:10D7800002DC2268D20701D5013323619DF82330E2
:10D79000002B8AD02D2384F8433086E74FF0650AAA
:10D7A000E2E74FF0450ADFE7BAF1660FBDD1002985
:10D7B00063680BDD216113B92268D00702D50133FC
:10D7C0000B4423614FF00009A165DFE713B922681C
:10D7D000D20701D50233F4E70123F2E70029D4BFD1
:10D7E000C1F1020201221344EBE723685A0507D472
:10D7F0002369424631462846B84701302BD15EE7BF
:10D80000BAF1650F40F2DD8000220023D4E9120155
:10D81000DBF7BEF8002833D00123314A31462846D1
:10D82000B84701303FF44BAFDDE90938434502DB2F
:10D830002368D8070FD531462846DDE90423B847C9
:10D8400001303FF43CAF4FF0000908F1FF3804F11C
:10D850001A0AC84509DC23689B0700F10381E068C8
:10D860000B9B9842B8BF18462BE70123524631461E
:10D870002846B84701303FF422AF09F10109E8E733
:10D88000099B002B39DC0123154A31462846B8474D
:10D8900001303FF414AFDDE9093959EA030302D13D
:10D8A0002368D907D7D531462846DDE90423B84790
:10D8B00001303FF404AF4FF0000A04F11A0B099B4A
:10D8C0005B4253450EDC4B4693E700BFFFFFEF7F03
:10D8D000A3FE0400E5B30400A7FE0400ABFE0400B1
:10D8E000C1F1040001235A4631462846B8470130A9
:10D8F0003FF4E5AE0AF1010AE1E7A36DDDF828A0E7
:10D900005345A8BF5346002B994636DC4FF0000B19
:10D9100029EAE97904F11A02A36D0693A3EB09033E
:10D920005B4531DC099B9A453ADC2368DA0737D43A
:10D93000099BAAEB0309069BAAEB03039945A8BF21
:10D940009946B9F1000F33DC4FF0000829EAE97974
:10D9500004F11A0B099BAAEB0303A3EB090343454C
:10D960007FF779AF01235A4631462846B847013040
:10D970003FF4A5AE08F10108ECE7424631462846DF
:10D98000B8470130C2D19AE60123314628460692B3
:10D99000B84701303FF493AE0BF1010B069ABBE799
:10D9A000DDE9042331462846B8470130C0D186E678
:10D9B000069A4B46314628464244B8470130C3D107
:10D9C0007DE6DDF828A0BAF1010F01DCDB0736D5D2
:10D9D0000123424631462846B84701303FF46FAE36
:10D9E00031462846DDE90423B84701303FF467AEED
:10D9F000002200230AF1FF3AD4E91201DAF7C8FF46
:10DA0000C0B9534608F1010231462846B8470130F3
:10DA10000CD154E601235A4631462846B847013016
:10DA20003FF44DAE08F10108D045F3DB4B4604F15D
:10DA30005002DFE64FF0000804F11A0BF4E701236F
:10DA40004246E1E701234A4631462846B8470130BD
:10DA50003FF435AE08F10108E3680B995B1A4345C2
:10DA6000F0DCFCE64FF0000804F11909F4E700BF10
:10DA70002DE9FF470F7E914680460C46782F9A4647
:10DA80000C9D01F1430207D8622F0AD8002F00F045
:10DA9000E080582F00F0BB8004F1420684F8427009
:10DAA0003AE0A7F16303152BF6D801A151F823F052
:10DAB00009DB02001DDB020099DA020099DA02009C
:10DAC00099DA020099DA02001DDB020099DA0200FD
:10DAD00099DA020099DA020099DA020039DC0200D0
:10DAE000ADDB0200EFDB020099DA020099DA0200F6
:10DAF0005BDC020099DA0200ADDB020099DA020079
:10DB000099DA0200F7DB02002B6804F142061A1DC5
:10DB10001B682A6084F842300123ABE0236829683F
:10DB20001F0601F10400286001D50D6803E05E06C0
:10DB3000FBD5B1F90050002D61687ADA2D2000295B
:10DB4000A16084F843002DDA6D425E480A23164630
:10DB5000B5FBF3F103FB1157C75D06F8017D2F46B6
:10DB60000D46BB42F4D9082B0BD12368DF0708D53B
:10DB7000236961689942DEBF302306F8013C06F153
:10DB8000FF36921B22614B4603AA21464046CDF840
:10DB900000A006F087FE013071D14FF0FF3004B0D5
:10DBA000BDE8F08723F004032360CDE72B682068ED
:10DBB000191D2960050601D51D6802E04106FBD547
:10DBC0001D886F2F3F4814BF0A230823002184F8C3
:10DBD00043106668002EA660B9DB216821F00401BD
:10DBE0002160002DB3D1002EB1D11646BBE72368CA
:10DBF00043F0200323607827334884F84570296870
:10DC000023680E1D2E601E0603D50D6804E02D4806
:10DC1000F3E75D06F9D50D88D90744BF43F020032B
:10DC200023600DB11023D1E7236823F02003236084
:10DC3000F8E724480A23CCE72B682668181D616999
:10DC4000286035061B6801D5196002E07006FBD517
:10DC5000198000231646236195E72B6800211A1DC1
:10DC60002A601E686268304606F02EFD08B1801BEF
:10DC7000606063682361002384F8433083E723698D
:10DC8000324649464046D047013086D023689B073C
:10DC900014D4E068039B9842B8BF18467FE701237D
:10DCA000324649464046D04701303FF476AF013511
:10DCB000E36803995B1AAB42F1DCEAE7002504F163
:10DCC0001906F5E7AFFE0400C0FE04002DE9F04F91
:10DCD00087B0914680460C4603938B685A1EB2F576
:10DCE000AE7F0A4689BF6FF4AE754FF0000B03EBB1
:10DCF000050B40F25D134FF0000588BF8B600B6889
:10DD0000AA462F46029543F4F06342F81C3B1646A0
:10DD10000192CDE90455A2685AB1D9F800301B78B8
:10DD20004E2B63D8402B3BD8A3F12B01C8B20E2851
:10DD300039D91FB1236823F4807323600AF1FF3AB5
:10DD4000BAF1010F00F21581019B9E4200F206819B
:10DD5000012007B0BDE8F08FA3F161020D2AE8D8D9
:10DD600001A151F822F000BFB1DE020033DD020054
:10DD700033DD020033DD02000DDF0200E7DE0200CA
:10DD800033DD020033DD0200BFDE020033DD0200BE
:10DD900033DD020033DD020033DD02007BDE0200F2
:10DDA000A3F14102DAE70E29C3D801A050F821F00F
:10DDB0006BDE020033DD02006BDE0200FBDE0200E0
:10DDC00033DD02000DDE020051DE020051DE0200F2
:10DDD00051DE020051DE020051DE020051DE02007F
:10DDE00051DE020051DE020051DE02006E2B09D826
:10DDF000602BB1D8542B7BD0592B9AD1072D98D1B9
:10DE000008252FE0742B73D0792BF6E72168C8051D
:10DE10001ED521F0800101372160BBF1000F03D036
:10DE200001320BF1FF3BA260A368013BA3602369B1
:10DE300001332361D9F80430013B002BC9F80430C9
:10DE400040F38380D9F800300133C9F8003062E72D
:10DE50001AEB05017FF46DAF22680D468A4622F465
:10DE6000C072226006F8013BDEE7226810067FF5EB
:10DE700060AF22F080022260F4E7BAF1000F0CD10B
:10DE800077B9226802F4E061B1F5E06F08D122F4BD
:10DE9000F0624FF0010A2260E4E7BAF1020F51D0BC
:10DEA000012D02D0042D7FF444AF0135EDB2D9E746
:10DEB000BAF1010F7FF43DAF4FF0020AD2E775B916
:10DEC000002F7FF437AF226802F4E061B1F5E06F14
:10DED00040F0038122F4F06201252260C2E7032DA5
:10DEE000E3D0052DDFE7022D7FF423AF0325B9E74B
:10DEF000062D7FF41EAF0725B4E7226891057FF554
:10DF000018AF22F4207202972260ABE7226802F475
:10DF1000A061B1F5806F05D050057FF50AAF002FE5
:10DF200000F0DB80910522F4F06258BF029942F4C0
:10DF3000C07258BF791A22604FF0000758BFCDE970
:10DF400004168FE74FF0030A8CE7D4F88031494676
:10DF50004046984700283FF4DEAEEAE6D4F87C312C
:10DF60004A4616F8011D404698472369013B236144
:10DF7000EAE66B1E062B24D8022D36D8019B9E4262
:10DF80007FF6E6AED4F87C314A4616F8011D4046CD
:10DF900098472369013B2361F0E7D4F87C314A4676
:10DFA0001BF8011D404698472369013B23610AF194
:10DFB000FF3A5FFA8AFABAF1020FEED1033DEDB2F1
:10DFC000761B2368DA052FD55B0511D5019B9E4290
:10DFD0007FF6BEAED4F87C314A4616F8011D4046A5
:10DFE00098472369013B2361F0E7AA46B346DEE781
:10DFF00016F8011C751E2369652903F1FF3323619F
:10E000000CD045290AD0D4F87C314A464046B51E8A
:10E010009847236916F8021C013B23612E46D4F869
:10E020007C314A4640469847226812F0100201D0DF
:10E0300000208EE63270236803F4C063B3F5806F6E
:10E0400025D1029B9F420AD0DA1B04F26F132449A8
:10E050009E4228BF04F5B776304600F08FF80022C4
:10E060000199404600F0CCF82168039B11F0020FA3
:10E070001B6857EC106B03F1040215D003990A607A
:10E080001B68C3E90067E3680133E360D0E7049BE2
:10E09000002BE4D005990A234046013106F0FDFC2F
:10E0A000049B059EC21AD0E711F0040F03990A6081
:10E0B000E6D11D6832463B4630463946DAF79AFCCF
:10E0C00028B1084800F020F885ED000ADBE730466B
:10E0D0003946DAF7EDFC2860D5E700272EE600BFC9
:10E0E000D1FE040008F4040038B50023054D0446B1
:10E0F00008462B60F4F7D8FA431C02D12B6803B111
:10E10000236038BDB44501209FED010A704700BF70
:10E110000000C07F0CB4184B30B50C1E9DB01D68BC
:10E1200008DA8B234FF0FF302B601DB0BDE8304084
:10E1300002B070474FF402730290069002A9ADF846
:10E14000143014BF04F1FF332346209A2846049369
:10E1500007934FF6FF73ADF8163021AB019301F032
:10E1600065FA431CBCBF8B232B60002CDDD0029BC7
:10E1700000221A70D9E700BF24E700200EB400B5D2
:10E180009CB06FF000411DAB029006900791049186
:10E190000848094953F8042B059102A90068019326
:10E1A00001F044FA029B00221A701CB05DF804EBE7
:10E1B00003B0704724E700200802FFFF70B50A444F
:10E1C00005460E4E914201D1002011E015F8013BA9
:10E1D00011F8014BF05C00F003000128305D00F005
:10E1E000030008BF2033012803D12034181BE9D0D5
:10E1F00070BD181BFCD1002CE4D1F9E7A3FD04008D
:10E20000014BDBF7F1BE00BF88E70020242B2DE98E
:10E21000F0478646904601D8012B06D104F09EFFB8
:10E22000162303600020BDE8F0870D4635482A46D6
:10E2300015F8014B065D16F00806F8D12D2C24D1F7
:10E240002C780126951C2BBB302C30D00A2306F1EC
:10E25000004C00220CF1FF3C1046BCFBF3F903FB21
:10E2600019CAA4F13007092F28D83C46A34234DD4F
:10E27000571C07D081452DD301D1A2452ADB00FBD5
:10E280000340012215F8014BEBE72B2C04BF2C783F
:10E29000951CD8E7102BDAD1302CD8D12A7802F08F
:10E2A000DF02582AD3D16C7810230235CFE72B78C0
:10E2B00003F0DF03582BF6D00823C8E7A4F1410789
:10E2C000192F01D8373CD1E7A4F16107192F04D8E1
:10E2D000573CCBE74FF0FF32D4E7531C08D1222341
:10E2E0006046CEF80030B8F1000F9CD0691E06E001
:10E2F00006B14042B8F1000F95D0002AF6D1C8F817
:10E30000001090E7A3FD040013460A4601460248A8
:10E310000068FFF77BBF00BF24E700202DE9F04332
:10E3200086460D46354E284615F8014B375D17F0E9
:10E330000807F8D12D2C26D12C780127851C3BBB52
:10E34000302C32D00A234FF0FF380026B8FBF3F808
:10E3500003FB08F930466FEA0909A4F1300CBCF15F
:10E36000090F29D86446A34237DDB6F1FF3F07D035
:10E3700080452FD301D1A1452CDB00FB03400126B2
:10E3800015F8014BE9E72B2C04BF2C78851CD6E748
:10E39000102BD8D1302CD6D1287800F0DF005828A7
:10E3A000D1D16C7810230235CDE72B7803F0DF0351
:10E3B000582BF6D00823C6E7A4F1410CBCF1190F85
:10E3C00001D8373CCFE7A4F1610CBCF1190F04D898
:10E3D000573CC8E74FF0FF36D2E7731C06D1222323
:10E3E0003046CEF8003032B9BDE8F08307B1404284
:10E3F000002AF9D006B1691E1160F5E7A3FD0400FB
:10E4000013460A46014602480068FFF787BF00BF6F
:10E4100024E700202DE9F74F91468A461E460D4617
:10E42000494A01902B4615F8014B175D17F0080774
:10E43000F8D12D2C43D12C7801279D1C002E43D1DF
:10E44000302C4ED00A264FEAE67B32464FF0FF30A2
:10E450004FF0FF315B46DAF7CBFB3246009088463F
:10E460005B464FF0FF304FF0FF31DAF7C1FB00237E
:10E4700018461946A4F1300CBCF1090F38D864468F
:10E48000A64246DDB3F1FF3F16D0009B834278EBF6
:10E4900001033BD3009B884508BF834201D1A242C0
:10E4A00034DB714300FB0B11A6FB00031944201859
:10E4B0004FF0010341EBE47115F8014BDAE72B2C27
:10E4C00004BF2C789D1CB9E7102EBCD1302CBAD1DA
:10E4D0002B7803F0DF03582BB5D16C78102602356A
:10E4E000B1E72B7803F0DF03582BF6D00826AAE714
:10E4F000A4F1410CBCF1190F01D8373CC0E7A4F1DD
:10E50000610CBCF1190F04D8573CB9E74FF0FF3349
:10E51000D2E75A1C0AD10199222218460A601946EC
:10E52000B9F1000F0AD103B0BDE8F08F17B1404236
:10E5300061EB4101B9F1000FF5D00BB105F1FF3AE4
:10E54000C9F800A0EFE700BFA3FD040013460A4688
:10E55000014602480068FFF75DBF00BF24E70020C6
:10E5600007B5009313460A4601460348006806F0C3
:10E5700098FA03B05DF804FB24E7002070B51E464E
:10E580009AB04FF40173044608461546ADF80C30B6
:10E5900000910491DAF76EFB094B2A466946019017
:10E5A00009930023059020460D9312934FF6FF73B5
:10E5B000ADF80E30334601F035F91AB070BD00BF2A
:10E5C0006754030013460A46014602480068FFF7F5
:10E5D000D5BF00BF24E70020F8B50E461446054617
:10E5E00018B183690BB900F033F9214B9C4210D16B
:10E5F0006C68A369A360A3891A0701D5236993B93D
:10E600002146284600F03AF868B14FF0FF37384607
:10E61000F8BD184B9C4201D1AC68EAE7164B9C420E
:10E6200008BFEC68E5E72369F6B220683746C01AF0
:10E630006369834205DC2146284600F08BF80028F8
:10E64000E3D1A3680130013BA36023685A1C226018
:10E650001E706369834204D0A389DB07D7D50A2ED5
:10E66000D5D12146284600F075F80028CFD0CCE758
:10E67000947003007470030054700300314B70B544
:10E680001D6806460C4625B1AB6913B9284600F053
:10E69000DFF82D4B9C420ED16C68B4F90C301A0790
:10E6A0002CD4DD0611D40922326043F040034FF030
:10E6B000FF30A3813DE0254B9C4201D1AC68ECE7E3
:10E6C000234B9C4208BFEC68E7E7580712D5616B03
:10E6D00041B104F14403994202D03046FEF7BCFE3A
:10E6E00000236363A38923F02403A38100236360D1
:10E6F00023692360A38943F00803A38123694BB9ED
:10E70000A38903F42073B3F5007F03D0214630467C
:10E7100000F062FBB4F90C3013F001020AD00022C1
:10E72000A26062695242A261226942B913F080007C
:10E73000BBD170BD990758BF6269A260F4E70020A1
:10E74000F7E700BF24E70020947003007470030013
:10E750005470030038B50B6905460C4613B9002503
:10E76000284638BD18B183690BB900F071F8144B15
:10E770009C421BD16C68B4F90C30002BEFD0626E58
:10E78000D00704D4990502D4A06DF3F7D1FF284631
:10E79000214606F03EFA636E0546DA07E0D4A38907
:10E7A0009B05DDD4A06DF3F7DFFFD9E7054B9C4255
:10E7B00001D1AC68DFE7044B9C4208BFEC68DAE7A4
:10E7C000947003007470030054700300002310B5AC
:10E7D00004468360818119464366C28108228361B1
:10E7E000C0E90033C0E904335C3005F0B2FF054BEB
:10E7F00024626362044BA362044BE362044B236311
:10E8000010BD00BF455403006B540300A354030024
:10E81000C7540300014906F095BA00BF55E702004E
:10E820000148F3F785BF00BFF4EA00200148F3F781
:10E830009BBF00BFF4EA00200148F3F779BF00BF97
:10E8400008EB00200148F3F78FBF00BF08EB002062
:10E8500010B50446FFF7F0FFA3691BB1BDE81040F7
:10E86000FFF7F0BFC4E9123323652046124B134A69
:10E870001B68A262A34204BF0123A36100F020F839
:10E880006060204600F01CF8A060204600F018F8F8
:10E8900000220421E0606068FFF798FF012209214F
:10E8A000A068FFF793FF02221221E068FFF78EFFB6
:10E8B0000123A361D2E700BF2870030015E802001E
:10E8C000F8B50746FFF7ACFF1E4B1E68B36913B9D6
:10E8D0003046FFF7BDFF4836D6E90134013B03D58A
:10E8E00033680BB33668F7E7B4F90C50D5B9164B5B
:10E8F00004F158006566E360F3F7EAFEFFF796FF60
:10E900000822294604F15C002560A561C4E901558F
:10E91000C4E9045505F01DFFC4E90D55C4E91255BD
:10E920002046F8BD6834D9E70421384606F0F4F9EA
:10E93000044630600028D5D1FFF778FF0C233B60F8
:10E94000EEE700BF287003000100FFFF0EB403B51F
:10E9500003AB0146054853F8042B0068019301F00E
:10E96000D9F802B05DF804EB03B0704724E700204B
:10E970002DE9F04F8BB08B4690460693AC4B02903E
:10E980001B6818460393DAF775F9039B019003445B
:10E9900013F8013C0793DBF800309A1C174612F875
:10E9A000010B3028FAD0FB1AA3F1020A06F03AFA5A
:10E9B0000446002838D1019A3846039906F008F831
:10E9C0000546002864D1019BF85CFE1806F02AFA7F
:10E9D00000285FD0334618781F4601333028FAD01C
:10E9E00006F020FAB0FA80F435464FF0010A6409C7
:10E9F0003A4616460132307806F014FA0028F8D16B
:10EA0000019A3046039905F0E3FF80B94DB9019BA7
:10EA1000F5182A4616460132307806F003FA002827
:10EA2000F8D1AD1BAD0004E000242546E0E7002D41
:10EA3000F7D1337803F0DF03502B38D173782B2BC9
:10EA40002AD02D2B2CD0711C4FF00009087806F02D
:10EA5000E9F9431EDBB2182B29D8A0F1100211F8F6
:10EA6000010F06F0DFF9431EDBB2182B1BD9B9F1F9
:10EA7000000F00D052421544CBF80010CCB1BAF1CF
:10EA8000000F0CBF0626002630460BB0BDE8F08F05
:10EA90003E4625460124CCE74FF00009B11CD5E7DE
:10EAA0004FF00109FAE70A2303FB0200D5E73146DC
:10EAB000E2E7F31B2146013B072B0ADC029800F03A
:10EAC000D7F9044640B95B4B0246DE215A4801F0B3
:10EAD000B7FA01315B10EFE74FF0000B019B00F13B
:10EAE0001409C3F10103DA46CDF810900893B74238
:10EAF00038D3049E504646F804ABA6EB0906B61080
:10EB00002661760106F09BFAD8F80070361ABE42EC
:10EB100060DDF61B2046314606F050FB824678B198
:10EB2000731E4FF0010A591103F01F0259F821100A
:10EB30000AFA02F20A4203D0534542DC4FF0020ABD
:10EB400035443146204606F01CF9D8F80830AB426F
:10EB50004EDA2146029800F0CBF90023149AA3263E
:10EB6000136091E7731E079A059316F8013C9342D0
:10EB700017D0BBF1200F06D1049B43F804AB4FF034
:10EB8000000A0493D34616F8010C06F04BF900F086
:10EB90000F00059B00FA0BF00BF1040B4AEA000A88
:10EBA0000DE0059B089A1344BB42E2D31846019A34
:10EBB0000399099305F00CFF099B0028D9D11E4643
:10EBC00095E7B11E204606F0F9FA0028B6D04FF0BE
:10EBD000030AB5E709DABE1B214602983246AD1B8F
:10EBE00000F054FB044600F114094FF0000AACE7B2
:10EBF000D8F80430AB4270DD5D1BAF4235DCD8F88D
:10EC00000C30022B29D0032B2BD0012B1CD1AF426F
:10EC10001AD1012F12D1D8F804306226069A136057
:10EC200001232361C9F80030149B1C602CE700BF4E
:10EC3000B470030056FF040067FF0400791E2046ED
:10EC400006F0BCFA0028E6D12146029800F050F9FF
:10EC50000023149A5026136016E7159B002BF3D15E
:10EC6000D9E7159B002BD6D1EEE76E1EBAF1000F47
:10EC700030D126B13146204606F0A0FA8246721104
:10EC8000012306F01F06294659F822202046B340EA
:10EC90007F1B0226134218BF4AF0020A06F071F8E1
:10ECA000D8F80450BAF1000F47D0D8F80C30022B36
:10ECB00015D0032B17D0012B09D11AF0020F06D063
:10ECC000D9F800304AEA030A1AF0010F0ED146F0D3
:10ECD000100632E04FF0010AD1E70126E2E7159B6A
:10ECE000C3F101031593159B002BF0D0D4F810B09D
:10ECF00004F114034FF0000C4FEA8B0A03EB8B0175
:10ED0000184653F8042BB2F1FF3F1BD001320260CA
:10ED1000022E04F114033CD1D8F80020013ABA4283
:10ED200009D17911012207F01F0753F8213002FAA7
:10ED300007F71F423AD146F02006149B1C60069B41
:10ED40001D60A1E6994243F804CCD9D8A3689B453D
:10ED500017DB61680298013100F08AF8814618B922
:10ED60001A4B02468421B1E6226904F10C010C30F1
:10ED70000232920005F0C6FC21464C46029800F093
:10ED8000B7F823695A1C04EB8303226101225A61FC
:10ED9000BEE722695A450BDD0121204605F0F1FF4F
:10EDA0000135D8F80830AB42FFF6D3AE0126C2E7F2
:10EDB00017F01F07FAD05344C7F1200753F8040C8B
:10EDC00006F03DF9B842E7DBF0E700BF56FF04006C
:10EDD0000048704778E800208B89F7B59D07064604
:10EDE0000C4607D504F147032360236101236361C7
:10EDF00003B0F0BD01AB6A4606F0EAF8009F054695
:10EE000030463946FEF7A6FB48B9B4F90C309A05EE
:10EE1000EED423F0030343F00203A381E2E70D4B9A
:10EE2000B362A389206043F08003A381019BC4E9FE
:10EE300004075BB1B4F90E10304601F041F928B176
:10EE4000A38923F0030343F00103A381A3891D4396
:10EE5000A581CDE715E802000148F3F769BC00BFC2
:10EE6000E0EA00200148F3F77FBC00BFE0EA0020A1
:10EE700070B5466A04460D4676B91020FEF7DAFAF8
:10EE80000246606220B9184B6621184801F0D8F894
:10EE9000C0E901660660C660666AF36883B1636AAA
:10EEA000DB6853F82500B8B90121204601FA05F6C0
:10EEB000721D920006F0A3F960B1C0E901560EE0A0
:10EEC00021220421204606F09AF9636AF060DB688B
:10EED000002BE4D1002070BD026843F825200023F8
:10EEE000C0E90333F7E700BFE3FE0400D1FF0400ED
:10EEF00070B5466A05460C4676B91020FEF79AFAB8
:10EF00000246686220B9094B8A21094801F098F845
:10EF1000C0E901660660C6603CB16B6A6268DB6886
:10EF200053F82210216043F8224070BDE3FE040034
:10EF3000D1FF04002DE9F04101F1140C07460C4605
:10EF40001E460D690020DCF80030013099B2854280
:10EF500002FB01614FEA13464FEA114389B202FBFB
:10EF6000063301EB03414FEA13464CF8041BEADC7D
:10EF70000EB3A368AB4219DC616838460131FFF774
:10EF800077FF804628B902460C4BB5210C4801F0AA
:10EF900057F8226904F10C010C300232920005F09E
:10EFA000B1FB214644463846FFF7A2FF04EB850338
:10EFB00001355E6125612046BDE8F08156FF040001
:10EFC000D1FF04002DE9F84315461F4609220833F6
:10EFD0000C460646002193FBF2F301229A4209DB1C
:10EFE0003046FFF745FF40B90246194BCE2119487C
:10EFF00001F026F852000131F0E7089B092D43612A
:10F000004FF00103036116DD04F109092C44C846E1
:10F0100018F8013B01460A223046303BFFF78AFFD1
:10F02000A045F5D1A5F108044C442D1B6319BB4242
:10F0300004DBBDE8F8830A340925F6E714F8013B40
:10F0400001460A223046303BFFF774FFEEE700BF6F
:10F0500056FF0400D1FF040010B50C460121FFF754
:10F0600007FF024628B9054B4FF4A071044800F091
:10F07000E7FF01234461036110BD00BF56FF040098
:10F08000D1FF04002DE9F04F14460A690F4685B000
:10F0900023699A42A2BF23460C461F46D4F810A00B
:10F0A000A368D7F8109061680AEB0906B342B8BFAD
:10F0B0000131FFF7DDFE30B90246454B40F25D11EC
:10F0C000444800F0BDFF00F11405002205EB86085E
:10F0D0002B46434521D307F1140104F1140204F136
:10F0E000150702EB8A0201EB89030293131B153B00
:10F0F00023F003030433BA4238BF04230193029B75
:10F1000003918B420CD8002E03DD58F8043D002BF0
:10F110005BD0066105B0BDE8F08F43F8042BD8E75B
:10F12000B1F800A0BAF1000F24D004F1140EA946E2
:10F130004FF0000C5EF8047BD9F800301FFA87FB13
:10F1400072459BB20AFB0B334FEA174BD9F800709C
:10F1500063444FEA174C0AFB0BC707EB13479BB2FC
:10F160004FEA174C43EA074349F8043BE2D8019BB6
:10F1700045F803C0039B0431B3F80290B9F1000FC6
:10F1800021D02B6804F1140CAE464FF0000ABCF8F5
:10F1900000B09BB2BEF8027009FB0B77574443EAFC
:10F1A00007434EF8043B5CF8043B4FEA134ABEF8B1
:10F1B0000030624509FB0A3303EB17434FEA134A59
:10F1C000E5D8019FEB51043599E7013E9BE700BF6D
:10F1D00056FF0400D1FF04002DE9F843154612F054
:10F1E000030207460E4607D0013A254C002354F887
:10F1F0002220FFF79FFE0646AD103DD07C6A7CB909
:10F200001020FEF717F90246786228B91D4B4FF41B
:10F21000D7711D4800F014FFC0E901440460C460C8
:10F22000D7F82480D8F808404CB940F2712138460C
:10F23000FFF712FF00230446C8F8080003604FF0F0
:10F240000009EB070AD5314622463846FFF71AFF78
:10F250008046314638464646FFF74AFE6D100BD0D1
:10F26000206838B9224621463846FFF70BFF206058
:10F27000C0F800900446E4E73046BDE8F88300BFDC
:10F28000C0700300E3FE0400D1FF04002DE9F04745
:10F290000C46074691464FEA621A2369496803EB18
:10F2A0006218A36808F10106B3420BDB3846FFF78A
:10F2B000DFFD054648B90246284B40F2D9112848DF
:10F2C00000F0BEFE01315B00EEE7002300F1140107
:10F2D00000F110021846534533DB2AEAEA7A04F1BA
:10F2E0001403206919F01F0901EB8A0103EB800C5C
:10F2F0002BD0C9F1200E8A460022186800FA09F0C6
:10F3000010434AF8040B53F8042B9C4522FA0EF2E2
:10F31000F3D8ACEB040304F11500153B23F0030311
:10F320000433844538BF0423CA500AB108F10206E9
:10F33000013E384621462E61FFF7DAFD2846BDE83A
:10F34000F087013342F8040FC5E7043953F8042B62
:10F350009C4541F8042FF9D8EAE700BF56FF0400A6
:10F36000D1FF04002DE9F74F8946064611461446A1
:10F37000484605F0B3FE051E12D129463046FFF778
:10F3800077FD024628B9414B40F23221404800F057
:10F3900057FE0123C0E90435104603B0BDE8F08FE5
:10F3A000BCBF4B46A1463046B8BF0125D9F8041072
:10F3B000B4BF1C460025FFF75BFD024618B9334B6E
:10F3C0004FF41071E2E7D9F8107004F1140E2669B9
:10F3D00000F1140BC56009F1140509F110030EEBDF
:10F3E000860605EB8708D9464FF0000C0193019B78
:10F3F0005EF8040B53F804AF764501931FFA8AF3C5
:10F40000194683B24FEA1040A1EB0303C0EB1A4048
:10F41000634400EB23409BB24FEA204C43EA004395
:10F4200049F8043BE3D8331B1534153B23F00303A1
:10F430000433A64238BF04231D445B442C461E46B9
:10F4400044450ED308F10301491B033D21F003019C
:10F45000A84538BF00210B4453F8041D99B117612A
:10F460009AE754F8041BE6461FFA81FC080C714425
:10F47000F44489B200EB2C4041EA00414FEA204CB1
:10F4800046F8041BDCE7013FE6E700BF56FF040037
:10F49000D1FF040082B0114B8DED000B019A134097
:10F4A000A3F15073002B08DC5B42B3F1A07F4FEA5D
:10F4B000235204DA4FF400231341002208E0A2F1A2
:10F4C00014031E2BD6BF4FF000420122DA40002366
:10F4D0001946104641EC100B02B070470000F07F57
:10F4E0002DE9F041066900F1140808EB860656F88C
:10F4F000042C371F104605F0A2FDC0F120030A2896
:10F500000B601D4916DCC0F10B0CB84500F115006D
:10F5100022FA0CF302FA00F043EA010534BF56F870
:10F52000083C002323FA0CF303431C4645EC104B24
:10F53000BDE8F081B8453ABFA6F1080756F8083C87
:10F5400000230B3814D0C0F120018240474523FA34
:10F5500001F403FA00F342EA040242F07F558CBF43
:10F5600057F8042C002245F44015CA401343DCE749
:10F5700042EA0105D9E700BF0000F03F2DE9F7435B
:10F580000F460121164659EC108BFFF771FC04461B
:10F5900030B90246234B40F20A31234800F050FDB7
:10F5A000C9F30A55C9F313030DB143F48013019352
:10F5B000B8F1000323D06846009305F062FDDDE951
:10F5C0000012D0B1C0F1200302FA03F3C2400B4392
:10F5D00001926361019B002BA3610CBF01220222F7
:10F5E0002261A5B1A5F233450544C0F135003D6067
:10F5F0003060204603B0BDE8F0836161EAE701A80E
:10F6000005F03FFD019B203001226361E8E7A0F295
:10F61000324004EB82033860186905F010FDC0EB3E
:10F620004210E5E756FF0400D1FF04002DE9F04F3A
:10F6300098468B899DB007461B060D46144610D58B
:10F640000B6973B94021FDF785FF2860286130B947
:10F650000C233B604FF0FF301DB0BDE8F08F40231E
:10F660006B610023CDF80C804FF00109DFF8A08119
:10F67000099320238DF8293030238DF82A30234632
:10F680009A4613F8012B0AB1252AF9D1BAEB040BDB
:10F690000BD05B4622462946384605F0BEFD0130B8
:10F6A00000F0A780099A5A4409929AF80030002B7A
:10F6B00000F09F8000234FF0FF320AF1010A04930B
:10F6C00007938DF853301A93CDE90523544605224C
:10F6D0004F4814F8011B04F0F7FF049AD8B9D0067C
:10F6E00044BF20238DF85330110744BF2B238DF8DE
:10F6F00053309AF800302A2B15D0079A5446002030
:10F700004FF00A0C214611F8013B303B092B4BD935
:10F71000B0B1079214E0A0EB0803A24609FA03F384
:10F7200013430493D2E7039B191D1B68002B03911D
:10F73000BBBF5B4242F0020207930793B8BF04923B
:10F7400023782E2B0AD163782A2B32D1039B0234E3
:10F750001A1D1B6843EAE37303920593DFF8C0A008
:10F7600003222178504604F0AFFF38B1A0EB0A0025
:10F770004022049B013482401343049314F8011B7C
:10F78000062224488DF8281004F09EFF002836D069
:10F79000214B1BBB039B073323F007030833039361
:10F7A000099B334409936AE70CFB02320C460120A3
:10F7B000A8E7002301344FF00A0C194605932046B0
:10F7C00010F8012B303A092A03D9002BC6D0059135
:10F7D000C4E70CFB012104460123F0E703AB2A46F2
:10F7E00004A9384600930D4BFDF70EFF421C064658
:10F7F000D6D1AB895B063FF52DAF09982CE703AB5B
:10F800002A4604A938460093044BFEF731F9EDE788
:10F810002E0005003800050009D602001B52030027
:10F82000340005002DE9F0470C46ADF5227D00219E
:10F8300006460DF10408A74F0093CDF81881CDE9D5
:10F840004411A549A091A549A1911378002B00F07E
:10F850005C81F95C551C11F0080119D06368002B1C
:10F860000FDD23681A78BA5C120701D42A46ECE748
:10F87000459A01330132236045926268013A626021
:10F88000ECE7A19B2146304698470028E9D0EDE7F8
:10F89000252B12D099466368002B40F39480226890
:10F8A00013784B4540F0318163680132013B22609F
:10F8B0006360459B01334593D8E741914391537869
:10F8C0002A2B04BF1023951C4FF00A0208BF419356
:10F8D000A94619F8011BA1F13003092B1ED9DFF845
:10F8E00000A20322504604F0EFFE38B1A0EB0A005C
:10F8F0000123419A4D4683401343419315F8013B40
:10F90000782B06D8572B10D8252BC3D056D8002BD0
:10F9100064D0032347930A2342936AE0439B4D46F6
:10F9200002FB031130394391D2E7A3F15802202A98
:10F93000EFD801A151F822F027FA020013F90200D2
:10F9400013F9020049FA020013F9020013F9020048
:10F9500013F9020013F9020013F9020013F902006F
:10F9600013F902005FFA020045FA0200C3F902002F
:10F97000C3F90200C3F9020013F9020039FA0200C8
:10F9800013F9020013F9020013F9020013F902003F
:10F990006FFA020041FA0200E3F9020013F90200D3
:10F9A00013F902006BFA020013F9020045FA020093
:10F9B00013F9020013F9020027FA0200453B022B5B
:10F9C000A7D8052314E0A19B21463046984700287C
:10F9D0003FF465AF4498002840F08F804FF0FF302F
:10F9E0008FE0419B43F40873419310234293042317
:10F9F00047936368002B4ADD419B590604D4236872
:10FA00001A78BA5C120749D4479B022B58DC6B4624
:10FA1000224641A9304600F0A9F9012875D00228F4
:10FA20007FF424AFD6E7419A42F40072419210224B
:10FA30006E2B429202D9DAE7002342930323D7E7E1
:10FA40000823D3E70A22F3E72946404605F0C1FC24
:10FA5000419B054643F0400341930123C8E7419B86
:10FA600043F0400341930023C2E70223C0E74198DB
:10FA7000C3063FF5FBAE009B10F0010F459A03F162
:10FA8000040100911B6814BF1A801A60EEE6A19B66
:10FA90002146304698470028AED09BE7459A013270
:10FAA00045926268013A002A626002DD01332360F8
:10FAB000A5E7A19B21463046984700289FD089E7BB
:10FAC000042B0FDC6B46224641A9304600F0A8F912
:10FAD000A3E700BFA3FD0400D15203004753030076
:10FAE000340005000A4B002B3FF4C0AE6B462246A3
:10FAF00041A93046FEF7EAF88FE7A3895B063FF598
:10FB00006DAF0DF5227DBDE8F0874498F9E700BFA1
:10FB1000CDDC02002DE9F04F0D469DB0144698460D
:10FB2000064618B183690BB9FEF792FE874B9D42DA
:10FB30001BD175686B6ED90705D4AB899A0502D4C1
:10FB4000A86DF2F7F5FDAB891B0701D52B69EBB961
:10FB500029463046FEF792FDC0B16B6EDC070ED52C
:10FB60004FF0FF301DB0BDE8F08F794B9D4201D1C1
:10FB7000B568DFE7774B9D4208BFF568DAE7AB89E8
:10FB80009805EDD4A86DF2F7EFFDE9E70023CDF875
:10FB90000C804FF00109DFF8C081099320238DF814
:10FBA000293030238DF82A3023469A4613F8012B4A
:10FBB0000AB1252AF9D1BAEB040B0BD05B462246D9
:10FBC0002946304605F0F3FB013000F0A680099A83
:10FBD0005A4409929AF80030002B00F09E800023CE
:10FBE0004FF0FF320AF1010A049307938DF8533066
:10FBF0001A93CDE9052354460522574814F8011BF2
:10FC000004F062FD049BD0B9D90644BF20228DF8D0
:10FC100053201A0744BF2B228DF853209AF8002056
:10FC20002A2A14D0079A544600204FF00A0C214685
:10FC300011F8013B303B092B4AD970B914E0A0EB15
:10FC40000800A24609FA00F018430490D3E7039A8B
:10FC5000111D1268002A039101DB079204E0524251
:10FC600043F002030792049323782E2B0AD1637882
:10FC70002A2B32D1039B02341A1D1B6843EAE3731B
:10FC800003920593DFF8E0A003222178504604F0A8
:10FC90001BFD38B1A0EB0A004022049B01348240D6
:10FCA0001343049314F8011B06222C488DF82810E6
:10FCB00004F00AFD00283FD0294B1BBB039B0733F0
:10FCC00023F0070308330393099B3B4409936BE735
:10FCD0000CFB02320C460120A9E7002301344FF04F
:10FCE0000A0C19460593204610F8012B303A092AD0
:10FCF00003D9002BC6D00591C4E70CFB01210446B3
:10FD00000123F0E703AB2A4604A930460093154BC4
:10FD1000FDF77AFC0746781CD6D16B6ED90705D45F
:10FD2000AB899A0502D4A86DF2F71EFDAB895B067C
:10FD30003FF516AF099815E703AB2A4604A93046EC
:10FD40000093084BFDF794FEE4E700BF94700300B6
:10FD500074700300547003002E0005003800050085
:10FD600009D60200AF530300340005002DE9F84323
:10FD700015468A6880460C4632B98A69002A14BF43
:10FD80004FF0FF3201228A6022680027DFF88C9052
:10FD9000D1065FBF1A68111D19601668A06988B185
:10FDA000012807D12B681A7863699B5C53B9002F2F
:10FDB00031D022E0022820D12B681B7819F80330BB
:10FDC0001B071AD423680137DA065EBF2B681B783D
:10FDD00006F8013B2A686B680132013B2A60A26881
:10FDE0006B60013AA26042B1002BD7DCD4F88031BD
:10FDF0002946404698470028D0D0236813F01003C6
:10FE000005D1E2680132E260A26902B13370236970
:10FE100000203B442361BDE8F88300BFA3FD04003C
:10FE20002DE9F04F984687B0784B0C46824616462F
:10FE300027464FF0000B93E8070003AB83E8070069
:10FE4000734BA169734A032908BF1A46A36801923C
:10FE50005A1EB2F5AE7F89BF6FF4AE754FF0000940
:10FE600003EB050940F25D1388BFA36057F81C3B04
:10FE700043F450633D462360316803AB02220978A6
:10FE800053F82B0004F020FC002840D0BBF1010FF8
:10FE900012D162682AB92268082142F400726160B6
:10FEA0002260226822F4A0622260A268511EA16032
:10FEB000DAB94FF0020BDFE7BBF1020F06D0A26800
:10FEC000511EA1608AB94FF0010BD5E7226802F4F8
:10FED000C061B1F5007F1FD142F480721021226011
:10FEE000A2686160511EA160B2B13268511C3160DC
:10FEF000127805F8012B7268013A002A726006DC5C
:10FF0000D4F88021314650469047002874D10BF137
:10FF1000010BBBF1030FAFD163680BB90A23636018
:10FF200063684FF0000B3C496069C91A05F051FA4B
:10FF3000A368226873B33168606991F800C010F853
:10FF40000C0038B3BCF1300F16D1100514D50BF1ED
:10FF5000010BB9F1000F03D0013309F1FF39A360A0
:10FF60007368013B002B73600DDD33680133336030
:10FF7000A368013BA360DBE722F4106222600B78E8
:10FF800005F8013BECE7D4F88031314650469847FC
:10FF90000028EDD02368D9050DD5BD4209D905F15A
:10FFA000FF3915F8011CD4F87C3132464D465046D5
:10FFB0009847BD4228D0226812F0100213D12A704F
:10FFC000394663685046019EB047D8F80030216832
:10FFD0001A1D11F0200FC8F800201B680FD0186000
:10FFE000E3680133E360ED1B236900205D442B448B
:10FFF000236107B0BDE8F08F4FF0000BCAE7CA07D6
:020000040003F7
:100000004CBF18801860EBE70120F2E7346303006F
:100010009B4A03009F4A03004F00050038B5044681
:10002000064D0846114600222A601A4603F083F85E
:10003000431C02D12B6803B1236038BDB4450120B5
:100040001FB514461A46094B05461B68D86854B9B3
:10005000074B1C4600910749CDE901342B46FEF7BA
:1000600075FCF2F799FB044BF4E700BF24E700208E
:1000700008F40400640005005700050038B50023AB
:10008000054D044608462B6003F059F8431C02D185
:100090002B6803B1236038BDB445012038B5002377
:1000A000064D0446084611462B6003F052F8431CE7
:1000B00002D12B6803B1236038BD00BFB4450120D5
:1000C00038B50023054D044608462B6003F03CF884
:1000D000431C02D12B6803B1236038BDB445012015
:1000E00038B50446064D0846114600222A601A46D5
:1000F00003F028F8431C02D12B6803B1236038BDFC
:10010000B445012038B50446064D08461146002284
:100110002A601A4603F00BF8431C02D12B6803B186
:10012000236038BDB4450120704708B5DBF7C4FD36
:10013000002008BD0EB403B503AA52F8041B0192B7
:10014000DBF72EFD02B05DF804EB03B0704708B595
:10015000E0F7E2F9002008BD08B500F080F90020C2
:1001600008BDDDF7DDBFFAF745B8FAF7C1B80D20D5
:10017000DDF72ABA08B5DDF7A1FBBDE80840DFF7D7
:100180005FBE38B505460846FFF7F4FF044628462B
:1001900000F080F8A04228BF2046C0B238BD01461A
:1001A00002221520DDF726BA08B50120DDF70CFA8A
:1001B000BDE80840E4F73ABC08B50120DDF704FAD1
:1001C000BDE80840E3F7C2B908B50120DDF7FCF946
:1001D000BDE80840E6F7E6B91220DDF7F5B91320CF
:1001E000DDF7F2B930B5836885B00293C368D0E912
:1001F0000045102269460720CDE900450393DDF74D
:10020000F9F905B030BD03689A1C0260188840BA3D
:1002100080B270470268D31C0360537811789078DD
:100220001B0203EB01431844704703681A1D026068
:10023000186800BA70470B0A0370417002307047AB
:100240000B0C03700B0A43708170033070470B0E68
:1002500003700B0C43700B0A8370C170043070473D
:100260000A460121DFF7BEBD0A460021DFF7BABD0D
:10027000F8B500240546164623462746AB4201D36F
:100280003846F8BDA0B23246DFF7ACFDE7B283B224
:100290000134F3E70130C0B20F2828BF0F207047A8
:1002A00009280AD850B30138082808D8DFE800F038
:1002B00009120716070707071E0016281AD0002084
:1002C00070476FF4CF600B18142BF8D8AAB101F067
:1002D00001007047A1F5D261142903E06FF40373A4
:1002E00019441A298CBF002001207047A1F2A76190
:1002F0000829F7E7A1F29B61EEE70120704710B5EE
:100300006AB101280BD1CB0709D502318CB2214645
:10031000FFF7C6FF002814BF2046002010BD0131A2
:10032000F4E771B10023014403F13002092B00F816
:10033000012B0CBF002301338842F5D1002300F8C4
:10034000013C704738B1022807D0032814BF4FF092
:10035000FF3001207047022070470320704710F0E3
:10036000FF0304D0FF2894BF0020012070471846E7
:10037000704730B5904271EB0303DDE9035405D3B8
:1003800085428C412CBF0120002030BD0020FCE7BD
:10039000431E022B9FBFC0EBC0104000193040B27B
:1003A00088BF0A2070474368994214BF086800203C
:1003B0007047D0E8EF3F0133C0E8E23F002AF8D1B0
:1003C00070470120DFF770BE0720DFF76DBE70B504
:1003D0000446D0F88C50F0220E4604F093F9C4F88D
:1003E0008C5045B12846B6F88A20D6F88C10BDE866
:1003F000704004F087B9A4F88A5070BD2DE9F0412F
:10040000F0210546012017461E469DF8188004F08D
:1004100045F90446A8B10020C4F88C00B8F1000FDB
:1004200013D02B7A03F0FD02012A01D0062B0DD147
:1004300001214FF42F7004F031F938B9204604F04F
:1004400026F900242046BDE8F0814046C4F88C001F
:1004500029462046FFF7BBFFC4E91476F2E70420E3
:10046000DFF722BE07B5042201900DEB0201052043
:10047000DFF7EAFD03B05DF804FB38B5F02105466F
:10048000012004F00BF9044640B101214FF42F7014
:1004900004F004F928B9204604F0F9F800242046B5
:1004A00038BD032323720023237404F11803C4F816
:1004B0008C002B60F3E710B5044648B1D0F88C00EF
:1004C00008B104F0E4F82046BDE8104004F0DFB8BD
:1004D00010BD08B5DFF74EFEBDE80840FFF7EBBFE3
:1004E00038B50D460446A54200D238BD2046FFF778
:1004F000F0FF0134F7E70820DFF7D6BD0920DFF76A
:10050000D3BD0120DFF7D0BD01464FF43472032084
:10051000DFF79ABDA0F54B53083B312B18D9A0F556
:1005200052533C3B312B13D943F22C3398420FD01A
:1005300043F2B06398420BD043F6A403984207D02D
:10054000A0F56A50183802288CBF0020012070479F
:100550000120704708B504F002F84FF47A72A0FB4E
:10056000020302FB0131C00B40EA4140C90B08BD48
:1005700038B503460A780C4662F07F0200F8022B79
:100580004A785A704988FFF756FE23780546A3F14A
:100590006402012A0FD8A188FFF74DFEE188FFF71A
:1005A0004AFEE288054604F1080104F0ABF805F5BF
:1005B0002D75284638BD662B04D16168BDE83840EA
:1005C000FFF745BE672BF4D140F2DF12211D04F086
:1005D00011FAEEE70B4613B513F8022B044602F0AE
:1005E0007F02027001934B78437001A8FFF70BFE66
:1005F00023786080A3F16402012A10D801A8FFF7D4
:1006000002FEA08001A8FFF7FEFD01990246E080EE
:1006100004F1080004F076F8002002B010BD672B4A
:10062000FAD140F2DF120199201D04F0E3F9F3E75B
:1006300038B50B780C4663F07F0300F8023B49881D
:10064000FFF7F9FD23780546352B0FD1A188FFF779
:10065000F2FDE188FFF7EFFDE288054604F10801AD
:1006600004F050F805F52D75284638BD332B04D11C
:100670006168BDE83840FFF7EABD342BF4D14FF490
:10068000F572211D04F0B6F9EEE713B511F8023B3F
:10069000044603F07F03037001A80191FFF7B3FD47
:1006A00023786080352B10D101A8FFF7ACFDA08026
:1006B00001A8FFF7A8FD01990246E08004F10800B7
:1006C00004F020F8002002B010BD342BFAD14FF412
:1006D000F5720199201D04F08DF9F3E708B503F0D8
:1006E0003EFF4FF47A72A0FB020302FB0131C00B04
:1006F00040EA4140C90B08BD10B50446FFF7EEFFC4
:1007000003460A46D4E90001C4E90032181A62EB34
:10071000010110BD0720E3F7F3BFD0E8AF0F70472A
:10072000D0E8EF3FC0E8E21F002AF9D1704700F09F
:1007300072BB08B5E7F728FBDEF790FA002008BD8A
:10074000032804D9A0F10F035842584170470120F3
:10075000704710B509B9002010BD0478A4091470C1
:100760000378C3F3011353700178002CF3D1032BEA
:10077000F1D001F00F010846FFF7E2FF0028EAD0B0
:100780009170E9E78378027803F00F0303EB82139B
:1007900042780846120102F03002134400F8013B8F
:1007A0007047012804D9A0F11E03584258417047F0
:1007B00001207047192803D8073818BF0120704757
:1007C0003E3801288CBF002001207047012973B5F5
:1007D0000D4616461C4602D8002002B070BD937824
:1007E0000190012B23700BD10629F5D901A8FFF741
:1007F00011FD206101A8FFF718FDA0600120ECE7C2
:1008000001A8FFF700FDC0F30033C0F30B006380C5
:10081000A080B378022B06D1092DDDD901A8FFF7FE
:1008200004FDE060E6E7032BE8D1052DD4D9E1E72C
:1008300010B5044623780846012B07D12169FFF73C
:10084000FFFCA168BDE81040FFF701BD6388A188E7
:100850001B0303F48053C1F30B011943FFF7EBFCB7
:100860002378022B03D1E168FFF7F1FCE9E7032BC2
:10087000E7D010BD0C2805D0103801288CBF00200F
:10088000052070470120704773B5064614460D4693
:1008900011B9002002B070BD02789309032B19D161
:1008A00023700278C2F34012A280017801F01F0188
:1008B00008463AB9E8F71AFA0028EAD00120A260FF
:1008C0006170E7E7FFF76DFF0028E2D0012DE0D06F
:1008D000721CF3E702F03F02411C62701046019166
:1008E000FFF768FF0028D4D07BB93F2AD1D010464B
:1008F000FFF7C0FF0122A080A088AD1AA8428CBFDC
:1009000000200120A1602370C4E7012B06D1012D36
:10091000BFD07278B11CA2800222EDE7022DB8D9B7
:10092000002301A8A370FFF76EFC6378A0803F2B23
:1009300004D1019B5A1C01921B78A37002230199D8
:100940001A46D9E702780346032A09D042B15B78F8
:10095000022A0CBF032002203F2B02D10130704736
:10096000012070470329F7B5144602D8002003B0D0
:10097000F0BD431C0193037813704778C7F3001749
:1009800057704378C3F3C00393704678831CC6F353
:100990008006D67045780193C5F3400515714278FD
:1009A00094F808C002F00102627183781B09A371F8
:1009B000C31C0193837803F00F03E371C3781B0911
:1009C00063F3030C84F808C090F803C0237A4FEA5D
:1009D0009C0C6CF3051300F1040C2372CDF804C0D9
:1009E00090F803C06CF3871323723B1D06B10133EB
:1009F0000DB102339BB20AB104339BB28B42B5D81E
:100A00002FB1431D0193037903F00F03637226B1E5
:100A1000019B591C01911B7863814DB1019B197891
:100A20005878090201F4F85101430233A18101937E
:100A30000AB901209BE701A8FFF7F7FB2061F8E75F
:100A4000034610B402780A70C27800799200400020
:100A500000F0020002F00402024358799C7800F092
:100A6000010002445878E400000104F0080400F09A
:100A70001000204302444A70DA79987902F00F029C
:100A800002EB00128A70187AC0F30112C0F303045B
:100A9000920002EB041202EB9012CA705A788AB9E3
:100AA000081DDA7812B15A8900F8012B1A7912B1AF
:100AB0009A8900F8012B5A7952B119695DF8044BF3
:100AC000FFF7C5BB5A7A481D02F00F020A71E8E72A
:100AD0005DF8044B704710B504466378E27803F084
:100AE000010303EB421322790846920002F01C0234
:100AF00013442278520002F0020213440B70A378D0
:100B0000DB014B70A379627903F01F0303EB4213FF
:100B10008B70237AE27903F01F0303EB4213CB704F
:100B2000637A03F03F030B7163783BB90530A37818
:100B30009BB1A18ABDE81040FFF77DBBE37AA27AA2
:100B400003F00F0303EB02134B71A1890630FFF78B
:100B500072FB2169FFF77BFBE9E710BD37B504297C
:100B60001446019002D8002003B030BD03785B0921
:100B7000D3700378C3F382031371034613F8012B78
:100B800001930346C2F34002227013F8022B02F0D5
:100B90000102019362704378DB09A37085786D09C7
:100BA0006571C51C0195857805F01F05A571C5788F
:100BB0006D09E571051D0195C57805F01F052572C4
:100BC000451D0195057905F03F05657242B92BB1C8
:100BD0000629C8D901A8FFF716FBA0820120C3E7A8
:100BE000B3B10D29BFD943791B09A372831D0193AA
:100BF000437901A803F00F03E372FFF704FBA08120
:100C000001A8FFF712FBA3782061002BE6D0E1E7F3
:100C10000B29E7E7034610B54278C07852018000FF
:100C200000F01C0002F02002024398781C7840007B
:100C300000F0020000EBC41002440A701A7842B9B6
:100C40001A795B79881C03F00F0303EB02134B70D6
:100C500010BD5A7832B94A1C997A1170997889B9BD
:100C6000501CF5E7DA79987902F01F0202EB401286
:100C70004A70587A1C7A00F01F0000EB4410CA1C1E
:100C80008870E9E7D97AD01C01F07F0151701B7B95
:100C900003F07F039370DBE7012910B501D8002032
:100CA00010BD0478E409147003783CB91B09137172
:100CB000037803F00F0353710120F1E7C3F34013EE
:100CC00053700478C4F38204D4700478C4F34004ED
:100CD0009470ABB924B9437803F03F039372EBE708
:100CE0000329DCD94178431C01F03F019172597806
:100CF00001F07F01D1729B7803F07F031373DBE770
:100D0000BCB10529CBD943785B099371437803F0D3
:100D10001F03D37183785B091372837803F01F0379
:100D20005372C37803F03F039372002CC4D0C31CEA
:100D3000DDE70329E6E7F0B5074614460E4685B021
:100D4000002939D0002A34D04FF43671012003F045
:100D5000A5FC0546002832D00022022C01ABC3E9D5
:100D6000012201928BBF01220322023C04F1FF34D5
:100D70008CBFA4B2A4B28DF80420ADF8084000F1F5
:100D8000080C93E8070007238CE807004FF42F7244
:100D900000212B752C8305F11A0003F0DAFC73682F
:100DA0003146C5E900631D6075603868E8F728F8CA
:100DB0003860002005B0F0BD6FF01500FAE76FF065
:100DC0000B00F7E7C38913B90220DCF7FDBB7047BE
:100DD0002DE9F0411646DDE906871D46E8F706FCD9
:100DE0000446B0B1D0E90C23B242AB4111D2036A40
:100DF000C0E90C650133036258EA070309D03B469A
:100E000042464068DFF7C6FA636AE7620133C4E925
:100E10000938BDE8F081F0B5866A89B000F1310487
:100E200005466A4631462046FFF793FC18B900266E
:100E3000304609B0F0BD6A4603AB711E05F13200C1
:100E4000FFF7C4FC0028F2D09DF80200E7F78EFF00
:100E5000A96A01AF091A3A462044CDE90177E8F7BB
:100E600085F8064660B900240198B842E0D0D0E980
:100E7000003213605A60C0E9004403F008FCF3E755
:100E8000019CBC42EFD0002CEDD0237D022B05D17C
:100E9000284604F1180203A9E6F732FD029B9C42A2
:100EA000E1D02468EFE708B5E9F7EEF9002008BDC6
:100EB000836800EBC101B3F5004F2CBF51F822004D
:100EC00031F81200704700EBC1018068B0F5004FA7
:100ED0002CBF41F8223021F812307047012208B5AA
:100EE000FFF7E6FFD04008BD836800EBC101B3F512
:100EF000004F08D34B681AB143F001034B607047B1
:100F000023F00103FAE74B881AB143F001034B8049
:100F1000704723F00103FAE753000122FFF7D3BF24
:100F20008368B3F5004F34BF04230823C91A081A95
:100F3000C00870478368481CB3F5004F34BF0423D2
:100F400008230833A0EBD300B0FA80F0C0F11F00F3
:100F500070472DE9F0411746032288460446FFF703
:100F6000A7FF8045054607F1060613D10122E36875
:100F7000BA4023EA0203E360002304EB86067360B1
:100F800041462046FFF7AAFF2369A3EBC003236174
:100F9000BDE8F081414602222046FFF789FF07465F
:100FA00004EB86062B460146032220467560FFF7B8
:100FB0008AFF3B46022229462046FFF784FFDFE7EF
:100FC00070B50D4686680446FFF788FFB6F5004FFA
:100FD000014601D3012809D02046FFF7ABFF29467F
:100FE00002462046BDE87040FFF7B3BF70BD2DE953
:100FF000F0470546FFF79EFF05EB800ADAF81C90E4
:1010000088460646B9F1000F1BD00327DAF81C40CA
:1010100028462146FFF762FF404507D33246214666
:101020002846FFF796FF2046BDE8F08703222146B9
:101030002846FFF73DFF013FCAF81C0001D081455B
:10104000E4D14FF0FF34EB680136B4401C40EAD0E5
:1010500094FAA4F2B2FA82F205EB8203DC69DEE7CD
:101060002DE9F04114460E460546FFF737FFA4EB85
:101070000608371B0744424631462846FFF74CFF17
:101080003A4621462846FFF747FF434600222146BD
:101090002846FFF718FF21462846FFF71FFF3B466B
:1010A000211800222846BDE8F041FFF70CBF2DE9CA
:1010B000F041164604460F46FFF710FF314605463D
:1010C0002046FFF70BFF05442A4639462046FFF726
:1010D00023FF31462046FFF701FF2B46311800223F
:1010E0002046BDE8F041FFF7EEBEF8B50D46866834
:1010F0000446FFF7F3FEB6F5004F014601D3012881
:101100001FD02046FFF716FF04EB8001CE69CEB951
:101110000122E36882401343E3600222CD612B4643
:1011200029462046FFF7CFFE032229462046FFF737
:10113000CAFE29462046FFF7D1FE236903EBC00310
:101140002361F8BD022231462046FFF7B1FE074673
:10115000034629462046FFF7B6FE032233462946BA
:101160002046FFF7B0FE39462B462046FFF7ABFE80
:1011700002223146DAE7F8B50C460546FFF7AEFE27
:101180002618012231462846FFF792FEC3070CD4E9
:1011900031462846FFF714FF21462846FFF79EFEFA
:1011A000214622182846FFF782FF002221462846C2
:1011B000FFF77EFE271A012239462846FFF778FE00
:1011C00010EA020613D139462846FFF7F9FE2146F8
:1011D00032462846FFF76CFE2246211A2846FFF7C2
:1011E00066FF214632462846FFF762FE241A214652
:1011F0002846BDE8F840FFF778BF70B5056811B91B
:101200000024204670BDAB6801F00704B3F5004F21
:101210002CBF0822042207341444E40804EBD10450
:101220009C4228BF1C4628462146FFF7E0FE0646A2
:101230000028E5D001462846FFF750FEA04209D914
:101240003444314628462246FFF70AFF2146284605
:10125000FFF74BFF012231462846FFF745FEAB68FA
:101260003146B3F5004F34BF04240824FFF736FE9F
:101270006B6904EBC60403EBC000AB692C446861E6
:1012800083422CBFAB61A861BBE71146FFF7B5BF36
:1012900058B151B103681B690B6003685B694B600F
:1012A000036800209B698B6070476FF015007047E2
:1012B0002DE9F04706460D46174698462BB34FF0EA
:1012C000000A98F8004093F80190DB78A40004EB42
:1012D000430498F802301C444444CA4509D33946B3
:1012E0003046AC46D8F8042008F10803BDE8F047C2
:1012F000604714F8013B0AF1010A204648F82340F0
:10130000D7F7B8FC01300444E7E76FF01500BDE8FB
:10131000F08770B5002502462846144614F8013BB4
:101320000BB9184609E098B18D4207D1702B04D053
:10133000A3F140023A2A0BD8002070BDA3F1400669
:101340003A2E05D853780135941C002BE9D00020A3
:10135000252B224608BF80F00100DEE70020704701
:1013600030B50C688B6814B14A689A4202DC0133CC
:101370008B6030BD013A9A4214BF05460025E55402
:101380008B68F4E70FB407B504A951F8040B019179
:10139000E9F7C8FE03B05DF804EB04B070470CB485
:1013A00007B504AB53F8042B0193E9F7C9FE03B06A
:1013B0005DF804EB02B07047D0E9002130B54FF082
:1013C0003333A2FB0324D51843EB0405A1FB03131D
:1013D000521844EB0304521944F10002891843F1F6
:1013E0000003C0E9001330BD10B50A680346002AA7
:1013F0000FDD013A0A6044680A201A68A2FB001255
:1014000000FB0422100F22F07042C3E900123030BA
:1014100010BD3020FCE72DE9F0410746884615460F
:101420001E461446B44205D30EB1601B08E0237873
:10143000002BFAD0414614F8010BB8470028F1DA26
:10144000BDE8F081D1E9003293423EBF5A1C0A60E8
:1014500018707047002383F31188BFF36F8F042344
:10146000184602DF70470FB407B504A951F8040B02
:101470000191E9F757FE03B05DF804EB04B0704743
:1014800010B50369024613F0080009D11368D46847
:101490009C429BBF0120526AE31AD31A0B6010BD15
:1014A00000231846FAE713B501A90446FFF7E8FF41
:1014B00020B1019BE268013B13440193606A019BE8
:1014C000C01A013802B010BD10B504465018226988
:1014D000636AD20702D5013B184010BD984228BF6D
:1014E000C01AFAE710B504460A46C168FFF7ECFFD8
:1014F0002369E06023F00803236110BD38B50D4671
:10150000026A8B00016843F00203044642F821306E
:1015100001682A46FFF7D8FFE3686168984208BF70
:101520002369206008BF43F008032A46204608BF0D
:101530002361FFF7C9FF606038BD2DE9F74FC76829
:10154000066A9B4606EB8703009316F8273004468D
:1015500003F00303022B884691464FF000030BD0A3
:101560001360CBF8003023699B0713D44FF0000AB7
:10157000504603B0BDE8F08F56F827101360890875
:10158000CBF80030EFD0FFF7ADFFE368A3604FF07A
:10159000010AEDE7E3690098984716F82720054609
:1015A00012F0010AE2D012F002021FD0B8F1000FCF
:1015B00003D041462046FFF7A1FF61682A46204636
:1015C000FFF782FFD4E902219142606006D12A46EA
:1015D0002046FFF779FF4FF0000AA060A268226062
:1015E000E260226942F008022261C1E7014620461A
:1015F0000192FFF777FFE368A360B8F1000F04D012
:101600002168236A019A43F8212005EB0802CBF8F0
:10161000002021682046FFF757FF2369206043F030
:101620000803236116F827306FF3000306F827300C
:10163000009BC9F80030AAE770B504461546FFF7CD
:1016400043FF2368834205D12369216023F0080307
:10165000236170BD226AAB0043F0020342F82130DF
:1016600061682A462046FFF72FFF6060F1E738B532
:10167000036904465B0706D5856AFFF714FF8542B8
:101680002CBFA562A06238BD38B5EAF7CFF8054691
:101690000C4601F063FD002303602146284638BD57
:1016A0002DE9F043551A0F1AAC4612D5002DC7F19B
:1016B000000417DAC5F1000CB4FBFCF60CFB16466F
:1016C00064468EB1B4FBF6FC06FB1C4C3446664601
:1016D000F7E7002D04DA6C4237B1A4463C46EBE74D
:1016E0006FB13C46002DE7D1121A92FBF4F94FF08E
:1016F000000C03EB810EA44503DBBDE8F0832C4610
:10170000F2E74FF000080CEB0100C84504DB0CF1D8
:10171000010C0EF1040EEEE78842ACBFC01B40196D
:1017200053F82060DEF8002008F1010843F820207B
:10173000CEF80060E9E72DE9FF410E4617469846CE
:101740000446EAF709FA012302930A9B214632462E
:10175000CDE900833B460546EAF758FB0446284698
:10176000EAF7DEF9204604B0BDE8F081838B13F080
:10177000070305D10368002B0CBF0020032070472E
:10178000022B05D1C08BB0FA80F040098000704771
:10179000012B05D10368002B0CBF002005207047EA
:1017A0000020704710B50C4600B111B96FF015005C
:1017B00010BD081D00F02FF80028F9D1A368032BF5
:1017C000F6D9F3E72DE9F0410D4607461946281DE5
:1017D00090461E46EAF738FF044638B13346424683
:1017E00029463846A446BDE8F0416047BDE8F0818F
:1017F00038B50C46054658B151B10B6843B14B683A
:1018000033B12022002102F0A4FF00202C6138BD5A
:101810006FF01500FBE7034658B1426802F003027F
:10182000012A03D0032A04D1026812B10020986073
:1018300070476FF01500704770B506460C888888B1
:10184000241A3069A4B2844285B224BF641BA4B2B6
:101850002D1BA8B2984228BF184633682344136052
:101860000B8803440B8070BD70B48389858806693A
:10187000ED1AADB2731B934228BF134670BC0A46E3
:10188000011DFFF7D9BF70B40E460146C58831F877
:101890000A3FEC1AA3B2934228BF1346324670BCEB
:1018A000FFF7CABF10B54B880C88E41AA4B2944263
:1018B0000ED31A4492B28B884A800A800069D21AE9
:1018C00092B2824201D2002010BD03448B80FAE71D
:1018D0006FF01500F8E7704770B4C66804680D0C27
:1018E00006FB0544806A14FA81F184682468A446E2
:1018F00070BC60472DE9F0430646884617461C46F3
:10190000C36A89B01D686D4205F020051CB92046E8
:1019100009B0BDE8F083AC42A14628BFA9466A469B
:101920004B4641463046FFF7D7FF0028F0D16B46C3
:10193000484502D1241A8044E8E713F8012BBA4243
:1019400001D10130F4E70120E2E70B6803F58033B1
:101950000B60008A1A0CB0EB134F04BFA3EB0243D9
:101960000B60704738B5C26803680D0C090C04465B
:1019700002FB0131806A2D0401F038FB50B9E26AA4
:1019800029462046E3685279FFF7B4FF002818BFC4
:101990006FF0050038BD014610B507220446FF2050
:1019A000F0F7CEFFE07110BD0A46012100F075BAD4
:1019B0000368012B81BFC91801F1FF315B42194057
:1019C000084670472DE9F0410C4605460821C06ADB
:1019D000FFF7EEFF072207462146FF206688B4F88E
:1019E0000480F0F7ADFFE379834208D1E86846440C
:1019F000C01BB04294BF00200120BDE8F081002050
:101A0000FBE738B505460C46FFF7DCFFA0B1A08820
:101A100098B94FF6FF7322889A420DD10821E86ADF
:101A2000FFF7C6FF6288EB689B1AB3FBF0F202FB7C
:101A30001030B0FA80F0400938BD0020FCE7F7B55F
:101A400004460D46C06A0821FFF7B2FF0823074687
:101A500029682046FFF740FF0646002836D12B684C
:101A60003B442B60E26899B2D21B91422ED11A0CF2
:101A700009BF228AA3F5803102F1FF3203EB024154
:101A8000204608236A462960FFF726FFE8B9E36A83
:101A90005A796B4613F8011B8A420CD10130082891
:101AA000F8D1636805E02B68BDF802201B0C1B040D
:101AB00013442B600AE069462046FFF7A2FF002886
:101AC000F1D129462046EAF745FE0646304603B0E6
:101AD000F0BD2DE9F043074690461C4689B01BB97E
:101AE000002009B0BDE8F083FD683B68080C05FBE9
:101AF000003313FA81F6FB6A1D686D4225400CD055
:101B0000B86A83683146D3F804902B46C84700284A
:101B1000E7D1641BE4D02E44A844224641466846DF
:101B200002F0F0FDFD6A0DEB04002A686979121BD2
:101B300002F00FFEB86A2B688268314654686A4624
:101B4000A047CEE710B50A46082341680446FFF7D0
:101B5000C0FF08210246E06AFFF72AFF63681B1AEC
:101B60006360104610BD4FF6FF7313B500220446A4
:101B7000ADF800308DF8063083686846ADF8042073
:101B8000ADF80230FFF707FF69462046FFF7DAFF9E
:101B900002B010BD2DE9F04F082195B00446C06A8F
:101BA000FFF706FF0546636820461B0C1B0403A9CC
:101BB0000393FFF7CAFEDDF80CB0E66806AA5E44A0
:101BC000761B0823314620460496FFF785FE021E49
:101BD000C0F2A980E36A06AA5979002312F8010B22
:101BE000814240F08F800133082BF7D1A3686268EF
:101BF0002B449A427ED259462046FFF7B3FE024656
:101C000091E0BDF81A30360C36041E44049608AA3A
:101C1000204604A9DDF810A0FFF711FF02460028B6
:101C200040F08180204608A9FFF7CCFE18B9019B3F
:101C30009A45ECD1DAE7636805930AAA204605A91C
:101C4000059EFFF7FCFE024600286CD1BDF8282057
:101C5000BDF820309A4227D06268059B9A42ECD1A9
:101C60005645E4D1BDF82430002BE0D0BDF82270F9
:101C70004FEA1A431B041F44A36808A8ADF822309A
:101C8000FFF789FEE36ABDF824901E68764206F0ED
:101C90002006B9F1000F0ED1204608A9FFF752FF28
:101CA00002460028C3D03EE020460AA9FFF78AFE7C
:101CB0000028D1D0D4E74E45B04628BFC8460CAA6C
:101CC000434639462046FFF707FE024658BB4346C7
:101CD000A1680CAA2046FFF7FCFE41460246E06AD6
:101CE000FFF766FEA3680344A360E2B9A9EB080905
:101CF0004744CEE72046FFF736FF024600283FF470
:101D00007AAF10E0731B204606A90193FFF779FE16
:101D100000287FF476AF204604A9EAF71BFD0246AF
:101D200000283FF474AF104615B0BDE8F08F0023D3
:101D30001A46EAF70DBF13B500240094EAF7E0FF56
:101D400002B010BD03785B075FBF03684288C3F32E
:101D50004A2303EB12105DBF173020F00700800804
:101D6000002070470020704701F03EBF0346D3E8D3
:101D7000EF0F421CC3E8E12F0029F8D17047012082
:101D8000EBF71EB90020704770B50C4615461E468D
:101D900040B1EBF7B9FB33462A462146BDE8704017
:101DA000EBF710BC4FF0FF30F5E738B504460D46B1
:101DB00043681146DA71EBF775FC012263681D6018
:101DC00063685A71BDE83840EBF7ECB870B515465A
:101DD0000C4669B1D2E901369B1B99420AD81368B7
:101DE0000A460146981902F08DFCAB682344AB60AB
:101DF000204670BD6FF01B00FBE770B50E46154620
:101E00001946044618B9BDE87040EBF7D9B833B1AC
:101E1000C2F34A231030120D184402F073FCC4E9D7
:101E200000562046BDE87040EBF75CBB2DE9F3415E
:101E30005F1C4FEA8708064608F1170020F00700EC
:101E400080080C461546EBF767F900238DF80470FF
:101E5000ADF805308DF8073068B10346019AA8F156
:101E6000040143F8102F2A46294452F8045B8A42A1
:101E700043F8045FF9D100233146A20102F4E07275
:101E800042EA482222F07F4222F4700222F03F020E
:101E900002B0BDE8F041FFF7B0BF07B501230192E2
:101EA00001AAFFF7C3FF03B05DF804FB07B5CDE956
:101EB000002302236A46FFF7B9FF03B05DF804FB75
:101EC0001FB5CDE90123069B01AA03930323FFF766
:101ED000ADFF05B05DF804FBF8B506460D461446A7
:101EE0001F4604B9F8BD214628463A46B047241A91
:101EF0000544F6E710B542680446D2E9002381683C
:101F00000068FFF7E9FF002263681A6010BD13B58F
:101F100000240094D7F764F902B010BD0A2838B540
:101F200004460D4602D10D20EBF7F2FC294620466F
:101F3000EBF7EEFC002038BD2DE9F043054687B0F5
:101F400008460E8891F800900C46D1F80880174694
:101F5000EBF7B2FC011EC6F38216C9F3C2091EDB01
:101F60004846EBF7E7FA0346214651F8102B608804
:101F7000C2F34A22002A01EB020408BF002100221A
:101F8000C0F30B10CDE90407CDE902142846414601
:101F900001960092EBF7E8FC07B0BDE8F083002360
:101FA000E2E7704770B54C680368A34201D2012094
:101FB00070BD8A682244934201D30020F8E74E693D
:101FC000D1E90325B54203D36FF00B038B61F4E72E
:101FD0001B1B42F835304368086902EBC0025360AE
:101FE0000B6901330B61E2E737B50C46C0B201A9BA
:101FF0001546EBF793FE00280CDB019850B1214603
:102000002A46EBF7B1FE04460198FFF7CAFF2046C7
:1020100003B030BD6FF01504F9E70020EBF7F0BE18
:10202000034610B508460AB10021116053B1D0B182
:10203000411E11F8010F80B113F8014BA04201D1EC
:102040003D28F6D100200EE0013313600AE03D2860
:1020500008D0B0FA80F0400905E018782F28F6D1B2
:10206000002AF1D1012010BD0021ECF737B808306B
:10207000704710B5134614460A4681880068FFF77A
:102080005AFEA042A8BF204610BD2DE9F04F97B0E0
:1020900004469A468946019200297CD0DAB1BAFA00
:1020A0008AF67609258F04F1080B0135ADB2A846F2
:1020B0006F1EBFB2B7F5004F26D04A2339465846A7
:1020C00003AAFFF738FE002807DA10F1020F08BF55
:1020D000B8463D46ECE70126E4E700F158030DEB76
:1020E0000300002303A900F84C3C4846D6F7B8FD8E
:1020F0000028EED126B339465846FFF718FE0028CF
:1021000005DA17B0BDE8F08FBEB30020F9E705F59A
:102110007F513F31584689B2FFF709FE0028F0DBB6
:10212000238FBB42F1D12246013B22F8383F4FF4C6
:10213000004102235846EAF70BFD00EAE070E0E7B1
:10214000B846B8F5404F29D0238F04F10805434520
:1021500015D308F5804153462846019A89B2EAF71B
:10216000F7FC0028CDDB002ECFD04846D6F782FD05
:102170004A46034641462846DDE70126E1E7224676
:1021800002234FF40041284622F8388FEAF7E0FC9A
:102190000028DEDAB5E76FF01500B2E76FF00B004C
:1021A000AFE773B5C36B04460363C3B100F1080620
:1021B0003046EAF72DFB054670B902234FF4004183
:1021C00030460DF10602FFF7B6FD0028B4BF4FF40C
:1021D0000043BDF806302387284602B070BD6FF07B
:1021E0001205F9E70B68834204BF01230B717047A6
:1021F00010B504468EB069460120E8F7C1FE05A976
:102200006846FBF773F8204605A9ECF7DFFB0020D2
:102210000EB010BD03785B075FBF03684288C3F34D
:102220004A2303EB12105DBF173020F0070080082F
:102230000020704783689B6903B11847704708B551
:102240004368197311B11868FFF7F4FF002008BD47
:1022500010B540681C462430EAF748FA2060002098
:1022600010BD10B54068046800F5107002F0CBF99D
:102270002046FFF7DFFFA3685B6A0BB12046984753
:10228000002010BD2DE9F04145681E462B7B0C4611
:10229000174693B101EB0208A04507D13760012032
:1022A000D5E9013198470020BDE8F081286814F88D
:1022B000011B83685B689847EEE705F11000EAF7B9
:1022C000E3F90121306005F51E73D3E8EF2FC3E871
:1022D000E01F0028F9D1002AE5D1286883685B69EE
:1022E000002BE0D09847DEE70023826882F85A305E
:1022F0008268A2F856308268A2F8543070470346CC
:1023000010B5D3E8EF0F40EA0102C3E8E42F002C38
:10231000F7D110BD034610B5D3E8EF0F00EA010274
:10232000C3E8E42F002CF7D110BD0EB403B503AA07
:1023300052F8041B0192EEF7A7F802B05DF804EB27
:1023400003B0704708B510B1D6F794FC80B208BD51
:10235000F7B5044600260027204600F028FBE06978
:1023600000F007FD05462046EEF7E6FCA368B3F84B
:10237000543023B14FF4F6700021F9F7CDFD55B17B
:10238000A06800F5086000220121CDE9006702F095
:102390007BF90028E0D003B0F0BD00F50960F7F745
:1023A00029BF4FF0FF324FF0FF3300F50960F7F718
:1023B0009FBF00F67C0019B14FF40061FFF79FBF8B
:1023C0006FF40061FFF7A6BF00F67C0011B1042195
:1023D000FFF795BF6FF00401FFF79CBF08B500F64B
:1023E000780029B10121FFF78AFF00F0010008BD44
:1023F0006FF00101FFF78EFFF7E708B500F5096000
:10240000F7F776FFB0FA80F0400908BD38B5054609
:1024100088680C4600F5086025B9BDE83840012100
:1024200002F02BB9082102F028F9012D07D1A0688C
:102430000221BDE8384000F67C00FFF760BF38BDE0
:1024400073B5044680680E46154600F50860002204
:102450000023CDE9002302F017F958B1A06800F578
:102460000860314602F00CF920462B4602B0BDE868
:102470007040184702B070BD0CB407B504AB53F8F8
:10248000042B0193EDF778FD03B05DF804EB02B087
:1024900070470EB403B503AB53F8042B022101932C
:1024A000EDF76AFD02B05DF804EB03B070470EB4BF
:1024B00003B503AB53F8042B08210193EDF75CFD42
:1024C00002B05DF804EB03B070470EB403B503AB84
:1024D00053F8042B03210193EDF74EFD02B05DF894
:1024E00004EB03B070470EB403B503AB53F8042BF1
:1024F00001210193EDF740FD02B05DF804EB03B05C
:10250000704710B54FF48042044600238068FFF7FF
:1025100074FF38B12046ECF777FEA068BDE81040A4
:10252000FFF73BBF10BD18B18368D3F8A40870470C
:102530006FF01500704710B5026904468368126891
:102540000168C0689847002223691A6010BD38B539
:10255000CB6805461B7C0C46022B04D10A2802D10D
:102560000D20FFF7F4FF236922681B68D554226908
:1025700013680133136023691A6863689A4202D1B1
:102580002046FFF7D8FF002038BD08B510B1D6F7B8
:1025900071FB80B208BD2DE9F74F814601A80D46B9
:1025A00016461F46F6F7C8FD4FF00008019C04EBE5
:1025B00040140198A04216D257B9DDF804B0DBF8F8
:1025C00000A0BAF1000F1AD1019B20330193F0E76C
:1025D000012F0FD001F07CFE0028EED001982030B2
:1025E00084420190F4D800201CE0019820308442FD
:1025F0000190F8D901F06CFE0028DED1F5E79AF8D9
:102600000030002BE0D04DB12846D6F733FB5146C1
:102610000246284602F0DCF90028D5D12EB9C14582
:1026200008D1019803B0BDE8F08F5846B0470028A4
:10263000F5D1C9E708F10108C6E710B5047B438965
:102640002244B2FBF3F0214403FB1022B1FBF3F070
:1026500003FB1010101A10BD10B5047B43892144F0
:102660001019B0FBF3F0B1FBF3F1401A10BD30B517
:10267000057B43892944B1FBF3F403FB14112A447D
:1026800001310180B2FBF3F103FB1122013484809C
:1026900001324C1CC480428030BD2DE9F0410F4610
:1026A0001646044686B070B1034601AC00F1100531
:1026B000224618685968083303C2AB421446F7D162
:1026C000186801AC10604FF00008414632462046C1
:1026D000EDF7CEFF08F10108054628B13846296814
:1026E000D6F7BEFA0028F0D1284606B0BDE8F08142
:1026F0002DE9F8431D4600230E461746DDF82080DD
:102700009DF824902B602B680446B34210D24246B9
:10271000204657F82310FFF7C0FF48B12B685A1C1A
:102720002A60B9F1000FEED08045ECD100242B6077
:102730002046BDE8F88300231A46FFF72CBF02238A
:102740000022FFF728BF2DE9F74F054601A8F6F74D
:10275000F3FC019B03EB40180DBB0024204603B0A3
:10276000BDE8F08F266876B13046D6F783FA074683
:102770002846D6F77FFA874205D131462846D6F754
:102780006FFA0028EAD0E3693BB11B682BB19A4687
:102790000026D3F800904E4505D120340194019CC9
:1027A0004445DFD3D9E75AF804BF5846D6F762FA52
:1027B00007462846D6F75EFA874205D1594628468D
:1027C000D6F74EFA0028C9D00136E4E773B503788E
:1027D00004462D2B0D46164606D16FF01503002535
:1027E0003360284602B070BD00F0B8FC00232A46D2
:1027F000036001A92046FBF703FE054600F0AEFC8E
:102800000368222B02D16FF02103E8E700F0A6FC59
:102810000368002BE1D1019BA342DED01B78002B83
:10282000DFD0DAE70EB403B503AA52F8041B019215
:10283000EDF72AFE02B05DF804EB03B0704710B567
:102840000446D6F717FAB4F8543013FA80F038B1CA
:10285000638FB0FBF3F203FB1200B0FA80F0400983
:1028600010BD38B584682046D6F704FAD4F87858F5
:10287000B4F85630C5F3400580B205FB0300638F02
:10288000B0FBF3F203FB1200B0FA80F0400938BD50
:1028900010B50446FFF7E5FF18B9A068FFF7CFFFB2
:1028A00020B16069BDE81040EDF77ABF10BDF8B502
:1028B0000546846804F13000B4F85420B4F856108A
:1028C000FFF7D5FEA868A78EE68EFFF7B8FF10B118
:1028D0006869EDF765FFB74207D1218E638E284600
:1028E000C91ABDE8F840EDF777BFE18EA38E284600
:1028F000C91AEDF75BFFF0E7F8B504460D468068AE
:10290000B0F85610B0F8542030300D44FFF7AFFE49
:10291000A068ADB2B0F856102A463030FFF79CFEE2
:102920000746A0682A46B0F856103030FFF785FEFB
:10293000064679422046EDF739FF31462046EDF74D
:102940004BFFA368A3F85650F8BD8368B3F8561040
:10295000494209B2FFF7D0BF8368B3F85410B3F807
:102960005630C91A09B2FFF7C7BF8368B3F85630AB
:102970001BB14FF0FF31FFF7BFBF70478368B3F85B
:102980005620B3F854309A4202D20121FFF7B4BF67
:1029900070478268B2F85610A2F854108368B3F8F2
:1029A00056201344002283F85A20EDF7EDBE10B5EF
:1029B00004468068B0F85420B0F856103030FFF765
:1029C00056FEA3682046198EC1F10101EDF704FF00
:1029D000A3682046998E0139EDF7E8FE2046BDE850
:1029E0001040EDF7D1BEEDF787BFF7B51E468368FF
:1029F0001546D3F878280446D20613D593F83E201E
:102A00008A420FD0DB8FADF80430EDF7E5FF324698
:102A100029466069EDF738FD204601A9EDF7FCFF76
:102A200003B0F0BD32462946606903B0BDE8F0400E
:102A3000EDF72ABD2DE9F04187680546B7F85460E7
:102A40008846B318B3F5806F144626DAB7F85630C7
:102A5000F61A5A331F44B6B232463946381901F0D5
:102A60005EFE22464146384601F04CFEAA68B2F8A6
:102A700054302344A2F85430AB68B3F854201344C4
:102A8000002283F85A20AB68D3F87818890706D457
:102A9000B3F856201444A3F85640BDE8F0813146FF
:102AA0002846BDE8F041EEF79FB8FFF7C3BF38B541
:102AB00005468068B0F85620B0F85440A41AA4B275
:102AC0009CB15A321044411C224601F028FEAA68EB
:102AD000611EB2F854302846013BA2F8543089B246
:102AE0000122BDE83840EEF77FB838BD10B58368E5
:102AF0000446B3F854205AB1B3F8563043B14FF0FE
:102B0000FF31FFF7F9FE2046BDE81040FFF7CFBFC9
:102B100010BDF8B5C3695E695F6883683046D3F855
:102B20007858E8F72BFDC5F30015044650B101466F
:102B300005F18E023846FFF7FFF930462146E8F7E7
:102B4000B1FD0120F8BD43681B68D3E90632D3E824
:102B5000EFCF8C44C3E8E0CF0028F8D19368D3E8E6
:102B6000EF0F0844C3E8E20F002AF8D170472DE9BF
:102B7000F843436807461E680D46F369B268D3F808
:102B80001480D2F878489A68D3F804901279C4F384
:102B90000014012A03D0032A4CD0BDE8F883D8687A
:102BA0000B784FF4004E590740F2E73C4FF000011C
:102BB00058BF2B68E0FB0EC15CBFC3F34A246B888F
:102BC0004FF47A725EBF04EB1314173424F0070439
:102BD0004FF0000360464CBF0024A408D6F708F865
:102BE00002460B4640462146E8F7ACFB814628B931
:102BF0003846BDE8F8430121FFF7A5BF012CF7D9FE
:102C0000294651F8043B0268C3F39D0363F39F0216
:102C100040F8042B621E920001F074FD40464946C4
:102C2000E8F754FCB06800F508600221BDE8F843FD
:102C300001F023BD3046FFF7BAFE01F005FC04F1B8
:102C40008E07044600B3EFF31184202383F3128828
:102C5000BFF36F8FB368D3F87C381A051ED53A4698
:102C600029464846FFF768F9B368D3F87C381B0556
:102C700002D43046EEF760F801F0E6FB90B184F341
:102C80001188BFF36F8F88E7B06800F509604FF0D7
:102C9000FF324FF0FF33F7F72BFBDBE73046FFF750
:102CA00086FEDCE7B06800F50960BDE8F843F7F799
:102CB000A1BA134610B50C460A4601461846FFF75E
:102CC00092FE204610BD70B504460D46D0E90410B2
:102CD0001646E8F705FB324629462068FFF765F8F7
:102CE000002263685B685D60A3681A600122A368C4
:102CF0001A7170BD10B504460068EAF7EBFC0222B9
:102D0000A3681A7110BD10B5436801211C68606882
:102D100003689B68984738BB0322E3699B681A7174
:102D2000A36803F67C03D3E8EF1F41F40051C3E826
:102D3000E21F002AF7D1A068B0F85420B0F856106E
:102D40003030FFF794FC4FF0FF312046EDF72EFDB9
:102D5000A3682046198E4942EDF73EFD2046FFF755
:102D6000D8FE0028FAD110BDE069BDE81040FFF799
:102D7000C1BF73B504460021036882685B681D68A3
:102D8000AB68D3F87838C3F30013D2E8EF6FC2E82A
:102D9000E01F0028F9D126B14BB931466068EAF747
:102DA00075FF284602B0BDE87040FFF7B2BEAB68C1
:102DB0002846DB8F0121ADF80430EDF70DFE3146DA
:102DC0006068EAF763FF284601A9EDF725FEE8E70A
:102DD0000EB403B503AA52F8041B0192EDF754FB9D
:102DE00002B05DF804EB03B070470020704700208C
:102DF000704783690020186070470EB403B503AABA
:102E000052F8041B0192EDF73FFB02B05DF804EBB2
:102E100003B0704708B50168EDF7F6F9002008BD6A
:102E2000836803F67803D3E8EF1F41F00801C3E895
:102E3000E21F002AF7D100207047836803F6780369
:102E4000D3E8EF1F21F02001C3E8E21F002AF7D1E9
:102E500000207047836803F67803D3E8EF1F21F062
:102E60001001C3E8E21F002AF7D1002070478368F1
:102E700003F67803D3E8EF1F21F00801C3E8E21F4F
:102E8000002AF7D100207047836803F67803D3E85F
:102E9000EF1F21F00201C3E8E21F002AF7D1002052
:102EA0007047836803F67803D3E8EF1F41F0100101
:102EB000C3E8E21F002AF7D100207047836803F6B9
:102EC0007803D3E8EF1F41F02001C3E8E21F002A96
:102ED000F7D100207047836803F67803D3E8EF1F2B
:102EE00041F00201C3E8E21F002AF7D10020704739
:102EF0000023C360704770B515461E46C468F1B123
:102F00003CB9034653F8044F9C4209D1002030805D
:102F100070BD8368A34202D10023C360F6E7246832
:102F2000C460002CF2D02289284604F10A0101F085
:102F3000E9FB0022238901203380EA54E8E7002CD2
:102F4000E4D043689C42E7D06468E9E72DE9F843A0
:102F50000023044688461646C36022B3071D406816
:102F6000874200D0B8B906F10A0900220023494679
:102F70002068F6F7C5FB0546B8B963689F4212D0D2
:102F8000A168D1E9003213605A60C1E900002068ED
:102F9000F6F7C4FBE9E703899342E4D10A3001F074
:102FA000A1FB0028DFD1BDE8F88306813246414607
:102FB0000A3001F0A7FB6368C5E900375D60656012
:102FC000F1E770B504460025061D6368B34202D1DF
:102FD0000023E36070BDA168D1E9003213605A603C
:102FE000C1E900552068F6F799FBEEE72DE9F041BD
:102FF00087680446FB680D4616469847BB682BB1A8
:10300000324629462046BDE8F04118476FF0570088
:10301000BDE8F08101F09DBB01F074BB30B59FB0FD
:1030200005680C466822014601A801F06BFB0023ED
:10303000284601A9CDE91C331B94EEF7D3F91FB044
:1030400030BD08B5EEF7D4FABDE80840EEF7D4BAC3
:103050000A460121FEF721BF90F884308BB1EFF3CF
:10306000148343F0040383F31488BFF36F8FD0F805
:103070008030E1EE103A00F1400390EC100A93EC3E
:10308000108A704700210120EEF7ACB9D0F8A830C3
:1030900083F30B887047EEF799BF61B662B680F391
:1030A0001188BFF36F8F704772B6002383F31188C6
:1030B000BFF36F8FBFF34F8F30BF62B6BFF36F8F19
:1030C000704772B6002383F31188BFF36F8FBFF38D
:1030D0004F8F20BF80F31188BFF36F8F62B67047A8
:1030E00040E800F313F4803FD8B208BF6FF015003A
:1030F000704730B50C684B6885B00A894D890094DB
:10310000013B24F01F04234402F01F0242EA45124F
:1031100023F01F0369468DF808200393EEF7FCFFA8
:1031200005B030BD002070474FF0FF3070470846B3
:103130001146EFF78DBA08461146EFF79DBA4FF0EA
:10314000FF307047002070470228CCBF00200120CC
:1031500070474FF4005300204B607047F5F7F6BFFF
:1031600007B501AB00F091FD02280AD003280BD06F
:1031700068B90198003818BF0120404203B05DF8DB
:1031800004FB6FF01500F9E76FF08500F6E74FF0EC
:10319000FF30F3E7F8B5069F0469C9B2EFF3118673
:1031A000202585F31288BFF36F8F0C2569430C44EB
:1031B000A56C05F0070CBCF1010F0BD1A76486F3D9
:1031C0001188BFF36F8FC4E9102343685B58984799
:1031D0000020F8BD05F0C005AF4286F31188BFF3AB
:1031E0006F8F0CBF6FF077004FF0FF30F1E713B532
:1031F00080240094FFF7CEFF02B010BD0069CBB26F
:1032000000EB4310002110471046F6F7F3BFF2F72A
:10321000CFBFF2F779BF8022EFF7E2BB084608B5CF
:103220001146F2F78DFD002818BF6FF0040008BDAD
:1032300008B500F028FD002818BF6FF0040008BD95
:103240002DE9F3411C460023904682682360A36069
:103250000D465369694601AA9847019B5A1E01927F
:1032600023B96FF0150002B0BDE8F0810098A268A4
:1032700047682168676085B9A8EB02030668B34216
:1032800028BF334603FB07111A442160A26002687D
:103290009A4206D808300090DFE76B1AB3FBF7F3C9
:1032A000ECE70020DFE713460022FFF7C9BF2DE956
:1032B000F0470024836886B0884691465B6902AA7D
:1032C00001A99847A2462546029BAB4202D806B008
:1032D000BDE8F0870026019F07EBC5077B680493D4
:1032E0003A680AEB0603B24202D89A460135EBE788
:1032F00049460394059303A8C0470028E7D0049BE0
:1033000001361C44ECE710B50C4600F025FE002306
:10331000C4E90003184610BD38B505460C4600F058
:103320001BFE002D07DBA84205D9401B84428CBF41
:103330000020012038BD0020FCE770B50C4619467E
:10334000204616461D46FFF7E7FF28B929462046C6
:10335000BDE87040EFF74CBD5DB1B4F5004F2A46B3
:103360002146304603DABDE87040FFF7F9BE01F0B0
:10337000C9F9002070BD436824330B60012313603A
:103380007047436800201B6AC1E900307047F6F7B8
:1033900031BF4FF0FF324FF0FF33F6F7A9BFF0B562
:1033A0008FB04468D0F810C00020DDE914658DF8B6
:1033B00000100121CDE90950CDF801008DF805007C
:1033C000D007CDE90716CDE90B1602F08007CDF83E
:1033D00018D00D9514D59CF814201BBAD10704936E
:1033E00057BFBDF81130CDF80130ADF801309DF870
:1033F00013304EBF05238DF80330042307930B933E
:1034000006AB0293211D0AAB7FB1002D14BF02222F
:103410000122CDE9032302230593206883681C68F9
:10342000002302AAA0470FB0F0BD0122CDE903237B
:1034300002230593206883681C6804ABF1E71FB57D
:10344000012301930DF10F030093002305211A4678
:10345000FFF7A5FF08B99DF80F0005B05DF804FB64
:103460002DE9FF41064615461C4601270DF10F08C0
:10347000002305211A463046CDE90087FFF78FFF6C
:1034800040B99DF80F30DB0704D528462146F8F7F0
:1034900043FDEDE704B0BDE8F0812DE9F3471F4699
:1034A00043680D1E064690461B6A4EDBEA199A4297
:1034B0004BD80069FFF76DFF4FF000090FB93C468C
:1034C0003CE0B7F5807FBA4628BF4FF4807A2A46A1
:1034D0000AEB0503002D03F1FF334FEA1323B8BFB6
:1034E00005F1FF02B3EB222F08D06B42DBB25FFA8B
:1034F00085FA58BFC3F1000ACAF5807A00238022FA
:1035000006213046CDE90099FFF749FF0446A8B9E6
:103510002B46812202213046CDE9008AFFF73FFF8A
:10352000044658B9012200233046FFF799FFA7EB64
:103530000A070446D04455440028BFD03069FFF73D
:1035400026FF204602B0BDE8F0876FF01504F8E7CB
:10355000F7B51E4643680D1E044617461B6A14DB6A
:10356000AA199A4211D80069FFF713FF2B460122CE
:1035700003212046CDE90076FFF711FF05462069BB
:10358000FFF705FF284603B0F0BD6FF01505F9E71A
:10359000F7B54468054694F838309A0744D507696A
:1035A00000F0DDFF4FF47A76A0FB063206FB012225
:1035B000DB0B43EA42433A699B1A13D4628EA68E10
:1035C0009B1AB3420EDA4FF4004740F2E730002175
:1035D000F61A4FF47A720023E6FB0701D5F708FBD1
:1035E000F8F79AFC94F8383013F004031CD18022C9
:1035F000AB212846CDE90033FFF7D1FEA8B994F8F6
:1036000038309B0710D540F2E7314FF400450E46A5
:103610000146E48E4FF47A72E5FB046100233046E4
:10362000D5F7E6FAF8F778FC002003B0F0BD436860
:1036300000205B681B690B607047436802EA010069
:103640005B6821EA020198600020D96070474368F6
:1036500000205B6899607047436800205B68D96010
:10366000704743685A68536821EA03000B40906032
:103670000020D3607047F3F7CBB930B543681360CF
:10368000057A446804EBC504A34202D36FF001003D
:1036900030BD5C798C4201D00833F0E70020F7E7B9
:1036A00043681B68D3F88004C3F8800470474268FD
:1036B0001368D3F8100150B10020D26912780A7053
:1036C000C3F81001D3F8102101221A6070474FF09F
:1036D000FF307047002A0FDD42681368D3F81001ED
:1036E00058B10020C3F81001D3F810010120D269AD
:1036F00012780A70186070470020704710B5436850
:103700001C680369EFF31180202282F31288BFF353
:103710006F8F1A68D17B39B9917301221B68DA73F4
:103720004FF48003C4F8043380F31188BFF36F8F24
:1037300010BD03691A68D17B21B101219173002268
:103740001B68DA737047026903461168C87B40B191
:103750005B681B68D3F8580118B100230B6113682C
:103760009889704743681B68D3F81001003818BF68
:103770000120704743681B68D3F80423D2065CBF5E
:103780001022C3F80423704743681B68D3F804234E
:10379000D20644BF1022C3F8082370474FF40072CA
:1037A00043681B68C3F8042370474FF400724368F2
:1037B0001B68C3F80823704738B5436804461D6882
:1037C000D5F804335B0205D4D5F8040310F01000DB
:1037D00006D138BDFFF7B7FF0028F5D00120F8E784
:1037E0002046FFF7BFFF003818BF0120F1E7012096
:1037F00070470369186801601B685A607047026867
:103800000346D2F8580140B95B68DB0706D4D2F80A
:103810002001003818BF012070470120704710B404
:10382000436802691B68D3F80413C90517D5D3F898
:103830002011A1B1EFF31181202484F31288BFF38A
:103840006F8FD3F8204134B10024C3F82041D3F85E
:1038500020410124DC6081F31188BFF36F8F116870
:10386000D3F8584171B184B100240C611168C97B4F
:1038700019B94FF48001C3F8081311688C7B24B187
:1038800000238B735DF8044B7047D3F8241121B1EA
:103890000021C3F82411D3F8243112681368002BD7
:1038A000F0D051685DF8044B184713B501AA0446DF
:1038B000FFF7E3FE002805DB019B226819791868F1
:1038C000EFF776FF02B010BD2DE9F041066905461D
:1038D000336801279C8910339442A8BF1446D3E86B
:1038E000EF2F002A03D1C3E8E07F0028F7D10CBFF7
:1038F0003B4600232BD133682246986800F002FF34
:10390000EFF31188202383F31288BFF36F8F696868
:103910000846FFF774FF326840B90446106188F327
:103920001188BFF36F8F2046BDE8F0810B68926865
:10393000C3F844250022C3F84845C3F82021D3F832
:103940002011C3F85821D3F858219F60E7E71C469F
:10395000E9E7FEF7A2BA002201210B20EEF7B0BA88
:1039600010B50B6813B91846136005E003685C686E
:103970001CB114600368186810BD083303600B683D
:10398000013B0B60EDE713B501AA0446FFF775FE96
:10399000002805DB019B226819791868EFF708FFFA
:1039A00002B010BD10B504460068D0B1037DC3B1AC
:1039B00049B101210830F0F7A1F823681869BDE882
:1039C000104000F078BC12B98388DB0409D4006988
:1039D00000F071FC20680021BDE810400830F0F7CD
:1039E0008DB810BD10B5012200210446FFF7DAFFA3
:1039F000A36933B9636004F11000BDE81040F6F725
:103A0000F9BB10BD10B50069C36A8B420AD1826A46
:103A100093420AD190F8884054B92830FFF7E2FF6A
:103A2000204610BD6FF07700FBE76FF01500F8E758
:103A30006FF00F00F5E738B505690446A96505F193
:103A40004800F6F7D7FB002285F888202069114648
:103A5000BDE838402830FFF7A5BFF0B50469064639
:103A6000226F4568A36F85B07ABB002B4ED02D8D99
:103A7000E06E9D4228BF1D46676F636F5BB1A26F0A
:103A80004AB107F06042B2F1005F04D0082D28BFB0
:103A90000825D4F89070E26EC4F884501AB1226FF1
:103AA000002A18BF2A4601921BB1A36F002B18BF32
:103AB0002B46694600900022204603930297F3F7B5
:103AC0009BFB014618BB05B0F0BDE16E676F084671
:103AD0002D8DBBB1934228BF13469D4228BF1D4682
:103AE0000029CAD001F06043B3F1005FC5D0082DB2
:103AF00028BF0825D4F88C002A4600F003FED4F82D
:103B00008C00BAE7954228BF1546E9E719463046CA
:103B100005B0BDE8F040FFF78EBF0123F0B587B0D8
:103B20008DF80230022300278DF804306B44039394
:103B30000E4601AB0DF10301054602910493059772
:103B4000F2F7ACFE041E0BDB3146284603AAF2F75F
:103B50008DFC041E07DA28469DF80310F2F77EFE5E
:103B6000204607B0F0BD3C46FAE7002201210920BB
:103B7000EEF7A6B913B501AA0446FFF77EFD0028AB
:103B800005DB019B226819791868EFF711FE02B076
:103B900010BD08B50069036A8B4207D1036B1BB9DE
:103BA00043622830F6F726FB002008BD6FF01500B1
:103BB000FBE70378012B06D10B6942689A6403F195
:103BC0003800F6F717BB704710B551F8143C0C4697
:103BD00058684FF400112830F0F794FBA4F110005E
:103BE000BDE81040F6F706BB08B5F0F7DBFE08BDF0
:103BF00000F061BB00F028BC0121F1F78FBC00216F
:103C0000F1F78CBC03780BB1F1F724BE704708B50F
:103C100000F039F848B1002383F31188BFF36F8FA8
:103C20000423184602DF6FF0040008BD0A46012194
:103C3000FEF733B900B589B006AB029308230393AE
:103C400001AB049304230791CDE9053004AA18467B
:103C500002A9F2F74FF80228019B09D003280AD0E5
:103C600060B9181E18BF0120404209B05DF804FB7E
:103C70006FF01500F9E76FF08500F6E74FF0FF30C1
:103C8000F3E7002070470020704710B588B01C464D
:103C900005AB01930C2302930423CDE90612CDE971
:103CA00004300DEB030103AA0020CDF80CD0F2F78D
:103CB00021F8009B236008B010BD03460020184780
:103CC00000F0F9BA024610B5116891B1B1FA81F36A
:103CD000C3F11F000123834021EA0303D2E8EF4F21
:103CE0008C4204D1C2E8EC3FBCF1000FF6D1EBD11D
:103CF00010BD6FF00B00FBE710B50368CB40DB078E
:103D000010D401238B40026843EA0201D0E8EF4F50
:103D1000944204D1C0E8EC1FBCF1000FF6D1F2D1FF
:103D2000002010BD6FF01500FBE770B5D0F88030B3
:103D30000646002B0C46154613DBD1F88030002BCD
:103D40000FDB00210846F2F74FF848B92B7843F013
:103D50000043C6F880302B7843F00043C4F880302D
:103D600070BD6FF01500FBE708B5F2F789F9BDE803
:103D70000840F2F739BA430903BF4FF0FF3323FA83
:103D800000F000F0010000207047C9B200EB4100D4
:103D9000808AC0F340107047C9B200EB4100808AAE
:103DA000C0F34000704708B50A460346FFF7F4FF2A
:103DB00018B111461846FFF7E8FF00F0010008BDF2
:103DC00070B5CBB2083330F813301646DA05044626
:103DD0000D4609D5C3F3432300EBC302314650F827
:103DE0003330526828469847A3682BB1314628469D
:103DF000E268BDE87040184770BD2DE9F3411746F1
:103E0000DDE90858019001A80C461E46F2F738FA81
:103E1000019B391E18BF012100EB8300231E18BF30
:103E20000123002E43EA410314BF0C210021002D81
:103E300043EA010314BF4FF4E0610021B8F1000F21
:103E400043EA010314BF4FF440310021D0F80022AF
:103E50000B4322EA030304B124780FB13F787F00BB
:103E60001C430EB13678B6003C438DB12978090267
:103E70003443B8F1000F03D098F800804FEA0848A7
:103E8000214341EA0801C0F8001202B0BDE8F08108
:103E90002946EDE71FB50DF10F03019300238DF8BF
:103EA0000F101A4619460093FFF7A7FF05B05DF8FB
:103EB00004FB2DE9F04700250446884617462E46A8
:103EC0004FF00109AA46BE420CD1D4F87C3133B17F
:103ED0000023C4F87C31D4F87C3145F000452846F5
:103EE000BDE8F087F0B2F2F7F9F9A0F580739B080E
:103EF00009FA03F318EA030F05D022581AB144F85F
:103F000000A022581D430136DDE708B502460B46E6
:103F1000FFF73BFFC0B119461046FFF73DFF98B9C8
:103F2000DBB202EB4303998A01231068490B8B40F3
:103F3000C0F80833136803EB8103D3F8102522F08F
:103F40000302C3F8102508BD1846BDE8084000214B
:103F5000FFF7A0BFF2F720BA4FF4801070474FF47C
:103F6000805070474FF48070704770B50126A2F5FD
:103F70008074A40806FA04F4054614EA010008D087
:103F8000A85830B100213046A950AA581A682243D7
:103F90001A6070BD00232DE9F34104460D460193DC
:103FA000904601AB4FF4A672FFF7DFFF4FF4827229
:103FB00029462046FFF7D9FF4FF48C720746294661
:103FC0002046FFF7D2FF064630B1B8F1000F1DD0F2
:103FD00017B13E46D4F83C354FF488722946204646
:103FE00001ABFFF7C2FF30B1B8F1000F03D016B933
:103FF0000FB1D4F83C354FF490722946204601ABFE
:10400000FFF7B3FF019802B0BDE8F0814646E3E751
:1040100070B54B7F04460D467BB101236426436196
:10402000002202212046FFF7B5FF20B90120FFF74B
:1040300047FE013EF4D100236B77AB7F5B0744BFA3
:104040000023C4F8003570BD07B5019001A8F2F750
:104050001BFF0123019A9340836003B05DF804FBCA
:1040600007B5019001A8F2F70FFF0123019A9340D1
:10407000C36003B05DF804FBF8B50B7C0746032B67
:104080000C465DD8CE7D0568DEB93246A068334661
:104090003146F3F723FA6068421C04D033463246B7
:1040A0003146F3F71BFA2068431C04D00022E37C5E
:1040B0001146F3F713FA0023A27C1946E068F3F7E0
:1040C0000DFA237E5BB9D4E901102268E368C5F8D4
:1040D0000805C5F81015C5F80C25C5F81435637C1E
:1040E000227C003B18BF0123022A23D0032A24D0BC
:1040F000012A01D143F00203C5F85435237DC5F8E8
:104100005C35637DC5F8C0350023C5F80431D5F8AA
:104110000421C5F82831D5F82831D5F8003243F00C
:104120000403C5F80032386840F30730EDF798FE15
:104130000120F8BD43F00403DEE743F00603DBE7AC
:104140000020F6E700207047F3F788BB022904D06F
:10415000042906D0012900D17047806808B1F1F721
:1041600089B87047F3F79EBB002210B504689442EB
:1041700000D110BD00EBC2014B68013223F0FF03F8
:1041800043F003034B60F2E70420F2F7B1BD0420D3
:10419000F2F7CCBD08B5F2F767FDBDE80840F4F7CB
:1041A00039BF38B505460024031D2A68A24201D84C
:1041B000002319E04FF00002D3E8CF0F032804D109
:1041C000C3E8CC2FBCF1000FF6D102D00833013484
:1041D000EBE7642202FB04130021184600F0B9FA51
:1041E000034605EBC404A060184638BD083070478C
:1041F00070B506460D4621B9F3F75AFB90B9002079
:1042000070BD0846F1F72EF804460028F7D0304676
:10421000F3F74EFB38B92046F1F72CF80120F1F7FF
:1042200005F8ECE72C460661C56040F8084FE7E763
:1042300040EA0141104640F8081DF3F745BBF3F78B
:104240003DBBF1F70FB808B5F1F714F8BDE8084029
:104250000120F0F7EBBF70B504460E4600F025F8DC
:104260000546206808B1FFF7EAFF48F202039E42C4
:1042700018D048F209039E4214D048F201039E422E
:104280000BD16B684BB104F1140204F1380152F800
:10429000040B8A4243F8040BF9D12046BDE8704074
:1042A00000F005B863696B60F7E7C06870470269A2
:1042B000C3681A60704708B1EEF79ABA7047C368CE
:1042C0005B78DB0701D4F4F707BF6FF07700704726
:1042D00040B1C368587810F001001EBF1878B0FADA
:1042E00080F040097047EFF31183202383F3128895
:1042F000BFF36F8FFEE710B400F10C04C0E9034474
:10430000002444615DF8044BE6F748BA13B5012474
:104310000094F5F79BFA02B010BD90F90E308B4275
:1043200001D0F7F73DBA0020704703460020C3E9EB
:104330000033C3E90200704710B5044630B102688B
:10434000930703D0446809B100F0A1F9204610BDDD
:10435000012307B5009300230A461946F5F700FE2E
:1043600003B05DF804FB3AB18A4205D3C0E90212FA
:10437000C0E90000002070476FF01500704701236E
:1043800002688B4022EA0303036022FA01F000F086
:104390000100704710B5032104460C30FFF7EFFF12
:1043A00030B104F11000F8F73FFBB0FA80F040099B
:1043B00010BD28B1002200F58A701146F7F77CBFC6
:1043C000704770B5C3680446C3F340069B0716D414
:1043D000856802210C30FFF7D2FF80B1D5F80C219F
:1043E0006AB194421DD122689EB9D5F81031C5F842
:1043F0000C219C4201D1C5F8102100232360E36801
:1044000013F01F001EBF43F00203E36040F0020000
:1044100070BD3260D5F81021944208BFC5F8106114
:10442000EBE716461268DBE710B5F6F749FA041E0B
:1044300008DDEFF31180202383F31288BFF36F8F21
:10444000F7F732FB204610BDEFF30580003818BFA8
:104450000120704784307047002310B58B4202D191
:104460000020136010BDC45CAA2CF9D10133F5E71C
:104470000A46D0E92A01FFF7EFBFD0E90032136006
:104480005A600023C0E90033704738B504460D4632
:10449000F6F7DEFD637B43F002036373E5B1A560CD
:1044A0002B689D4209D16B68C4E900531C606C60A5
:1044B00012E06A689A42F6D01B68002BF3D094F998
:1044C0000E2093F90E108A42F3D09142F1DD5A6822
:1044D000C4E9003214605C6038BD01211838F7F778
:1044E0002FB810B50446F6F7E3FF04F11800BDE855
:1044F0001040F8F799BA38B5054604680020AC4278
:1045000000D138BD002CFCD02046FFF7EAFF204642
:10451000F6F786FE2C680120A542F1E70022F8F7A5
:1045200097B80122F8F794B808B50246F8F772F97F
:1045300070B1D0E904319B1A61EBE272B3F1004F24
:1045400072F1000104DA002AACBF1846002008BD51
:104550006FF00040FBE708B5F8F768FB08BDF8F717
:1045600065BBB3F1FF3F08BFB2F1FF3F70B5064630
:104570001D46144614D01A4316D0002B08DBF8F75A
:1045800055FB041941EB0501C6E90041304670BDF9
:104590006FF001031C1B4FF0FF3363EB0501F3E7E2
:1045A0004FF0FF342146EFE70024FBE7B3F1FF3F74
:1045B00008BFB2F1FF3FF8B5074616461C4610D0BB
:1045C00054EA020311D0F8F731FBB0420A46A14188
:1045D00003460AD2F31A64EB0204C7E900343846F2
:1045E000F8BD4FF0FF331C46F7E70023FBE700233D
:1045F000C0E9081200F11802C0E90622C0E9003340
:1046000003634363704710B50446F8F70DFAA8B981
:10461000636A0BB12046984704F11800F7F772F867
:1046200060B1F6F7FDFDEFF31180202383F31288CC
:10463000BFF36F8FBDE81040F7F736BA10BD10B565
:104640004B68D0E9194212F0010F03EA040301D0CC
:104650009C4210D17BB14366520744BF8A681A431B
:104660000B6848BF8A6003660123086080F86C30DD
:104670001830F8F7D9F9002010BD0A46F8F75EBCEB
:104680000A460021F8F75ABC5200F8F7ABBC20B13B
:10469000011F50F8040CF5F741B8704770B5A0FB46
:1046A000015424B92846F8F7F3FD064610B9002650
:1046B000304670BD2A46214600F04BF8F8E77047B7
:1046C0000A220021F9F720BEC9B20346024410B500
:1046D0009342184601D1002003E0047801338C4254
:1046E000F6D110BD0139024410B5904201D100202D
:1046F00005E0037811F8014FA34201D0181B10BD4B
:104700000130F2E70A44431E914200D1704710B5D0
:1047100011F8014B914203F8014FF9D110BD8842C5
:1047200010B501EB020402D98442234607D8431E88
:10473000A14208D011F8012B03F8012FF8E7024439
:1047400001468A4200D110BD13F8014D02F8014D17
:10475000F7E702440346934200D1704703F8011B78
:10476000F9E72DE9F04F85B00C469046194657EC15
:10477000106B002F3B46DDE90E9BBCBF07F10043E9
:1047800032462BF0200AAFBF00231F4616462D23CA
:10479000BAF1460F0B7005D0BAF1450F00D10134C4
:1047A000022100E0032103AB2246019302AB47EC58
:1047B000106B00934B46D6F71BFABBF1670F05460B
:1047C00019D118F0010F0ED005EB040800220023C8
:1047D00030463946D4F7DCF808B1CDF80C803022E9
:1047E000039B434521D3039B2846109A5B1B136010
:1047F00005B0BDE8F08FBBF1470FE2D0BAF1460F2C
:1048000000EB0408E2D10378302B0AD10022002308
:1048100030463946D4F7BCF818B9C4F10104C9F8D8
:104820000040D9F800309844D0E7591C03911A7021
:10483000D6E7F7B500290270BABF49422D232B23D2
:104840000929437028DD0DF107030A271D461A4682
:10485000013BB1FBF7F607FB1614303402F8014CAC
:104860000C463146632CF2DC3031941E03F8011CF7
:10487000411C2346AB420AD30DF109039B1AAC42FB
:1048800088BF002302330344181A03B0F0BD13F8A5
:10489000016B01F8016FEDE7302330318370031DA8
:1048A000C170F1E72DE9F047164698468A68074639
:1048B0000B690C46DDF820909342B8BF1346336075
:1048C00091F843200AB1013333602368990642BF4F
:1048D000336802333360256815F0060506D104F10C
:1048E000190AE36832689B1AAB422BDC94F8433018
:1048F0002268003B18BF0123920630D404F1430222
:1049000041463846C847013023D023681A3454F84A
:104910000A2C03F00603042B0ABF54F80E5C002592
:1049200033684FF0000608BFED1A54F8123C08BF78
:1049300025EAE5759342C4BF9B1AED18B5421AD11A
:10494000002008E00123524641463846C84701305E
:1049500003D14FF0FF30BDE8F0870135C1E7E11822
:104960005A1C30200233224481F8430094F8451049
:1049700082F84310C2E70123224641463846C84721
:104980000130E6D00136D9E7024610B51478134657
:104990000132002CFAD1013B11F8012B03F8012F51
:1049A000002AF9D110BDC9B20346184613F8012BED
:1049B00012B18A42F9D17047002918BF0020704710
:1049C000034611F8012B03F8012B002AF9D1704797
:1049D00010B56AB10139841810F8012B11F8013FA4
:1049E0009A4203D1A04201D0002AF5D1D01A10BDBD
:1049F0001046FCE70139034610B532B111F8014FFA
:104A0000013A03F8014B002CF7D11A4400219342DC
:104A100000D110BD03F8011BF9E70246014410B5AF
:104A20008A42134603D01C780132002CF8D1181AA0
:104A300010BD0A7870B56AB970BD9A4209D10C46AA
:104A4000054614F8013F002BF6D015F8016F9E4281
:104A5000F7D001300378002BEFD11846ECE770B5A2
:104A600004460D46164645EC104BFAF713FD51EC83
:104A7000100B7EB1C5F30A53C3F16B03002B09DDA4
:104A80001B05002403F17F55224605F540152B46F2
:104A9000D3F716FD41EC100B70BDF9F7B7BBF9F772
:104AA0003DBC30B514469BB005461A46002C05DACD
:104AB0008B2303604FF0FF301BB030BD4FF4027307
:104AC000009104916946ADF80C3014BF04F1FF3336
:104AD0002346029305934FF6FF73ADF80E301E9BED
:104AE000FAF7A4FD431CBCBF8B232B60002CE3D042
:104AF000009B00221A70DFE72DE9F74F0369074694
:104B00000C69A342C0F28380013C00F1140501F15D
:104B10001408A30055F8242008EB8409009305EB42
:104B20008403019358F8243001339A42B2FBF3F620
:104B300031D34FF0000AC446AE46D3465CF8043B7E
:104B400098B2E1454FEA134306FB00A04FEA10423A
:104B500080B206FB0323DEF8002092B24FEA134A2C
:104B6000A2EB00029BB2DEF800005A44C3EB2243E2
:104B700092B203EB104342EA03424FEA234B4EF852
:104B8000042BDBD2009BEB582BB9019B043B9D42CD
:104B90001A4630D33C61384600F0A0FA002826DBE4
:104BA0002946002058F8042BD1F800C01FFA82FED5
:104BB000C1451FFA8CF34FEA1242A3EB0E030344E4
:104BC000C2EB23429BB202EB1C4243EA02434FEA90
:104BD000224041F8043BE5D255F8242005EB84033C
:104BE00022B9043B9D421A460BD33C610136304644
:104BF00003B0BDE8F08F1268043B002ACAD1013C23
:104C0000C5E71268043B002AEFD1013CEAE7002027
:104C1000EEE7B1F90C202DE9F041170705460C46E7
:104C200056D44B68002B02DC0B6C002B3DDDE66A92
:104C3000002E3AD0002312F480522F68216A2B6094
:104C400025D0626DA389580705D56368D21A636BB6
:104C50000BB1236CD21A216A0023E66A2846B047BA
:104C6000411C24D00023636023692360A389DA04F4
:104C700000D56065616B2F60B9B104F144039942BE
:104C800002D02846F8F7E8FB002363630DE0012318
:104C90002846B047461C0246D4D12B68002BD1D001
:104CA0001D2B01D0162B2AD12F6000202EE02A6860
:104CB000B4F90C3042B11D2A01D0162A21D10023AB
:104CC000636023692360D5E7626022692260CEE7D2
:104CD0000F69002FE9D093070E680F600CBF4B6976
:104CE0000023A6EB07088B60B8F1000FDDDD43461B
:104CF0003A46216A2846A66AB047002808DCB4F97B
:104D00000C3043F040034FF0FF30A381BDE8F08149
:104D10000744A8EB0008E7E770B568234D1E0E4670
:104D20005D4305F17401F8F715FC044640B100211C
:104D300005F16802C0E900160C30A060FFF709FD1C
:104D4000204670BD2DE9F8430646884600F1480428
:104D50000027D4E90195B9F1010905D52468002C93
:104D6000F7D13846BDE8F883AB89012B07D9B5F9EF
:104D70000E30013303D029463046C047074368351B
:104D8000E9E703694A11B3EB611F2DE9F04304DC45
:104D9000002303610023436131E000F1140411F0AA
:104DA0001F0104EB830604EB82050CD100F1100710
:104DB0002946B14231D39B1AEA1E9B00964238BF66
:104DC0000023234415E054F82270C1F1200805F1B6
:104DD000040EA146CF407645F44612D89A1A013502
:104DE0009200043AAE4238BF0022A318A75007B180
:104DF00004331A1BA3424FEAA2020261CAD0BDE8E3
:104E0000F083DCF800C00CFA08FC4CEA070749F80C
:104E1000047B5EF8047BCF40DDE751F804CB47F814
:104E200004CFC6E7A0F13003092B02D82038C0B266
:104E30007047A0F16103052B01D84738F7E7A0F1CF
:104E40004103052B01D82738F1E700207047C2F154
:104E50000802920070B5C2F120064368046803FAA4
:104E600006F5D3402C43046040F8043F8842F4D355
:104E700070BD0368013330B511F8014B14B90360FC
:104E8000012030BD13F8012BA2F14105192D98BF67
:104E90002032A242F0D00020F3E70B6801682DE930
:104EA000F04F5E1113F01F034FF0000587B002EBC7
:104EB000860682469046AB4618BF0436019302959B
:104EC000371F46F8045CB9463C464B1C4A780393AE
:104ED00042B3104605910492FFF7A4FF002851D178
:104EE000049A0599202A18D8029B9B4513DD4C454E
:104EF00006D2072D04DC2A4649462046FFF7A7FFC5
:104F0000444551D90023A4F10409CDF808B044F870
:104F1000043C1D464C460399D7E7292A56D1023155
:104F2000CAF80010BBF1000F50D04C4506D2072D37
:104F300004DC2A4649462046FFF789FF444535D917
:104F4000A8F10402234653F8041B9F4242F8041FB1
:104F5000F9D23B1B033E0134002223F00303043348
:104F6000B44288BF0423434443F8042B9F42FBD23E
:104F70003B681BB9474527D101233B60052007B09B
:104F8000BDE8F08F01350BF1010B082D05DD44451F
:104F9000C1D90023043C01252360226800F00F00E2
:104FA00040EA02102060B6E70825B4E7019B002B19
:104FB000DED0C3F120034FF0FF32DA4056F8043C54
:104FC000134046F8043CD3E7043FD1E70420D6E77A
:104FD00070B50C46B1F90E1096B0154600291E4664
:104FE0000CDAA389002113F0800F14BF40234FF483
:104FF0008063002031602B6016B070BD6A46FBF7FD
:105000004DF80028EDDB019901F47041A1F5005342
:10501000594259414FF48063EBE782B001B901A9CD
:1050200042B14BB113780B601278101E18BF0120EB
:1050300002B070471046FBE76FF00100F8E7B0F5EB
:10504000803F034636BF030400201020B3F1807F69
:105050003CBF1B020830B3F1805F3CBF1B01043032
:10506000B3F1804F03D3002B0ADB013070479B0064
:1050700001D5023070475B0001D503307047202016
:1050800070470368024613F007000BD0D90721D4FC
:10509000980747BF5B0801209B0802204CBF1360A4
:1050A0001360704799B209B91B0C1020D9B209B925
:1050B00008301B0A190704BF1B090430990704BFF5
:1050C0009B080230D90703D45B0800F1010003D02C
:1050D00013607047002070472020704703460A691C
:1050E0000069801A30B50ED11433143103EB8204F9
:1050F00001EB820154F8045D51F8042D954203D070
:1051000005D24FF0FF3030BDA342F3D3FBE70120BF
:10511000F9E72DE9F04F85B0CDE9001002A9FAF7C3
:10512000DFF903A9009855EC104BFAF7D9F9019B68
:105130002F4620461969009B1B69C91ADDE9023216
:105140005BEC10AB9B1AD94603EB4113002BCDBF90
:105150002A46C3EB03335A4602EB0357D8BF02EB90
:105160000359524639464B46D3F7D4FA41EC100B5B
:1051700005B0BDE8F08F013902F11403491170B593
:1051800001311469051F00EB810103EB8404A34284
:105190000CD3A31A1132113B23F00303A24288BFA0
:1051A000002318440023884205D370BD53F8046BD4
:1051B00045F8046FEBE740F8043BF4E700F1140214
:1051C0004B110069984210B511DB0ADD11F01F0187
:1051D00007D052F8234024FA01F000FA01F18C4282
:1051E0000BD102EB8303934203D8002010BD03468A
:1051F000F7E753F8041D0029F5D00120F6E738B58C
:1052000002FB01F52946F8F7A5F9044618B12A462C
:105210000021FFF79EFA204638BD2DE9F0471F46D2
:105220008E6882460C46BE4290460B682DD8B1F976
:105230000C2012F4906F26D06569096905EB4505CD
:10524000A3EB01097B1C05EBD5754B446D109D420A
:1052500038BF1D46530527D52946F8F77BF9064682
:1052600060B34A462169FFF74DFAA38923F490639E
:1052700043F08003A38126614E446561A5EB0905D7
:1052800026603E46A560BE4200D93E4632464146B3
:105290002068FFF744FAA36800209B1BA3602368E3
:1052A00033442360BDE8F0872A4600F054F90646EF
:1052B0000028E0D121695046F8F7CEF80C234FF0D2
:1052C000FF30CAF80030A38943F04003A381E9E727
:1052D00038B54B1C144603D14FF0FF35284638BD76
:1052E0009389CDB223F0200393815368526B8AB126
:1052F000A26B9A4208DD23685A1E226003F8015C03
:10530000636801336360E9E7214600F0E0F80028B4
:10531000F1D0E1E72169226841B1914206D212F849
:10532000011CA94202D1013A2260EAE7C4E90F2335
:1053300004F1440363630323A363234603F8465F36
:1053400023600123DEE710B50C46496B69B104F117
:105350004403994201D0F8F77FF80020236C606382
:10536000636013B1E36B236010BD23694FF0FF301E
:10537000236000236360A38943F02003A381F3E744
:105380009368013B002B936010B408DA9469A34240
:1053900001DB0A2903D15DF8044BF9F71DB9136845
:1053A000581C1060084619705DF8044B7047F8B53A
:1053B00006460F461446D518AC4201D1002007E03E
:1053C0003A4614F8011B3046FFF7DAFF431CF3D1CD
:1053D000F8BD70B50B78044601385E2B04F1FF056B
:1053E00013BF4A1C8A1C4B78002108BF012100F81A
:1053F000011FA842FBD10BB9501E70BD81F0010105
:105400001046E154024612F8015B2D2D05D05D2DAA
:1054100016D0002DF1D02B46F2E746785D2EFAD05B
:10542000B342F8DC02301A4601329642A154FBDC4A
:10543000F21A5D1C013AB342A8BF0022AB18E1E7A3
:105440001046DAE710B50C46B1F90E10FAF75AFE1D
:105450000028ABBF636DA3891B1823F48053ACBF36
:105460006365A38110BD002070472DE9F0411F4600
:105470008B8905460C46DB05164605D5022300221E
:10548000B1F90E10FAF72CFEA3893246B4F90E10CA
:10549000284623F48053A3813B46BDE8F041FAF748
:1054A000BDBD10B50C46B1F90E10FAF719FE431C3C
:1054B000A38915BF606523F4805343F48053A3810F
:1054C00018BFA38110BDB1F90E10FAF7D7BD2DE9B1
:1054D000F0410C46496B04F1440399421AD14FF450
:1054E0008061F8F737F818B94FF0FF30BDE8F08168
:1054F0004FF48063606300F2FD30A36394F846309C
:10550000837094F84530437094F844300370206001
:105510000020EBE7A66B77003A4600F01CF8054642
:105520000028E1D000EB0608014632464046FFF76E
:10553000E9F8C4F80080C4E90D57E9E703460846D6
:1055400041B1FF2A04D98A224FF0FF301A60704718
:1055500001200A707047F8B5074615460C4621B978
:105560001146BDE8F840F7F7F5BF22B9F7F774FF29
:1055700000242046F8BD00F013F8A842F9D22946CD
:105580003846F7F7E7FF06460028F1D021462A46BD
:10559000FFF7B8F8214638463446F7F75DFFE8E7ED
:1055A00051F8043C181F002BBCBF0B58C0187047A3
:1055B0000237FD7F010000001528020000000000F6
:1055C000E127020000000000E15802000000000096
:1055D00000000000B0560300B19602000000000079
:1055E00000000000D056030000000000F056030049
:1055F0000000000010570300892D02000000000089
:10560000F14B0200000000006928020000000000C9
:10561000D5CD0100000000002D4E0200000000006A
:105620000126020000000000833C0300000000008F
:10563000C1D202000000000000000000705703000B
:105640000000000030570300000000005057030026
:105650000F3C030000000000000000009057030012
:1056600011F00100000000007913020000000000AA
:10567000615502000000000075D500000000000028
:10568000D10001000000000029130100000000000B
:1056900059250100000000009157010000000000A2
:1056A000196E010000000000517C010000000000A4
:1056B00053D60400FC6C0300445B030010E9002097
:1056C00030420120812A020000000000F06C03003B
:1056D0002AD90400906D0300105B030018E9002034
:1056E000BC4201203537020000000000846D030039
:1056F0007ED6040000000000D85A030012E9002002
:10570000000000003132030000000000146D0300AF
:1057100063D90400B06D0300605B03001AE9002048
:105720008CE50020A939020000000000A46D0300F0
:10573000E8D6040000000000E05A030014E900204D
:1057400000000000192E020000000000206D030080
:1057500067DC0400F86D0300345B03001CE90020E3
:10576000B0E50020613B020000000000EC6D03008A
:10577000DBDE0400686E03003C5B03001EE90020D2
:1057800044E60020ED430200000000005C6E0300D0
:1057900005D80400406D0300F85A030016E9002004
:1057A000A44201207130020000000000346D0300AB
:1057B0000000000085300300000000008530030079
:1057C0000000000085300300000000008530030069
:1057D0000000000085300300693D0300BB3C03006E
:1057E0000000000085300300000000008530030049
:1057F000105703001F38030044E600204D760200D6
:105800000000000085300300B0E50020B173020005
:105810000000000085300300000000008530030018
:105820000000000085300300000000008530030008
:1058300000000000853003000000000085300300F8
:1058400000000000853003000000000085300300E8
:10585000000000008530030000000000E94902005C
:1058600000000000853003000000000085300300C8
:1058700000000000853003000000000085300300B8
:1058800000000000853003000000000085300300A8
:105890000000000085300300000000008530030098
:1058A0000000000085300300000000008530030088
:1058B0000000000085300300000000008530030078
:1058C0000000000085300300000000008530030068
:1058D0000000000085300300000000008530030058
:1058E0000000000085300300000000008530030048
:1058F0000000000085300300000000008530030038
:10590000696D0200BB3C030000000000853003000D
:105910000000000085300300000000008530030017
:105920000000000085300300000000008530030007
:1059300000000000853003001CE5002077360300DE
:1059400000000000853003000000000085300300E7
:1059500000000000853003000000000085300300D7
:1059600000000000853003000000000085300300C7
:1059700000000000853003000000000085300300B7
:1059800000000000853003000000000085300300A7
:105990000000000085300300000000008530030097
:1059A0000000000085300300000000008530030087
:1059B0000000000085300300A0F8002020900120A6
:1059C0000010000069090100000000000000000054
:1059D00000000000F5FFFFFF000000009923040015
:1059E000000000000000000048EE0020206C0120B4
:1059F0000010000061E40000000000000000000052
:105A000000000000F9FFFFFF00000000650E040029
:105A10000000000000000000B803012020B80120B1
:105A200000100000854A0100000000000000000096
:105A3000000000000500000000000000A74C04006A
:105A40000000000000000000A8F9002020A00120B4
:105A5000001800006D2B0100000000000000000095
:105A60000000000005000000000000007F3C040072
:105A70000000000000000000700C012020C8012080
:105A800000100000B96301000000000000000000E9
:105A9000000000000500000000000000A85B0400FA
:105AA000000000000000000060F70020208C0120B2
:105AB0000004000039FC00000000000000000000AD
:105AC000000000000500000000000000FB150400BD
:105AD00000000000000000001D3203000000000074
:105AE0003B330300D92E0200412E0200E92D0200B3
:105AF00007330300D92D0200513503009B34030006
:105B0000792F0200712F02008333030077330300E3
:105B1000AD3502002F3603003B3603004F3603003D
:105B2000593603006336030041340200613302003A
:105B300000000000013E0200053A03006945020032
:105B4000933B0300D92A020017320300EF31030010
:105B500000000000A9290200000000000000000071
:105B6000AF360300F1380200A1360300C938030044
:105B7000D5360300FD3603003337030047370300F3
:105B80007537030089370300473703006537030083
:105B90009D370300AB370300B9370300EF3703002D
:105BA000F337030086E5040003000000AEAB0400F9
:105BB0000300000070D604000300000081E404002C
:105BC000030000007CCA04000300000010D704009A
:105BD00003000000F5B0040002000000BDB10400A5
:105BE000030000007FB204000300000046E8040048
:105BF0000300000041D2040003000000B0E30400F1
:105C0000030000009CF3040003000000662404006D
:105C10000300000085BF0400030000008BBF0400E8
:105C20000300000064D50400030000001BD804003A
:105C30000300000075DC040003000000E9DE04003E
:105C40000300000068AE04000300000073D90400E4
:105C50000300000058690300D44101209FBF0400E5
:105C600000000000040000000F0000000100000020
:105C70000800000024000000700000008000000008
:105C80000D0000000C0000000E000000500000009D
:105C900084000000B800000008000000FFFFFFFFC4
:105CA00049000000FFFFFFFF96BF040008E5002049
:105CB000DC380120F8E4002002000000DC6803006A
:105CC000D8380120F068030098E900208BBF040059
:105CD0008027012020E00120046F0300C469030035
:105CE00030680300F8650300D06703008468030090
:105CF00050650300446903009C690300BC6703000E
:105D000078650300D869030088690300746903009B
:105D1000B069030064650300606703003C6503002D
:105D20000000000000000000000000000000000073
:105D300000000000F4890300FD890300000000005A
:105D400075C30000010A0000F2890300D289030034
:105D500000000000CDD20000010000008F5F0400B1
:105D6000935F04001C660300CD6501000100000084
:105D7000BC880300C188030000000000A5C8000023
:105D800001230000942704009D8703000000000009
:105D9000B9CF0000012300009C890300A7890300FC
:105DA000000000002DC40000010A0000DF8703008E
:105DB000E787030000000000E5CB0000012300009E
:105DC0003A8903004489030000000000E5C4000094
:105DD00001060000B18503000389030000000000F4
:105DE000D9C6000001060000E38A0300B28A03005E
:105DF000000000005901030001000000208B030097
:105E0000F38A0300000000004F01030001000000BE
:105E1000268A03002B8A03000000000035BD000025
:105E2000010A0000EE5F0400868A03000000000003
:105E300063010300010000002D7D0400638A03005C
:105E40000000000019BD000001000000000000007B
:105E50000000000000000000000000000000000042
:105E600099B40400A0B4040000000000E9E20100BD
:105E700000000000F975030036B6040000000000C1
:105E80006DE301000000000017B7040021B7040013
:105E900000000000C9E30100030000001B760300BE
:105EA000077904000000000005E301000200000083
:105EB00040B7040047B70400EC5E03000000000098
:105EC0000000000052B5040059B5040000000000B5
:105ED000019F000001010000CA750300B0B5040075
:105EE0000000000055E30100000000000000000079
:105EF00000000000000000000000000000000000A2
:105F00005BBA040060BA040000000000A9E70100C9
:105F100002000000FB83030036B80400000000000C
:105F20006DE4010000000000FAB9040001BA0400A9
:105F30000000000015E70100020000001EB9040087
:105F400025B904000000000091E5010000000000F8
:105F500097B904009FB904000000000081E6010029
:105F6000020000000000000000000000000000002F
:105F700000000000000000003DE801005DE80100B5
:105F8000FFFFFFFFFFFFFF7FFFC99A3B00000000FC
:105F9000FFFFFFFFFFFF0000CA529A3B0000000016
:105FA0000000000024170400010000003F17040057
:105FB00002000000541704000300000067170400EB
:105FC000040000007517040005000000831704009A
:105FD000060000009317040000100000AA17040038
:105FE00001100000C117040002100000D9170400BE
:105FF00003100000F017040004100000071804004C
:1060000005100000221804000610000031180400DA
:10601000071000004818040008100000621804006F
:10602000091000007A1804000A1000008E180400FD
:106030000B100000A51804000C100000BD1804008F
:1060400000600000CF18040001600000E7180400A1
:106050000260000001190400036000001819040028
:10606000046000002F1904000560000044190400BA
:10607000066000005A190400007000007619040040
:106080000170000086190400027000009F190400CE
:1060900003700000AD1904000A1A0000BB190400C7
:1060A0000B1A0000D81904000C1A0000FD19040096
:1060B000FFFFFFFF00000000000000000F170400BA
:1060C000010000001B170400FFFFFFFF000000009D
:1060D00000000000CB9C040001000000C916040071
:1060E00002000000FD160400FFFFFFFF000000009B
:1060F00000000000CB9C040001000000C916040051
:1061000002000000D1160400FFFFFFFF00000000A6
:10611000000000008916040001000000951604002C
:1061200002000000AE160400FFFFFFFF00000000A9
:10613000640000000E250400650000001B2504001B
:106140006600000029250400670000003E250400C9
:106150006800000054250400320000006725040098
:10616000330000007A250400340000008F2504006D
:1061700035000000A5250400FFFFFFFF0000000020
:1061800000000000F3750400010000000276040026
:106190000200000021760400FFFFFFFF0000000066
:1061A00000000000F78C0400010000000B8D0400CB
:1061B00002000000198D040003000000D78C0400C9
:1061C0000F0000000C8A0400FFFFFFFF000000002A
:1061D00000000000958C040001000000AE8C04005B
:1061E00002000000C28C040003000000D78C0400F1
:1061F00003000000EE8C0400FFFFFFFF0000000022
:1062000000000000608A040001000000688A0400A9
:1062100002000000898A040003000000AA8A04002A
:1062200004000000C38A040005000000DC8A0400AA
:1062300006000000F58A0400080000000E8B040030
:1062400009000000258B04000A0000003C8B0400BC
:106250000B000000588B04000C000000758B04003C
:106260000D000000918B04000E000000B18B0400B3
:106270000F000000D28B0400100000004B8A0400C5
:1062800011000000EA8B040012000000F88B0400EB
:10629000130000000F8C040014000000298C04007F
:1062A000150000003A8C0400160000004A8C04001F
:1062B00017000000628C040018000000768C0400B7
:1062C0003E0000000C8A04003F000000838C0400A4
:1062D000FFFFFFFF0000000000000000138A040021
:1062E00001000000248A0400020000003D8A04002E
:1062F000100000004B8A04001E0000000C8A0400FD
:10630000FFFFFFFF0000000000000000E489040020
:1063100001000000F58904001E0000000C8A040042
:10632000FFFFFFFF00000000A983020045410300BA
:10633000D98E0200510005005BD604005400050010
:106340001B5B4A00001B5B4800001B5B324A0000DD
:106350001B5B4A00001B5B6D00001B3700001B38F5
:1063600000001B5B3F336C00001B5B4800001B5BA5
:10637000324A00001B3700001B38000000000000FC
:106380000338FDD87047000078563412260000000C
:106390000100010000000000014B0000DA070000CE
:1063A000ABFFFFFFB9FFFFFFF4FFFFFF000000009E
:1063B0000000000000008106F4010101A025260074
:1063C0000404120400000000881300000000000014
:1063D000BC89D897B2D29C3C33A7A8D523F64939BB
:1063E0003DA7F444FD0FA5329D978CCF08BA5B25DD
:1063F000436FAC64280668110080E03779C34143DD
:10640000176E05B5B5B89346F5F93FE9034F384D1A
:10641000321D30F94877825A3CBF737FDD4F1575C6
:10642000000000000000F03F0000000000002440D9
:1064300000000000000059400000000000408F40B4
:10644000000000000088C34000000000006AF8401F
:106450000000000080842E4100000000D012634143
:106460000000000084D797410000000065CDCD41B9
:10647000000000205FA00242000000E8764837429A
:10648000000000A2941A6D42000040E59C30A24238
:106490000000901EC4BCD64200003426F56B0C43AD
:1064A0000080E03779C3414300A0D8855734764354
:1064B00000C84E676DC1AB43003D9160E458E143B5
:1064C000408CB5781DAF154450EFE2D6E41A4B442A
:1064D00092D54D06CFF08044F64AE1C7022DB5446F
:1064E000B49DD9794378EA44E0730300F073030064
:1064F000FC730300077403001F7403002974030076
:10650000357403004A7403005E740300EE710300E7
:10651000EE710300EE710300EE710300EE710300F3
:10652000EE71030069740300707403008774030044
:1065300099740300AB740300BE740300CA750300B2
:10654000D2750300000000002B01030001000000D1
:10655000F9750300FE750300000000000DBA00008D
:10656000010000001B7603002176030000000000FC
:10657000B5BA0000020000005D76030063760300F8
:106580008C65030071BC00000000000090650300F2
:106590008976030094760300B865030071BC00009F
:1065A00000000000000000000000000000000000EB
:1065B0000000000000000000BC65030023E70400A9
:1065C000BF7603000000000021BB000000000000B7
:1065D00031E70400E27603000000000005BB000084
:1065E00000000000000000000000000000000000AB
:1065F0000000000000000000318B0300368B030018
:10660000205D0300F1BC00000000000045180400FC
:106610009A5B0400F6920400A25B0400206603006B
:10662000EE5F0400D65F040000000000A56C0100CE
:1066300001000000F55F040002600400000000009B
:10664000A56B0100010600003A6004002A60040006
:10665000000000008D6B0100010000004660040096
:106660005260040000000000ED690100010C000010
:10667000796004008360040000000000D568010018
:10668000010B0000A0600400AB60040000000000EB
:10669000BD67010001060000C9600400D16004006C
:1066A00000000000F5650100010B00000000000083
:1066B00000000000000000000000000000000000DA
:1066C000FD850400158604001F8604003086040042
:1066D0004C8604006E8604008D860400A0860400AB
:1066E000B0860400DA8604000487040017870400DB
:1066F0002A8704004487040051870400808704002F
:10670000B2870400EB87040027880400E9850400B1
:10671000E9850400E9850400E9850400E9850400B1
:10672000E9850400E9850400E9850400E9850400A1
:106730004B880400568804006B8804009488040089
:10674000B1880400CD880400EE88040005890400A7
:10675000168904004C89040092890400DA89040037
:1067600041A304004DA304000000000001A30100A8
:106770000000000052000500780304002FAF040061
:1067800040230120000100007F1D0300451D030080
:106790000200000000000000D1B30400D9B30400DF
:1067A0000000000000000000000000004B02040098
:1067B000E1B30400E5B30400E9B304006CB40400E1
:1067C00073B404004C5E03000000000000000000F1
:1067D00067BB04003CBB0400E4670300000000004A
:1067E00000000000E8670300FB8303002468030047
:1067F000785F0300E1E80100010100004CBB0400E8
:1068000051BB04007C5F03007DE801000200000032
:106810000000000000000000000000000000000078
:1068200000000000C40BD2866EBB04009FBB0400B6
:106830005CBC040061BC040044680300000000006C
:106840000000000048680300F87303006FBC0400F8
:106850000000000091EA0100000000007FBC04007D
:1068600083BC040000000000F121030000000000D0
:106870000000000000000000000000000000000018
:1068800000000000EDBD0400F4BD040098680300A2
:106890009DEB0100020200009C680300B6BE0400EC
:1068A000BBBE0400000000005DEC0100050200001A
:1068B0004F2C0400F3BE04000000000039EF01007B
:1068C00002010000000000000000000000000000C5
:1068D00000000000000000003A000000304D0120E0
:1068E0001E000000E7290300A85C0300F0E400207C
:1068F000545C03001C690300C041012064000000D7
:1069000008690300844101208828012080000000DC
:10691000000000001522030002000000B32C030059
:10692000C8410120304D01201E00000049F0010047
:10693000632203003F22030085220300512203004B
:10694000000000008B770300DEC30400000000009D
:10695000CD000200010000006F2B0300472B030055
:10696000072D0300000000000000000000000000F0
:1069700000000000CDC50400D4C5040000000000E4
:10698000BD10020001000000D9730300FEC5040021
:10699000EC690300D511020001010000A3C6040048
:1069A000ABC60400000000007D10020001000000E2
:1069B000BCC60400C2C60400186A03000000000040
:1069C00000000000E8C60400EEC60400000000005D
:1069D000A111020001000000FCC6040000C7040071
:1069E00000000000EF2D030000000000F06903002C
:1069F00023C704002BC70400000000002D10020074
:106A00000100000000000000000000000000000085
:106A100000000000000000001C6A03006FC70400B3
:106A200078C70400000000002911020001000000E6
:106A300095C70400A4C70400BC6A0300000000005E
:106A40000000000054C804005BC80400FC6B030095
:106A5000000000000000000072C8040078C80400B4
:106A6000BC6B0300000000000000000020C1040017
:106A70008FC804007C6B03000000000000000000D1
:106A80009EC80400A3C804003C6B0300D910020098
:106A900001010000B6C80400BCC80400FC6A030081
:106AA00000000000000000000000000000000000E6
:106AB000000000000000000000000000C06A0300A9
:106AC000CEC80400D8C80400000000006F2E0300E8
:106AD0000100000010C9040017C9040000000000F4
:106AE000212E030001000000000000000000000053
:106AF000000000000000000000000000006B030028
:106B0000F67303004EC9040000000000F32D0300DB
:106B1000010000007CC9040081C9040000000000DD
:106B200059100200010000000000000000000000F9
:106B3000000000000000000000000000406B0300A7
:106B4000108D0300ADC9040000000000892E030071
:106B500001000000AAF40400ECC9040000000000D9
:106B6000D72E03000100000000000000000000001C
:106B7000000000000000000000000000806B030027
:106B8000108D0300FFC90400000000006D1002001A
:106B900001000000AAF404000FCA04000000000075
:106BA000152E03000100000000000000000000009E
:106BB000000000000000000000000000C06B0300A7
:106BC000108D03001ECA0400000000003B2E0300CD
:106BD00001000000AAF4040036CA0400000000000E
:106BE000BD2E0300010000000000000000000000B6
:106BF000000000000000000000000000006C030026
:106C0000108D03004DCA040000000000552E030043
:106C100001000000AAF4040065CA0400000000009E
:106C2000A32E03000100000000000000000000008F
:106C3000000000000000000000000000070000004D
:106C4000000000000000000000800000305703003A
:106C50000100000000000000008000003057030029
:106C6000020000000080000000000F003057030009
:106C7000030000000080000000000F0030570300F8
:106C80000400000000800F000020000030570300C7
:106C90000500000000800F000020000030570300B6
:106CA0000600000000A00F00006000003057030045
:106CB00040DB002000000000060001000200000090
:106CC000C46C030000000000EED3040002000000CA
:106CD000E0FF0F0028DB0020F6D3040021000000B5
:106CE000E0FF03206D290200592A02000000000085
:106CF000F46C0300010000005ED60400D12B0200FA
:106D00000D2B020064D60400133203000F3203007F
:106D10006AD60400186D03000100000086D6040046
:106D2000246D030001000000FFD6040004000000F1
:106D300000FF0000386D03000100000014D80400BB
:106D400050570300406BED070001010000000000F8
:106D50000000000000000000000000000000000033
:106D6000000004000400000000000100EF401500D6
:106D7000000001000000010002000000010000000E
:106D800000FF0000886D03000100000036D90400F8
:106D9000FFFFFFFF002584401CE5002000000000ED
:106DA00000000000A86D0300010000006DD9040080
:106DB000008000400100000000000000D06D0300D2
:106DC0000000D60100000000514D0120504D01206F
:106DD00000800040DC6D030001000000E46D030052
:106DE000020000001900000018000001F06D03000F
:106DF0000100000070DC040000127A0000000000B6
:106E00000000000000000000FFFFFFFF0000FF0087
:106E100000000000000000010100000057390300DD
:106E2000FF1F0000346E030000000000FFFFFFFFA3
:106E30000000000000B00040406E030001000000B0
:106E4000486E0300030000001D1800041B18000614
:106E50001C180005D05603001A000100606E0300E4
:106E600001000000E4DE040000000000000000005B
:106E700000000000000000000000000000FF000112
:106E8000010000006B3B0300FF1F00009C6E03002D
:106E90000000000000000000000000000090004022
:106EA000A86E030001000000B06E030004000000A3
:106EB0000700000708000008090000090A00000A8E
:106EC000008000202807000028870020803B000069
:106ED00028C300200018000000000000000000008F
:106EE0000100000059B80000D14C0200D056030048
:106EF00015000000D056030016000000D056030015
:106F0000170000008FE6040092E60400186F0300EB
:106F1000A9570200000000001C6F03001CE70400DA
:106F20000000000000000000815702000100000086
:106F30002AE704000000000000000000595702008A
:106F40000100000000000000000000000000000040
:106F50000000000000000000080000000100000028
:106F60000800000001000000218302000000000072
:106F70000000000057420300000000000000000075
:106F800000000000798A02000000000000000000FC
:106F9000000000000000000000000000F98E020068
:106FA00063F1040068F1040070F104007CF1040056
:106FB000E2F20400F0F2040004F3040013F304000E
:106FC0001FF30400B8550300C0550300005603002A
:106FD0001056030068560300B0560300B9F70400CA
:106FE00001000500E3F7040002000700BFF70400FA
:106FF00004000800C8F7040008000400CDF70400EE
:1070000010000900D7F7040020000800E0F7040092
:1070100040000A00EBF704008000060099FD040020
:10702000000100008813000028E700203400000061
:10703000CEFBFFFFCB0300000100000000000000BA
:1070400035000000CEFBFFFFCB0300000100000075
:107050000000000000000000000000000000000030
:107060000000000000000000000000000000000020
:107070000000000000000000000000000000000010
:107080000000000000000000000000000000000000
:1070900000000000000000000000000000000000F0
:1070A00000000000000000000000000000000000E0
:1070B000000000006C08040008F4040000E900204F
:1070C00005000000190000007D0000007906900610
:1070D00000000D020000000000000000A7060000F4
:1070E00000000000000000000000000000000000A0
:1070F0000000000000009B068D06A4060000270289
:107100000000000000000000AF06000000000000CA
:10711000000000000000000000000000000000006F
:107120000000AF06000088000801900118029802D4
:10713000180398032804A8042805A8052806A8060B
:107140004807C807200028012802380348044805DA
:107150004806480738083809380A380B380C380D03
:10716000780E780F3800C8015803E8046806E8076D
:107170003809B80A780CF80D780FE010A012201426
:10718000A015FFFF58006802680488067808780A8E
:10719000780C780EA010A012A014FFFFFFFFFFFFD5
:1071A000FFFFFFFF9000A803C806B809B80CB80F8E
:1071B000E012E015FFFFFFFFFFFFFFFFFFFFFFFFF4
:1071C000FFFFFFFF0A0032006400F401E803DC0562
:1071D000D007A00F401F803E007D32006400F40104
:1071E000E803DC05D007A00FEAFF7AFFF4FF556E35
:1071F0006B6E6F776E20726561736F6E004D6F649A
:10720000656D20637261736820726561736F6E3A99
:10721000203078257820282573292C2050433A20C7
:10722000307825780A00434D414B455F534F555206
:1072300043455F4449522F7372632F6D61696E2E0F
:107240006300415353455254494F4E204641494CE7
:10725000205B25735D20402025733A25640A0009D0
:107260004D6F64656D206372617368206465746539
:10727000637465642C2068616C74696E672061704A
:10728000706C69636174696F6E206578656375748D
:10729000696F6E0A00646573685F7368656C6C2063
:1072A000213D202828766F6964202A293029000989
:1072B0004661696C656420746F206765742073682B
:1072C000656C6C206261636B656E640A0050494EA8
:1072D000207265736574207C200077617463686434
:1072E0006F67207C200077616B6575702066726F18
:1072F0006D20706F7765722D6F6666207C2000644C
:107300006562756720696E74657266616365207772
:10731000616B657570207C2000736F667477617295
:1073200065207C2000435055206C6F636B75702086
:107330007C2000636F6E74726F6C20616363657391
:107340007320706F7274207C2000706F7765722DCF
:107350006F6E207265736574000A526573657420E0
:10736000726561736F6E3A2025730A0064657368F5
:107370005F636F6D6D6F6E5F776F726B7100436FE0
:10738000756C64206E6F7420696E697469616C69D4
:107390007A65206E72665F6D6F64656D5F6C6962A1
:1073A0002C206572722025640A00466174616C208D
:1073B0006572726F720A0043616E6E6F7420696E3F
:1073C000697469616C697A65204C4544732028654D
:1073D00072723A202564290A00726573697A650021
:1073E000556E646566696E6564206661756C7400CF
:1073F0004857205744207265736574004861726471
:10740000206661756C74004D656D6F7279206D61D9
:107410006E6167656D656E74206661756C7400429F
:107420007573206661756C740055736167652066BD
:1074300061756C740053656375726520636F6E745B
:10744000726F6C207265736574004572726F722082
:1074500068616E646C657220637261736800526566
:10746000736574206C6F6F70004173736572740084
:10747000556E636F6E646974696F6E616C205357EB
:1074800020726573657400466C6173682065726173
:107490007365206661756C7400466C617368207753
:1074A00072697465206661756C7400556E646572EE
:1074B000766F6C74616765206661756C74004F76D9
:1074C000657274656D706572617475726520666150
:1074D000756C7400686561703A206661696C6564FA
:1074E00020746F2072656164206B65726E656C201C
:1074F0006865617020737461746973746963732C57
:10750000206572726F723A202564006B65726E6539
:107510006C20686561702073746174697374696349
:10752000733A00667265653A2020202020202020D2
:1075300020202025366400616C6C6F636174656483
:107540003A202020202020253664006D61782E20EE
:10755000616C6C6F63617465643A202536640A005F
:1075600073797374656D20686561702073746174DC
:107570006973746963733A006D61782E2073697A58
:10758000653A2020202020202536640073697A6522
:107590003A20202020202020202020202536640092
:1075A000736C6565703A206475726174696F6E20E2
:1075B0006D757374206265206772656174657220F1
:1075C0007468616E207A65726F0076657273696F98
:1075D0006E005072696E74206170706C69636174C2
:1075E000696F6E2076657273696F6E20696E666F63
:1075F000726D6174696F6E2E006865617000507203
:10760000696E7420686561702075736167652073A9
:107610007461746973746963732E00736C6565704B
:1076200000536C65657020666F72206E2073656311
:107630006F6E64732E0054696D657374616D707341
:107640002064697361626C65640054696D6573746C
:10765000616D707320656E61626C65640070726943
:107660006E7400436F6D6D616E647320666F72207F
:107670007368656C6C206F757470757420666F72BA
:107680006D617474696E672E0074696D65737461E1
:107690006D707300456E61626C652F646973616221
:1076A0006C652074696D657374616D707320696EAB
:1076B000207368656C6C206F75747075742E00454E
:1076C0006E61626C652074696D657374616D707351
:1076D00020696E207368656C6C206F7574707574AA
:1076E0002E0044697361626C652074696D65737402
:1076F000616D707320696E207368656C6C206F75A6
:10770000747075742E005B253034642D253032641E
:107710002D2530326420253032643A253032643AE7
:10772000253032642E253033645D20004375747437
:10773000696E6720746F6F206C6F6E672073747250
:10774000696E67207768696C65207072696E74690C
:107750006E672E2E2E0A00556E6B6E6F776E207040
:1077600072696E74206C6576656C20666F72206E2F
:10777000657874206C6F672E20506C65617365208E
:107780006669782069742E0A002D2D68656C70007A
:1077900025733A20737562636F6D6D616E64206E40
:1077A0006F7420666F756E640062613136376439BC
:1077B000663364623400332E332E30004445534820
:1077C0002076657273696F6E3A2020202020202079
:1077D0007625732D25730044455348206275696CE6
:1077E000642069643A202020202020637573746F20
:1077F0006D0044455348206275696C64207661725F
:1078000069616E743A206465760025733A20737559
:1078100062636F6D6D616E64206E6F7420666F754C
:107820006E640A0043616E6E6F74207175657279C3
:10783000206D6F64656D2074696D653A20657272A4
:1078400020256400436F6D6D6F6E207365747469DD
:107850006E67733A0020206E6574776F726B2069D3
:107860006420283332626974292E2E2E2E2E2E2E5D
:107870002E2E2E2E2E2E2E2E2E2E2E2E2E2E2E2E28
:107880002E2E2E2E2E2E2575202830782530387855
:10789000290020207472616E736D697474657220A2
:1078A000696420286C6F6E67205244204944292E59
:1078B0002E2E2E2E2E2E2E2E2E2E2E2E2E2E2E2EE8
:1078C0002E2E2E2575202830782530387829002056
:1078D0002073686F72742052442049442E2E2E2E3D
:1078E0002E2E2E2E2E2E2E2E2E2E2E2E2E2E2E2EB8
:1078F0002E2E2E2E2E2E2E2E2E2E2E2E2E2E2E2EA8
:1079000025752028307825303478290020206261C0
:107910006E64206E756D6265722E2E2E2E2E2E2EAA
:107920002E2E2E2E2E2E2E2E2E2E2E2E2E2E2E2E77
:107930002E2E2E2E2E2E2E2E2E2E2E2E2E25640068
:10794000202053746172747570206163746976616C
:1079500074696F6E20726164696F206D6F64652E4B
:107960002E2E2E2E2E2E2E2E2E2E2E2E2E2E2E2E37
:107970002E2573002020537461727475702061632A
:107980007469766174696F6E2E2E2E2E2E2E2E2E19
:107990002E2E2E2E2E2E2E2E2E2E2E2E2E2E2E2E07
:1079A0002E2E2E2E2E44697361626C656400436F27
:1079B0006D6D6F6E2052582073657474696E6773B5
:1079C0003A00202020206578706563746564205239
:1079D000535349206C6576656C2E2E2E2E2E2E2E3E
:1079E0002E2E2E2E2E2E2E2E2E2E2E2E2E2E2E2EB7
:1079F0002E2E2E256400436F6D6D6F6E205458201F
:107A000073657474696E67733A0020202020706F6C
:107A1000776572202864426D292E2E2E2E2E2E2E52
:107A20002E2E2E2E2E2E2E2E2E2E2E2E2E2E2E2E76
:107A30002E2E2E2E2E2E2E2E2E2E2E256400202083
:107A400020204D43532E2E2E2E2E2E2E2E2E2E2E19
:107A50002E2E2E2E2E2E2E2E2E2E2E2E2E2E2E2E46
:107A60002E2E2E2E2E2E2E2E2E2E2E2E2E2E2E253F
:107A70006400436F6D6D6F6E2052535349207363E2
:107A8000616E6E696E672073657474696E67733AB0
:107A90000020206368206163636573733A2052534A
:107AA0005349207363616E20286D736563732920C9
:107AB0007065722063682E2E2E2E2E2E2E2E2E2EC8
:107AC0002E2E256400202063682061636365737334
:107AD0003A2052535349207363616E206275737963
:107AE000202864426D293A2E2E2E2E2E2E2E2E2E3A
:107AF0002E2E2E2E2E2E7369676E616C206C65768D
:107B0000656C203E2025640020206368206163634B
:107B10006573733A2052535349207363616E20702A
:107B20006F737369626C65202864426D293A2E2E4A
:107B30002E2E2E2E2E2E2E2E2E2564203E3D2073F0
:107B400069676E616C206C6576656C203E202564EB
:107B50000020206368206163636573733A20525389
:107B60005349207363616E20667265652028644204
:107B70006D293A2E2E2E2E2E2E2E2E2E2E2E2E2EDF
:107B80002E2E7369676E616C206C6576656C203C87
:107B90003D20256400202063682061636365737362
:107BA0003A205343414E5F5355495441424C452579
:107BB000252E2E2E2E2E2E2E2E2E2E2E2E2E2E2EEE
:107BC0002E2E2E2E2E2E2E2564252500536368651D
:107BD00064756C657220636F6D6D6F6E2073657474
:107BE00074696E67733A0020207363686564756C0E
:107BF000696E67206F66667365742F64656C617962
:107C000020287573292E2E2E2E2E2E2E2E2E2E2E21
:107C10002E2E2E2E2E2E2E2E2E2E2E2E2E2E2E2E84
:107C20002E2E256400436F6D6D6F6E2048415251BA
:107C30002073657474696E67733A0020204D6F6419
:107C4000656D20696E697420484152512070726FD1
:107C50006365737320636F756E742E2E2E2E2E2E19
:107C60002E2E2E2E2E2E2E2E2E2E2E2E2E2E2E2E34
:107C70002E2E2E2E2E2E25640020204D6F64656D35
:107C800020696E6974204841525120525820627513
:107C900066666572206578706972792074696D65B1
:107CA0002028696E206D6963726F7365636F6E64FF
:107CB00073292E2E256400202048415251206665EC
:107CC00065646261636B2052582064656C61792041
:107CD00028737562736C6F7473292E2E2E2E2E2EC0
:107CE0002E2E2E2E2E2E2E2E2E2E2E2E2E2E2E2EB4
:107CF0002E2E25640020204841525120666565647F
:107D00006261636B205258206475726174696F6E92
:107D10002028737562736C6F7473292E2E2E2E2E8D
:107D20002E2E2E2E2E2E2E2E2E2E2E2E2E2E2E2E73
:107D300025640020204841525120666565646261D7
:107D4000636B2054582064656C61792028737562D8
:107D5000736C6F7473292E2E2E2E2E2E2E2E2E2EF9
:107D60002E2E2E2E2E2E2E2E2E2E2E2E2E2E256406
:107D70000043657274696669636174696F6E20732C
:107D8000657474696E67733A002020436F6E74697E
:107D90006E756F75732057617665202843572920CB
:107DA00054582E2E2E2E2E2E2E2E2E2E2E2E2E2EA3
:107DB0002E2E2E2E2E2E2E2E2E2E2E2E2E2E2E2EE3
:107DC0002E2E2E2E456E61626C6564002020435776
:107DD000205458206368616E6E656C2F6361727207
:107DE0006965722E2E2E2E2E2E2E2E2E2E2E2E2EFD
:107DF0002E2E2E2E2E2E2E2E2E2E2E2E2E2E2E2EA3
:107E00002E2E2E2E2E2E2E25640020204357205459
:107E10005820706F776572202864426D292E2E2EAF
:107E20002E2E2E2E2E2E2E2E2E2E2E2E2E2E2E2E72
:107E30002E2E2E2E2E2E2E2E2E2E2E2E2E2E2E2E62
:107E40002E2E2E2E2E2564002020436F6E74696E18
:107E5000756F757320576176652028435729205424
:107E6000582E2E2E2E2E2E2E2E2E2E2E2E2E2E2E08
:107E70002E2E2E2E2E2E2E2E2E2E2E2E2E2E2E2E22
:107E80002E2E2E44697361626C6564002020535469
:107E90004620636F7665722073657175656E6365E4
:107EA000206F6E2054582E2E2E2E2E2E2E2E2E2E3D
:107EB0002E2E2E2E2E2E2E2E2E2E2E2E2E2E2E2EE2
:107EC0002E2E2E2E2E2E2E2573002020535446208B
:107ED000636F7665722073657175656E6365206F7B
:107EE0006E2052582E2E2E2E2E2E2E2E2E2E2E2E32
:107EF0002E2E2E2E2E2E2E2E2E2E2E2E2E2E2E2EA2
:107F00002E2E2E2E2E25730020204E6574776F7234
:107F10006B2069642076616C69646174696F6E2E90
:107F20002E2E2E2E2E2E2E2E2E2E2E2E2E2E2E2E71
:107F30002E2E2E2E2E2E2E2E2E2E2E2E2E2E2E2E61
:107F40002E2E2E2573002575202830782530387880
:107F500029206973206E6F7420612076616C6964DA
:107F6000206E6574776F726B2069642E0A546865A1
:107F7000206E6574776F726B204944207368616C62
:107F80006C2062652073657420746F2061207661B7
:107F90006C7565207768657265206E6569746865C3
:107FA000720A7468652038204C53422062697473E9
:107FB000206172652030783030206E6F72207468D6
:107FC00065203234204D53422062697473206172FF
:107FD000652030783030303030302E00476976659B
:107FE00020646563656E742076616C756520666FCC
:107FF0007220526164696F204D6F6465205B312D82
:10800000335D2E004769766520646563656E742074
:10801000747820696420283E203029004E6F7465F2
:108020003A2042616E64206368616E676520746FF8
:108030002F66726F6D203420726571756972657379
:108040002061207265626F6F74206F7220612072F0
:108050006561637469766174652E0042616E6420A7
:10806000232564206973206E6F7420737570706FA0
:10807000727465642E004E6F742076616C696420A2
:10808000484152512070726F6365737320636F753E
:108090006E742E004E6F742076616C6964204841C6
:1080A000525120727820627566666572206578701C
:1080B00069726174696F6E2074696D652067697695
:1080C000656E2E004769766520646563656E742071
:1080D00076616C7565202876616C7565203C203072
:1080E00029004769766520646563656E7420766152
:1080F0006C75652028302D3130302900436F6E7447
:10810000696E756F7573205761766520284357290E
:1081100020545820656E61626C65642E2054686935
:108120007320697320666F72206365727469666973
:10813000636174696F6E20707572706F7365732000
:108140006F6E6C792C206E6F7420666F72206E6F6C
:10815000726D616C206F7065726174696F6E206101
:108160006E64206E6F206F74686572206F70657228
:108170006174696F6E732063616E20626520646F45
:108180006E652E5265717569726573206120726526
:10819000626F6F7420746F206861766520616E2055
:1081A000696D706163742E00436F6E74696E756FD4
:1081B000757320576176652028435729205458202D
:1081C00064697361626C65642E20526571756972B1
:1081D00065732061207265626F6F7420746F206810
:1081E00061766520616E20696D706163742E004355
:1081F00068616E6E656C202564206973206E6F74F3
:1082000020737570706F72746564206F6E20736573
:10821000742062616E64202325642E0A0053544644
:1082200020636F7665722073657175656E63652076
:108230006F6E20545820656E61626C65642E20520A
:10824000657175697265732061207265626F6F7404
:1082500020746F206861766520616E20696D7061A1
:1082600063742E0053544620636F766572207365E5
:108270007175656E6365206F6E2054582064697354
:1082800061626C65642E2052657175697265732038
:1082900061207265626F6F7420746F20686176650B
:1082A00020616E20696D706163742E005354462006
:1082B000636F7665722073657175656E6365206F97
:1082C0006E20525820656E61626C65642E20526586
:1082D0007175697265732061207265626F6F7420B9
:1082E000746F206861766520616E20696D706163CE
:1082F000742E0053544620636F7665722073657147
:1083000075656E6365206F6E2052582064697361D5
:10831000626C65642E2052657175697265732061A7
:10832000207265626F6F7420746F206861766520BB
:10833000616E20696D706163742E004E6574776F95
:10834000726B2069642076616C69646174696F6E18
:1083500020656E61626C65642E004E6574776F7285
:108360006B2069642076616C69646174696F6E204A
:1083700064697361626C65642E00556E6B6E6F7715
:108380006E206F7074696F6E20282573292E20531C
:1083900065652075736167653A006D3A643A6E3AB7
:1083A000743A623A726800417267756D656E7473F3
:1083B00020776974686F757420272D27206E6F747D
:1083C00020737570706F727465643A202573003184
:1083D0003233680043616E6E6F742073746172741F
:1083E00020616374697661746520636F6D6D616E81
:1083F000642C207265743A202564006C69737400E3
:10840000633A693A743A6661680043616E6E6F74EC
:108410002073746172742052535349207363616EE8
:108420002C206572722025640052535349207363D7
:10843000616E20737461727465642E00693A653AE6
:10844000743A633A6668610043616E6E6F742073BC
:10845000746172742052582C206572722025640059
:10846000525820737461727465642E005065726690
:1084700020636F6D6D616E642073746F7070696ED0
:10848000672E00496E76616C6964204C42542070FE
:108490006572696F64202564202872616E67653A91
:1084A000205B25642C25645D2900496E76616C692A
:1084B00064204C42542052535349206275737920F2
:1084C0007468726573686F6C64202564202872611B
:1084D0006E67653A205B25642C2D315D2900476964
:1084E000766520646563656E742076616C756520C1
:1084F000666F722074686520736C6F7420636F758B
:108500006E7420283E203029004E6F742076616CF6
:10851000696420484152512070726F636573732003
:108520006E6272206D61782E00653A743A637361F1
:108530006468004174206C6561737420726F6C65AF
:10854000206E65656420746F2062652067697665BA
:108550006E2E205365652075736167653A0043612F
:108560006E6E6F7420737461727420706572662011
:10857000636F6D6D616E642C207265743A202564A2
:10858000007065726620636F6D6D616E6420737438
:1085900061727465642E0072665F746F6F6C206325
:1085A0006F6D6D616E642073746F7070696E672E8D
:1085B0000072780072785F636F6E740072785F7417
:1085C0007800556E6B6E6F776E206D6F64653A2024
:1085D000257300556E6B6E6F776E207065657266E1
:1085E000207266206D6F64653A20257300436F6EBC
:1085F00074696E756F7573206D6F646520656E614B
:10860000626C65642E0A004769766520646563655F
:108610006E742076616C756520283E2030290047F5
:1086200069766520646563656E742076616C756536
:1086300020283E3D203029006D3A743A633A653A6D
:10864000703A7368004368616E6E656C2025642023
:108650006973206E6F7420737570706F72746564C7
:108660002061742062616E64202325640043616E82
:108670006E6F742073746172742072665F746F6FB2
:108680006C20636F6D6D616E642C207265743A208E
:1086900025640072665F746F6F6C20636F6D6D612F
:1086A0006E6420737461727465642E0070696E6705
:1086B00020636F6D6D616E642073746F7070696E8E
:1086C000672E004769766520646563656E74207661
:1086D000616C756520666F72207468652070696EC4
:1086E0006720636F756E7420283E20302900693A38
:1086F000653A743A6C3A6373646D61680054696DED
:10870000656F7574206E6565647320746F20626593
:10871000206C657373207468616E20696E74657275
:1087200076616C2E0043616E6E6F7420737461729B
:10873000742070696E6720636F6D6D616E642C20AC
:108740007265743A2025640070696E6720636F6DEE
:108750006D616E6420737461727465642E00436190
:108760006E6E6F74207374617274206465616374DB
:10877000697661746520636F6D6D616E642C207223
:1087800065743A2025640044656163746976617498
:10879000696F6E20737461727465642E0064656322
:1087A000742070696E6720636F6D6D616E642E0A50
:1087B0002055736167653A20646563742070696E43
:1087C00067205B6F7074696F6E733A207365653AEA
:1087D00020646563742070696E67202D685D007287
:1087E000665F746F6F6C0052582F545820746F6F0F
:1087F0006C20666F722068656C70696E6720727598
:108800006E6E696E67206F66204554534920454E51
:1088100020333031203430362D323A0A20736563EC
:1088200074696F6E7320342E332028436F6E666F29
:10883000726D616E636520726571756972656D65D3
:108840006E747320666F72207472616E736D6974DA
:108850007465722920616E640A20342E3420284306
:108860006F6E666F726D616E63652072657175699A
:1088700072656D656E747320666F722072656365D4
:1088800069766572292E0A2055736167653A2064FE
:108890006563742072665F746F6F6C205B6F7074B9
:1088A000696F6E733A207365653A2064656374205E
:1088B00072665F746F6F6C202D685D007065726604
:1088C0000064656374207065726620636F6D6D610E
:1088D0006E642E0A2055736167653A20646563747F
:1088E0002070657266205B6F7074696F6E733A20DA
:1088F0007365653A20646563742070657266202D27
:10890000685D00525820636F6D6D616E642E0A20A1
:1089100055736167653A2064656374207278205BE3
:108920006F7074696F6E733A207365653A20646581
:108930006374207278202D685D00727373695F73B1
:1089400063616E00457865637574652052535349C1
:10895000206D6561737572656D656E742F736361EB
:108960006E2E0A2055736167653A20646563742032
:10897000727373695F7363616E205B6F7074696F8C
:108980006E733A207365653A206465637420727370
:1089900073695F7363616E202D685D007261646945
:1089A0006F5F6D6F64650041637469766174652003
:1089B000726164696F2E0A2055736167653A20649D
:1089C00065637420726164696F5F6D6F6465202DEB
:1089D000680044652D616374697661746520726115
:1089E00064696F2E0A2055736167653A2064656378
:1089F00074206465616374697661746500416374B1
:108A0000697661746520726164696F2E0A205573FE
:108A10006167653A20646563742061637469766197
:108A20007465202D6800736574740053657420614B
:108A30006E64207265616420636F6D6D6F6E20647B
:108A40006563742073657474696E67732E0A2055AC
:108A5000736167653A20646563742073657474207C
:108A60002D68005072696E742064656374207469A7
:108A70006D652E0A2055736167653A2064656374DD
:108A80002074696D65005072696E74206465736846
:108A90002064656374207374617475732E0A2055A5
:108AA000736167653A2064656374207374617475DB
:108AB0007300466C757368206974656D7320696E08
:108AC00020646563742064657368207363686564FB
:108AD000756C65722E0A2055736167653A2064656E
:108AE000637420736368655F6C6973745F7075721B
:108AF0006765004765742064656374206465736806
:108B0000207363686564756C657220737461747535
:108B1000732E0A2055736167653A2064656374207B
:108B2000736368655F6C6973745F73746174757384
:108B3000006465637400436F6D6D616E64732066DD
:108B40006F72204D6F53682044454354204E522B82
:108B5000205068792E006E775F69640062616E64F0
:108B60005F6E627200736368655F64656C61790053
:108B70006D646D5F696E69745F686172715F707258
:108B80006F636573735F636F756E74006D646D5FA3
:108B9000696E69745F686172715F65787069727916
:108BA0005F74696D655F757300736368655F6861A5
:108BB00072715F666565646261636B5F72785F6442
:108BC000656C61795F737562736C6F747300736346
:108BD00068655F686172715F666565646261636B39
:108BE0005F72785F737562736C6F74730073636820
:108BF000655F686172715F666565646261636B5F22
:108C000074785F64656C61795F737562736C6F749F
:108C10007300727373695F7363616E5F74696D650E
:108C200000727373695F7363616E5F667265655F1F
:108C3000746800727373695F7363616E5F627573EA
:108C4000795F746800727373695F7363616E5F73D9
:108C500075697461626C655F70657263656E7400DE
:108C600074785F63775F6374726C5F6F6E007478A3
:108C70005F63775F6374726C5F6F66660074785FC2
:108C800063775F6374726C5F6368616E6E656C00BE
:108C900074785F63775F6374726C5F7077725F6420
:108CA000626D0074785F7374665F636F7665725F80
:108CB0007365715F6F6E0074785F7374665F636F66
:108CC0007665725F7365715F6F66660072785F7359
:108CD00074665F636F7665725F7365715F6F6E0058
:108CE00072785F7374665F636F7665725F736571C8
:108CF0005F6F6666006E775F69645F76616C69645A
:108D00005F6F6E006E775F69645F76616C69645F48
:108D10006F666600635F7363616E5F74696D6500A3
:108D2000635F72785F6578705F727373695F6C659B
:108D300076656C00666F726365007573655F616C64
:108D40006C5F6368616E6E656C73007573655F66FA
:108D5000696C74657200766572646963745F7479B6
:108D600070655F636F756E740076657264696374B5
:108D70005F747970655F636F756E745F646574614D
:108D8000696C73006F6E6C795F616C6C6F77656492
:108D90005F6368616E6E656C73006C6F775F6C61AA
:108DA00074656E6379006C6F775F6C6174656E6378
:108DB000795F776974685F7374616E646279006E5D
:108DC0006F6E5F6C62745F776974685F7374616EF5
:108DD00064627900636C69656E74007365727665B0
:108DE0007200727373695F6D656173007573655F9F
:108DF0006861727100635F74696D656F757400639B
:108E00005F636F756E7400635F696E74657276611F
:108E10006C00635F736C6F747300635F74785F7072
:108E2000777200635F74785F6D637300635F74785B
:108E30005F6C62745F706572696F6400635F747801
:108E40005F6C62745F627573795F746800735F74DE
:108E5000785F69640074785F7077725F6374726CB6
:108E60005F7064755F72785F6578705F7273736945
:108E70005F6C6576656C0074785F7077725F6374A1
:108E8000726C5F6175746F0072665F6D6F64650010
:108E900072665F6D6F64655F706565720072785FA2
:108EA00066696E645F73796E63006672616D655F9B
:108EB0007265706561745F636F756E740066726170
:108EC0006D655F7265706561745F636F756E745F09
:108ED000696E74657276616C7300636F6E74696E2F
:108EE000756F75730072785F6672616D655F73741C
:108EF0006172745F6F66667365740072785F737514
:108F000062736C6F745F636F756E740072785F6903
:108F1000646C655F737562736C6F745F636F756E9D
:108F2000740074785F6672616D655F7374617274EA
:108F30005F6F66667365740074785F737562736CD7
:108F40006F745F636F756E740074785F69646C65CD
:108F50005F737562736C6F745F636F756E740072AC
:108F6000785F73686F775F6D696E5F6D61785F764C
:108F7000616C756573006465627567006475726124
:108F800074696F6E00635F6761705F736C6F747399
:108F900000635F6761705F737562736C6F747300F9
:108FA000635F686172715F666565646261636B5F70
:108FB00072785F737562736C6F747300635F68615E
:108FC00072715F666565646261636B5F72785F642E
:108FD000656C61795F737562736C6F747300635F46
:108FE000686172715F70726F636573735F6E6272D6
:108FF0005F6D617800735F686172715F666565645B
:109000006261636B5F74785F64656C61795F7375CF
:1090100062736C6F747300735F686172715F666511
:1090200065646261636B5F74785F72785F64656CBE
:1090300061795F737562736C6F74730055736167E8
:10904000653A20646563742073657474203C6F70A6
:1090500074696F6E733E0A4F7074696F6E733A0A6B
:1090600020202D722C202D2D726561642C20202053
:109070002020202020202020202020202052656138
:10908000642063757272656E7420636F6D6D6F6EB0
:109090002073657474696E67730A20202020202075
:1090A0002D2D72657365742C202020202020202017
:1090B00020202020202020526573657420746F20AA
:1090C00064656661756C7420636F6D6D6F6E20737F
:1090D000657474696E67730A20202D6E2C202D2D07
:1090E0006E775F6964203C233E2C202020202020C6
:1090F0002020202020536574206E6574776F726B7A
:1091000020696420283332626974290A20202D7472
:109110002C202D2D74785F6964203C233E2C202068
:10912000202020202020202020536574207472618C
:109130006E736D697474657220696420286C6F6E3B
:1091400067205244204944290A20202D622C202DDA
:109150002D62616E645F6E6272203C233E2C202083
:1091600020202020202053657420757365642062C0
:10917000616E642E0A202020202020202020202024
:1091800020202020202020202020202020202020DF
:109190002020496D706163746564206F6E2077686C
:1091A000656E2061206368616E6E656C2069732056
:1091B000736574206173207A65726F0A2020202005
:1091C000202020202020202020202020202020209F
:1091D00020202020202020202028652E672E206996
:1091E0006E20727373695F7363616E292E0A20208B
:1091F000202020202020202020202020202020206F
:109200002020202020202020202020446566617519
:109210006C743A2062616E642023312E204F746892
:10922000657220737570706F727465642062616E10
:109230006473206172653A0A2020202020202020BB
:10924000202020202020202020202020202020201E
:109250002020202020322C20342C203920616E64E4
:109260002032322E0A20202D6D2C202D2D7261648B
:10927000696F5F6D6F6465203C233E2C20202020A9
:109280002020456E61626C652F44697361626C6574
:109290002061637469766174696F6E2061742073F4
:1092A000746172742D75702E0A20202020202020D9
:1092B00020202020202020202020202020202020AE
:1092C0002020202020205769746820726164696F13
:1092D000206D6F64653A0A20202020202020202065
:1092E000202020202020202020202020202020207E
:1092F00020202020313A204C6F77206C6174656EFD
:109300006379202864656661756C74292E0A2020B3
:10931000202020202020202020202020202020204D
:109320002020202020202020202020323A204C6F96
:1093300077206C6174656E63792077697468207337
:1093400074616E6462792E0A202020202020202063
:10935000202020202020202020202020202020200D
:109360002020202020333A204C425420284C69737E
:1093700074656E204265666F72652054616C6B295E
:109380002064697361626C65642C2077697468205D
:109390007374616E6462792E0A20202020202020C0
:1093A00020202020202020202020202020202020BD
:1093B000202020202020343A2044697361626C65AB
:1093C0006420616E6420726164696F206E6F742026
:1093D000616374697661746564206174207374617B
:1093E00072742D75702E0A20202D642C202D2D7363
:1093F0006368655F64656C6179203C757365637350
:109400003E2C2020457374696D617465642073631C
:10941000686564756C696E672064656C6179202885
:109420007573292E0A52535349206D656173757205
:10943000656D656E742073657474696E67733A0A3E
:109440002020202020202D2D727373695F736361AB
:109450006E5F74696D65203C6D736563733E2C208F
:1094600020204368616E6E656C2061636365737371
:109470003A20736574207468652074696D652028CE
:109480006D73656329207468617420697320757336
:10949000656420666F720A20202020202020202072
:1094A00020202020202020202020202020202020BC
:1094B0002020202020202020207363616E6E696EA2
:1094C0006720706572206368616E6E656C20666FE0
:1094D000722052535349206D6561737572656D65D5
:1094E0006E74732E0A20202020202020202020208F
:1094F000202020202020202020202020202020206C
:109500002020202020202044656661756C743A205C
:1095100032207365636F6E6473202B206672616DF9
:10952000652E0A2020202020202D2D727373695F64
:109530007363616E5F667265655F7468203C646228
:109540006D3E2C20204368616E6E656C2061636304
:10955000657373202D20636F6E7369646572656433
:1095600020617320667265653A0A20202020202041
:1095700020202020202020202020202020202020EB
:109580002020202020202020202020206D656173B5
:1095900075726564207369676E616C206C657665B1
:1095A0006C203C3D203C76616C75653E2E0A202087
:1095B00020202020202020202020202020202020AB
:1095C000202020202020202020202020202020209B
:1095D0005365742061207468726573686F6C6420D1
:1095E000666F722052535349207363616E20667216
:1095F0006565207468726573686F6C6420286442C6
:109600006D292E0A2020202020202D2D72737369B1
:109610005F7363616E5F627573795F7468203C6429
:10962000626D3E2C20204368616E6E656C20616324
:1096300063657373202D20636F6E73696465726553
:109640006420617320627573793A0A2020202020FB
:10965000202020202020202020202020202020200A
:10966000202020202020202020202020206D656127
:109670007375726564207369676E616C206C6576C2
:10968000656C203E203C76616C75653E2E0A20207C
:1096900020202020202020202020202020202020CA
:1096A00020202020202020202020202020202020BA
:1096B0005365742061207468726573686F6C6420F0
:1096C000666F722052535349207363616E20627536
:1096D0007379207468726573686F6C6420286442C3
:1096E0006D292E0A2020202020202020202020202C
:1096F000202020202020202020202020202020206A
:109700002020202020204368616E6E656C206163FC
:1097100063657373202D20636F6E73696465726572
:109720006420617320706F737369626C653A0A20FC
:109730002020202020202020202020202020202029
:109740002020202020202020202020202020202019
:1097500020727373695F7363616E5F627573795FA3
:109760007468203E3D206D65617375726564207379
:1097700069676E616C206C6576656C203E0A2020FE
:1097800020202020202020202020202020202020D9
:1097900020202020202020202020202020202020C9
:1097A000727373695F7363616E5F667265655F7420
:1097B000680A2020202020202D2D727373695F738A
:1097C00063616E5F7375697461626C655F70657209
:1097D00063656E74203C696E743E2C2020534341B7
:1097E0004E5F5355495441424C452061732070658A
:1097F00072204D414320737065632E0A2020202083
:109800002020202020202020202020202020202058
:109810002020202020202020202020202020202048
:1098200020202020202020496D70616374206F6EFD
:109830006C79207769746820737562736C6F74201B
:10984000636F756E742062617365642076657264FF
:109850006963742E0A436F6D6D6F6E2052582073CA
:10986000657474696E67733A0A2020202020202DC9
:109870002D72785F6578705F727373695F6C65765F
:10988000656C2C202020202020202053657420642B
:10989000656661756C7420657870656374656420B5
:1098A00052535349206C6576656C206F6E20525878
:1098B000202864426D292E0A436F6D6D6F6E20540F
:1098C000582073657474696E67733A0A20202020EB
:1098D00020202D2D74785F707772203C64626D3E7D
:1098E0002C202020202020202020202020205365F4
:1098F000742064656661756C7420545820706F77AD
:109900006572202864426D292E0A20202020202004
:109910002020202020202020202020202020202047
:109920002020202020202020202020205B2D3430CB
:109930002C2D33302C2D32302C2D31362C2D313234
:109940002C2D382C2D342C302C342C372C31302C21
:1099500031332C31362C31392C32312C32335D0AF3
:1099600020202020202020202020202020202020F7
:1099700020202020202020202020202020202020E7
:10998000202053656520737570706F727465642054
:109990006D617820666F72207468652075736564E8
:1099A0002062616E64206279207573696E670A2097
:1099B00020202020202020202020202020202020A7
:1099C0002020202020202020202020202020202097
:1099D00022646563742073746174757322202D632F
:1099E0006F6D6D616E64206F75747075742E0A20D2
:1099F00020202020202D2D74785F6D6373203C6D16
:109A000063733E2C20202020202020202020202096
:109A1000205365742064656661756C74204D4353F2
:109A2000206F6E2054582028302D34292E0A4841AA
:109A3000525120706172616D657465727320696E38
:109A4000206D6F64656D20696E69743A0A2020206C
:109A50002020202D2D6D646D5F696E69745F6861D3
:109A600072715F70726F636573735F636F756E742D
:109A7000203C696E743E2C2020436F756E74206FFD
:109A80006620484152512052582070726F636573AE
:109A900073657320666F72206D6F64656D20696EEB
:109AA00069740A202020202020202020202020202F
:109AB00020202020202020202020202020202020A6
:109AC0002020202020202020202020202020205B5B
:109AD000312C322C342C385D2E2044656661756C37
:109AE000743A20342E0A20202020202020202020FC
:109AF0002020202020202020202020202020202066
:109B00002020202020202020202020202020202055
:109B100020204E6F74653A2074686973206D7573E8
:109B200074206D6174636820617420626F746820B2
:109B3000656E647320616E640A202020202020203E
:109B40002020202020202020202020202020202015
:109B50002020202020202020202020202020202005
:109B60002020202020746F6F206269672076616C4E
:109B700075652077696C6C2063617573652062750B
:109B800066666572206F766572666C6F77730A2001
:109B900020202020202020202020202020202020C5
:109BA00020202020202020202020202020202020B5
:109BB0002020202020202020202020287365656E72
:109BC0002061732050444320435243206572726FDA
:109BD0007273292077697468206869676865720AFA
:109BE0002020202020202020202020202020202075
:109BF0002020202020202020202020202020202065
:109C00002020202020202020202020206279746520
:109C100020616D6F756E747320283D6D63732B73B7
:109C20006C6F7473292C0A202020202020202020F3
:109C30002020202020202020202020202020202024
:109C40002020202020202020202020202020202014
:109C5000202020692E652E20746865206465666169
:109C6000756C74203420697320746F6F206269678B
:109C70002077697468204D4353340A202020202027
:109C800020202020202020202020202020202020D4
:109C900020202020202020202020202020202020C4
:109CA00020202020202020696E206E6F6E2D6F7086
:109CB00074696D616C20656E7669726F6E6D656E2C
:109CC000742E0A2020202020202D2D6D646D5F69C8
:109CD0006E69745F686172715F6578706972795FCF
:109CE00074696D655F7573203C696E743E2C204805
:109CF000415251205258206275666665722065781F
:109D0000706972792074696D652C20696E206D69A7
:109D100063726F7365636F6E64732E0A2020202058
:109D20002020202020202020202020202020202033
:109D30002020202020202020202020202020202023
:109D400020202020202020204D6178696D756D2015
:109D5000737570706F727465642076616C75653AA6
:109D600020353030303030302E0A20202020202086
:109D700020202020202020202020202020202020E3
:109D800020202020202020202020202020202020D3
:109D900020202020202044656661756C743A2032B2
:109DA0003530303030302E0A466F6C6C6F77696E0C
:109DB0006720696D706163746564207768656E20E3
:109DC0004841525120666565646261636B2072652B
:109DD00071756573746564206F6E206120736368AC
:109DE0006564756C657220666F72205458206F70C0
:109DF00065726174696F6E3A0A2020202020202D40
:109E00002D736368655F686172715F666565646222
:109E100061636B5F72785F64656C61795F737562B3
:109E2000736C6F7473203C696E743E2C20476170B4
:109E30002028696E20737562736C6F7473292062B9
:109E400065747765656E206F757220545820656E55
:109E5000640A2020202020202020202020202020D4
:109E600020202020202020202020202020202020F2
:109E700020202020202020202020202020202020E2
:109E8000202020202020616E642073746172746928
:109E90006E67206F66206120525820666F722048DE
:109EA0004152510A20202020202020202020202044
:109EB00020202020202020202020202020202020A2
:109EC0002020202020202020202020202020202092
:109ED0002020202020202020666565646261636B5D
:109EE0002E2044656661756C743A20342E0A202059
:109EF000202020202D2D736368655F686172715F7B
:109F0000666565646261636B5F72785F73756273C7
:109F10006C6F7473203C696E743E2C205258206420
:109F200075726174696F6E2028696E207375627333
:109F30006C6F74732920666F722072656365697631
:109F4000696E670A20202020202020202020202049
:109F50002020202020202020202020202020202001
:109F600020202020202020202020202020202020F1
:109F700020204841525120666565646261636B2010
:109F8000666F72206F75722054582E0A2020202090
:109F900020202020202020202020202020202020C1
:109FA00020202020202020202020202020202020B1
:109FB0002020202020202020202044656661756C10
:109FC000743A2031382E0A436F6D6D6F6E207365C1
:109FD0007474696E677320666F72205258207369BB
:109FE000646520666F722048415251206F7065721F
:109FF0006174696F6E2C20652E672E2073656E6408
:10A00000696E6720484152512066656564626163EC
:10A010006B3A0A2020202020202D2D736368655F75
:10A02000686172715F666565646261636B5F7478B5
:10A030005F64656C61795F737562736C6F747320B4
:10A040003C696E743E2C20476170206265747765B0
:10A05000656E206461746120525820616E640A202C
:10A0600020202020202020202020202020202020F0
:10A0700020202020202020202020202020202020E0
:10A0800020202020202020202020202020202020D0
:10A090002020207374617274696E672061205458A7
:10A0A00020666F722070726F766964696E670A202D
:10A0B00020202020202020202020202020202020A0
:10A0C0002020202020202020202020202020202090
:10A0D0002020202020202020202020202020202080
:10A0E0002020204841525120666565646261636B9F
:10A0F0002069662072657175657374656420627984
:10A100000A20202020202020202020202020202065
:10A11000202020202020202020202020202020203F
:10A12000202020202020202020202020202020202F
:10A130002020202020636C69656E742E0A20202068
:10A14000202020202020202020202020202020200F
:10A1500020202020202020202020202020202020FF
:10A1600020202020202020202020202020202020EF
:10A170002044656661756C743A20342028737562DA
:10A18000736C6F7473292E0A466F6C6C6F77696EEF
:10A1900067206F6E6C7920666F72206365727469D8
:10A1A0006669636174696F6E20707572706F736534
:10A1B00073202D2073657420746F206D6F64656D3E
:10A1C000206166746572206120626F6F7475703AE9
:10A1D0000A2020202020204E6F74653A2063686199
:10A1E0006E67696E6720616C6C206F6620746865AD
:10A1F000736520726571756972657320612072657F
:10A20000626F6F742E0A2020202020202D2D74785C
:10A210005F63775F6374726C5F6F6E202020202015
:10A220002020202020202020202020456E61626CEC
:10A230006520436F6E74696E756F75732057617614
:10A240006520284357292054582E0A2020202020FA
:10A25000202D2D74785F63775F6374726C5F6F6617
:10A2600066202020202020202020202020202020A8
:10A2700044697361626C6520436F6E74696E756FBB
:10A280007573205761766520284357292054582E2E
:10A290002044656661756C742E0A202020202020E1
:10A2A0002D2D74785F63775F6374726C5F63686190
:10A2B0006E6E656C203C696E743E2C20202020431D
:10A2C00068616E6E656C2F6361727269657220667B
:10A2D0006F72207468652043572054582E0A20203E
:10A2E000202020202020202020202020202020206E
:10A2F000202020202020202020202020202020205E
:10A3000020202044656661756C743A2031363635FC
:10A310002E0A2020202020202D2D74785F63775F67
:10A320006374726C5F7077725F64626D203C696EFB
:10A33000743E2C20202020545820706F77657220A6
:10A34000666F722043572054582E0A202020202068
:10A3500020202020202020202020202020202020FD
:10A3600020202020202020202020202020202020ED
:10A3700044656661756C743A20617320776974680E
:10A38000202D2D74785F7077722E0A2020202020D7
:10A3900020202D2D74785F7374665F636F7665720D
:10A3A0005F7365715F6F6E2C20202020202020209D
:10A3B000456E61626C652053544620636F7665720A
:10A3C0002073657175656E6365206F6E2054582E1D
:10A3D0002044656661756C742E0A202020202020A0
:10A3E000202D2D74785F7374665F636F7665725F7E
:10A3F0007365715F6F66662C20202020202020442A
:10A40000697361626C652053544620636F76657290
:10A410002073657175656E6365206F6E2054582ECC
:10A420000A202020202020202D2D72785F73746652
:10A430005F636F7665725F7365715F6F6E2C20204E
:10A44000202020202020456E61626C6520535446F8
:10A4500020636F7665722073657175656E63652024
:10A460006F6E2052582E2044656661756C742E0AFA
:10A47000202020202020202D2D72785F7374665FAD
:10A48000636F7665725F7365715F6F66662C2020FF
:10A49000202020202044697361626C65205354465B
:10A4A00020636F7665722073657175656E636520D4
:10A4B0006F6E2052582E0A202020202020202D2D83
:10A4C0006E775F69645F76616C69645F6F6E2C2084
:10A4D000202020202020202020202020446566618C
:10A4E000756C742E204E6574776F726B20696420D2
:10A4F00076616C69646174696F6E20656E61626C0F
:10A5000065642E0A202020202020202D2D6E775FCC
:10A5100069645F76616C69645F6F66662C202020D9
:10A52000202020202020202020416C6C6F77206E7E
:10A530006574776F726B20696420776974686F75D2
:10A54000742076616C69646174696F6E2E0A2020D4
:10A5500020202020202020202020202020202020FB
:10A5600020202020202020202020202020202020EB
:10A570002020204D69676874206265206E656564DF
:10A58000656420666F72205258206F7020746F20AF
:10A590006D61746368207465737465722076656399
:10A5A000746F72732E0A0055736167653A20646593
:10A5B00063742072782073746F70207C20737461D0
:10A5C0007274205B2D63203C6368616E6E656C5F06
:10A5D0006E62723E5D205B2D665D205B2D74203CBB
:10A5E000736563733E5D0A202020202020202020F8
:10A5F000202020202020202020202020202020205B
:10A600002020205B2D65203C64626D3E5D0A202089
:10A61000202020202020202020202020202020203A
:10A62000202020202020202020205B2D69203C732A
:10A630006563735D205B2D2D667265655F746820B0
:10A640003C64626D5F76616C75653E5D205B2D2DAF
:10A65000627573795F7468203C64626D5F76616CCB
:10A6600075653E5D0A537562636F6D6D616E6473EF
:10A670003A0A202073746172742C2020202020203C
:10A68000202020202020202020537461727420522A
:10A69000582E0A202073746F702C20202020202038
:10A6A0002020202020202020202053746F70205252
:10A6B000582E0A5374617274696E67206F707469E2
:10A6C0006F6E733A0A20202D63203C63685F6E62D0
:10A6D000723E2C20202020202020202020202020FE
:10A6E000202020204368616E6E656C206E756D625F
:10A6F00065722E205A65726F2076616C75653A20FE
:10A70000616C6C206368616E6E656C7320696E208D
:10A7100061207365742062616E642E0A20202020FF
:10A720002020202020202020202020202020202029
:10A7300020202020202020202020204465666175D4
:10A740006C743A20313636350A20202D742C202D99
:10A750002D635F7363616E5F74696D65203C696E24
:10A76000743E2C20202020205363616E6E696E673A
:10A77000206475726174696F6E20696E2073656301
:10A780006F6E64730A2020202020202020202020AB
:10A7900020202020202020202020202020202020B9
:10A7A000202020202864656661756C743A20313061
:10A7B00020736563732C206D61783A2036322073E4
:10A7C000656373292E0A20202D6520202D2D635FBF
:10A7D00072785F6578705F727373695F6C657665B8
:10A7E0006C203C696E743E2C2053657420636C6948
:10A7F000656E742065787065637465642052535388
:10A8000049206C6576656C206F6E20525820286454
:10A81000426D292E0A2020202020202020202020C8
:10A820002020202020202020202020202020202028
:10A83000202020202020202044656661756C743A19
:10A84000203020286661737420414743292E0A2056
:10A8500020202020202D2D7573655F66696C74653E
:10A86000722C202020205573652066696C746572F7
:10A8700020666F7220726563656976696E67207005
:10A8800061636B6574732064657374696E6174656C
:10A890006420746F207468697320646576696365E9
:10A8A0002C0A2020202020202020202020202020B2
:10A8B000202020202020202020692E652E20736853
:10A8C0006F7274206E6574776F726B20696420619B
:10A8D0006E64207265636569766572206964656E71
:10A8E000746974790A202020202020202020202034
:10A8F000202020202020202020202020283D2074DF
:10A9000078206964292066726F6D2073657474699C
:10A910006E67732E0A202020202020202020202057
:10A920002020202020202020202020204465666137
:10A93000756C743A2066616C73652C206E6F2066AE
:10A94000696C7465722E0A20202D662C202D2D66D0
:10A950006F7263652C20202020202020202055733A
:10A9600065207370656369616C20666F7263652032
:10A97000746F206F76657272696465206375727298
:10A98000656E74206974656D7320696E20706879D6
:10A9900020617069207363686564756C65720A2054
:10A9A00020202020202020202020202020202020A7
:10A9B000202020202020736F20746861742052585A
:10A9C000206F7065726174696F6E206973206861B1
:10A9D00076696E67207072696F72697479206F761C
:10A9E0006572206F74686572732E0A202020202003
:10A9F0002020202020202020202020202020202057
:10AA000020204E6F74653A207768656E20757365F7
:10AA1000642C206F746865722072756E6E696E6743
:10AA2000206974656D7320617265206E6F74207388
:10AA300063686564756C656420746F206D6F646510
:10AA40006D2E0A20202D612C202D2D7573655F61E0
:10AA50006C6C5F6368616E6E656C732C20202020C7
:10AA6000204368616E6E656C20616363657373205B
:10AA70006F766572726964653A0A20202020202072
:10AA800020202020202020202020202020202020C6
:10AA900020202020202020207468697320697320E2
:10AAA0006F766572726964696E67204861726D6F56
:10AAB0006E697A6564207374616E646172640A20E1
:10AAC0002020202020202020202020202020202086
:10AAD000202020202020202020202020207265718E
:10AAE000756972656D656E747320284554534920ED
:10AAF000454E20333031203430362D322C20563321
:10AB00002E302E312C20636820342E332E322E33FB
:10AB10002C0A20202020202020202020202020203F
:10AB20002020202020202020202020202020202025
:10AB30005461626C6520322920746F207573652022
:10AB40006F6E6C79206F6464206368616E6E656CF3
:10AB5000206E756D626572732061742062616E642F
:10AB60002023312E0A466F6C6C6F77696E67206FF9
:10AB70007074696F6E73206F6E6C7920696D70618F
:10AB8000637473206F6E2052535349206D65617357
:10AB90007572656D656E747320647572696E672079
:10ABA00052583A0A20202D69203C696E74657276ED
:10ABB000616C5F736563733E2C2020202020202071
:10ABC0002052535349206D6561737572656D656ED2
:10ABD00074207265706F7274696E6720696E746537
:10ABE0007276616C20696E207365636F6E64732E7C
:10ABF0000A2020202020202020202020202020206B
:10AC000020202020202020202020202020204465DB
:10AC10006661756C743A2031207365636F6E64737E
:10AC20002C207A65726F20746F2064697361626C86
:10AC3000652E0A20202D2D667265655F7468203CA4
:10AC400064626D5F76616C75653E2C20202020204B
:10AC50004368616E6E656C20616363657373202D5C
:10AC600020636F6E7369646572656420617320662A
:10AC70007265653A0A2020202020202020202020F4
:10AC800020202020202020202020202020202020C4
:10AC900020206D65617375726564207369676E61EC
:10ACA0006C206C6576656C203C3D203C76616C7553
:10ACB000653E2E0A20202020202020202020202039
:10ACC0002020202020202020202020202020202084
:10ACD000205365742061207468726573686F6C64BA
:10ACE00020666F722052535349207363616E206651
:10ACF000726565207468726573686F6C642028647F
:10AD0000426D292E0A2020202020202020202020D3
:10AD10002020202020202020202020202020202033
:10AD2000202044656661756C742066726F6D2072B8
:10AD30007373695F7363616E5F627573795F746863
:10AD40000A20202020202020202020202020202019
:10AD50002020202020202020202020202020436888
:10AD6000616E6E656C20616363657373202D206373
:10AD70006F6E7369646572656420617320706F73B0
:10AD80007369626C653A0A20202020202020202050
:10AD900020202020202020202020202020202020B3
:10ADA00020202020627573795F7468203E3D206DFD
:10ADB00065617375726564207369676E616C206C80
:10ADC0006576656C203E20667265655F74680A2052
:10ADD000202D2D627573795F7468203C64626D5F0D
:10ADE00076616C75653E2C20202020204368616EC2
:10ADF0006E656C20616363657373202D20636F6ED5
:10AE00007369646572656420617320627573793A51
:10AE10000A20202020202020202020202020202048
:10AE200020202020202020202020202020206D6590
:10AE3000617375726564207369676E616C206C65FF
:10AE400076656C203E203C76616C75653E2E0A204E
:10AE500020202020202020202020202020202020F2
:10AE60002020202020202020202020205365742016
:10AE700061207468726573686F6C6420666F7220FD
:10AE800052535349207363616E2062757379207445
:10AE900068726573686F6C64202864426D292E0A9D
:10AEA00020202020202020202020202020202020A2
:10AEB00020202020202020202020202020446566E3
:10AEC00061756C742066726F6D20727373695F7345
:10AED00063616E5F667265655F74680A00557361D1
:10AEE00067653A206465637420727373695F736386
:10AEF000616E205B6C6973745D207C205B73746F82
:10AF0000705D207C205B5B2D63203C6368616E6E0E
:10AF1000656C5F6E62723E5D0A202020202020203A
:10AF20002020202020202020202020202020202021
:10AF30002020202020202020205B2D74203C6368CE
:10AF4000616E6E656C5F7363616E6E696E675F7470
:10AF5000696D655F6D733E5D0A20202020202020F2
:10AF600020202020202020202020202020202020E1
:10AF70002020202020202020205B2D2D6275737939
:10AF80005F7468203C64626D5F76616C75653E5DE0
:10AF9000205B2D2D667265655F7468203C64626D70
:10AFA0005F76616C75653E5D0A20202020202020A0
:10AFB0002020202020202020202020202020202091
:10AFC0002020202020202020205B2D69203C696E3D
:10AFD00074657276616C5F736563733E5D205B2D93
:10AFE0002D666F7263655D5D0A4F7074696F6E7375
:10AFF0003A0A20202D63203C63685F6E62723E2C0B
:10B000002020202020202020204368616E6E656C67
:10B0100020746F206265207363616E6E65642F6DAE
:10B02000656173757265642E205A65726F20766152
:10B030006C75653A20616C6C20696E2061207365C7
:10B04000742062616E642E0A20202020202020209F
:10B0500020202020202020202020202020202044CC
:10B06000656661756C743A20313636352E0A2020BB
:10B070002D612C202D2D6F6E6C795F616C6C6F775C
:10B0800065645F6368616E6E656C732C2020496D2A
:10B09000706163746564206F6E6C792061742062E6
:10B0A000616E642023312C207363616E206F6E6C9F
:10B0B0007920616C6C6F776564206368616E6E6582
:10B0C0006C73207065720A20202020202020202010
:10B0D0002020202020202020202020202020202070
:10B0E000202020202020204861726D6F6E697A65D3
:10B0F00064207374616E6461726420726571756935
:10B1000072656D656E74730A202020202020202037
:10B11000202020202020202020202020202020202F
:10B120002020202020202020284554534920454E0F
:10B1300020333031203430362D322C2056332E300F
:10B140002E312C20636820342E332E322E330A20E9
:10B1500020202020202020202020202020202020EF
:10B1600020202020202020202020202020202054AB
:10B1700061626C65203220666F7220312C37323666
:10B180004D487A2062616E647769647468292E0A7A
:10B1900020202D2D766572646963745F7479706503
:10B1A0005F636F756E742C202020202020202020CB
:10B1B000526573756C742076657264696374656436
:10B1C000206261736564206F6E205343414E5F536C
:10B1D00055495441424C4520737562736C6F74201D
:10B1E000636F756E742C0A202020202020202020E0
:10B1F000202020202020202020202020202020204F
:10B2000020202020202020617320706572204D4175
:10B210004320737065632063682E20352E312E32F3
:10B220002E0A202020202020202020202020202026
:10B23000202020202020202020202020202020200E
:10B2400020205343414E5F5355495441424C4520C1
:10B2500063616E2062652061646A75737465642041
:10B2600066726F6D2073657474696E67730A20204F
:10B2700020202020202020202020202020202020CE
:10B2800020202020202020202020202020202028B6
:10B29000727373695F7363616E5F73756974616202
:10B2A0006C655F70657263656E74292E0A202020BC
:10B2B000202020202020202020202020202020208E
:10B2C00020202020202020202020202020446566CF
:10B2D00061756C743A20526573756C742076657272
:10B2E000646963746564206261736564206869677A
:10B2F000686573742F6C6F776573740A2020202043
:10B30000202020202020202020202020202020203D
:10B3100020202020202020202020202066726F6DF9
:10B32000206F6E20616C6C206D6561737572656D48
:10B33000656E74730A2020202020202020202020E9
:10B3400020202020202020202020202020202020FD
:10B35000202020202077697468696E206120676949
:10B3600076656E2063685F7363616E6E696E675F9A
:10B3700074696D655F6D732E0A20202D2D766572C0
:10B38000646963745F747970655F636F756E745F11
:10B3900064657461696C732C2053616D6520617301
:10B3A00020766572646963745F747970655F636F3A
:10B3B000756E742062757420776974682070726984
:10B3C0006E74696E6720737562736C6F740A2020E7
:10B3D000202020202020202020202020202020206D
:10B3E00020202020202020202020202020206465D4
:10B3F0007461696C7320666F7220627573792F7047
:10B400006F737369626C6520737562736C6F7473AC
:10B410002E0A20202D69203C696E74657276616C5D
:10B420005F736563733E2C20202020202020205352
:10B4300063616E6E696E6720696E74657276616CA9
:10B4400020696E207365636F6E64732E0A2020205E
:10B4500020202020202020202020202020202020EC
:10B460002020202020202020202044656661756C4B
:10B47000743A206E6F20696E74657276616C2C2050
:10B48000692E652E206F6E652074696D65722E0AB7
:10B4900020202D74203C63685F7363616E6E696E5B
:10B4A000675F74696D655F6D733E2C202054696D14
:10B4B00065207468617420697320757365642074F5
:10B4C0006F207363616E20706572206368616E6EB9
:10B4D000656C2E0A202020202020202020202020E3
:10B4E000202020202020202020202020202020205C
:10B4F0002044656661756C742066726F6D2072738E
:10B5000073695F7363616E5F74696D650A20202DD6
:10B510002D667265655F7468203C64626D5F76615C
:10B520006C75653E2C20202020204368616E6E657E
:10B530006C20616363657373202D20636F6E736984
:10B54000646572656420617320667265653A0A20DD
:10B5500020202020202020202020202020202020EB
:10B560002020202020202020202020206D656173B5
:10B5700075726564207369676E616C206C657665B1
:10B580006C203C3D203C76616C75653E2E0A202087
:10B5900020202020202020202020202020202020AB
:10B5A000202020202020202020202053657420618E
:10B5B000207468726573686F6C6420666F722052C5
:10B5C000535349207363616E206672656520746809
:10B5D000726573686F6C64202864426D292E0A209E
:10B5E000202020202020202020202020202020205B
:10B5F000202020202020202020202020446566615B
:10B60000756C742066726F6D20727373695F7363FB
:10B61000616E5F627573795F74680A202020202054
:10B62000202020202020202020202020202020201A
:10B6300020202020202020204368616E6E656C2031
:10B64000616363657373202D20636F6E7369646536
:10B6500072656420617320706F737369626C653A00
:10B660000A202020202020202020202020202020F0
:10B670002020202020202020202020202020627533
:10B6800073795F7468203E3D206D656173757265E6
:10B6900064207369676E616C206C6576656C203E12
:10B6A00020667265655F74680A20202D2D627573AF
:10B6B000795F7468203C64626D5F76616C75653E8D
:10B6C0002C20202020204368616E6E656C20616311
:10B6D00063657373202D20636F6E73696465726593
:10B6E0006420617320627573793A0A20202020203B
:10B6F000202020202020202020202020202020204A
:10B7000020202020202020206D65617375726564E3
:10B71000207369676E616C206C6576656C203E20D5
:10B720003C76616C75653E2E0A202020202020206A
:10B730002020202020202020202020202020202009
:10B7400020202020202053657420612074687265B9
:10B7500073686F6C6420666F722052535349207374
:10B7600063616E2062757379207468726573686FA7
:10B770006C64202864426D292E0A2020202020207D
:10B7800020202020202020202020202020202020B9
:10B790002020202020202044656661756C7420667E
:10B7A000726F6D20727373695F7363616E5F66722F
:10B7B00065655F74680A20202D662C202D2D666F2C
:10B7C0007263652C20202020202020202020202093
:10B7D000202020557365207370656369616C206655
:10B7E0006F72636520746F206F766572726964652D
:10B7F0002063757272656E74206974656D7320695B
:10B800006E0A202020202020202020202020202000
:10B8100020202020202020202020202020202070D8
:10B82000687920617069207363686564756C6572FE
:10B8300020736F20746861742052535349207363DE
:10B84000616E732061726520686176696E67207031
:10B8500072696F72697479206F7665720A20202090
:10B8600020202020202020202020202020202020D8
:10B8700020202020202020202020616E642072655E
:10B880002D696E697420746865206D6F64656D2024
:10B890007068792061706920746F2063616E6365E0
:10B8A0006C206F6E676F696E67206F706572617470
:10B8B000696F6E730A202020202020202020202065
:10B8C0002020202020202020202020202020202078
:10B8D0002020696E206D6F64656D2E204E6F74653B
:10B8E0003A207768656E20757365642C206F7468E4
:10B8F00065722072756E6E696E67206974656D730E
:10B9000020617265206E6F740A2020202020202084
:10B910002020202020202020202020202020202027
:10B920002020202020207363686564756C65642086
:10B93000746F206D6F64656D2E0A005573616765C5
:10B940003A206465637420726164696F5F6D6F642F
:10B9500065203C6D6F64653E0A2020436F6E66690A
:10B960006775726520726164696F206D6F64652E02
:10B970000A4F7074696F6E733A0A20202D312C20A3
:10B980002D2D6C6F775F6C6174656E63792C202050
:10B99000202020202020202020202020202044653E
:10B9A0006661756C742E2054686973206D6F6465D0
:10B9B0002068617320746865206C6F7765737420EC
:10B9C0006C6174656E63792C0A2020202020202071
:10B9D0002020202020202020202020202020202067
:10B9E0002020202020202020202020202074686576
:10B9F00020626573742052582F54582073776974ED
:10BA00006368696E6720706572666F726D616E63E0
:10BA1000652C0A20202020202020202020202020EB
:10BA20002020202020202020202020202020202016
:10BA300020202020202020616E642074686520680A
:10BA400069676865737420706F77657220636F6EC5
:10BA500073756D7074696F6E2E0A20202D322C2044
:10BA60002D2D6C6F775F6C6174656E63795F77699C
:10BA700074685F7374616E6462792C20202054684E
:10BA80006973206D6F646520686173207468652038
:10BA900073616D652052582F545820737769746311
:10BAA00068696E670A202020202020202020202086
:10BAB0002020202020202020202020202020202086
:10BAC000202020202020202020706572666F726D5B
:10BAD000616E636520617320746865206C6F7720E8
:10BAE0006C6174656E6379206D6F64652C0A20202B
:10BAF0002020202020202020202020202020202046
:10BB00002020202020202020202020202020202035
:10BB1000202062757420686967686572206F70659F
:10BB2000726174696F6E2073746172742D75702008
:10BB30006C6174656E63792E0A20202020202020FD
:10BB400020202020202020202020202020202020F5
:10BB500020202020202020202020202020506F770F
:10BB6000657220636F6E73756D7074696F6E206996
:10BB7000732074687573206C6F77657220636F6DC6
:10BB8000706172656420746F0A20202020202020BC
:10BB900020202020202020202020202020202020A5
:10BBA00020202020202020202020202020746865B4
:10BBB000206C6F77206C6174656E6379206D6F64A3
:10BBC000652E0A20202D332C202D2D6E6F6E5F6C7C
:10BBD00062745F776974685F7374616E6462792CF4
:10BBE0002020202020202054686973206D6F646518
:10BBF0002068617320746865206C6F7765737420AA
:10BC0000706F77657220636F6E73756D7074696F96
:10BC10006E2C0A20202020202020202020202020E0
:10BC20002020202020202020202020202020202014
:10BC300020202020202020647565207468652074F1
:10BC40006F206D6F64656D20656E746572696E67D7
:10BC5000207374616E646279206D6F64652077680B
:10BC6000656E20706F737369626C650A20202020F6
:10BC700020202020202020202020202020202020C4
:10BC800020202020202020202020202020202020B4
:10BC9000616E64206E6F74207573696E67204C420C
:10BCA000542C2061742074686520636F73740A20BB
:10BCB0002020202020202020202020202020202084
:10BCC0002020202020202020202020202020202074
:10BCD0002020206F66206869676865722073746130
:10BCE00072742D7570206C6174656E637920616E5D
:10BCF0006420776F7273652052582F5458207377E1
:10BD000069746368696E670A202020202020202043
:10BD10002020202020202020202020202020202023
:10BD200020202020202020202020202070657266E6
:10BD30006F726D616E636520636F6D7061726564B3
:10BD400020746F20746865206F746865722072615A
:10BD500064696F206D6F6465732E0A0055736167A7
:10BD6000653A206465637420616374697661746503
:10BD7000203C6D6F64653E0A2020416374697661E2
:10BD800074652050485920736F667477617265201E
:10BD9000737461636B20696E20676976656E2072CB
:10BDA0006164696F206D6F64652E0A4F7074696FEE
:10BDB0006E733A0A20202D312C202D2D6C6F775F69
:10BDC0006C6174656E63792C202020202020202057
:10BDD000202020202020202044656661756C742E70
:10BDE0002054686973206D6F6465206861732074E6
:10BDF0006865206C6F77657374206C6174656E6321
:10BE0000792C0A20202020202020202020202020E3
:10BE10002020202020202020202020202020202022
:10BE20002020202020202074686520626573742003
:10BE300052582F545820737769746368696E67206D
:10BE4000706572666F726D616E63652C0A202020CA
:10BE500020202020202020202020202020202020E2
:10BE600020202020202020202020202020202020D2
:10BE700020616E6420746865206869676865737402
:10BE800020706F77657220636F6E73756D70746963
:10BE90006F6E2E0A20202D322C202D2D6C6F775F97
:10BEA0006C6174656E63795F776974685F737461E0
:10BEB0006E6462792C20202054686973206D6F6451
:10BEC0006520686173207468652073616D65205218
:10BED000582F545820737769746368696E670A2015
:10BEE0002020202020202020202020202020202052
:10BEF0002020202020202020202020202020202042
:10BF0000202020706572666F726D616E63652061BE
:10BF10007320746865206C6F77206C6174656E6344
:10BF200079206D6F64652C0A20202020202020209D
:10BF30002020202020202020202020202020202001
:10BF40002020202020202020202020206275742006
:10BF5000686967686572206F7065726174696F6E79
:10BF60002073746172742D7570206C6174656E63DA
:10BF7000792E0A2020202020202020202020202070
:10BF800020202020202020202020202020202020B1
:10BF900020202020202020506F77657220636F6E54
:10BFA00073756D7074696F6E206973207468757332
:10BFB000206C6F77657220636F6D706172656420AD
:10BFC000746F0A20202020202020202020202020E4
:10BFD0002020202020202020202020202020202061
:10BFE00020202020202020746865206C6F77206C32
:10BFF0006174656E6379206D6F64652E0A20202D53
:10C00000332C202D2D6E6F6E5F6C62745F776974B8
:10C01000685F7374616E6462792C20202020202078
:10C020002054686973206D6F6465206861732074A3
:10C030006865206C6F7765737420706F7765722008
:10C04000636F6E73756D7074696F6E2C0A2020209B
:10C0500020202020202020202020202020202020E0
:10C0600020202020202020202020202020202020D0
:10C07000206475652074686520746F206D6F646539
:10C080006D20656E746572696E67207374616E648D
:10C090006279206D6F6465207768656E20706F73BC
:10C0A0007369626C650A2020202020202020202037
:10C0B0002020202020202020202020202020202080
:10C0C00020202020202020202020616E64206E6F00
:10C0D00074207573696E67204C42542C2061742063
:10C0E00074686520636F73740A202020202020204C
:10C0F0002020202020202020202020202020202040
:10C10000202020202020202020202020206F66209A
:10C110006869676865722073746172742D75702028
:10C120006C6174656E637920616E6420776F7273E1
:10C13000652052582F545820737769746368696E6C
:10C14000670A2020202020202020202020202020BE
:10C1500020202020202020202020202020202020DF
:10C16000202020202020706572666F726D616E63E2
:10C170006520636F6D706172656420746F207468F0
:10C1800065206F7468657220726164696F206D6FDD
:10C190006465732E0A0055736167653A20646563B0
:10C1A000742070696E67205B73746F705D207C20F3
:10C1B0005B3C7365727665723E7C3C636C69656E50
:10C1C000743E205B7365727665725F6F7074696F21
:10C1D0006E735D7C5B636C69656E745F6F707469B0
:10C1E0006F6E735D0A4E6F74653A206D616B6520EA
:10C1F000737572652074686174206163636573731D
:10C200006564206368616E6E656C20697320667278
:10C210006565206279207573696E672022646563A5
:10C220007420727373695F7363616E22202D636F74
:10C230006D6D616E642E0A0A4F7074696F6E733A89
:10C240000A20202D632C202D2D636C69656E742CC3
:10C250002020202020202020202020202020436C6F
:10C2600069656E7420726F6C652E0A20202D732C08
:10C27000202D2D7365727665722C202020202020C1
:10C2800020202020202020205365727665722072A5
:10C290006F6C652E0A2020202020202D2D636861E0
:10C2A0006E6E656C203C696E743E2C202020202030
:10C2B00020204368616E6E656C2E20446566617552
:10C2C0006C7420313636352E0A20202D742C202D0A
:10C2D0002D635F74696D656F7574203C696E743E83
:10C2E0002C202020202050696E672074696D656FB6
:10C2F000757420696E206D696C6C697365636F6E0F
:10C3000064732E2044656661756C743A2031353053
:10C3100030206D736563732E0A2020202020202D8D
:10C320002D635F636F756E74203C696E743E2C20C4
:10C33000202020202020546865206E756D62657273
:10C34000206F662074696D657320746F2073656E4D
:10C3500064207468652070696E6720726571756508
:10C3600073742E2044656661756C743A20352E0A0C
:10C3700020202D6C2C202D2D635F736C6F74732027
:10C380003C696E743E2C20202020202020506179B2
:10C390006C6F6164206C656E6774682028696E201C
:10C3A000736C6F74732920746F2062652073656EDF
:10C3B000742E2044656661756C743A20312E0A2013
:10C3C000202D692C202D2D635F696E746572766156
:10C3D0006C203C696E743E2C20202020496E7465D0
:10C3E0007276616C206265747765656E2073756323
:10C3F00063657373697665207061636B657420741F
:10C4000072616E736D697373696F6E730A20202099
:10C41000202020202020202020202020202020201C
:10C4200020202020202020202020696E207365639A
:10C430006F6E64732E2044656661756C743A2032A9
:10C4400020736563732E0A2020202020202D2D6369
:10C450005F74785F6D6373203C696E743E2C20209E
:10C460002020202053657420636C69656E7420540D
:10C4700058204D43532E2044656661756C743A20F4
:10C4800066726F6D20636F6D6D6F6E2074782073B0
:10C49000657474696E67732E0A2020202020202D79
:10C4A0002D635F74785F707772203C696E743E2CE8
:10C4B000202020202020545820706F77657220287B
:10C4C00064426D292C0A20202020202020202020BA
:10C4D000202020202020202020202020202020205C
:10C4E0002020205B2D34302C2D33302C2D32302C5D
:10C4F0002D31362C2D31322C2D382C2D342C302C46
:10C50000342C372C31302C31332C31362C31392C22
:10C5100032312C32335D2E0A202020202020202092
:10C52000202020202020202020202020202020200B
:10C53000202020202053656520737570706F727401
:10C540006564206D617820666F722074686520755F
:10C550007365642062616E64206279207573696E10
:10C56000670A20202020202020202020202020209A
:10C5700020202020202020202020202020202022B9
:10C58000646563742073746174757322202D636F06
:10C590006D6D616E64206F75747075742E0A202045
:10C5A000202020202020202020202020202020208B
:10C5B0002020202020202020202020446566617536
:10C5C0006C743A2066726F6D20636F6D6D6F6E20B4
:10C5D00074782073657474696E67732E0A20202046
:10C5E0002020202D2D635F74785F6C62745F70650E
:10C5F00072696F64203C636E743E2C20204C69731A
:10C6000074656E204265666F72652054616C6B20A4
:10C61000284C42542920706572696F642028737910
:10C620006D626F6C20636F756E74292E0A20202056
:10C6300020202020202020202020202020202020FA
:10C64000202020202020202020202020205A657219
:10C650006F2076616C75652064697361626C6573C7
:10C66000204C4254202864656661756C74292E0A3A
:10C6700020202020202020202020202020202020BA
:10C6800020202020202020202020202020202020AA
:10C6900056616C69642072616E676520666F7220F6
:10C6A00073796D626F6C20636F756E743A20322DF2
:10C6B0003131302E0A2020202020202D2D635F7460
:10C6C000785F6C62745F627573795F7468203C6434
:10C6D000626D3E2C204C4254206275737920525377
:10C6E0005349207468726573686F6C6420286442D3
:10C6F0006D292E2056616C6964206F6E6C792077ED
:10C7000068656E204C42540A2020202020202020E2
:10C710002020202020202020202020202020202019
:10C720002020202020202020697320656E61626C0B
:10C7300065642E2044656661756C742066726F6D49
:10C74000205253534920627573792074687265735F
:10C75000686F6C642073657474696E672E0A20209C
:10C76000202020202D2D735F74785F6964203C6940
:10C77000643E2C20202020202020205461726765F8
:10C780007420736572766572207472616E736D6960
:10C7900074746572206964202864656661756C74C0
:10C7A0003A203338292E0A20202020202020202043
:10C7B0002020202020202020202020202020202079
:10C7C000202020204E6F74653A206C6F776573745B
:10C7D00020313662697473206F66207472616E73E3
:10C7E0006D697474657220696420286C6F6E6720AF
:10C7F0005244204944292E0A20202D6520202D2D29
:10C8000072785F6578705F727373695F6C65766567
:10C810006C203C696E743E2C2053657420657870E2
:10C8200065637465642052535349206C6576656C6A
:10C83000206F6E205258202864426D292E0A202035
:10C8400020202020202020202020202020202020E8
:10C8500020202020202020202020202020202044B4
:10C86000656661756C743A2066726F6D20636F6DDA
:10C870006D6F6E2072782073657474696E67732EA5
:10C880000A20202D6D2C202D2D727373695F6D652C
:10C8900061732C2020202020202020202020496689
:10C8A000207365742C2052535349206D6561737554
:10C8B00072656D656E74732061726520656E61626C
:10C8C0006C65642E2044656661756C743A206469F9
:10C8D0007361626C65642E0A2020202020202020B5
:10C8E0002020202020202020202020202020202048
:10C8F00020202020205768656E20656E61626C657F
:10C90000642C2052535349206D6561737572656DB7
:10C91000656E747320617265207072696E746564EF
:10C9200020616674657220657665727920323030D8
:10C930000A2020202020202020202020202020200D
:10C9400020202020202020202020202020206D6555
:10C9500061737572656D656E747320616E642061BC
:10C960006674657220726563656976696E672050CA
:10C97000494E475F5245512F524553500A202020BF
:10C9800020202020202020202020202020202020A7
:10C990002020202020202020202028692E652E20E5
:10C9A0006D6561737572656D656E74732061726516
:10C9B00020646F6E65206265666F72652074686FB3
:10C9C0007365292E0A2020202020202D2D74785FC9
:10C9D0007077725F6374726C5F6175746F2C202066
:10C9E0002020496620676976656E2C2073656E6429
:10C9F000696E672073696465206F662074686520BE
:10CA000070696E6720504455207472696573207494
:10CA10006F2061646A7573742054580A20202020A6
:10CA20002020202020202020202020202020202006
:10CA3000202020202020202020706F776572206128
:10CA400063636F7264696E6720746F2070656572CE
:10CA5000277320657870656374656420525820528E
:10CA6000535349206C6576656C0A202020202020D5
:10CA700020202020202020202020202020202020B6
:10CA80002020202020202028696E666F726D65644A
:10CA900020696E2070656572277320504455292ED9
:10CAA000205374617274696E6720706F696E7420B0
:10CAB000697320635F74785F7077720A202020208A
:10CAC0002020202020202020202020202020202066
:10CAD000202020202020202020696E206120636CEF
:10CAE00069656E7420736964652C20616E642061D1
:10CAF0007320726563656976656420696E2073656D
:10CB00007276657220736964652E0A2020202020C9
:10CB10002020202020202020202020202020202015
:10CB20002020202020202020417320612064656681
:10CB300061756C742C2066756E6374696F6E616CC0
:10CB40006974792069732064697361626C65642E0D
:10CB50000A2020202020202D2D74785F7077725FAE
:10CB60006374726C5F7064755F72785F6578705F14
:10CB7000727373695F6C6576656C203C64626D3EB0
:10CB80002C20536574206578706563746564205249
:10CB9000582052535349206C6576656C20286442B6
:10CBA0006D290A2020202020202020202020202045
:10CBB0002020202020202020202020202020202075
:10CBC0002020202020202020202020202020202065
:10CBD00020202020616E6E6F756E63656420696E23
:10CBE00020612070696E67205044552E0A20202055
:10CBF0002020202020202020202020202020202035
:10CC00002020202020202020202020202020202024
:10CC100020202020202020202020202020204861AB
:10CC20007320696D70616374206F6E6C7920696622
:10CC30002074785F7077725F6374726C5F61757473
:10CC40006F0A2020202020202020202020202020AB
:10CC500020202020202020202020202020202020D4
:10CC600020202020202020202020202020202020C4
:10CC7000202020697320656E61626C65642E0A2035
:10CC800020202020202020202020202020202020A4
:10CC90002020202020202020202020202020202094
:10CCA0002020202020202020202020202020202084
:10CCB00044656661756C74202D36302064426D2E9B
:10CCC0000A466F722048415251206F6E6C793A0AC1
:10CCD00020202D612C202D2D7573655F6861727188
:10CCE0002C2020202020202020202020205573656B
:10CCF00020484152512E20436C69656E742073693F
:10CD00006465207265717565737473204841525172
:10CD100020666565646261636B20666F722073656F
:10CD20006E742070696E670A202020202020202049
:10CD300020202020202020202020202020202020F3
:10CD40002020202020726571756573747320616ED8
:10CD500064206261736564206F6E2072656365692B
:10CD600076656420484152512041434B2F4E414348
:10CD70004B2070696E6720726571756573740A2047
:10CD800020202020202020202020202020202020A3
:10CD900020202020202020202020202069732072A5
:10CDA000652D73656E7420696620706F7373696298
:10CDB0006C652077697468696E20612074696D659F
:10CDC0006F75742E0A0055736167653A2064656358
:10CDD000742072665F746F6F6C205B73746F705D2C
:10CDE000207C205B6F7074696F6E735D0A4E6F7488
:10CDF000653A206D616B652073757265207468619A
:10CE000074206163636573736564206368616E6E2B
:10CE1000656C206973206672656520627920757380
:10CE2000696E6720226465637420727373695F732F
:10CE300063616E22202D636F6D6D616E642E0A0A30
:10CE40004F7074696F6E733A0A20202D6D2C202D5F
:10CE50002D72665F6D6F64652C20202020202020BD
:10CE6000202020202020202020202020202052466A
:10CE7000206F7065726174696F6E206D6F64652CD0
:10CE8000206F6E65206F662074686520666F6C6C1D
:10CE90006F77696E673A20227278222C0A20202050
:10CEA0002020202020202020202020202020202082
:10CEB0002020202020202020202020202020202072
:10CEC000202272785F636F6E74222C202274782285
:10CED0002C202272785F7478222E0A2020202020B5
:10CEE0002020202020202020202020202020202042
:10CEF0002020202020202020202020202020202032
:10CF000044656661756C743A202272785F636F6E57
:10CF100074222E0A202020202020202020202020C3
:10CF20002020202020202020202020202020202001
:10CF30002020202020202020204E6F74653A2041A0
:10CF40007320612064656661756C742C20524620E4
:10CF50006D6F6465202272785F636F6E7422206942
:10CF6000730A202020202020202020202020202084
:10CF700020202020202020202020202020202020B1
:10CF8000202020202020207265706F7274696E67E7
:10CF90002074686520726573756C7473206F6E6C95
:10CFA00079207768656E0A2020202020202020200C
:10CFB0002020202020202020202020202020202071
:10CFC0002020202020202020202020202264656393
:10CFD000742072665F746F6F6C2073746F702220A0
:10CFE000697320676976656E2C20616E64207768AE
:10CFF000656E206D61782052580A20202020202064
:10D000002020202020202020202020202020202020
:10D0100020202020202020202020202020202064CC
:10D0200075726174696F6E206973207265616368DF
:10D03000656420616E6420525820697320726573A4
:10D040007461727465642E0A202020202020202024
:10D0500020202020202020202020202020202020D0
:10D06000202020202020202020202020204E6F74EF
:10D07000653A20757365202D2D636F6E74696E752A
:10D080006F7573206F7074696F6E20746F20656E9A
:10D0900061626C6520636F6E74696E756F75730A7B
:10D0A0002020202020202020202020202020202080
:10D0B0002020202020202020202020202020202070
:10D0C00020202020206D6F64652C20692E652E2085
:10D0D000746F20636F6E74696E7565206F7665720C
:10D0E0002064656661756C740A2020202020202051
:10D0F0002020202020202020202020202020202030
:10D100002020202020202020202020202020667287
:10D11000616D655F7265706561745F636F756E7474
:10D120005F696E74657276616C732E0A2020202010
:10D1300020202D2D72665F6D6F64655F706565726E
:10D140002C202020202020202020202020202020D3
:10D15000205246206F7065726174696F6E206D6F2A
:10D160006465206F66207468652054582073696474
:10D170006520706565722C0A202020202020202048
:10D18000202020202020202020202020202020209F
:10D190002020202020202020202020202063616EBD
:10D1A000206265206F6E65206F662074686520665A
:10D1B0006F6C6C6F77696E673A20227478222C202E
:10D1C0002272785F7478222E0A20202020202020CE
:10D1D000202020202020202020202020202020204F
:10D1E00020202020202020202020202020204F6EC2
:10D1F0006C79206D65616E696E6766756C20696615
:10D200002072665F6D6F646520697320736574209A
:10D21000746F202272785F636F6E74222E0A202052
:10D2200020202020202020202020202020202020FE
:10D2300020202020202020202020202020202020EE
:10D24000202020496620757365642C207365742046
:10D250006672616D6520636F6E66696720617265D5
:10D2600020686176696E6720696D706163742066FD
:10D270006F720A2020202020202020202020202023
:10D28000202020202020202020202020202020209E
:10D29000202020202020202063616C63756C617445
:10D2A000696E672070656572206672616D65206CBD
:10D2B000656E6774682E0A20202020202020202000
:10D2C000202020202020202020202020202020205E
:10D2D0002020202020202020202020204465666956
:10D2E0006E657320616C736F207265706F72746904
:10D2F0006E6720696E74657276616C206261736519
:10D3000064206F6E207365740A2020202020202066
:10D31000202020202020202020202020202020200D
:10D320002020202020202020202020202020667265
:10D33000616D696E6720706172616D65746572738D
:10D340002E0A2020202020202020202020202020E5
:10D3500020202020202020202020202020202020CD
:10D36000202020202020204E6F74653A2077696CA1
:10D370006C20656E61626C652072785F66696E64B0
:10D380005F73796E63206175746F6D617469636139
:10D390006C6C792E0A2020202020202020202020A4
:10D3A000202020202020202020202020202020207D
:10D3B0002020202020202020202044656661756CDC
:10D3C000743A204E6F6E652E0A20202D742C202D6D
:10D3D0002D74785F6964203C69643E2C20202020F5
:10D3E00020202020202020202020202020205461C8
:10D3F00072676574207478206964202864656661AA
:10D40000756C743A203338292E0A20202D632C2085
:10D410002D2D6368616E6E656C203C696E743E2CC8
:10D4200020202020202020202020202020202043D9
:10D4300068616E6E656C2E2044656661756C742043
:10D44000313636352E0A2020202020202020202092
:10D4500020202020202020202020202020202020CC
:10D46000202020202020202020202052616E67656F
:10D47000733A2062616E642023313A2031363537A9
:10D480002D3136373720286F6E6C79206F64642019
:10D490006E756D62657273206173207065720A200B
:10D4A000202020202020202020202020202020207C
:10D4B000202020202020202020202020202020206C
:10D4C000202020204554534920454E203330312020
:10D4D0003430362D322C20636820342E332E322EF9
:10D4E00033292C0A2020202020202020202020202A
:10D4F000202020202020202020202020202020202C
:10D5000020202020202020202062616E64202332F1
:10D5100020313638302D313730302C2062616E6446
:10D52000202334203532352D3535312C0A2020206A
:10D5300020202020202020202020202020202020EB
:10D5400020202020202020202020202020202020DB
:10D55000202062616E6420233920313730332D3131
:10D560003731312C2062616E642023323220313613
:10D5700039312D313731312E0A20202D6520202DD3
:10D580002D72785F6578705F727373695F6C657612
:10D59000656C203C696E743E2C2020202020536551
:10D5A0007420657870656374656420525353492014
:10D5B0006C6576656C206F6E205258202864426D31
:10D5C000292E0A202020202020202020202020205A
:10D5D000202020202020202020202020202020204B
:10D5E000202020202020202044656661756C743A3C
:10D5F0002066726F6D20636F6D6D6F6E2072782084
:10D6000073657474696E67732E0A202020202020B1
:10D610002D2D72785F73686F775F6D696E5F6D61D6
:10D62000785F76616C7565732C2020202020205354
:10D63000686F77206D696E2F6D6178205258205287
:10D640005353492F534E522076616C756573206990
:10D650006E20726573756C74732E0A202020202052
:10D6600020202020202020202020202020202020BA
:10D6700020202020202020202020202020202020AA
:10D6800044656661756C743A2064697361626C65A7
:10D690006420286F6E6C7920617665726167652001
:10D6A00073686F776E292E0A20202D7020202D2D73
:10D6B00074785F707772203C696E743E2C20202055
:10D6C00020202020202020202020202020545820EE
:10D6D000706F776572202864426D292C0A20202003
:10D6E000202020202020202020202020202020203A
:10D6F000202020202020202020202020202020202A
:10D7000020205B2D34302C2D33302C2D32302C2D1D
:10D7100031362C2D31322C2D382C2D342C302C340C
:10D720002C372C31302C31332C31362C31392C32F2
:10D73000312C32335D0A2020202020202020202080
:10D7400020202020202020202020202020202020D9
:10D7500020202020202020202020205365652073B9
:10D760007570706F72746564206D617820666F7279
:10D770002074686520757365642062616E64206240
:10D7800079207573696E670A2020202020202020D0
:10D790002020202020202020202020202020202089
:10D7A00020202020202020202020202020226465EE
:10D7B00063742073746174757322202D636F6D6DB3
:10D7C000616E64206F75747075742E0A202020209D
:10D7D0002020202020202020202020202020202049
:10D7E0002020202020202020202020202020202039
:10D7F0002044656661756C743A2066726F6D2063B3
:10D800006F6D6D6F6E2074782073657474696E67C8
:10D81000732E0A2020202020202D2D74785F6D6328
:10D8200073203C696E743E2C202020202020202074
:10D830002020202020202020536574205458204D83
:10D8400043532E2044656661756C743A2066726F8E
:10D850006D20636F6D6D6F6E2074782073657474C6
:10D86000696E67732E0A2020202020202D2D7478C9
:10D870005F6C62745F706572696F64203C636E7484
:10D880003E2C2020202020202020204C697374650D
:10D890006E204265666F72652054616C6B20284C67
:10D8A00042542920706572696F64202873796D6213
:10D8B0006F6C20636F756E74292E0A202020202043
:10D8C0002020202020202020202020202020202058
:10D8D0002020202020202020202020202020202048
:10D8E0005A65726F2076616C756520646973616238
:10D8F0006C6573204C4254202864656661756C74B5
:10D90000292E0A2020202020202020202020202016
:10D910002020202020202020202020202020202007
:10D92000202020202020202056616C696420726114
:10D930006E676520666F722073796D626F6C20630D
:10D940006F756E743A20322D3131302E0A2020202E
:10D950002020202D2D74785F6C62745F627573795E
:10D960005F7468203C64626D3E2C202020202020C3
:10D9700020204C4254206275737920525353492021
:10D980007468726573686F6C64202864426D292E18
:10D990002056616C6964206F6E6C79207768656EC3
:10D9A000204C42540A20202020202020202020200B
:10D9B0002020202020202020202020202020202067
:10D9C00020202020202020202020697320656E61E7
:10D9D000626C65642E2044656661756C74206672A5
:10D9E0006F6D2052535349206275737920746872A9
:10D9F0006573686F6C642073657474696E672E0A52
:10DA00004672616D65207374727563747572653AE0
:10DA10000A72785F6672616D655F73746172745FBC
:10DA20006F6666736574202B2072785F73756273FE
:10DA30006C6F745F636F756E74202B2072785F69F2
:10DA4000646C655F737562736C6F745F636F756E22
:10DA500074202B0A74785F6672616D655F73746100
:10DA600072745F6F6666736574202B2074785F73C1
:10DA70007562736C6F745F636F756E74202B2074A6
:10DA8000785F69646C655F737562736C6F745F63F4
:10DA90006F756E740A0A0A20202D732C202D2D72AA
:10DAA000785F66696E645F73796E632C2020202036
:10DAB000202020202020202020202020436F6E7452
:10DAC000696E756F757320525820756E74696C207D
:10DAD00073796E6320666F756E6420616E64207466
:10DAE00068656E20525820706172740A20202020D0
:10DAF0002020202020202020202020202020202026
:10DB00002020202020202020202020202020202015
:10DB1000206F6620746865206672616D6520697388
:10DB200020737461727465642066726F6D20726513
:10DB300063656976656420525820535446207469A1
:10DB40006D652E0A2020202020202020202020204B
:10DB500020202020202020202020202020202020C5
:10DB600020202020202020202044656661756C74D0
:10DB70003A2066616C73652E0A2020202020202D1B
:10DB80002D6672616D655F7265706561745F636F4C
:10DB9000756E74203C696E743E2C202020205468E1
:10DBA00065206E756D626572206F662072657065A6
:10DBB00061747320666F722074686520636F6E668F
:10DBC0006967757265642054582F52580A202020C6
:10DBD0002020202020202020202020202020202045
:10DBE0002020202020202020202020202020202035
:10DBF00020206672616D652E0A20202020202020C2
:10DC00002020202020202020202020202020202014
:10DC10002020202020202020202020202020546888
:10DC2000697320697320616C736F20746865206369
:10DC30006F756E7420686F77206D616E79206974DE
:10DC400065726174696F6E73206F660A20202020F0
:10DC500020202020202020202020202020202020C4
:10DC600020202020202020202020202020202020B4
:10DC700020636F6E66696775726564206672616D98
:10DC80006520617265207363686564756C656420E6
:10DC90006174206F6E636520616E640A202020200D
:10DCA0002020202020202020202020202020202074
:10DCB0002020202020202020202020202020202064
:10DCC00020697320616C736F2061207265706F72C0
:10DCD00074696E6720696E74657276616C2E0A20B5
:10DCE0002020202020202020202020202020202034
:10DCF0002020202020202020202020202020202024
:10DD0000202020205468657265206973206E6F2082
:10DD100064656C6179206265747765656E206672F2
:10DD2000616D65732E0A20202020202020202020D5
:10DD300020202020202020202020202020202020E3
:10DD4000202020202020202020202044656661758E
:10DD50006C743A2031352E0A2020202020202D2DD1
:10DD60006672616D655F7265706561745F636F7522
:10DD70006E745F696E74657276616C73203C696E57
:10DD8000743E2C20546865206E756D626572206F3C
:10DD90006620696E74657276616C7320666F720AB4
:10DDA0002020202020202020202020202020202073
:10DDB0002020202020202020202020202020202063
:10DDC0002020202020202020202020206672616D2D
:10DDD000655F7265706561745F636F756E742E0A3E
:10DDE0002020202020202020202020202020202033
:10DDF0002020202020202020202020202020202023
:10DE00002020202020496E74657276616C73206139
:10DE10007265207363686564756C65642041534165
:10DE2000502061667465720A202020202020202066
:10DE300020202020202020202020202020202020E2
:10DE400020202020202020202020202020746865F1
:10DE50002070726576696F7573206F6E652E0A206B
:10DE600020202020202020202020202020202020B2
:10DE700020202020202020202020202020202020A2
:10DE80002020202044656661756C743A20352E0A86
:10DE90002020202020202D2D636F6E74696E756FF9
:10DEA00075732C20202020202020202020202020BE
:10DEB0002020202020456E61626C6520636F6E74A7
:10DEC000696E756F7573206D6F64652C2063616E6C
:10DED0002062652073746F707065642062792075AC
:10DEE00073696E673A0A20202020202020202020FD
:10DEF0002020202020202020202020202020202022
:10DF000020202020202020202020202264656374EF
:10DF10002072665F746F6F6C2073746F70222E0AAC
:10DF200020202020202020202020202020202020F1
:10DF300020202020202020202020202020202020E1
:10DF4000202020202044656661756C743A20646945
:10DF50007361626C65642E0A2020202020202D2D04
:10DF600072785F6672616D655F73746172745F6F02
:10DF70006666736574203C696E743E2C205375622E
:10DF8000736C6F7420636F756E74206265666F7258
:10DF900065205258206F7065726174696F6E0A2037
:10DFA0002020202020202020202020202020202071
:10DFB0002020202020202020202020202020202061
:10DFC0002020202063616C63756C61746564206639
:10DFD000726F6D2061207374617274206F662061AE
:10DFE000206672616D652E0A2020202020202020CE
:10DFF0002020202020202020202020202020202021
:10E000002020202020202020202020202044656661
:10E0100061756C743A203020283D737461727469A4
:10E020006E672066726F6D2074686520737461720C
:10E0300074206F662061206672616D65292E0A204A
:10E0400020202020202D2D72785F737562736C6FF5
:10E05000745F636F756E74203C696E743E2C202073
:10E0600020202020546865206475726174696F6E89
:10E07000206F6620746865205258206F7065726149
:10E0800074696F6E20696E20737562736C6F747340
:10E090002E0A202020202020202020202020202088
:10E0A0002020202020202020202020202020202070
:10E0B000202020202020204E6F74653A206E6F2093
:10E0C000696D70616374206966206A7573742022BB
:10E0D000747822206D6F646520696E207573652EDB
:10E0E0000A20202020202020202020202020202046
:10E0F0002020202020202020202020202020202020
:10E1000020202020202044656661756C743A2035FB
:10E110002E0A2020202020202D2D72785F69646C2B
:10E12000655F737562736C6F745F636F756E742077
:10E130003C696E743E2C2049646C65206475726184
:10E1400074696F6E206166746572205258206F701A
:10E1500065726174696F6E20696E20737562736C8D
:10E160006F74732E0A2020202020202020202020C1
:10E17000202020202020202020202020202020209F
:10E180002020202020202020202044656661756CFE
:10E19000743A20352E0A2020202020202D2D74783E
:10E1A0005F6672616D655F73746172745F6F6666DE
:10E1B000736574203C696E743E2C20537562736CD9
:10E1C0006F7420636F756E74206265666F72652070
:10E1D0005458206F7065726174696F6E0A20202038
:10E1E000202020202020202020202020202020202F
:10E1F000202020202020202020202020202020201F
:10E20000202063616C63756C617465642066726F55
:10E210006D2074686520626567696E6E696E67203F
:10E220006F66207468652054582F525820667261BA
:10E230006D652E0A20202020202020202020202054
:10E2400020202020202020202020202020202020CE
:10E2500020202020202020202044656661756C74D9
:10E26000733A20776974682022747822206F6E6C6C
:10E2700079206D6F64653A2030202830203D2031B0
:10E28000737420737562736C6F74292C0A202020BC
:10E29000202020202020202020202020202020207E
:10E2A000202020202020202020202020202020206E
:10E2B000202077697468202272785F747822206D3C
:10E2C0006F64653A0A202020202020202020202072
:10E2D000202020202020202020202020202020203E
:10E2E0002020202020202020202072785F6672616C
:10E2F0006D655F73746172745F6F666673657420B9
:10E300002B2072785F737562736C6F745F636F75C7
:10E310006E74202B0A202020202020202020202066
:10E3200020202020202020202020202020202020ED
:10E330002020202020202020202072785F69646C1B
:10E34000655F737562736C6F745F636F756E742E47
:10E350000A2020202020202D2D74785F7375627391
:10E360006C6F745F636F756E74203C696E743E2CC5
:10E37000202020202020546865206C656E6774681A
:10E38000206F6620746865205458206F7065726134
:10E3900074696F6E20696E20737562736C6F74732D
:10E3A0002E0A202020202020202020202020202075
:10E3B000202020202020202020202020202020205D
:10E3C0002020202020202044656661756C743A204E
:10E3D000342E0A2020202020202020202020202031
:10E3E000202020202020202020202020202020202D
:10E3F00020202020202020204E6F74653A204F6E70
:10E400006C79204D4353302026204D4353312073E7
:10E410007570706F72747320382F313620636F6E91
:10E4200073656375746976652054580A202020202E
:10E4300020202020202020202020202020202020DC
:10E4400020202020202020202020202020202020CC
:10E4500020736C6F74732F737562736C6F74732E8B
:10E46000204D43533320737570706F727473203571
:10E470002F31300A20202020202020202020202082
:10E48000202020202020202020202020202020208C
:10E49000202020202020202020545820736C6F74CE
:10E4A000732F737562736C6F747320616E64204D8B
:10E4B00043533420737570706F727473206D61787C
:10E4C000206F6620342F380A202020202020202092
:10E4D000202020202020202020202020202020203C
:10E4E00020202020202020202020202020636F6E4C
:10E4F000736563757469766520545820736C6F7406
:10E50000732F737562736C6F74732E0A2020202032
:10E5100020202D2D74785F69646C655F737562735C
:10E520006C6F745F636F756E74203C696E743E2C03
:10E530002049646C65206475726174696F6E206136
:10E5400066746572205458206F7065726174696FCB
:10E550006E20696E20737562736C6F74732E0A205F
:10E5600020202020202020202020202020202020AB
:10E57000202020202020202020202020202020209B
:10E580002020202044656661756C743A20362E0A7E
:10E590000055736167653A20646563742070657225
:10E5A0006620205B73746F705D207C205B3C73651C
:10E5B000727665723E7C3C636C69656E743E205B6E
:10E5C0007365727665725F6F7074696F6E735D7C70
:10E5D0005B636C69656E745F6F7074696F6E735D99
:10E5E0000A4E6F74653A206D616B652073757265B4
:10E5F000207468617420616363657373656420636C
:10E6000068616E6E656C2069732066726565206254
:10E6100079207573696E6720226465637420727354
:10E6200073695F7363616E22202D636F6D6D616E20
:10E63000642E0A0A4F7074696F6E733A0A20202D97
:10E64000632C202D2D636C69656E742C2020202096
:10E650002020202020202020202020202020436C4B
:10E6600069656E7420726F6C652E0A20202D732CE4
:10E67000202D2D7365727665722C2020202020209D
:10E68000202020202020202020202020536572766A
:10E69000657220726F6C652E0A20202D742C202D3F
:10E6A0002D6475726174696F6E203C696E743E2CC6
:10E6B00020202020202020202020447572617469B1
:10E6C0006F6E2074696D652E0A2020202020202086
:10E6D000202020202020202020202020202020203A
:10E6E0002020202020202020202044656661756C99
:10E6F000742035207365636F6E64732E20466F72CD
:10E7000020636F6E74696E756F75732073657276B2
:10E7100065723A202D312E0A2020202020202D2D18
:10E720006368616E6E656C203C696E743E2C2020BF
:10E730002020202020202020204368616E6E656C00
:10E740002E2044656661756C7420313636352E0A8C
:10E7500020202D6520202D2D72785F6578705F72E6
:10E760007373695F6C6576656C203C696E743E2CD2
:10E770002053657420657870656374656420525316
:10E780005349206C6576656C206F6E2052582028A6
:10E7900064426D292E0A20202020202020202020C5
:10E7A0002020202020202020202020202020202069
:10E7B00020202020202020436C69656E742073691E
:10E7C000646520696D70616374206F6E20525820FB
:10E7D000666F7220484152512066656564626163CC
:10E7E0006B0A2020202020202020202020202020F4
:10E7F0002020202020202020202020202020202019
:10E80000202020616E6420726573756C74732E0A0B
:10E8100020202020202020202020202020202020F8
:10E8200020202020202020202020202020202020E8
:10E830002044656661756C743A2066726F6D206362
:10E840006F6D6D6F6E2072782073657474696E677A
:10E85000732E0A2020202020202D2D735F74785FD6
:10E860006964203C69643E2C202020202020202048
:10E8700020202020546172676574207478206964B8
:10E88000202864656661756C743A203338292E0A35
:10E890002020202020202D2D635F736C6F74732047
:10E8A0003C696E743E2C2020202020202020202037
:10E8B00020436F756E74206F6620636F6E7365639F
:10E8C000757469766520736C6F74732E2044656669
:10E8D00061756C743A20322E0A2020202020202DD1
:10E8E0002D635F6761705F736C6F7473203C696E3A
:10E8F000743E2C20202020202020436F756E742031
:10E900006F662067617020736C6F7473206265742A
:10E910007765656E206F7065726174696F6E732EB6
:10E920002044656661756C743A20322E0A202020DE
:10E930002020202D2D635F6761705F737562736C9B
:10E940006F7473203C696E743E2C20202020496E29
:10E950007374656164206F6620736C6F74732C2010
:10E96000636F756E74206F662067617020737562C7
:10E97000736C6F7473206265747765656E0A20200E
:10E980002020202020202020202020202020202087
:10E990002020202020202020202020202020206F28
:10E9A0007065726174696F6E732E0A2020202020BA
:10E9B0002020202020202020202020202020202057
:10E9C0002020202020202020202020204465666157
:10E9D000756C743A20617320736C6F7473202863B4
:10E9E0005F6761705F736C6F7473292E0A2020203B
:10E9F0002020202D2D635F74785F707772203C6932
:10EA00006E743E2C202020202020202020205458CE
:10EA100020706F776572202864426D292C0A2020AF
:10EA200020202020202020202020202020202020E6
:10EA30002020202020202020202020202020205B9B
:10EA40002D34302C2D33302C2D32302C2D31362CD2
:10EA50002D31322C2D382C2D342C302C342C372CBD
:10EA600031302C31332C31362C31392C32312C329F
:10EA7000335D2E0A2020202020202020202020204E
:10EA80002020202020202020202020202020202086
:10EA9000202020202053656520737570706F72747C
:10EAA0006564206D617820666F72207468652075DA
:10EAB0007365642062616E64206279207573696E8B
:10EAC000670A202020202020202020202020202015
:10EAD0002020202020202020202020202020202036
:10EAE000202020226465637420737461747573221E
:10EAF000202D636F6D6D616E64206F757470757419
:10EB00002E0A20202020202020202020202020200D
:10EB100020202020202020202020202020202020F5
:10EB200020202044656661756C743A2066726F6DB2
:10EB300020636F6D6D6F6E207478207365747469D7
:10EB40006E67732E0A2020202020202D2D635F74F5
:10EB5000785F6D6373203C696E743E2C202020200A
:10EB600020202020202053657420636C69656E741A
:10EB7000205458204D43532E2044656661756C74B3
:10EB80003A2066726F6D20636F6D6D6F6E207478C2
:10EB90002073657474696E67732E0A20202020200C
:10EBA000202D2D635F74785F6C62745F706572698D
:10EBB0006F64203C636E743E2C2020204C6973747B
:10EBC000656E204265666F72652054616C6B20280B
:10EBD0004C42542920706572696F64202873796DE6
:10EBE000626F6C20636F756E74292E0A20202020BE
:10EBF0002020202020202020202020202020202015
:10EC0000202020202020202020202020205A657233
:10EC10006F2076616C75652064697361626C6573E1
:10EC2000204C4254202864656661756C74292E0A54
:10EC300020202020202020202020202020202020D4
:10EC400020202020202020202020202020202020C4
:10EC50002056616C69642072616E676520666F7210
:10EC60002073796D626F6C20636F756E743A203219
:10EC70002D3131302E0A2020202020202D2D635FC1
:10EC800074785F6C62745F627573795F7468203C3E
:10EC900064626D3E2C20204C4254206275737920B2
:10ECA00052535349207468726573686F6C642028EE
:10ECB00064426D292E2056616C6964206F6E6C79F8
:10ECC000207768656E204C42540A202020202020A6
:10ECD0002020202020202020202020202020202034
:10ECE0002020202020202020202020697320656EF5
:10ECF00061626C65642E2044656661756C74206683
:10ED0000726F6D2052535349206275737920746875
:10ED1000726573686F6C642073657474696E672EB6
:10ED20000A20202D642C202D2D64656275672C200F
:10ED300020202020202020202020202020202020D3
:10ED400020205072696E7420435243206572726FA6
:10ED500072732E204E6F74653A206D696768742057
:10ED6000696D70616374206F6E2061637475616C8E
:10ED70000A202020202020202020202020202020A9
:10ED80002020202020202020202020202020202083
:10ED900020207065726620262074696D696E677325
:10EDA0002E0A466F722048415251206F6E6C793A9C
:10EDB0000A20202D612C202D2D7573655F686172EE
:10EDC000712C2020202020202020202020202020E6
:10EDD0002020202020202020202020202020202033
:10EDE00055736520484152512E0A202020202020B2
:10EDF0002D2D6D646D5F696E69745F686172715FFE
:10EE000070726F636573735F636F756E74203C69B6
:10EE10006E743E2C2020202020436F756E74206F6E
:10EE20006620484152512052582070726F636573BA
:10EE300073657320666F720A202020202020202016
:10EE400020202020202020202020202020202020C2
:10EE500020202020202020202020202020202020B2
:10EE6000202020202020206D6F64656D20696E6950
:10EE700074205B312C322C342C385D2E0A2020205B
:10EE80002020202020202020202020202020202082
:10EE90002020202020202020202020202020202072
:10EEA0002020202020202020202020204465666172
:10EEB000756C742066726F6D20636F6D6D6F6E2060
:10EEC00073657474696E67732E0A202020202020D9
:10EED0002D2D6D646D5F696E69745F686172715F1D
:10EEE0006578706972795F74696D655F7573203CD0
:10EEF000696E743E2C2020202048415251205258E7
:10EF00002062756666657220657870697279207412
:10EF1000696D652C0A202020202020202020202020
:10EF200020202020202020202020202020202020E1
:10EF300020202020202020202020202020202020D1
:10EF400020202020696E206D6963726F7365636F86
:10EF50006E64732E0A2020202020202020202020D4
:10EF600020202020202020202020202020202020A1
:10EF70002020202020202020202020202020202091
:10EF8000202020204D6178696D756D20737570703B
:10EF90006F727465642076616C75653A2035303027
:10EFA000303030302E0A2020202020202020202029
:10EFB0002020202020202020202020202020202051
:10EFC0002020202020202020202020202020202041
:10EFD000202020202044656661756C742066726F65
:10EFE0006D20636F6D6D6F6E2073657474696E67ED
:10EFF000732E0A20202020202020436C69656E7427
:10F0000020736964652054582077697468204841EA
:10F01000525120697465726174696F6E3A0A0963AE
:10F020005F736C6F7473202D20635F686172715F12
:10F03000666565646261636B5F72785F64656C616D
:10F04000795F737562736C6F7473202D20635F68D2
:10F050006172715F666565646261636B5F72785F40
:10F06000737562736C6F7473202D0A20202020202A
:10F070002020635F6761705F736C6F74730A0A208E
:10F0800020202020202D2D635F686172715F6665EE
:10F0900065646261636B5F72785F64656C61795F00
:10F0A000737562736C6F7473203C696E743E2C20B0
:10F0B000436C69656E7420736964652E0A20202094
:10F0C0002020202020202020202020202020202040
:10F0D0002020202020202020202020202020202030
:10F0E00020202020202020202020202020204120FF
:10F0F000676170206265747765656E205458206181
:10F100006E64207374617274696E672052580A20AD
:10F1100020202020202020202020202020202020EF
:10F1200020202020202020202020202020202020DF
:10F1300020202020202020202020202020202020CF
:10F14000666F722048415251206665656462616352
:10F150006B2E0A202020202020202020202020206C
:10F16000202020202020202020202020202020209F
:10F17000202020202020202020202020202020208F
:10F180002020202044656661756C743A2066726F99
:10F190006D20636F6D6D6F6E2073657474696E673B
:10F1A000732E0A2020202020202D2D635F6861729D
:10F1B000715F666565646261636B5F72785F7375CA
:10F1C00062736C6F7473203C696E743E2C20202037
:10F1D00020202020436C69656E7420736964652E5D
:10F1E0000A20202020202020202020202020202035
:10F1F000202020202020202020202020202020200F
:10F2000020202020202020202020202020202020FE
:10F2100020205258206475726174696F6E202869CD
:10F220006E20737562736C6F74732920666F720A37
:10F2300020202020202020202020202020202020CE
:10F2400020202020202020202020202020202020BE
:10F2500020202020202020202020202020202020AE
:10F2600020726563656976696E6720484152510A6C
:10F27000202020202020202020202020202020208E
:10F28000202020202020202020202020202020207E
:10F29000202020202020202020202020202020206E
:10F2A00020666565646261636B20666F72207468B6
:10F2B0006520636C69656E742054582E0A202020E6
:10F2C000202020202020202020202020202020203E
:10F2D000202020202020202020202020202020202E
:10F2E00020202020202020202020202020204465B5
:10F2F0006661756C743A2066726F6D20636F6D6D18
:10F300006F6E2073657474696E67732E0A202020F7
:10F310002020202D2D635F686172715F70726F63B2
:10F320006573735F6E62725F6D6178203C696E74A5
:10F330003E2C20484152512070726F6365737320D8
:10F340006E62722072616E676520746F205458205F
:10F3500068656164657273205B302D375D2E0A200D
:10F36000202020202020202020202020202020209D
:10F37000202020202020202020202020202020208D
:10F38000202020202044656661756C743A20332C5F
:10F3900020692E652072616E6765206F66202030BF
:10F3A0002D332E0A20202020202020202020202045
:10F3B000202020202020202020202020202020204D
:10F3C000202020202020202020204E6F74653A200D
:10F3D00063616E2062652062696767657220746888
:10F3E00061740A202020202020202020202020209E
:10F3F000202020202020202020202020202020200D
:10F400002020202020202020206D646D5F696E69FF
:10F41000745F686172715F70726F636573735F634D
:10F420006F756E740A2020202020202020202020AC
:10F4300020202020202020202020202020202020CC
:10F44000202020202020202020202062757420747D
:10F4500068656E20616C6C206D69676874206E6FE2
:10F46000742066697420746F2073657276657220EB
:10F47000627566666572732E0A2020202020202087
:10F4800053657276657220736964652052582077DF
:10F4900069746820484152512069746572617469C9
:10F4A0006F6E3A0A0952582064617461202D2073EE
:10F4B0005F686172715F666565646261636B5F74EA
:10F4C000785F64656C61795F737562736C6F747378
:10F4D000202D204841525120666565646261636B4E
:10F4E000202D0A20202020202020735F6861727167
:10F4F0005F666565646261636B5F74785F72785F95
:10F5000064656C61795F737562736C6F7473202DC1
:10F510002052580A0A2020202020202D2D735F68B9
:10F520006172715F666565646261636B5F74785F69
:10F5300064656C61795F737562736C6F7473203C82
:10F54000696E743E2C2020202053657276657220EF
:10F55000736964652E0A202020202020202020208E
:10F56000202020202020202020202020202020209B
:10F57000202020202020202020202020202020208B
:10F580002020202020202020202041206761702082
:10F590006265747765656E20525820616E642073D1
:10F5A00074617274696E670A202020202020202058
:10F5B000202020202020202020202020202020204B
:10F5C000202020202020202020202020202020203B
:10F5D000202020202020202020202020612054587E
:10F5E00020666F722070726F766964696E6720485A
:10F5F0004152510A2020202020202020202020209D
:10F6000020202020202020202020202020202020FA
:10F6100020202020202020202020202020202020EA
:10F620002020202020202020666565646261636BB5
:10F6300020696620726571756573746564206279EE
:10F6400020636C69656E742E0A2020202020202003
:10F6500020202020202020202020202020202020AA
:10F66000202020202020202020202020202020209A
:10F6700020202020202020202020202020446566DB
:10F6800061756C743A2066726F6D20636F6D6D6F7B
:10F690006E2073657474696E67732E0A20202020B3
:10F6A00020202D2D735F686172715F6665656462ED
:10F6B00061636B5F74785F72785F64656C61795FBA
:10F6C000737562736C6F7473203C696E743E2C208A
:10F6D00053657276657220736964652E0A20202056
:10F6E000202020202020202020202020202020201A
:10F6F000202020202020202020202020202020200A
:10F7000020202020202020202020202020202020F9
:10F71000204120676170206265747765656E2048BE
:10F7200041525120666565646261636B2054580ADA
:10F7300020202020202020202020202020202020C9
:10F7400020202020202020202020202020202020B9
:10F7500020202020202020202020202020202020A9
:10F7600020202020656E6420616E642072652D73F8
:10F7700074617274696E6720612073657276657258
:10F780002052582E0A202020202020202020202017
:10F790002020202020202020202020202020202069
:10F7A0002020202020202020202020202020202059
:10F7B00020202020202020202044656661756C7464
:10F7C0003A20342E0A005458204357206F6E676F3A
:10F7D000696E672E0052535349207363616E206F28
:10F7E0006E676F696E672E00506572666F726D612D
:10F7F0006E63652074657374206F6E676F696E67E2
:10F800002E0050696E67206F6E676F696E672E00FD
:10F8100043657274696669636174696F6E206F6EA7
:10F82000676F696E672E0045787465726E616C2033
:10F83000636F6D6D616E64206F6E676F696E672EAA
:10F840000025733A206E72665F6D6F64656D5F644C
:10F850006563745F7068795F636F6E666967757200
:10F86000652072657475726E65643A20256900289A
:10F870002573293A206E72665F6D6F64656D5F64F3
:10F880006563745F7068795F636F6E6669677572D0
:10F890006528292074696D656F75742E0044454391
:10F8A00054206D6F64656D20636F6E666967757255
:10F8B000656420746F2062616E64202325642E00CD
:10F8C000282573293A206E72665F6D6F64656D5FDF
:10F8D000646563745F7068795F616374697661748D
:10F8E000652829206661696C65643A2025640028D2
:10F8F0002573293A206E72665F6D6F64656D5F6473
:10F900006563745F7068795F61637469766174655B
:10F9100028292074696D656F75742E004445435421
:10F92000206D6F64656D20616374697661746564D0
:10F9300020746F20726164696F206D6F64653A2076
:10F9400025732E004D6F64656D206C696272617263
:10F950007920646964206E6F7420696E69746961CE
:10F960006C697A653A2025640A006E72665F6D6F75
:10F9700064656D5F646563745F7068795F65766503
:10F980006E745F68616E646C65725F73657420721B
:10F99000657475726E65643A202569004661696C0C
:10F9A000656420746F2073657420435720746F2042
:10F9B0006D6F64656D3A2025640025733A20746983
:10F9C0006D656F757420666F722077616974696EFA
:10F9D000672074785F63775F73656D613A20256493
:10F9E000004661696C656420746F20736574204300
:10F9F000572063657274696669636174696F6E200C
:10FA000073657474696E677320746F206D6F6465BD
:10FA10006D202D20776520636F6E74696E7565208B
:10FA2000776974686F75742074686F7365004E6FC2
:10FA300074653A2053544620636F7665722073656F
:10FA40007175656E6365206E6F74207365742E002A
:10FA50004661696C656420746F207365742053542B
:10FA60004620636F7665722073657175656E636598
:10FA70003A2025640025733A2074696D656F7574AA
:10FA800020666F722077616974696E67207374668F
:10FA90005F636F7665725F7365715F73656D613A01
:10FAA000202564006E72665F6D6F64656D5F6465CE
:10FAB00063745F7068795F696E69742072657475CC
:10FAC000726E65643A20256900282573293A206EF4
:10FAD00072665F6D6F64656D5F646563745F7068A7
:10FAE000795F696E697428292074696D656F757412
:10FAF0002E00646563745F7068795F6374726C5F15
:10FB0000776F726B65725F746800526563656976C2
:10FB10006564206461746120697320746F6F206C68
:10FB20006F6E6720746F2062652072656365697609
:10FB30006564206279204354524C205448202D2083
:10FB400064697363617264656420286C656E202546
:10FB5000642C206275662073697A65202564290A01
:10FB6000005265636569766564206461746120692B
:10FB70007320746F6F206C6F6E6720746F206265E6
:10FB80002072656365697665642062792053434815
:10FB90004544554C4552205448202D2064697363D8
:10FBA000617264656420286C656E2025642C206277
:10FBB00075662073697A65202564290A00444543E7
:10FBC00054206D6F64656D206C6174656E6379207F
:10FBD000696E666F206E6F742076616C69642E00AA
:10FBE00044454354206D6F64656D206C6174656E8F
:10FBF000637920696E666F3A0020526164696F20F4
:10FC00006D6F6465207370656369666963206C61FC
:10FC100074656E636965733A002020526164696F90
:10FC2000206D6F64653A20257300202020207363C7
:10FC3000686564756C65645F6F7065726174696F27
:10FC40006E5F7472616E736974696F6E3A202564B9
:10FC500000202020207363686564756C65645F6FA5
:10FC60007065726174696F6E5F73746172747570C0
:10FC70003A2025640020202020726164696F206D85
:10FC80006F6465207472616E736974696F6E20644D
:10FC9000656C617920746F2025733A2025640020FB
:10FCA0004F7065726174696F6E206C6174656E630C
:10FCB0006965733A00202052583A00202020696478
:10FCC0006C655F746F5F6163746976653A20256463
:10FCD000002020206163746976655F746F5F6964DA
:10FCE0006C655F727373693A20256400202020617F
:10FCF00063746976655F746F5F69646C655F727861
:10FD00003A2025640020202073746F705F746F5F49
:10FD100072665F6F66663A20256400202054583A68
:10FD2000002020206163746976655F746F5F696489
:10FD30006C653A20256400204D6F64656D2072610A
:10FD400064696F20636F6E66696775726174696F4D
:10FD50006E206475726174696F6E733A002020447E
:10FD60004543542050485920696E697469616C6933
:10FD70007A6174696F6E206475726174696F6E3A2E
:10FD800020256400202044454354205048592064D5
:10FD900065696E697469616C697A6174696F6E20F6
:10FDA0006475726174696F6E3A2025640020204486
:10FDB0004543542050485920636F6E6669677572D9
:10FDC0006174696F6E206475726174696F6E3A2038
:10FDD0002564002020444543542050485920616345
:10FDE0007469766174696F6E206475726174696F8D
:10FDF0006E3A202564002020444543542050485941
:10FE000020646561637469766174696F6E206475DE
:10FE1000726174696F6E3A20256400444543542032
:10FE20006D6F64656D2062616E6420696E666F3A05
:10FE300000202042616E64206E756D6265723A200A
:10FE40002020202020256400202042616E6420674D
:10FE5000726F757020696E6465783A2025640020A1
:10FE6000204D696E20636172726965723A202020AC
:10FE700020202025640020204D617820636172726B
:10FE80006965723A2020202020202564002020501F
:10FE90006F77657220636C6173733A202020202095
:10FEA00020256400202020204D617820706F776528
:10FEB000723A202020202020256464426D002020FA
:10FEC0005258206761696E3A20202020202020208F
:10FED000202025640A0050485920636F6E666967C8
:10FEE000757265206661696C65643A2025640A0054
:10FEF0000A43616E6E6F7420676574206D6F646570
:10FF00006D2074696D652C20657272202564000A6D
:10FF10004D6F64656D2074696D653A20256C6C7554
:10FF20002C206170702074696D6520256C6C6420D4
:10FF300028257320627920256C6C64207469636BBA
:10FF400073290A00626568696E64006168656164AE
:10FF50000043616E6E6F7420676574206D6F646519
:10FF60006D206361706162696C69746965732C20CE
:10FF70006572722025640A000A4D6F64656D206306
:10FF800061706162696C69746965733A0A00202066
:10FF90004E6F206361706162696C6974696573207A
:10FFA000617661696C61626C650A0020204445439A
:10FFB00054204E522B2076657273696F6E3A20255D
:10FFC000640A00202044454354204E522B20766181
:10FFD0007269616E7420636F756E743A2025640ACD
:10FFE000002020202072785F7370617469616C5FFB
:10FFF00073747265616D735B25645D3A2020202007
:020000040004F6
:100000002025640A002020202072785F74785F64C5
:1000100069766572736974795B25645D3A20202086
:10002000202020202025640A00202020206D6373DA
:100030005F6D61785B25645D3A20202020202020C0
:1000400020202020202020202025640A002020209D
:1000500020686172715F736F66745F6275665F734B
:10006000697A655B25645D3A202020202025640A9A
:100070000020202020686172715F70726F63657369
:10008000735F636F756E745F6D61785B25645D3A55
:100090002025640A0020202020686172715F666557
:1000A00065646261636B5F64656C61795B25645D47
:1000B0003A2020202025640A00202020206D755B36
:1000C00025645D3A20202020202020202020202090
:1000D00020202020202020202025640A00434D419C
:1000E0004B455F534F555243455F4449522F7372FE
:1000F000632F646563742F646563745F7068795FF0
:100100006374726C2E63006361706162696C697400
:10011000792D3E76617269616E745B695D2E6D75D5
:10012000203D3D20310020202020626574615B2548
:10013000645D3A2020202020202020202020202024
:1001400020202020202025640A0025733A205741D2
:10015000524E3A20556E657870656374656420650B
:1001600076656E742069642025640A0025733A2040
:1001700063616E6E6F742063616E63656C206F6E79
:10018000676F696E67206F7065726174696F6E73F7
:100190003A2025640025733A206E72665F6D6F64A5
:1001A000656D5F646563745F7068795F63616E63DA
:1001B000656C28292074696D656F75742E0054581C
:1001C00020435720737461727465642E0043616E1E
:1001D0006E6F742072657374617274205258207748
:1001E00068656E205258206973206E6F74206F6EA0
:1001F00020676F696E672E00727820636D642061DE
:100200006C7265616479206F6E20676F696E672E0E
:1002100000416C6C206368616E6E656C7320696E62
:100220002062616E64207363616E6E65642E00529D
:10023000535349207363616E206461746120696E59
:100240006974206661696C65643A20657272006445
:100250006573682D646563742D70687920737461AB
:100260007475733A0041542B43474D52002020547B
:1002700072616E736D69747465722049443A20200E
:10028000202025640020204D6F64656D2066697212
:100290006D776172653A202020202573002525485E
:1002A0005756455253494F4E3A20253132385B5EFE
:1002B0000D0A5D00415425485756455253494F4E4B
:1002C00000202048572076657273696F6E3A2020AF
:1002D00020202020202025730020204D6F64656D94
:1002E0002074656D70657261747572653A2025734E
:1002F000430052535349207363616E2072657375D6
:100300006C7473206E6F7420617661696C61626CCD
:10031000652E002020204E6F206265737420636874
:10032000616E6E656C20666F756E642E002D2D2DCE
:100330002D2D2D2D2D2D2D2D2D2D2D2D2D2D2D2DED
:100340002D2D2D2D2D2D2D2D2D2D2D2D2D2D2D2DDD
:100350002D2D2D2D2D2D2D2D2D2D2D2D2D2D2D2DCD
:100360002D2D2D2D2D2D2D2D2D2D2D2D2D2D2D2DBD
:100370002D2D2D2D2D2D2D2D2D2D0020525353495A
:10038000207363616E20646F6E652E20466F756EFC
:100390006420256420667265652C20256420706FBA
:1003A000737369626C6520616E64202564206275D8
:1003B0007379206368616E6E656C732E0020202057
:1003C00042657374206368616E6E656C3A202564C3
:1003D000002020204E6F207363616E20726573755C
:1003E0006C7420666F756E6420666F722062657330
:1003F00074206368616E6E656C2E00202020466953
:100400006E616C20766572646963743A20257300AE
:1004100020202020204672656520737562736C6F02
:1004200074733A202564002020202020506F7373BD
:1004300069626C6520737562736C6F74733A202502
:100440006400202020202042757379207375627328
:100450006C6F74733A202564002052535349207303
:1004600063616E206661696C65643A20257320289B
:100470002564290052657374617274696E67205235
:10048000535349207363616E6E696E6720696E20F5
:100490002564207365636F6E64732E005253534955
:1004A000207363616E20616C7265616479206F6E88
:1004B00020676F696E672E0A00282573293A20721B
:1004C0006164696F2061637469766174696F6E201D
:1004D0006661696C65643A202564202825732900CB
:1004E000282573293A20726164696F20646561630D
:1004F0007469766174696F6E206661696C65643ACF
:10050000202564202825732900526164696F2064C6
:10051000656163746976617465642E0028257329AA
:100520003A20726164696F206D6F646520636F6E3D
:1005300066696775726174696F6E206661696C6562
:10054000643A202564202825732900526164696F6C
:10055000206D6F646520636F6E6669677572656490
:100560002E007065726620636F6D6D616E6420642D
:100570006F6E652E0070696E6720636F6D6D616EC2
:100580006420646F6E652E0072665F746F6F6C20FE
:10059000636F6D6D616E6420646F6E652E004357EE
:1005A000205458207374617274656420737563639A
:1005B00065737366756C6C792E204368616E6E6529
:1005C0006C2025752C20706F77657220256420645F
:1005D000426D2E204F74686572206F706572617471
:1005E000696F6E7320617265206E6F7420706F7317
:1005F0007369626C652E00435720545820737461F0
:100600007274206661696C6564207769746820651E
:1006100072726F722025640053544620636F7665B2
:10062000722073657175656E636520636F6E6669B0
:1006300067206661696C65642077697468206572FB
:10064000726F7220256400282573293A20696E692B
:1006500074206661696C6564202874656D706572CC
:1006600061747572652025642C2074656D705F6CF3
:10067000696D6974202564293A2025642028257332
:10068000290044454354206D6F64656D20696E698F
:100690007469616C697A65643A00202063757272CE
:1006A000656E742074656D70657261747572653AFB
:1006B00020202020202020256443006E72665F6D7C
:1006C0006F64656D5F646563745F7068795F6361B3
:1006D000706162696C6974795F67657420726574B2
:1006E00075726E65643A2025690A00282573293AD7
:1006F000206E72665F6D6F64656D5F646563745FC5
:100700007068795F6361706162696C6974795F6751
:10071000657428292074696D656F75742E006E727A
:10072000665F6D6F64656D5F646563745F70687943
:100730005F6C6174656E63795F6765742072657460
:1007400075726E65643A20256900282573293A2060
:100750006E72665F6D6F64656D5F646563745F7014
:1007600068795F6C6174656E63795F676574282969
:100770002074696D656F75742E0025733A206E7252
:10078000665F6D6F64656D5F646563745F706879E3
:100790005F62616E645F6765742072657475726E06
:1007A00065643A20256900282573293A206E72660F
:1007B0005F6D6F64656D5F646563745F7068795FBA
:1007C00062616E645F67657428292074696D656F66
:1007D00075742E0042616E642034206973206E6F40
:1007E0007420737570706F7274656420696E206D0B
:1007F0006F64656D202D2073657474696E67206465
:10080000656661756C742062616E642023312E0010
:1008100044454354206D6F64656D206E6F74206194
:1008200063746976617465642E0020204163746985
:10083000766174696F6E2063616E20626520646FFB
:100840006E65206D616E75616C6C792062792075C2
:1008500073696E6720636F6D6D616E6420226465DD
:100860006374206163746976617465222E00525846
:100870002050434320435243206572726F722028F8
:1008800074696D6520256C6C752C2068616E646CD4
:1008900065202564293A20534E522025642C20528D
:1008A0005353492D32202564202825642064426D4D
:1008B000290052582050444320435243206572720D
:1008C0006F72202874696D6520256C6C752C20680A
:1008D000616E646C65202564293A20534E522025B0
:1008E000642C20525353492D32202564202825643E
:1008F0002064426D29005043432072656365697628
:10090000656420287374662073746172742074693E
:100910006D6520256C6C752C2068616E646C65209B
:100920002564293A207374617475733A2022257303
:10093000222C20736E7220252E32662064422C20D9
:10094000525353492D322025642064426D002020EB
:10095000706879206865616465723A2073686F72A7
:1009600074206E7720696420256420283078253033
:100970003278292C207472616E736D69747465729B
:10098000206964202575002020726563656976659D
:10099000722069643A2025750050444320726563D3
:1009A0006569766564202874696D6520256C6C75B1
:1009B000293A20736E7220252E32662064422C2044
:1009C000525353492D322025642064426D2C206CF3
:1009D000656E2025640025303278200052656365FD
:1009E0006976656420756E6B6E6F776E20646174D6
:1009F000612C206C656E2025642C2068657820644D
:100A00006174613A2025730A0025733A2063616E90
:100A10006E6F742073746172742052583A2025737B
:100A200000525820444F4E452E00525353492073D4
:100A300063616E207374617274206661696C6564B1
:100A40003A2025640043616E6E6F74207265696E92
:100A500069742072737369207363616E20646174BA
:100A6000610044454354204354524C3A20556E6B28
:100A70006E6F776E206576656E74202564207265D2
:100A80006365697665640044454354206F70657200
:100A90006174696F6E20616C7265616479206F6E3C
:100AA00020676F696E672E2053746F7020616C6CC5
:100AB000206265666F7265207374617274696E6717
:100AC0002072756E6E696E6720706572662E004FBB
:100AD0007065726174696F6E20616C7265616479B2
:100AE000206F6E20676F696E672E2053746F7020C1
:100AF000616C6C206265666F7265207374617274DC
:100B0000696E672072756E6E696E672070696E67B8
:100B10002E004F7065726174696F6E20616C726532
:100B2000616479206F6E20676F696E672E20537441
:100B30006F7020616C6C206265666F7265207374E3
:100B4000617274696E672072756E6E696E6720726D
:100B5000665F746F6F6C2E00282573293A205068E9
:100B60007920617069206E6F7420696E69746961A3
:100B70006C697A656400282573293A204F70657284
:100B80006174696F6E20616C7265616479206F6E4B
:100B900020676F696E672E2053746F7020616C6CD4
:100BA000206265666F7265207374617274696E6726
:100BB0002072756E6E696E672065787420636F6D44
:100BC0006D616E642E006E72665F6D6F64656D5F41
:100BD000646563745F7068795F6465616374697686
:100BE0006174652829206661696C65642C206572D2
:100BF000723D2564004F7065726174696F6E20618B
:100C00006C7265616479206F6E20676F696E672E04
:100C10002043616E63656C696E6720616C6C206F48
:100C20007065726174696F6E7320696E206D6F6498
:100C3000656D206265666F72652073746172746998
:100C40006E672072756E6E696E6720726164696F7F
:100C5000206D6F6465206368616E67652E006E723B
:100C6000665F6D6F64656D5F646563745F706879FE
:100C70005F726164696F5F636F6E666967282920C0
:100C80006661696C65642C206572723D256400287C
:100C90002573293A206E72665F6D6F64656D5F64BF
:100CA0006563745F7068795F726164696F5F636FB9
:100CB0006E66696728292074696D656F75742E00EA
:100CC0004445435420726164696F206D6F646520F0
:100CD000636F6E6669677572656420746F3A20256C
:100CE000732E004445435420726164696F206D6F18
:100CF000646520636F6E66696775726174696F6E93
:100D0000206661696C656420746F2025732E004C29
:100D10006173742073657420444543542072616488
:100D2000696F206D6F64652025732E0064656374A0
:100D30005F7068795F6374726C5F6F6E5F6D6F6414
:100D4000656D5F6C69625F696E6974006465637488
:100D50005F7068795F6374726C5F726164696F5F02
:100D60006D6F64655F636D6400646563745F706874
:100D7000795F6374726C5F6578745F636F6D6D61CA
:100D80006E645F737461727400646563745F70682D
:100D9000795F6374726C5F6D646D5F6F705F6361C8
:100DA0006E63656C5F616C6C00646563745F706832
:100DB000795F6374726C5F6D646D5F6576745F6894
:100DC000616E646C657200646563745F7068795FFE
:100DD0006374726C5F726164696F5F61637469767A
:100DE00061746500646563745F7068795F637472D1
:100DF0006C5F7068795F636F6E6669677572655F57
:100E000066726F6D5F73657474696E677300646595
:100E100063745F7068795F6374726C5F7261646938
:100E20006F5F636F6E6669677572655F6163746932
:100E3000766174655F66726F6D5F73657474696EF9
:100E4000677300646563745F7068795F6374726C64
:100E50005F6D7367715F7468726561645F68616E0E
:100E6000646C657200646563745F7068795F637455
:100E7000726C5F6D7367715F7468005253534920E1
:100E80007363616E20444F4E452E00434D414B45E8
:100E90005F534F555243455F4449522F7372632F3E
:100EA000646563742F646563745F7068795F7363EE
:100EB000616E2E630066696C6C65645F7265737544
:100EC0006C74730052535349207363616E207374C2
:100ED0006F7070696E672E004E6F206D656D6F725A
:100EE0007920666F722052535349207363616E20DC
:100EF0006D6561737572656D656E74206461746192
:100F00002E2054727920616761696E207769746858
:100F10002073686F72746572207363616E207469E8
:100F20006D652E0052535349207363616E206461D6
:100F30007461207265696E6974206661696C6564AC
:100F40003A206572722025642E0052535349207353
:100F500063616E206461746120696E6974206661EA
:100F6000696C65643A206572722025642E0028251C
:100F700073293A20646563745F7068795F72785F83
:100F80007068795F6D6561737572655F727373699F
:100F90005F6F705F616464206661696C65643A20AC
:100FA00025640052535349207363616E2064757247
:100FB0006174696F6E3A207363616E5F74696D6509
:100FC0005F6D732025642028737562736C6F747372
:100FD0002025642900705F726573756C7420213D53
:100FE000202828766F6964202A29302900705F72D2
:100FF0006573756C742D3E6D6561735F6C656E20F5
:101000003C3D2028283639313230202A2031302901
:10101000202F203238383029006B203C20282832FD
:1010200029202A20283234292900727373695F73BA
:1010300063616E5F646174612E6D65617375726565
:101040006D656E745F646174615F70747200537477
:10105000617274696E672052583A206368616E6EDF
:10106000656C2025642C20727373695F6C657665EE
:101070006C2025642C206475726174696F6E202564
:101080006420736563732E006E72665F6D6F6465B6
:101090006D5F646563745F7068795F727820666104
:1010A000696C6564202564001B5B306D001B5B333D
:1010B000326D002573465245452573001B5B333363
:1010C0006D002573504F535349424C452573001B07
:1010D0005B33316D002573425553592573001B5BFB
:1010E00033346D002573554E4B4E4F574E257300CC
:1010F0004E6F2052535349207363616E6E696E6761
:1011000020726573756C74732E004C617465737412
:101110002052535349207363616E6E696E6720726B
:101120006573756C74733A0020206368616E6E6538
:101130006C2020202020202020202020256400203A
:10114000207363616E6E696E6720636F756E7420C5
:101150002020202564002573202068696768657356
:1011600074205253534920202020202025642573C9
:101170000020206C6F7765737420525353492020F0
:10118000202020202025640A00537562736C6F7440
:1011900020636F756E74206261736564207265737D
:1011A000756C74733A002020746F74616C207375D1
:1011B00062736C6F74733A2025640A20206672652E
:1011C0006520737562736C6F74733A2025642C20EC
:1011D000706F737369626C6520737562736C6F7482
:1011E000733A2025642C20627573792073756273BD
:1011F0006C6F74733A20256400202046696E616C20
:1012000020766572646963742025732573257320C5
:101210006261736564206F6E205343414E5F535586
:10122000495441424C4520256425253A0A20202076
:1012300020667265653A20252E30326625252C20E1
:10124000706F737369626C653A20252E30326625A3
:1012500025004C61746573742052535349207363A5
:10126000616E6E696E6720726573756C7473206C45
:10127000697374696E6720646F6E652E00525353F4
:1012800049207363616E6E696E6720726573756C59
:10129000747320286D656173202331206D646D2087
:1012A00074696D6520256C6C75293A00202063688F
:1012B000616E6E656C2020202020202020202020C0
:1012C000202020202020202020202020202020201E
:1012D00020202020256400202020206E656967687A
:1012E000626F7220686173206265656E2073656548
:1012F0006E20696E2074686973206368616E6E6524
:101300006C002020746F74616C207363616E6E6971
:101310006E6720636F756E742020202020202020AF
:101320002020202020202020202025640020202094
:101330002073617475726174696F6E732020202050
:10134000202020202020202020202020202020209D
:101350002020202020256400202020206E6F742073
:101360006D65617375726564202020202020202027
:10137000202020202020202020202020202020206D
:10138000256400202020206D6561737572656D6590
:101390006E74206661696C65642020202020202006
:1013A0002020202020202020202020256400202014
:1013B0002020726573756C7420736B69707065643E
:1013C0000025732020686967686573742052535341
:1013D00049202020202020202020202020202020E4
:1013E000202020202020202020202025642573007C
:1013F00020206C6F7765737420525353492020204E
:1014000020202020202020202020202020202020DC
:1014100020202020202020202564002573253464EE
:1014200025737C2573000A2020004D656173757259
:10143000656D656E74202325642077697468206269
:101440007573792F706F737369626C652073756241
:10145000736C6F74732C20737461727465642025CF
:101460006C6C752C20343820737562736C6F7473D8
:101470003A0A20202573004E6F20737562736C6FDB
:101480007473206D656173757265642E002020741D
:101490006F74616C20737562736C6F74733A20257E
:1014A000640A20206672656520737562736C6F74C0
:1014B000733A2025642C20706F737369626C652009
:1014C000737562736C6F74733A2025642C20627597
:1014D000737920737562736C6F74733A2025640A94
:1014E00020206E6F74206D65617375726564207362
:1014F0007562736C6F74733A2025642C2073617469
:1015000075726174656420737562736C6F74733A7D
:101510002025640020205741524E494E473A204E24
:101520006F7420616C6C206D6561737572656D659B
:101530006E747320776572652073746F7265642EA4
:101540002052656365697665642025642C20537498
:101550006F726167652073697A6520256400525354
:101560005349207363616E6E696E67206661696CB2
:1015700065643A20257300646563745F7068795F01
:101580007363616E5F727373695F66696E697368B6
:1015900065645F68616E646C6500646563745F7048
:1015A00068795F7363616E5F727373695F7374618F
:1015B000727400444543545F5048595F52585F4F1E
:1015C000505F435553544F4D206661696C65643AD2
:1015D0002065727220256400444543542052583AD5
:1015E00020556E6B6E6F776E206576656E74202564
:1015F0006420726563656976656400646563745F21
:101600007068795F72785F74680050687920545808
:10161000207077722076616C7565206F7574206F0D
:10162000662072616E67653A2025640A0025642091
:1016300028756E6B6E6F776E2076616C75652C20E9
:101640006E6F7420636F6E76657274656420746F5C
:1016500020737472696E672900202874656D706547
:101660007261747572653A206E6F74206D65617376
:10167000757265642900202874656D7065726174E7
:101680007572652025644329004C6F77206C617466
:10169000656E6379004C6F77206C6174656E637959
:1016A0002077697468207374616E646279004C42BB
:1016B000542064697361626C65642C207769746876
:1016C000207374616E64627900696E76616C69641E
:1016D0000076616C6964202D206275742052582058
:1016E0006F7020656E6473206265666F726520504E
:1016F000444320726563657074696F6E0076616C37
:101700006964202D206275742073686F727400699B
:101710006E20737562736C6F747300696E20736CE6
:101720006F7473004E52465F4D4F44454D5F4445C4
:1017300043545F5048595F53554343455353004505
:1017400052525F4C42545F4348414E4E454C5F42BB
:10175000555359004552525F554E535550504F52B4
:101760005445445F4F50004552525F4E4F545F46C0
:101770004F554E44004552525F4E4F5F4D454D4FC1
:101780005259004552525F4E4F545F414C4C4F5797
:101790004544005048595F4F4B5F574954485F4894
:1017A0004152515F5245534554004552525F4F508C
:1017B0005F53544152545F54494D455F4C41544529
:1017C000004552525F4C42545F53544152545F544F
:1017D000494D455F4C415445004552525F52465F6A
:1017E00053544152545F54494D455F4C4154450058
:1017F0004552525F494E56414C49445F5354415201
:10180000545F54494D45004552525F4F505F53431A
:10181000484544554C494E475F434F4E464C49431B
:1018200054004552525F4F505F54494D454F5554F7
:10183000004552525F4E4F5F4F4E474F494E475FF4
:10184000484152515F5258004552525F50415241F7
:101850004D455445525F554E415641494C41424CCD
:1018600045004552525F5041594C4F41445F554EDF
:10187000415641494C41424C45005048595F455200
:10188000525F4F505F43414E43454C4544004552E3
:10189000525F434F4D42494E45445F4F505F464172
:1018A000494C4544004552525F524144494F5F4DB7
:1018B0004F44455F434F4E464C49435400455252B6
:1018C0005F48414E444C455F494E5F555345004586
:1018D00052525F554E535550504F525445445F43FA
:1018E000415252494552004552525F554E53555050
:1018F000504F525445445F444154415F53495A4507
:10190000004552525F494E56414C49445F4E455442
:10191000574F524B5F4944004552525F494E564122
:101920004C49445F5048595F484541444552004541
:1019300052525F494E56414C49445F4455524154BE
:10194000494F4E004552525F494E56414C49445F03
:10195000504152414D45544552004552525F5458F2
:101960005F504F5745525F4F5645525F4D41585F4C
:101970004C494D4954004552525F4D4F44454D5FCF
:101980004552524F52004552525F4D4F44454D5FB4
:101990004552524F525F52465F53544154450045A1
:1019A00052525F54454D505F484947480045525296
:1019B0005F50524F445F4C4F434B00444543545F8C
:1019C0005343484544554C45525F44454C41594565
:1019D000445F4552524F5200444543545F5343487D
:1019E0004544554C45525F464154414C5F4D454D31
:1019F0005F414C4C4F435F4552524F520044454368
:101A0000545F5343484544554C45525F4F505F54D3
:101A10004F5F4D4F44454D5F4552524F5200D8E203
:101A2000ECF0F4F8FC0004070A0D10131517282534
:101A300073293A2063616E6E6F74207570646174EF
:101A400065207064753A20696E7075742073697AC8
:101A50006520746F6F206269673A20256420286DC5
:101A600061782025642900282573293A2063616E56
:101A70006E6F7420757064617465207064753A20AF
:101A80006974656D2068616E646C652069642025E9
:101A900064206E6F7420666F756E6400434D414B19
:101AA000455F534F555243455F4449522F7372630C
:101AB0002F646563742F636F6D6D6F6E2F64656344
:101AC000745F7068795F6170695F7363686564757E
:101AD0006C65722E63006865616465725F7479700D
:101AE00065203D3D20444543545F5048595F48457B
:101AF000414445525F54595045320025733A2063A2
:101B0000616E6E6F7420616C6C6F63617465206DC3
:101B1000656D6F727920666F722073636865647596
:101B20006C6572206C697374206974656D0A004E6F
:101B30006F206D656D6F727920666F722073746FA0
:101B400072696E67206461746120666F7220706FC5
:101B5000737369626C652048415251207265545814
:101B6000005363686564756C6572206C69737420DA
:101B70007374617475733A0020204C697374206922
:101B800074656D20636F756E743A2025640053632D
:101B9000686564756C657220646F6E65206C69732E
:101BA00074207374617475733A00282573293A2080
:101BB0006E6577206C697374206974656D20286880
:101BC000616E646C652025642C20656E645F7469A9
:101BD0006D6520256C6C75292063616E6E6F7420B5
:101BE00066697420696E746F2061206672616D652C
:101BF00020286E6578745F6672616D655F74696DCB
:101C00006520256C6C7529007761726E3A20746FBF
:101C10005F62655F73686564756C65645F6C69734A
:101C2000745F6D7574657820776173206C6F636B7A
:101C300065643F210A002825732920313A20636119
:101C40006E6E6F74207363686564756C653A206EA0
:101C50006577206974656D202868616E646C652005
:101C600025642C2073746172745F74696D6520251E
:101C70006C6C752C20656E645F74696D6520256CD5
:101C80006C7529206973206F7665726C617070695C
:101C90006E6720776974682063757272656E742050
:101CA0006F6E65202868616E646C652025642C2049
:101CB00073746172745F74696D6520256C6C752C2A
:101CC00020656E645F74696D6520256C6C752900F4
:101CD00028257329207072696F20696E736572748C
:101CE00020313A206E6577206974656D202868611F
:101CF0006E646C652025642C2073746172745F744B
:101D0000696D6520256C6C752C20656E645F746947
:101D10006D6520256C6C7529206973206F7665725E
:101D20006C617070696E6720776974682063757282
:101D300072656E74206F6E65202868616E646C65D4
:101D40002025642C2073746172745F74696D652042
:101D5000256C6C752C20656E645F74696D6520253B
:101D60006C6C752900282573293A206974656D7398
:101D700020776974682073616D65206672616D6596
:101D80005F74696D652028256C6C752920627574F7
:101D900020646966666572656E74206672616D6541
:101DA0005F6C656E67746820286E65773A202575CC
:101DB0002C206578697374696E673A20257529202F
:101DC0002D2068616E646C657320256420616E64EB
:101DD000202564002825732920323A2063616E6E25
:101DE0006F74207363686564756C653A206E6577FF
:101DF000206974656D202868616E646C65202564B7
:101E00002C2073746172745F74696D6520256C6C2D
:101E1000752C20656E645F74696D6520256C6C752A
:101E200029206973206F7665726C617070696E67C6
:101E300020776974682063757272656E74206F6EA6
:101E400065202868616E646C652025642C2073749D
:101E50006172745F74696D6520256C6C752C2065EA
:101E60006E645F74696D6520256C6C75290028258A
:101E70007329207072696F20696E736572742032E5
:101E80003A206E6577206974656D202868616E64FC
:101E90006C652025642C2073746172745F74696DA5
:101EA0006520256C6C752C20656E645F74696D65AA
:101EB00020256C6C7529206973206F7665726C61C2
:101EC0007070696E672077697468206375727265D7
:101ED0006E74206F6E65202868616E646C652025C5
:101EE000642C2073746172745F74696D6520256C55
:101EF0006C752C20656E645F74696D6520256C6C53
:101F00007529002825732920333A2063616E6E6F8E
:101F100074207363686564756C653A206E6577201C
:101F20006974656D202868616E646C652025642C79
:101F30002073746172745F74696D6520256C6C75B3
:101F40002C20656E645F74696D6520256C6C752945
:101F5000206973206F7665726C617070696E67209E
:101F6000776974682063757272656E74206F6E6530
:101F7000202868616E646C652025642C2073746170
:101F800072745F74696D6520256C6C752C20656EAC
:101F9000645F74696D6520256C6C75290028257354
:101FA00029207072696F20696E7365727420333AEC
:101FB000206E6577206974656D202868616E646C99
:101FC000652025642C2073746172745F74696D657B
:101FD00020256C6C752C20656E645F74696D6520BE
:101FE000256C6C7529206973206F7665726C617041
:101FF00070696E6720776974682063757272656EA8
:1020000074206F6E65202868616E646C652025649D
:102010002C2073746172745F74696D6520256C6C1B
:10202000752C20656E645F74696D6520256C6C7518
:102030002900282573292F313A20646563745F7065
:1020400068795F6170695F7363686564756C6572F8
:102050005F6C6973745F6974656D5F616464206649
:102060006F72206661696C65640A006C6973745FE5
:102070006974656D2D3E73636865645F636F6E663A
:1020800069672E74782E656E636F6465645F706136
:10209000796C6F61645F70647520213D202828761B
:1020A0006F6964202A29302900282573293A206E77
:1020B00072665F6D6F64656D5F646563745F7068A1
:1020C000795F7478206661696C65643A2065727224
:1020D0002025642C2068616E646C652025640A00EC
:1020E000282573293A206E72665F6D6F64656D5F97
:1020F000646563745F7068795F7273736920666189
:10210000696C6564202564006E72665F6D6F64653E
:102110006D5F646563745F7068795F727820666173
:10212000696C65643A206572722025642C206861B0
:102130006E646C6520256400282573293A2063614C
:102140006E6E6F7420636F7079206C697374206990
:1021500074656D20666F722068616E646C65202501
:102160006400282573293A20646563745F70687978
:102170005F6170695F7363686564756C65725F6CDD
:102180006973745F6974656D5F6164642066616919
:102190006C6564202D206F70207769746820696EEB
:1021A00074657276616C2077696C6C20626520635F
:1021B0006F6E636C7564656420287068792068614F
:1021C0006E646C6520256429006E6F646520213D76
:1021D000202828766F6964202A2930292026262085
:1021E0006C6973745F6974656D20213D20282876C1
:1021F0006F6964202A293029007379735F646C69E0
:1022000073745F69735F656D7074792826646F6E8F
:10221000655F73686564756C65645F6C6973742968
:102220000044454354205343484544554C455220AF
:1022300054483A20556E6B6E6F776E206576656EEA
:1022400074202564207265636569766564000C0CF2
:102250000C0C0C0C0C0C0A0A0A0A060606060606EA
:102260000303030303030101010101010164656329
:10227000745F7068795F6170695F736368656475C6
:102280006C65725F636F72655F6D646D5F706879B6
:102290005F6F7000646563745F7068795F61706917
:1022A0005F7363686564756C65725F636F72655FA9
:1022B0007469636B5F74685F7363686564756C658C
:1022C0005F6E6578745F6672616D650064656374E6
:1022D0005F7068795F6170695F7363686564756C6E
:1022E00065725F6C6973745F6974656D5F616C6C56
:1022F0006F635F727373695F656C656D656E7400A3
:10230000646563745F7068795F6170695F73636847
:102310006564756C65725F6C6973745F6974656D13
:102320005F616C6C6F635F72785F656C656D656E25
:102330007400646563745F7068795F6170695F736E
:1023400063686564756C65725F6C6973745F6974EA
:10235000656D5F61646400646563745F7068795F74
:102360006170695F7363686564756C65725F6C69E1
:1023700073745F6974656D5F7064755F7061796CAB
:102380006F61645F7570646174655F62795F7068C6
:10239000795F68616E646C6500646563745F706822
:1023A000795F6170695F7363686564756C65725F9E
:1023B0007468004661696C656420746F20726561A1
:1023C000642064656374207068795F7365747469F0
:1023D0006E67735F646174612C206572726F723A0C
:1023E00020256400282573293A206661696C65649C
:1023F00020746F20696E697469616C697A652073F5
:10240000657474696E67732073756273797374652C
:102410006D2C206572726F723A20256400646563CA
:10242000745F7068795F73657474696E6773002890
:102430002573293A2063616E6E6F74206C6F61643E
:102440002073657474696E67732025640064656326
:10245000745F7068795F73657474696E67732F63F6
:102460006F6D6D6F6E5F73657474696E6773004333
:10247000616E6E6F7420736176652064656374208D
:10248000636F6D6D6F6E2073657474696E67732C06
:10249000206572723A202564006465637420636F5E
:1024A0006D6D6F6E2073657474696E6773207361F0
:1024B0007665640043616E6E6F742073657420648A
:1024C0006563742064656661756C742073657474EB
:1024D000696E67732C206572723A2025640044652A
:1024E0006661756C742073657474696E67732073AC
:1024F00065742E00646563745F636F6D6D6F6E5FEE
:1025000073657474696E67735F696E69740070696E
:102510006E6720726571756573740070696E6720EF
:10252000726573706F6E73650070696E6720726597
:1025300073756C747320726571756573740070695E
:102540006E6720726573756C747320726573706F3B
:102550006E73650070696E67204841525120666550
:1025600065646261636B0070657266204841525118
:1025700020666565646261636B00706572662072D7
:102580006573756C74732072657175657374007012
:1025900065726620726573756C74732072657370F2
:1025A0006F6E7365007065726620545820646174A4
:1025B0006100444543545F484152515F434C494593
:1025C0004E543A2072657472616E736D6974206640
:1025D00061696C6564202D207363686564756C6542
:1025E00072206572726F723A2025640A0044454376
:1025F000545F484152515F434C49454E543A207212
:10260000657472616E736D6974206661696C65646E
:10261000202D206572726F722025640A00282573B0
:10262000293A206E72665F6D6F64656D5F646563E5
:10263000745F7068795F7478206661696C65642086
:102640002564202868616E646C65202564290A0071
:102650006E72665F6D6F64656D5F646563745F70F5
:1026600068795F7278206661696C65643A2072658A
:10267000742025642C2068616E646C650079657334
:10268000006E6F005374617274696E672070696EBA
:102690006720636C69656E74206F6E206368616E7D
:1026A0006E656C2025643A0A202062797465206387
:1026B0006F756E74207065722054583A2025642C12
:1026C00020736C6F74732025642C20696E7465729E
:1026D00076616C20256420736563732C0A20206D5D
:1026E00063732025642C204C425420706572696FFE
:1026F000642025642C20636F756E742025642C2063
:1027000074696D656F7574202564206D73656373DE
:102710002C20484152513A2025732C0A20206578FC
:102720007065637465642052535349206C65766507
:102730006C206F6E2052582025642E0028257329A6
:102740003A20646563745F7068795F6170695F7374
:1027500063686564756C65725F6C6973745F6974D6
:10276000656D5F616C6C6F635F74785F656C656DE0
:10277000656E74206661696C65643A204E6F206DE9
:10278000656D6F727920746F207363686564756C12
:102790006520612070696E6700282573293A2064DE
:1027A0006563745F7068795F6170695F73636865A2
:1027B00064756C65725F6C6973745F6974656D5F75
:1027C000616464206661696C65640A004E6F7468B8
:1027D000696E67207265636569766564206F6E2037
:1027E0007365727665722073696465202D206E6F43
:1027F00020726573756C747320746F2073686F77C3
:102800002E000A70696E6720736572766572206F9C
:102810007065726174696F6E20776974682074786E
:102820002069642025643A0A002020656C61707379
:1028300065642074696D653A2020202020202020C6
:1028400020202020202020252E3266207365636FF3
:102850006E64730A00202074783A2070696E6720D5
:102860007265737020636F756E743A20202020208B
:1028700020202025640A00202072783A2070696E9A
:10288000672072657120636F756E743A2020202076
:10289000202020202025640A00202072783A20740D
:1028A0006F74616C20616D6F756E74206F6620644B
:1028B0006174613A20202025642062797465730A6E
:1028C00000202072783A2050434320435243206531
:1028D00072726F7220636F756E743A20202020250B
:1028E000640A00202072783A205044432043524327
:1028F000206572726F7220636F756E743A202020AB
:102900002025640A00202072783A206F7574206FA9
:10291000662073657175656E636520636F756E748F
:102920003A202025640A00202072783A205044552D
:10293000206465636F6465206572726F7220636FD7
:10294000756E743A2025640A00202072783A206D52
:10295000696E20525353492025642C206D617820E4
:10296000525353492025640A00202072783A206C83
:10297000617374205458207077722025640A0020F7
:102980002072783A206D696E207077722025642C51
:10299000206D6178207077722025640A00202072F3
:1029A000783A206D696E20534E522025642C206D9C
:1029B000617820534E522025640A0043616E6E6F89
:1029C000742073746172742073656E64696E67201D
:1029D00073657276657220726573756C74730053DB
:1029E000657276657220726573756C7473205458C5
:1029F000207363686564756C65643A2025642062A1
:102A0000797465732028256420736C6F74732C208F
:102A10004D43532D2564292E0025732063616C6C72
:102A20006564207768656E206E6F74206F6E206716
:102A30006F696E67202D2063616C6C657220257054
:102A40005300434D414B455F534F555243455F44FF
:102A500049522F7372632F646563742F70696E67B8
:102A60002F646563745F7068795F70696E672E6349
:102A700000706172616D732D3E726F6C65203D3D1B
:102A800020444543545F5048595F434F4D4D4F4E8E
:102A90005F524F4C455F5345525645520053746147
:102AA0007274696E672070696E67207365727665EF
:102AB000722052583A206368616E6E656C202564FE
:102AC0002C206578705F727373695F6C6576656CD6
:102AD0002025642E006E72665F6D6F64656D5F64A5
:102AE0006563745F7068795F7278206661696C6590
:102AF000643A207265742025642C2068616E646CD1
:102B0000652025640A005265636569766564206402
:102B100061746120697320746F6F206C6F6E672021
:102B2000746F2062652072656365697665642062F2
:102B3000792050494E47205448202D206469736302
:102B4000617264656420286C656E2025642C2062A7
:102B500075662073697A65202564290A00686172A8
:102B6000715F75736572203D3D20444543545F4855
:102B70004152515F434C49454E5400696E5F736347
:102B800068655F6C6973745F6974656D2D3E73630E
:102B90006865645F636F6E6669672E74782E656E14
:102BA000636F6465645F7061796C6F61645F7064AA
:102BB000755F73697A65203C3D20283536303020BA
:102BC0002F203829006E72665F6D6F64656D5F64DB
:102BD0006563745F7068795F74785F68617271288B
:102BE00029206661696C65643A2025640A002868BA
:102BF000616E646C65203E3D2031333030302026DC
:102C0000262068616E646C65203C3D203133303491
:102C1000392900282573293A20464154414C3A204D
:102C200063616E6E6F7420616C6C6F63617465209C
:102C30006D656D6F727920666F7220484152512028
:102C40006261736564207265545820207061796CEC
:102C50006F61640070696E6720636C69656E7420D3
:102C60006F7065726174696F6E20636F6D706C65F3
:102C70007465643A002020656C617073656420742B
:102C8000696D653A2020202020202020202020204F
:102C90002020202020202020202020202020202034
:102CA000252E3266207365636F6E64730020207476
:102CB000783A20746F74616C20616D6F756E74204A
:102CC0006F6620646174612073656E743A20202001
:102CD0002020202020202020256420627974657324
:102CE00000202074783A2070696E67207265712028
:102CF000636F756E743A2020202020202020202031
:102D0000202020202020202020202020256400209A
:102D10002074783A2070696E67206661696C65641A
:102D20002064756520746F204C425420636F756E6B
:102D3000743A2020202020202020256400202072AA
:102D4000783A2070696E67207265737020636F75C2
:102D50006E743A20202020202020202020202020B7
:102D60002020202020202020256400202072783A76
:102D700020746F74616C20616D6F756E74206F6666
:102D800020646174613A202020202020202020200F
:102D90002020202020202564206279746573002083
:102DA0002072783A206F7574206F66207365717594
:102DB000656E636520636F756E743A202020202055
:102DC0002020202020202020202025640020207288
:102DD000783A2050434320435243206572726F7209
:102DE00020636F756E743A20202020202020202040
:102DF0002020202020202020256400202072783AE6
:102E00002050444320435243206572726F72206306
:102E10006F756E743A202020202020202020202052
:102E2000202020202020256400202072783A205085
:102E30004455206465636F6465206572726F72200B
:102E4000636F756E743A20202020202020202020DF
:102E500020202020256400202072783A206D696EA1
:102E600020525353492025642C206D617820525301
:102E7000534920256400202072783A206C617374D5
:102E80002054582070777220256400202072783AF0
:102E9000206D696E207077722025642C206D61781A
:102EA0002070777220256400202072783A206D69A6
:102EB0006E20534E522025642C206D617820534E95
:102EC00052202564004661696C6564202865727231
:102ED000203D25642920746F2072657175657374B7
:102EE00020726573756C74732066726F6D207468E0
:102EF00065207365727665722E0052657175657313
:102F00007465642070696E6720726573756C747384
:102F10002066726F6D2074686520736572766572C5
:102F20002E2E2E0050726576696F757320484152BF
:102F3000512072657478207374696C6C206F6E67B1
:102F40006F696E6720616E64207374617274696E5C
:102F500067206E657720726F756E64202D206E6F0E
:102F600020726573706F6E736520746F2070726568
:102F70007620646174613F005043433A20444543E6
:102F8000545F484152515F434C49454E543A206189
:102F90006C6C20484152512072657472616E736D81
:102FA000697373696F6E7320646F6E65202D206E78
:102FB0006F20737563636573732E005043433A202B
:102FC000444543545F484152515F434C49454E5438
:102FD0003A206E6F2074696D6520746F20646F20D5
:102FE000612072657472616E736D697420706572B0
:102FF000204E41434B2E00282573293A20646563F7
:10300000745F7068795F6170695F73636865647528
:103010006C65725F6C6973745F6974656D5F637210
:10302000656174655F6E65775F636F707920666157
:10303000696C65643A204E6F206D656D6F72792002
:10304000746F2048415251207265545800282573EE
:10305000293A20646563745F7068795F6170695FA5
:103060007363686564756C65725F6C6973745F69BE
:1030700074656D5F616464206661696C65640050AD
:1030800043433A20444543545F484152515F434CC7
:1030900049454E543A2072657472616E736D69745D
:1030A000207363686564756C65642C207265647553
:1030B0006E64616E63792076657273696F6E202528
:1030C000640070696E67207478206661696C65645D
:1030D0002E0070696E672073656E742028736571A9
:1030E0005F6E6272202564292E0070696E672072FF
:1030F000657370207478206661696C65642E007059
:10310000696E6720726573702073656E7420287312
:1031100065715F6E6272202564292E0070696E678A
:103120002074696D656F757420666F7220736571A8
:103130005F6E62722025640070696E67207265742C
:1031400072616E736D697373696F6E20626173650E
:1031500064206F6E2048415251206661696C65643D
:103160002E0070696E672072657472616E736D698E
:103170007373696F6E206261736564206F6E20489F
:1031800041525120646F6E652E0050494E475F5288
:103190004553554C545F5245512073656E742E0053
:1031A00050494E475F524553554C545F524551204C
:1031B00073656E64696E67206661696C65642E0074
:1031C00050494E475F524553554C545F52455350FA
:1031D0002073656E742E0050494E475F524553551B
:1031E0004C545F524553502073656E64696E67207E
:1031F0006661696C65642E004E6F20726573756C34
:1032000074732066726F6D2070696E6720736572CB
:103210007665722E204D616B652073757265207422
:1032200068617420736572766572206973207275A7
:103230006E6E696E6720616E64207265616368619D
:10324000626C652E00525820666F722070696E673E
:1032500020726573756C747320646F6E652E0052F6
:103260005820666F722070696E6720726573756C86
:103270007473206661696C65642E0070696E6720E6
:10328000736572766572205258206661696C656458
:10329000202D2070696E67207365727665722052EA
:1032A000582073746F707065642E004261636B67A1
:1032B000726F756E642052535349207363616E6E52
:1032C000696E6720726573756C74733A00202063B1
:1032D00068616E6E656C2020202020202020202038
:1032E00020202020202020202020202564002020B5
:1032F0007363616E20636F756E7420202020202020
:10330000202020202020202020202020256400258F
:10331000732020686967686573742052535349208D
:10332000202020202020202020202020202020209D
:10333000256425730020206C6F77657374205253C9
:103340005349202020202020202020202020202021
:103350002020202564002020202073617475726174
:1033600074696F6E732020202020202020202020D0
:1033700020202020256400202020206E6F74206DE6
:103380006561737572656420202020202020202034
:103390002020202020256400202020206D656173DE
:1033A0007572656D656E74206661696C6564202058
:1033B00020202020202025640070696E67696E67D8
:1033C00020646F6E65206279207363686564756C34
:1033D0006572004841525120666565646261636BA5
:1033E0002073656E742E00484152512066656564F5
:1033F0006261636B20525820636F6D706C657465F9
:10340000642E0025733A2063616E6E6F74205458E9
:103410002070696E672064756520746F204C42547B
:103420002C206368616E6E656C2077617320627515
:1034300073790025733A2070696E67206D6F64653B
:103440006D206F7065726174696F6E206661696C62
:1034500065643A2025732C2068616E646C652025B4
:10346000640025733A206F7065726174696F6E2015
:103470002868616E646C6520256429206661696C2A
:1034800065642077697468207374617475733A2079
:1034900025730050494E473A20525820504343204C
:1034A000435243206572726F72202874696D6520E3
:1034B000256C6C75293A20534E522025642C2052DD
:1034C0005353492D32202564202825642064426D01
:1034D000290050494E473A20525820504443204337
:1034E0005243206572726F72202874696D652025C1
:1034F0006C6C75293A20534E522025642C2052536F
:1035000053492D32202564202825642064426D29EA
:1035100000504343207265636569766564202874B2
:10352000696D6520256C6C752C2068616E646C6516
:10353000202564293A207374617475733A2022251A
:1035400073222C20736E7220252E32662064422C4A
:1035500020525353492D322025642064426D2C2083
:103560007374665F73746172745F74696D6520252E
:103570006C6C7500202070687920686561646572E4
:103580003A002020202073686F7274206E772069C3
:10359000642025642C207472616E736D6974746587
:1035A00072206964202564002020202072656365F4
:1035B000697665722069643A202564002020202005
:1035C0006C656E2025642C204D43532025642C20EF
:1035D0005458207077723A2025642064426D005060
:1035E00043433A204841525120726573702025733D
:1035F0002573257320666F7220444543545F48410C
:1036000052515F434C49454E542070726F6365734D
:10361000732E005043433A20444543545F4841527F
:10362000515F434C49454E543A2048415251207213
:103630006573702066726F6D20256420414E4420B2
:1036400074687573206E6F742066726F6D206F756D
:103650007220706565722025642E005043433A2025
:10366000444543545F484152515F434C49454E5491
:103670003A2048415251207265737020726563652B
:103680006976656420627574206E6F2048415251DE
:103690002070726F6365737320696E207573652E79
:1036A00000556E737570706F727465642070726F00
:1036B00063657373206E6272202564207265636592
:1036C0006976656420696E204841525120666565BF
:1036D000646261636B005044432072656365697680
:1036E0006564202874696D6520256C6C752C2068D4
:1036F000616E646C65202564293A20736E72202502
:103700002E32662064422C20525353492D322025FC
:10371000642064426D2C206C656E20256400646515
:1037200063745F7068795F70696E675F7064755FFE
:103730006465636F6465206661696C65643A202521
:1037400064004F7574206F662073657120696E2068
:1037500052583A2072785F6F75745F6F665F736559
:10376000715F636F756E742025642C207064752EF4
:103770007365715F6E62722025642C2070696E67BC
:103780005F646174612E7365727665725F646174E3
:10379000612E72785F6C6173745F7365715F6E62C6
:1037A000722025640070696E675F7265715F706476
:1037B000752D3E6865616465722E6D657373616712
:1037C000655F74797065203D3D20444543545F4DED
:1037D00041435F4D4553534147455F545950455F01
:1037E00050494E475F524551554553540028257363
:1037F000293A206E72665F6D6F64656D5F64656304
:10380000745F7068795F74785F7278206661696C44
:103810006564202564202874782068616E646C6576
:10382000202564290A0043616E6E6F742073656EF3
:10383000642070696E6720726573706F6E73653A8D
:1038400020657272202564005254543A2025642069
:103850006D736563005254543A206E6F74206B6E22
:103860006F776E0070696E6720726573706F6E732C
:103870006520666F72207365715F6E6272202564C9
:1038800020282573290070696E6720726573706F38
:103890006E736520666F7220756E657870656374EF
:1038A0006564207365715F6E6272202564202865EF
:1038B000787065637465643A202564290050494E28
:1038C000475F524553554C545F52455120726563D2
:1038D00065697665642066726F6D2074782069640E
:1038E0002025640050494E475F524553554C545F64
:1038F0005245512072656365697665642066726F12
:103900006D207478206964202564202D20627574F0
:10391000206E6F207065726620646174612072652C
:103920006365697665642066726F6D207468657280
:10393000652E0A486F77657665722C20776520685A
:10394000617665207365656E206120504343206C6D
:103950006173746C792066726F6D2074686973206E
:103960007478206964202564202D20736F2073658E
:103970006E64696E6720726573756C747320746F02
:103980002074686572652E0A506C656173652C2021
:10399000636865636B204D435320616E642F6F72C3
:1039A00020545820505752206F6E206120636C695C
:1039B000656E7420736964652E0050494E475F52EE
:1039C0004553554C54535F524551207265636569A8
:1039D0007665642066726F6D207478206964202596
:1039E00064202D20627574206E6F2070696E6720D0
:1039F00073657373696F6E207769746820697420CA
:103A0000286C617374207365656E20747820696416
:103A1000202564290053657276657220726573757E
:103A20006C74732072656365697665642E0050441A
:103A30005520666F72204841525120666565646268
:103A400061636B2072656365697665642E007479C5
:103A500070652025640070696E6720636F6D6D610D
:103A60006E642054582064617461207265636569D6
:103A70007665643A2069676E6F726564202D206EEA
:103A80006F2070696E6720636F6D6D616E64207268
:103A9000756E6E696E672E0070696E673A2072658A
:103AA00063656976656420756E6B6E6F776E2064F2
:103AB0006174612028747970653A202573292C205F
:103AC0006C656E2025642C206865782064617461C3
:103AD0003A2025730A00444543542050494E473A42
:103AE00020556E6B6E6F776E206576656E7420253F
:103AF000642072656365697665640070696E67202D
:103B0000636F6D6D616E6420616C726561647920B4
:103B100072756E6E696E67006E72665F6D6F64655A
:103B20006D5F646563745F7068795F6576656E74F8
:103B30005F68616E646C65725F7365742072657432
:103B400075726E65643A2025690A004E6F207069AF
:103B50006E6720636F6D6D616E642072756E6E6945
:103B60006E67202D206E6F7468696E6720746F20F9
:103B700073746F702E00646563745F7068795F7032
:103B8000696E675F696E697400646563745F70680D
:103B9000795F70696E675F6D646D5F6576745F688D
:103BA000616E646C657200646563745F7068795FF0
:103BB00070696E675F7365727665725F70696E6754
:103BC0005F726573705F747800646563745F7068BA
:103BD000795F70696E675F7365727665725F726533
:103BE00073756C74735F747800646563745F706878
:103BF000795F70696E675F7468726561645F666E35
:103C000000646563745F7068795F70696E675F6395
:103C10006D645F646F6E6500646563745F7068797E
:103C20005F70696E675F636C69656E745F74785FFF
:103C30007363686564756C6500646563745F706860
:103C4000795F70696E675F74785F726571756573AF
:103C5000745F726573756C747300646563745F7010
:103C600068795F70696E675F686172715F636C69C4
:103C7000656E745F6E616B5F68616E646C65006435
:103C80006563745F7068795F70696E675F74680000
:103C90002020547970653A202020202020202020E8
:103CA0002020202020202020257300202054726115
:103CB0006E736D69747465722049443A2020202027
:103CC0002020202564002020506F77657220636FCC
:103CD0006E74726F6C3A0020202020457870656306
:103CE0007465642052582052535349206C657665A0
:103CF0006C202864426D293A2025640020205365F9
:103D000071206E62723A2020202020202020202066
:103D10002020202025640020205061796C6F616490
:103D2000206C656E3A202020202020202020202595
:103D30006400434D414B455F534F555243455F44EB
:103D400049522F7372632F646563742F70696E67B5
:103D50002F646563745F7068795F70696E675F7008
:103D600064752E630070696E675F7064752D3E6DBB
:103D70006573736167652E74785F646174612E701A
:103D800061796C6F61645F6C656E677468203C3D3F
:103D900020282835363030202F203829202D202883
:103DA0002873697A656F6628646563745F706879E3
:103DB0005F70696E675F7064755F6D65737361676F
:103DC000655F747970655F7429202B2073697A654B
:103DD0006F662875696E74385F7429202B207369AB
:103DE0007A656F662875696E7431365F742929208B
:103DF0002B202832202A2073697A656F662875691E
:103E00006E7431365F742929292900202070617968
:103E10006C6F616420646174613A20257300202016
:103E2000726573756C747320646174613A202573D4
:103E300000434D414B455F534F555243455F444905
:103E4000522F7372632F646563742F706572662FCF
:103E5000646563745F7068795F706572662E630075
:103E60007265665F74696D655F7768656E5F7265C0
:103E700073657276656420213D20300070726F6337
:103E80006573735F6E6272203C2038002573206377
:103E9000616C6C6564207768656E20706572662061
:103EA000636D64206973206E6F74206F6E676F6935
:103EB0006E67202D2063616C6C6572202570530045
:103EC00070657266207478206F7065726174696FB6
:103ED0006E20636F6D706C657465643A00202074A9
:103EE0006F74616C20616D6F756E74206F662064F5
:103EF0006174612073656E743A2025642062797460
:103F000065730020207061636B657420636F756E4C
:103F1000743A202020202020202020202020202033
:103F200025640020207478206661696C65642064D3
:103F3000756520746F204C42543A202020202020A8
:103F40002564002020656C61707365642074696D60
:103F5000653A202020202020202020202020202002
:103F6000252E3266207365636F6E647300202064B3
:103F70006174612072617465733A202020202020D2
:103F800020202020202020202020252E3266206B7B
:103F9000626974732F7365636F6E64730020204EC3
:103FA0006F204841525120666565646261636B20F1
:103FB000636F756E743A202020202020202020205E
:103FC000202020202020202025640020204841524D
:103FD000512041434B207265636569766520636FAC
:103FE000756E743A202020202020202020202020C0
:103FF00020202020202025640020204841525120EC
:104000004E41434B207265636569766520636F7529
:104010006E743A20202020202020202020202020E4
:104020002020202025640020204841525120726524
:10403000736574204E41434B2072656365697665F4
:1040400020636F756E743A202020202020202020CD
:104050002020256400202050434320435243206504
:1040600072726F7220636F756E74202848415251CE
:1040700020666565646261636B205258293A20208E
:10408000256400202050444320435243206572722F
:104090006F7220636F756E742028484152512066FC
:1040A0006565646261636B205258293A202025645B
:1040B00000202052583A20525353493A206D696EDD
:1040C0002025642C206D6178202564002020525822
:1040D0003A20534E523A206D696E2025642C206D93
:1040E000617820256400202052583A207077723A77
:1040F000206D696E2025642C206D61782025640078
:104100004661696C65642028657272203D256429CA
:1041100020746F2072657175657374207265737594
:104120006C74732066726F6D20746865207365729D
:104130007665722E205065726620636D6420646F10
:104140006E652E00526571756573746564207265C5
:1041500073756C74732066726F6D2074686520735C
:1041600065727665722E2E2E005045524620776974
:10417000746820484152513A206E6F20545820777D
:10418000696E646F7700706572665F646174612E3A
:10419000636C69656E745F646174612E74785F68C6
:1041A0006172715F70726F6365737365735B695D74
:1041B0002E70726F636573735F6E6272203D3D2077
:1041C0006900282573293A2063616E6E6F7420722E
:1041D00065736572766520484152512054582070AD
:1041E000726F6365737300282573293A206E7266B7
:1041F0005F6D6F64656D5F646563745F7068795F40
:1042000074785F7278206661696C6564202564202B
:104210002868616E646C65202564290A002825736E
:10422000293A206E72665F6D6F64656D5F646563C9
:10423000745F7068795F7472616E736D6974206603
:1042400061696C6564202564202868616E646C6512
:10425000202564290A005374617274696E672070A6
:1042600065726620636C69656E74206F6E2063688A
:10427000616E6E656C2025643A20627974652063F6
:104280006F756E74207065722054583A2025642C26
:1042900020736C6F74732025642C20676170202557
:1042A0006C6C64206D646D207469636B732C206D7D
:1042B00063732025642C204C425420706572696F12
:1042C000642025642C206475726174696F6E2025EA
:1042D0006420736563732C2065787065637465640E
:1042E0002052535349206C6576656C206F6E2052C6
:1042F000582025642E005374617274696E672073B0
:1043000065727665722052583A206368616E6E65F8
:104310006C2025642C206578705F727373695F6C04
:104320006576656C2025642C206475726174696FF4
:104330006E20256420736563732E00526563656982
:10434000766564206461746120697320746F6F20E6
:104350006C6F6E6720746F2062652072656365699B
:104360007665642062792050455246205448202DBD
:104370002064697363617264656420286C656E20D3
:1043800025642C206275662073697A65202564296E
:104390000A006865616465722D3E7061636B6574C7
:1043A0005F6C656E6774685F74797065203D3D2051
:1043B000444543545F5048595F4845414445525F26
:1043C000504B545F4C454E4754485F545950455FDD
:1043D000534C4F5453004D6F64656D20484152510A
:1043E000206D61782070726F6365737320636F75E1
:1043F0006E74202825642920646F6573206E6F74A5
:10440000206D6174636820657870656374656420ED
:10441000636F756E743A202564212121210A0053AF
:10442000657276657220525820636F6D706C65748A
:1044300065642E0053657276657220525820636F52
:104440006D706C657465642062757420647572614A
:1044500074696F6E206C6566743A2072657374615E
:104460007274696E67202825642073656373292E32
:1044700000706572662073657276657220525820EE
:104480006661696C6564202D2070657266207365B5
:10449000727665722052582073746F707065642E46
:1044A000005365727665722052582077696C6C20D3
:1044B000626520636F6E74696E756564202825647B
:1044C0002073656373292061667465722072657359
:1044D000756C7420545820697320646F6E652E00CB
:1044E0004E6F20726573756C74732066726F6D20E9
:1044F00070657266207365727665722E204D616BF1
:1045000065207375726520746861742073657276B6
:1045100065722069732072756E6E696E6720616EB8
:104520006420726561636861626C652E0052582078
:10453000666F72207065726620726573756C747335
:1045400020646F6E652E00525820666F7220706571
:10455000726620726573756C7473206661696C6530
:10456000642E007065726620636F6D6D616E6420ED
:10457000616C72656164792072756E6E696E670038
:104580005065726620636F6D6D616E64206E6F742E
:104590002072756E6E696E672E004841525120542C
:1045A000582077696E646F77207761732066756C29
:1045B0006C202D2074696D656F757474696E672E3B
:1045C0000025733A2070657266206D6F64656D20FA
:1045D0006F7065726174696F6E206661696C656485
:1045E0003A2025732C2068616E646C652025640078
:1045F00025733A2063616E6E6F74205458204841D1
:10460000525120666565646261636B3A20257300D0
:1046100025733A2063616E6E6F7420525820666F66
:1046200072204841525120666565646261636B3A4D
:10463000202573004E6F207065726620646174617E
:10464000207265636569766564206F6E207365729C
:1046500076657220736964652E00706572662073DA
:104660006572766572207278206F70657261746908
:104670006F6E2066726F6D207478206964202564E7
:104680003A0A002020746F74616C20616D6F756E42
:1046900074206F6620646174613A202020256420B4
:1046A00062797465730A0020207061636B65742001
:1046B000636F756E743A2020202020202020202057
:1046C0002025640A002020656C6170736564207485
:1046D000696D653A202020202020202020202025E0
:1046E0002E326620736563730A0020206461746152
:1046F0002072617465733A20202020202020202021
:1047000020202020252E3266206B626974732F735F
:104710006563730A00202072782072657374617279
:1047200074656420636F756E743A20202020202504
:10473000640A002020484152512066656564626128
:10474000636B2074782062797465733A2025640A5B
:1047500000202050434320435243206572726F7201
:10476000733A2025640A00202050444320435243DA
:10477000206572726F72733A2025640A0020206FE0
:104780007574206F6620736571733A202020202590
:10479000640A0020205043432052583A204D43538E
:1047A0003A2020202025640A002020504343205234
:1047B000583A20525353493A206D696E3A202025C9
:1047C000642C206D61783A20256464426D0A0020D3
:1047D000205043432052583A205458207077723A60
:1047E000206D696E2025642C206D61782025642061
:1047F00064426D0A0020205043432052583A20530F
:104800004E523A206D696E3A2020202025642C20DB
:104810006D61783A2025640A007365727665723A94
:104820002073656E64696E6720726573756C7420A1
:10483000726573706F6E7365206F6620746F74613C
:104840006C206C656E6774683A2025643A0A2225EC
:1048500073220A00504552463A2052582050434392
:1048600020435243206572726F72202874696D650F
:1048700020256C6C75293A20534E522025642C203B
:10488000525353492D322025642028256420644248
:104890006D2900504552463A20525820504443203A
:1048A000435243206572726F72202874696D6520CF
:1048B000256C6C75293A20534E522025642C2052C9
:1048C0005353492D32202564202825642064426DED
:1048D0002900506572696F64696320646562756759
:1048E0003A205043432072656365697665642028E9
:1048F00074696D6520256C6C752C2068616E646C24
:1049000065202564293A207374617475733A2022F6
:104910002573222C20736E7220252E32662064426D
:104920002C20525353492D322025642064426D2C93
:104930002074782070777220252E32662064426DB4
:1049400000646563745F7068795F706572665F703C
:1049500064755F6465636F6465206661696C656436
:104960003A202564004F7574206F662073657120AE
:10497000696E2052583A2072785F6F75745F6F6667
:104980005F7365715F636F756E742025642C207092
:1049900064752E7365715F6E62722025642C2070C1
:1049A0006572665F646174612E72785F6C617374A6
:1049B0005F7365715F6E62722025640050455246D8
:1049C0005F524553554C54535F52455120726563B5
:1049D00065697665642066726F6D207478206964FD
:1049E000202564202D20627574206E6F2070657202
:1049F0006620646174612072656365697665642010
:104A000066726F6D2074686572652E0A486F7765EF
:104A10007665722C20776520686176652073656500
:104A20006E206120504343206C6173746C79206662
:104A3000726F6D2074686973207478206964202512
:104A400064202D20736F2073656E64696E67207219
:104A50006573756C747320746F2074686572652E4D
:104A60000A506C656173652C20636865636B204D2B
:104A7000435320616E642F6F722054582050575258
:104A8000206F6E206120636C69656E7420736964A9
:104A9000652E00504552465F524553554C54535F66
:104AA0005245512072656365697665642066726F50
:104AB0006D207478206964202564202D206275742F
:104AC000206E6F20706572662073657373696F6EF8
:104AD000207769746820697420286C61737420736E
:104AE00065656E207478206964202564292E204332
:104AF0006865636B204D435320616E642F6F722095
:104B0000545820505752206F6E206120636C6965A5
:104B10006E7420736964652E005365727665722029
:104B2000726573756C74732072656365697665640C
:104B30003A005065726620636F6D6D616E6420543B
:104B40005820646174612072656365697665643AB2
:104B50002069676E6F726564202D206E6F2070650E
:104B6000726620636F6D6D616E642072756E6E6922
:104B70006E672E00506572663A20726563656976CD
:104B8000656420756E6B6E6F776E20646174612052
:104B900028747970653A202573292C206C656E2065
:104BA00025642C2068657820646174613A2025733F
:104BB0000A004445435420504552463A20556E6BF6
:104BC0006E6F776E206576656E7420256420726541
:104BD00063656976656400646563745F7068795FB6
:104BE000706572665F6D646D5F6576745F68616E37
:104BF000646C657200646563745F7068795F70658A
:104C000072665F7365727665725F726573756C74D8
:104C1000735F747800646563745F7068795F706552
:104C200072665F7468726561645F666E0064656376
:104C3000745F7068795F706572665F636D645F64EE
:104C40006F6E6500646563745F7068795F7065722C
:104C5000665F636C69656E745F74785F6E6F5F68C2
:104C600061727100646563745F7068795F7065720A
:104C7000665F636C69656E745F74785F776974688A
:104C80005F6861727100646563745F7068795F70FA
:104C90006572665F74785F726571756573745F7253
:104CA0006573756C747300646563745F7068795FB5
:104CB000706572665F746800434D414B455F534FAA
:104CC000555243455F4449522F7372632F646563A5
:104CD000742F72665F746F6F6C2F646563745F709E
:104CE00068795F72665F746F6F6C2E6300706172BB
:104CF000616D732D3E706565725F6D6F6465203DFB
:104D00003D20444543545F5048595F52465F544FDD
:104D10004F4C5F4D4F44455F4E4F4E4500466169D5
:104D20006C656420746F20616C6C6F6361746520C6
:104D30006C697374206974656D20666F72205458B5
:104D4000206F7065726174696F6E004661696C6591
:104D50006420746F20616C6C6F63617465206C6992
:104D60007374206974656D20666F72205258206FCD
:104D70007065726174696F6E00282573293A20632B
:104D8000616C63756C617465642072782E647572F1
:104D90006174696F6E2028256C6C752920657863B5
:104DA000656564732055494E5433325F4D41582C2C
:104DB0002063617070696E6720746F2055494E548E
:104DC00033325F4D41582028257529002825732945
:104DD0003A20646563745F7068795F6170695F73BE
:104DE00063686564756C65725F6C6973745F697420
:104DF000656D5F61646420666F7220525820666141
:104E0000696C6564004661696C656420746F207329
:104E100063686564756C65205458206F70657261B5
:104E200074696F6E206F6E2022747822206F6E6C12
:104E300079206D6F64653A206572722025640046A2
:104E400061696C656420746F207363686564756C58
:104E500065205258206F7065726174696F6E206FA3
:104E60006E2022727822206F6E6C79206D6F6465DF
:104E70003A20657272202564004661696C65642081
:104E8000746F207363686564756C65205258206F79
:104E90007065726174696F6E206F6E202272785F28
:104EA000747822206D6F64653A20657272202564E3
:104EB000004661696C656420746F20736368656483
:104EC000756C65205458206F7065726174696F6EDF
:104ED000206F6E202272785F747822206D6F646577
:104EE0003A2065727220256400636D645F706172A0
:104EF000616D732D3E6D6F6465203D3D20444543DB
:104F0000545F5048595F52465F544F4F4C5F4D4F6E
:104F100044455F52585F434F4E54494E554F555389
:104F2000004661696C656420746F20736368656412
:104F3000756C65205258206F7065726174696F6E70
:104F4000206F6E202272785F636F6E7422206D6F07
:104F500064653A20657272202564002868616E6479
:104F60006C65203E3D2031373030302026262068C9
:104F7000616E646C65203C3D203137393939292018
:104F80007C7C202868616E646C65203E3D20313653
:104F90003030322026262068616E646C65203C3DEE
:104FA000203136393939290025733A20556E737509
:104FB00070706F7274656420736C6F742F6D63739F
:104FC00020636F6D62696E6174696F6E0025733A5C
:104FD00020546F6F206C6F6E67205458206461748A
:104FE000613A20256420627974657300282573294D
:104FF0003A20646563745F7068795F72665F746F8E
:105000006F6C5F73796E63685F776169745F7278E4
:105010005F6F705F7363686564756C652066616956
:105020006C65643A20726574202564006C61737449
:105030005F727820213D203000282573293A2066B0
:1050400072616D655F7265706561745F636F756EC7
:10505000742028257529202A206672616D655F6C91
:10506000656E5F737562736C6F7473202825642995
:1050700020776F756C64206F766572666C6F770051
:10508000524620746F6F6C20726573756C74732058
:105090006174207472616E736D69747465722069D5
:1050A000642025643A0020202D2052582F54582087
:1050B00044757479204379636C652070657263650B
:1050C0006E746167653A2020202020202020202057
:1050D000202020202020204E2F410020202D205253
:1050E000582F54582044757479204379636C652097
:1050F00070657263656E746167653A2020202020B8
:10510000202020202020202020202020252E30326A
:105110006625250020202D2054583A207061636BAD
:10512000657420636F756E743A2020202020202043
:10513000202020202020202020202020202020206F
:10514000202020202025640020202D2054583A20A3
:105150006461746120616D6F756E743A2020202047
:10516000202020202020202020202020202020203F
:1051700020202020202020202025640020202D20F9
:1051800054583A207375636365737366756C6C79F4
:1051900020636F6D706C65746564206D6F64656D00
:1051A000206F7065726174696F6E733A20256400B8
:1051B00020202D2054583A206661696C6564206F68
:1051C0007065726174696F6E20636F756E742073A1
:1051D000656E7420746F206D6F64656D3A202020B9
:1051E0002025640020202D2054583A206661696CE7
:1051F0006564206F7065726174696F6E20636F758E
:105200006E7420696E207363686564756C65723AAC
:10521000202020202025640020202D2054583A20D2
:105220006F7065726174696F6E20636F756E742044
:105230006661696C656420696E206D6F64656D3AA6
:1052400020202020202020202025640020202D2028
:1052500054583A206F7065726174696F6E20636F85
:10526000756E74206661696C656420647565207470
:105270006F204C425420425553593A202025640057
:1052800020202D2052583A207061636B6574206392
:105290006F756E743A2020202020202020202020AE
:1052A00020202020202020202020202020202020FE
:1052B0002025640020202D2052583A20646174611A
:1052C00020616D6F756E743A2020202020202020F0
:1052D00020202020202020202020202020202020CE
:1052E000202020202025640020202D2052583A2004
:1052F0006672616D6520636F756E74206D6973737E
:10530000656420696E2073796E636820525820723C
:105310006573746172743A202025640020202D206A
:1053200052583A207375636365737366756C6C7954
:1053300020636F6D706C65746564206D6F64656D5E
:10534000206F7065726174696F6E733A2025640016
:1053500020202D2052583A206661696C6564206FC8
:105360007065726174696F6E20636F756E742073FF
:10537000656E7420746F206D6F64656D3A20202017
:105380002025640020202D2052583A206661696C47
:105390006564206F7065726174696F6E20636F75EC
:1053A0006E7420696E207363686564756C65723A0B
:1053B000202020202025640020202D2052583A2033
:1053C0006F7065726174696F6E20636F756E7420A3
:1053D0006661696C656420696E206D6F64656D3A05
:1053E00020202020202020202025640020202D2087
:1053F00052583A207061636B657473206D697373E2
:10540000696E673A202020202020202020202020A4
:105410002020202020202020202020202025640063
:1054200020202D2052583A205061636B657420452E
:1054300072726F7220526174653A20202020202001
:10544000202020202020202020202020202020205C
:1054500020252E303266252520283D25642F256401
:105460002A313030290020202D2052583A20504334
:105470004320686561646572206E6F742076616C8C
:10548000696420636F756E743A20202020202020EC
:105490002020202020202025640020202D2052586C
:1054A0003A2050434320435243206572726F727317
:1054B0003A202020202020202020202020202020D2
:1054C00020202020202020202020202564002020B3
:1054D0002D2052583A2050444320435243206572B5
:1054E000726F72733A20202020202020202020205C
:1054F00020202020202020202020202020202025A7
:10550000640020202D2052583A20525353492068DD
:10551000696768206C6576656C3A20202020202021
:10552000202020202020202020202020202020207B
:1055300020202025640020202D2052583A2052534C
:105540005349206C6F77206C6576656C3A2020207B
:10555000202020202020202020202020202020204B
:105560002020202020202025640020202D2052589B
:105570003A205253534920617665726167653A203B
:10558000202020202020202020202020202020201B
:1055900020202020202020202020202564002020E2
:1055A0002D2052583A20525353492061766572613A
:1055B00067653A2020202020202020202020202045
:1055C0002020202020202020202020202020204EAD
:1055D0002F410020202D2052583A207472616E73A2
:1055E0006D697420706F77657220686967683A200A
:1055F00020202020202020202020202020202020AB
:105600002020202025642064626D0020202D20525F
:10561000583A207472616E736D697420706F77658B
:1056200072206C6F773A202020202020202020201C
:1056300020202020202020202020202025642064DD
:10564000626D0020202D20525820534E5220686950
:1056500067683A20202020202020202020202020A1
:10566000202020202020202020202020202020203A
:105670002020202025640020202D20525820534E29
:1056800052206C6F773A20202020202020202020DC
:10569000202020202020202020202020202020200A
:1056A000202020202020202025640020202D205292
:1056B0005820534E5220617665726167653A20200A
:1056C00020202020202020202020202020202020DA
:1056D00020202020202020202020202025640020A1
:1056E000202D20525820534E5220617665726167FA
:1056F000653A20202020202020202020202020204B
:105700002020202020202020202020202020202099
:105710004E2F410020202D205258206C617465735B
:1057200074204D43533A2020202020202020202088
:105730002020202020202020202020202020202069
:1057400020202020202564004E6F2052582073799D
:105750006E6368202D20636F6E74696E75652E0010
:105760004E6F2052582073796E6368202D20657823
:105770006974696E672E00556E657870656374652F
:105780006420525820504343202D206E6F205246F3
:1057900020746F6F6C2072756E6E696E6700726632
:1057A0005F746F6F6C5F646174612E636D645F70B2
:1057B0006172616D732E6D6F6465203D3D204445BF
:1057C00043545F5048595F52465F544F4F4C5F4DB2
:1057D0004F44455F52585F434F4E54494E554F55C5
:1057E0005300416C6C2072657065746974696F6EEA
:1057F0007320646F6E6520666F722068616E646CE2
:1058000065202564004445435420524620544F4FA0
:105810004C3A20556E6B6E6F776E206576656E74B0
:1058200020256420726563656976656400554E4B7A
:105830004E4F574E0066616C73650072665F746F01
:105840006F6C20636F6D6D616E6420616C72656159
:1058500064792072756E6E696E670044454354200A
:1058600050485920524620546F6F6C2073746172F7
:105870007465643A0020204D6F64653A2020202032
:105880002020202020202020202020202020202018
:105890002020202025730020204368616E6E656CF7
:1058A0003A202020202020202020202020202020DE
:1058B0002020202020202564002020436F6E746962
:1058C0006E756F7573206D6F64653A2020202020FF
:1058D0002020202020202020257300202046696ED3
:1058E000642052582053796E633A202020202020D3
:1058F000202020202020202020202573002020454B
:10590000787065637465642052582052535349205F
:105910004C6576656C3A20202020202025640020EC
:105920002050656572206D6F64653A20202020202C
:10593000202020202020202020202020202025730F
:105940000020204672616D6520526570656174208B
:10595000436F756E743A20202020202020202020C4
:1059600025640020204672616D65206C656E677449
:10597000682028696E20737562736C6F7473293A9E
:10598000202025640020204672616D65206C656EC4
:105990006774682028696E206D646D207469636B7C
:1059A00073293A20256C6C750020205458205374BC
:1059B0006172742054696D6520537562736C6F74E5
:1059C000733A2020202020202564002020545820D5
:1059D000537562736C6F7420436F756E743A202038
:1059E000202020202020202020202564002020545A
:1059F0005820506F73742049646C6520537562732E
:105A00006C6F7420436F756E743A202025640020FB
:105A10002044657374696E6174696F6E205472619D
:105A20006E736D69747465722049443A2020256450
:105A300000202052582053746172742054696D659F
:105A400020537562736C6F74733A202020202020DD
:105A50002564002020525820537562736C6F7420A7
:105A6000436F756E743A20202020202020202020B3
:105A700020202564002020525820506F7374204944
:105A8000646C6520537562736C6F7420436F756E20
:105A9000743A202025640020205458204C42542081
:105AA000506572696F642028696E2073796D626F2A
:105AB0006C73293A202025640020205458204C4241
:105AC0005420506572696F642028696E2074696380
:105AD0006B73293A20202020256400202054582070
:105AE0004C425420506572696F642028696E20739F
:105AF0007562736C6F7473293A20252E30346600FA
:105B000020205458204C425420506572696F643AEA
:105B10002020202020202020202020202020204461
:105B2000697361626C6564002020545820506F775F
:105B30006572202864426D293A20202020202020F0
:105B4000202020202020202564002020545820647C
:105B5000617461206C656E6774682028696E2062CC
:105B600079746573293A2020202564004E6F2072D5
:105B7000665F746F6F6C20636F6D6D616E64207211
:105B8000756E6E696E67202D206E6F7468696E6722
:105B900020746F2073746F702E0052585F434F4E05
:105BA000540052585F545800646563745F7068799C
:105BB0005F72665F746F6F6C5F74680064656374B6
:105BC0005F7068795F72665F746F6F6C5F65767423
:105BD0005F68616E646C657200646563745F7068B1
:105BE000795F72665F746F6F6C5F73796E63685F05
:105BF000776169745F72785F6F705F736368656403
:105C0000756C6500646563745F7068795F72665F68
:105C1000746F6F6C5F737461727400646563745F3A
:105C20007068795F72665F746F6F6C5F72785F6FB8
:105C3000705F7363686564756C6500646563745F49
:105C40007068795F72665F746F6F6C5F74785F6F96
:105C5000705F7363686564756C6500646563745F29
:105C60007068795F72665F746F6F6C5F72785F6E79
:105C70005F74785F647574795F6379636C655F7076
:105C8000657263656E745F63616C63756C61746586
:105C900000726163685F74782073746F70706564FC
:105CA0002E005241434820545820646174612028DA
:105CB00025732920746F6F206C6F6E672E00643A15
:105CC000703A6D3A743A693A6A68005468652067B8
:105CD0006976656E206461746120697320746F6FEA
:105CE000206C6F6E6720746F20626520656E636F35
:105CF00064656420696E746F204A534F4E20776943
:105D00007468206D6F64656D2074656D7065726177
:105D1000747572652E0053656E64696E67206461E8
:105D2000746120257320746F2046542025752773D5
:105D30002072616E646F6D2061636365737320729E
:105D400065736F757263650043616E6E6F74207367
:105D5000656E64206461746120257320746F204631
:105D60005420257527732072616E646F6D20616306
:105D700063657373207265736F757263652C20653C
:105D8000727220256400436C69656E74205458203B
:105D9000746F205241434820737461727465642E9D
:105DA00000703A6D3A743A680053656E64696E67C4
:105DB000206173736F63696174696F6E2072656CC3
:105DC0006561736520746F20465420257527732004
:105DD00072616E646F6D20616363657373207265B9
:105DE000736F757263650043616E6E6F74207365C7
:105DF0006E64206173736F63696174696F6E207282
:105E0000656C6561736520746F2046542025752785
:105E1000732072616E646F6D2061636365737320BC
:105E20007265736F757263652C20657272202564CC
:105E3000004173736F63696174696F6E2052656CA2
:105E40006561736520545820737461727465642EA3
:105E50000053656E64696E67206173736F63696177
:105E600074696F6E5F72657120746F2046542025CF
:105E70007527732072616E646F6D20616363657353
:105E800073207265736F757263650043616E6E6F28
:105E9000742073656E64206173736F6369617469E4
:105EA0006F6E207265717565737420746F20505425
:105EB00020257520612072616E646F6D20616363BF
:105EC000657373207265736F757263652C206572DC
:105ED00072202564004173736F63696174696F6E2A
:105EE00020726571756573742054582073746172E3
:105EF0007465642E00633A743A653A693A44666898
:105F00000043616E6E6F74207374617274206265F9
:105F100061636F6E207363616E2C20657272202541
:105F20006400426561636F6E207363616E207374F9
:105F300061727465642E0053746F7070696E6720AF
:105F4000626561636F6E2E00703A633A6800436168
:105F50006E6E6F7420737461727420626561636F1A
:105F60006E2C2065727220256400426561636F6E3D
:105F7000207374617274696E6700646563742D7058
:105F800068792D6D6163207374617475733A006D67
:105F9000616300436F6D6D616E647320666F722084
:105FA0007573696E672073616D706C65204D414338
:105FB00020636F6D6D616E6473206F6E20746F70FF
:105FC000206F66206C69626D6F64656D2050485962
:105FD000204150492E005573616765206F707469C8
:105FE0006F6E733A2064656374206D61632073740F
:105FF0006174757300626561636F6E5F7374617263
:1060000074005573616765206F7074696F6E733AC1
:106010002064656374206D616320626561636F6EE7
:106020005F7374617274202D680055736167653AFF
:106030002064656374206D616320626561636F6EC7
:106040005F73746F7000626561636F6E5F7363612D
:106050006E005573616765206F7074696F6E733A77
:106060002064656374206D616320626561636F6E97
:106070005F7363616E202D68006173736F63696184
:1060800074650055736167653A2064656374206DBB
:106090006163206173736F6369617465202D6800AB
:1060A000646973736F6369617465005573616765D3
:1060B0003A2064656374206D616320646973736F53
:1060C0006369617465202D6800726163685F74782C
:1060D000005573616765206F7074696F6E733A2045
:1060E00064656374206D616320726163685F7478B6
:1060F000202D68006C6F6E675F72645F6964006773
:1061000065745F6D646D5F74656D7000636C65616F
:10611000725F6E62725F6361636865005573616789
:10612000653A2064656374206D6163207261636801
:106130005F7478205B73746F705D207C202D642009
:106140003C646174613E205B3C6F7074696F6E7378
:106150003E5D0A4F7074696F6E733A0A20202D6499
:106160002C202D2D64617461203C646174615F7327
:1061700074723E2C20204461746120746F2062652B
:106180002073656E742E0A20202D702C202D2D7406
:10619000785F707772203C696E74656765723E2C1B
:1061A00020545820706F776572202864426D292E24
:1061B0002044656661756C743A20302064426D2E0F
:1061C0000A20202D6D2C202D2D74785F6D63732097
:1061D0003C696E74656765723E2C205458204D43AF
:1061E000532028696E7465676572292E20446566A0
:1061F00061756C743A20302E0A20202D742C202DCD
:106200002D6C6F6E675F72645F6964203C69643EE9
:106210002C2020546172676574206C6F6E67207249
:10622000642069642E2044656661756C743A20337D
:10623000382E0A20202D692C202D2D696E74657250
:1062400076616C203C696E74657276616C5F736513
:1062500063733E2C20446174612073656E64696EC3
:106260006720696E74657276616C20696E20736553
:10627000636F6E64732E0A202020202020202020AF
:10628000202020202020202020202020202020200E
:1062900020202020202020202044656661756C7419
:1062A0003A20302C20646174612073656E74206F15
:1062B0006E6C79206F6E63652E0A20202D6A2C206B
:1062C0002D2D6765745F6D646D5F74656D702C2036
:1062D000202020202020202020202020496E636CB8
:1062E000756465206D6F64656D2074656D70657291
:1062F000617475726520696E2074686520706179BB
:106300006C6F61642E20546865207061796C6F61D8
:10631000640A20202020202020202020202020204F
:10632000202020202020202020202020202020206D
:1063300020202020697320656E636F646564206986
:106340006E204A534F4E2E0A4E6F74653A204C42CF
:106350005420284C697374656E204265666F7265BF
:106360002054616C6B2920697320656E61626C65D5
:106370006420617320612064656661756C742066B9
:106380006F722061206D696E20706572696F642C78
:106390000A20202020202062757420746865204C1B
:1063A0004254206D617820525353492074687265BD
:1063B00073686F6C642063616E20626520636F6E2A
:1063C0006669677572656420696E207365747469A7
:1063D0006E67730A202020202020286465637420C3
:1063E00073657474202D2D727373695F7363616EAE
:1063F0005F627573795F7468203C64626D3E292E1C
:106400000A0055736167653A2064656374206D61A5
:106410006320646973736F6369617465205B3C6FAB
:106420007074696F6E733E5D0A53656E64732041CC
:1064300073736F63696174696F6E2052656C656117
:106440007365206D6573736167652E0A4F7074699B
:106450006F6E733A0A20202D742C202D2D6C6F6ED8
:10646000675F72645F6964203C69643E2C2020543D
:106470006172676574206C6F6E6720726420696456
:106480002E2044656661756C743A2033382E0A20DC
:10649000202D702C202D2D74785F707772203C6930
:1064A0006E74656765723E2C20545820706F776556
:1064B00072202864426D292E2044656661756C74D3
:1064C00020302064426D2E0A20202D6D2C202D2D91
:1064D00074785F6D6373203C696E74656765723EA6
:1064E0002C205458204D43532028696E74656765ED
:1064F00072292E2044656661756C743A20302E0A2C
:106500004E6F74653A204C425420284C6973746570
:106510006E204265666F72652054616C6B2920693C
:106520007320656E61626C65642061732061206414
:10653000656661756C7420666F722061206D696E8E
:1065400020706572696F642C0A2020202020206250
:10655000757420746865204C4254206D6178205217
:10656000535349207468726573686F6C642063616B
:106570006E20626520636F6E666967757265642060
:10658000696E2073657474696E67730A2020202019
:10659000202028646563742073657474202D2D7227
:1065A0007373695F7363616E5F627573795F74683B
:1065B000203C64626D3E292E0A0055736167653A7E
:1065C0002064656374206D6163206173736F636918
:1065D000617465205B3C6F7074696F6E733E5D0A19
:1065E00053656E6473204173736F63696174696F7F
:1065F0006E20526571756573742E0A4F7074696FE1
:106600006E733A0A20202D742C202D2D6C6F6E672E
:106610005F72645F6964203C69643E2C2020546191
:1066200072676574206C6F6E672072642069642ED7
:106630002044656661756C743A2033382E0A202038
:106640002D702C202D2D74785F707772203C696E30
:1066500074656765723E2C20545820706F776572A0
:10666000202864426D292E2044656661756C743A59
:1066700020302064426D2E0A20202D6D2C202D2DDF
:1066800074785F6D6373203C696E74656765723EF4
:106690002C205458204D43532028696E746567653B
:1066A00072292E2044656661756C743A20302E0A7A
:1066B0004E6F74653A204C425420284C69737465BF
:1066C0006E204265666F72652054616C6B2920698B
:1066D0007320656E61626C65642061732061206463
:1066E000656661756C7420666F722061206D696EDD
:1066F00020706572696F642C0A202020202020629F
:10670000757420746865204C4254206D6178205265
:10671000535349207468726573686F6C64206361B9
:106720006E20626520636F6E6669677572656420AE
:10673000696E2073657474696E67730A2020202067
:10674000202028646563742073657474202D2D7275
:106750007373695F7363616E5F627573795F746889
:10676000203C64626D3E292E0A005374617274737A
:10677000206120636C757374657220626561636F5C
:106780006E20776974682074686520636F6E66692F
:1067900067757265642073657474696E67732061D0
:1067A0006E6420676976656E20706172616D6574D4
:1067B0006572732E0A0A55736167653A20646563D2
:1067C00074206D616320626561636F6E5F737461D5
:1067D0007274205B3C6F7074696F6E733E5D0A4F1C
:1067E0007074696F6E733A0A20202D63203C696EC5
:1067F00074656765723E2C202020202020202020F8
:1068000020202020202055736564206368616E6E0F
:10681000656C20666F72206120626561636F6E2E09
:106820000A2020202020202020202020202020207E
:106830002020202020202020202020202020205226
:10684000616E6765733A2062616E642023313A207D
:10685000313635372D3136373720286F6E6C792039
:106860006F6464206E756D62657273292C0A202036
:106870002020202020202020202020202020202018
:1068800020202020202020202020202062616E64F3
:1068900020233220313638302D313730302C2062F1
:1068A000616E64202334203532352D3535312C206E
:1068B00062616E6420233920313730332D31373116
:1068C000312C0A20202020202020202020202020C1
:1068D00020202020202020202020202020202020B8
:1068E0002062616E642023323220313639312D31FD
:1068F0003731312E0A202020202020202020202067
:106900002020202020202020202020202020202087
:1069100020202044656661756C743A20302C206913
:106920002E652E206175746F6D61746963207365C7
:106930006C656374696F6E206F660A2020202020CA
:106940002020202020202020202020202020202047
:10695000202020202020202020667265652F706F67
:10696000737369626C65206368616E6E656C206F1D
:106970006E2061207365742062616E642E0A20208F
:106980002D702C202D2D74785F707772203C6462FE
:106990006D3E2C20202020202020202053657420B4
:1069A000626561636F6E2062726F616463617374AC
:1069B00020706F776572202864426D292C206465F1
:1069C0006661756C743A202D31362E0A2020202005
:1069D00020202020202020202020202020202020B7
:1069E000202020202020202020205B2D34302C2D22
:1069F00033302C2D32302C2D31362C2D31322C2DA4
:106A0000382C2D342C302C342C372C31302C313385
:106A10002C31362C31392C32312C32335D0A005571
:106A2000736167653A2064656374206D61632062F9
:106A30006561636F6E5F7363616E205B2D63203CE5
:106A40006368616E6E656C3E5D205B3C6F7468656B
:106A5000725F6F7074696F6E733E5D0A4F70746918
:106A60006F6E733A0A20202D63203C696E7465674F
:106A700065723E2C20202020202020202020202055
:106A80002020202020202020202020204368616E0C
:106A90006E656C206E627220746F20626520736375
:106AA000616E6E656420666F72206120626561634D
:106AB0006F6E2E0A20202020202020202020202041
:106AC00020202020202020202020202020202020C6
:106AD000202020202020202020202052616E676569
:106AE000733A2062616E642023313A2031363537A3
:106AF0002D313637372C2062616E642023322031ED
:106B00003638302D313730302C0A202020202020FC
:106B10002020202020202020202020202020202075
:106B20002020202020202020202020202020202065
:106B30002062616E64202334203532352D353531A5
:106B40002C2062616E6420233920313730332D319F
:106B50003731312C0A202020202020202020202006
:106B60002020202020202020202020202020202025
:106B700020202020202020202020202062616E6400
:106B80002023323220313639312D313731312E2028
:106B90005A65726F2076616C75653A20616C6C2065
:106BA000696E2061207365742062616E642E0A2014
:106BB00020202020202020202020202020202020D5
:106BC00020202020202020202020202020202020C5
:106BD00020202020202044656661756C743A2031A5
:106BE0003636352E0A20202D742C202D2D7363610E
:106BF0006E5F74696D65203C696E74656765723E91
:106C00002C20202020202020202020205363616E73
:106C10006E696E67206475726174696F6E20696E4B
:106C2000207365636F6E6473202864656661756C9C
:106C3000743A2034207365636F6E6473292E0A20C2
:106C4000202D652C202D2D72785F6578705F727312
:106C500073695F6C6576656C203C696E7465676509
:106C6000723E2C2020205365742065787065637413
:106C700065642052535349206C6576656C206F6EB5
:106C80002061207363616E205258202864426D2970
:106C90002E0A2020202020202020202020202020FC
:106CA00020202020202020202020202020202020E4
:106CB00020202020202020202044656661756C74EF
:106CC0003A20302028414743292E0A20202D442CE9
:106CD000202D2D636C6561725F6E62725F6361630C
:106CE00068652C202020202020202020202020200B
:106CF0002020436C656172206E65696768626F72FF
:106D00002073746F726167652E0A20202D662C2017
:106D10002D2D666F7263652C2020202020202020DE
:106D20002020202020202020202020202020202063
:106D300020557365207370656369616C20666F729E
:106D4000636520746F206F76657272696465206375
:106D5000757272656E74206974656D730A202020E7
:106D60002020202020202020202020202020202023
:106D70002020202020202020202020202020202013
:106D800020202020696E2061207363686564756C23
:106D9000657220736F207468617420626561636F2F
:106DA0006E207363616E732068617665207072690E
:106DB0006F726974792E0A20202020202020202044
:106DC00020202020202020202020202020202020C3
:106DD00020202020202020202020202020204E6F36
:106DE00074653A207768656E20757365642C206F32
:106DF000746865722072756E6E696E67206974655D
:106E00006D73206172650A20202020202020202020
:106E10002020202020202020202020202020202072
:106E200020202020202020202020202020206E6FC5
:106E300074207363686564756C656420746F206D7D
:106E40006F64656D2E0A466F6C6C6F77696E672094
:106E50006F7074696F6E73206F6E6C7920696D70DE
:106E600061637473206F6E2052535349206D6561C6
:106E7000737572656D656E747320647572696E6783
:106E80002052583A0A20202D69203C696E746572A0
:106E900076616C5F736563733E2C20202020202078
:106EA000202052535349206D6561737572656D657D
:106EB0006E74207265706F7274696E6720696E748B
:106EC000657276616C20696E207365636F6E6473A2
:106ED0002E0A2020202020202020202020202020BA
:106EE000202020202020202020202020202020447E
:106EF000656661756C743A2031207365636F6E64EA
:106F0000732C20757365207A65726F20746F20640E
:106F1000697361626C652E0A20202D2D667265658D
:106F20005F7468203C64626D5F76616C75653E2CB1
:106F300020202020204368616E6E656C20616363B1
:106F4000657373202D20636F6E7369646572656469
:106F500020617320667265653A0A20202020202077
:106F60002020202020202020202020202020202021
:106F7000202020202020206D6561737572656420BB
:106F80007369676E616C206C6576656C203C3D2092
:106F90003C76616C75653E2E0A2020202020202042
:106FA00020202020202020202020202020202020E1
:106FB0002020202020205365742061207468726591
:106FC00073686F6C6420666F72205253534920734C
:106FD00063616E2066726565207468726573686FA0
:106FE0006C64202864426D292E0A20202020202055
:106FF0002020202020202020202020202020202091
:107000002020202020202044656661756C74206655
:10701000726F6D20727373695F7363616E5F627507
:1070200073795F74680A20202020202020202020EF
:107030002020202020202020202020202020202050
:107040002020204368616E6E656C20616363657308
:1070500073202D20636F6E736964657265642061AF
:107060007320706F737369626C653A0A2020202068
:107070002020202020202020202020202020202010
:10708000202020202020202020627573795F7468E2
:10709000203E3D206D65617375726564207369677C
:1070A0006E616C206C6576656C203E20667265654D
:1070B0005F74680A20202D2D627573795F746820D3
:1070C0003C64626D5F76616C75653E2C20202020EB
:1070D000204368616E6E656C206163636573732025
:1070E0002D20636F6E73696465726564206173201F
:1070F000627573793A0A2020202020202020202049
:10710000202020202020202020202020202020207F
:107110002020206D65617375726564207369676EE8
:10712000616C206C6576656C203E203C76616C75E8
:10713000653E2E0A202020202020202020202020F4
:10714000202020202020202020202020202020203F
:10715000205365742061207468726573686F6C6475
:1071600020666F722052535349207363616E206210
:10717000757379207468726573686F6C6420286415
:10718000426D292E0A20202020202020202020208F
:1071900020202020202020202020202020202020EF
:1071A000202044656661756C742066726F6D207274
:1071B0007373695F7363616E5F667265655F746840
:1071C0000A0025733A2063616E6E6F742054582054
:1071D000626561636F6E3A2025730025733A206300
:1071E000616E6E6F7420545820636C69656E7420F4
:1071F000646174612064756520746F204C42542C66
:10720000206368616E6E656C2077617320627573B0
:10721000790025733A2063616E6E6F742054582094
:10722000636C69656E7420646174613A2025730033
:1072300025733A20636C69656E74206173736F63A4
:107240006961746564206267207363616E206661A2
:10725000696C65643A2025730025733A2063616E7A
:107260006E6F74207374617274204C4D53205253AE
:107270005349207363616E3A2025730025733A20C9
:1072800063616E6E6F74207374617274205241205A
:1072900052583A2025732C2068616E646C65202555
:1072A0006400436C69656E74206461746120545895
:1072B00020636F6D706C657465642E005458206691
:1072C0006F72204173736F63696174696F6E2052CE
:1072D00065717565737420636F6D706C657465643A
:1072E0002E00525820666F72204173736F6369617C
:1072F00074696F6E20526573706F6E736520636F73
:107300006D706C657465642E00426561636F6E20FC
:10731000545820666F72204173736F63696174699A
:107320006F6E205265737020636F6D706C6574654D
:10733000642E00545820666F72204173736F636926
:107340006174696F6E2052656C6561736520636F4F
:107350006D706C657465642E002825732920506853
:107360007920617069206E6F7420696E697469613B
:107370006C697A65640043616E6E6F74207374612A
:1073800072742072737369207363616E2C2065724E
:107390007220256400282573293A204E6F207265DB
:1073A00073706F6E736520666F722052535349205D
:1073B0007363616E206F722052535349207363616F
:1073C0006E206661696C65642E004E6F2063686193
:1073D0006E6E656C20666F756E6420666F722062DB
:1073E0006561636F6E2E004368616E6E656C20256B
:1073F00064207761732063686F73656E20666F72B7
:107400002074686520626561636F6E2E0046616955
:107410006C656420746F207374617274206265619E
:10742000636F6E2054583A206572722025640042C2
:107430006561636F6E205458207374617274656463
:107440002E00426561636F6E20545820636F756C27
:10745000646E277420626520737461727465642E93
:1074600000426561636F6E20616C726561647920B2
:107470007374617274656400426561636F6E205459
:10748000582073746F70706564206279207573651D
:10749000722E00426561636F6E2054582073746FC2
:1074A000707065642C2063617573653A2025732EB6
:1074B000004173736F636961746520726571207434
:1074C0006F205241207265736F757263652072651B
:1074D000717569726573204C425420746F20626527
:1074E00020757365642C20636F6E74696E756520FA
:1074F0002D2D206275742063757272656E74207212
:107500006164696F206D6F64652069732025732045
:10751000616E64206F7065726174696F6E20776947
:107520006C6C206661696C20696E206D6F64656D9E
:107530002E0043616E6E6F742073746172742063E9
:107540006C69656E745F6173736F63696174653ACA
:107550002025640043616E6E6F74207374617274D1
:1075600020636C69656E745F646973736F636961CE
:1075700074653A2025640043616E6E6F74207374E5
:1075800061727420636C69656E745F726163685FB9
:1075900074783A20256400646563745F7068795F6D
:1075A0006D61635F6374726C5F626561636F6E5F70
:1075B00073746172745F776F726B5F68616E646C15
:1075C000657200646563745F7068795F6D61635FA5
:1075D0006374726C5F74685F7068795F6170695F13
:1075E0006D646D5F6F705F636F6D706C6574655F08
:1075F0006362005573657220496E697469617465D0
:1076000064004C4D5320726573756C746564204240
:10761000555359206F6E20626561636F6E207478D8
:10762000004C4D5320726573756C7465642042552F
:107630005359206F6E205241434800282573293A40
:10764000204661696C656420746F206164642070F9
:10765000616464696E673A2065727220256420282F
:10766000636F6E74696E75652900282573293A2049
:10767000426561636F6E20616C726561647920722E
:10768000756E6E696E6700282573293A2046616918
:107690006C656420746F20656E636F64652062653D
:1076A00061636F6E00282573293A20646563745FF7
:1076B0007068795F6170695F7363686564756C6534
:1076C000725F6C6973745F6974656D5F616C6C6F18
:1076D000635F74785F656C656D656E742066616963
:1076E0006C65643A204E6F206D656D6F7279207401
:1076F0006F205458206120626561636F6E002825F9
:1077000073293A20646563745F7068795F6170699A
:107710005F7363686564756C65725F6C6973745FD1
:107720006974656D5F616464206661696C6564207D
:10773000666F722052535349206D6561737572658F
:107740006D656E74202D2D20636F6E74696E756586
:1077500000282573293A20646563745F7068795F37
:107760006170695F7363686564756C65725F6C698D
:1077700073745F6974656D5F61646420666F722005
:1077800052414348206661696C65640053636865D3
:1077900064756C656420626561636F6E2054583A4D
:1077A00020696E74657276616C2025646D732C207F
:1077B0007478207077722025642064626D2C2063B9
:1077C00068616E6E656C2025642C207061796C6F29
:1077D000616420504455206279746520636F756E32
:1077E000743A20256400282573293A204661696C83
:1077F000656420746F2072652D656E636F6465200B
:10780000626561636F6E00426561636F6E206E6FCB
:10781000742072756E6E696E6720616E6420726589
:10782000636569766564204173736F636961746928
:107830006F6E205265712066726F6D20257520284D
:10784000307825303478290A00556E737570706F62
:107850007274656420736C6F742F6D637320636F33
:107860006D62696E6174696F6E0A00436C75737442
:10787000657220626561636F6E20737461747573E5
:107880003A002020426561636F6E2072756E6E69EA
:107890006E673A202573002020426561636F6E2079
:1078A0006368616E6E656C3A2020202020202020C5
:1078B00020202020202020202564002020426561F7
:1078C000636F6E20747820706F7765723A20202085
:1078D000202020202020202020202020256420641B
:1078E000426D002020426561636F6E20696E746591
:1078F0007276616C3A202020202020202020202039
:10790000202020202564206D7300202042656163C3
:107910006F6E207061796C6F6164205044552062F5
:1079200079746520636F756E743A20256400434D49
:10793000414B455F534F555243455F4449522F7366
:1079400072632F646563742F6D61632F6465637464
:107950005F7068795F6D61635F636C757374657286
:107960005F626561636F6E2E63006C6173745F723A
:1079700063765F74696D65203C206E6F775F72631C
:10798000765F74696D6500646563745F7068795FC4
:107990006D61635F636C75737465725F626561636B
:1079A0006F6E5F6173736F63696174696F6E5F722D
:1079B0006573705F7064755F656E636F64650064A6
:1079C0006563745F7068795F6D61635F636C757325
:1079D0007465725F626561636F6E5F6173736F631D
:1079E000696174696F6E5F7265715F68616E646C06
:1079F0006500646563745F7068795F6D61635F6380
:107A00006C75737465725F626561636F6E5F7570CC
:107A10006461746500646563745F7068795F6D614B
:107A2000635F636C75737465725F626561636F6ECB
:107A30005F656E636F646500646563745F70687929
:107A40005F6D61635F636C75737465725F626561BE
:107A5000636F6E5F74785F7374617274002825734E
:107A6000293A204E6F206173736F63696174696F87
:107A70006E206461746120666F756E6420666F723B
:107A800020746172676574206C6F6E672072642069
:107A9000696420257500282573293A204261636BAB
:107AA00067726F756E64207363616E20636F6D70B3
:107AB0006C6574656420666F7220746172676574AA
:107AC000206C6F6E672072642069642025752E20FB
:107AD00043617573653A207573657220696E6974C8
:107AE000696174656400434D414B455F534F555286
:107AF00043455F4449522F7372632F646563742F4B
:107B00006D61632F646563745F7068795F6D616335
:107B10005F636C69656E742E6300696E666F2D3EDF
:107B20006361757365203D3D20444543545F504873
:107B3000595F4D41435F4E42525F42475F5343415D
:107B40004E5F4F505F434F4D504C455445445F434B
:107B5000415553455F554E524541434841424C457E
:107B600000282573293A204261636B67726F756E36
:107B700064207363616E20636F6D706C65746564FF
:107B800020666F7220746172676574206C6F6E6717
:107B90002072642069642025752E20436175736509
:107BA0003A20756E726561636861626C6520666F0C
:107BB000722061202564206D736563732E0041730C
:107BC000736F63696174696F6E20726573706F6E35
:107BD00073652074696D656F75743A206E6F7420DB
:107BE0006173736F63696174656420776974682079
:107BF000646576696365206C6F6E67205244204926
:107C00004420256400282573293A204E6F20617393
:107C1000736F63696174696F6E206461746120665B
:107C20006F756E6420666F72207472616E736D6919
:107C30007474657220696420257500282573293ABB
:107C4000206173736F636961746564207769746818
:107C500020646576696365202564202D2073746136
:107C60007274696E67206261636B67726F756E64B0
:107C7000207363616E00282573293A20646563745C
:107C80005F7068795F6D61635F6E62725F62675F8C
:107C90007363616E5F7374617274206661696C6591
:107CA00064007461726765745F6E62722D3E72610A
:107CB0005F69652E726570656174203D3D204445A5
:107CC00043545F5048595F4D41435F52415F5245B5
:107CD000504541545F545950455F535542534C4FA2
:107CE000545300282573293A204661696C65642045
:107CF000746F20656E636F64652061206173736FBC
:107D000063696174696F6E2072657100282573293B
:107D10003A204661696C656420746F206765742041
:107D20006E65787420524143482054582074696D20
:107D30006500282573293A20646563745F7068794B
:107D40005F6170695F7363686564756C65725F6CB1
:107D50006973745F6974656D5F616C6C6F635F7488
:107D6000785F656C656D656E74206661696C6564CD
:107D70003A204E6F206D656D6F727920746F2054BC
:107D8000582061206173736F63696174696F6E203D
:107D900072657100282573293A20646563745F70E9
:107DA00068795F6170695F7363686564756C65723B
:107DB0005F6C6973745F6974656D5F616C6C6F6330
:107DC0005F72785F656C656D656E74206661696C65
:107DD0006564005363686564756C65642072616EE8
:107DE000646F6D20616363657373206461746120E7
:107DF00054582F52583A0A202074617267657420D3
:107E00006C6F6E67207264206964202575202830AD
:107E10007825303878292C2073686F72742072644A
:107E20002069642025752028307825303478292C65
:107E30000A2020746172676574203332626974208D
:107E40006E772069642025752028307825303878B1
:107E5000292C207478207077722025642064626D4C
:107E60002C0A20206368616E6E656C2025642C20CE
:107E70007061796C6F61642050445520627974653B
:107E800020636F756E743A2025642C0A2020626589
:107E900061636F6E20696E74657276616C20256413
:107EA0002C206672616D652074696D6520256C6C8F
:107EB000642C20626561636F6E207265636569760C
:107EC000656420256C6C6400282573293A204D6177
:107ED0007820616D6F756E74206F66206173736FAB
:107EE00063696174656420636C69656E74730028EE
:107EF0002573293A204173736F63696174696F6EEA
:107F00002065786973747320666F7220746172677C
:107F10006574206C6F6E672072642069642025751B
:107F2000202D20636F6E74696E7565002825732996
:107F30003A20646563745F7068795F6D61635F6345
:107F40006C69656E745F6173736F63696174655F9B
:107F50006D73675F73656E64206661696C65643A12
:107F600020256400282573293A204661696C6564E0
:107F700020746F20656E636F6465206173736F6337
:107F8000696174696F6E2072656C656173652072DA
:107F9000657100282573293A20646563745F7068F1
:107FA000795F6170695F7363686564756C65725F42
:107FB0006C6973745F6974656D5F616C6C6F635F2E
:107FC00074785F656C656D656E74206661696C655B
:107FD000643A204E6F206D656D6F727920746F204A
:107FE00054582061206173736F63696174696F6EA7
:107FF0002072656C65617365207265710028257358
:10800000293A204E6F74206173736F6369617465E0
:1080100064207769746820646576696365202564E7
:10802000007B2264617461223A222573222C226D26
:108030005F746D70223A224E2F41227D007B2264B4
:10804000617461223A222573222C226D5F746D7057
:10805000223A222564227D00282573293A20426590
:1080600061636F6E2077697468206C6F6E67205251
:108070004420494420257520686173206E6F742068
:108080006265656E207365656E20696E207363613D
:108090006E20726573756C747300282573293A20FD
:1080A0004661696C656420746F20656E636F6465FA
:1080B00020636C69656E74206461746120706475FE
:1080C00000282573293A20646563745F7068795FBE
:1080D0006170695F7363686564756C65725F6C6914
:1080E00073745F6974656D5F616C6C6F635F7478E6
:1080F0005F656C656D656E74206661696C65643A78
:10810000204E6F206D656D6F727920746F2054580A
:108110002061206461746120746F204654005363B1
:10812000686564756C65642072616E646F6D206152
:10813000636365737320646174612054583A0A2044
:1081400020746172676574206C6F6E6720726420A2
:1081500069642025752028307825303878292C202E
:1081600073686F72742072642069642025752028FA
:10817000307825303478292C0A20207461726765A4
:1081800074203332626974206E772069642025750B
:108190002028307825303878292C20747820707782
:1081A000722025642064626D2C0A20206368616E51
:1081B0006E656C2025642C207061796C6F61642081
:1081C000504455206279746520636F756E743A204F
:1081D00025642C0A2020626561636F6E20696E74CD
:1081E000657276616C2025642C206672616D652055
:1081F00074696D6520256C6C642C20626561636F09
:108200006E20726563656976656420256C6C640018
:10821000282573293A20636C69656E745F72616307
:10822000685F7478206661696C65643A2025640033
:10823000436C69656E74207374617475733A0020C1
:10824000204173736F63696174696F6E20232564C5
:108250003A206C6F6E6720524420494420257500F7
:10826000646563745F7068795F6D61635F636C6997
:10827000656E745F646174615F7064755F656E6381
:108280006F646500646563745F7068795F6D6163D6
:108290005F636C69656E745F726163685F747800B8
:1082A000646563745F7068795F6D61635F636C6957
:1082B000656E745F726163685F74785F776F726B0D
:1082C000657200646563745F7068795F6D61635F98
:1082D000636C69656E745F6173736F636961746900
:1082E0006F6E5F72656C5F7064755F656E636F64FF
:1082F0006500646563745F7068795F6D61635F6377
:108300006C69656E745F646973736F6369617465CA
:108310005F6D73675F73656E6400646563745F703F
:1083200068795F6D61635F636C69656E745F6469D2
:1083300073736F636961746500646563745F70680B
:10834000795F6D61635F636C69656E745F617373A0
:108350006F63696174655F726573705F68616E6495
:108360006C6500646563745F7068795F6D61635FFD
:10837000636C69656E745F6E62725F7363616E5F7A
:10838000636F6D706C657465645F636200646563E0
:10839000745F7068795F6D61635F636C69656E744B
:1083A0005F6173736F63696174696F6E5F7265712A
:1083B0005F7064755F656E636F64650064656374A8
:1083C0005F7068795F6D61635F636C69656E745F30
:1083D0006173736F63696174655F6D73675F736504
:1083E0006E6400646563745F7068795F6D61635F7C
:1083F000636C69656E745F6173736F6369617465E3
:1084000000434D414B455F534F555243455F4449EF
:10841000522F7372632F646563742F6D61632F64D1
:108420006563745F7068795F6D61635F7064752EFA
:1084300063006D75785F6865616465725F696E2D54
:108440003E6D61635F657874203D3D204445435433
:108450005F5048595F4D41435F4558545F31364244
:1084600049545F4C454E007364755F6C6973745F6B
:108470006974656D2D3E6D6573736167652E64610A
:1084800074615F7364752E646C635F69655F747992
:108490007065203D3D20444543545F5048595F4D31
:1084A00041435F444C435F49455F545950455F53D6
:1084B0004552565F305F574954484F55545F524FAD
:1084C0005554494E47004661696C656420746F20BD
:1084D0006465636F6465204D4143204D55582068A5
:1084E00065616465720A004E6F206D656D6F72790B
:1084F00020746F206465636F646520534455732155
:108500000A00556E737570706F7274656420444C08
:108510004320494520747970650A004661696C659D
:108520006420746F206465636F646520436C7573A9
:1085300074657220426561636F6E0A004661696C02
:10854000656420746F206465636F646520524143E5
:10855000482049450A004661696C656420746F20B3
:108560006465636F6465204173736F6369617469E7
:108570006F6E2052657175657374206D65737361DC
:1085800067650A004661696C656420746F206465E4
:10859000636F6465204173736F63696174696F6EA3
:1085A00020526573706F6E7365206D6573736167BC
:1085B000650A004661696C656420746F20646563B8
:1085C0006F6465204173736F63696174696F6E20B6
:1085D00052656C65617365206D6573736167650ACB
:1085E00000556E6B6E6F776E00556E6B6E6F776EAB
:1085F00020444C43204945207479706500436F6ED8
:108600006E656374696F6E207465726D696E6174F6
:10861000696F6E2E004D6F62696C6974792E004C23
:108620006F6E6720496E61637469766974792E0094
:10863000496E636F6D70617469626C6520436F6E23
:1086400066696775726174696F6E2E004E6F207374
:10865000756666696369656E742048572F6D656D30
:108660006F7279207265736F757263652E004E6F3D
:108670002073756666696369656E742072616469EA
:108680006F207265736F75726365732E004261644B
:1086900020726164696F207175616C6974792E0054
:1086A0005365637572697479206572726F722E00FA
:1086B00053686F727420524420494420436F6E66A1
:1086C0006C69637420646574656374656420696EA5
:1086D00020505420736964652E0053686F727420B3
:1086E000524420494420436F6E666C696374206471
:1086F0006574656374656420696E204654207369EF
:1087000064652E004E6F74206173736F63696174CA
:1087100065642050542E004E6F74206173736F6334
:1087200069617465642046542E004E6F74206F702A
:1087300065726174696E6720696E204654206D6FA2
:1087400064652E004F74686572206572726F722EB8
:1087500000446174613A20444C4320536572766949
:1087600063652074797065203020776974682061B2
:1087700020726F7574696E67206865616465720048
:10878000446174613A20444C4320536572766963B6
:10879000652074797065203020776974686F75740E
:1087A000206120726F7574696E6720686561646509
:1087B0007200446174613A20444C432053657276E0
:1087C00069636520747970652031206F72203220D2
:1087D0006F7220332077697468206120726F75741E
:1087E000696E672068656164657200446174613A0E
:1087F00020444C4320536572766963652074797018
:10880000652031206F722032206F7220332077690B
:1088100074686F7574206120726F7574696E67205B
:1088200068656164657200444C432054696D6572EB
:108830007320636F6E66696775726174696F6E200D
:10884000636F6E74726F6C20494500444C43206521
:10885000736361706500496E697469616C2061734E
:10886000736F63696174696F6E2E004173736F6318
:10887000696174696F6E20746F20726571756573BC
:1088800074206E657720736574206F6620666C6F48
:1088900077732E004173736F63696174696F6E2023
:1088A00064756520746F206D6F62696C6974792ED0
:1088B0000052652D6173736F63696174696F6E2017
:1088C0006166746572206572726F722E0043686112
:1088D0006E6765206F66206F776E206F70657261BE
:1088E00074696E67206368616E6E656C2E00436804
:1088F000616E6765206F7065726174696E67206D67
:108900006F64652E00506167696E672072657370D1
:108910006F6E73652E0053696E676C6520616C6CB9
:108920006F636174696F6E202D206E6F20726570A9
:1089300065746974696F6E20616E642076616C691C
:1089400064697479206669656C647300526570654A
:108950006174656420696E2074686520666F6C6C54
:108960006F77696E67206672616D65732061732031
:10897000696E2072657065746974696F6E20616ECE
:10898000642076616C6964697479206669656C64D9
:108990007300526570656174656420696E20746847
:1089A0006520666F6C6C6F77696E67207375627394
:1089B0006C6F747320617320696E207265706574CA
:1089C0006974696F6E20616E642076616C69646998
:1089D0007479206669656C6473005265736572769C
:1089E00065642E0050616464696E672028312062DE
:1089F0007974652900526164696F20446576696302
:108A00006520537461747573204945004573636133
:108A100070650050616464696E6720283020627957
:108A200074652900436F6E66696775726174696F5A
:108A30006E2052657175657374204945004B6565FC
:108A40007020616C697665204945004D4143205393
:108A50006563757269747920496E666F20494500B7
:108A600050616464696E6700486967686572206C6C
:108A700061796572207369676E616C6C696E6720DD
:108A80002D20666C6F772031004869676865722019
:108A90006C61796572207369676E616C6C696E6771
:108AA000202D20666C6F7720320055736572207020
:108AB0006C616E652064617461202D20666C6F7737
:108AC0002031005573657220706C616E65206461A1
:108AD0007461202D20666C6F7720320055736572AB
:108AE00020706C616E652064617461202D20666C5D
:108AF0006F772033005573657220706C616E65204E
:108B000064617461202D20666C6F772034004E659F
:108B100074776F726B20426561636F6E206D657351
:108B20007361676500436C7573746572204265619B
:108B3000636F6E206D657373616765004173736F5A
:108B400063696174696F6E20526571756573742015
:108B50006D657373616765004173736F63696174F9
:108B6000696F6E20526573706F6E7365206D6573EB
:108B700073616765004173736F63696174696F6ED8
:108B80002052656C65617365206D657373616765FF
:108B9000005265636F6E66696775726174696F6EA6
:108BA0002052657175657374206D657373616765B7
:108BB000005265636F6E66696775726174696F6E86
:108BC00020526573706F6E7365206D657373616796
:108BD00065004164646974696F6E616C204D414346
:108BE000206D6573736167657300526F75746520DE
:108BF000496E666F204945005265736F75726365F3
:108C000020616C6C6F636174696F6E20494500521E
:108C1000616E646F6D204163636573732052657389
:108C20006F7572636520494500524420636170612D
:108C300062696C697479204945004E6569676862AC
:108C40006F7572696E672049450042726F61646397
:108C500061737420496E6469636174696F6E204941
:108C6000450047726F75702041737369676E6D655B
:108C70006E74204945004C6F616420496E666F2018
:108C80004945004945207479706520657874656EA2
:108C900073696F6E004D414320736563757269742B
:108CA00079206973206E6F742075736564004D417F
:108CB000432073656375726974792C206E6F204947
:108CC00045004D414320736563757269747920775F
:108CD0006974682049450052442042726F616463A0
:108CE000617374696E6720486561646572005265DE
:108CF0007365727665640044415441204D414320C0
:108D00005044552068656164657200426561636F17
:108D10006E2048656164657200556E6963617374A5
:108D2000204865616465720003080B074E6569673A
:108D300068626F722077697468206C6F6E6720724A
:108D400064206964202575202830782530387829FA
:108D50002C2073686F7274207264206964202575FA
:108D60002028307825303478292C206368616E6E95
:108D7000656C2025642C2073746F72656420746F99
:108D8000206E6272206C6973742E0025733A206322
:108D9000616E6E6F742073746F7265207363616EA1
:108DA0006E696E67206E627220726573756C7420D6
:108DB000666F72206C6F6E67207264206964202574
:108DC00075004E65696768626F7220776974682004
:108DD0006C6F6E67207264206964202575202830CE
:108DE0007825303878292C2073686F72742072646B
:108DF0002069642025752028307825303478292C86
:108E0000206E7720283234626974204D53423A2014
:108E100025752028307825303678292C203862694D
:108E200074204C53423A2025752028307825303262
:108E30007829292C206368616E6E656C2025640A90
:108E4000202075706461746564207769746820748B
:108E5000696D6520256C6C75202874696D652073BB
:108E60006869667420256C6C64206D646D2074697B
:108E7000636B732920746F206E6272206C69737447
:108E80002E004E65696768626F72206C697374208A
:108E90007374617475733A0020204E656967686267
:108EA0006F722025643A002020206E6574776F72FF
:108EB0006B20494420283234626974204D53422982
:108EC0003A20257520283078253036782900202052
:108ED000206E6574776F726B204944202838626970
:108EE00074204C5342293A202025752028307825BB
:108EF00030327829002020206E6574776F726B20E5
:108F0000494420283332626974293A2020202020E5
:108F10002575202830782530367829002020206CCF
:108F20006F6E672052442049443A202020202020A0
:108F30002020202020202025750020202073686F0D
:108F400072742052442049443A20202020202020BE
:108F500020202020202575002020206368616E6E6F
:108F6000656C3A2020202020202020202020202056
:108F70002020202575002020204C6173742073650B
:108F8000656E3A2020202020202020202020202034
:108F9000202564206D736563732061676F006465CD
:108FA00063745F7068795F6D61635F6E62725F6941
:108FB0006E666F5F73746F72655F6E5F757064610C
:108FC000746500282573293A2062675F7363616EB8
:108FD0005F64617461206E6F7420666F756E6420CB
:108FE0002868616E646C652025642900434D414BFF
:108FF000455F534F555243455F4449522F73726347
:109000002F646563742F6D61632F646563745F7093
:1090100068795F6D61635F6E62725F62675F7363E1
:10902000616E2E6300706172616D73202626207060
:109030006172616D732D3E7461726765745F6E62FB
:1090400072004247207363616E20616C72656164D7
:10905000792072756E6E696E67207769746820700A
:109060006879206F702068616E646C6520257500DA
:109070004E6F2066726565204247207363616E20E3
:109080006461746120736C6F740042472073636184
:109090006E206974656D206E6F7420666F756E64E6
:1090A00020666F7220706879206F702068616E642E
:1090B0006C65202575002020204261636B67726F0C
:1090C000756E64207363616E207374617475733A96
:1090D00000202020202052756E6E696E673A20664F
:1090E000616C73650A00202020202052756E6E6925
:1090F0006E673A2074727565002020202020506829
:1091000079206F702068616E646C653A2020257547
:109110000020202020204C617374207365656E3A16
:10912000206E657665720020202020204C617374CB
:10913000207365656E3A202020202020256C6C6409
:10914000206D736563732061676F002020202020ED
:109150004C6173742074696D657374616D703A202D
:10916000256C6C75206D646D207469636B730020D1
:10917000202020204D6574726963733A00202020FE
:10918000202020205363616E20696E666F20757009
:10919000646174656420636F756E743A20202020CA
:1091A0002020202020202020257500202020202085
:1091B00020205363616E2073746172746564206F44
:1091C0006B20636F756E743A2020202020202020B1
:1091D0002020202020202575002020202020202055
:1091E0005363616E207374617274206661696C20D0
:1091F000636F756E743A20202020202020202020CC
:1092000020202020257500202020202020205363AE
:10921000616E20696E666F2074696D652073686980
:109220006674207570646174656420636F756E7414
:109230003A20257500202020202020205363616ED5
:1092400020696E666F2074696D6520736869667445
:10925000206C6173742076616C75653A2020202043
:10926000256C6C6400646563745F7068795F6D6120
:10927000635F6E62725F62675F7363616E5F736389
:10928000686564756C65725F6F705F636F6D706C3D
:10929000657465645F636200646563745F706879B8
:1092A0005F6D61635F6E62725F62675F7363616E61
:1092B0005F7363686564756C6500726573702077B1
:1092C000696E2073746172747320332073756273D6
:1092D0006C6F747320616674657220746865206CAD
:1092E00061737420737562736C6F74206F66207481
:1092F0006865205241205458007265737020776968
:109300006E2073746172747320302E352066726122
:109310006D6573206166746572207468652073746E
:10932000617274206F662074686520524120545821
:10933000002020202020202020444C43204945208C
:10934000747970653A20257320283078253032787A
:109350002900202020202020202052656365697686
:10936000656420646174612C206C656E2025642C1A
:10937000207061796C6F616420617320617363692F
:109380006920737472696E67207072696E743A0A2C
:109390002020202020202020202025730020202095
:1093A0002020205265636569766564204173736F80
:1093B00063696174696F6E2052657175657374209D
:1093C0006D6573736167653A00202020202020209E
:1093D0002053657475702063617573653A20202091
:1093E000202020257320283078253032782900204D
:1093F00020202020202020466C6F7720636F756E20
:10940000743A2020202020202025640020202020C5
:1094100020202020466C6F772069645B305D3A2005
:109420002020202020202564202830782530327804
:1094300029002020202020202020506F77657220D6
:10944000636F6E73743A202020202020686173209F
:10945000706F77657220636F6E73747261696E747A
:10946000732E002020202020202020506F7765724E
:1094700020636F6E73743A2020202020206E6F20AE
:10948000706F77657220636F6E73747261696E744A
:10949000732E0020202020202020204654206D6F95
:1094A00064653A2020202020202020202054686558
:1094B000205244206F7065726174657320616C7313
:1094C0006F20696E204654206D6F64652E00202049
:1094D00020202020202020204E6574776F726B2082
:1094E000426561636F6E20706572696F643A202512
:1094F00064206D7300202020202020202020204385
:109500006C757374657220426561636F6E2070655F
:1095100072696F643A202564206D7300202020203A
:109520002020202020204E65787420636C75737491
:109530006572206368616E6E656C3A202025640058
:109540002020202020202020202054696D652074B8
:109550006F206E657874206E6578743A2020202024
:10956000202564206D6963726F7365636F6E647329
:109570000020202020202020204654206D6F64658C
:109580003A202020202020202020205468652052CE
:1095900044206F70657261746573206F6E6C792002
:1095A000696E205054204D6F64652E0020202020CD
:1095B0002020202043757272656E7420636C757371
:1095C000746572206368616E6E656C3A2025640074
:1095D0002020202020202020484152512050726F0E
:1095E000636573732054583A20202564202830780E
:1095F00025303278290020202020202020204D41B5
:109600005820484152512052452D54583A2020208C
:109610002564202830782530327829002020202029
:1096200020202020484152512050726F636573738F
:109630002052583A2020256420283078253032786E
:10964000290020202020202020204D415820484162
:1096500052512052452D52583A202020256420286E
:1096600030782530327829002020202020205265B3
:10967000636569766564204173736F6369617469BA
:109680006F6E20526573706F6E7365206D657373B6
:109690006167653A00202020202020202041636B54
:1096A0006E6F776C6564676D656E743A2020414318
:1096B0004B002020202020202020466C6F77206344
:1096C0006F756E743A2030623131313A20416C6CE2
:1096D00020666C6F777320616363657074656420C6
:1096E000617320636F6E6669677572656420696E69
:1096F000206173736F63696174696F6E2072657145
:10970000756573742E002020202020202020466CB8
:109710006F7720636F756E743A20256400202020D7
:10972000202020202041636B6E6F776C6564676D2D
:10973000656E743A20204E41434B002020202020AB
:109740002020204E41434B2063617573653A2020F1
:109750002020202020256400202020202020526569
:10976000636569766564204173736F6369617469C9
:109770006F6E2052656C65617365206D65737361F2
:1097800067653A00202020202020202052656C654B
:109790006173652043617573653A20202573202825
:1097A00076616C75653A20256429002020202020F0
:1097B00020526563656976656420636C75737465B2
:1097C0007220626561636F6E3A00202020202020A5
:1097D000202053797374656D206672616D65206E0B
:1097E000756D6265723A20202564002020202020BB
:1097F0002020204D617820545820706F7765723A90
:1098000020202020202020202025642064426D007C
:1098100020202020202020204D61782050485920F1
:10982000545820706F7765723A20202020206E6F88
:109830007420696E636C7564656420696E20746859
:109840006520626561636F6E00202020202020204B
:1098500020506F77657220636F6E73743A202020FA
:1098600020202020202020546865205244206F7042
:1098700065726174696E6720696E204654206D6F51
:1098800064652068617320706F77657220636F6E06
:1098900073747261696E74732E0020202020202062
:1098A0002020506F77657220636F6E73743A2020AA
:1098B0002020202020202020546865205244206F42
:1098C0007065726174696E6720696E204654206D00
:1098D0006F646520646F6573206E6F7420686176B5
:1098E0006520706F77657220636F6E737472616943
:1098F0006E74732E002020202020202020467261CC
:109900006D65206F66667365743A202020202020E4
:10991000202020256420737562736C6F747300209F
:10992000202020202020204672616D65206F666611
:109930007365743A2020202020202020206E6F7430
:1099400020696E636C7564656420696E2074686557
:1099500020626561636F6E0020202020202020207F
:109960004E65787420636C757374657220636861EA
:109970006E6E656C3A20256420286469666665729F
:10998000656E74207468616E2063757272656E74A2
:1099900020636C7573746572206368616E6E656CAC
:1099A000290020202020202020204E65787420636C
:1099B0006C7573746572206368616E6E656C3A20B5
:1099C00063757272656E7420636C75737465722052
:1099D0006368616E6E656C2E0020202020202020A0
:1099E0002054696D6520746F206E657874206E65F3
:1099F00078743A202020202564206D6963726F738B
:109A000065636F6E64730020202020202020205486
:109A1000696D6520746F206E657874206E6578744A
:109A20003A202020206E6F7420696E636C75646527
:109A30006420696E2074686520626561636F6E2EB4
:109A40000A2020202020202020202020202020202C
:109A500020202020202020202020202020202054D2
:109A60006865206E65787420636C75737465722008
:109A7000626561636F6E2069730A202020202020B8
:109A800020202020202020202020202020202020D6
:109A900020202020202020207472616E736D697454
:109AA000746564206261736564206F6E20436C7519
:109AB0007374657220626561636F6E207065726990
:109AC0006F642E0020202020202020204E657477F7
:109AD0006F726B20426561636F6E20706572696F93
:109AE00064202564206D7300202020202020202069
:109AF000436C757374657220426561636F6E20708C
:109B00006572696F64202564206D732028256C6C54
:109B100064206D646D207469636B732900202020BC
:109B20002020202020436F756E7420746F20747283
:109B300069676765723A2020202020256420286309
:109B40006F6465642076616C756529002020202093
:109B50002020202052656C617469766520717561E2
:109B60006C6974793A202020202025642028636FB6
:109B70006465642076616C756529002020202020B2
:109B80002020204D696E207175616C6974793A20CE
:109B900020202020202020202025642028636F649E
:109BA00065642076616C75652900202020202020C6
:109BB0005265636569766564205241434820494592
:109BC00020646174613A002020202020202020524F
:109BD00065706561743A20202020202020202020FC
:109BE000202020202025730020202020202020203D
:109BF000202052657065746974696F6E3A20202068
:109C0000202020202020256400202020202020202B
:109C100020202056616C69646974793A20202020E4
:109C2000202020202020202564002020202020200B
:109C3000202053797374656D206672616D65206EA6
:109C4000756D6265723A2020202564202D20726592
:109C5000736F7572636520616C6C6F636174696F9B
:109C60006E2076616C69642066726F6D207468691D
:109C7000732053464E206F6E77617264730020200C
:109C800020202020202053797374656D2066726136
:109C90006D65206E756D6265723A20204E6F74207E
:109CA000696E636C75646564202D207265736F75D1
:109CB00072636520616C6C6F636174696F6E20699B
:109CC0006D6D6564696174656C792076616C696439
:109CD0000020202020202020205241204368616E57
:109CE0006E656C3A20202020202020202020202576
:109CF00064202D207265736F7572636520616C6CD2
:109D00006F636174696F6E2069732076616C69643A
:109D100020696E20696E646963617465642063689C
:109D2000616E6E656C002020202020202020524192
:109D3000204368616E6E656C3A2020202020202030
:109D4000202020204E6F7420696E636C75646564FA
:109D5000202D207265736F7572636520616C6C6F66
:109D6000636174696F6E2069732076616C69642029
:109D7000666F722063757272656E74206368616EBF
:109D80006E656C002020202020202020524120528F
:109D90006573706F6E7365204368616E6E656C3AB3
:109DA00020202564202D20726573706F6E736520EE
:109DB00069732073656E7420696E20696E646963CF
:109DC00061746564206368616E6E656C002020209C
:109DD0002020202020524120526573706F6E7365E1
:109DE000204368616E6E656C3A20204E6F74206966
:109DF0006E636C75646564202D20726573706F6E80
:109E000073652069732073656E7420696E207361B9
:109E10006D65206368616E6E656C20617320746887
:109E200069732049450020202020202020205374E1
:109E300061727420737562736C6F743A20202020F5
:109E40002020202025640020202020202020204CBD
:109E5000656E67746820747970653A202020202030
:109E600020202020202573002020202020202020BA
:109E70004C656E6774683A20202020202020202026
:109E800020202020202025640020202020202020A9
:109E9000204D61782052414348206C656E6774689C
:109EA00020747970653A202573002020202020201E
:109EB00020204D61782052414348206C656E6774C4
:109EC000683A202020202020256400202020202007
:109ED0002020204357206D696E207369673A202047
:109EE0002020202020202020202564002020202049
:109EF00020202020444543542064656C61793A2039
:109F00002020202020202020202025730020202019
:109F10002020202020526573706F6E736520776952
:109F20006E3A2020202020202020202564207375D8
:109F300062736C6F74730020202020202020204347
:109F400057206D6178207369673A202020202020F7
:109F50002020202020256400202020202020526561
:109F60006365697665642070616464696E67206406
:109F70006174612C206C656E2025642C20706179E1
:109F80006C6F6164206973206E6F74207072696EEB
:109F90007465640020202020202052656365697666
:109FA000656420646174612C206C656E2025642CCE
:109FB000207061796C6F61642061732061736369E3
:109FC0006920737472696E67207072696E743A0AE0
:109FD0002020202020202020257300202020202049
:109FE0002052656365697665642053445520646139
:109FF00074612C206C656E2025642C207061796C56
:10A000006F61642068657820646174613A2025730B
:10A010000A005044432072656365697665642028B0
:10A020007374662073746172742074696D65202581
:10A030006C6C752C2068616E646C65202564293A0F
:10A0400020736E7220252E32662064422C205253DB
:10A0500053492D322025642064426D2C206C656E9E
:10A06000202564002044454354204E522B204D416E
:10A0700043205044553A0020204D414320686561FB
:10A080006465723A002020202056657273696F6EF5
:10A090003A2025640020202020536563757269747E
:10A0A000793A2025730020202020547970653A20C9
:10A0B0002573004661696C656420746F2064656374
:10A0C0006F6465204D414320436F6D6D6F6E206856
:10A0D0006561646572002020202020204E65747721
:10A0E0006F726B20494420283234626974204D53CA
:10A0F00042293A20202575202830782530367829C5
:10A10000002020202020205472616E736D697474C9
:10A1100065722049443A2020202020202020202041
:10A1200025752028307825303878290020202020F7
:10A13000202052657365743A20257300202020206A
:10A140002020536571204E62723A20257500202030
:10A150002020202052656365697665723A20257556
:10A160002028307825303878290020202020202011
:10A170005472616E736D69747465723A202575202E
:10A180002830782530387829004661696C6564206C
:10A19000746F206465636F6465204D4143205344B0
:10A1A00055730020205344552025753A0020202067
:10A1B000204D4143204D5558206865616465723AD1
:10A1C00000202020202020494520747970653A2005
:10A1D0002573002020202020205061796C6F61645D
:10A1E000206C656E6774683A202575002020202059
:10A1F0002020494520657874656E73696F6E3A203A
:10A2000030782530327800282573293A2043616E52
:10A210006E6F7420726561642073746172747570FE
:10A220005F636D64206461746120666F72206D6588
:10A230006D5F736C6F742025640053746172746970
:10A240006E6720746F20657865637574652073652B
:10A2500074745F636D6420256420222573222E2E82
:10A260002E00737461727475705F636D645F776FD5
:10A27000726B6572004769766520646563656E740C
:10A280002076616C7565202876616C7565203E3D91
:10A29000203029004769766520646563656E742007
:10A2A00076616C756520666F7220746865206D65D7
:10A2B0006D6F727920736C6F742028312D332900F3
:10A2C000436F6D6D616E6420737472696E67207484
:10A2D0006F6F206C6F6E672E204D6178206C656EFD
:10A2E0006774682069732025642E00643A743A729A
:10A2F00068004D656D6F727920736C6F742069739F
:10A30000206D697373696E672E00436F6D6D616EAA
:10A310006420737472696E67206973206D6973734A
:10A32000696E672E00436F6D6D616E642073617698
:10A330006564207375636365737366756C6C792EE1
:10A3400000737461727475705F636D6400436F6D48
:10A350006D616E6420746F2073746F726520736812
:10A36000656C6C20636F6D6D616E647320746F201B
:10A3700062652072756E2073657175656E746961B2
:10A380006C6C79206166746572206120626F6F74F5
:10A3900075702E006D656D5F736C6F7400636D6416
:10A3A0005F7374720055736167653A2073746172EC
:10A3B0007475705F636D64205B2D2D726561645DE3
:10A3C000207C205B2D2D6D656D5F736C6F74203C60
:10A3D000312D333E202D2D636D645F737472203CEC
:10A3E000636D645F7374723E0A2020202020202059
:10A3F000202020202020202020202020202020205D
:10A4000020202020202020205B2D74203C737461AC
:10A4100072745F74696D653E202D64203C64656CC8
:10A4200061793E5D0A4E6F74653A206F6E6C7920DB
:10A430006F6E6520636F6D6D616E642063616E2069
:10A44000626520676976656E206174206120746999
:10A450006D652E0A4F7074696F6E733A0A20202D55
:10A46000722C202D2D726561642C2020202020204C
:10A470005265616420616C6C2073746F7265642036
:10A480004D6F5368207374617274757020636F6DC3
:10A490006D616E64732066726F6D2073657474698C
:10A4A0006E67730A2020202020202D2D6D656D5FA2
:10A4B000736C6F742C202053746F7265206120635D
:10A4C0006D645F73747220746F20612067697665B4
:10A4D0006E206D656D6F727920736C6F742E204DD8
:10A4E000617820616D6F756E74206F66206D656D8B
:10A4F00020736C6F747320697320362E0A2020201D
:10A500002020202D2D636D645F7374722C20202019
:10A51000436F6D6D616E6420737472696E67207431
:10A520006F206120676976656E206D656D5F736C65
:10A530006F742E0A20202020202020202020202080
:10A5400020202020202020436C65617220746865E3
:10A5500020676976656E206D656D736C6F7420621F
:10A560007920676976696E6720616E20656D707409
:10A570007920737472696E673A0A202020202020A7
:10A5800020202020202020202020202020737461E3
:10A59000727475705F636D64202D2D6D656D5F73D2
:10A5A0006C6F742031202D2D636D645F7374722085
:10A5B00022220A20202D742C202D2D74696D652CEB
:10A5C0002020202020205374617274696E672074EB
:10A5D000696D65206F6620657865637574696E675F
:10A5E000206F6620636F6D6D616E64732028696EE5
:10A5F000207365636F6E6473206166746572206199
:10A6000020626F6F747570292E0A20202020202070
:10A61000202020202020202020202020204465668B
:10A6200061756C743A2031207365636F6E642061CC
:10A6300066746572206120626F6F7475702E0A20D7
:10A64000202D642C202D2D64656C61792C20202018
:10A6500020205072652D64656C6179206265666F9B
:10A66000726520657865637574696E6720636D64D3
:10A670005F737472206174206D656D5F736C6F74AD
:10A6800020696E207368656C6C2E0A2020202020C3
:10A690002020202020202020202020202020446551
:10A6A0006661756C743A2035207365636F6E6473F0
:10A6B0002E0A20202D682C202D2D68656C702C20F2
:10A6C000202020202053686F7773207468697320DE
:10A6D00068656C7020696E666F726D6174696F6E0B
:10A6E000004661696C656420746F20726561642046
:10A6F0006465637420737461727475705F636D64F4
:10A700005F646174612C206572726F723A202564F7
:10A7100000434D414B455F534F555243455F4449BC
:10A72000522F7372632F737461727475705F636DEF
:10A73000642F737461727475705F636D645F7365A9
:10A740007474696E67732E63006D656D5F736C6FF3
:10A7500074203E3D2031202626206D656D5F736C90
:10A760006F74203C3D203600737461727475705FA5
:10A77000636D642F646174610043616E6E6F742059
:10A780007361766520737461727475705F636D6454
:10A790002073657474696E67732C206572723A2039
:10A7A000256400737461727475705F636D642073E7
:10A7B000657474696E677320736176656400737481
:10A7C00061727475705F636D6420636F6E66696734
:10A7D0003A00202053746172742074696D653A20C8
:10A7E0002564002020436F6D6D616E642023256415
:10A7F0003A0020202020537472696E673A2020208E
:10A80000202573002020202044656C61793A2020A7
:10A81000202020256400202020204E6F20636F6DB3
:10A820006D616E6400282573293A204661696C6564
:10A830006420746F20696E697469616C697A65203F
:10A8400073657474696E677320737562737973745A
:10A85000656D2C206572726F723A20256400282580
:10A8600073293A2043616E6E6F7420726567697355
:10A870007465722073657474696E67732068616EA5
:10A88000646C657220256400282573293A20436191
:10A890006E6E6F74206C6F61642073657474696E82
:10A8A000677320256400737461727475705F636DE3
:10A8B000645F73657474696E67735F696E69740051
:10A8C000574553545F544F504449522F7A6570682E
:10A8D00079722F6C69622F686561702F686561708D
:10A8E0002E63006368756E6B5F7573656428682CF2
:10A8F0002063290009756E6578706563746564204E
:10A90000686561702073746174652028646F756276
:10A910006C652D667265653F2920666F72206D65D6
:10A920006D6F72792061742025700A006C65667401
:10A930005F6368756E6B28682C2072696768745F46
:10A940006368756E6B28682C20632929203D3D20A3
:10A95000630009636F727275707465642068656165
:10A960007020626F756E647320286275666665720A
:10A97000206F766572666C6F773F2920666F722054
:10A980006D656D6F72792061742025700A0062799F
:10A99000746573203E20686561705F666F6F7465D3
:10A9A000725F62797465732862797465732900092E
:10A9B000686561702073697A6520697320746F6FB0
:10A9C00020736D616C6C0A00686561705F737A203A
:10A9D0003E206368756E6B737A2873697A656F665B
:10A9E00028737472756374207A5F686561702929B1
:10A9F000006368756E6B305F73697A65202B206D1C
:10AA0000696E5F6368756E6B5F73697A6528682924
:10AA1000203C3D20686561705F737A005745535450
:10AA20005F544F504449522F7A65706879722F6C89
:10AA300069622F6F732F63627072696E74665F70E4
:10AA400061636B616765642E630009537472696E9C
:10AA500067207769746820746F6F206D616E79204C
:10AA6000617267756D656E74730A00097374725F45
:10AA70007074725F706F735B5D20746F6F20736DA5
:10AA8000616C6C0A0009756E657870656374656445
:10AA90002073697A652025750A0009746F6F206D2F
:10AAA000616E7920666F726D617420617267730ADE
:10AAB00000696E5F7061636B6167656420213D2092
:10AAC0002828766F6964202A2930290028756E733A
:10AAD00069676E6564292063686172202A20757336
:10AAE000656420666F722025257020617267756D20
:10AAF000656E742E2049742773207265636F6D6DC7
:10AB0000656E64656420746F20636173742069747A
:10AB100020746F20766F6964202A206265636175F6
:10AB20007365206974206D61792063617573652098
:10AB30006D69736265686176696F7220696E206302
:10AB400065727461696E20636F6E666967757261A4
:10AB500074696F6E732E20537472696E673A222582
:10AB6000732220617267756D656E743A2564007397
:10AB70006370795F636E74203C2073697A656F66D9
:10AB8000286370795F7374725F706F7329006B65EF
:10AB900065705F636E74203C2073697A656F662808
:10ABA0006B6565705F7374725F706F7329006362A9
:10ABB0007072696E74665F7061636B616765005780
:10ABC0004553545F544F504449522F7A6570687909
:10ABD000722F696E636C7564652F7A65706879721F
:10ABE0002F7379732F74696D657574696C2E6800A5
:10ABF000747320213D202828766F6964202A29302B
:10AC00002900286120213D202828766F6964202AA8
:10AC1000293029292026262074696D6573706563A3
:10AC20005F69735F76616C6964286129002862201E
:10AC3000213D202828766F6964202A29302929207F
:10AC400026262074696D65737065635F69735F762E
:10AC5000616C69642862290028747320213D2028D2
:10AC600028766F6964202A29302929202626207415
:10AC7000696D65737065635F69735F76616C696444
:10AC80002874732900574553545F544F5044495218
:10AC90002F7A65706879722F6C69622F6F732F63DA
:10ACA0006C6F636B2E6300747020213D2028287622
:10ACB0006F6964202A29302900574553545F544F47
:10ACC000504449522F7A65706879722F696E636CAF
:10ACD0007564652F7A65706879722F7370696E6C10
:10ACE0006F636B2E68007A5F7370696E5F6C6F6361
:10ACF0006B5F76616C6964286C290009496E766126
:10AD00006C6964207370696E6C6F636B2025700AC8
:10AD1000007A5F7370696E5F756E6C6F636B5F76E0
:10AD2000616C6964286C2900094E6F74206D79206C
:10AD30007370696E6C6F636B2025700A0074696DA7
:10AD400065737065635F69735F76616C69642874AD
:10AD5000702900574553545F544F504449522F7A3D
:10AD600065706879722F696E636C7564652F7A659A
:10AD7000706879722F6B65726E656C2E6800216B3E
:10AD80005F69735F7072655F6B65726E656C2829B1
:10AD900000096B5F63757272656E745F676574201E
:10ADA00063616C6C6564207072652D6B65726E6595
:10ADB0006C0A00286E696C2900574553545F544F44
:10ADC000504449522F7A65706879722F6C69622FEE
:10ADD0006F732F63627072696E74662E6300737492
:10ADE00072207C7C202173697A650009737472205B
:10ADF0006D6179206F6E6C79206265204E554C4CE8
:10AE0000207768656E2073697A65203D3D20300AA1
:10AE100000574553545F544F504449522F7A657040
:10AE20006879722F6C69622F6F732F6D7073635F17
:10AE3000706275662E6300657272203D3D203000A1
:10AE4000574553545F544F504449522F7A657068A8
:10AE500079722F6C69622F7574696C732F74696DC8
:10AE6000657574696C2E63007379735F6765746FC1
:10AE70007074006F7074696F6E20602573252E2AC0
:10AE8000732720697320616D626967756F75730040
:10AE90006F7074696F6E20602573252E2A732720CA
:10AEA000646F65736E277420616C6C6F7720616EC0
:10AEB00020617267756D656E74006F7074696F6E76
:10AEC000206025732573272072657175697265731B
:10AED00020616E20617267756D656E7400756E72AB
:10AEE00065636F676E697A6564206F7074696F6EF1
:10AEF0002060257325732700696E76616C69642074
:10AF00006F7074696F6E202D2D202563006F707433
:10AF1000696F6E20726571756972657320616E204C
:10AF2000617267756D656E74202D2D202563002D6F
:10AF3000572000574553545F544F504449522F7A7D
:10AF400065706879722F6C69622F7574696C732FE4
:10AF50006F6E6F66662E63007374617465203D3D8D
:10AF600020305500217379735F736C6973745F6966
:10AF7000735F656D70747928266D67722D3E636C02
:10AF800069656E747329007472616E73697420212F
:10AF90003D202828766F6964202A2930290073749F
:10AFA000617465203D3D202831554C203C3C2028D3
:10AFB000312929006D67722D3E72656673203D3D13
:10AFC0002030007374617465203D3D202831554C5C
:10AFD000203C3C202830292900574553545F544FCA
:10AFE000504449522F7A65706879722F6C69622FCC
:10AFF0007574696C732F6E6F746966792E63005770
:10B000004553545F544F504449522F7A65706879C4
:10B01000722F6C69622F7574696C732F72696E6719
:10B020005F6275666665722E63004E5653206E6FC2
:10B030007420696E697469616C697A656400436F34
:10B04000756C64206E6F74206F627461696E206627
:10B050006C61736820706172616D657465727300F4
:10B06000556E737570706F72746564207772697451
:10B070006520626C6F636B2073697A65005365634A
:10B08000746F722073697A6520257520746F6F2044
:10B090006C617267652C206D6178696D756D2069D2
:10B0A0007320257A7500556E61626C6520746F207F
:10B0B000676574207061676520696E666F00496E10
:10B0C00076616C696420736563746F722073697A4A
:10B0D0006500436F6E66696775726174696F6E2093
:10B0E0006572726F72202D20736563746F722063B6
:10B0F0006F756E740066735F6E7673006C6F676752
:10B10000696E6700574553545F544F504449522F5E
:10B110007A65706879722F7375627379732F6C6FAB
:10B120006767696E672F6C6F675F636F72652E6309
:10B13000006C6F675F6261636B656E645F636F7500
:10B140006E745F6765742829203C202828333220DC
:10B150002F20335529202D202831202B203029293C
:10B16000006261636B656E64203C3D205F6C6F67BD
:10B170005F6261636B656E645F6C6973745F656E5B
:10B18000640009756E6578706563746564206C6928
:10B19000737420656E64206C6F636174696F6E0AEE
:10B1A000006C6F675F6261636B656E645F636F7590
:10B1B0006E745F6765742829203E2030006C6F67CD
:10B1C00000574553545F544F504449522F7A65708D
:10B1D0006879722F7375627379732F6C6F67676903
:10B1E0006E672F6C6F675F6D676D742E63006C699F
:10B1F0006E6B203C3D205F6C6F675F6C696E6B5FB0
:10B200006C6973745F656E6400574553545F544FA7
:10B21000504449522F7A65706879722F696E636C59
:10B220007564652F7A65706879722F6C6F676769CE
:10B230006E672F6C6F675F6261636B656E642E680B
:10B24000006261636B656E6420213D202828766F63
:10B250006964202A29302900736F757263655F69FC
:10B2600064203C206C6F675F7372635F636E745F12
:10B2700067657428646F6D61696E5F696429006C2D
:10B280006F675F6D676D74004D65737361676520EF
:10B290002822257322292064726F707065642062F1
:10B2A000656361757365206974206578636565649D
:10B2B000732073697A65206C696D69746174696F54
:10B2C0006E202825752900574553545F544F50442C
:10B2D00049522F7A65706879722F7375627379732A
:10B2E0002F6C6F6767696E672F6C6F675F6D736731
:10B2F0002E63006C656E203E3D2030005745535450
:10B300005F544F504449522F7A65706879722F7399
:10B3100075627379732F6C6F6767696E672F6C6FD7
:10B32000675F6F75747075742E63006F75745F63FB
:10B3300074782D3E636F6E74726F6C5F626C6F63B6
:10B340006B2D3E6F6666736574203C3D206F75748F
:10B350005F6374782D3E73697A65006C6576656C01
:10B36000203C3D2034005B2530386C755D20005B4F
:10B37000253032753A253032753A253032752E2512
:10B380003033752C253033755D200025732F003C3C
:10B3900025733E200025733A2000657272203E3DE1
:10B3A000203000202020007C00206D6573736167D1
:10B3B00065732064726F70706564202D2D2D0D0AE9
:10B3C0001B5B306D001B5B313B33316D2D2D2D2010
:10B3D000001B5B313B33316D001B5B313B33336D05
:10B3E0000077726E00696E660064626700574553AD
:10B3F000545F544F504449522F7A65706879722FC8
:10B400007375627379732F73657474696E67732FC4
:10B410007372632F73657474696E67732E63006350
:10B4200068203C3D205F73657474696E67735F6864
:10B43000616E646C65725F7374617469635F6C697B
:10B4400073745F656E64007365742D76616C7565E9
:10B45000206661696C7572652E206B65793A2025CE
:10B4600073206572726F7228256429006B65726E95
:10B47000656C004B65726E656C20636F6D6D616EFF
:10B480006473006379636C65733A2025752068776F
:10B49000206379636C65730A006379636C6573007C
:10B4A0004B65726E656C206379636C65732E005515
:10B4B0006E61626C6520746F2070617273652069C3
:10B4C0006E7075742028657272202564290A0055F3
:10B4D0007074696D653A20256C6C75206D730A0077
:10B4E0002D70002D2D70726574747900556E737512
:10B4F00070706F72746564206F7074696F6E3A203B
:10B5000025730A00757074696D653A20256C6C7539
:10B5100020646179732C20256C6C7520686F7572BE
:10B52000732C20256C6C75206D696E757465732C99
:10B5300020256C6C75207365636F6E64732C2025F9
:10B540006C6C75206D696C6C697365636F6E647388
:10B550000A00757074696D65004B65726E656C20CC
:10B56000757074696D652E2043616E20626520637D
:10B57000616C6C6564207769746820746865202D3F
:10B5800070206F72202D2D707265747479206F7029
:10B5900074696F6E7300342E332E3939005A65701A
:10B5A0006879722076657273696F6E2025730A0060
:10B5B0004B65726E656C2076657273696F6E2E00D6
:10B5C0004661696C656420746F2072656164206BEC
:10B5D00065726E656C2073797374656D2068656142
:10B5E0007020737461746973746963732028657261
:10B5F00072202564290A00667265653A20202020A1
:10B6000020202020202020257A750A00616C6C6F94
:10B6100063617465643A202020202020257A750A11
:10B62000006D61782E20616C6C6F63617465643AA3
:10B6300020257A750A0053797374656D20686561F9
:10B6400070207573616765207374617469737469C0
:10B6500063732E005468697320636F6D6D616E644F
:10B66000206973206465707265636174656420612C
:10B67000732069742069732061206475706C69633C
:10B680006174652E2055736520276C6F6720656E89
:10B6900061626C652720636F6D6D616E64206672F8
:10B6A0006F6D206C6F6767696E6720636F6D6D618A
:10B6B0006E6473207365742E0A00556E61626C654A
:10B6C00020746F207061727365206C6F67207365E2
:10B6D0007665726974792028657272202564290A5A
:10B6E00000496E76616C6964206C6F67206C6576CA
:10B6F000656C3A2025640A00556E61626C652074A1
:10B700006F2066696E64206C6F6720736F7572635B
:10B71000653A2025730A006C6F675F6C6576656C0F
:10B72000003C6D6F64756C65206E616D653E203CFC
:10B7300073657665726974792028302D34293E004E
:10B74000746872656164004B65726E656C20746824
:10B7500072656164732E005363686564756C65720D
:10B760003A2025752073696E6365206C61737420BF
:10B7700063616C6C0A00546872656164733A0A0014
:10B780004E41002573257020252D3130730A0009A4
:10B790006F7074696F6E733A20307825782C207042
:10B7A00072696F726974793A2025642074696D65D5
:10B7B0006F75743A20256C6C640A000973746174A7
:10B7C000653A2025732C20656E7472793A202570B5
:10B7D0000A00556E61626C6520746F206465746543
:10B7E000726D696E6520756E757365642073746122
:10B7F000636B2073697A6520282564290A0A000989
:10B80000737461636B2073697A6520257A752C20C7
:10B81000756E7573656420257A752C207573616764
:10B820006520257A75202F20257A752028257520FA
:10B830002525290A0A004C697374206B65726E65B0
:10B840006C20746872656164732E00574553545FB1
:10B85000544F504449522F7A65706879722F73752E
:10B86000627379732F7368656C6C2F6D6F64756C80
:10B8700065732F6B65726E656C5F73657276696355
:10B88000652F7468726561642F737461636B732EC6
:10B8900063002570204952512025303264202573E1
:10B8A000287265616C2073697A652025347A752960
:10B8B0003A09756E757365642025347A7509757358
:10B8C0006167652025347A75202F2025347A75200C
:10B8D0002825327A75202525290A00257020252D56
:10B8E00033327320287265616C2073697A65202574
:10B8F000347A75293A09756E757365642025347A32
:10B90000750975736167652025347A75202F2025A8
:10B91000347A752028253275202525290A0073746C
:10B9200061636B73004C6973742074687265616441
:10B930007320737461636B2075736167652E0054A7
:10B940006872656164204944202570206973206E07
:10B950006F742076616C69640A004572726F723A86
:10B960005368656C6C207468726561642063616EF5
:10B970006E6F742062652073757370656E646564A4
:10B980000A005468726561642025702073757370B5
:10B99000656E6465640A0073757370656E64006B30
:10B9A00065726E656C20746872656164207375736E
:10B9B00070656E64203C7468726561645F69643EA2
:10B9C000004572726F723A5368656C6C20746872CD
:10B9D0006561642063616E6E6F74206265207265BC
:10B9E00073756D65640A0054687265616420257022
:10B9F00020726573756D65640A00726573756D6597
:10BA0000006B65726E656C2074687265616420728B
:10BA10006573756D65203C7468726561645F696407
:10BA20003E004572726F723A5368656C6C207468A0
:10BA3000726561642063616E6E6F74206265206B55
:10BA4000696C6C65640A000A205468726561642040
:10BA50002570206B696C6C65640A006B696C6C0006
:10BA60006B65726E656C20746872656164206B69C9
:10BA70006C6C203C7468726561645F69643E00446C
:10BA8000657669636520756E6B6E6F776E2028250D
:10BA900073290A00446576696365202573206973FC
:10BAA00020616C726561647920696E697469616C8A
:10BAB000697A65640A0044657669636520257320A8
:10BAC000696E697469616C697A6174696F6E206608
:10BAD00061696C65642077697468206572723D25C0
:10BAE000640A0044657669636520257320696E6980
:10BAF0007469616C697A65642073756363657373D7
:10BB000066756C6C790A00524541445900444953AA
:10BB100041424C454400646576696365733A0A00A6
:10BB20005B25705D002D2025730020204454206E7D
:10BB30006F6465206C6162656C733A004465766978
:10BB4000636520636F6D6D616E647300696E697407
:10BB5000004D616E75616C6C7920696E6974696104
:10BB60006C697A65206120646576696365004C695B
:10BB7000737420636F6E66696775726564206465AF
:10BB800076696365732C207769746820616E206F15
:10BB90007074696F6E616C2066696C746572005BAD
:10BBA0003C6465766963652066696C7465723E5DA8
:10BBB0000025642D253032752D2530327520253035
:10BBC00032753A253032753A253032752055544356
:10BBD0000A00496E76616C696420686F75720A00AC
:10BBE000496E76616C6964206D696E7574650A00D2
:10BBF000496E76616C6964207365636F6E640A00D8
:10BC0000496E76616C6964206D6F6E74680A0049D4
:10BC10006E76616C6964206461790A004661696CC2
:10BC2000656420746F2063616C63756C617465205A
:10BC30007365636F6E64732073696E63652045700E
:10BC40006F63680A00436F756C64206E6F742073B5
:10BC5000657420646174652025640A0064617465FC
:10BC6000004461746520636F6D6D616E6473005B89
:10BC7000592D6D2D645D203C483A4D3A533E006786
:10BC80006574005B6E6F6E655D005573696E67204D
:10BC9000646174612077696474682025640A0049CE
:10BCA0006E636F727265637420646174612077697A
:10BCB0006474680A00526561642076616C75652061
:10BCC0003078256C6C780A0057726974696E672049
:10BCD00076616C7565203078256C6C780A00696E29
:10BCE00076616C6964206164647220272573270A79
:10BCF00000696E76616C69642073697A6520272516
:10BD000073270A00696E76616C69642077696474D0
:10BD10006820272573270A00613A733A773A00278B
:10BD20002D61203C616464726573733E27206973E2
:10BD3000206D616E6461746F72790A00272D732023
:10BD40003C73697A653E27206973206D616E64617A
:10BD5000746F72790A006465766D656D206C6F6131
:10BD60006420737570706F72747320736574746976
:10BD70006E6720627970617373206F6E206120732B
:10BD8000696E676C6520696E7374616E63652E0AF7
:10BD9000004C6F6164696E672E2E2E0A7072657397
:10BDA00073206374726C2D78206374726C2D712013
:10BDB000746F206573636170650A004E756D62650E
:10BDC00072206F6620627974657320726561643ACF
:10BDD0002025640A002D6500556E6B6E6F776E200E
:10BDE0006F7074696F6E20222573220A0064657675
:10BDF0006D656D00526561642F777269746520709E
:10BE00006879736963616C206D656D6F72790A552D
:10BE1000736167653A0A52656164206D656D6F7282
:10BE2000792061742061646472657373207769742A
:10BE300068206F7074696F6E616C207769647468D4
:10BE40003A0A6465766D656D203C61646472657361
:10BE5000733E205B3C77696474683E5D0A57726983
:10BE60007465206D656D6F72792061742061646402
:10BE7000726573732077697468206D616E64617494
:10BE80006F727920776964746820616E64207661CE
:10BE90006C75653A0A6465766D656D203C61646415
:10BEA000726573733E203C77696474683E203C760B
:10BEB000616C75653E0064756D70005573616765F2
:10BEC0003A0A6465766D656D2064756D70202D612C
:10BED000203C616464726573733E202D73203C7353
:10BEE000697A653E205B2D77203C77696474683EF3
:10BEF0005D0A0055736167653A0A6465766D656D24
:10BF0000206C6F6164205B6F7074696F6E735D206D
:10BF10005B616464726573735D0A4F7074696F6E00
:10BF2000733A0A2D65096C6974746C652D656E64CD
:10BF300069616E20706172736500574553545F5498
:10BF40004F504449522F7A65706879722F73756229
:10BF50007379732F7368656C6C2F6261636B656EA8
:10BF600064732F7368656C6C5F756172742E630007
:10BF700052582072696E6720627566666572206627
:10BF8000756C6C2E007368656C6C2E7368656C6CD8
:10BF90005F7561727400646573683A7E2420007373
:10BFA00068656C6C5F756172745F6261636B656E0E
:10BFB0006400537562636F6D6D616E64733A0A005D
:10BFC000574553545F544F504449522F7A65706817
:10BFD00079722F7375627379732F7368656C6C2F28
:10BFE0007368656C6C2E630073682D3E63747820F3
:10BFF00026262073682D3E6966616365006E6F7446
:10C00000207465726D696E617465643A2025630AF7
:10C0100000506C6561736520737065636966792093
:10C020006120737562636F6D6D616E642E0A003AF4
:10C0300020636F6D6D616E64206E6F7420666F7526
:10C040006E6400546F6F206D616E79206172677548
:10C050006D656E747320696E2074686520636F6D02
:10C060006D616E642E0A0025733A2077726F6E67D9
:10C0700020706172616D6574657220636F756E7496
:10C080000A006D6174636820213D202828766F695D
:10C0900064202A29302900636F6C756D6E7320212E
:10C0A0003D2030000A25732573006D6174636800BC
:10C0B0005741524E494E473A2041207072696E7482
:10C0C000207265717565737420776173206465747F
:10C0D0006563746564206F6E206E6F742061637495
:10C0E000697665207368656C6C206261636B656E50
:10C0F000642E0A0073682D3E6374780073682D3EC9
:10C100006374782026262073682D3E696661636516
:10C110002026262073682D3E64656661756C745F09
:10C1200070726F6D70740009546872656164206389
:10C130006F6E746578742072657175697265642EAE
:10C140000A007A5F666C61675F636D645F63747831
:10C150005F67657428736829207C7C20286B5F6387
:10C16000757272656E745F676574282920213D20A1
:10C1700073682D3E6374782D3E746964290073687A
:10C180002D3E667072696E74665F63747800666DCA
:10C190007400506C656173652070726573732074F0
:10C1A0006865203C5461623E20627574746F6E2035
:10C1B000746F2073656520616C6C20617661696CB9
:10C1C00061626C6520636F6D6D616E64732E0A0031
:10C1D000596F752063616E20616C736F2075736594
:10C1E00020746865203C5461623E20627574746FEF
:10C1F0006E20746F2070726F6D7074206F7220618A
:10C2000075746F2D636F6D706C65746520616C6CF7
:10C2100020636F6D6D616E6473206F72206974733B
:10C2200020737562636F6D6D616E64732E0A0059C1
:10C230006F752063616E2074727920746F20636162
:10C240006C6C20636F6D6D616E64732077697468C8
:10C25000203C2D683E206F72203C2D2D68656C704F
:10C260003E20706172616D6574657220666F722028
:10C270006D6F726520696E666F726D6174696F6E45
:10C280002E0A000A5368656C6C20737570706F72AB
:10C29000747320666F6C6C6F77696E67206D657460
:10C2A000612D6B6579733A0A20204374726C202BE0
:10C2B000202861206B65792066726F6D3A2061627B
:10C2C000636465666B6C6E70747577290A20204113
:10C2D0006C7420202B202861206B65792066726F9A
:10C2E0006D3A206266290A506C656173652072653B
:10C2F00066657220746F207368656C6C20646F6370
:10C30000756D656E746174696F6E20666F72206DF5
:10C310006F72652064657461696C732E0A000A414E
:10C320007661696C61626C6520636F6D6D616E64CE
:10C33000733A0A00253038583A20007C0A002873E6
:10C34000682D3E7368656C6C5F666C6167203D3D6F
:10C35000205348454C4C5F464C41475F43524C4646
:10C360005F44454641554C5429207C7C2028736805
:10C370002D3E7368656C6C5F666C6167203D3D2087
:10C380005348454C4C5F464C41475F4F4C465F43DA
:10C39000524C462900217A5F666C61675F636D6469
:10C3A0005F6374785F676574287368290009467550
:10C3B0006E6374696F6E2063616E6E6F7420626568
:10C3C0002063616C6C65642066726F6D20636F6DB5
:10C3D0006D616E6420636F6E746578740A005072CC
:10C3E000696E7473207468652068656C70206D6573
:10C3F00073736167652E00574553545F544F504423
:10C4000049522F7A65706879722F737562737973E8
:10C410002F7368656C6C2F7368656C6C5F757469DD
:10C420006C732E6300646C6F6320213D2028287696
:10C430006F6964202A293029001B5B25642563006D
:10C44000574553545F544F504449522F7A65706892
:10C4500079722F7375627379732F7368656C6C2FA3
:10C460007368656C6C5F6F70732E63007368202651
:10C47000262064617461006C656E677468203E3DBF
:10C4800020746D705F636E74001B5B313B332564F9
:10C490006D001B5B34303325646D007A5F666C6120
:10C4A000675F73796E635F6D6F64655F676574283E
:10C4B000736829207C7C20216B5F69735F696E5FE4
:10C4C00069737228290055736167653A20257320C6
:10C4D00000202D20002020004C6F7374206C6F67AB
:10C4E000733A20256C750A005B2533645D20257343
:10C4F0000A0020756E6B6E6F776E20706172616DD1
:10C50000657465723A200025733A257325730A0015
:10C510004563686F207374617475733A2025730ADC
:10C5200000416374697665207368656C6C20626194
:10C53000636B656E64733A0A0020202532642E20F6
:10C540003A257320282573290A00574553545F5410
:10C550004F504449522F7A65706879722F73756213
:10C560007379732F7368656C6C2F7368656C6C5F7F
:10C57000636D64732E63006F626A203C3D205F73BD
:10C5800068656C6C5F6C6973745F656E64004E6F98
:10C5900020726573706F6E73652066726F6D2074A4
:10C5A0006865207465726D696E616C2C20617373AF
:10C5B000756D656420383078323420736372656538
:10C5C0006E2073697A650A001B5B366E00726574B3
:10C5D00076616C005072696E742072657475726E4B
:10C5E0002076616C7565206F66206D6F73742072A4
:10C5F0006563656E7420636F6D6D616E6400436F7B
:10C600006E736F6C652067657473207465726D69F5
:10C610006E616C2073637265656E2073697A652044
:10C620006F7220617373756D6573206465666175E3
:10C630006C7420696E206361736520746865207274
:10C640006561646F7574206661696C732E2049742E
:10C65000206D7573742062652065786563757465F7
:10C660006420616674657220656163682074657218
:10C670006D696E616C207769647468206368616EAF
:10C68000676520746F20656E7375726520636F72C5
:10C6900072656374207465787420646973706C616A
:10C6A000792E00686973746F727900436F6D6D61E4
:10C6B0006E6420686973746F72792E007368656C9C
:10C6C0006C0055736566756C2C206E6F7420556E0A
:10C6D00069782D6C696B65207368656C6C20636F7D
:10C6E0006D6D616E64732E00636C65617200436CE6
:10C6F0006561722073637265656E2E0072656D00F0
:10C7000049676E6F7265206C696E6573206265673C
:10C71000696E6E696E672077697468202772656D2F
:10C7200020270064656661756C7400417373756DD4
:10C7300065203830206368617273207363726565A9
:10C740006E20776964746820616E642073656E641E
:10C7500020746869732073657474696E6720746FE0
:10C7600020746865207465726D696E616C2E00625C
:10C7700061636B656E6473004C69737420616374EC
:10C78000697665207368656C6C206261636B656EA9
:10C7900064732E0A006261636B73706163655F6D21
:10C7A0006F646500546F67676C65206261636B73CB
:10C7B00070616365206B6579206D6F64652E0A5327
:10C7C0006F6D65207465726D696E616C7320617246
:10C7D00065206E6F742073656E64696E6720736583
:10C7E0007061726174652065736361706520636F49
:10C7F000646520666F72206261636B73706163654C
:10C8000020616E642064656C657465206275747463
:10C810006F6E2E205468697320636F6D6D616E6456
:10C8200020666F72636573207368656C6C20746F2B
:10C8300020696E746572707265742064656C6574CD
:10C8400065206B6579206173206261636B73706131
:10C8500063652E00636F6C6F727300546F67676C53
:10C860006520636F6C6F7265642073796E74617894
:10C870002E00767431303000546F67676C65207617
:10C880007431303020636F6D6D616E64732E0054AF
:10C890006F67676C652070726F6D70742E006563D2
:10C8A000686F00546F67676C65207368656C6C20F7
:10C8B0006563686F2E007374617473005368656CF0
:10C8C0006C20737461746973746963732E006261A0
:10C8D000636B737061636500536574206469666699
:10C8E0006572656E742065736361706520636F6443
:10C8F0006520666F72206261636B7370616365208F
:10C90000616E642064656C657465206B65792E00CA
:10C9100064656C6574650053657420746865207384
:10C92000616D652065736361706520636F64652068
:10C93000666F72206261636B737061636520616E04
:10C94000642064656C657465206B65792E005265A2
:10C95000736574207368656C6C207374617469739B
:10C960007469637320666F7220746865204C6F670A
:10C97000676572206D6F64756C652E0073686F77E4
:10C9800000476574207368656C6C2073746174690A
:10C99000737469637320666F7220746865204C6FCE
:10C9A00067676572206D6F64756C652E00446973EE
:10C9B00061626C65207368656C6C206563686F2EBE
:10C9C0002045646974696E67206B65797320616EB8
:10C9D00064206D6574612D6B6579732061726520CB
:10C9E0006E6F742068616E646C656400456E616290
:10C9F0006C65207368656C6C206563686F2E0044FD
:10CA0000697361626C652070726F6D70742E004581
:10CA10006E61626C652070726F6D70742E00446977
:10CA20007361626C6520767431303020636F6D6D98
:10CA3000616E64732E00456E61626C6520767431A0
:10CA4000303020636F6D6D616E64732E00446973C6
:10CA500061626C6520636F6C6F7265642073796EC0
:10CA60007461782E00456E61626C6520636F6C6F37
:10CA70007265642073796E7461782E00666C6173E0
:10CA800068002A2A2A20426F6F74696E67206E52EE
:10CA90004620436F6E6E6563742053444B2076339B
:10CAA0002E332E302D62613136376439663364623D
:10CAB00034202A2A2A0A002A2A2A205573696E67F6
:10CAC000205A6570687972204F532076342E332EA9
:10CAD00039392D6664393230346130326435322070
:10CAE0002A2A2A0A0072302F61313A202030782514
:10CAF000303878202072312F61323A20203078256A
:10CB0000303878202072322F61333A202030782557
:10CB10003038780072332F61343A20203078253055
:10CB20003878207231322F69703A202030782530E1
:10CB30003878207231342F6C723A202030782530CA
:10CB400038780020787073723A2020307825303899
:10CB50007800735B2532645D3A20203078253038C8
:10CB6000782020735B2532645D3A202030782530B0
:10CB700038782020735B2532645D3A202030782598
:10CB80003038782020735B2532645D3A202030787D
:10CB9000253038780066707363723A20203078252B
:10CBA0003038780072342F76313A202030782530B2
:10CBB0003878202072352F76323A20203078253090
:10CBC0003878202072362F76333A2020307825307E
:10CBD00038780072372F76343A2020307825303874
:10CBE00078202072382F76353A202030782530385A
:10CBF00078202072392F76363A2020307825303848
:10CC000078007231302F76373A20307825303878F6
:10CC100020207231312F76383A203078253038781C
:10CC2000202020207073703A20203078253038780A
:10CC3000004558435F52455455524E3A20307825AE
:10CC40003078004661756C74696E6720696E737424
:10CC500072756374696F6E206164647265737320AA
:10CC6000287231352F7063293A2030782530387892
:10CC700000556E68616E646C6564204952516E3A6D
:10CC8000202564002A2A2A2A2A204D505520464170
:10CC9000554C54202A2A2A2A2A00202053746163E2
:10CCA0006B696E67206572726F722028636F6E7495
:10CCB0006578742061726561206D696768742062AF
:10CCC00065206E6F742076616C69642900202055A0
:10CCD0006E737461636B696E67206572726F720048
:10CCE0002020446174612041636365737320566939
:10CCF0006F6C6174696F6E0020204D4D464152206B
:10CD0000416464726573733A20307825780020207E
:10CD1000496E737472756374696F6E2041636365E5
:10CD200073732056696F6C6174696F6E00202046C2
:10CD30006C6F6174696E672D706F696E74206C61C1
:10CD40007A79207374617465207072657365727688
:10CD50006174696F6E206572726F7200574553542B
:10CD60005F544F504449522F7A65706879722F6131
:10CD70007263682F61726D2F636F72652F636F72BC
:10CD80007465785F6D2F6661756C742E6300212861
:10CD900028285343425F54797065202A2920282887
:10CDA00030784530303045303030554C29202B20FC
:10CDB000307830443030554C2920292D3E4346539D
:10CDC000522026202831554C203C3C20283055202C
:10CDD0002B2034552929290009537461636B696E2E
:10CDE00067206F72204461746120416363657373CF
:10CDF0002056696F6C6174696F6E206572726F7214
:10CE000020776974686F757420737461636B206731
:10CE1000756172642C20757365722D6D6F64652069
:10CE20006F72206E756C6C2D706F696E74657220F8
:10CE3000646574656374696F6E0A0A002A2A2A2A77
:10CE40002A205553414745204641554C54202A2A13
:10CE50002A2A2A0020204469766973696F6E20624D
:10CE600079207A65726F002020556E616C69676E5B
:10CE70006564206D656D6F7279206163636573739E
:10CE8000002020537461636B206F766572666C6F4F
:10CE9000772028636F6E74657874206172656120F5
:10CEA0006E6F742076616C6964290020204E6F20BB
:10CEB000636F70726F636573736F7220696E7374E2
:10CEC00072756374696F6E73002020496C6C6567BE
:10CED000616C206C6F6164206F66204558435F521F
:10CEE000455455524E20696E746F205043002020E7
:10CEF000496C6C6567616C20757365206F66207482
:10CF000068652045505352002020417474656D704F
:10CF10007420746F206578656375746520756E6420
:10CF20006566696E656420696E7374727563746991
:10CF30006F6E002A2A2A2A2A20425553204641553C
:10CF40004C54202A2A2A2A2A002020537461636B19
:10CF5000696E67206572726F72002020507265637F
:10CF600069736520646174612062757320657272F3
:10CF70006F72002020424641522041646472657302
:10CF8000733A2030782578002020496D70726563EF
:10CF900069736520646174612062757320657272C3
:10CFA0006F72002020496E737472756374696F6EBE
:10CFB00020627573206572726F72005265736572BC
:10CFC00076656420457863657074696F6E2028000B
:10CFD00053707572696F757320696E7465727275BE
:10CFE00070742028495251200065736620213D202D
:10CFF0002828766F6964202A29302900094553467C
:10D0000020636F756C64206E6F742062652072659A
:10D01000747269657665642073756363657373669E
:10D02000756C6C792E205368616C6C206E6576652A
:10D0300072206F636375722E0A00457863657074A1
:10D04000696F6E206F6363757272656420696E200C
:10D05000536563757265205374617465002A2A2ACA
:10D060002A2A2048415244204641554C54202A2A1D
:10D070002A2A2A002020427573206661756C74206C
:10D080006F6E20766563746F72207461626C6520C8
:10D09000726561640020204465627567206576656D
:10D0A0006E740020204661756C7420657363616C3A
:10D0B0006174696F6E20287365652062656C6F7797
:10D0C0002900415243485F455843455054207769F1
:10D0D000746820726561736F6E2025780A000946B6
:10D0E00061756C7420657363616C6174696F6E2027
:10D0F000776974686F75742046535220696E666F45
:10D100000A0009486172644661756C74207769741D
:10D11000686F7574204846535220696E666F2053BD
:10D1200068616C6C206E65766572206F63637572E2
:10D130000A002A2A2A2A2A204465627567206D6F10
:10D140006E69746F7220657863657074696F6E20A4
:10D150002A2A2A2A2A002A2A2A2A2A20257320252E
:10D160006429202A2A2A2A2A00574553545F544FFB
:10D17000504449522F7A65706879722F61726368E2
:10D180002F61726D2F636F72652F636F7274657894
:10D190005F6D2F6670752E6300627566666572201E
:10D1A000213D202828766F6964202A2930290057DC
:10D1B0004553545F544F504449522F7A65706879F3
:10D1C000722F617263682F61726D2F636F72652FAA
:10D1D000636F727465785F6D2F6972715F6D616ED8
:10D1E0006167652E63007072696F203C3D202828BE
:10D1F00031554C203C3C2028332929202D20312931
:10D200000009696E76616C6964207072696F726979
:10D21000747920256420666F7220256420697271FC
:10D22000212076616C756573206D7573742062655D
:10D23000206C657373207468616E20256C750A0A12
:10D24000006D7075004661696C656420746F2061C3
:10D250006C6C6F63617465206E6577204D5055204E
:10D26000726567696F6E2025750A00506172746976
:10D2700074696F6E2025753A2073616E6974792028
:10D28000636865636B206661696C65642E00496E36
:10D2900076616C696420756E6465726C79696E671D
:10D2A00020726567696F6E20696E646578202575E8
:10D2B00000574553545F544F504449522F7A65707C
:10D2C0006879722F617263682F61726D2F636F725C
:10D2D000652F6D70752F61726D5F6D70752E6300B7
:10D2E00009436F6E6669677572696E6720257520E0
:10D2F000737461746963204D505520726567696F5E
:10D300006E73206661696C65640A0A00094D61727A
:10D310006B696E6720257520617265617320666F89
:10D32000722064796E616D696320726567696F6EE2
:10D3300073206661696C65640A0A0009526571753B
:10D3400065737420746F20636F6E666967757265AC
:10D350003A20257520726567696F6E732028737592
:10D3600070706F727465643A202575290A0A00216D
:10D3700028726567696F6E5B6964785D2E64745F9F
:10D38000617474722026202831554C203C3C2028A2
:10D3900030292929000952414D5F4E4F43414348EE
:10D3A0004520776974682044545F4D454D5F434183
:10D3B00043484541424C45206174747269627574FA
:10D3C000650A0A00094661696C656420746F206112
:10D3D0006C6C6F63617465204D5055207265676990
:10D3E0006F6E732066726F6D2044540A0A00464CBB
:10D3F0004153485F30005352414D5F300057455311
:10D40000545F544F504449522F7A65706879722F97
:10D410006C69622F6C6962632F6E65776C69622F2D
:10D420006C6962632D686F6F6B732E630028282808
:10D430002873697A655F7429283132382929203C9C
:10D440003C20313029202D2028282875696E7470E1
:10D4500074725F742928265F656E642929202D2047
:10D46000307832303032303030302929203E3D2083
:10D470003230343800096D656D6F727920737061D8
:10D48000636520617661696C61626C6520666F72AC
:10D49000206E65776C696220686561702069732011
:10D4A0006C657373207468616E20746865206D69A3
:10D4B0006E696D756D207265717569726564207332
:10D4C000697A65207370656369666965642062794D
:10D4D00020434F4E4649475F4E45574C49425F4CAB
:10D4E0004942435F4D494E5F52455155495245446B
:10D4F0005F484541505F53495A450A002A6C6F63A3
:10D500006B20213D202828766F6964202A29302944
:10D5100000096E6F6E2D7265637572736976652092
:10D520006C6F636B20616C6C6F636174696F6E20EC
:10D530006661696C65640A00097265637572736976
:10D540007665206C6F636B20616C6C6F63617469CE
:10D550006F6E206661696C65640A0061626F727447
:10D5600028290A00736F6300574553545F544F5086
:10D570004449522F7A65706879722F696E636C75B1
:10D5800064652F7A65706879722F64726976657246
:10D59000732F656E74726F70792E68006170692DDB
:10D5A0003E6765745F656E74726F707920213D20EF
:10D5B0002828766F6964202A293029000943616C84
:10D5C0006C6261636B20706F696E74657220736842
:10D5D0006F756C64206E6F74206265204E554C4CE4
:10D5E0000A0000070E091C1B1215383F3631242390
:10D5F0002A2D574553545F544F504449522F7A6552
:10D60000706879722F647269766572732F636C6FBC
:10D61000636B5F636F6E74726F6C2F636C6F636BA1
:10D620005F636F6E74726F6C5F6E72662E630074F0
:10D63000797065203C20434C4F434B5F434F4E5421
:10D64000524F4C5F4E52465F545950455F434F55C1
:10D650004E5400636C6F636B403530303000636C48
:10D660006F636B006866636C6B006C66636C6B0069
:10D67000636C6F636B5F636F6E74726F6C0070735B
:10D68000612D726E67007073615F726E6700696E04
:10D6900076616C696420616464726573733A2030EA
:10D6A000782530386C783A257A7500756E616C692A
:10D6B000676E656420616464726573733A203078C4
:10D6C0002530386C783A257A75006E6F7420776F44
:10D6D00072642D616C69676E65643A20307825301C
:10D6E000386C783A257A7500666C6173682D636FC3
:10D6F0006E74726F6C6C6572403339303030006616
:10D700006C6173685F636F6E74726F6C6C657200CE
:10D71000666C6173685F6E7266004661696C656411
:10D7200020746F2065786974204450442028256453
:10D73000290057616974696E6720756E74696C2081
:10D74000666C617368206973207265616479004654
:10D7500061696C656420746F207761697420756EEF
:10D7600074696C20666C61736820697320726561EE
:10D7700064792028256429004A45444543204944CA
:10D780002072656164206661696C65643A20256475
:10D79000004465766963652069642025303278200D
:10D7A00025303278202530327820646F6573206E02
:10D7B0006F74206D6174636820636F6E66696720A3
:10D7C00025303278202530327820253032780042DA
:10D7D0005020636C656172206661696C65643A20F3
:10D7E00025640A00556E61626C6520746F20656E59
:10D7F00074657220342D62797465206D6F64653AAA
:10D800002025640A007732357131366A76736E6985
:10D8100071403100773235713136007370695F6E57
:10D820006F7200D810200C00000000574553545F61
:10D83000544F504449522F7A65706879722F696E3F
:10D84000636C7564652F7A65706879722F6472698C
:10D85000766572732F6770696F2F6770696F5F7578
:10D8600074696C732E680063616C6C6261636B0039
:10D87000094E6F2063616C6C6261636B210A006307
:10D88000616C6C6261636B2D3E68616E646C657285
:10D8900000094E6F2063616C6C6261636B2068618C
:10D8A0006E646C6572210A00574553545F544F50A3
:10D8B0004449522F6D6F64756C65732F68616C2FCE
:10D8C0006E6F726469632F6E7266782F68616C2F59
:10D8D0006E72665F6770696F2E68006E72665F6752
:10D8E00070696F5F70696E5F70726573656E745F8B
:10D8F000636865636B282A705F70696E29005745FD
:10D9000053545F544F504449522F7A65706879726E
:10D910002F647269766572732F6770696F2F6770F5
:10D92000696F5F6E7266782E63006770696F40384A
:10D930003432353030006770696F30000001020307
:10D94000040506074661696C656420746F20616C8C
:10D950006C6F6361746520505049204368616E6E3E
:10D96000656C0075617274403830303000756172DA
:10D97000743000756172745F6E7266785F75617283
:10D98000746500574553545F544F504449522F7AA1
:10D9900065706879722F696E636C7564652F7A653E
:10D9A000706879722F647269766572732F67706917
:10D9B0006F2E6800286366672D3E706F72745F700B
:10D9C000696E5F6D61736B202620286770696F5FD9
:10D9D000706F72745F70696E735F74292831554C73
:10D9E000203C3C202870696E29292920213D2030C7
:10D9F000550009556E737570706F72746564207090
:10DA0000696E0A004661696C656420746F20616C00
:10DA10006C6F63617465204750494F5445206368BB
:10DA2000616E6E656C20666F722057414B450046F3
:10DA300061696C656420746F20636F6E66696775D9
:10DA400072652057414B452070696E004353204753
:10DA500050494F20706F72742025732070696E20BA
:10DA60002564206973206E6F74207265616479008B
:10DA700028666C616773202620282831203C3C20D2
:10DA80003429207C202831203C3C2035292929209C
:10DA9000213D20282831203C3C203429207C20288E
:10DAA00031203C3C20352929000950756C6C2055EB
:10DAB0007020616E642050756C6C20446F776E200E
:10DAC00073686F756C64206E6F7420626520656E7C
:10DAD00061626C65642073696D756C74616E656FED
:10DAE00075736C790A0028666C616773202620289C
:10DAF00031203C3C2031292920213D2030207C7CD4
:10DB00002028666C6167732026202831203C3C2049
:10DB1000322929203D3D2030005570646174652014
:10DB2000657863656564732063757272656E7420D1
:10DB30006275666665720048616C662D6475706C0E
:10DB40006578206E6F7420737570706F7274656481
:10DB500000536C617665206D6F6465206973206E7B
:10DB60006F7420737570706F72746564206F6E20AF
:10DB70002573004C6F6F706261636B206D6F64651D
:10DB8000206973206E6F7420737570706F72746586
:10DB90006400576F72642073697A6573206F7468CC
:10DBA0006572207468616E20382062697473206128
:10DBB0007265206E6F7420737570706F7274656417
:10DBC000004672657175656E63696573206C6F7769
:10DBD0006572207468616E20313235206B487A207E
:10DBE000617265206E6F7420737570706F727465EA
:10DBF00064004661696C656420746F20696E6974A5
:10DC000069616C697A65206E7266782064726976E3
:10DC100065723A2025640057616974696E672066F1
:10DC20006F722057414B452061636B6E6F776C6557
:10DC300064676D656E742074696D6564206F7574BA
:10DC40000054696D656F75742077616974696E67DA
:10DC500020666F72207472616E7366657220636FE6
:10DC60006D706C65746500737069406230303000AF
:10DC700073706933007370695F6E7266785F73707A
:10DC8000696D0028666C616773202620282831554D
:10DC90004C203C3C202832312929207C2028315539
:10DCA0004C203C3C202832322929292920213D20A2
:10DCB000282831554C203C3C202832312929207C11
:10DCC000202831554C203C3C20283232292929007B
:10DCD0000943616E6E6F7420626F746820656E61B7
:10DCE000626C6520616E642064697361626C65209A
:10DCF000696E74657272757074730A0028666C615F
:10DD00006773202620282831554C203C3C2028329F
:10DD1000312929207C202831554C203C3C202832B8
:10DD2000322929292920213D20305500094D7573BC
:10DD3000742065697468657220656E61626C652027
:10DD40006F722064697361626C6520696E746572BC
:10DD500072757074730A002828666C6167732026D8
:10DD6000202831554C203C3C2028323229292920BA
:10DD70003D3D203029207C7C202828666C6167731B
:10DD8000202620282831554C203C3C20283235299B
:10DD900029207C202831554C203C3C202832362933
:10DDA00029292920213D203029207C7C2028666CCF
:10DDB000616773202620302920213D203000094151
:10DDC00074206C65617374206F6E65206F662047E8
:10DDD00050494F5F494E545F4C4F575F302C20479E
:10DDE00050494F5F494E545F484947485F3120686A
:10DDF000617320746F20626520656E61626C65647A
:10DE00002E0A004661696C656420746F20696E6932
:10DE10007469616C697A65206465766963653A2026
:10DE20002573004D6173746572206D6F64652069A0
:10DE300073206E6F7420737570706F7274656420D8
:10DE40006F6E20257300435320636F6E74726F6C86
:10DE500020766961204750494F206973206E6F74A6
:10DE600020737570706F72746564005363617474AD
:10DE7000657265642062756666657273206172659D
:10DE8000206E6F7420737570706F72746564004FCC
:10DE90006E6C792062756666657273206C6F636163
:10DEA00074656420696E2052414D20617265207353
:10DEB0007570706F7274656400496E76616C696428
:10DEC000206275666665722073697A65733A2054BC
:10DED000782025642F5278202564007370694039BA
:10DEE0003030300073706931007370695F6E726634
:10DEF000785F7370697300574553545F544F5044B3
:10DF000049522F6E72662F6C69622F6E72665F6D5A
:10DF10006F64656D5F6C69622F6E72665F6D6F64B2
:10DF2000656D5F6C69622E630065203C3D205F6E0D
:10DF300072665F6D6F64656D5F6C69625F64667564
:10DF40005F63625F6C6973745F656E64004D6F64DC
:10DF5000656D206C69627261727920696E6974699D
:10DF6000616C697A6174696F6E206661696C656461
:10DF70002C206572722025640065203C3D205F6E78
:10DF800072665F6D6F64656D5F6C69625F696E6913
:10DF9000745F63625F6C6973745F656E640057459C
:10DFA00053545F544F504449522F6E72662F6C6920
:10DFB000622F6E72665F6D6F64656D5F6C69622F54
:10DFC0006E72665F6D6F64656D5F6F732E63006563
:10DFD00072725F636F6465203E203000095472697D
:10DFE000656420746F20736574206E656761746961
:10DFF0007665206572726F7220636F64652C2025D0
:10E00000640A0075736564203C203900094E6F7402
:10E0100020656E6F7567682073656D6170686F72DB
:10E02000657320696E20676C7565206C6179657217
:10E030000A00282828737472756374206B5F7365F7
:10E040006D202A2973656D292026262028287569C8
:10E050006E747074725F7429286E72665F6D6F647F
:10E06000656D5F6F735F73656D732929203C3D207B
:10E07000282875696E747074725F74292828737407
:10E0800072756374206B5F73656D202A2973656DEB
:10E09000292920262620282875696E747074725FDD
:10E0A00074292828737472756374206B5F73656DAF
:10E0B000202A2973656D2929203C20282875696E3E
:10E0C000747074725F74292826286E72665F6D6F93
:10E0D00064656D5F6F735F73656D73295B2828736B
:10E0E000697A655F7429282828696E742973697AAA
:10E0F000656F6628636861725B31202D20283220AD
:10E100002A202128215F5F6275696C74696E5F74D3
:10E11000797065735F636F6D70617469626C655F60
:10E1200070285F5F747970656F665F5F286E7266D6
:10E130005F6D6F64656D5F6F735F73656D73292CC1
:10E14000205F5F747970656F665F5F2826286E7246
:10E15000665F6D6F64656D5F6F735F73656D732967
:10E160005B305D292929295D29202D203129202B8B
:10E17000202873697A656F66286E72665F6D6F64BA
:10E18000656D5F6F735F73656D7329202F207369F1
:10E190007A656F6628286E72665F6D6F64656D5F65
:10E1A0006F735F73656D73295B305D292929295D64
:10E1B0002929290009556E696E697469616C697352
:10E1C00065642073656D6170686F72650A007573B0
:10E1D0006564203C203100094E6F7420656E6F75B8
:10E1E0006768206D75746578657320696E20676C4B
:10E1F0007565206C617965720A002828287374722D
:10E20000756374206B5F6D75746578202A296D7550
:10E210007465782920262620282875696E74707404
:10E22000725F7429286E72665F6D6F64656D5F6FD3
:10E23000735F6D7574657865732929203C3D2028CE
:10E240002875696E747074725F74292828737472EB
:10E25000756374206B5F6D75746578202A296D7500
:10E26000746578292920262620282875696E7470FF
:10E2700074725F74292828737472756374206B5FDD
:10E280006D75746578202A296D7574657829292043
:10E290003C20282875696E747074725F7429282672
:10E2A000286E72665F6D6F64656D5F6F735F6D750D
:10E2B0007465786573295B282873697A655F7429AA
:10E2C000282828696E742973697A656F66286368DF
:10E2D00061725B31202D202832202A202128215FE5
:10E2E0005F6275696C74696E5F74797065735F6382
:10E2F0006F6D70617469626C655F70285F5F7479BF
:10E3000070656F665F5F286E72665F6D6F64656DC6
:10E310005F6F735F6D757465786573292C205F5F1F
:10E32000747970656F665F5F2826286E72665F6D10
:10E330006F64656D5F6F735F6D7574657865732964
:10E340005B305D292929295D29202D203129202BA9
:10E35000202873697A656F66286E72665F6D6F64D8
:10E36000656D5F6F735F6D75746578657329202FB8
:10E370002073697A656F6628286E72665F6D6F64B8
:10E38000656D5F6F735F6D757465786573295B305C
:10E390005D292929295D2929290009556E696E6998
:10E3A0007469616C69736564206D757465780A00C1
:10E3B0006E72665F6D6F64656D00574553545F54B0
:10E3C0004F504449522F6E72662F6C69622F6E72E5
:10E3D000665F6D6F64656D5F6C69622F6366756EF5
:10E3E0005F686F6F6B732E630065203C3D205F6E2E
:10E3F00072665F6D6F64656D5F6C69625F61745FAB
:10E400006366756E5F63625F6C6973745F656E648B
:10E41000004D6F64656D206C696272617279206471
:10E420006964206E6F7420696E697469616C697AC1
:10E43000653A2025640043616E6E6F7420777269BF
:10E440007465204C4544206770696F004C4544203A
:10E45000696E646578206F7574206F6620746865D6
:10E460002072616E67650043616E6E6F7420636F2A
:10E470006E666967757265204C4544206770696FE8
:10E4800000646B5F627574746F6E735F616E645F5E
:10E490006C656473004661696C656420746F206804
:10E4A0006F6F6B2074686520646973706174636852
:10E4B0002066756E6374696F6E2C206572722025FC
:10E4C0006400574553545F544F504449522F6E7265
:10E4D000662F6C69622F61745F6D6F6E69746F7205
:10E4E0002F61745F6D6F6E69746F722E63006520AB
:10E4F0003C3D205F61745F6D6F6E69746F725F6524
:10E500006E7472795F6C6973745F656E64004E6FD0
:10E51000206865617020737061636520666F72208A
:10E52000696E636F6D696E67206E6F74696669638B
:10E530006174696F6E3A2025730061745F6E6F7449
:10E54000696600094E6F20686561702073706163B1
:10E550006520666F7220696E636F6D696E67206EED
:10E560006F74696669636174696F6E3A2025730A16
:10E57000006E6F74696620213D202828766F6964DB
:10E58000202A2930290061745F6D6F6E69746F7283
:10E5900000415420636F6D6D616E64206576656E19
:10E5A000742068616E646C65722064697361626C6A
:10E5B00065640A00415420636F6D6D616E6420656F
:10E5C00076656E742068616E646C657220656E613C
:10E5D000626C65640A0053656E64696E672041541D
:10E5E00020636F6D6D616E64206661696C65642087
:10E5F00077697468206572726F7220636F6465203A
:10E6000025640A00574553545F544F504449522FD4
:10E610006E72662F6C69622F61745F7368656C6CD3
:10E620002F61745F7368656C6C2E6300676C6F623A
:10E63000616C5F7368656C6C20213D202828766FC3
:10E640006964202A2930290009676C6F62616C5F58
:10E650007368656C6C20686173206E6F74206265EE
:10E66000656E2073657420746F20612076616C691B
:10E6700064207368656C6C0A004154206576656E91
:10E68000742068616E646C65723A0A25730A0061D1
:10E6900074004578656375746520616E204154206F
:10E6A000636F6D6D616E642E204B6E6F776E20739D
:10E6B0007562636F6D6D616E647320617265207445
:10E6C00061622D636F6D706C657461626C653B2077
:10E6D000616E79206F7468657220737562636F6D07
:10E6E0006D616E6420697320696E74657270726505
:10E6F00074656420617320616E20415420636F6DE6
:10E700006D616E6420616E642073656E7420746F39
:10E7100020746865206D6F64656D2E006576656E8A
:10E7200074735F656E61626C65006576656E7473A7
:10E730005F64697361626C650055736167653A2057
:10E740006174203C737562636F6D6D616E643E0A27
:10E750000A537562636F6D6D616E64733A0A2020AF
:10E760006576656E74735F656E61626C65202020EE
:10E770002020456E61626C65204154206576656E8F
:10E78000742068616E646C657220776869636820C4
:10E790007072696E7473204154206E6F746966697B
:10E7A000636174696F6E730A20206576656E747399
:10E7B0005F64697361626C65202020204469736125
:10E7C000626C65204154206576656E742068616EC8
:10E7D000646C65720A0A416E79206F7468657220F4
:10E7E000737562636F6D6D616E6420697320696E0D
:10E7F0007465727072657465642061732041542081
:10E80000636F6D6D616E6420616E642073656E74FC
:10E8100020746F20746865206D6F64656D2E0A002A
:10E820004661696C656420746F2073657420636F42
:10E830006E66696775726174696F6E2028657272A1
:10E840003A20256429006D6F64656D5F616E7465A3
:10E850006E6E610054462D4D206E6F6E2D73656394
:10E860007572652063616C6C6261636B20696E69AF
:10E870007469616C697A6174696F6E206661696C34
:10E8800065642C206572726F723A202564002A2A12
:10E890002A2A2A20534543555245204641554C5477
:10E8A000202A2A2A2A2A0020204164647265737370
:10E8B0003A2030782578002020496E76616C6964B2
:10E8C00020656E74727920706F696E740020204923
:10E8D0006E76616C696420696E74656772697479BB
:10E8E000207369676E6174757265002020496E76C9
:10E8F000616C696420657863657074696F6E2072FD
:10E90000657475726E00202041747472696275744A
:10E91000696F6E20756E69742076696F6C617469B9
:10E920006F6E002020496E76616C6964207472619C
:10E930006E736974696F6E0020204C617A79207360
:10E940007461746520707265736572766174696F45
:10E950006E0020204C617A792073746174652065A3
:10E9600072726F72002A2A2A2A2A2053505520498F
:10E970004E54455252555054202A2A2A2A2A002001
:10E980002053656375726974792076696F6C617460
:10E99000696F6E20666F722074686520666C6173A3
:10E9A00068206D656D6F72792073706163650020FA
:10E9B0002053656375726974792076696F6C617430
:10E9C000696F6E20666F72207468652052414D2019
:10E9D0006D656D6F727920737061636500202053DF
:10E9E000656375726974792076696F6C6174696F9B
:10E9F0006E206F6E206F6E65206F72207365766576
:10EA000072616C207065726970686572616C732EDA
:10EA100000574553545F544F504449522F6E72660D
:10EA20002F6D6F64756C65732F7472757374656484
:10EA30002D6669726D776172652D6D2F6661756CDB
:10EA4000742E6300675F636F6E746578742E7661F1
:10EA50006C696400094E6F6E2D7365637572652075
:10EA600063616C6C6261636B20776974686F757445
:10EA70002076616C696420636F6E746578740A0037
:10EA8000574553545F544F504449522F6D6F64752E
:10EA90006C65732F68616C2F6E6F726469632F6E83
:10EAA0007266782F68656C706572732F6E72667807
:10EAB0005F677070695F647070692E6300705F6774
:10EAC00070706920213D202828766F6964202A29EA
:10EAD000302900574553545F544F504449522F6DCD
:10EAE0006F64756C65732F68616C2F6E6F726469EB
:10EAF000632F6E7266782F647269766572732F73F6
:10EB000072632F6E7266785F636C6F636B2E630047
:10EB10006D5F636C6F636B5F63622E6D6F64756CAA
:10EB2000655F696E697469616C697A6564005745EF
:10EB300053545F544F504449522F6D6F64756C6548
:10EB4000732F68616C2F6E6F726469632F6E7266CB
:10EB5000782F647269766572732F7372632F6E7289
:10EB600066785F636C6F636B5F6866636C6B2E6364
:10EB700000574553545F544F504449522F6D6F64B2
:10EB8000756C65732F68616C2F6E6F726469632F8B
:10EB90006E7266782F647269766572732F73726312
:10EBA0002F6E7266785F636C6F636B5F6C66636C0D
:10EBB0006B2E6300574553545F544F504449522FB6
:10EBC0006D6F64756C65732F68616C2F6E6F726406
:10EBD00069632F6E7266782F68616C2F6E72665F44
:10EBE0006770696F74652E6800696E646578203C93
:10EBF000203800574553545F544F504449522F6DAD
:10EC00006F64756C65732F68616C2F6E6F726469C9
:10EC1000632F6E7266782F647269766572732F73D4
:10EC200072632F6E7266785F6770696F74652E63AA
:10EC3000006E7266795F6770696F5F70696E5F7092
:10EC4000726573656E745F636865636B2870696E67
:10EC5000292026262070696E5F69735F7461736B6B
:10EC60005F6F757470757428705F696E7374616E10
:10EC700063652C2070696E29006E7266795F67701B
:10EC8000696F5F70696E5F70726573656E745F63E4
:10EC90006865636B2870696E292026262070696E6E
:10ECA0005F69735F696E70757428705F696E7374E5
:10ECB000616E63652C2070696E292026262070699C
:10ECC0006E5F6861735F7472696767657228705FF1
:10ECD000696E7374616E63652C2070696E290070B3
:10ECE0005F696E7374616E636500705F6368616E07
:10ECF0006E656C00696E745F656E61626C6500576D
:10ED00004553545F544F504449522F6D6F64756C96
:10ED100065732F68616C2F6E6F726469632F6E72FA
:10ED200066782F647269766572732F7372632F6EC3
:10ED30007266785F6970632E6300705F636F6E66E2
:10ED4000696720262620286D5F63622E73746174C4
:10ED500065203D3D204E5246585F4452565F535405
:10ED60004154455F494E495449414C495A4544290B
:10ED7000006D5F63622E7374617465203D3D204EAB
:10ED80005246585F4452565F53544154455F494E72
:10ED9000495449414C495A454400574553545F54DE
:10EDA0004F504449522F6D6F64756C65732F6861C5
:10EDB0006C2F6E6F726469632F6E7266782F686154
:10EDC0006C2F6E72665F6970632E680057455354EE
:10EDD0005F544F504449522F6D6F64756C65732FAB
:10EDE00068616C2F6E6F726469632F6E7266782F24
:10EDF000647269766572732F7372632F6E726678B0
:10EE00005F6E766D632E630062797465735F636F06
:10EE1000756E74203C3D202873697A656F6628758D
:10EE2000696E7433325F7429202D20627974655FB6
:10EE30007368696674290069735F76616C69645FE1
:10EE40006164647265737328616464722C20302974
:10EE50000069735F76616C69645F61646472657395
:10EE60007328616464722C203129202626206E725A
:10EE700066785F69735F776F72645F616C69676EF4
:10EE800065642828766F696420636F6E7374202A26
:10EE900029616464722900574553545F544F5044AC
:10EEA00049522F6D6F64756C65732F68616C2F6E9E
:10EEB0006F726469632F6E7266782F64726976650B
:10EEC00072732F7372632F6E7266785F7370696DE1
:10EED0002E6300705F696E7374616E636520262611
:10EEE00020705F636F6E66696700705F63622D3EBE
:10EEF000737461746520213D204E5246585F445220
:10EF0000565F53544154455F554E494E495449410B
:10EF10004C495A45440028705F63622D3E7374610A
:10EF2000746520213D204E5246585F4452565F532F
:10EF3000544154455F554E494E495449414C495AF4
:10EF4000454429202626202828705F786665725F50
:10EF5000646573632D3E705F74785F627566666585
:10EF60007220213D202828766F6964202A293029C3
:10EF700029207C7C2028705F786665725F646573E9
:10EF8000632D3E74785F6C656E677468203D3D202C
:10EF9000302929202626202828705F786665725F30
:10EFA000646573632D3E705F72785F627566666537
:10EFB0007220213D202828766F6964202A29302973
:10EFC00029207C7C2028705F786665725F64657399
:10EFD000632D3E72785F6C656E677468203D3D20DE
:10EFE00030292920262620282128666C6167732075
:10EFF00026202831554C203C3C20332929207C7C7C
:10F000002028705F63622D3E73735F70696E203DD0
:10F010003D202830786666666666666666554C29C9
:10F02000292900705F63622D3E68616E646C6572B1
:10F0300000574553545F544F504449522F6D6F64ED
:10F04000756C65732F68616C2F6E6F726469632FC6
:10F050006E7266782F647269766572732F7372634D
:10F060002F6E7266785F737069732E6300705F63D2
:10F07000622D3E68616E646C657220213D202828F7
:10F08000766F6964202A29302900705F696E737475
:10F09000616E636520262620705F636F6E66696708
:10F0A000202626206576656E745F68616E646C65E7
:10F0B000720028705F63622D3E7374617465202155
:10F0C0003D204E5246585F4452565F53544154457A
:10F0D0005F554E494E495449414C495A45442920AF
:10F0E0002626202828705F74785F627566666572D0
:10F0F00020213D202828766F6964202A293029297B
:10F10000207C7C202874785F6275666665725F6C0F
:10F11000656E677468203D3D203029292026262011
:10F120002828705F72785F62756666657220213D7F
:10F13000202828766F6964202A29302929207C7CA0
:10F14000202872785F6275666665725F6C656E67AF
:10F150007468203D3D203029290041542B434655F9
:10F160004E3D004F4B0D0A004552524F520D0A00C2
:10F170002B434D45204552524F523A002B434D539D
:10F18000204552524F523A00574553545F544F5006
:10F190004449522F7A65706879722F6B65726E657B
:10F1A0006C2F6465766963652E63007263203E3D53
:10F1B000202D283078666629202626207263203C80
:10F1C0002030000964657669636520257320696EC7
:10F1D00069743A20696E76616C6964206572726F39
:10F1E0007220282564290A0048616C74696E6720C2
:10F1F00073797374656D00556E6B6E6F776E2065F5
:10F2000072726F7200756E6B6E6F776E003E3E3E6F
:10F21000205A455048595220464154414C204552AD
:10F22000524F522025643A202573206F6E204350A0
:10F2300055202564004661756C7420647572696E92
:10F240006720696E746572727570742068616E648F
:10F250006C696E670A0043757272656E742074681B
:10F26000726561643A20257020282573290057456E
:10F2700053545F544F504449522F7A6570687972E5
:10F280002F6B65726E656C2F666174616C2E630006
:10F29000726561736F6E20213D204B5F4552525F56
:10F2A0004B45524E454C5F50414E49430009417415
:10F2B00074656D7074656420746F207265636F7619
:10F2C00065722066726F6D2061206B65726E656C71
:10F2D0002070616E696320636F6E646974696F6E1C
:10F2E0000A0043505520657863657074696F6E003D
:10F2F000556E68616E646C656420696E74657272C7
:10F3000075707400537461636B206F766572666C00
:10F310006F77004B65726E656C206F6F7073004B7A
:10F3200065726E656C2070616E6963005745535459
:10F330005F544F504449522F7A65706879722F6B31
:10F3400065726E656C2F696E69742E6300746872E5
:10F350006561645F64617461203C3D205F5F73742C
:10F36000617469635F7468726561645F646174612C
:10F370005F6C6973745F656E640069646C650064DA
:10F380006576203C3D205F6465766963655F6C69E6
:10F3900073745F656E64006D61696E006F73005712
:10F3A0004553545F544F504449522F7A65706879E1
:10F3B000722F6B65726E656C2F6B686561702E6362
:10F3C0000021617263685F69735F696E5F69737260
:10F3D0002829207C7C20282874696D656F75742924
:10F3E0002E7469636B73203D3D202828286B5F7461
:10F3F000696D656F75745F74297B307D29292E7462
:10F4000069636B732900090A0068656170203C3DDF
:10F41000205F6B5F686561705F6C6973745F656EB8
:10F420006400574553545F544F504449522F7A65F6
:10F43000706879722F6B65726E656C2F69646C658C
:10F440002E63005F6B65726E656C2E637075735B07
:10F45000305D2E63757272656E742D3E62617365E8
:10F460002E7072696F203E3D203000574553545F27
:10F47000544F504449522F7A65706879722F6B65EA
:10F48000726E656C2F696E636C7564652F6B736348
:10F490006865642E68007468726561642D3E6261FF
:10F4A00073652E70656E6465645F6F6E00574553BB
:10F4B000545F544F504449522F7A65706879722FC7
:10F4C0006B65726E656C2F6D73675F712E630021C3
:10F4D000617263685F6972715F756E6C6F636B6593
:10F4E00064286B657929006D7367712D3E777269A9
:10F4F00074655F707472203E3D206D7367712D3EA0
:10F500006275666665725F73746172742026262068
:10F510006D7367712D3E77726974655F70747220C8
:10F520003C206D7367712D3E6275666665725F651E
:10F530006E6400574553545F544F504449522F7ADC
:10F5400065706879722F6B65726E656C2F6D75745E
:10F5500065782E630021617263685F69735F696E0D
:10F560005F697372282900096D7574657865732069
:10F5700063616E6E6F7420626520757365642069C7
:10F580006E7369646520495352730A006D75746522
:10F59000782D3E6C6F636B5F636F756E74203E20D9
:10F5A000305500574553545F544F504449522F7AB9
:10F5B00065706879722F6B65726E656C2F73656DFF
:10F5C0002E63002828617263685F69735F696E5FEC
:10F5D0006973722829203D3D203029207C7C202819
:10F5E0002874696D656F7574292E7469636B732057
:10F5F0003D3D202828286B5F74696D656F75745FC9
:10F6000074297B307D29292E7469636B7329290045
:10F61000574553545F544F504449522F7A65706890
:10F6200079722F6B65726E656C2F776F726B2E63BC
:10F6300000776F726B2D3E717565756520213D20D9
:10F640002828766F6964202A29302900776F726B29
:10F650002D3E68616E646C657220213D20282876FD
:10F660006F6964202A2930290021666C61675F7404
:10F67000657374282671756575652D3E666C6167C6
:10F68000732C204B5F574F524B5F51554555455F8B
:10F69000535441525445445F4249542900717565A1
:10F6A000756500737461636B0064776F726B202102
:10F6B0003D202828766F6964202A293029002B00F4
:10F6C000574553545F544F504449522F7A657068E0
:10F6D00079722F6B65726E656C2F746872656164E8
:10F6E0002E6300282828287072696F2929203D3D43
:10F6F000203135202626207A5F69735F69646C6546
:10F700005F7468726561645F656E747279282865DC
:10F710006E747279292929207C7C2028282831358B
:10F72000202D203129203E3D2028282D3136292921
:10F73000292026262028287072696F2929203E3D1D
:10F740002028282D313629292026262028287072A5
:10F75000696F2929203C3D20283135202D20312971
:10F7600029290009696E76616C6964207072696F7D
:10F770007269747920282564293B20616C6C6F774D
:10F7800065642072616E67653A20256420746F207D
:10F7900025640A000954687265616473206D61799B
:10F7A000206E6F74206265206372656174656420E9
:10F7B000696E20495352730A0064756D6D79007348
:10F7C0006C656570696E670064656164007375736C
:10F7D00070656E6465640061626F7274696E670063
:10F7E00073757370656E64696E67007175657565B4
:10F7F0006400574553545F544F504449522F7A6523
:10F80000706879722F6B65726E656C2F73636865B3
:10F81000642E6300217A5F69735F69646C655F744D
:10F8200068726561645F6F626A6563742874687288
:10F8300065616429002169735F7468726561645F42
:10F8400064756D6D79287468726561642900574527
:10F8500053545F544F504449522F7A6570687972FF
:10F860002F6B65726E656C2F696E636C7564652FA6
:10F870006B7468726561642E68005F6B65726E659B
:10F880006C2E637075735B305D2E63757272656E7E
:10F890007420213D202828766F6964202A29302988
:10F8A00000574553545F544F504449522F7A657066
:10F8B0006879722F6B65726E656C2F696E636C75FB
:10F8C00064652F6B737761702E6800617263685F87
:10F8D0006972715F756E6C6F636B6564286B6579B7
:10F8E00029207C7C205F6B65726E656C2E63707561
:10F8F000735B305D2E63757272656E742D3E62614E
:10F9000073652E7468726561645F737461746520D9
:10F91000262028282831554C203C3C2028302929F5
:10F9200029207C20282831554C203C3C2028332994
:10F930002929290009436F6E7465787420737769EB
:10F94000746368696E67207768696C6520686F6C9E
:10F9500064696E67206C6F636B210A0073697A6556
:10F960006F66285F73636865645F7370696E6C6F40
:10F97000636B29203D3D2030207C7C206C6F636BC5
:10F9800020213D20265F73636865645F7370696E34
:10F990006C6F636B005F6B65726E656C2E63707568
:10F9A000735B305D2E63757272656E742D3E62619D
:10F9B00073652E73636865645F6C6F636B65642049
:10F9C000213D203155005F6B65726E656C2E637052
:10F9D00075735B305D2E63757272656E742D3E6259
:10F9E0006173652E73636865645F6C6F636B6564D8
:10F9F00020213D20305500217465726D696E61745F
:10FA000065000961626F72746564205F637572726C
:10FA1000656E74206261636B2066726F6D20646531
:10FA200061640A0021657373656E7469616C000915
:10FA300061626F7274656420657373656E74696169
:10FA40006C207468726561642025700A0057455304
:10FA5000545F544F504449522F7A65706879722F21
:10FA60006B65726E656C2F74696D65736C69636923
:10FA70006E672E6300282874696D656F7574292080
:10FA8000262620282875696E747074725F74292880
:10FA9000736C6963655F74696D656F75747329292B
:10FAA000203C3D20282875696E747074725F74293B
:10FAB0002874696D656F75742929202626202828E9
:10FAC00075696E747074725F74292874696D656FDE
:10FAD00075742929203C20282875696E7470747209
:10FAE0005F7429282628736C6963655F74696D6586
:10FAF0006F757473295B282873697A655F74292888
:10FB00002828696E742973697A656F66286368614D
:10FB1000725B31202D202832202A202128215F5F8E
:10FB20006275696C74696E5F74797065735F636F19
:10FB30006D70617469626C655F70285F5F74797065
:10FB4000656F665F5F28736C6963655F74696D6577
:10FB50006F757473292C205F5F747970656F665FB1
:10FB60005F282628736C6963655F74696D656F75BE
:10FB70007473295B305D292929295D29202D2031C5
:10FB800029202B202873697A656F6628736C696356
:10FB9000655F74696D656F75747329202F207369B3
:10FBA0007A656F662828736C6963655F74696D6533
:10FBB0006F757473295B305D292929295D292920F6
:10FBC00026262028282875696E747074725F74293F
:10FBD0002874696D656F75742929202D2028287572
:10FBE000696E747074725F742928736C6963655FE1
:10FBF00074696D656F7574732929292025207369CF
:10FC00007A656F662828736C6963655F74696D65D2
:10FC10006F757473295B305D29203D3D20302900CC
:10FC2000574553545F544F504449522F7A6570687A
:10FC300079722F6B65726E656C2F74687265616482
:10FC40005F6D6F6E69746F722E6300757365725F9E
:10FC5000636220213D202828766F6964202A29309C
:10FC6000290009757365725F63622063616E206E9F
:10FC70006F74206265204E554C4C0A005745535412
:10FC80005F544F504449522F7A65706879722F6BD8
:10FC900065726E656C2F74696D656F75742E630087
:10FCA000217379735F646E6F64655F69735F6C69FC
:10FCB0006E6B65642826746F2D3E6E6F6465290037
:10FCC000574553545F544F504449522F7A657068DA
:10FCD00079722F6B65726E656C2F6576656E7473C5
:10FCE0002E6300574553545F544F504449522F7A66
:10FCF00065706879722F6B65726E656C2F6D656DBE
:10FD0000706F6F6C2E630028616C69676E2026200F
:10FD100028616C69676E202D20312929203D3D2006
:10FD2000300009616C69676E206D757374206265BF
:10FD3000206120706F776572206F6620320A006143
:10FD40006C69676E203D3D2030207C7C2028287522
:10FD5000696E747074725F74296D656D2026202839
:10FD6000616C69676E202D20312929203D3D2030AE
:10FD700000096D6973616C69676E6564206D656DFE
:10FD80006F72792061742025702028616C69676E1C
:10FD9000203D20257A75290A00737973776F726B7D
:10FDA0007100002020202020202020202828282822
:10FDB000282020202020202020202020202020203B
:10FDC000202020881010101010101010101010108B
:10FDD000101010040404040404040404041010109B
:10FDE0001010101041414141414101010101010147
:10FDF00001010101010101010101010101011010D5
:10FE0000101010104242424242420202020202021A
:10FE100002020202020202020202020202021010A6
:10FE20001010200000000000000000000000000092
:10FE300000000000000000000000000000000000C2
:10FE400000000000000000000000000000000000B2
:10FE500000000000000000000000000000000000A2
:10FE60000000000000000000000000000000000092
:10FE70000000000000000000000000000000000082
:10FE80000000000000000000000000000000000072
:10FE90000000000000000000000000000000000062
:10FEA000000000494E46004E414E006E616E00302B
:10FEB00031323334353637383941424344454600D0
:10FEC00030313233343536373839616263646566D0
:10FED0000065256C6400496E66696E697479004E30
:10FEE000614E005245454E54206D616C6C6F63202D
:10FEF000737563636565646564002F5F5F772F5F6B
:10FF000074656D702F776F726B73706163652F62AC
:10FF100075696C642F2E6275696C642F61726D2D2A
:10FF20007A65706879722D656162692F7372632FCB
:10FF30006E65776C69622D6E616E6F2F6E65776C82
:10FF400069622F6C6962632F7374646C69622F64D9
:10FF5000746F612E630042616C6C6F632073756314
:10FF6000636565646564002F5F5F772F5F74656DFF
:10FF7000702F776F726B73706163652F6275696C38
:10FF8000642F2E6275696C642F61726D2D7A6570B5
:10FF90006879722D656162692F7372632F6E657760
:10FFA0006C69622D6E616E6F2F6E65776C69622F62
:10FFB0006C6962632F7374646C69622F6764746F19
:10FFC000612D6765746865782E6300504F534958FA
:10FFD000002F5F5F772F5F74656D702F776F726B87
:10FFE00073706163652F6275696C642F2E62756929
:10FFF0006C642F61726D2D7A65706879722D656100
:020000040005F5
:1000000062692F7372632F6E65776C69622D6E6102
:100010006E6F2F6E65776C69622F6C6962632F73E8
:1000200074646C69622F6D707265632E6300232D9A
:10003000302B2000686C4C006566674546470041E0
:100040002D46612D66383930313233343536375DDF
:10005000002B2D007858002C2066756E6374696F34
:100060006E3A2000617373657274696F6E20222589
:100070007322206661696C65643A2066696C65204C
:10008000222573222C206C696E652025642573253A
:10009000730A0000255302000000000049D400004C
:0C00A00000000000BD580200000000003D
:1000C40078563412260000000100010000000000F0
:1000D400014B0000DA070000ABFFFFFFB9FFFFFF91
:1000E400F4FFFFFF00000000000000000000810694
:1000F400F4010101A02526000404120400000000FC
:100104008813000000000000568B0300010000006B
:10011400000000006E0000004F8E0300010000008C
:1001240000000000740000005C8B0300010000006C
:100134000000000062000000658B03000100000065
:1001440000000000640000009C890300010000001E
:10015400000000006D000000228D0300010000007B
:1001640000000000090000001C8E030001000000D4
:10017400000000000A000000258E030001000000BA
:10018400000000000B000000708B03000100000061
:1001940000000000040000008C8B0300010000003C
:1001A4000000000005000000A98B0300010000000E
:1001B4000000000007000000CE8B030001000000D7
:1001C4000000000006000000ED8B030001000000A9
:1001D4000000000008000000128C03000100000071
:1001E4000000000000000000218C0300010000005A
:1001F4000000000001000000338C03000100000037
:100204000000000002000000458C03000100000013
:100214000000000003000000608C030000000000E8
:10022400000000000C0000006E8C030000000000C1
:10023400000000000D0000007D8C030001000000A0
:10024400000000000E000000908C0300010000007C
:10025400000000000F000000A38C03000000000059
:100264000000000010000000B78C03000000000034
:100274000000000011000000CC8C0300000000000E
:100284000000000012000000E08C030000000000E9
:100294000000000013000000F58C030000000000C3
:1002A4000000000014000000048D030000000000A2
:1002B40000000000150000008B7703000000000020
:1002C4000000000068000000F67303000000000056
:1002D400000000001600000090D0040000000000A0
:1002E4000000000072000000000000000000000098
:1002F4000000000000000000148D03000100000055
:100304000000000074000000208D030001000000C4
:100314000000000065000000348D030000000000B0
:1003240000000000660000003A8D03000000000099
:1003340000000000610000002B8C0300010000009D
:1003440000000000E90300003D8C030001000000F0
:1003540000000000EA0300004B8D030000000000D1
:1003640000000000EB03000000000000000000009B
:100374000000000000000000568D03000000000093
:1003840000000000E9030000698D03000000000084
:1003940000000000EA0300002B8C030001000000B1
:1003A40000000000EB0300003D8C0300010000008E
:1003B40000000000EC030000348D03000000000086
:1003C4000000000066000000848D030000000000AF
:1003D40000000000610000000000000000000000B8
:1003E40000000000000000009A8D030000000000DF
:1003F4000000000030000000A68D03000000000093
:100404000000000031000000BF8D03000000000068
:1004140000000000320000000000000000000000A6
:100424000000000000000000D48D03000000000064
:100434000000000063000000DB8D030000000000EA
:100444000000000073000000E28D030000000000C3
:10045400000000006D000000EC8D030000000000AF
:1004640000000000610000001E9D04000100000067
:1004740000000000D1070000F58D0300010000001A
:100484000000000074000000FF8D03000100000064
:1004940000000000D2070000078E030001000000E6
:1004A4000000000069000000128E0300010000003B
:1004B400000000006C0000001A8E03000100000020
:1004C40000000000D4070000238E03000100000098
:1004D40000000000D50700002C8E0300010000007E
:1004E40000000000D60700003C8E0300010000005D
:1004F40000000000D7070000228D03000100000067
:1005040000000000650000004D8E030001000000A3
:1005140000000000D8070000558E03000100000011
:1005240000000000DA070000778E030000000000DE
:1005340000000000D90700000000000000000000D7
:100544000000000000000000888E0300010000008D
:10055400000000006D000000908E03000100000008
:1005640000000000BC0B00004F8E030001000000DF
:1005740000000000740000001E9D04000100000043
:100584000000000063000000228D03000100000051
:1005940000000000650000009D8E030000000000C4
:1005A40000000000730000001C8E03000100000026
:1005B4000000000070000000258E03000100000010
:1005C40000000000BD0B00002E8E0300010000009F
:1005D40000000000BE0B00003E8E0300010000007E
:1005E40000000000BF0B0000AA8E03000100000001
:1005F40000000000B90B0000BD8E030001000000E4
:1006040000000000BA0B0000DA8E030000000000B6
:1006140000000000BB0B0000E58E03000100000099
:1006240000000000C00B0000FB8E0300010000006E
:1006340000000000C10B00000C8F0300010000004B
:1006440000000000C20B0000228F03000100000024
:1006540000000000C30B0000388F030001000000FD
:1006640000000000C40B0000498F030001000000DB
:1006740000000000C50B00005F8F030000000000B5
:1006840000000000C60B0000000000000000000095
:100694000000000000000000D48D030000000000F2
:1006A4000000000063000000DB8D03000000000078
:1006B4000000000073000000EC8D03000000000047
:1006C4000000000061000000768F030000000000BD
:1006D40000000000640000007C8F030001000000A3
:1006E4000000000074000000228D030001000000DF
:1006F40000000000650000004D8E030001000000B2
:1007040000000000DD0700001E9D04000100000041
:1007140000000000D1070000128E03000100000059
:1007240000000000D2070000858F030001000000D4
:1007340000000000D7070000918F030001000000B3
:1007440000000000D8070000A08F03000100000093
:1007540000000000D3070000BC8F0300010000006C
:1007640000000000D4070000DE8F03000100000039
:1007740000000000E0070000F58F03000100000006
:1007840000000000D50700001790030001000000DE
:1007940000000000D6070000708B03000100000079
:1007A40000000000DE0700008C8B03000100000045
:1007B40000000000DF0700001A8E030001000000A3
:1007C40000000000D9070000238E03000100000090
:1007D40000000000DA0700002C8E03000100000076
:1007E40000000000DB0700003C8E03000100000055
:1007F40000000000DC070000000000000000000012
:1008040000000000000000001D240400000000009F
:1008140000000000ED1201000000000000000000D4
:100824000000000072C40400010000000000000089
:10083400640000001C8E03000100000000000000A2
:1008440070000000258E030001000000000000007D
:100854006D000000F46004000100000000000000CE
:1008640074000000098E0300010000000000000075
:1008740069000000FF6004000000000000000000A8
:100884006A000000000000000000000000000000FA
:10089400000000001C8E03000100000000000000A6
:1008A40070000000258E030001000000000000001D
:1008B4006D000000F460040001000000000000006E
:1008C40074000000000000000000000000000000B0
:1008D400000000001C8E0300010000000000000066
:1008E40070000000258E03000100000000000000DD
:1008F4006D000000F460040001000000000000002E
:10090400740000000000000000000000000000006F
:10091400000000001C8E0300010000000000000025
:100924007000000000000000000000000000000053
:1009340000000000168D030001000000000000000C
:1009440074000000228D030001000000000000007C
:10095400650000000C6104000000000000000000BD
:1009640044000000348D030000000000000000007B
:10097400660000002B8C0300010000000000000052
:10098400E90300003D8C03000100000000000000AA
:10099400EA03000000000000000000000000000066
:1009A4000000000090D004000000000000000000DF
:1009B400720000002D7D0400010000000000000012
:1009C400740000006A8B03000100000000000000B6
:1009D4006400000094A30400010000000000000073
:1009E400E90300009DA304000100000000000000D2
:1009F400EA03000000000000000000000000000006
:100A04000000000041A304000000000000000000FA
:100A140095A40100A70E03000000000000000000E0
:100A24005D1303000100000001000000000000004D
:100A3400000000000000000008F40400FFFFFFFFB6
:100A4400FFFFFFFF0100000001000000FFFFFFFFA8
:100A5400651D0300A9E10100000000000000000082
:100A6400000000008B200300000000006F20030042
:100A74000000000001000000C8EA0020FCE400209F
:100A8400FCE40020000000002C690300882A0120F7
:100A9400406C03002531030029310300001003409A
:100AA4000000000000000000000000000000000042
:100AB4000000000000000000000000000000000032
:100AC4000000000000000000000000000000000022
:100AD4000000000000000000000000000000000012
:100AE4000000000000000000000000000000000002
:100AF40000000000000000000000000000000000F2
:100B04000000000000000000000100009CE500203F
:100B140000000000000000000000000000000000D1
:100B240000000000524D01202000000000000000E1
:100B340000B00040000000000000000000000000C1
:100B440000000000000000000000000000000000A1
:100B54000000000000000000000000000000000091
:100B6400546E030001000000E8E50020E8E50020E1
:100B74000000000001000000F8E50020F8E5002076
:100B84000000000001000000000000000000000060
:100B94000000000000000000000000000000000051
:100BA4000000000000000000000000000000000041
:100BB4005057030000000000000000007A4D01209F
:100BC400724D012000900040000000000000000071
:100BD4000000000000000000000000000000000011
:100BE4000000000000000000000000006CE600208F
:100BF4006CE6002000000000010000007CE60020FC
:100C04007CE600200000000001000000000000005D
:100C140000000000000000000000000000000000D0
:100C240000000000000000000000000000000000C0
:100C34000000000070570300B8E60020B8E600206A
:100C4400000000000100000000000000000000009F
:100C54000000000000000000C9560200000000006F
:100C6400000000000090D003FF000000FF0000001F
:100C7400D57A0200D5780200F97A0200E178020000
:100C8400F17D0200697B0200B97D020095410300F9
:100C94008F41030089410300900200001CE70020FB
:100CA4001CE7002028E700200000000094700300E7
:100CB4007470030054700300000000000000000082
:100CC4000000000000000000000000000000000020
:100CD4000000000000000000000000000000000010
:100CE4000000000000000000000000000000000000
:100CF40000000000000000000000000000000000F0
:100D0400000000000000000043000000000000009C
:100D140000000000000000000000000000000000CF
:100D2400000000000000000043000000000000007C
:100D340000000000000000000000000000000000AF
:100D4400000000000000000043000000000000005C
:100D5400000000000000000000000000000000008F
:100D6400000000000000000043000000000000003C
:100D7400000000000000000000000000000000006F
:100D8400000000000000000043000000000000001C
:100D9400000000000000000000000000000000004F
:100DA40000000000000000004300000000000000FC
:100DB400000000000000000000000000000000002F
:100DC40000000000000000004300000000000000DC
:100DD400000000000000000000000000000000000F
:100DE40000000000000000003D5503001B500300FC
:100DF40000000000A2FD04006C08040008F40400D4
:100E040008F4040008F4040008F4040008F40400DE
:100E140008F4040008F4040008F4040008F40400CE
:100E2400FFFFFFFFFFFFFFFFFFFFFFFFFFFF0000CC
:100E34000100415343494900000000000000000044
:100E4400000000000000000000000000000000009E
:100E54000000415343494900000000000000000025
:100E6400000000000000000000000000000000007E
:100E740000000000000000000000000081010000EC
:100E8400FF000000000000000D58020001000000F7
:100E9400000000000000000000000000000000004E
:100EA400000000000000000000000000000000003E
:100EB400000000000000000000000000000000002E
:100EC400000000000000000000000000000000001E
:100ED400000000000000000000000000000000000E
:100EE40000000000000000000000000000000000FE
:100EF40000000000000000000000000000000000EE
:100F040000000000000000000000000000000000DD
:100F140000000000000000000000000000000000CD
:100F240000000000000000000000000000000000BD
:100F340000000000000000000000000000000000AD
:100F4400C9CC020000000000000000000000000006
:100F5400D0E90020D0E900201507030000000000BC
:100F6400000000000000000000000000000000007D
:100F74000000000000000000C9CC020000000000D6
:100F8400000000000000000008EA002008EA002039
:100F94006F010300000000000000000000000000DA
:100FA400000000000000000000000000000000003D
:100FB400C9CC020000000000000000000000000096
:100FC40040EA002040EA0020C903030000000000BA
:100FD400000000000000000000000000000000000D
:100FE4000000000000000000C9CC02000000000066
:100FF400000000000000000078EA002078EA0020E9
:10100400C303030000000000000000000000000013
:101014000000000000000000000000006021022029
:1010240000A000000000000000000000000000001C
:101034000000000020060220000200000000000062
:101044000000000000000000000000002004022056
:10105400000200000000000000000000000000008A
:10106400E0EA0020E0EA00200000000000000000A8
:101074000E000000F4EA0020F4EA00200000000062
:10108400000000000E00000008EB002008EB002028
:1010940000000000000000000E0000001CEB002017
:1010A4001CEB002000000000000000000E00000007
:1010B40030EB002030EB00200000000000000000B6
:1010C4000E00000044EB002044EB00200000000070
:1010D400000000000E00000058EB002058EB002038
:1010E40000000000000000000E0000006CEB002077
:1010F4006CEB002000000000000000000E00000067
:1011040080EB002080EB00200000000000000000C5
:101114000E00000094EB002094EB0020000000007F
:10112400080000002C010000F0E2022050EC022034
:10113400F0E20220F0E202200000000000000000C3
:10114400C0EB0020C0EB00200000000008000000FD
:10115400E803000060C30220A0E2022060C3022072
:1011640060C302200000000000000000ECEB00203F
:10117400ECEB002000000000080000000A00000062
:10118400A0EC0220F0EC0220A0EC0220A0EC022053
:10119400000000000000000018EC002018EC002003
:1011A40000000000080000000A00000050EC0220CB
:1011B400A0EC022050EC022050EC022000000000C1
:1011C4000000000044EC002044EC0020000000007B
:1011D40008000000F4010000F0EC022090FC022062
:1011E400F0EC0220F0EC02200000000000000000FF
:1011F40070EC002070EC00200000000008000000EB
:101204000A000000A0E20220F0E20220A0E2022094
:10121400A0E2022000000000000000009CEC00207E
:101224009CEC00200000000001000000ACEC002059
:10123400ACEC00200000000001000000BCEC002029
:10124400BCEC00200000000001000000CCEC0020F9
:10125400CCEC00200000000001000000DCEC0020C9
:10126400DCEC00200000000001000000ECEC002099
:10127400ECEC00200000000001000000FCEC002069
:10128400FCEC002000000000010000000000000051
:10129400000000000000000018ED002018ED002000
:0412A40015E015E05C
:00000001FF
