:1080000008200220851C0200BF150300151C020079
:10801000151C0200151C0200151C0200151C020094
:10802000000000000000000000000000311E0200FF
:10803000151C020000000000991D0200151C020022
:108040008920020089200200892002008920020084
:108050008920020089200200892002008920020074
:108060008920020089200200892002008920020064
:108070008920020089200200892002008920020054
:108080008920020089200200892002008920020044
:108090008920020089200200892002008920020034
:1080A0008920020089200200892002008920020024
:1080B0008920020089200200892002008920020014
:1080C0008920020089200200892002008920020004
:1080D00089200200892002008920020089200200F4
:1080E00089200200892002008920020089200200E4
:1080F00089200200892002008920020089200200D4
:1081000089200200892002008920020089200200C3
:1081100089200200892002008920020089200200B3
:1081200089200200892002008920020089200200A3
:108130008920020089200200892002008920020093
:048140008920020090
:1081480081F0004102E000BF83F0004330B54FEA00
:1081580041044FEA430594EA050F08BF90EA020F6D
:108168001FBF54EA000C55EA020C7FEA645C7FEA00
:10817800655C00F0E2804FEA5454D4EB5555B8BF23
:108188006D420CDD2C4480EA020281EA030382EA94
:10819800000083EA010180EA020281EA0303362D26
:1081A80088BF30BD11F0004F4FEA01314FF4801CF9
:1081B8004CEA113102D0404261EB410113F0004F0B
:1081C8004FEA03334CEA133302D0524263EB4303C2
:1081D80094EA050F00F0A780A4F10104D5F1200E60
:1081E8000DDB02FA0EFC22FA05F2801841F10001BB
:1081F80003FA0EF2801843FA05F359410EE0A5F18F
:1082080020050EF1200E012A03FA0EFC28BF4CF0BF
:10821800020C43FA05F3C01851EBE37101F0004575
:1082280007D54FF0000EDCF1000C7EEB00006EEB82
:108238000101B1F5801F1BD3B1F5001F0CD349080C
:108248005FEA30004FEA3C0C04F101044FEA445263
:1082580012F5800F80F09A80BCF1004F08BF5FEAEA
:10826800500C50F1000041EB045141EA050130BDCA
:108278005FEA4C0C404141EB0101013C28BFB1F5DC
:10828800801FE9D291F0000F04BF01460020B1FA27
:1082980081F308BF2033A3F10B03B3F120020CDAFA
:1082A8000C3208DD02F1140CC2F10C0201FA0CF0D8
:1082B80021FA02F10CE002F11402D8BFC2F1200C3D
:1082C80001FA02F120FA0CFCDCBF41EA0C019040F3
:1082D800E41AA2BF01EB0451294330BD6FEA04043C
:1082E8001F3C1CDA0C340EDC04F11404C4F1200227
:1082F80020FA04F001FA02F340EA030021FA04F339
:1083080045EA030130BDC4F10C04C4F1200220FA8F
:1083180002F001FA04F340EA0300294630BD21FACD
:1083280004F0294630BD94F0000F83F4801306BF93
:1083380081F480110134013D4EE77FEA645C18BF87
:108348007FEA655C29D094EA050F08BF90EA020F1E
:1083580005D054EA000C04BF1946104630BD91EA16
:10836800030F1EBF0021002030BD5FEA545C05D119
:108378004000494128BF41F0004130BD14F5800458
:108388003CBF01F5801130BD01F0004545F0FE41CC
:1083980041F470014FF0000030BD7FEA645C1ABF01
:1083A800194610467FEA655C1CBF0B46024650EA38
:1083B800013406BF52EA033591EA030F41F4002164
:1083C80030BD00BF90F0000F04BF0021704730B5EA
:1083D8004FF4806404F132044FF000054FF00001BF
:1083E80050E700BF90F0000F04BF0021704730B580
:1083F8004FF4806404F1320410F0004548BF404255
:108408004FF000013EE700BF42004FEAE2014FEAA9
:1084180031014FEA02701FBF12F07F4393F07F4F84
:1084280081F06051704732F07F4208BF704793F087
:108438007F4F04BF41F40021704730B54FF460749A
:1084480001F0004521F000411CE700BF50EA01029D
:1084580008BF704730B54FF000050AE050EA010246
:1084680008BF704730B511F0004502D5404261EBB6
:1084780041014FF4806404F132045FEA915C3FF4F7
:10848800D8AE4FF003025FEADC0C18BF03325FEA94
:10849800DC0C18BF033202EBDC02C2F1200300FA45
:1084A80003FC20FA02F001FA03FE40EA0E0021FA6A
:1084B80002F11444BDE600BF70B54FF0FF0C4CF458
:1084C800E06C1CEA11541DBF1CEA135594EA0C0F0A
:1084D80095EA0C0F00F0DEF82C4481EA030621EA45
:1084E8004C5123EA4C5350EA013518BF52EA033580
:1084F80041F4801143F4801338D0A0FB02CE4FF032
:108508000005E1FB02E506F00042E0FB03E54FF061
:108518000006E1FB03569CF0000F18BF4EF0010E59
:10852800A4F1FF04B6F5007F64F5407404D25FEA55
:108538004E0E6D4146EB060642EAC62141EA555108
:108548004FEAC52040EA5E504FEACE2EB4F1FD0C4A
:1085580088BFBCF5E06F1ED8BEF1004F08BF5FEAC8
:10856800500E50F1000041EB045170BD06F000467A
:1085780046EA010140EA020081EA0301B4EB5C0427
:10858800C2BFD4EB0C0541EA045170BD41F480111F
:108598004FF0000E013C00F3AB8014F1360FDEBF44
:1085A800002001F0004170BDC4F10004203C35DA20
:1085B8000C341BDC04F11404C4F1200500FA05F3A3
:1085C80020FA04F001FA05F240EA020001F0004244
:1085D80021F0004110EBD37021FA04F642EB0601BA
:1085E8005EEA430E08BF20EAD37070BDC4F10C04E4
:1085F800C4F1200500FA04F320FA05F001FA04F2A8
:1086080040EA020001F0004110EBD37041F1000193
:108618005EEA430E08BF20EAD37070BDC4F120059E
:1086280000FA05F24EEA020E20FA04F301FA05F206
:1086380043EA020321FA04F001F0004121FA04F2AE
:1086480020EA020000EBD3705EEA430E08BF20EA7E
:10865800D37070BD94F0000F0FD101F000464000B8
:1086680041EB010111F4801F08BF013CF7D041EA3A
:10867800060195F0000F18BF704703F0004652003E
:1086880043EB030313F4801F08BF013DF7D043EA0F
:108698000603704794EA0C0F0CEA135518BF95EAC5
:1086A8000C0F0CD050EA410618BF52EA4306D1D14C
:1086B80081EA030101F000414FF0000070BD50EA6B
:1086C800410606BF1046194652EA430619D094EAF5
:1086D8000C0F02D150EA013613D195EA0C0F05D1DF
:1086E80052EA03361CBF104619460AD181EA030133
:1086F80001F0004141F0FE4141F470014FF00000EB
:1087080070BD41F0FE4141F4780170BD70B54FF085
:10871800FF0C4CF4E06C1CEA11541DBF1CEA135505
:1087280094EA0C0F95EA0C0F00F0A7F8A4EB0504E7
:1087380081EA030E52EA03354FEA013100F08880DE
:108748004FEA03334FF0805545EA131343EA1263A7
:108758004FEA022245EA111545EA10654FEA00265C
:108768000EF000419D4208BF964244F1FD0404F515
:10877800407402D25B084FEA3202B61A65EB030571
:108788005B084FEA32024FF480104FF4002CB6EB2E
:10879800020E75EB030E22BFB61A754640EA0C00AE
:1087A8005B084FEA3202B6EB020E75EB030E22BFEE
:1087B800B61A754640EA5C005B084FEA3202B6EB2F
:1087C800020E75EB030E22BFB61A754640EA9C00EE
:1087D8005B084FEA3202B6EB020E75EB030E22BFBE
:1087E800B61A754640EADC0055EA060E18D04FEA7C
:1087F800051545EA16754FEA06164FEAC30343EA1C
:1088080052734FEAC2025FEA1C1CC0D111F4801FE8
:108818000BD141EA00014FF000004FF0004CB6E7E1
:1088280011F4801F04BF01430020B4F1FD0C88BF80
:10883800BCF5E06F3FF6AFAEB5EB030C04BFB6EB8B
:10884800020C5FEA500C50F1000041EB045170BD7E
:108858000EF0004E4EEA113114EB5C04C2BFD4EBAB
:108868000C0541EA045170BD41F480114FF0000E2F
:10887800013C90E645EA060E8DE60CEA135594EAAB
:108888000C0F08BF95EA0C0F3FF43BAF94EA0C0FAE
:108898000AD150EA01347FF434AF95EA0C0F7FF423
:1088A80025AF104619462CE795EA0C0F06D152EA77
:1088B80003353FF4FDAE1046194622E750EA41065B
:1088C80018BF52EA43067FF4C5AE50EA41047FF46C
:1088D8000DAF52EA43057FF4EBAE12E74FF0FF3CD1
:1088E80006E000BF4FF0010C02E000BF4FF0010CA2
:1088F8004DF804CD4FEA410C7FEA6C5C4FEA430C1B
:1089080018BF7FEA6C5C1BD001B050EA410C0CBF69
:1089180052EA430C91EA030F02BF90EA020F0020CB
:10892800704710F1000F91EA030F58BF994208BF32
:1089380090422CBFD8176FEAE37040F001007047EF
:108948004FEA410C7FEA6C5C02D150EA013C07D146
:108958004FEA430C7FEA6C5CD6D152EA033CD3D091
:108968005DF8040B704700BF8446104662468C468B
:108978001946634600E000BF01B5FFF7B7FF0028BE
:1089880048BF10F1000F01BD4DF808EDFFF7F4FFE7
:108998000CBF012000205DF808FB00BF4DF808ED72
:1089A800FFF7EAFF34BF012000205DF808FB00BF95
:1089B8004DF808EDFFF7E0FF94BF012000205DF8B7
:1089C80008FB00BF4DF808EDFFF7CEFF94BF01206C
:1089D80000205DF808FB00BF4DF808EDFFF7C4FF65
:1089E80034BF012000205DF808FB00BF4FEA410CAE
:1089F8007FEA6C5C02D150EA013C0AD14FEA430C91
:108A08007FEA6C5C02D152EA033C02D14FF00000CD
:108A180070474FF0010070474FEA410212F500120B
:108A280015D211D56FF47873B3EB625212D94FEAAD
:108A3800C12343F0004343EA505311F0004F23FA97
:108A480002F018BF404270474FF00000704750EAEC
:108A5800013005D111F0004008BF6FF000407047A9
:108A68004FF00000704700BF4A0011D212F5001203
:108A780011D20DD56FF47873B3EB62520ED44FEA6E
:108A8800C12343F0004343EA505323FA02F07047EE
:108A98004FF00000704750EA013002D14FF0FF302C
:108AA80070474FF0000070474FEA4102B2F1E043CF
:108AB80024BFB3F5001CDCF1FE5C0DD901F0004CBD
:108AC8004FEAC0024CEA5070B2F1004F40EB83000D
:108AD80008BF20F00100704711F0804F21D113F139
:108AE8003872BCBF01F00040704741F480114FEA72
:108AF8005252C2F11802C2F1200C10FA0CF320FAFB
:108B080002F018BF40F001004FEAC1234FEAD32317
:108B180003FA0CFC40EA0C0023FA02F34FEA430381
:108B2800CCE77FEA625307D150EA01331EBF4FF00A
:108B3800FE4040F44000704701F0004040F0FE4025
:108B480040F40000704700BF7BB972B90029BEBF6E
:108B580000204FF0004106E008BF00281CBF6FF05E
:108B680000414FF0FF3000F075B8ADF1080C6DE929
:108B780004CE002909DB002B1ADB00F096F8DDF89B
:108B880004E0DDE9022304B07047404261EB410193
:108B9800002B1BDB00F089F8DDF804E0DDE9022397
:108BA80004B0404261EB4101524263EB430370471A
:108BB800524263EB430300F078F8DDF804E0DDE9A6
:108BC800022304B0404261EB41017047524263EB1B
:108BD800430300F06AF8DDF804E0DDE9022304B09D
:108BE800524263EB4303704753B94AB9002908BF9F
:108BF80000281CBF4FF0FF314FF0FF3000F02AB8BB
:108C0800ADF1080C6DE904CE00F04FF8DDF804E092
:108C1800DDE9022304B07047D0B500220B4B0646AD
:108C28000F46FFF749FCFFF71FFF0446FFF7CAFB93
:108C38000022074BFFF740FC02460B4630463946F8
:108C4800FFF782FAFFF710FF2146D0BD0000F03D84
:108C58000000F041704700BF10F8012B11F8013BEC
:108C6800012A28BF9A42F7D0D01A7047034613F852
:108C7800012B002AFBD1181A0138704738B5002299
:108C8800002304460D46FFF789FE28B920462946E9
:108C9800BDE83840FFF7C0BF204605F10041FFF7A7
:108CA800BBFF404261EB410138BD2DE9F0478646E4
:108CB8008C460846089E154674461946002B40F017
:108CC800C1808542B2FA82F245D94AB1C2F1200385
:108CD80000FA02FC954094402EFA03F343EA0C0C88
:108CE8004FEA154EA8B2230CBCFBFEF80EFB18CCBD
:108CF80008FB00F943EA0C43994528D9EB1808F119
:108D0800FF3704D2994502D9A8F102072B44A3EBF7
:108D18000903A4B2B3FBFEFC0EFB1C330CFB00F0F2
:108D280044EA0344A04214D92C190CF1FF3304D2AD
:108D3800A04202D9ACF102032C44241A43EA0740AA
:108D48001EB1D440002334607360BDE8F087474605
:108D5800DDE76346F1E792BB431B01214FEA154E5D
:108D6800AFB2200CB3FBFEFC0EFB1C330CFB07F868
:108D780040EA0343984561D9EB180CF1FF3004D25F
:108D8800984502D9ACF102002B44A3EB0803A4B226
:108D9800B3FBFEFC0EFB1C330CFB07F744EA034451
:108DA800A7424DD92C190CF1FF3304D2A74202D99E
:108DB800ACF102032C44E41B43EA0040C0E7C2F1D3
:108DC80020039540944020FA03F12EFA03F34FEA6A
:108DD800154E9040AFB20343B1FBFEFC0EFB1C10D6
:108DE800190C0CFB07F841EA0041884522D969189B
:108DF8000CF1FF3004D2884502D9ACF102002944B5
:108E0800A1EB08019BB2B1FBFEFC0EFB1C110CFB95
:108E180007F743EA01439F420ED9EB180CF1FF31E3
:108E280004D29F4202D9ACF102012B44DB1B41EA78
:108E3800004193E76046E3E76146F7E76046A4E749
:108E48006346B8E7834206D916B9002108467CE78D
:108E5800C6E900E0F9E7B3FA83F78FB9834201D393
:108E6800724508D8BEEB020460EB030301209C4660
:108E78001EB9002169E73846FAE7C6E9004CF8E769
:108E8800C7F1200CBB400EFA07F522FA0CF42EFAB3
:108E98000CF1BA401C4320FA0CF3B8404FEA1449CD
:108EA80001431FFA84FEB3FBF9F809FB18300B0CD9
:108EB80008FB0EFA43EA00439A4540D9E31808F143
:108EC800FF3004D29A4502D9A8F102002344A3EB4B
:108ED8000A0389B2B3FBF9F809FB183308FB0EFE45
:108EE80041EA03418E452CD9611808F1FF3304D2B9
:108EF8008E4502D9A8F10203214443EA0040A1EBC0
:108F08000E01A0FB02984145CE46434602D306D146
:108F18004D4504D20138B9EB020E68EB0403002E6C
:108F2800A7D0B5EB0E0261EB030101FA0CFC22FAA3
:108F380007F3F9404CEA0303C6E9003199E74046D4
:108F4800C5E74346D9E70000F8B50446824825F04E
:108F58009EFE38B10220814925F0A6FB4FF0FF356F
:108F68002846F8BD7E481DF0F9FC014610B17D4841
:108F780026F0C2FC002120460CF084FC054620B1F6
:108F88000021754825F086FEEAE7774925F08CFB35
:108F9800764C002094F822307549013BDBB2032B54
:108FA80096BF744A744A52F8232025F07DFB0020AE
:108FB800228C724925F078FB714F94F82A20714E63
:108FC8000020002A0CBF3A4632466F4925F06CFB58
:108FD80094F82230022B42D194F829200020002A4C
:108FE8000CBF3A463246694925F05EFB002094F9E9
:108FF8002820674925F058FB94F82330002BAFD080
:10900800013BDBB2032B96BF5A4A5B4A52F8232036
:109018000020604925F048FB0020E26A5E4925F0FF
:1090280043FB002022895D4925F03EFBD4E9042357
:1090380000205B4925F038FB94F837200020594977
:1090480025F032FB94F838200020574925F02CFBF6
:10905800002094F83920554925F026FB80E70020A8
:10906800E269534925F020FB0020E26A4A4925F0CD
:109078001BFB00202289494925F016FBD4E904236B
:109088000020474925F010FB94F82230042B01D02A
:10909800012B22D1002094F83420464925F004FB06
:1090A800002094F83520444925F0FEFA002094F871
:1090B8003620424925F0F8FA002094F9282034494E
:1090C80025F0F2FA94F829102D4A2E4B0020002999
:1090D80018BF1A462D4925F0E7FA94F82230033BC9
:1090E800012B3FF63DAF94F826204AB34FF434667F
:1090F8000020334925F0D8FA94F82620002072433E
:10910800304925F0D1FA94F826007043FFF76AF940
:109118000FA3D3E90023FFF7F9FA02460B46002014
:10912800294925F0C1FA94F924200020274925F07F
:10913800BBFA0020B4F86820254925F0B5FA7BE78A
:109148001046244925F0B0FAEDE700BFAFF30080E0
:10915800000000000020CC40600C0120C73404004F
:10916800695C0100A4170400E7340400480C0120DE
:1091780001350400AC430300B9340400233504006E
:10918800C1340400806D04004535040067350400CF
:1091980089350400AB350400CD350400EF350400F3
:1091A80011360400353604005736040079360400B9
:1091B8009B360400BD360400DF3604000137040086
:1091C800233704004537040067370400B437040028
:1091D800D63704008C3704002DE9F04F8246174635
:1091E8001C4600259FB00391387810B9284600F036
:1091F800A9BD252809D00399D0470028C0F2A28527
:109208007B1C01350593059FEEE71822002110A865
:1092180029F0C7F97B78252B00F0BC8000239846FD
:109228009E469C461846791C0E4611F8012B2B2A9F
:1092380000F0E38000F2DA80202A00F0E180232A9F
:1092480000F0E1802BB19DF8483043F040038DF8E1
:109258004830B8F1000F05D09DF8483043F020039E
:109268008DF84830BEF1000F05D09DF8483043F026
:1092780010038DF84830BCF1000F05D09DF8483038
:1092880043F008038DF8483028B19DF8483043F082
:1092980004038DF848309DF8483003F04401442910
:1092A80003D16FF386138DF848309DF848302A2A89
:1092B80043F080030E968DF8483040F0A9809DF861
:1092C800493043F001038DF84930731C1A782E2A6F
:1092D8000CBF012100219DF8492061F341028DF85E
:1092E80049200CD15A1C0E925A782A2A40F0A080A4
:1092F8009DF84920023342F004028DF849201A787B
:109308006C2A00F0C18000F2A380682A00F0A980CE
:109318006A2A00F0C2804C2A00F0C78013F8012B9B
:10932800782A05938DF84B2000F209816D2A00F206
:10933800C980692A00F20381572A00F2E280412A93
:1093480004D0A2F14503022B00F2F98004219DF814
:109358004A3002F0DF02A2F1410961F30203D9F1B8
:1093680000029DF8491042EB090262F3C7110A0690
:109378008DF84A308DF84910CBB200F11F8103F007
:109388007802182A40F009816FF3C6038DF8493036
:109398000023F8E08DF84B30BB1C05939DF849304D
:1093A8009DF84A20DE0702F0070040F1098154F8D1
:1093B800041B0029049108DA9DF8481041F00401C3
:1093C8008DF84810049949420491590740F10081E9
:1093D80054F8046B002E80F2FF809DF849306FF33B
:1093E80041038DF849304FF0FF36F5E02D2A0DD0B6
:1093F800302A7FF427AF012316E74FF0010C13E75B
:109408004FF0010E10E74FF001080DE701200BE7C0
:109418000EA811F0CDFE0E9BB3423FF457AF9DF856
:1094280048201390C00F60F341028DF848204DE7A3
:109438000EA811F0BDFE9DF848301490C3F3400209
:1094480042EAD07262F341038DF848300E9B56E72A
:10945800742A26D07A2A7FF461AF06219DF8492024
:109468000CE05A78682A9DF8492006D1012161F359
:10947800C6028DF84920023350E7022161F3C60283
:109488008DF84920013349E75A786C2A9DF849201C
:1094980001D10421EBE70321F0E705219DF84920DC
:1094A800ECE707219DF84920E8E7BDF8482022F4B9
:1094B800F04222F0020242F4804242F00202ADF889
:1094C8004820DFE76E3AD3B201229A4040F2824345
:1094D8001A429DF8493039D112F0240F61D1D107D1
:1094E8002DD503219DF84A2003F07803A3F1400805
:1094F80061F30202D8F100038DF84A2043EB080318
:1095080041E00120A2F15801C9B200FA01F111F4B9
:10951800624F7FF41BAF40F6010319429DF84930B2
:109528001AD111F4043F0AD09DF84A2060F30202D0
:1095380003F07803402B8DF84A207FF429AF9DF87B
:10954800483043F001038DF8483021E702219DF8A7
:109558004A2061F30202EBE702209DF84A1003F06B
:10956800780360F30201402B8DF84A1002BF9DF882
:10957800481041F001018DF84810632A7FF408AFC4
:10958800003B18BF01239DF84820C2F340010B435C
:1095980063F341028DF8482000E713F0380FCED16D
:1095A800F6E603219DF84A2013F0780F61F30202D2
:1095B80014BF012300238DF84A20E4E70123E2E7E2
:1095C8009DF948100029ACBF4FF0FF311399FBE615
:1095D8009E077FF508AF149E00230428CDE91333B6
:1095E8009DF8493007D1990705D49DF949100029FC
:1095F800ACBF06260D2602F00702012AC3F3C303F7
:1096080032D1DA1E042A04D8DFE802F020454520CA
:1096180020002268012B4FEAE271CDE910211BD10D
:109628009DF94020D117CDE9102104349DF8482038
:10963800069292074FD03A465046059B039926F06A
:10964800A4F90028C0F27E830544DCE554F8042B15
:10965800D117CDE91021E9E7022BE6D111B242F387
:10966800C032CDE91012E0E7022A24D1DA1E042A1A
:1096780004D8DFE802F0181010181800012B4FF07A
:10968800000154F8042B14D0022BCDE91021CDD1C0
:1096980092B21092CAE7073424F00704F4E80201F2
:1096A800CDE91001C2E754F8042B10920022119260
:1096B800BCE7D2B2CDE7042A08D1073424F0070466
:1096C800D4E900010834CDE91001AFE7032AADD190
:1096D80054F8042BDDE79DF84B80B8F1780F3FF67E
:1096E80092ADB8F1570F5CD8B8F1250F00F0A480FF
:1096F800B8F1240F7FF687ADB8F1410F04D0A8F177
:109708004503022B3FF67FADDDE91023002BC0F2A5
:109718004D810699080700F14C81C1F300194FEA01
:109728004919C3F30A51C3F31303002940F04481D4
:1097380052EA030014BF4FF0010C4FF0000CD8029E
:1097480040EA5250D702CDE90C70B8F1460F47EA0B
:10975800010740EAE17008BF4FF06608384300F09F
:10976800B781BCF1000F10D01B0343EA1253170353
:109778003A4618464FF0000C002880F25681BCF19A
:10978800000F40F05981CDE90C730D9BA1F2FE3B0F
:1097980043F000430D930021DDE90C230F4605201B
:1097A80060E1A8F15802202A3FF62DAD01A151F839
:1097B80022F000BF879900000F9200000F9200006E
:1097C8000F9200000F9200000F9200000F9200000D
:1097D8000F9200000F920000119700000F920000F6
:1097E8003399000047990000119700001197000075
:1097F800119700000F920000479900000F92000097
:109808000F9200000F9200000F9200008D99000047
:1098180087990000D79800000F9200000F9200006F
:10982800519800000F920000879900000F920000E5
:109838000F9200008799000040460399D0470028FE
:10984800C0F280820135DEE4002E109F3BDB3146FA
:10985800384629F00AF8002F3FF4D5AC4FF000093C
:109868003E18F31B9DF84A2012F01001069100F0F3
:109878005E82023312F04002DDF84C80089218BF75
:10988800149A434418BF9B18049ACDF81C80002AE8
:1098980040F36882D31A9DF8482004935007C2F316
:1098A800800B00F15F82510640F14F82B9F1000F41
:1098B80007D048460399D0470028C0F24382D946CA
:1098C8000135302242E23846FFF7D0F9C6E7109852
:1098D800002800F027820DF175030093002117ABD3
:1098E80012AA11F07BFC4FF000090746BDF84A3078
:1098F80003F0EF0343F4F04343F01003ADF84A30AC
:10990800002E0CDB9DF848200DF17503DB1B6FF36F
:1099180086129E428DF8482001D9F31A1393002F1E
:109928003FF471AC0DF175066DE0109B4FF0000926
:109938008DF85C300DF15D06012317AF92E7069BA9
:109948001F0754BFC3F300194FF02B09DDE910239B
:1099580058BF4FEA4919002B06DA4FF02D09524239
:1099680063EB4303CDE91023DDE910010DF1750325
:10997800009312AA17AB11F031FC0746C0E74FF06D
:109988000009F1E7109A072B3FF63DACDFE803F03A
:109998000C04060C08080C0C157034E4158032E42D
:1099A800EB17C2E900532EE415602CE44FF02D09A3
:1099B800B7E64FF02B09B4E640F2FF70814231D18F
:1099C800A34908F101085FFA88F811F80810134351
:1099D80001F003011ED101290BBF492369234E2140
:1099E8006E210CBF462266228DF85C309DF8483007
:1099F8008DF85D106FF386138DF85E208DF8483072
:109A08000DF15F0617AFF31BB9F1000F3FF42AAF52
:109A1800013327E7012915BF6E234E236121412118
:109A28001A46E1E74FF0000C89E692184FF0010C56
:109A380001F1FF3140419FE6CDE90C20A5E652082F
:109A480042EAC3725B08B3F1333F59460BF1010B8D
:109A5800F5D201F1020B012100FB03FCA2FB00235C
:109A6800013F63441BF1020FE9DB09B1CDE90C2387
:109A7800DDE90C32BBF1000F2DDCCBF10401A1F1C3
:109A880020000BF11C0B02FA0BFB22FA00F0CA4073
:109A9800CB40079208F0DF0243EA0B03472A43EA68
:109AA80000037BD1F91C01DBBE422ADAA8F10208C7
:109AB800002E5FFA88F87ADD9DF84820013E92066C
:109AC80075D4B6F1000B18BF4FF0010B721C26E0DD
:109AD8004FF0000B5FE6023342F100020CA80BF1D5
:109AE800FF3B0137CDE90C3225F020FFDDE90C32D0
:109AF800DB185241002A0BF1FF3BF9DACDE90C32B1
:109B0800B6E79DF84820F61B90064DD4B6F1000B39
:109B180018BF4FF0010BF2194FF066084AD4102A0B
:109B2800A8BF10229FED487B10208DED0E7B0B9077
:109B3800DDE90E01002A3FD1079A1B1842EB01010B
:109B4800B1F1805F47D2CDE90C31069BB8F1660FC1
:109B580003F0200240F0C680002F47DC30238DF848
:109B68005C30002A76D1002E40F3BD812E238DF87B
:109B78005D3087B17B42B342A8BF3346002B1393B5
:109B8800A6EB0306D4BF002301239DF84A2063F304
:109B980045128DF84A200DF15E0340E0B8F1660FDA
:109BA8004FF0000BB7D091E74FF0000BB3E74FF041
:109BB800000B8BE70022B5E7400840EAC17049086E
:109BC800CDE90E010EA8CDE9082325F0AFFE089ACD
:109BD800099B013AACE75B0843EAC1730CA8490842
:109BE800CDE90C31013725F0A1FEAEE717AB0B9993
:109BF80000290BDD0BA90CA8CDE9063225F0AEFE35
:109C0800069B013F079A03F8010BF0D11397AAB9F5
:109C1800002E40F366812E2103F8011B0027002E39
:109C280021DD0B9A002A1EDD0BA90CA8069325F04E
:109C380095FE069B013E03F8010BF0E72E2203F880
:109C4800012BEBE7AFF300800000000000000008E4
:109C580009D404002E238DF85D30002F9BD0002EF0
:109C680088DC0DF15E03BBF1000F4FD114961E4640
:109C780008F0DF03452B24D1002FBABF7F422D23E4
:109C88002B23632FC8BF64227370C4BFB7FBF2F3E2
:109C980002FB13774FF00A02C8BF03F13001B7FB8C
:109CA800F2F3C8BFB17003F1300102FB137386F8F9
:109CB800008003F13003D4BF02360336317073706D
:109CC8000236139B002B2BDC149B002BD4BF0023E4
:109CD80001239DF84A2063F3861200238DF84A2059
:109CE80033708FE60BA90CA8069225F037FE069A6A
:109CF80030288DF85C0018BF07F1FF3712B9002E25
:109D080040F3F1802E238DF85D3044E71E4616F8A7
:109D1800012C013B302AF9D02E2A08BF1E46A7E79E
:109D28000123D6E7714E81460523771F9AE511076F
:109D380048BF01339EE5104609920399D047002891
:109D4800099A05DA1FB0BDE8F08F2022DDF810B0BF
:109D5800594600290BF1FF3BEDDC049BCDF810B010
:109D68002B445D1AB9F1000F05D048460399D04736
:109D78000028E7DB0135089B002B77D09DF9493097
:109D8800002B28DB3B46DFF8689118789B4619F8CA
:109D98000020013352073FD49DF84A30EF1B980644
:109DA8005F4407D44246002A08F1FF383BDC079B92
:109DB8003B449F1A9BF800002E280AD10399D047EC
:109DC8000028BFDBB8F1000F07F1010731DC0BF108
:109DD800010B5D4638E0B94699F80000C84670287E
:109DE80009F1010913D1EF1B149D47443D44EB1BB6
:109DF800002B33DC334642465046039925F0C5FD17
:109E080000289FDB3844049E0546064464E0039915
:109E1800D0470028E0DA95E706930399D047002851
:109E2800069BB2DA8EE730200399D0470028B9DACA
:109E380088E730200399D04708F1FF38C0E7039935
:109E4800D0470028FFF67EAF2878A84619F80030DA
:109E580001355907F3D4A7EB0B07C5E73020039961
:109E6800D0470028FFF66EAF0137C0E79DF84A30AB
:109E7800DA0601D41B0706D530200399D0470028FD
:109E8800FFF660AF0135069B3BB103999DF84B0087
:109E9800D0470028FFF656AF0135A84406E0302029
:109EA8000399D0470028FFF64DAF0135A8EB05030D
:109EB800002BF4DC33463A465046039925F065FDFD
:109EC8000028FFF63FAF28449DE720200399D0479C
:109ED8000028FFF637AF0135731B002BF5DCFFF7C1
:109EE80092B91746BFE60DF15D03BCE6448A04004B
:109EF8000AD40400000000002DE9F04706460F468A
:109F0800904688B028F053FA4FF47A73A0FB0345C3
:109F180003FB0155E40B012F44EA45444FEAD535CC
:109F280007D122462B463046274926F07AFD0020E5
:109F380012E0D8F8047025483946FEF78DFE70B156
:109F480039462348FEF788FE48B130463A4621494B
:109F580026F083FD6FF0040008B0BDE8F0872046C6
:109F680017A3D3E900232946FEF7EEFD05460C4664
:109F780010461946184A0023FEF7E6FD80460F46AC
:109F8800104619464EF660220023FEF7DDFD824694
:109F98008946104619464FF47A720023FEF7D4FD1D
:109FA800CDE902A9CDE90623CDE904012A462346D5
:109FB8003046CDE90087094926F033FDB7E700BFF1
:109FC800005C2605000000005B9104006C91040011
:109FD8006F9104007891040080EE3600909104009F
:109FE8002DE9F04F1F469DB000230C4682460F9284
:109FF80018934FF00008984B4FF000091D68284649
:10A00800FEF734FE22468346179213782B2B3BD05B
:10A018002CD80D2B26D8082B26D8002B2FD0002380
:10A028000D93179E3378302B74D1737803F0DF03C8
:10A03800582B65D10D9B17A9884A5046019318AB38
:10A048000297009319AB22F04DFF10F00705044664
:10A0580035D0062D1AD10F9B0BB101361E60424632
:10A068004B4637E0202BDAD10132CDE72D2BD6D164
:10A0780001230D93531C17935378002BD1D10F9BB9
:10A08800002BECD01C60EAE70023F2E7189A3AB1FB
:10A0980035211AA828F097FF1899504623F0E2F9BD
:10A0A800013D199A042D06D8DFE805F01903222589
:10A0B8001900DDE91A89210701D549F000490F9BEC
:10A0C80013B1179B0F9A13600D9B002BC7D0424604
:10A0D80009F1004343EC102B1DB0BDE8F08FDDE91A
:10A0E8001A8302F2334223F4801343EA0259E2E767
:10A0F800DFF86C91DFE76FF000494FF0FF38DAE7DF
:10A10800179B5A1C17925B78302BF9D0002BD6D0AE
:10A11800012300E00023002704930A22179BCDE9BE
:10A1280005770A9317980678A6F13003D9B209295A
:10A1380024D95A46294628F073FB00282DD0002040
:10A148003246059D83460346652A01D0452A13D128
:10A158001DB9049A024392D00025179C621C1792DD
:10A1680062782B2A6ED02D2A72D04FF0000CA2F103
:10A17800300109297AD91794002699E00599013008
:10A1880008291790D7BF069902FB073702FB01334E
:10A198000693059B01330593C4E7179B03EB0B025A
:10A1A800179213F80B20059BA3B383461D46A2F113
:10A1B8003003092B12D90123C6E7179B01305A1C1B
:10A1C80017925A78302AF8D0A2F13103082B00F2FE
:10A1D800EF8483460020179B05460A93303A00F126
:10A1E800010311D09B4400EB050C2B460A21634563
:10A1F80012D12B180135082B054419DC06990A23BE
:10A2080003FB012306930023179A1846511C179144
:10A218005278CCE70598D5E7082B03F1010303DC56
:10A22800069E4E430696E2E7102BD8BF4F43DEE763
:10A238000F2BDCBF0A2303FB0727E4E74FF0000BD3
:10A24800012386E74FF0000CA21C1792A2788EE734
:10A258004FF0010CF8E700BF404D0300CC4C030061
:10A268000000F07F179A511C17915278302AF9D0C4
:10A27800A2F1310108293FF67FAF303A0792179AC9
:10A288000C92179A561C17965278A2F1300EBEF10E
:10A29800090F38D90C99761A082E44F61F6603DC84
:10A2A80007998E42A8BF0E46BCF1000F00D0764237
:10A2B800002D4FD1049908437FF401AF002B7FF4A0
:10A2C800DEAE692A29D026DC492A26D04E2A7FF418
:10A2D800D6AE9B4917A828F0F4FC00283FF4CFAE6F
:10A2E800179B1B78282B2FD11AAA964917A828F054
:10A2F800FCFC052828D11B9BDDF8688043F0FF494A
:10A3080049F4E009DBE6079E0A2101FB0621A1F1D9
:10A3180030020792B5E76E2AD9E78B4917A828F0CB
:10A32800D0FC00283FF4ABAE179B17A88749013B28
:10A33800179328F0C6FC10B9179B01331793DFF861
:10A348001C924FF00008BAE6814801F079FA59ECFE
:10A35800108BB4E6A6EB0B0306982C460C93059BD2
:10A36800002B08BF2B46102D0593A8BF1024FEF71D
:10A3780029F8092D8046894613DC0C9B002B3FF4F5
:10A388009EAE0C9B78DD162B45DC7249424601EBEC
:10A39800C3014B46D1E90001FEF78EF88046894695
:10A3A8008DE66C4B03EBC40353E91223FEF784F8E4
:10A3B800804689463846FEF705F802460B46404671
:10A3C8004946FDF7C3FE0F2D80468946D5DD2C1B77
:10A3D8000C9B1C44002C25DC00F0A280644214F085
:10A3E8000F020AD05B4B4046494603EBC203D3E950
:10A3F8000023FEF78BF980468946241100F09080EF
:10A408001F2C40F3B18022234FF000084FF00009C1
:10A41800CAF8003053E6C5F125030C9A934219DABD
:10A428002C1B144414F00F030AD04A49424601EB8E
:10A43800C3014B46D1E90001FEF73EF88046894644
:10A4480034F00F046CD0B4F59A7F41DD2223CAF8AA
:10A45800003074E7C5F10F053E4C42464B4604EB0D
:10A46800C501D1E90001FEF727F80C9B5D1B04EB41
:10A47800C504D4E900238FE71633A8DBABEB06024B
:10A48800344B4046494603EBC203D3E90023FEF7A9
:10A498003DF983E7002306932223DFF8C0904FF0AD
:10A4A8000008CAF800301899504622F0DBFF0699D8
:10A4B800504622F0D7FF0599504622F0D3FF109955
:10A4C800504622F0CFFF0799504622F0CBFFF6E521
:10A4D80000232411404649461F4F0493012C22DCD7
:10A4E8000BB180468946049BA9F154791A49424622
:10A4F80001EBC3014B46D1E90001FDF7DDFF174B26
:10A508000A4680460B4016498B429FD8A1F5801118
:10A518008B4286BFDFF84C904FF0FF3802F1547938
:10A52800002304934BE0E20704D5D7E90023FDF7A5
:10A53800C3FF0123049A6410083701320492CDE75F
:10A54800FF580400B84C03007290040040D5040082
:10A558006FCA0400C0410300984103000000F07F67
:10A568000000A07CFFFFEF7F14F01003404649462F
:10A57800AA4F18BF6A2304930023E20704D5D7E93A
:10A588000023FDF799FF0123641007F10807F4D1B0
:10A598000BB180468946049B43B1C9F30A52494628
:10A5A800C2F16B03002B4EDC6A23049300220023C4
:10A5B80040464946FEF7E8F900287FF424AF069B99
:10A5C8005046059A00932B460A9922F0B5FF109041
:10A5D80000283FF43BAF0C9BABEB060B002BB4BF42
:10A5E8005B46002311930C9B23EAE3731393002328
:10A5F80007930593109B5046596822F0F3FE069086
:10A6080000283FF449AF109B0C301A6903F10C0184
:10A618000232920027F09EFF1AAA19A9504649EC67
:10A62800108BCDE90A8923F063FA189000283FF4CB
:10A6380033AF0121504622F0C9FF03460590D0B937
:10A648000023059328E71F2B0EDD342B4FF000085D
:10A65800DBBF4FF0FF33C2F14B024FF05C79934000
:10A66800D8BF03EA01099FE74FF0FF3202FA03F36C
:10A6780003EA080898E7199C1A9A002CA9BF119BAD
:10A68800139BE718139EB8BF1E1B049BB8BF119FEE
:10A69800E41A634B1444C2F13602013C9C4280F236
:10A6A800B0801B1B01251F2BA2EB0302CDBFC4F1F9
:10A6B8007F449D40002404F57F04C2BF04F57B4419
:10A6C800E23405FA04F407EB020B049B16445F45D9
:10A6D8001E443B46A8BF5B46B342A8BF3346002B87
:10A6E800C2BFABEB030BF61AFF1A119B002B16DD4A
:10A6F8001A460599504623F029F8059000289FD05E
:10A708000146189A504622F077FF0E9000283FF431
:10A71800C3AE1899504622F0A5FE0E9B1893BBF1C4
:10A72800000F71DC0C9B002B08DD139A504606992C
:10A7380023F00CF8069000283FF4ACAE002E08DD9C
:10A7480032460699504623F05BF8069000283FF4FD
:10A75800A1AE002F08DD3A460599504623F050F87F
:10A76800059000283FF498AE069A5046189923F0B1
:10A77800B3F8079000283FF48FAEC36805990E938D
:10A788000023C36028F0D2FB00284BDA0E9B53EA63
:10A79800080340F0BC80C9F31303002B40F0B780D6
:10A7A80029F000431B0D1B05B3F1D66F40F2AF80B3
:10A7B800079B5B6923B9079B1B69012B40F3A780A3
:10A7C80001220799504623F01BF80599079028F0B5
:10A7D800ADFB002840F39B8029F00043049A1B0D31
:10A7E8001B05002A79D0B3F1D66F6DD8B3F15C7F21
:10A7F80046D84FF000084FF000092223CAF800306D
:10A8080051E6002401255EE75A461899504622F081
:10A81800F7FF1890002885D13EE600BF704103007D
:10A8280002FCFFFFCB4640F0A3800E9AC9F3130346
:10A83800002A40D09C4A934258D1049B42467BB997
:10A84800B8F1FF3F40F08980984B99453FF424AE1A
:10A85800974BDDF8108009EA030303F5801922E617
:10A86800934B09EA0303B3F1D46F16D918F1010128
:10A878001BD18E4A91453FF40FAE03F580198046EF
:10A888008C4B404649460022FDF716FE0B46804693
:10A89800894603437FF407AEAFE71E0D4FF0FF3143
:10A8A800C6F16B06B1408845E7D0002C5ED014EAAB
:10A8B8000B0FE5D01EE0002B4AD1B8F1000F8BD06A
:10A8C80064B314EA0B0F2BE0A3F580134FF0FF38A5
:10A8D8006FEA13596FEA0959D2E7A3F580134FF0CD
:10A8E800FF386FEA13596FEA0959DCE59CB114EA9D
:10A8F800090F0CD040464946049A27F0D8FFDDE9F5
:10A908000A0153EC102BFDF721FC80468946049B75
:10A91800002BB5D1C7E515EA080FEAE718EA050FD5
:10A92800F5D0049A4046494627F0C1FFDDE90A01FF
:10A9380053EC102BFDF708FC0022002304460D46BB
:10A94800FEF722F800287FF454AFA046A946DEE7B8
:10A95800002CB6D115EA080FE2E724B114EA090F72
:10A968003FF4A1ADC6E718EA050FF9E72A42A0E7C8
:10A978000599079828F0F5FA00224FF0804355EC26
:10A98800104B20462946FEF713F800286DD00E9B81
:10A99800002B78D1B8F1000F56D1C9F31303002B5F
:10A9A80059D10022444B20462946FDF7F7FF0028DD
:10A9B80058D1204629460022404BFDF77DFD04462C
:10A9C8000D4605F1004308940993394B0BEA03033C
:10A9D8001293129A3A4B9A42DDE9086740F0A9802F
:10A9E800ABF1547949EC108B23F00EF8DDE908231C
:10A9F80051EC100BFDF760FD42464B46FDF7A6FBF8
:10AA08000B462B4980462F4A194091425CD90B9A34
:10AA1800264B9A4203D10A9B01333FF43DADDFF840
:10AA28008C904FF0FF381899504622F01BFD06997C
:10AA3800504622F017FD0599504622F013FD07995C
:10AA4800504622F00FFDD5E5B8F1010F03D1B9F159
:10AA5800000F3FF4CEAE0024174D9FED0F7B8DED18
:10AA6800087BB2E70024154DABE7144B2046294676
:10AA78000022FDF721FD0E9B04460D46002BA0D0B9
:10AA8800CDE90845A1E79FED067B55EC174B8DED09
:10AA9800087B9AE7AFF30080000000000000F0BFD9
:10AAA800000000000000F03FFFFF0F00FFFFEF7FF6
:10AAB8000000F07F000050390000F03F0000E03F48
:10AAC8000000E07FFFFF9F7C03F15479049B4E4612
:10AAD800002BA8D129F00043129A1B0D1B059A429E
:10AAE800A1D120462946FEF7C9F8C9F31306FDF798
:10AAF800B5FC0B4602462946204646EA0806FDF7FD
:10AB080023FB0E9B04460D461E434BD02EA3D3E9D0
:10AB18000023FDF743FF00287FF4C5AC20462946F3
:10AB28002BA3D3E90023FDF757FF00283FF47BAFA1
:10AB3800B9E4049B13B3129BB3F1D46F1ED820461B
:10AB4800294625A3D3E90023FDF732FF90B1294612
:10AB58002046FDF789FF012838BF0120FDF732FCA8
:10AB68000E9B04460D46D3B901F10043149015938A
:10AB7800DDE9146707F1D663129A9F1A9DED0A0B57
:10AB880022F042FF3046394653EC102BFDF794FC77
:10AB9800DDE90A23FDF7DAFA8046894696E7CDE92A
:10ABA8001445E5E70EA3D3E90023FDF7F7FEBCE75C
:10ABB800652A3FF443AB452A3FF440AB0123FFF736
:10ABC80079BB00BFAFF300809535A094FFFFDF3F4E
:10ABD80035E5AF350000E03F0000C0FFFFFFDF4173
:10ABE8009535A094FFFFCF3F2DE9F04F476A97B006
:10ABF8008346209E08910C92129355EC104B8DEDD4
:10AC0800000B7FB9102020F0CFFE0246CBF82400BD
:10AC180020B9A74BEA21A74823F0CCFCC0E901776B
:10AC28000760C760DBF82430196859B15A680123F6
:10AC3800584693404A608B6022F014FCDBF82430BD
:10AC480000221A602B1EB7BF23F000430023012205
:10AC58000193A8BF3360019F974BB8BF3260BB43D5
:10AC680019D142F20F73129A1360C7F313032343E7
:10AC780000F0DB85219B53B9904B21E0904B039367
:10AC88000833219A1360039817B0BDE8F08F8B4BF7
:10AC980003930333F5E79DED007B0022002351EC7D
:10ACA800170B8DED0A7BFDF76FFE804650B101232F
:10ACB800129A1360219B13B1824B219A1360824B25
:10ACC8000393E0E7C7F30A5614AA15A958469DED61
:10ACD8000A0B22F00DFF0290002E76D00B9BA6F2F5
:10ACE800FF36CDF84C80C3F3130343F07F53DDE9FF
:10ACF8000A0143F4401319460022744BFDF724FA65
:10AD080065A3D3E90023FDF7D7FB65A3D3E90023A7
:10AD1800FDF71CFA04460D463046FDF763FB62A3B7
:10AD2800D3E90023FDF7C8FB02460B462046294617
:10AD3800FDF70CFA04460D46FDF76EFE00220746A5
:10AD4800002320462946FDF729FE40B13846FDF785
:10AD580049FB22462B46FDF717FE00B9013F162F87
:10AD680052D85B4B03EBC703DDE90A01D3E90023A3
:10AD7800FDF714FE002849D0013F00231193149BCE
:10AD88009B1B5A1E4CBFC3F101030023079245BF0A
:10AD98000693002306930793002F39DB079B109730
:10ADA8003B44079300230993089B092B66D8052B7E
:10ADB800C5BF043B002401240893089B023B032BD6
:10ADC80067D8DFE803F02D3A3859DDE914631E44EB
:10ADD80006F23243202BC9BFC3F14003C3F120035D
:10ADE8009F4006F21243D8BF04FA03F006F1FF367B
:10ADF800C4BF24FA03F347EA0300FDF7E3FA01228C
:10AE0800A1F1F873139276E70123B7E71190B6E73B
:10AE1800069BDB1B06937B42099300231093C3E731
:10AE280000230D930C9B002B56DC012399461A46F0
:10AE380004930C920CE00123F3E700230D930C9B81
:10AE4800FB1803F1010904934B46012BB8BF0123FA
:10AE5800DBF824000021042202F114059D423FD9A9
:10AE68004160584622F0BEFA039000283BD1194BA6
:10AE780002464FF4D571CEE60123DFE70124002313
:10AE88000D9408934FF0FF33002299460493122340
:10AE9800CFE701230D93F5E761436F63A787D23F9F
:10AEA800B3C8608B288AC63FFB799F501344D33FB1
:10AEB8004AD5040061D504000000F07F46D504009F
:10AEC8003DD5040029C8040028C804000000F83F44
:10AED800C0410300BDD504000C9B99460493B7E715
:10AEE80001315200B8E7DBF82430B9F10E0F039AAC
:10AEF8001A606FD8002C6DD0002F36DD07F00F02D6
:10AF0800A04BF8054FEA271403EBC20393ED007B2F
:10AF18008DED0E7B17D59C4B04F00F044FF0030802
:10AF2800D3E90823DDE90A01FDF7F0FBCDE90001CB
:10AF3800954D5CB9DDE90E23DDE90001FDF7E6FB7F
:10AF4800CDE900012BE04FF00208F1E7E10709D550
:10AF580008F10108DDE90E01D5E90023FDF7ACFA97
:10AF6800CDE90E0164100835E3E700F007817C4263
:10AF7800844B854D4FF0020804F00F02241103EBB7
:10AF8800C203DDE90A01D3E90023FDF795FA00239E
:10AF9800CDE90001002C40F0E580002BD0D1119BB9
:10AFA800DDE90045002B00F04C810022774B20465C
:10AFB8002946FDF7F3FC002800F04381B9F1000FA2
:10AFC80000F03F81049B002B00F3E480DDE90A34A4
:10AFD800CDE90034159B002B02DB0E2F40F3428293
:10AFE8000D9A002A40F06782099C0025DDF8188038
:10AFF800B8F1000F0DD0079B002B0ADD4345069AD8
:10B00800A8BF4346D21AA8EB03080692079AD31A98
:10B018000793099B0BB30D9B002B00F0A682002C15
:10B0280000F0A18229462246584622F08FFB029A58
:10B0380001460546584622F0DFFA02990646584668
:10B0480022F010FA099B1B1B099300F09182099AC0
:10B058003146584622F07AFB02900121584622F0E8
:10B06800B5FA109B0446002B00F084821A4601466C
:10B07800584622F06BFB089B0446012B03DC009B1F
:10B08800002B00F07C820026236904EB83031869F7
:10B0980027F0FDFEC0F120001096079B184410F021
:10B0A8001F0000F09182C0F12003042B40F381823D
:10B0B800C0F11C00069B034480440693079B03448D
:10B0C8000793069B002B05DD1A460299584622F085
:10B0D80097FB0290079B002B05DD21461A46584630
:10B0E80022F08EFB0446119B002B00F0768221464D
:10B0F800029827F01BFF002880F26F8200230A22A3
:10B108000299584622F0D0F90D9B7E1E0290002B22
:10B1180000F05C82002329460A22584622F0C4F92E
:10B12800049B0546002B03DC089B022B00F35E8280
:10B13800B8F1000F05DD29464246584622F060FB6B
:10B148000546109B002B00F0D0826968584622F013
:10B1580049F90746002840F07F820D4B024640F22D
:10B16800EA2158E5E20706D508F10108D5E90023E8
:10B17800FDF7A2F90123641008350BE74FF0020828
:10B188000DE700BFC0410300984103000000F03FF5
:10B19800BDD5040020460022AC4B2946FDF78CF9AA
:10B1A8007E1E08F10108049CCDE900014046FDF728
:10B1B80019F9DDE90023FDF77FF9A54B0022FCF71B
:10B1C800C5FFA1F15073CDE90E010F93002C3BD1BF
:10B1D8000022A04BDDE90001FCF7B6FF02460B4652
:10B1E800CDE90023DDE90E23FDF7F6FB002840F04A
:10B1F8005781DDE90E2101F10043DDE90001FDF78A
:10B20800CDFB00283FF4E2AE002425460C9BDDF878
:10B218000CA0DE434FF000082146584622F022F9E0
:10B22800002D00F0A980B8F1000F05D0A84503D083
:10B238004146584622F016F92946584622F012F996
:10B248009AE03E464C46B1E7834B03EBC40353E90F
:10B258000201039B1C440D9B002B4AD002460B465F
:10B2680000207E49FDF752FADDE90E23FCF76CFF5A
:10B27800DDF80CA0CDE90E01DDE90001FDF7CCFBFE
:10B288000546FDF7AFF8024630350B46DDE900010B
:10B29800FCF75AFF0AF8015B02460B46CDE90001AC
:10B2A800DDE90E01FDF798FB002865D100206C4907
:10B2B800DDE90023FCF748FF02460B46DDE90E01F5
:10B2C800FDF78AFB002840F00D81A24500F0EA80D6
:10B2D80000225E4BDDE90E01FDF7EEF800225B4B24
:10B2E800CDE90E01DDE90001FDF7E6F8CDE9000141
:10B2F800C2E7DDE90E23FDF7DFF8A046DDF80CA074
:10B30800CDE90E01DDE90001FDF786FB0546FDF7F5
:10B3180069F8024630350B46DDE90001FCF714FFF9
:10B328000AF8015B02460B46A245CDE900234FF01F
:10B33800000223D1494BDDE90E01FCF707FF024665
:10B348000B46DDE90001FDF747FB002840F0CA8005
:10B3580000204249DDE90E23FCF7F6FE02460B46C3
:10B36800DDE90001FDF71AFB70B1C24608F1FF38AC
:10B378001AF8013C302BF8D0374655E0334BFDF72F
:10B388009BF8CDE90001BDE7DDE90A34CDE90034D9
:10B39800159B002BFFF628AE0E2F3FF725AE2E4B40
:10B3A80003EBC70393ED007B0C9B002B8DED047B17
:10B3B80002DAB9F1000F64D0DDF80CA0DDE9004530
:10B3C800DDE9042320462946FDF7A0F9FDF724FB13
:10B3D8000646FDF707F8DDE90423FDF76DF8024698
:10B3E800204606F130040B462946FCF7ADFE0AF864
:10B3F800014B039C02460B46AAEB0404A14540F00E
:10B408008280FCF7A3FE04460D46DDE90423FDF720
:10B41800E3FA002865D120462946DDE90423FDF733
:10B42800B3FA08B1F3075CD40299584622F01AF827
:10B43800002301378AF80030129B1F60219B002BE4
:10B448003FF421ACC3F800A01DE400BF0000244075
:10B4580000001C4000001440C04103000000E03F11
:10B468000000F03FA24B03EBC70393ED007B0C9B5E
:10B47800002B8DED047B9FDAB9F1000F9CDC7FF483
:10B48800C3AE00229B4BDDE90401FDF715F8DDE9A9
:10B498000023FDF797FA044600287FF4B5AE3E4630
:10B4A8002546B4E0DDE90A34CDE90034159B002BCC
:10B4B80001DB0E2FD6DD089A012A36DC139A82B3F7
:10B4C80003F23343099CDDF81880069A0121584697
:10B4D8001A440692079A1A44079222F077F805460A
:10B4E80086E53E4653469A4613F8012D392A06D179
:10B4F800039A9A42F7D13022039901360A701A78D2
:10B5080001321A7038E700227B4BFCF7D5FF002286
:10B51800002304460D46FDF737FA00283FF450AFE4
:10B5280082E7149BC3F13603CCE709F1FF34099B8A
:10B53800A34208DBB9F1000FA3EB04040EDBDDF82E
:10B5480018804B46C1E7099B109AE31A0994DDF865
:10B55800188000241A444B461092B6E7069BA3EBCA
:10B5680009080023B1E7029E71E5099A029970E57E
:10B57800029672E5089B012B17DC009BABB9019B77
:10B58800C3F313039BB9019B23F00046360D360520
:10B5980036B1069B012601330693079B01330793B7
:10B5A800109B002B7FF470AD1096012075E50026E6
:10B5B800F6E73FF486AD1C33069A1A44984406927F
:10B5C800079A1A4407927CE50346F4E7049B002B8C
:10B5D8002BDC089B022B09DC27E0B9F1000F1DDCEE
:10B5E800089B022B1ADD3E46CDF81090049B002BD9
:10B5F8007FF40CAE21460522584621F055FF01463E
:10B608000446029827F092FC00287FF7FFADDDF88A
:10B618000CA0312301360AF8013BFBE50D9B3E46A1
:10B62800CDF81090002B7FF483AD039F214602983C
:10B6380027F08AF9039B00F13009049A07F8019B67
:10B64800FB1A9A4240F3CB8000230A2202995846FB
:10B6580021F02AFF0290E9E72A6905F10C010C3074
:10B668000232920026F076FF01223946584622F02F
:10B67800C7F8039BA846054603F1010ADDE9032341
:10B6880013440793009B03F0010309930AF1FF3366
:10B6980021460298049327F057F94146069000F195
:10B6A8003009029827F042FC2A46214607465846A8
:10B6B80022F012F9C268014602B3584621F0D2FEC0
:10B6C800002F3ADA01220299584622F099F82146C9
:10B6D800029027F02BFC002803DC29D119F0010F78
:10B6E80026D0B9F1390F1DD132E02846C1E700BF95
:10B6F800C041030000001440000024400A90029852
:10B7080027F014FC0A990C90584621F0ABFE0C9ACD
:10B718005ABB089B53B9099B43B9B9F1390F17D0E4
:10B72800002F05DD069B03F1310901E0002F2ADA1D
:10B73800DDF810A00AF8019B6EE5089B3B4304D195
:10B74800009B03F00103002BBCD0B9F1390F36D1AF
:10B75800049F392307F8013BBA46013F1AF8013C18
:10B76800392B5AD001333B7056E5002F06DB089B76
:10B778003B4306D1009B03F0010313B9002AA1DC67
:10B78800D6E7002AE1DC079B57460AF8019C534597
:10B798002ED000230A220299584621F085FEA8459A
:10B7A80002904FF000034FF00A02414658460BD171
:10B7B80021F07AFE804605460AF1010A66E7DDF8BF
:10B7C80010A009F10109B5E721F06EFE294680466F
:10B7D80000230A22584621F067FE0546ECE7049B41
:10B7E8004FF00008002BCCBF1F460127039B1F44C6
:10B7F80001220299584622F003F82146029027F0C8
:10B8080095FB0028A8DC02D119F0010FA4D1BA4693
:10B8180017F8013D302BFAD0FEE4039BBB429BD1C5
:10B828003123039A01361370F6E4219B002B7FF431
:10B8380025AA014BFFF744BA3DD5040000000000DB
:10B848009FED010B704700BF000000000000F87F6B
:10B8580008B501684B1E142B96BF0A4A0A4A52F8CB
:10B8680023204368094824F047F809497023094A06
:10B87800094824F0B2F8094824F0AFF870210548C7
:10B8880024F0A2F8884203007A4E0300894E030090
:10B8980028C80400B24E0300CE4E0300EB4E03004E
:10B8A80070B5A2B013F0A8FC404E306060B94049B2
:10B8B800AB23404A404824F090F8404824F08DF8E3
:10B8C800AB213C4824F080F83D4B02ACD3F800543F
:10B8D800C3F80054002315F0010F8DF8083003D089
:10B8E8002046384926F078FFAA0703D5204636496E
:10B8F80026F072FF6B0703D52046344926F06CFF0B
:10B90800E80603D52046324926F066FFE90303D549
:10B918002046304926F060FFAA0303D520462E4969
:10B9280026F05AFF6B0303D520462C4926F054FF16
:10B938002046FDF79BF908BB2046294926F068FFF9
:10B948002146284823F0D8FF0023CDE90333264BAE
:10B9580026494FF4805226480293009405231DF08F
:10B96800D9FA18F0A1F8014680B1224823F0C4FFA3
:10B97800214823F0C1FF002022B070BD00F18803E8
:10B988000DEB0300002300F8833CD9E70EF0A6FC7A
:10B9980018F0BCFC014610B1184823F0ADFF184957
:10B9A800306814F0FFFC00F083F9E4E75830012018
:10B9B800214F0300B24E0300CE4E03003B4F03005D
:10B9C80000500040594F0300664F0300724F0300B8
:10B9D8008B4F0300A54F0300B14F0300BF4F030077
:10B9E800D64F0300E54F0300F84F0300C85A012063
:10B9F800F0EB00200A5003003650030043500300C8
:10BA08006550030010B58EB01E4801A923F0FAFE58
:10BA1800044630B3024602201B4922F045FE04A822
:10BA28001FF0CAFF0020194922F03EFE184A0020E4
:10BA3800C2F10052174902F5802222F035FE049A1D
:10BA48000020154922F030FE0C9A0020134922F0FC
:10BA58002BFE00200B9A124922F026FE00200EB081
:10BA680010BD104922F020FE2046019A0B4922F011
:10BA78001BFE2046029A0A4922F016FE2046039A27
:10BA88000949CAE768E9002060510300EC51030046
:10BA980038FB02200452030018520300AF51030080
:10BAA800C351030097510300D7510300134670B5E3
:10BAB8000A220021586820F0E1FE002814DD4FF426
:10BAC8007A73002503FB00F44FF40046294640F240
:10BAD800E7304FF47A720023E4FB0601FDF784F89F
:10BAE8001EF0D4FC284670BD0020034922F0DCFD7E
:10BAF8006FF01500F7E700BF2C52030010B50024C3
:10BB0800034B204603491C7022F0CEFD204610BD91
:10BB18000C490120C2520300012208B5034B002042
:10BB280003491A7022F0C0FD002008BD0C4901200D
:10BB3800D652030030B595B0242204460D460BA812
:10BB4800002126F02EFD06A901200FF015FA0BA9F9
:10BB580006A81FF085FE089B0D4A294693FBF2F3C1
:10BB680005930B9B204604930C9B0A4A03930D9B59
:10BB780002930E9B01930F9B01330093109B03F2DA
:10BB88006C7320F081FDC043C00F15B030BD00BFFD
:10BB980040420F0092530300F8B505460E4617467B
:10BBA8004FF0FF334FF0FF3221481CF0D3FA214BFE
:10BBB8001C785CB11E212048FFF7BCFF4FF4806160
:10BBC8001D4B1E4A1E4820F05FFD04461C48C4F564
:10BBD800806120443B4632460FF04EFB0444B4F5E6
:10BBE800806F184C03D31849206824F036FF012DC4
:10BBF800206807D0022D0ED095B9114A134924F0B8
:10BC080010FF03E00E4A114924F019FFBDE8F8407F
:10BC180007481CF06FBB0A4A0C4924F01EFFF5E7E1
:10BC28000B4924F01AFF064A08492068E7E700BFD5
:10BC380000EA00200C490120EE48012000F1030031
:10BC4800EE44012058300120B8530300FABF040025
:10BC5800E3530300024B02460249186824F0E1BE90
:10BC680058300120FABF0400012938B5054616D915
:10BC780054680C492046FCF7EFFF80B120460A497A
:10BC8800FCF7EAFF58B122460220084922F00CFDD1
:10BC98006FF01504284624F0EEFE204638BD012436
:10BCA800F8E700BF5B660300155403001C5403004B
:10BCB80008B50020074B084A084922F0F5FC002087
:10BCC800074922F0F1FCBDE808400020054922F0B0
:10BCD800EBBC00BF35540300425403004854030032
:10BCE800635403007E540300012938B504460AD979
:10BCF8005268064924F0B1FE4FF0FF35204624F083
:10BD0800BAFE284638BD0125F8E700BF965403005F
:10BD180008B502F0E9F8024628B1BDE8084002205B
:10BD2800014922F0C1BC08BDB05403002DE9F0431D
:10BD38000C46CBB015460FF04BFE0023012C05AE88
:10BD48000493336040F2448206A805F091FB482230
:10BD580006A918A826F0FEFBDFF87883B34F434600
:10BD68003A4629462046009623F09FFF431C0BD1F4
:10BD7800AF4B1B68A34280F0CA8204F18044013CA7
:10BD880055F82420AB490BE0162829DC00280BDAEB
:10BD9800A74BA9491B6803F18043013B55F82320B1
:10BDA800022022F081FC13E20138152800F23882C3
:10BDB800DFE810F03C0246024E02FF01150228029D
:10BDC80021022F02EC01F201F8015902600265021A
:10BDD800810288028D02920297029C02A202A702A7
:10BDE80062381228D4D81228D2D801A353F820F0E8
:10BDF8003DC1000099BD000085C1000099BD00004B
:10BE080099BD000099BD0000D9C1000099BD00008E
:10BE180099BD000099BD000099BD0000E1C0000077
:10BE2800FDBF000099BD000099BD000099BD00004C
:10BE380045BE000099BD00001FC10000002406A8EF
:10BE480005F016FB7C2221462BA82A9426F0A9FB94
:10BE580020467A4922F028FC069B20461A46784953
:10BE6800039322F021FC079B20461A467549039349
:10BE780022F01AFCBDF8243020461A46724922F0F6
:10BE880013FC2046BDF82020704922F00DFC9DF8D7
:10BE98002200002800F0A6802AA99DF8230004F0BB
:10BEA8007BF86B490246204622F0FEFB00206949D8
:10BEB80022F0FAFB109A0020674922F0F5FB0020D7
:10BEC800664922F0F1FB00200E9A654922F0ECFB4E
:10BED8009DF83C200020634922F0E6FB00206249DF
:10BEE80022F0E2FB00200B9A604922F0DDFB0020E3
:10BEF8000D9A5F4922F0D8FBDDE90C3200205D493C
:10BF080022F0D2FB00200C9A5B4922F0CDFB9DF871
:10BF180029200020594922F0C7FB0020584922F067
:10BF2800C3FBDDE916230020564922F0BDFB0020A3
:10BF3800554922F0B9FB00209DF85020534922F0C2
:10BF4800B3FB0020139A524922F0AEFB00209DF863
:10BF58005120504922F0A8FB00209DF852204E495C
:10BF680022F0A2FB00209DF853204C4922F09CFBB4
:10BF780000204B4922F098FB9DF84400002835D05A
:10BF88000020484922F090FB0020BDF84620464991
:10BF980022F08AFB00209DF94820444922F084FBC6
:10BFA800434D444C9DF849200020002A0CBF2A46E6
:10BFB8002246414922F078FB9DF84A200020002AB9
:10BFC8000CBF2A4622463D4922F06EFB9DF84B20C5
:10BFD8000020002A0CBF2A462246394922F064FB79
:10BFE800002065E1374922F05FFB5FE7364922F020
:10BFF8005BFBD5E7354B0A21186804AA24F0A0FE9C
:10C00800049B814643B14B464A460220304922F000
:10C018004BFB6FF015004BE19DF84B301BB122F044
:10C0280058FC0028EFD0CDF8609098E62660030011
:10C03800C4E400203360030006600300D05403000A
:10C04800E15403001E5503005B5503009855030097
:10C05800CC5503003A5603004E560300825603009F
:10C0680096560300CA560300FE5603001D570300E8
:10C078005157030094570300DD570300215803006C
:10C088005858030073580300B1580300C7580300F9
:10C09800055903004359030081590300BF590300A0
:10C0A800FD590300155A0300585A0300965A030015
:10C0B800AB370400505A0300185B0300565B0300BB
:10C0C800945B030000560300D45A0300183701207C
:10C0D800D25B030088DB00208F4B186826F018FA23
:10C0E8000123984202468DF86A3003D100238DF867
:10C0F8006B3034E60228FAD0032801D10223F6E790
:10C10800042803D100238DF86A3028E683490220E9
:10C1180022F0CAFA7DE7804B0A21186804AA24F0A5
:10C128000FFE049B23B17E49022022F0BDFA70E77E
:10C13800199014E6784B186826F0EAF9431E012B8B
:10C14800024609D8BDF82030ADF86800042B7FF40A
:10C1580006AE744901208AE0011F12290CD8724BDF
:10C16800CB40D90708D50428BDF82030ADF86800C1
:10C17800ECD1042BEDD1F2E56C49C8E7664B1868A1
:10C1880026F0C6F9C317CDE92803E8E5624B18681D
:10C1980026F0BEF92290E2E55F4B186826F0B8F960
:10C1A8002090DCE55C4B186826F0B2F98DF8840025
:10C1B800D5E5594B186826F0ABF9082804D86FF470
:10C1C8008B730341DA0707D55949022022F06CFA2C
:10C1D8005848FFF73FFD03E78DF89800BFE54E4B41
:10C1E800186826F095F9544B421E9A4201D95349D2
:10C1F800EBE72590B3E5484B186826F089F98DF8E8
:10C208009900ACE5444B186826F082F98DF89A003D
:10C21800A5E5414B186826F07BF98DF89B009EE553
:10C228003D4B186826F074F91D9098E53A4B18684C
:10C2380026F06EF9002801DB414975E71E908EE56E
:10C24800354B186826F064F90028F5DA1F9086E562
:10C25800314B186826F05CF9642801D9394963E73D
:10C268008DF871007BE5012037498DF88C0022F0AC
:10C278001BFA74E5002335498DF88C306AE7264BA4
:10C28800186826F045F9002281B2BDF86800ADF8BB
:10C298008E1022F0BFFA00287FF461AD0220BDF8AD
:10C2A8006830BDF88E202A4922F0FEF94FF0FF30A1
:10C2B8004BB0BDE8F083184B186826F029F98DF8C3
:10C2C80090004CE5012023498DF89100CFE7002329
:10C2D80021498DF891303DE7012020498DF89200E1
:10C2E800C5E700231E498DF8923033E7012300206B
:10C2F8001C498DF89330BAE700231B498DF8933019
:10C3080028E705F08FF8062001F05AF968E618A822
:10C3180005F062F8F7E700BF18370120685C0300F2
:10C32800905C0300A85C030021000400E75C0300A4
:10C33800025D0300C86C03003F4B4C00205D030006
:10C34800505D03006E5D0300885D0300345E0300EA
:10C358007B5E0300A95E0300F05E0300385F030004
:10C368007F5F0300C75F0300E65F03002DE9F0432A
:10C37800002585B00C46164603950FF029FBDFF81B
:10C38800A080214F0DF10C0943463A46314620461C
:10C39800CDF8009023F089FC431C0AD11B4B1B6885
:10C3A800A34225D204F18044013C56F824201849C0
:10C3B8000EE0332816D00FDC312815D0322815D0DE
:10C3C800124B14491B6803F18043013B56F82320A4
:10C3D800022022F069F901E06828F1D10E48FFF740
:10C3E80039FC0EE00225CFE70025CDE70125CBE794
:10C3F800284602F04FFC024618B10220074922F0F5
:10C4080053F905B0BDE8F0835B600300C4E4002085
:10C418003360030006600300E899030060600300CE
:10C4280068DE00202DE9F043002585B00C4616464D
:10C4380003950FF0CDFADFF8A080214F0DF10C091C
:10C4480043463A4631462046CDF8009023F02DFC6D
:10C45800431C0AD11B4B1B68A34225D204F180441C
:10C46800013C56F8242018490EE0332816D00FDC7A
:10C47800312815D0322815D0124B14491B6803F106
:10C488008043013B56F82320022022F00DF901E0F9
:10C498006828F1D10E48FFF7DDFB0EE00225CFE753
:10C4A8000025CDE70125CBE7284602F035FC0246FA
:10C4B80018B10220074922F0F7F805B0BDE8F0836B
:10C4C8005B600300C4E400203360030006600300DF
:10C4D800C79503006060030068DE00202DE9F04383
:10C4E8008BB00C46164604F0CDFF00230546039397
:10C4F800002C5DD00FF06CFA776897B13846684920
:10C50800FCF7AAFB28B902F0E9FF00200BB0BDE850
:10C51800F08338466349FCF79FFB10B901F084FFAC
:10C52800F3E740F28163059301238DF81E306B69B0
:10C53800DFF898810693B5F811305B4FADF81F30DE
:10C54800EB690DF10C098DF81230AB698DF81330D9
:10C558000023ADF81C30ADF820308DF824308DF86C
:10C56800113043463A4631462046CDF8009023F034
:10C578009CFB431C0AD14D4B1B68A34271D204F1AA
:10C588008044013C56F8242049490EE0742845D0DF
:10C598002ADCA0F16103082B0ED9444B45491B68DE
:10C5A80003F18043013B56F82320022022F07CF857
:10C5B8004148FFF74FFBA8E7082BEED801A252F835
:10C5C80023F000BF39C60000A3C500000BC6000059
:10C5D800A3C50000A3C5000031C60000A3C5000024
:10C5E800B9C5000017C600006FF47A728318032BD0
:10C5F800D3D8A0F2EA30022821D8DFE800F01D24C1
:10C608002B002E4B186825F083FF0590A9E72B4BCC
:10C61800186825F07DFFADF81C00A2E7274B1868C5
:10C6280025F076FF06909CE701238DF8103098E7F7
:10C6380001238DF8113094E701238DF8203002236F
:10C648008DF81E308DE71D4B186825F061FF8DF8B9
:10C65800130086E7194B186825F05AFF8DF8120069
:10C668007FE7059969B19DF81120288989B222F0E0
:10C67800D1F830B902202B89059A114922F014F813
:10C6880096E7002104A801F08BFE024620B10220A3
:10C698000C4922F009F838E70B4922F005F834E78D
:10C6A80087600300CD3C04008C600300C4E40020D4
:10C6B8003360030006600300698B0300183701200C
:10C6C8007B5E030096600300B5600300F8DD002080
:10C6D8002DE9F0478AB00C46164604F0D3FE002335
:10C6E80005460293002C73D00FF072F90223604FB5
:10C6F800D6F804803B60B8F1000F69D040465D4928
:10C70800FCF7AAFA28B901F061FC00200AB0BDE8DC
:10C71800F08740465849FCF79FFA002858D1EB6942
:10C7280032228DF81F30AB69DFF868918DF8203020
:10C7380040F28163CDE903230A2306930123DFF83E
:10C7480058810590ADF81C008DF81E00ADF8223018
:10C7580009900DF1080A4B46424631462046CDF86D
:10C7680000A023F0A2FA431C09D13B68A3426FD270
:10C7780004F18044013C56F82420404925E07428FF
:10C7880010DC60281ADD6138132817D8DFE800F0BC
:10C7980024162816382E162059161616161616168A
:10C7A8001616163240F2EA33984237D040F2EB338D
:10C7B80098423AD040F2E933984228D03B68304951
:10C7C80003F18043013B56F82320022021F06CFF3F
:10C7D8002C48FFF73FFA98E701238DF81E30BAE797
:10C7E800294B186825F094FE0490B4E701238DF8CE
:10C7F8001D30B0E7244B186825F08AFE0690AAE79A
:10C80800214B186825F084FE8DF81C00A3E71E4B09
:10C81800186825F07DFE8DF820009CE71A4B1868F3
:10C8280025F076FE8DF81F0095E72B680593012308
:10C838008DF825306B68ADF826302B688DF82430DC
:10C8480089E7114B186825F063FEADF8220082E7EE
:10C85800002103A801F0CAFB024620B102200B49BF
:10C8680021F022FF51E70A4921F01EFF4DE700BFE2
:10C87800C4E40020CD3C0400883C0400336003007D
:10C88800066003003382030018370120D4600300D8
:10C89800EC60030078DD0020C86003002DE9F0415A
:10C8A8000D4690B0164604F0EDFD0023012D044618
:10C8B800039340F2C7800FF08BF8706860B1A1490C
:10C8C800FCF7CAF940B9A04921F0EEFE21F026FF95
:10C8D800002010B0BDE8F081236AE2698DF81C30B1
:10C8E80094F824308DF81F208DF81D300222002383
:10C8F80026208DF81E30ADF820208DF82220ADF8C6
:10C908001030924A8DF8313094F83830CDE905026C
:10C91800A26A8DF83830636BDFF86C820D9394F857
:10C928003A308B4F8DF83A3094F839308DF8302002
:10C938008DF83B3003238DF8393094F83B30854C23
:10C948008DF83C3004238DF83D3003AB00933A4614
:10C9580043463146284623F0A8F9431C0BD17E4BA9
:10C968001B68AB4280F0E88005F18045013D56F830
:10C9780025207A492DE074281EDC602821DD6138E5
:10C9880013281ED8DFE800F0331D2D293E1D1D5E3B
:10C998001D1D1D1D1D1D1D1D1D1D3137A0F2D27031
:10C9A8000E286ED8DFE800F0738C92989E80863A45
:10C9B80067405535A4BDB3006FF4FA6143180F2BD7
:10C9C800ECD9654B66491B6803F18043013B56F877
:10C9D8002320022021F068FE34E001238DF8113075
:10C9E800B3E701238DF81030AFE70223FAE70123FC
:10C9F8008DF83130A9E7574B186825F089FDADF857
:10CA08001A00A2E7534B186825F082FD8DF8300014
:10CA18009BE7206825F07CFD059096E7206825F0C7
:10CA280077FD8DF81C0090E7206825F071FD831EC6
:10CA38006C2B02460AD96E230093022349491846F3
:10CA480021F032FE4848FFF705F941E78DF81E004E
:10CA58007BE7206825F05CFD00F180037F2B024610
:10CA680006D96FF07F030220404921F01DFEE9E757
:10CA78008DF81F0069E7206825F04AFD8DF81D0034
:10CA880063E7206825F044FDADF818005DE72068ED
:10CA980025F03EFD002804DC3549022021F004FE83
:10CAA800D0E78DF8200050E7206825F031FD8DF89B
:10CAB80022004AE7206825F02BFD8DF8210044E785
:10CAC800206825F025FD8DF83A003EE7206825F01E
:10CAD8001FFD8DF83B0038E7206825F019FD8DF81B
:10CAE8003C0032E7206825F013FD8DF83D002CE767
:10CAF800206825F00DFD082804D86FF48B730341D6
:10CB0800DA0701D51B49C8E78DF838001DE720680A
:10CB180025F0FEFC072801D91749BEE78DF8390032
:10CB280013E7206825F0F4FC144B421E9A4201D901
:10CB38001349B2E70D9008E79DF8103033BB11494F
:10CB4800ABE700BFCD3C0400F86003008106050098
:10CB5800B561030018370120C4E4002033600300E6
:10CB6800066003000F6103001DC203003661030065
:10CB78006A610300025D0300956103003F4B4C00AE
:10CB8800205D0300BF61030018E100209DF821200B
:10CB9800BAB14FF461534FF434609DF81E10A2FBF4
:10CBA80003234143891843F1000304A8CDE90A137C
:10CBB80001F0A6FF024648B10220064921F074FDA3
:10CBC80086E64FF4E1439DF82220E4E7024921F08C
:10CBD8006BFD7DE6EA6103000D62030000232DE989
:10CBE800F04F8DB016460D460393002900F0B08033
:10CBF8000EF0EEFE706858B19E49FCF72DF8044619
:10CC080030B921F09BFD20469B4921F04DFDAAE15A
:10CC180004F038FC2622994B0F21CDE90423036A3E
:10CC280000248DF8183090F8243027468DF81930F4
:10CC3800C369DFF890928DF81B30836ADFF8888229
:10CC48008DF81C300523CDE908138D4B8DF81A405B
:10CC58000A9340F204638DF81D408DF81E40ADF82C
:10CC68002C308DF82E400DF10C0A4B4642463146C9
:10CC78002846CDF800A023F018F8431C0BD1814BAF
:10CC88001B68AB4280F04B8105F18045013D56F8A9
:10CC980025207D4959E0742823DC622825DD633886
:10CCA800112822D8DFE800F06E21752121542121B6
:10CCB80021212E21218221212A7CA0F6BA300C289C
:10CCC80000F2AF80DFE810F0BA0079004800800079
:10CCD80087009A00C200CD0002010B0115011E0158
:10CCE8002701A0F6B9330D2BE7D9664B67491B68B6
:10CCF80003F18043013B56F8232026E001238DF8F9
:10CD08001D30B2E7624B6349D3F800B05846FBF7D1
:10CD1800A3FF18B901238DF81630A6E758465E49D7
:10CD2800FBF79AFF08B90223F5E758465B49FBF77A
:10CD380093FF08B90323EEE758465949FBF78CFFE0
:10CD480008B90423E7E75A465649022021F0ACFC0B
:10CD58005548FEF77FFF06E14D4B50491C682046B9
:10CD6800FBF77AFF20B9032301248DF817307CE7FD
:10CD780020464B49FBF770FF08B90423F4E7224625
:10CD88004A49E2E7424B186825F0C2FBADF81400A7
:10CD98006BE73F4B186825F0BBFB8DF81C0064E778
:10CDA8003B4B186825F0B4FB04905EE7384B1868D5
:10CDB80025F0AEFB8DF8180057E73D4822F09CFDA2
:10CDC80001238DF81E3050E7314B186825F0A0FB81
:10CDD8008DF8190049E72E4B186825F099FB831E3A
:10CDE8006C2B024607D96E2300930223314918465B
:10CDF80021F05AFCACE78DF81A0036E7244B186886
:10CE080025F086FB00F180037F2B024606D96FF0E0
:10CE18007F032949022021F047FC99E78DF81B0080
:10CE280023E71B4B186825F073FB002804DC234913
:10CE3800022021F039FC8BE7089016E7144B18689C
:10CE480025F066FB0028F2DD09900EE7104B186804
:10CE580025F05EFB002801DA1949E9E78DF828007A
:10CE680003E70B4B186825F053FB0028DFDD8DF82E
:10CE78002900FAE6CD3C0400236203008106020083
:10CE88000005050AC4E400203360030006600300BF
:10CE9800183701203D62030040620300AA520400D3
:10CEA800486203004E62030052AA03005F62030057
:10CEB800796203000F610300366103009362030087
:10CEC800AB620300C8DF0020C4620300344B18685B
:10CED80025F01EFB0028BFDB8DF82A00C5E6304B85
:10CEE800186825F015FB0028B6DB01278DF82B0004
:10CEF800BBE62B4B186825F00BFB0028ACDB8DF844
:10CF08002C00B2E6264B186825F002FB0028A3DBAC
:10CF18008DF82D00A9E601238DF82E30A5E604F042
:10CF2800B1FA01220546BDF81410008921F072FCFF
:10CF380020B92B89BDF814201A496BE737B99DF839
:10CF48001630032B13D100238DF82B3014B1012395
:10CF58008DF81D3004A801F01BFE0246E8B102203E
:10CF6800114921F0A1FB00200DB0BDE8F08F042B82
:10CF780008D19DF829209DF8283013449DF82A20CF
:10CF88001344E1E7022BE1D19DF81730002BDDD0E7
:10CF9800032BD8D0042BD9D1EBE7044935E600BFE1
:10CFA80018370120D1620300F96203001F630300F0
:10CFB80000232DE9F04101298AB00C461546029359
:10CFC80040F206810EF004FD686860B1AB49FBF7DA
:10CFD80043FE40B9AA4921F067FB21F0A7FB0020D6
:10CFE8000AB0BDE8F08104F04DFAC26901238DF85A
:10CFF8001F202622A3498DF82030CDE9031202F123
:10D00800C062A2F1241205920522836A06928DF865
:10D018002130036A4FF444428DF81C3090F82430D4
:10D02800994F8DF81D300023984E8DF81E30ADF8BD
:10D038002220ADF824300DF108083B463246294637
:10D048002046CDF8008022F030FE431C0BD1904BD7
:10D058001B68A34280F0F28004F18044013C55F83B
:10D0680024208C490BE074283CDC60280BDC884BBE
:10D0780089491B6803F18043013B55F823200220AE
:10D0880021F012FBA4E061381328F0D801A353F86B
:10D0980020F000BF8BD1000077D0000031D1000014
:10D0A80029D1000061D1000077D0000077D00000BE
:10D0B800D9D1000053D1000077D0000077D000000C
:10D0C8006FD1000039D1000077D0000077D0000080
:10D0D80077D0000077D0000077D0000041D1000061
:10D0E80045D100006FF4FA6210440928BFD8092816
:10D0F800BDD801A353F820F00DD200001BD20000C8
:10D1080077D000009FD10000ADD10000BBD1000056
:10D11800E7D1000093D100003DD200002FD20000DB
:10D1280001238DF80D3088E701238DF80C3084E752
:10D1380001238DF8243080E70223F6E7574B18685F
:10D1480025F0E6F9ADF8160077E7544B186825F096
:10D15800DFF9ADF8140070E7504B186825F0D8F9DE
:10D168008DF8210069E74D4B186825F0D1F90028A2
:10D1780004DC4B49022021F097FA29E08DF82000C1
:10D188005BE701238DF8253057E7444B186825F0F5
:10D19800BFF9049051E7414B186825F0B9F98DF8AB
:10D1A8001C004AE73D4B186825F0B2F98DF81D00C0
:10D1B80043E73A4B186825F0ABF9831E6C2B0246FF
:10D1C8000AD96E23009302233649184621F06CFAD7
:10D1D8003548FEF73FFD02E78DF81E002DE72F4B7F
:10D1E800186825F095F900F180037F2B024606D9CF
:10D1F8006FF07F0302202D4921F056FAE8E78DF8F9
:10D208001F001AE7254B186825F082F9ADF80E00C3
:10D2180013E7224B186825F07BF9002801DC244924
:10D22800A8E7069009E71D4B186825F071F98DF8F5
:10D23800230002E701238DF82230FEE69DF80C302A
:10D248000BB91C4996E74FF47A71BDF81430BDF953
:10D25800162013FB01F39A4201DB17498AE703A85A
:10D2680001F072FC024620B10220144921F01CFA98
:10D27800B5E6134921F018FAB1E600BFCD3C040029
:10D288003863030000018106A8DE00207A630300EA
:10D29800C4E400203360030006600300183701204F
:10D2A8006A6103000F610300229E030036610300D8
:10D2B8004F630300BF61030089630300B163030088
:10D2C800D463030008B501F003FD024628B1BDE8A8
:10D2D80008400220034921F0E7B90349BDE80840A6
:10D2E80021F0E2B9EA6303001364030008B5114BA7
:10D2F8005A782AB11049012021F0D6F9012008BD39
:10D3080093F8F0200AB10D49F5E793F8AE200AB179
:10D318000B49F0E793F8AF200AB10A49EBE793F815
:10D32800B0200AB10849E6E793F8B1000028E6D032
:10D338000649E0E720EE002052D4030061D4030040
:10D3480074D403008ED403009CD40300B3D4030028
:10D3580010B504F097F80446436B1348C0F8A4309E
:10D3680094F8383080F8A13023891A1F534253416A
:10D3780000F8A03F19F016FD034620B102200B4A21
:10D388000B4921F091F94FF420320023094821F08C
:10D39800A6F930B10220054A0749BDE8104021F03E
:10D3A80083B922890549F8E720EE002070EA0300D6
:10D3B800CDD403006CEB0020FBD4030029D5030077
:10D3C80070B5A0B0064619F0F3FA002104467C2295
:10D3D80001A8009125F0E5F83CB123460220124A45
:10D3E800124921F061F920B070BD00234FF42032BA
:10D3F8000F4821F074F90F4B054638B102200A4A4C
:10D408000D4983F8A84021F04FF9ECE7012269465D
:10D41800304683F8A82083F8A96002F0BDFD0749CB
:10D4280002462846EFE700BF53EA03004CD5030045
:10D438006CEB002020EE00207BD50300A8D503006C
:10D44800014610B520B1BDE81040384822F054BA62
:10D4580004F018F80446364819F080FA024618B164
:10D468000220344921F020F994F82C30EBB194F9DA
:10D4780030200020E18D19F069FD024618B1022024
:10D488002D4921F011F900234FF420322B4821F0C7
:10D4980026F90346002847D002202949294A21F0C5
:10D4A80003F90220284921F0FFF894F8313013B12C
:10D4B80094F832301BB90120244921F0F5F894F88A
:10D4C800311094F8320019F069FD024618B10220B3
:10D4D8001F4921F0E9F800234FF420321D4821F0BC
:10D4E800FEF8034620B10220164A1B4921F0DCF859
:10D4F8001A4B1B78C3B91A481BF02EFA19F038FAE0
:10D50800024618B10220174921F0CEF84FF48032B4
:10D518000023134821F0E3F830B1BDE810400220A1
:10D52800084A114921F0C0B810BD00BFD0D503008A
:10D5380079DB0000F6D5030028D60300CCEB0020E9
:10D5480046D60300B8E903006DD60300BAD6030037
:10D55800DCD60300BCEB002001D7030020EE00203E
:10D568006CEB002030D7030055D70300104B37B5BC
:10D578004FF49C720021184625F013F840F2E73268
:10D588000024A0F8EC2001220A4D80F8D5206FF085
:10D5980006034FF480522846074900941BF0BAFC52
:10D5A800064928461BF032FE204603B030BD00BFB6
:10D5B80020EE002058EF0020C87A01207ED7030013
:10D5C800002307B58DF80000019300220023694667
:10D5D800054824F0C3FD20B1019824F080FF6FF0C6
:10D5E800680003B05DF804FB90EA002073B50546B7
:10D5F80010460E4614461EF005F9019098B12246D1
:10D60800314624F0A7FF8DF8005000220023694618
:10D61800064824F0A3FD20B1019824F060FF6FF0C4
:10D62800680002B070BD6FF00B00FAE790EA0020C6
:10D63800F0B50746ADF2CC5DB6ADB0F9046004466E
:10D648000FCF0FC53B6806EBD6762B60314DC093E4
:10D65800D5E93823CDE9BE23B5F8D6307610ADF834
:10D66800063395F8D8300DF106018DF808330023FC
:10D67800ADF80463ADF8EC3202F0A4FC18B9BDF8BB
:10D688000630ADF8EC3295F8E83021698DF8EE32C5
:10D69800B5F8EA30B1F52F7FADF8F032B5F8EE30D5
:10D6A800ADF8F2322AD80A460DF20930E16824F0C2
:10D6B80051FFD5F818310BB1B6A898474FF43C7212
:10D6C8000920B6A9FFF792FFD5E938232169CDE9EA
:10D6D8000223B5F8D630B1F52F7F0591ADF8123099
:10D6E800ADF8106010D80A4606A8E16824F032FFA9
:10D6F80002A821F0C3F90DF2CC5DF0BD4FF42F72F2
:10D70800054822F0F9F8DFE74FF42F72034822F0BA
:10D71800F3F8F0E720EE002096D70300EDD70300DA
:10D728002DE9F04F0025A1B04C4C7C22294601A8D8
:10D73800009524F036FF94F8313033B90220484977
:10D7480020F0B2FF21B0BDE8F08F2846454920F00F
:10D75800ABFF2846444920F0A7FF2646DFF848914A
:10D76800DFF848A16946284602F016FCB046024692
:10D778004946002020F098FF51460020726B20F0A7
:10D7880093FF002058F8382F384920F08DFF0027E4
:10D79800DFF81CB16946384602F0FEFB0137024645
:10D7A8005946002058F8043F20F07EFF032FF1D19E
:10D7B8000135032D06F11406D4D100202C4920F0A0
:10D7C80073FF00202B4920F06FFF226F00202A49A9
:10D7D80020F06AFF626F0020284920F065FFA26FE1
:10D7E8000020274920F060FFD4F880200020254938
:10D7F80020F05AFF0020244920F056FFD4F8842056
:10D8080000201D4920F050FFD4F8882000201F492F
:10D8180020F04AFF00201E4920F046FFD4F88C2053
:10D8280000201C4920F040FFD4F8902000201A491D
:10D8380020F03AFFD4F894200020184920F034FF53
:10D84800D4F898200020164920F02EFF0020D4F8A4
:10D858009C20144920F028FF74E700BF20EE002028
:10D8680049D803006CD8030085D80300DDD803002D
:10D878002BD9030041D9030047D903005DD9030020
:10D8880078D9030091D90300A7D90300ADD90300C3
:10D89800C3D90300E9D9030010DA030039DA030019
:10D8A8005FDA030082DA0300A5D80300B6D80300C4
:10D8B80001D903000C4B0022194630B45C6894422D
:10D8C80002DC0A2030BC70479D890132854208D8A5
:10D8D800DD89854205D301EBC201C87830BC21F04F
:10D8E80011B80833EBE700BF20EE00202DE9F8431C
:10D8F8001D4C00201D4920F0D7FE002526461C4F50
:10D90800DFF88080DFF880907368AB4201DCBDE807
:10D91800F883627A3946002020F0C6FE227A414612
:10D92800002020F0C1FEA2894946002020F0BCFE5C
:10D93800E28900200F4920F0B7FEE27A0E49002064
:10D9480020F0B2FEE07A20F0DDFF0C49024600200C
:10D9580020F0AAFE94F90A200020094920F0A4FE2C
:10D9680001350834D0E700BF20EE0020A7DA030015
:10D97800BDDA030002DB030019DB030030DB030020
:10D988004ADB0300D4DA0300EBDA030010B50446DF
:10D99800044820F0A2FE2146BDE8104006221420CB
:10D9A800FFF724BE6CEB002008B5018811B10448CC
:10D9B80021F0A2FFBDE80840024820F08EBE00BF5B
:10D9C80062DB03006CEB002010B50446044820F02D
:10D9D80084FE2146BDE8104008221620FFF706BE47
:10D9E8008CEB0020014820F078BE00BF7CEB0020C3
:10D9F80070B5124D0C4695F8D43086B0CBB101887D
:10DA080029B10F4806B0BDE8704021F075BF02F09B
:10DA1800BBF9D4E90023161A63EB0104002CCDE905
:10DA28000464ACBF074C084C8DE81300074821F08C
:10DA380063FF002385F8D43006B070BD20EE0020C7
:10DA48007CDB0300D0DB0300D7DB03009BDB030098
:10DA58002DE9F047018821B1BDE8F047324821F0AF
:10DA68004BBF324F97F8AC4054B94668304866B956
:10DA780021F042FF2F4821F03FFF012387F8AC3007
:10DA88002D48BDE8F04720F028BE21F035FF317859
:10DA98002A4821F031FF7178294821F02DFF3546B9
:10DAA800DFF8C080DFF8C090DFF8C0A07378A34229
:10DAB800E3DD2A792146404621F01EFF6A79214696
:10DAC800484621F019FFAA792146504621F014FF53
:10DAD800AA6821461B4821F00FFF2A7B21461A48D5
:10DAE80021F00AFF6A7B2146184821F005FF0C3512
:10DAF800AA782146164821F0FFFEAB78012B0BD0FF
:10DB08001449154840F20D43144A21F066FF40F2CB
:10DB18000D41124821F058FF2146EA78104821F0BB
:10DB2800EBFE0134C2E700BFDDDB030020EE00207E
:10DB380004DC03001ADC03006CEB002037DC030074
:10DB48004FDC0300D9DC0300FDDC030021DD03000A
:10DB580045DD030093DD0300CE4E030069DD0300BD
:10DB6800B2DD03006DDC030091DC0300B5DC0300CB
:10DB7800F0B5044600F10805284693B002F018F9FC
:10DB88002278132A00F25681DFE812F022003500CD
:10DB980048004F003A00410056006B0071008900B0
:10DBA800ED00FD00040112011A0121014401540194
:10DBB8001D0014000122172004F1100113B0BDE864
:10DBC800F040FFF713BD0222182004F11001F5E719
:10DBD800238A04F110053BB99A4BB3F8AA20013205
:10DBE800A3F8AA2001221A70974820F076FD08228F
:10DBF80029461046E2E70022924B1A7013B0F0BD96
:10DC080004F1100013B0BDE8F040FFF7BFBE04F107
:10DC1800100013B0BDE8F04020F07BBD04F1100007
:10DC280013B0BDE8F040FFF7BFBE04F1100013B019
:10DC3800BDE8F040FFF7C8BED4E90223CDE90023D0
:10DC4800236968460293E38AADF80C30A38AADF8DD
:10DC58000E3003F023FB102269460720FFF7C6FCAD
:10DC6800CCE77A4813B0BDE8F04020F036BD754BDC
:10DC780004F1100193F8F02012B993F8B2202AB1F8
:10DC8800002013B0BDE8F04001F0BCBAD3F81C3155
:10DC9800002BB3D0084613B0BDE8F0401847694FD1
:10DCA800D4E90423C7E93823237FBBBB94F82200B7
:10DCB800000902F0B1F8238CE57F5BBAB4F82320A1
:10DCC80087F8E850A7F8EA30A17FADF83E30C1F3F5
:10DCD800030187F8EE10A17FA7F8D600C1F3001161
:10DCE80087F8EF1094F8221052BAC1F3020187F8AE
:10DCF800D81094F82230ADF84020C3F302038DF811
:10DD08004230A37F8DF83C50C3F30302C3F30013E2
:10DD1800ADF844008DF830208DF8313004AD04F1B1
:10DD280010060FCE0FC596E80F0085E80F00D4F84F
:10DD38001E30CDF83230D4F82230CDF83630E38CAE
:10DD4800ADF83A30D4E90223CDE90023D4E904231D
:10DD5800CDE90223D7F810310BB16846984748221D
:10DD680069460C207AE7D4E9022302AD1034CDE9E4
:10DD780000230FCC0FC594E80300202285E8030098
:10DD880069460A206AE704F1100013B0BDE8F040C4
:10DD9800FFF74EBCD4E902231034CDE9002394E800
:10DDA800070002AB83E80700182269460B2055E7F5
:10DDB800294604F1100013B0BDE8F040FFF718BE83
:10DDC80004F1100013B0BDE8F040FFF741BE1D4B51
:10DDD80000221E4601275A6083F83020A1698A4232
:10DDE80001D2052A01D118483CE7E16903F1080589
:10DDF80001EBC20C51F83200DCF80410083303C5FB
:10DE080071680132013171605978042908BF86F8B8
:10DE18003070E3E7238A0B4D53B9616941B16C2235
:10DE280005F1340024F096FB012385F83130DAE758
:10DE38000023FAE70649074813B0BDE8F04021F08F
:10DE48005BBD00BF20EE00206CEB00207CEB0020C7
:10DE580035EA0300D6DD030008B54FF0FF324FF076
:10DE6800FF3312481AF076F911481AF075FD4FF091
:10DE7800FF3019F009F8034648B102200D4A0E494F
:10DE880020F012FCBDE8084008481AF033BA4FF4F5
:10DE980020320023064820F022FC0028F2D002207D
:10DEA800044A064920F000FCECE700BFECE900203A
:10DEB8007CEB002015EA0300F8DD030021DE0300F7
:10DEC80008B5FFF7C9FF064818F048FD024628B113
:10DED800BDE808400220034920F0E6BB08BD00BFAA
:10DEE80079DB0000F6D5030008B50A4B5A7832B141
:10DEF8000949022020F0D8FB6FF00C0008BD1A7801
:10DF08000AB90649F5E7012283F8D420BDE808409C
:10DF180018F09ABF20EE00204ADE0300EA4F040002
:10DF2800014BB3F9EC00704720EE002008B5074B11
:10DF38001A7832B90220064920F0B6FB6FF00C00BF
:10DF480008BD93F8A93003700020F9E720EE0020FF
:10DF5800EA4F0400074B93F831203AB1142193F8A3
:10DF6800A92001FB0233586B002170474FF4E140B0
:10DF7800FAE700BF20EE002070B50646FFF7EAFF7B
:10DF88000E4A054692F831300C46A3B1142192F896
:10DF9800A93001FB0323986B5EB1D2F88430184492
:10DFA8000023A842A3414FF000013CBF2846214668
:10DFB80070BD136FF3E74FF4E140F2E720EE002065
:10DFC800014B93F8B200704720EE0020002208B5FC
:10DFD800054BD3F8B80083F8B22018F055FFBDE818
:10DFE800084020F045BD00BF20EE00202DE9F0419B
:10DFF800414F05467B780E4686B04BB13F4902201B
:10E0080020F052FB6FF00C04204606B0BDE8F0810A
:10E018003B780BB93A49F2E797F8B23039B173B99E
:10E028000120384920F040FB6FF01504ECE733B1CC
:10E038000220354920F038FB6FF07704E4E76B7C69
:10E048001BB1FFF709FF20F010FD03F01BFA6C6805
:10E05800002C41D1008976B1AA7CB7F8B41082F0BF
:10E06800010220F006FC044640B9284920F01CFBB8
:10E078006FF03C04C8E701F057FF0446182200215E
:10E088006846A7F8B44024F08CFAEB7CAC468DF8CF
:10E0980002302B7D4FF001088DF803304FF47A736E
:10E0A800EA8A1B4E5343ADF80C200293BCE80F00DC
:10E0B8000FC69CE8070086E807006C606846019474
:10E0C8008DF80E8001F006F8044648B10246114961
:10E0D800022020F0E9FA97E7002EA5D1A4B2CDE7F7
:10E0E8001C222946022001F0FFFD044600288BD19E
:10E0F80087F8B28088E700BF20EE00204ADE0300E0
:10E10800EA4F040059DE030084DE03009DDE0300AD
:10E11800D8EE0020BBDE030070B50025A0B07C223D
:10E12800294601A8009524F03CFA03F0ABF9224BEC
:10E13800224904462846B3F9EC6020F0B5FA6A464D
:10E148001F49204818F02AFBA84203DC68461E49EC
:10E1580024F05EFB002062681C4920F0A5FA6A469C
:10E1680000201B4920F0A0FA6A461A491A4818F0FC
:10E1780015FB002803DC6846134924F049FB6A466E
:10E188000020164920F090FA40F2E7339E420CD165
:10E1980068460D4924F03CFB6A460020104920F0EF
:10E1A80083FAFFF7A3FB20B070BD324668460D49DD
:10E1B8001EF09EFAF0E700BF20EE0020DBDE030031
:10E1C80000F10300F1DE0300E6140400F9DE0300A9
:10E1D80011DF030029DF030040DF03004DDF0300E8
:10E1E80065DF03003433040070B5C0B0064611A8DB
:10E1F80000F090FE054640B102202D4920F054FA67
:10E208006FF03C04204640B070BD00F0FBFE0446B1
:10E2180026B9002823DC00202649EFE728462649AE
:10E2280020F042FA9DF8FE30284600939DF882209F
:10E238009DF8C030214920F037FA002CEBDD284644
:10E2480022461F4920F030FA06A9A0B200F0A2FE2B
:10E25800054658B101201B4920F026FAD2E706A945
:10E2680080B200F097FE0028CCD0F3E703A99DF810
:10E278001A0001F009F92846134903AA20F014FAF4
:10E28800124B93F80231022BBCD12846BDF820204E
:10E298000F4920F009FA2846BDF822200D4920F040
:10E2A80003FA2846BDF824200B4920F0FDF9A9E718
:10E2B8007EDF03009FDF0300B9DF030007E00300F0
:10E2C80049E003005DE0030087E0030020EE002042
:10E2D8009CE00300B3E00300CEE00300F0B5044681
:10E2E800A3B00120FFF780FF002C37D1274820F08A
:10E2F800F4F920F0BDFB0023254D85F8F030D5F862
:10E308000C310BB12046984795F8F130002B3BD0E3
:10E31800B5F80041002C37D000264FF47A734FF43B
:10E328000047314640F2E7305C434FF47A720023ED
:10E33800E4FB0701FAF758FC02460B4600210020CF
:10E34800CDE9000113481DF045F83046B5F8002125
:10E35800114923B0BDE8F04020F0A6B900217C2285
:10E3680003A8029124F01DF940F2E731204602AAE1
:10E3780001F08CFD05481AF0EFFA23460120074901
:10E3880002AA20F091F9B4E723B0F0BDACEB00206D
:10E3980020EE0020C0E8002000E10300E5E00300D3
:10E3A8002DE9F0411B4E0746737888463BB11A4960
:10E3B800022020F079F96FF00C00BDE8F081337885
:10E3C8000BB91649F4E796F8F03033B10220144936
:10E3D80020F06AF96FF00F00EFE712481AF0BCFA64
:10E3E80040F201133D46A6F8F03006F1F4040FCDD3
:10E3F8000FC495E8030084E80300C6F80C813B7855
:10E408001BB1FFF729FD20F030FB0D20FFF7D8F8EE
:10E418000020D2E720EE00204ADE0300EA4F040085
:10E4280028E10300ACEB0020002208B5074BA3F855
:10E43800F020074824F00FF800F040FE05481AF0D5
:10E448008BFABDE8084020F013BB00BF20EE002087
:10E45800C0E80020ACEB00202DE9F0470026AF4CC7
:10E46800AF4FA8B04FF0FF324FF0FF33AD4806A9C9
:10E4780019F08AFD9DF81820531E172B00F23883D7
:10E48800DFE813F09F00A300360336033603A50028
:10E498007B02CC002E02AF01C301D401D102F402E9
:10E4A80080008B0095007A007E00180039005B0020
:10E4B800AB00C3000025DDF81C807C22294609A892
:10E4C8000DF12009089524F06CF84A46B8F90210B5
:10E4D800B8F8000001F0DAFCB8F800303BB1924A15
:10E4E8009249CDF80090022020F0DEF800E00125E6
:10E4F80084F8A85018E00021DDF81C807C2209A8C7
:10E5080008AD089124F04DF82A4640F2E731B8F8F2
:10E51800000001F0BBFCB8F800304BB10220824A81
:10E528008349009520F0C0F8079823F0D8FF99E7B1
:10E538008049184620F0B8F8F6E70025DDF81C9069
:10E548007C22294609A80DF12008089524F029F80D
:10E55800424640F2E731B9F8040001F097FCB9F8F7
:10E56800043023B1704A7449CDF80080BBE701221A
:10E57800724984F8A820DCE7012384F8AD30D3E79A
:10E588000023FAE70025012084F8AE50FFF718F8B9
:10E59800FFF796FC6A492846CCE70025012084F855
:10E5A800AF50FFF70DF8FFF78BFC6649F3E700253E
:10E5B800012084F8B050FFF703F8FFF781FC6249A7
:10E5C800E9E7012384F8D530AEE70023FAE7D4F869
:10E5D8002831002BA8D09847A6E7079D02F052FFE4
:10E5E80095F9002062B990F93030C28D5749012061
:10E5F80020F05AF801236370554820F06EF893E72D
:10E608000220544920F050F8F6E7079B1A881AB1FF
:10E618000220514920F048F85048EEE700217C22BA
:10E6280009A8079D089123F0BCFF40F2E732B5F92D
:10E638000230934218BFA4F8EC30B5F80080B8F166
:10E64800000F00F09F800DF120094A46B5F902102D
:10E65800404601F01BFCB5F90230CDF808902A8835
:10E6680002200192EA883E4900922F4A20F01CF8C5
:10E67800002140F6CD401BF009FF18F0DBF90146F8
:10E6880010B1384821F038F94FF4203200233648C9
:10E6980020F025F820B10220234A344920F004F85C
:10E6A800002140F6CD401BF0F1FE18F02FFC024689
:10E6B80018B102202E491FF0F7FF4FF42032002333
:10E6C800294820F00CF8002871D00220164A294960
:10E6D8001FF0EAFF02F0D6FE054618F0F7FB0346E6
:10E6E80020B10220244A25491FF0DEFF4FF42032D2
:10E6F80000231D481FF0F3FF00285BD002201E4AAC
:10E708001F491FF0D1FFFEF723FE95F80A80B8F1E4
:10E71800000F5FD0E87AFEF753FE05E720EE0020F1
:10E728000000D03F90EA0020CFEA030045E1030053
:10E738006CE1030095E10300A8E10300D7E10300C1
:10E74800EEE1030001E2030014E203002AE2030001
:10E75800CCEB002083E20300A4E20300BCEB002022
:10E76800D3E2030047E303006CEB002077E30300E8
:10E77800AAE30300D6E303009AEA030006E40300D1
:10E7880033E4030040F6CD4000211BF07FFEB4F8CF
:10E79800AA30012B3FF66CAF4046BE491FF084FFFC
:10E7A8004046B5F90220BC491FF07EFF60E7FEF73E
:10E7B800B7FF8FE7FFF79AF894F83030002BA2D113
:10E7C8002B89042B9FD10220B4491FF06DFF012330
:10E7D8002B8198E7B24940461FF066FFB149404691
:10E7E800A8E6079BB3F9142002EBD2714910CDE9D2
:10E7F8000221B3F91620AC4901921A690092D3E9B3
:10E80800002301201FF050FF8EE6079BB3F90C2070
:10E8180002EBD2714910CDE90221B3F90E20A349C8
:10E8280001929A680092D3E90023EAE74FF00008C2
:10E83800079D7C22414609A80DF12009CDF82080CA
:10E8480023F0AFFE4946287F01F090FB94F8D530BD
:10E85800CBB1B5F9283003EBD3735B100493B5F94A
:10E868002A00F9F7BFFD32463B46F9F725FECDE908
:10E878000201CDF80490AB69404600938C49D5E974
:10E8880002231FF011FF95F81C80B8F1000F1FD16B
:10E8980094F8D530E3B195F83C30EA8F40460092C1
:10E8A80084491A461FF000FF6B7F012B05D14046B3
:10E8B800B5F8402080491FF0F7FEB5F9441095F8E7
:10E8C800423095F83020002000917C491FF0ECFE82
:10E8D800D4F81431002B3FF427AE2846984723E696
:10E8E800079D28460BF0E4FA00287FF41DAED4F803
:10E8F8002031002B3BD1AB6A4FF000080393B5F9E8
:10E908000430DFF8E4A103EBD3735B100293B5F98D
:10E918000600F9F767FD0022694BF9F7CDFDCDE94F
:10E9280000010020D5E9082366491FF0BDFE05F166
:10E938003009AB6A43450CD908AB03EB08005146D4
:10E9480019F8012F08F101081DF0D2FEB8F1800F67
:10E95800EFD108F1A0030DEB0308002308F87F3C72
:10E968000120AA6A584908AB1FF09EFEDCE528463C
:10E97800984700287FF4D8ADBDE740F2E732079DFD
:10E98800B5F90C30934218BFA4F8EC30B5F80E80F6
:10E99800B8F1000F24D04FF000087C22414609A8A6
:10E9A800CDF8208023F0FDFDB5F90C10E88908AA00
:10E9B80001F06CFAAB683C2B03D1E88900F02CFE1F
:10E9C800B2E5D4F8B82093422AD120F051F80220B9
:10E9D8003E4A3F4908AB1FF067FE84F8B280A3E5C2
:10E9E800AB68D4F8B820934216D1DFF800C108AD5F
:10E9F800BCE80F000FC59CE8070085E80700012167
:10EA080008A8FFF7F3FA00283FF48EAD84F8B28027
:10EA180020F02EF82F49E2E63C2B01D14046CDE705
:10EA2800D4F8243156E794F8F0304BB994F8F13023
:10EA3800002B3FF479ADB4F80031002B3FF474ADEE
:10EA480094F8F4301BB1FFF707FA20F00EF82249CA
:10EA5800224800F09DFB024600283FF465AD0220E5
:10EA68001F491FF021FEFFF7DFFC5DE5D4F8B03049
:10EA780023F07F4323F0FF03002B3FF455AD002024
:10EA880000F0CAFD00F068FB00283FF44DAD0220FD
:10EA980014494FE50EE3030026E3030060E4030096
:10EAA8009CE40300B6E40300FAE403003EE5030037
:10EAB80082E50300DAE5030013E603004A120400C6
:10EAC8000000D03F25E6030068E60300CFEA030014
:10EAD80095E60300ADE60300E5E2000014EF002030
:10EAE800B6E60300D1E6030062E60300D8EE002094
:10EAF800012002491FF0D8FD16E500BFEEE603002D
:10EB080010B50446FEF7F2FB38B102200C491FF09D
:10EB1800CBFD6FF00F04204610BDFFF79DF90220D2
:10EB2800FEF74EFD0122074B204683F8AE2005F084
:10EB380053FF04460028EED00F20FEF741FDEAE718
:10EB480013E7030020EE002010B50446FEF7CEFBC5
:10EB580038B102200C491FF0A7FD6FF00F042046C2
:10EB680010BDFFF779F90220FEF72AFD0122074BB5
:10EB7800204683F8AF2004F09BFC04460028EED022
:10EB88001020FEF71DFDEAE75BE7030020EE0020FA
:10EB980010B50446FEF7AAFB38B102200C491FF055
:10EBA80083FD6FF00F04204610BDFFF755F90220D2
:10EBB800FEF706FD0122074B204683F8B020FAF73E
:10EBC800C3F904460028EED01120FEF7F9FCEAE765
:10EBD8009EE7030020EE0020014B1878704700BF25
:10EBE80020EE002084B0F8B5164F06AC84E80F007C
:10EBF8003B7853B90220144A14491FF055FD6FF0B1
:10EC08000C00BDE8F84004B0704797F8F03013B92D
:10EC1800B7F8AE603EB102200B4A0D491FF044FD23
:10EC28006FF00F00EDE707F5887406AD0FCD0FC440
:10EC380095E80F0084E80F000123304687F8B130CB
:10EC4800DFE700BF20EE0020F5E90300E4E703005A
:10EC580002E80300002110B5084C202204F5887052
:10EC680084F8B11023F09DFCD4F83031C4F8143185
:10EC7800D4F83431C4F8203110BD00BF20EE002094
:10EC8800034BD3F82C3103B118470AF07BBC00BF03
:10EC980020EE002038B50B4B05465C7834B10A49A4
:10ECA80002201FF001FD6FF00C0038BD1B780BB976
:10ECB8000649F5E7FEF74CFB2846FEF781FB2046A0
:10ECC800F3E700BF20EE00204ADE0300EA4F04000D
:10ECD80010B50D4B5A783AB10C4902201FF0E4FCEC
:10ECE8006FF00C04204610BD1B780BB90849F4E7F7
:10ECF80017F080FE04460028F4D002460549022099
:10ED08001FF0D2FCEEE700BF20EE00204ADE030031
:10ED1800EA4F040052E803002DE9F047414D074649
:10ED28006B78A4B04BB1404902201FF0BDFC6FF0D6
:10ED38000C04204624B0BDE8F0872B780BB93B497A
:10ED4800F2E7FEF7D3FA28B1012039491FF0ACFCED
:10ED5800FFF782F801F018F88946804602F092FB26
:10ED680082460120FFF708F94FF4873C0446DAF899
:10ED780040000E46A0FB0C0EDAF844104FF47A72ED
:10ED880000230CFB01E1F9F72FFF462314EB0804DD
:10ED980046EB0906001946EB0106CDE90006684670
:10EDA80002938DF80C7018F025F80023024685F8B8
:10EDB800A83018B102201F491FF076FC4FF420320A
:10EDC80000231D481FF08BFC044640B102201B4A5B
:10EDD8001B491FF069FC002385F8A830A9E7014604
:10EDE8007C22049005A823F0DCFB384604A901F036
:10EDF800D3F895F8A8303BB1124985F8A97004AA50
:10EE080020461FF051FC94E704AA02200E491FF087
:10EE18004BFC04A995F8A90001F0BEF80B4902467D
:10EE2800EEE700BF20EE00204ADE0300EA4F0400B0
:10EE380081E80300EAE803008CEB0020D8E903002E
:10EE48001BE903004CE903006FE903009BE9030099
:10EE580038B50025054CA37C2570022B05D1A06B85
:10EE680018B123F03CFBA563A58738BD80F00020CE
:10EE7800002200232DE9F04186B0CDE900233C2390
:10EE8800214F0293FB8DADF80C303B6A0493182395
:10EE98008DF8143002F0F6FA06460020FFF76CF8F9
:10EEA8004FF4873C0446306C0D46A0FB0C01D6F8A5
:10EEB80044E04FF47A7200230CFB0E11F9F794FE2C
:10EEC8008846064600F060FF241845EB0105A419A2
:10EED80045EB08056846CDE9004517F035FF0246C1
:10EEE80050B1022009491FF0DFFBFFF7B1FFD7F847
:10EEF800AC3523B10420984706B0BDE8F081184628
:10EF080003491FF0D1FBF7E780F0002072FD0300F2
:10EF180007EB030070B51B4D04462E7876BB48B945
:10EF280019491A487F231A4A20F057FD7F211848AB
:10EF380020F04AFDAB8B05F2F241038095F8F024EE
:10EF4800023080F83C20520023F004FB95F82E256F
:10EF580005F5A66184F87C2004F14000520023F0F6
:10EF6800F9FA95F86C2505F26E5184F8BA2004F187
:10EF78007E00520023F0EEFA304670BD6FF00F00AD
:10EF8800FBE700BF80F0002041EB0300CE4E0300FA
:10EF980017EB030070B5174C0D46237833BB31B11E
:10EFA8002246E18F99420CDC6FF03C001BE01249CD
:10EFB80012489823124A20F010FD9821104820F09A
:10EFC80003FDB2F84060283286420DD1282202FBA8
:10EFD800034440340FCC0FC50FCC0FC594E8030091
:10EFE80085E80300002070BD0133DBE76FF00F00F8
:10EFF800F9E700BF80F0002041EB0300CE4E03008C
:10F0080017EB0300F0B52C490A78002A4DD10C46BD
:10F0180008467F261346CD8F954202DC7BB1184601
:10F02800F0BD90F84270012F06D190F94370B742B5
:10F03800BCBF3E46B0F8403001322830ECE78A7C4D
:10F04800022A35D118461F464FF47A721A4EBD422D
:10F0580018DC0026184FB5421EDC012BE0D900232E
:10F06800B1F84A109D42DBDDB4F84C60964206D1F7
:10F07800B4F84A608E423CBF3146B4F840000133D0
:10F088002834EFE7B6F84CC0013794453CBFB6F8D2
:10F09800400062462836DAE7B7F84CC00136944596
:10F0A80004BF01339BB22837D5E76FF00F00B7E7ED
:10F0B8004FF0FF30B4E700BF80F0002008B5FFF73D
:10F0C800C7FEBDE80840002001491FF0EDBA00BFA7
:10F0D80050EB0300F8B51D4F0446B86B08B123F098
:10F0E800FEF94FF4B6620021184823F05AFA40F2AC
:10F0F8008113BB850CB90020F8BD4FF00A0EA36838
:10F108004FF0300CB3FBFEF326460CFB03F33B62D7
:10F1180063680F4DFB850FCE0FC596E8030085E8A1
:10F128000300A57B022DE6D1A0686146B0FBFEF086
:10F138001E30B88723F0DAF9B8630028DBD12846F7
:10F1480004491FF0B1FA6FF00B00D5E780F00020FA
:10F1580084F0002064EB030030B587B06C460A4D9C
:10F168000FCD0FC495E8030084E803006846FFF755
:10F17800B1FF044620B10246044902201FF094FA68
:10F18800204607B030BD00BF84F00020B0EB03007C
:10F198002DE9F0410546884602F074F907462846ED
:10F1A800FFF798FF044638B10246104902201FF0C5
:10F1B8007BFA2046BDE8F08101230D4EC6F8AC85E8
:10F1C80033706B681BB9388900F0AEFEF0850948CA
:10F1D80000F064FD034628B10220074A07491FF0E2
:10F1E80063FAE6E7336AAA680549F8E7D6EB03004D
:10F1F80080F0002084F0002026F20300FAEB0300E0
:10F208002FEC03002DE9F843574B002840F0A68067
:10F2180059B9564940F2EA23554A564820F0DDFBD1
:10F2280040F2EA21524820F0CFFBD3E90C200243F8
:10F2380004BFD1E90245C3E90C454A8AF02A40F2E5
:10F2480083804D4940F2F623494A4A4820F0C5FBDD
:10F2580040F2F621E6E74A6993F812E09257002A4D
:10F268001EDDB3F8269009F10109A3F82690BEF136
:10F27800020F3BD03A46174601364A8AB242EADCC8
:10F288009A8C013292B29A841B8A002B6AD064212C
:10F298004B439A4266D1BDE8F8430E20FEF790B979
:10F2A80006D1B3F8289009F10109A3F82890DEE700
:10F2B80093F92C90914593F92D90B8BF83F82C20A1
:10F2C8009145C8BF83F82D20BEF1020FD2D1052881
:10F2D80011DD3A462F2D17DD284940F22133244A03
:10F2E800244820F07AFB40F221319BE70528F0DC26
:10F2F8004FF0010C04E0A242B8BF224654B23A468D
:10F3080001300628B7D1E5E7986BBCF1000F18BFAC
:10F31800144648B91A4940F22D33154A154820F0C9
:10F328005CFB40F22D317DE79F8CB3F83CC0BC45B7
:10F3380088BF08FB07004FF0000C88BF4455012028
:10F348006FF07F04013596E7002501202E46AC4674
:10F358001E276FF07F044FF030088EE75A8D013278
:10F368005A858DE7BDE8F88380F0002061EC030042
:10F3780017EB0300CE4E030079EC0300A5EC030065
:10F38800B6EC03002DE9F04704468EB02822002190
:10F3980004A823F006F92368374D0693A36807935A
:10F3A800237C8DF826306368ADF82830E3686B431A
:10F3B8000B9302F067F8824600F0E6FCE38A064603
:10F3C800894613B118238DF82130607CF8B175197E
:10F3D80049F10003CDE90453A369002027490C93A0
:10F3E8001FF062F9E36800200093626894F9103016
:10F3F80023491FF059F904A800F0FAFD024618B194
:10F40800022020491FF050F90EB0BDE8F087FEF742
:10F41800B3FD4FF487358046DAF840000F46A0FB6D
:10F428000501DAF844C04FF47A72002305FB0C1189
:10F43800F9F7DAFB031841EB01021B1841EB020153
:10F448000DF10F009E1949EB0105FEF76FFD30B174
:10F4580018EB060647EB0507CDE90467BCE79DF8FE
:10F468000F90B9F1000FF3D100F052FE0028EFD051
:10F478004E464F46F0E700BF00B01E04B9DF030058
:10F48800DAEC030014ED0300012810B50A4B0C4612
:10F4980006D10A4A0A4920461DF02AF9204610BD1D
:10F4A800022802D1074A0849F5E7032807BF074A97
:10F4B8000749084A0849EEE734ED030039ED03002F
:10F4C8003FED030048ED03004EED03005BED030044
:10F4D80061ED03006AED030070ED03002DE9F04FC4
:10F4E8008FB001F0CFFF3D4D0746E88F28B93C4962
:10F4F8000FB0BDE8F04F1FF0D7B8002039491FF012
:10F50800D3F82C460026DFF80091DFF800A1DFF8D9
:10F5180000B1EB8FB34206DC002033491FF0C4F87A
:10F528000FB0BDE8F08F49460020B4F840201FF026
:10F53800BBF8B4F84620514600201FF0B5F894F9FE
:10F54800433095F906209A4241DA2849DFF8C48009
:10F5580007A823F05DF9CDF8008094F94330002026
:10F56800234907AA1FF0A0F8002094F94420214954
:10F578001FF09AF8AB7C022B26D10AA994F8420016
:10F58800FFF782FF00201C491FF08EF8B4F84C30BA
:10F5980000200193B4F84A3018490093B4F8483071
:10F5A8002A6A1FF081F8D4E91823CDE90423D4E9A5
:10F5B8001623CDE902237B7C0020CDE90083104986
:10F5C8000AAB07AA1FF070F801362834A1E795F9AD
:10F5D80007209A42B4BF59460A49B7E780F000208D
:10F5E8007CED030096ED0300DEEE03005BED030007
:10F5F800E2ED0300FDED030015EE030032EE03001B
:10F6080085EE030039ED0300B4ED0300CBED0300F4
:10F6180048ED030034ED03002DE9F04FB04CADF296
:10F628006C4D0790A083002840F0B48201F02AFFB7
:10F638000F90E08DFFF724FB28220546E38FA949A8
:10F6480002FB0343E28D0798A3F8402094F82C208E
:10F6580083F8432094F82D2083F84420A28CA3F843
:10F6680046201FF021F8D4E90C239F4907981FF082
:10F678001BF8E28D9D4907981FF016F81DB19C49AB
:10F6880007981FF011F8A28C00209A491FF00CF877
:10F69800E28C1AB1002098491FF006F8228D1AB1A1
:10F6A800002096491FF000F8628D1AB10020944995
:10F6B8001EF0FAFFE08DFFF7E3FA94F92C3094F985
:10F6C800062005469A4270DA8E491AA823F0A0F857
:10F6D800A37C012B57D04FF00009CDF828908A4B16
:10F6E8000020009389491AAA94F92C301EF0DCFFF7
:10F6F800002094F92D2086491EF0D6FFB9F1000F9D
:10F7080040F09C80A37C022B00F0A080744AD38F29
:10F718000133D387724C2378002B00F04C820A9B6C
:10F72800002B40F04882A368002B40F044820F9BD6
:10F73800E58D188900F0ECFB854200F03C82002240
:10F748000023C4E90C230A9B6279C4E9093340F217
:10F758008113A3850F9BE18D18891FF08AF8E08536
:10F76800002800F02882201D00F098FA034600289F
:10F7780000F037820220674A67490DF26C4DBDE8F8
:10F78800F04F1EF091BF2822E38F02FB03430322B0
:10F7980083F8422094F86C355A1C84F86C25E28D65
:10F7A80004EB4303A3F86E2595E794F907209A42E2
:10F7B8002ADB5A491AA823F02BF8637DE28D0A93B5
:10F7C800E38A934202D055B1237E43B100205449C5
:10F7D8001EF06AFF00234FF001090A937FE7A17C1E
:10F7E80001290ED12820E38F00FB034383F8421040
:10F7F80094F8F034591C04EB430384F8F014A3F88C
:10F80800F2244FF000096AE746491AA823F000F8E5
:10F81800A37C012B7FF45FAF2822E38F02FB034315
:10F82800022283F8422094F82E355A1C84F82E259B
:10F83800E28D03F5267324F813204CE7002038499D
:10F848001EF032FFA37C022B7FF464AF4FF0000A56
:10F8580089F001030D9301F015FED0465746204C60
:10F868001090CDF838A0CDF830A0A38C984504DAD4
:10F87800A38F984501DA257865B90C9B002B40F0D9
:10F88800DE80012028491EF00FFFB9F1000F3FF478
:10F898003DAF3FE7002330229B461E4602FB08F29D
:10F8A8008DF868301192A36B119A33449B56002B44
:10F8B8000B933DDD1D4913A822F0AAFF2822E38FF0
:10F8C80002FB0343B3F84E200132A3F84E20B3F8ED
:10F8D8004C200132A3F84C202F46089539E000BF90
:10F8E80080F00020B9DF030009EF030038EF0300C0
:10F8F80063EF03008EEF0300B9EF0300E4EF0300AA
:10F908000FF003005BED030034ED03004DF003003E
:10F918007CF0030003F20300FAEB030039ED030067
:10F928003AF0030048ED030003F103006AED030019
:10F938002ED1AE4913A822F06BFF28222F46E38F61
:10F9480002FB0343B3F850200132A3F850200B9B6D
:10F9580008931AA8F9F78AF9A54B0DF1680C0193D9
:10F96800A24BA449009313AA0B9B60441CF0C0FE51
:10F97800172E3AD11AA8F9F779F91AAB18449E4903
:10F9880022F046FF089B0BB10BF1010B18268AE702
:10F9980094F906200B99E38F8A424FF028020BDA7C
:10F9A80002FB0343B3F84C2094490132A3F84C20DE
:10F9B80013A822F02DFF8FE794F907100B9802FB8C
:10F9C800034381420ADBB3F848208D49013213A86A
:10F9D800A3F8482022F01CFF0895BAE7B3F84A209C
:10F9E80088490132A3F84A20E2E7089B0BB10BF1E2
:10F9F800010B0136302E7FF456AF08F101088FB1A4
:10FA0800237D83B11AAB0E990293D4E90C321AEB19
:10FA1800030341EB0202CDE90032002042467A4955
:10FA28001EF042FE00270C9B5B440C93774B1AEBAD
:10FA380003039A460E9B43F100030E9315E7282310
:10FA4800E58F0C9803FB0545F8F7BCFC06460F4606
:10FA5800B5F848804046F8F7B5FC32463B46F8F71B
:10FA680055FE00226A4BF8F727FD8246B5F84A0092
:10FA78008B464044F8F7B6FC32463B46F8F746FE5C
:10FA88000022634BF8F718FD109B0646587C0F467A
:10FA9800F8F7A8FCCDE9080102460B46504659463E
:10FAA800F8F790FF00284DD00D9B63B1012385F82E
:10FAB800423094F8F0345A1C84F8F024E28D04EBB8
:10FAC8004303A3F8F22401202825524C16A9FFF776
:10FAD800DBFC002050491EF0E7FDE38F002005FB0A
:10FAE8000343B3F84E204D490392B3F850200292D5
:10FAF800B3F84C200192B3F84A200092B3F848308A
:10FB0800226A1EF0D1FDE38FA28C05FB0343C3E9F3
:10FB180016ABC3E91867A38F9A4203D9012040495D
:10FB28001EF0C2FDCDE90467CDE902AB109B0020B1
:10FB38005B7C3C4901932E4B13AA009316AB1EF035
:10FB4800B3FDA2E6DDE9082330463946F8F73AFF67
:10FB58000D9B78B163B1022385F8423094F82E35B5
:10FB68005A1C84F82E25E28D03F5267324F81320F9
:10FB78000220A9E763B1032385F8423094F86C3575
:10FB88005A1C84F86C25E28D04EB4303A3F86E2518
:10FB9800032099E700217C221BA81A9122F001FD7D
:10FBA80040F2E7311AAA079800F070F901201E49BF
:10FBB8001AAA1EF079FDFFF74BF9164AD2F8AC35B0
:10FBC8002BB107980DF26C4DBDE8F04F184712782D
:10FBD8003AB1184615490DF26C4DBDE8F04F1EF0CC
:10FBE80063BD0DF26C4DBDE8F08F00BF6AED0300F8
:10FBF80034ED0300A7F00300B2F003005BED03004F
:10FC080039ED030048ED0300B6F00300008C0A004C
:10FC18000000594080F0002015EE030019F10300A0
:10FC2800A0F1030085EE0300EAF1030007EB0300EF
:10FC380073B5174C174D184E4FF0FF324FF0FF3386
:10FC48006946204618F0A0F99DF80020022A07D03E
:10FC5800032A0CD0012A18D10198FFF709F902E00C
:10FC68000198FFF78FFB019822F039FCE4E7019A2D
:10FC78001368002BF7D05068984702460028F2D046
:10FC8800294601201EF010FDEDE73146F9E700BFD7
:10FC980040EB00203FF2030064F2030013B5044672
:10FCA80018201BF0AFFD0190C8B1234604F11802DB
:10FCB80053F8041B934240F8041BF9D101238DF833
:10FCC8000030002200236946064822F047FA20B196
:10FCD800019822F004FC6FF0680002B010BD6FF0CC
:10FCE8000B00FAE740EB002073B5054610460E46B8
:10FCF80014461BF087FD019098B12246314622F048
:10FD080029FC8DF80050002200236946064822F09D
:10FD180025FA20B1019822F0E2FB6FF0680002B0EA
:10FD280070BD6FF00B00FAE740EB002038B51BF010
:10FD380037FA04460D461BF033FA124AC0F30E0395
:10FD4800A3FB0231E00B40EA4540DB0B43EA4143A9
:10FD5800A0FB0201ED0B02FB051118184FF47A7293
:10FD68004FF0000341F10001F8F73EFF4FF48734EC
:10FD7800A0FB04054FF47A72002304FB0151F8F745
:10FD880033FF38BD00CA9A3B38B5FFF7CFFF064DA1
:10FD9800064AD5E90045D2E900321B1B62EB050291
:10FDA800181842EB010138BD38F7002040F7002051
:10FDB80010B5084BD0E90012D3E900408C429041BD
:10FDC80006D2C3E90012FFF7B1FF034BC3E90001F4
:10FDD80010BD00BF40F7002038F700200129034676
:10FDE80011D1072813D84000431C042A0FD803EB6D
:10FDF8000213084A32F91300431C0AD00028B8BF7E
:10FE08000730C0107047042A01D80F28EEE74FF0DA
:10FE1800FF307047B04D03000F28014608B503D9DD
:10FE280003481FF069FD0F21024B585608BD00BF5B
:10FE380096F20300AAF603000023064A12F9011BF2
:10FE4800814201DBD8B270470133102BF6D10F2065
:10FE5800704700BFAAF6030010B5144603680246AF
:10FE6800B3F1FF3F05D10A46204607491CF040FC84
:10FE780007E08B4200F10800F0D12046516822F0DB
:10FE8800C7FC204610BD00BFB9F2030070B5064696
:10FE98001446CEB00D464FF48C720F4908A822F0D4
:10FEA80059FB2246314608A8FFF7D6FF40F2E73350
:10FEB8009D420AD16846094922F0AAFC69462046B3
:10FEC80022F08AFC20464EB070BD2A466846044996
:10FED8001CF00EFCF2E700BF403D0300E5F2030012
:10FEE80002F30300F0B587B06C4606460F46074D8F
:10FEF8000FCD0FC495E803003A4684E80300314665
:10FF08006846FFF7A9FF07B0F0BD00BF583E0300E1
:10FF1800013880B215289ABF024B33F81000002030
:10FF2800704700BF844D0300013880B215289ABF7E
:10FF3800024B33F810000020704700BF584D0300F3
:10FF4800F0B589B06C4606460F46074D0FCD0FC475
:10FF580095E80F0084E80F003A4631466846FFF7F7
:10FF68007BFF09B0F0BD00BF703E0300F0B589B05B
:10FF78006C4606460F46074D0FCD0FC495E80F0097
:10FF880084E80F003A4631466846FFF765FF09B036
:10FF9800F0BD00BF903E0300F0B589B06C46064640
:10FFA8000F46074D0FCD0FC495E80F0084E80F00EA
:10FFB8003A4631466846FFF74FFF09B0F0BD00BF2B
:10FFC800B03E0300002330B5084A32F8235002EB54
:10FFD8008304854203D1002063880B8030BD013340
:10FFE8001E2BF2D14FF0FF30F8E700BF724401201A
:08FFF800F0B4114C0022238833
:020000021000EC
:1000000085681E2B04BF00232380068B21880D4B9F
:1000100033F822C003EB820765450CD001321E2A5B
:10002000F6D123F8215003EB810301315E8021805A
:10003000F0BC16F023BD23F822507E80F8E700BF05
:10004000704401207244012073B5054610460E46E7
:1000500014461BF0DBFB019098B12246314622F09A
:100060007DFA8DF80050002200236946064822F0F0
:1000700079F820B1019822F036FA6FF0680002B0EA
:1000800070BD6FF00B00FAE764EA002002460B46F1
:10009000014818F063B800BF50EA0020014818F08A
:1000A0002DB900BF50EA0020002307B58DF80000ED
:1000B0000193002200236946044822F053F80028E7
:1000C00018BF6FF0680003B05DF804FB64EA00201D
:1000D00000200C4BC3E900330B4BC3E900330B4B3F
:1000E000187058600A4BD3E8EF2FC3E8E10F0029DE
:1000F000F9D1084BD3E8EF2FC3E8E10F0029F9D17C
:10010000704700BF643001205C3001206C3001205A
:100110007830012074300120024B1868C31A58420D
:1001200058417047643001204FF0FF3110B504464C
:100130004FF0FF30FFF7AAFF0D4A1168914209D135
:10014000FFF7ACFF002010BDA14206D010461EF004
:10015000E8FB01460029F7D1F2E7D1E9003213604C
:100160005A600023C1E90033FFF798FF0120EAE756
:100170006430012038B54FF0FF3105464FF0FF30B5
:10018000FFF784FF0D4A146894420CD10024FFF756
:1001900085FF204638BDE368AB4207D021461046B4
:1001A0001EF0BFFB0446002CF5D1F0E7D4E9003285
:1001B00013605A600023C4E90033E8E7643001208B
:1001C0004FF0FF3110B504464FF0FF30FFF75EFFF0
:1001D0000A4A116891420BD10024FFF75FFF2046C5
:1001E00010BDCB68A34206D010461EF09AFB014614
:1001F0000029F6D1F0E70124EFE700BF64300120C9
:1002000073B505460E464FF0FF304FF0FF311446F0
:10021000FFF73CFF164A116891420DD12B46022090
:10022000144A15491EF044FA10E0CB68AB4212D0D4
:1002300010461EF076FB01460029F6D1EEE7D1F814
:100240008C0058B12246314622F088F902B0BDE850
:100250007040FFF723BFB4F52F7FF0D94FF42F7311
:1002600002200093034A234604491EF021FAEDE7D9
:1002700064300120E3FF0300F3F60300BAF6030045
:1002800070B506460C464FF0FF304FF0FF31154673
:10029000FFF7FCFE194A116891420AD1BDE870408F
:1002A000FFF7FCBECB68B3421ED010461EF039FBF0
:1002B00001460029F6D1F1E7012D0BD01049114874
:1002C00040F29313104A1FF08CFB40F293110E483A
:1002D0001FF07EFB2368C1F879306368C1F87D3078
:1002E0002389A1F88130D9E7002DE5D12368C1F831
:1002F0007930237981F87D30D0E700BF6430012068
:1003000062F70300CE4E030028F70300F8B5064657
:100310000F464FF0FF304FF0FF3114461D46FFF7F8
:10032000B5FE184A1168914214D1BDE8F840FFF7B4
:10033000B5BECB68B34209D3BB4207D801F17903FC
:100340005DB92068C1F879002079187110461EF057
:10035000E8FA01460029ECD1E7E7012D0BD00A4964
:100360000A4840F2AB130A4A1FF03BFB40F2AB11C4
:1003700007481FF02DFB20681860606858602089CE
:100380001881E3E76430012062F70300CE4E0300DA
:1003900028F7030070B54FF0FF3106464FF0FF30ED
:1003A00015461C46FFF772FE0C4A116891420AD1AD
:1003B000BDE87040FFF772BECB68B34206D010466E
:1003C0001EF0AFFA01460029F6D1F1E7D1E9143267
:1003D0005B1944EB0204C1E91434E9E764300120FD
:1003E00038B5F0210546012022F084F8044628B9EA
:1003F000074908481FF084FA204638BD08230372D5
:100400000023C0F88C30037400F118032B60F3E76D
:100410008CFF030087F7030038B5F0210546012063
:1004200022F068F8044628B9074908481FF068FA1E
:10043000204638BD052303720023C0F88C300374B6
:1004400000F118032B60F3E758FF030087F7030060
:10045000D0E900210A6051600022C0E90022054B6A
:10046000D3E8EF1F0139C3E8E21F002AF8D11EF0DC
:10047000E0BA00BF74300120F0B506460D4685B0E5
:1004800089B9234A87681468944209D105B0F0BD40
:10049000E3689F4208D0214610461EF042FA044607
:1004A000002CF5D1F2E70C46237A03F0FD02012A75
:1004B00001D0062B0ED1D4F894305BB10123009308
:1004C0002046D4E914231EF057FAB8B90220114986
:1004D0001EF0EEF8E16A19B1D4E9142330468847DA
:1004E000236B1BB1226C0AB9B0689847002DCDD19F
:1004F000204605B0BDE8F040FFF7AABF94F892305F
:1005000002908DF80C3002A8D4F894309847E1E7B7
:100510005C300120BBF7030010B5114A00241168BC
:1005200091421AD100200F491EF0C2F82246002045
:100530000D491EF0BDF800200C491EF0B9F80C4B17
:10054000D3E8AF2FBDE81040002007491EF0B0B837
:1005500010461EF0E6F9014601340029F8D1E1E722
:1005600064300120EDF7030004F803001AF80300DB
:10057000743001202DE9F04F95B00446FDF7EEFCF4
:100580001290002C4ED0236D0C93636D0D93A36DD0
:100590000E930E9A9F4B002A08BF1A4694F85C30BF
:1005A0000E92002B42D04FF4615794F85E600C9B82
:1005B000A6FB076AF6180D9B43EB0A0AB4F86230F3
:1005C000626EA3FB0737002A1CBF13460027227A5E
:1005D0000F92129AB2184AF10001D3180B930F9B95
:1005E00047EB0107012B2FD0082B05D84FF4CA7316
:1005F0000F9AD340DB0727D40E9B0C9A0B999A18BD
:100600000D9B43F10003914277EB03011CD3CDE92D
:1006100002230B9B0220CDE900377F4AE3687F4924
:100620001EF046F8002015B0BDE8F08F4FF4E1470A
:1006300094F85D600C9BA6FB076AF6180D9B43EBD4
:100640000A0AB4F86030BBE74FF400400021FFF71E
:100650001DFD18B1012072491EF02AF8714B1A686D
:100660009A42119240F066816E4B5A68C4E900329A
:1006700014605C603FE14FF4E14995F85D80B5F8A6
:100680006020A8FB098B18EB01084CEB0B0BFAE080
:10069000227C002A5DD1CDE90839CDE9068BEB68D3
:1006A000CDE9006A04930B9B5B4ACDE902375E49B2
:1006B000E36801201DF0FCFF4BE0DDE90C20604504
:1006C00008BF8A4278D10E9A10998A4210D0EA68FF
:1006D00013930E9B0592E26802930C9B0492039184
:1006E000009301904C4A012050491DF0E1FF139BFB
:1006F0000B9A424577EB0B0227D3B34279EB0A0200
:1007000023D32A7A0F998A420ED8CDE90839CDE948
:10071000068BEB68CDE9006A04930B9B3E4ACDE95A
:1007200002374349E368E2E0227C92B9CDE9083917
:10073000CDE9068BEB68CDE9006A04930B9B364A42
:10074000CDE902373B49E368B3E746457AEB0B0B4B
:1007500005D26B68C4E900531C606C60CBE029468D
:1007600030481EF0DEF8864600283FF47DAFD0E921
:100770001421DDE90C30884208BF93420FD19EF866
:100780005C30A3B14FF4615C9EF85E30A3FB0C3C7F
:100790009B184CEB010C9E427AEB0C0C50D2DEF80D
:1007A0000430C4E900E31C60CEF80440A3E04FF439
:1007B000E14C9EF85D30E9E70B9A424577EB0B027E
:1007C0003ED3B34279EB0A023AD32A7A0F998A428E
:1007D0000ED8CDE90839CDE9068BEB68CDE9006A82
:1007E00004930B9B0C4ACDE902371349E3687EE082
:1007F000227C002AADD1CDE90839CDE9068BEB6822
:10080000CDE9006A04930B9B034ACDE902370B49FB
:10081000E3684EE7008C0A00BEFF030036F80300D1
:1008200094F80300643001205CF90300F1F903003F
:1008300060FA0300FAFA03008FFB030029FC0300AF
:10084000294643481EF06DF80546002D3FF40CAFD5
:10085000D5E9141CAB6D1093109A3E4B002A08BFCB
:100860001A4695F85C301092002B3FF404AF4FF419
:10087000615995F85E80B5F86220A8FB098B18EBEA
:1008800001084CEB0B0B6B6EA2FB0929002B1CBF64
:100890001A464FF00009129B5B184CF1000E9B1892
:1008A0000C9A49EB0E098A420D9A72EB0C02BFF4C6
:1008B00004AF0B9A424577EB0B02FFF44AAFB34209
:1008C00079EB0A02FFF445AF2A7A0F998A423FF684
:1008D000DFAECDE90839CDE9068BEB68CDE9006ADA
:1008E00004930B9B1C4ACDE902371C49E3680120A5
:1008F0001DF0DEFE0024FFF7D1FB154B119A9A4242
:100900001ED1174B5D68BDB14FF4004640F2E73091
:1009100000214FF47A720023E5FB0601F8F768F92D
:1009200002460B4600200021CDE900010D481AF0D7
:1009300055FD03E0119D88E71EF0A1F8204672E600
:1009400000220023CDE90023A4220023EEE700BF0C
:1009500064300120008C0A00BEFF0300C2F80300CF
:100960006C30012030E900202DE9F04FBFB04FF08E
:10097000FF334FF0FF329B4817A917F009FB9DF892
:100980005C300A93013B082B00F26E84DFE813F021
:100990000900DA03DF0310045B04C803D603600414
:1009A00066044FF0FF314FF0FF30FFF76FFB8E4BC7
:1009B000D3E8AF3F9BB21E2B88BF00238B4898BF64
:1009C0008B4A046898BFD35C84420D9300F09C80EE
:1009D000002C00F099804FF0000A21461DF0A1FF85
:1009E0004FF00108D146D3460490CDF814A0CDF8BD
:1009F0000C80002C00F08880FFF7CAF9236DCDE948
:100A000008010693636D0A460793069B181A079B15
:100A100063EB0101002957DAE368616A1E93089BC2
:100A20001D921C93734B1F9319B1DDE906231CA87B
:100A30008847E36A1BB121461CA8FFF71DFD1CA8CF
:100A40001DF08EFE236C002B0DDD013B236453B99A
:100A5000E363236B1BB121461CA8FFF70DFDA36ABE
:100A60000BB1E0689847E56BC5B1069B2046ED18D1
:100A7000079B43F10006FFF757FB237A2046052B1F
:100A800008BFC4E93456C4E91456FFF773FD0028C3
:100A900040F04183584959481EF032FF039B13B17F
:100AA0002046FFF741FBB8F1000F02D020461DF0B1
:100AB000C0FF049B002B00F0318319464B481DF00A
:100AC00030FF049C049094E70D9B9A4505D30022C7
:100AD0000023CDE90023A42212E0F7F7C3FC002293
:100AE000474BF7F717FE0022464B06460F46F7F72F
:100AF00077FF90B100220023CDE9002340F6CD42DC
:100B0000002341481AF06AFCFFF7C8FA1898002839
:100B10003FF42DAF21F0E7FC29E7334BD3E8AF3F9B
:100B20009BB2112B05D930463946F7F7A1FF7C2837
:100B3000CDD894F85C50002D45D04FF4615294F814
:100B40005E30A3FB02320699CB180B93079B43EB55
:100B500002030C932D4B1B78012B00F0B881237AF4
:100B600003F0FD02012A02D0062B40F05D81002235
:100B7000274B94F878101A77228F5A82E2689A608D
:100B8000A269DA600B9A1A600C9A5A6004F1790231
:100B9000F1B9D4F879001974137919908DF8683087
:100BA0001B4D19ABAB61D4F88C30002B38D11949EF
:100BB00040F28243184A19481EF013FF40F2824166
:100BC00015481EF005FF4FF4E14294F85D30B8E798
:100BD0000121D4F879001974516819AB03C3128943
:100BE0001A80DDE764EA00207830012064300120BB
:100BF000DAFE0300E7030A1A20FF0300BEFC03002D
:100C000000E0F04000407F4030E900206C300120DF
:100C100048F70020F7FC030028F70300CE4E03003E
:100C2000B4F88A20C5E9083294F89030002B40F0DF
:100C3000C480A84DD4F8843094F898706B6194F80F
:100C400088306B74002F40F0BA8094F89130002BFC
:100C500000F0DF801822394624A821F0A6FC00F01D
:100C600015FC4FF4615390F83A20D4F818C05A4359
:100C7000119290F83920B4F81CE0A2FB03231593DD
:100C80005FFA8CF312936B8A149210930A9B0222E0
:100C9000139340F29B23CDE90E32CDF892708D4E26
:100CA0002AAD0FCE0FC50FCE0FC596E80300149BDB
:100CB00085E803002093159B8DF8967021930E9B79
:100CC00034ADCDE9223C0F9B20AE8DF89030109BC7
:100CD000ADF89830119BADF8A2E02793129B8DF8E8
:100CE000A030139B8DF8A1300FCE0FC50FCE0FC5CE
:100CF00096E8030085E803002AA815F0B5FF05462D
:100D0000002800F08A80734B02469B687249734842
:100D10001EF0F6FD616AB9B10023ADF87E30E368DC
:100D2000002D1E930B9B1CA81C930C9B1D9340F243
:100D3000E733ADF87C3041F60C2308BF0023ADF853
:100D40007E30D4E914238847E36A227A002B40F0EE
:100D5000CD80636B002B40F0C980531E012B00F245
:100D6000C780012A236C04D1D4F89410002940F0E4
:100D7000C980002B40F3CB804FF00109013B236475
:100D8000002B40F0F6800023226BE363A36A002A65
:100D900000F02181002B00F0BA80E0689847B6E0AF
:100DA0002F6A01212AA811F06BFD9DF8A830BB55D0
:100DB00001366B6A9E42F3D33BE70026F9E720AD8C
:100DC00004F1A8060FCE0FC50FCE0FC596E803009D
:100DD000D4F8A83085E803001493D4F8AC30D4F8E4
:100DE000B4C01593D4F8B03094F9BE700E9394F853
:100DF000B8300F93B4F8C0301093D4F8C430B4F8BE
:100E0000CAE0119394F8C830129394F8C930139340
:100E100045E7284615F076FE71E731481DF087FD5D
:100E20000620FFF741F975E7052B15D12AAD04F12E
:100E3000D0060FCE0FC596E8030085E803002AA868
:100E400015F086FF054600283DD00346224A254975
:100E500002201DF02DFC5DE7182200212EA821F0B4
:100E6000A4FB5DB34FF46152B4F86230A3FB0232CD
:100E7000626E2AA8002A18BF1346E26E2D92226FD6
:100E80003292228F3193ADF8C020E3682C9394F80E
:100E900074308DF8B8300023CDF8BA3094F868304B
:100EA0008DF8BE300B9B2A930C9B2B93FFF7A4F875
:100EB000054640B102462C9B0B49C9E74FF4E1427D
:100EC000B4F86030D2E706481DF031FD22E76FF03C
:100ED0000A051FE748F70020F9FE030035FD03006F
:100EE000783001206CFD030094FD03004FF00109F0
:100EF00002F0FD03012B01D0062A36D1D4F894303C
:100F0000002B32D0236C002B26DC01230593059B9C
:100F100020460093DDE906231DF02EFD83460028C0
:100F20005ED1E368994A9A4902201DF0C1FB9949B4
:100F3000E3681F91E16A1E93D4E91423CDE91C23D1
:100F4000002968D1236B13B1226C002A66D00023DC
:100F50004FF0010905930FE0013B2364002BD4D12E
:100F60004FF00109CDF814900DE7236C002B3FF7EB
:100F700005AFB9F1000FCAD1E66B002E00F0AE80CC
:100F8000D4E914372046F61847F10007FFF7CCF8EC
:100F900094F84430C4E9146733B1E368E26C013378
:100FA000934288BFA36CE360237A032B03D0062B04
:100FB00037D0012B4FD194F89930002B34D0D4F88E
:100FC000B030D4F8A02001339A4201D2D4F89C303A
:100FD000C4F8B03028E0002BCBD0E0689847C8E7D1
:100FE0006D4A1168914213D153686C48CBE90023D4
:100FF000C3F800B0C2F804B01DF099FCA7E7C868B8
:10100000DBF80C309842A2D010461DF08AFC014655
:101010000029F4D1E8E71CA8884793E7E0689847DF
:1010200095E794F8993073B92046FFF7A3FAB8B161
:10103000002D62D10AF101031FFA83FA4FF0010873
:10104000CDF80C8035E5D4F8B030D4F8A0200133C9
:101050009342BBD8BCE7052B08BFC4E93467E3E77C
:10106000E3680220494A4E491DF022FBA36A0BB1F6
:10107000E0689847236B73BBE3681E93089B1C933F
:10108000099B1D9340F2E733ADF87C3041F60C2309
:10109000ADF87E30BBF1000F03D059461CA8FFF716
:1010A000EBF91CA81DF05CFB3E4BD3E8AF3F9BB2B5
:1010B0001E2B2CD84FF0000B3B4A12F803A0039BC9
:1010C00013B12046FFF730F8B8F1000FB6D0204634
:1010D0001DF0AFFCB2E7E0689847CDE795B1E36853
:1010E0000B351E93089B1C93099B1D9340F2E7331D
:1010F000ADF87C30CAD10023CAE74FF00008CDF824
:101100000C80ECE70AF101031FFA83FAD7E74FF0EE
:10111000000AD346D3E74FF0000891E70498D0E4E3
:10112000002020F084FD002200232048CDE9002388
:1011300042F2676200231AF051F9E7E4002020F040
:1011400079FDE3E400211898FFF796F9DEE4124EEA
:10115000189D3468B4423FF4D9AC05F11008002C56
:101160003FF4D4AC676B57B1B5F90A3042460193EE
:10117000B5F908300093EB68D5E90001B84721467E
:1011800030461DF0CEFB0446E9E700BF20FF030018
:10119000C4FD0300E7030B1A5C300120743001200A
:1011A000EEFD030078300120DAFE0300F8E80020AD
:1011B0004FF0FF304FF0FF31FEF768FF00252D4C58
:1011C0002368A3421DD16460FEF768FF2A4C2368A0
:1011D000A34229D10022294B6460D3E8EF1FC3E862
:1011E000E02F0028F9D12368A3423FF48FAC2449B3
:1011F00040F2D533234A24481EF0F3FB40F2D531A8
:10120000DEE4606838B92149EC231E4A1E481EF00E
:10121000E8FBEC21D4E4D0E9003213605A60C0E965
:1012200000551DF006FCCBE7606848B917494FF43C
:101230007273144A14481EF0D4FB4FF47271BFE469
:10124000FFF706F9C3E7189B18681DF000FC5DE482
:1012500001220F4B1A701DF07DFA57E400220C4B4F
:101260001A701DF07AFA51E401200A9A09491DF01A
:101270001FFA4BE4643001205C30012074300120FF
:1012800085FE030028F70300CE4E030055FE030041
:101290006C300120ADFE0300014B58600020704708
:1012A0006C300120014610B40E4BD3E8AF2F52B181
:1012B000501ED3E8EF4F944204D1C3E8EC0FBCF1C9
:1012C000000FF6D1F1D1084BD3E8AF3F002B05DD7D
:1012D000102202205DF8044BFEF7B6BE00205DF838
:1012E000044B7047783001207430012070B50B49F1
:1012F00015461E46F7F7B4FC044660B9482230464E
:101300000749A847051E04DA294606481EF0F8FAE0
:101310002C46204670BD6FF00104FAE7EB00040094
:1013200040DB00203F000400262313B5244A254C4F
:101330004FF00111C4E900230023C4E90213022184
:101340000DF1060011F09CFA4FF6FE72BDF8063062
:1013500044F60130B3FBF2F102FB11330133A381F8
:1013600041F288320023C4E9102340F2DA736FF0AF
:10137000540CC4E904036FF04603C4E906C30CF03F
:10138000FDFE044628B102460F4910481EF0B8FA87
:1013900008E00F481FF026F9044630B101460D4819
:1013A0001EF0AEFA204602B010BD0B480CF028FD2E
:1013B00004460028F6D0024603490848E6E700BF85
:1013C0007856341240DB00208001040070000400D5
:1013D00088E20020F0840400A9000400BB0004009F
:1013E00070B50146054648220C480CF0D7FC0C4B62
:1013F00004469E8930B102460A4902201DF058F980
:10140000204670BD29464822184621F0A7F8064913
:10141000868120461DF04CF9F2E700BFD900040098
:1014200040DB0020FB0004002501040038B5482201
:101430000C490D480CF0B2FC0C4B04469D8930B1B0
:1014400002460B4902201DF033F9204638BD4822E0
:101450001846044921F082F80649858120461DF08E
:1014600027F9F2E728410300D900040040DB0020FF
:10147000400104006A01040008B54822024921F035
:101480006DF8002008BD00BF40DB00200048704719
:1014900040DB002030B504460D4695B0502268462A
:1014A000044921F05BF82A4621466846FEF7D8FC3D
:1014B00015B030BDD03E0300C289A2F5D0530A3B1F
:1014C000022B03D8034902201DF0F2B80AB10249E9
:1014D000F9E770473E020400790204000022044B41
:1014E0009A601A605A6040F281121A81704700BFF8
:1014F000D0E7002038B505460B4C48220021204695
:1015000021F053F8094BE36195F91000FEF798FCC0
:101510000F23638442F20F73E3844DF6F10384F8E2
:101520002100238538BD00BFC0FB00208101C4C459
:101530002DE9F041ADF53E7DFFF7A8FF0446244EAE
:101540002022002104A821F030F84FF42F7200214E
:101550000FA8D4F80080758AA78821F026F86823A0
:101560008DF83C30636806F1BA040FA92046ADF847
:101570003E301DF0BBFA40F29A23CDE90638012334
:101580008DF820308DF82C300423ADF822500C94C7
:1015900006F1880504AC0D930FCC0FC50FCC0FC519
:1015A00094E8030000230DEB010253601381302304
:1015B0007FBA137006F1B00385E8030082F801805A
:1015C000578007CA03C31A800DF53E7DBDE8F08140
:1015D00080FB002038B5104D95F8610095F95F400B
:1015E000FEF71EFC95F95E309C420DDA1B1B002BAA
:1015F000B8BF5B42C01A04B2688AFCF75FF9A04228
:10160000A8BF204680B238BDE41A002CB8BF64429F
:10161000044424B2F0E700BF80FB00202DE9F04F26
:10162000ADF5617DFFF732FF0022634EB0F8049004
:1016300090F800B006AC824696F92000C4E900227A
:101640002281FEF7FDFB718A1DF059F87169059042
:10165000C1F3072302935FFA81F8FEF799FB054671
:101660000F46564999FA99F96B1896F82610039384
:1016700047F10003049300295FD1059A02F00F029D
:1016800084F806800DF12408C4462178029B01F0FD
:101690000F0141F0300121702179A4F8029062F32A
:1016A0000711637184F801B0217194E80700ACE878
:1016B0000300ACF80020662200248DF8C420DAF87C
:1016C00004200DF18409ADF8C62096F8272031A931
:1016D00048468DF8C52032941DF008FA728A8DF8BC
:1016E0004C40ADF842200822CDE91492DAF81C20D3
:1016F00011948DF84120DAF80020CDF848800F923F
:101700004FF0010843F69822039B0CA80C93049B0E
:101710008DF840800E920D9315F0F4F90446A0B1B7
:101720000E9B274A00932749034602201CF0C0FF66
:1017300020460DF5617DBDE8F08FFFF74BFF40B20D
:10174000FEF77EFB00F00F029AE71C22014619A863
:1017500020F02BFF1C4AAD1843F69A2247F10007F0
:10176000CDE916571892DAF800208DF87980199291
:1017700096F825208DF86E20728AADF87020DAF880
:1017800000208DF87820DAF80430ADF87A300F4B6D
:101790001D9396F8283013B118238DF8693016A8D8
:1017A000FEF72AFC04460028C2D00246189B0220FD
:1017B00007491CF07DFFBBE780FB002000603D086F
:1017C000C5180400A902040080B13E0800709914F5
:1017D000DC0204002DE9F04FADF5437DFFF756FE26
:1017E0009D4D064695F82430013BDBB20893037803
:1017F0000993838895F920005BBAADF83E3095F8DF
:1018000021300A93FEF71CFB6B690B90C3F3072290
:10181000DBB20C920D93FEF7BBFA88464FF487318A
:101820000746306C746CA0FB010C4FF47A720023F5
:1018300001FB04C1F7F7DCF90522A0FB020302FB60
:101840000133C21995F8240043EB0803013895F8D9
:101850002110C0B2109211931CF0C0FF0FFA80F952
:10186000B9F1000F804609DC02207C491CF020FF02
:101870004FF0FF300DF5437DBDE8F08F95F829203E
:10188000002A00F0E4804FF0010B4FF0000A744B87
:101890009F7887F001079F70B5F91A30714C0E934D
:1018A000714B95F821C0002A18BF23466A4C95F861
:1018B00022E094F9252095F82410B5F91800CDE917
:1018C00006320E9BFF000593EB69CDE9010CCDE9D3
:1018D00003E300916A8A4B46002064491CF0E8FE4D
:1018E000089B0B9A03F00F0343F0100343EA4A13DB
:1018F00084F8A836099B012584F8A936BDF83E3046
:1019000067F07F07A4F8AA360A9B1FFA88F803F04D
:101910000F0343EA021384F8AC360C9B84F8AF76CD
:1019200084F8AD360D9BA8F1080184F8AE3645F277
:10193000011343EA0B13A4F8B03664238DF84C303E
:1019400094F8273089B28DF84D30736804F57B77B1
:1019500015A8ADF84E30ADF85210ADF850501CF04F
:101960009EFF384613A91DF0C1F81DF0B1F81022F2
:10197000C4E90201002104F1300020F016FEBDF898
:1019800050304FF43462A4F8E83343F2C823A4F88B
:10199000EA834FF00008C4F8C03694F82230618A18
:1019A0005343C4F8CC3694F82330A4F8CA16C4F8CC
:1019B000D87684F8D486C4F8DC9684F8C9363368BF
:1019C00084F8C856C4F8C43604F5D563C4F8D036D4
:1019D00043F2BC43C4F8E8364FF4615396F839201B
:1019E00012A8A2FB0323C4F8E0264FF48732C4F800
:1019F000E436336884F80157C4F8EC36336884F869
:101A000000377368A4F8F816A4F80237B4F91A304E
:101A100084F8F0865343C4F8FC36C4F8F28694F890
:101A2000253084F8F63694F8283043450CBF4346F9
:101A3000182384F8F1361CF0DEFF0746FFF726FD79
:101A4000C7B902200A491CF033FE002012E7012723
:101A50009346BA4620E700BF80FB0020382C0400E4
:101A600080F90020090304000D03040010030400A2
:101A7000C80304000268129B1A604268129B5A60F5
:101A8000626983F845809A60628AC3F87C801A8410
:101A9000109A83F879809A63119ADA6394F829206E
:101AA0002AB13A4A83F87A80DA6783F879504FF09E
:101AB0000009374A37495A61B4F91820A3F84A9007
:101AC0004A435A62E2694FF001089A62324A334E41
:101AD0001A6194F8242003F19005A3F84820D4F863
:101AE000CC26DA6694F9C92683F8702003223A726C
:101AF00083F880800FCE0FC50FCE0FC596E8030088
:101B000085E80300D4F8DC26D7F88C00A7F88A20F3
:101B1000D4F8D81692B220F021FD583E87F878808C
:101B200003CE43F2F922C7F87D1043F2C821C7F86B
:101B30007900338843F2BC40A7F88130129BC3E997
:101B40000C1283F82C80D4F8C026FA6043F2ED42E0
:101B500083F88180C3E921023846FEF70BFD40B9C6
:101B600002200F4A0F491CF0A3FD38461CF061FF0C
:101B70006BE7B7F88A20236B13442363129BD3E9E6
:101B80000E2384F8DA93C4E9F8235EE7BD2101004F
:101B9000E91E010000B01E041D25010060020120A5
:101BA000A4180400250404002DE9F04FB94CADF24F
:101BB000DC7DA06CD8B9B8491CF07AFD0025002264
:101BC0000023B44C04F11000C4E9EE23C4E9EC2373
:101BD000E562A4F8CA53FFF78DFC1022294604F1F0
:101BE00030000DF2DC7DBDE8F04F20F0DEBCD4E922
:101BF000EC32D4E9EE01C01A61EB020100234FF48C
:101C00007A72F6F7A5FFF6F72DFC4FF4F072064650
:101C10000F4620A8002120F0C8FCB4F8CA239F4931
:101C200020A81AF069FD20A8F7F724F820AD3B465C
:101C300032469B4928441AF05FFD2846F7F71AF808
:101C4000A26B984928441AF057FD2846F7F712F876
:101C5000226C954928441AF04FFD2846F7F70AF8F8
:101C6000A26C924928441AF047FD2846F7F702F87B
:101C7000E26C8F4928441AF03FFD2846F6F7FAFF38
:101C8000226D8C4928441AF037FD2846F6F7F2FFFA
:101C9000626D894928441AF02FFD2846F6F7EAFFBD
:101CA000A26D864928441AF027FD2846F6F7E2FF80
:101CB00094F95C3094F95D20814928441AF01CFDA8
:101CC0002846F6F7D7FF054694F86100FEF7A8F816
:101CD00020AB02467B4958191AF00EFD20A8F6F7F2
:101CE000C9FF054694F86200FEF79AF8064694F894
:101CF0006300FEF795F8034620A83246724928444F
:101D00001AF0FAFC20A8F6F7B5FF20ADB4F9683058
:101D1000B4F966206D4928441AF0EEFC2A466C4955
:101D200000201CF0C5FCFFF7B1FB4FF000088388D2
:101D3000074690F800B05BBA618A94F86100ADF88C
:101D40000E30CDE90688ADF820801CF0D8FCB4F840
:101D5000CAA30490FEF71CF889464FF4873105901A
:101D6000386C7D6CA0FB010C4FF47A7201FB05C14D
:101D70000023F6F73DFF0122059B00184941C518D5
:101D800049EB01034FF4F270114605931CF02EFD50
:101D9000BDF80E3000F00F09ADF81A30049B49F081
:101DA00030028DF818201A0142F001028DF81C2033
:101DB0008DF81EA04FEA1A220DF1240AD4468DF8A0
:101DC00019B006AE8DF81D2096E80700ACE80300B8
:101DD000ACF80020672243F6992B8DF860227A68D0
:101DE0000DF21C56ADF8622294F8272020A999A87C
:101DF0008DF8612220F010FD304698A91CF076FE87
:101E0000386897F91C10628A059B0C95149616ADDC
:101E100004F56076CDE90EB00D938DF84110ADF864
:101E200042200FCE0FC50FCECDE9118A8DF84C8020
:101E300001274FF4F2780FC50023264A8DF8407031
:101E4000CDF8548096E8030085E803000CA8CDE99E
:101E5000162314F009FF054650B103461E4902201F
:101E60001E4ACDF800B01CF023FC02201C49A3E65A
:101E70001CF02EFEB4F8A833C4E9DE010133A4F847
:101E8000A833424628461749009709F101031CF080
:101E90000FFC93E680FB0020580404008E0404002D
:101EA000B5040400E1040400030504002505040052
:101EB0004D0504006F05040091050400B3050400FE
:101EC000D5050400F50504000B06040029060400EE
:101ED00000F1030080510100A9020400551804001C
:101EE000470604006B060400C18939B90449C1E9F9
:101EF000F4230B6BB1F8EA2313440B63704700BF64
:101F000080FB002000B5094A7346117831B90220E0
:101F1000074A08495DF804EB1CF0CABB00231370A4
:101F200010205DF804EBFBF74FBB00BF80FB0020E7
:101F30008D180400A50604002DE9F0470C468AB070
:101F4000054691469846FFF7A1FA012C82465D4E60
:101F50005D4F23D1F36A0133F3620124AE46DFF80B
:101F600088C13470BEE80F00ACE80F009EE807009F
:101F70008CE807002B78DAF80400A3426A6826D0C0
:101F8000022B3CD0514940F21713514A51481DF0E1
:101F900028FD40F217114E481DF01AFD4FF4E16282
:101FA0000021304620F001FB1CF092FDC6E9020141
:101FB0002846FFF79FFA002301227B717A707B800D
:101FC00087F8052187F80121A7F80231C5E700212C
:101FD0004FF0000A0B0207EB012107F803A0C1E94B
:101FE000020281F803A081F804A0FFF7A1FA2F787C
:101FF000012F06D10AB0BDE8F047FFF7EBBB214641
:10200000E6E7022F09D0344940F23F43304A3148D5
:102010001DF0E7FC40F23F41BDE795F915306A88B5
:102020002E4950461CF044FBFFF730FA1C220446B0
:10203000514603A820F0B9FA43F2B063CDE9009805
:10204000029323688DF81070039396F825308DF86D
:102050001630738AADF8183001238DF821302368CB
:102060008DF820306368ADF822304FF0FF330793CE
:1020700096F8283013B118238DF811306D46184C9E
:102080000FCD0FC40FCD0FC495E8030084E8030003
:102090006846FDF7B1FF044650B10146029A114867
:1020A0001DF02EFC0023337020460AB0BDE8F087F7
:1020B0001CF00EFDB6F8A833C6E9DE010133A6F820
:1020C000A833F1E780FB002080F900200507040019
:1020D000CE060400CE4E0300FD06040029070400CE
:1020E00000FF00206107040090FB002073B5054647
:1020F00010460E46144619F089FB019078B122462D
:10210000314620F02BFA8DF800500022002369465A
:10211000044820F027F810B1019820F0E4F902B04B
:1021200070BD00BFE8EA00202DE9F0410446ADF59E
:102130003C7D6D4626468846B0F904304FF43C722B
:1021400003EBD373002168465F1020F02EFA0FCE08
:102150000FC533682B60174D0A9395F86100D8E9D5
:102160000023CDE90823FDF75BFE95F86030216977
:102170008DF830306B8AB1F52F7FADF82E00ADF8B9
:102180002C70ADF814300FD80A460DF13100E1681B
:1021900020F0E4F94FF43C7269460320FFF7A6FFF4
:1021A0000DF53C7DBDE8F0814FF42F7202481DF023
:1021B000A7FBF5E780FB00209207040073B50479C4
:1021C0000568184E2002103030445CB116494FF4B7
:1021D000A073164A16481DF004FC4FF4A071134872
:1021E0001DF0F6FBB5F88A30B3F52F7F09D91149F8
:1021F00040F241130D4A0E481DF0F3FB40F241112D
:10220000EDE729461CF0A1FB28461CF012FCF369FF
:10221000082269460A2001938DF80040FFF766FF07
:1022200002B070BD80F90020E9070400CE0604006A
:10223000CE4E030007080400002307B58DF8000008
:10224000019300220023694604481FF08BFF10B160
:10225000019820F048F903B05DF804FBE8EA00209B
:1022600008B5074A074B1068516803C390681860A7
:10227000FFF734F9BDE808400920FFF7DDBF00BFD4
:10228000D0E70020F8FB0020F0B5044600F1080577
:102290002846A3B0FDF790FD2278D31E092B00F24B
:1022A0002B81DFE813F00D0114011B011B0022013B
:1022B0000A003100CE00DE00E6000021608C924B67
:1022C0008142C0F2E4801A88013292B2C82A1A8090
:1022D00018D123B0BDE8F040FFF7C2BFD4E9022314
:1022E000CDE91023236910A81293E38AADF84C308E
:1022F000A38AADF84E30FEF7D5FF1022012010A9B9
:10230000FFF7F4FE23B0F0BD14AD04F110060FCEBC
:102310000FC596E80F0085E80F00D4F81E30CDF801
:102320007230D4F82230CDF87630E38CADF87A30C4
:10233000D4E90223CDE91023D4E90423CDE9122303
:10234000A38BB3F5807F78D1704D2B7C022B74D199
:10235000A37F1F2B71D8E27F95F8B1309A426CD1E0
:1023600094F8232095F8B2309A4266D194F824204C
:1023700095F8B3309A4260D1FFF788F806AE8835F9
:1023800007460FCD0FC60FCD0FC695E803006B466D
:10239000083586E8030095E8070003C394F8220097
:1023A000BDF82A100009A67F1CF0A9F94FF0010E14
:1023B0009DF8002094F825306EF347128DF8002028
:1023C0009DF80720990961F387128DF807206A4666
:1023D00003F0070394F820C094F8215003FA0EF399
:1023E000000143F48873ADF808308DF804008DF8CF
:1023F00005C08DF8065003AB07CA03C34FF4E14193
:102400004FF4615006F00F061A80013603AB0C93AF
:10241000D4E90432E1FB063297F83B10A1FB00102F
:102420005B1842EB000206A8CDE9063214F0AEFBC1
:10243000014610B136481DF063FA4822062010A963
:102440005EE7D4E9022312AD1034CDE910230FCC9E
:102450000FC594E80300202285E80300042010A99A
:102460004EE7294604F1100023B0BDE8F040FFF725
:102470005BBED4E902231034CDE9102394E80700B1
:1024800012AB83E807001822052010A938E7626A1A
:102490005256002A04DD5A8801325A8001310FE772
:1024A00003D19A8801329A80F8E793F9085095424F
:1024B00093F90950B8BF1A729542C8BF5A72EDE736
:1024C00004F1100023B0BDE8F040FBF781BA04F13D
:1024D000100023B0BDE8F040FBF75CBA04F1100037
:1024E00023B0BDE8F0401CF018B904F1100023B08F
:1024F000BDE8F040FBF77ABA0649074823B0BDE8CB
:10250000F0401DF0FDB900BFD0E7002080FB0020A7
:102510005108040015180400D6DD0300A0F54B5047
:102520000838312808B50BD90849094840F20E335C
:10253000084A1DF056FA40F20E3106481DF048FADE
:102540000820BDE80840FFF777BE00BF7A08040006
:10255000CE4E0300CE06040038B501214FF42F7093
:102560001FF0C8FF012105464FF42F701FF0C2FF76
:10257000044605B120B90220084A09491CF098F820
:102580004FF4E1620021074820F00FF8064B0020CD
:10259000C3F89C50C3F89C4138BD00BF021804002A
:1025A0009F08040080FB002080F90020F8B54E4C05
:1025B000D4E902561CF08CFA401B61EB06014FF483
:1025C0007A720023F6F7C4FAF5F74CFF06460F4679
:1025D00043F2C82043F2F9211CF040FA43F2ED41E6
:1025E00043F2BC401CF03AFAFBF73AFC00203F49AA
:1025F0001CF05EF83B46324600203D491CF058F87E
:102600000020226B3B491CF053F80020626B3A49D2
:102610001CF04EF80020E26B38491CF049F800200D
:10262000626C37491CF044F80020A26C35491CF05C
:102630003FF80020626D34491CF03AF80020E26C4B
:1026400032491CF035F80020226D31491CF030F879
:102650000020A26D2F491CF02BF894F95C3094F9FE
:102660005D202D4900201CF023F894F86100FDF74F
:10267000D7FB2A49024600201CF01AF894F86200A1
:10268000FDF7CEFB054694F86300FDF7C9FB2A462B
:102690000346234900201CF00BF80020B4F96830F1
:1026A000B4F966201F491CF003F8FEF7B7FF054692
:1026B00090B102461C4902201BF0FAFFFFF722FCF2
:1026C00000261A48E662FEF715FF10223146184828
:1026D0001FF06BFF2846F8BD0123164984F8D83354
:1026E0001BF0E6FFECE700BF80FB0020E0080400E1
:1026F00001090400390904006D0904009B09040064
:10270000C9090400F70904002B0A0400590A04004F
:10271000870A0400B50A0400E30A0400020B04005F
:10272000170B0400340B0400510B040090FB002035
:10273000B0FB0020860B040038B5074D04022B5D6A
:102740001BB1012005491BF0B3FF01222A550022CD
:102750002B191A71DA7038BD80F90020B00B040013
:102760002DE9F74F484EF0781CF0AAF8B0F10008B8
:1027700009DA464901201BF09BFF00233370F370F8
:1027800003B0BDE8F08F4FF4873BFDF701FB404AF3
:102790008246D2E9F457B2F91A3089460BFB03F3AB
:1027A0005D1947EBE3772D1A67EB0107012D77F1F0
:1027B000000301DA3749DDE70123009306F1100039
:1027C000D6E918231CF0D8F8044630B90220324963
:1027D00003B0BDE8F04F1BF06BBFFEF757FED0E92A
:1027E0001001A0FB0B0C4FF47A7200230BFB01C10C
:1027F000F6F7FEF94FF00103001884F89830274BE4
:10280000494110EB0A0049EB01019D4277F10007B5
:1028100038BF1D4643F22C32C4F8C4500025204B6B
:10282000C4E91401E36294F8803094F87D0068F301
:10283000051384F88030C4E90F55218FE260A5624A
:1028400000091BF05CFF94F87D3060F3071384F8F7
:102850007D302046FDF78EFE50B90220114A124904
:102860001BF026FF204603B0BDE8F04F1CF0E1B896
:102870000123424628460D49337186F8038003B090
:10288000BDE8F04F1BF014BF80F90020040C0400D9
:1028900080FB0020470C0400830C040000786900D2
:1028A000B9140100E6180400D90C04000B0D040053
:1028B0002DE9F047984C0646237888B0002B66D067
:1028C0008368A3F54B52083A312A4BD8C0890028B7
:1028D00042D0236BD4F8DC260020934228BF9B1AF9
:1028E0008E4928BF23631BF0E3FE43F2C82343F263
:1028F000F922B5680135954288BF1D46636B0133E7
:10290000636394F829307BB1854A284693788549DA
:1029100083F00103937094F8AF2663F3C30284F845
:10292000AF260122FDF7ACFC0023B4F8E8137E4883
:10293000013189B284F8DA33A4F8E8131BF039FFC7
:1029400094F8D9331BBB2846B4F8EA23774908B07A
:10295000BDE8F047FDF754BCB4F8E82374491BF018
:10296000A7FEC2E743F6A402934213D1C08930B157
:102970000020704908B0BDE8F0471BF099BEB4F8DC
:10298000C8236D491BF094FEA36B0133A36308B009
:10299000BDE8F087A3F552523C3A312A25D8FFF71B
:1029A0005FFC94F8DA335BB95D4D2E7946B9B4F823
:1029B000E82301206149013A1BF07AFE2E70EE7087
:1029C00094F8D933002BE2D0554B1B79002BDED184
:1029D000626BE3699A42DAD394F8D833002BD6D1EC
:1029E00008B0BDE8F047FFF7E1BD43F22C32934257
:1029F00009D100224A4BC0891A7110B150490120F7
:102A0000B8E75049B6E743F69822934205D1C0890A
:102A100008B94D49AEE74D49F1E743F69922934293
:102A200005D1C08908B94A49A4E74A49E7E743F60E
:102A30009A22934216D194F8D8331BB1012046490B
:102A40001BF036FEF08950B944491BF031FE0023DB
:102A500084F8D83308B0BDE8F047FFF753BA002038
:102A60003F49F2E743F2B062934290D1D4E9DE5796
:102A70001CF02EF8B0EB050861EB0707FDF788F9AD
:102A800089468246FEF702FD4FF48735416C006CA3
:102A90000023A0FB050C4FF47A7205FB01C1F6F789
:102AA000A7F8B4F8A8330518494115EB0A0549EB16
:102AB000010913B1013BA4F8A833F289237CDAB9E8
:102AC000022B7FF464AFB4F8A83333B14FF2312353
:102AD000984577F10007FFF65AAF224E01AC0FCEB2
:102AE0000FC496E807004B4684E807002A460121F8
:102AF00001A8FFF721FA4AE7022B08D1B4F8A8335E
:102B00002BB940F2F513984577F10007E5DA02207A
:102B100015491BF0CDFD9DE780FB00204E0D040004
:102B200080F900202802012070FF00206CFF0020A7
:102B30005E0D0400760D04008B0D0400A80D04004A
:102B4000C40D0400EE0D0400160E04002C0E04004B
:102B50004C0E0400630E0400840E0400D10E040029
:102B6000EB0E040090FB0020070F04002DE9F04F4E
:102B7000844CADF6EC0D4FF0FF324FF0FF3382483E
:102B800010A915F005FA9DF84020531E092B00F2FC
:102B90006784DFE813F0670011042002B800DF004B
:102BA00025012B0461000A005A0494F82830002BF8
:102BB00063D0B4F87830002B5FD0FEF767FC054691
:102BC00072490DF22C601FF027FE002070491BF0A7
:102BD0006FFD0020628A6F491BF06AFDB4F878200F
:102BE00000206D491BF064FD94F98120EB699A4245
:102BF0002ADD6A490DF22C601FF00EFE684B0020A2
:102C0000684900930DF22C6294F980301BF050FD5E
:102C100094F98120002064491BF04AFDB4F87A2021
:102C20001AB1002061491BF043FDB4F87C201AB1B1
:102C300000205F491BF03CFDB4F87E20EAB1002083
:102C40005C491BF035FD18E094F98020AB699A428D
:102C5000D4BF4E495849CDE70123584984F8D933A8
:102C6000002013E0119EF389CBB9B26810461BF027
:102C70000FFF30B13046FFF71BFE11981FF033FCF9
:102C800079E740F29A239A4203D14D491BF010FD97
:102C9000F3E740F29B239A42EFD14A49F6E741F22B
:102CA00009029342E9D000217C220DF22C652960B3
:102CB0000DF5C6601FF079FC2A46B6F90C10F089B4
:102CC000FDF7E8F8B26810461BF0E2FE98B1F08913
:102CD000012808D13C4A3D491BF0EAFC294AD36B44
:102CE0000133D363C6E700922B460120364A3849A8
:102CF0001BF0DEFCBEE7022013463649324A00953F
:102D00001BF0D6FCB9E72378119E13B1E36C0133B5
:102D1000E364637C002BB0D0D4E91C751BF0D8FEB3
:102D2000C71B61EB0505642F75F10005A5DBC4E940
:102D30001C01B6F91430284903EBD3725210CDE9C7
:102D40000132B6F916300093D6E9002301201BF0BA
:102D5000AFFC92E72278119B12B1226D01322265FD
:102D6000627C002A89D0B3F90C2002EBD2714910A1
:102D7000CDE90121B3F90E2018490092D3E90023CF
:102D8000E4E700BF80FB0020E8EA002039ED030003
:102D9000370F0400590F04007A0F04005BED0300A5
:102DA00034ED03009B0F0400C10F0400E20F040088
:102DB000031004002410040048ED03004510040033
:102DC0005F10040073100400751804008F100400D5
:102DD000BF100400EE1004001F1104005E11040077
:102DE0000021119D7C22CDF82C160DF5C6601FF038
:102DF000DCFB95F836000DF22C690009FDF710F8A0
:102E0000B5F92830494603EBD3735A100746287F9B
:102E10000992B5F92AB0FDF7ADF8099A94F95C105A
:102E200094F95D009142AB8E95F833A0B5F83780E8
:102E300051B2B8BF84F85C209042C8BF84F85D10DE
:102E400084F85E1095F836105BBAC1F3020184F87D
:102E50006010A4F864309EB295F8363094F86300A0
:102E6000C3F3031384F8613095F83630B0EB131FC9
:102E7000C3F30311B8BF84F8631095F8363094F8A3
:102E80006200C3F30311B0EB131FC8BF84F86210D4
:102E9000B5F92A30B4F968109942B8BFA4F868307F
:102EA000B5F92A30B4F966109942C8BFA4F8663063
:102EB000637C002B35D0D5E90401CDE906015846E5
:102EC0000492F5F793FA0022BD4BF5F7F9FACDE934
:102ED0000201CDF80490AB6900200093D5E90023EE
:102EE000B8491BF0E5FB0020B7491BF0E1FB334676
:102EF00052460020B5491BF0DBFB98FA98F20020FF
:102F0000B34992B21BF0D4FB95F8363095F83220D5
:102F10000020B049009703F0070302F00F021BF0F6
:102F2000C7FB94F82930002B3FF4A7AEAB8BB3F569
:102F3000807F7FF4A2AE95F8323003F0E003202BBF
:102F40007FF49BAE95F83A2002F0F003102B7FF44B
:102F500094AE12F00E0F39D19F49DCA81FF05CFC33
:102F600095F83A30DCA8DA074CBF9B499B491FF023
:102F700053FC95F83A309A4A13F0010F994B9A494D
:102F800000934FF00000994B08BF1346DCAA1BF0DA
:102F90008FFB974AD36899B2B14205D032460220DE
:102FA00094491BF085FB68E6137863B195F83A30D5
:102FB000DB0703D500231370D3705EE6FAF750FFEA
:102FC000FFF7CEFB59E601208B495FE68B49C2F340
:102FD0004202012035E6119DAB6AD5E9086A95F8F1
:102FE00030B0B5F92E8005930993B5F9043003EBA1
:102FF000D3735B100493B5F90600F5F7F7F90022D7
:103000006F4BF5F75DFACDE902012B68324600936C
:10301000002053467A491BF04BFBAB6A002B3FF470
:103020002CAE95F8319009F07F09A9F16403042BC7
:1030300000F2E5812078002800F0DF8105F1310100
:103040002DA81BF085FD024628B1A36D6D49013303
:10305000A3650220F5E52DA800F0A2FA9DF8B420A2
:103060009DF8B530642A84F85F3040F02C81FFF77A
:10307000F7F8A36C002B40F089801BF029FDC4E910
:10308000EC01BDF82430099A0C93A36C12AD13FA2D
:1030900082F3A364236C01332364BDF8B830A4F831
:1030A000C833BDF8B630A4F8CA331BF011FDC4E92B
:1030B000EE01FEF7EBF90023C5E900332B8103781D
:1030C00006460A9383884FFA88F05BBAADF836302B
:1030D000FCF7B6FEB4F8CA330E901A0A0B925FFAE8
:1030E00083F9FCF755FE88464FF487318246306CF1
:1030F000776CA0FB010C4FF47A7201FB07C100232F
:10310000F5F776FD10EB0A030F934FF065038DF88A
:10311000703373680BF00F0A48EB01085246012127
:10312000BDF82400ADF872331BF060FB94F8263034
:103130000746002B3BD10E9B03F00F000A9B07F0C4
:103140000F076B70BDF8363047F030076B800B9B74
:103150002F7015AF6B713B464AEA001A85F804A040
:1031600085F8069095E8070003C31A809DF8B430EF
:10317000642B51D02449254840F27753244A1CF04F
:1031800030FC40F2775122481CF022FCB4F8C813FE
:10319000BDF8B8304A1C93423FF473AF626D0091A2
:1031A000013201201B4962651BF082FA69E7FEF7D4
:1031B00011FA40B2FCF744FE00F00F00BEE700BF7A
:1031C0000000D03F9D110400001204000E12040004
:1031D000341204004812040039ED03005BED0300D3
:1031E000C273040034ED03006B1204003A73040050
:1031F00080F900209F120400E71204002D13040040
:1032000062130400AA13040031140400CE4E03001C
:10321000CE060400CE1304002E9B924DDD9395F84C
:103220002730BDF8BA202FA90DF22C6ADEA88DF840
:1032300071331FF093F9DCA950461BF057FC0F982F
:103240003168CDE9180843F6A4086B8ACDE91A81E4
:10325000ADF872300023012196F91C20CDE91D370D
:103260008DF87C300C9B22AE05F560778DF87010E0
:103270008DF8712021930FCF0FC60FCFCDF880A00E
:103280000FC697E803000023774A86E8030018A8D2
:10329000CDE9222313F0E8FC064650B10346734AF9
:1032A00073490220CDF800801BF002FA32467149C2
:1032B000CFE61BF00DFCB5F8A833C5E9DE010133FC
:1032C000A5F8A833D9E4A2F16503032B00F293809B
:1032D000DFE803F00268868FFEF7C2FF94F826301D
:1032E00093B1FEF777F940B2FCF7AAFD94F8AC363B
:1032F00043F2F92160F3071384F8AC3643F2C82097
:1033000001235D4AFDF702F8B4F8E833BDF8B820B0
:10331000013B9A4238D100217C220DF5C660CDF8E0
:103320002C161FF042F9D4E9F402012872F10001D1
:1033300024DB301A6AEB0201F5F78CF800224F4BC0
:10334000F5F7E8F9F5F79EFC4D4902460DF22C60C1
:1033500019F0D2F90DF22C630020BDF8B8204949CC
:103360001BF0A6F9012384F8DA33A36C099A13FA47
:1033700082F7636CA764013363647EE442490DF213
:103380002C601FF049FAE5E7012040491BF090F955
:103390004FF0FF334FF0FF32C4E9F423636D013384
:1033A0006365E2E7BDF8B620B4F8CA339A4206D1A5
:1033B000002037491BF07CF9FEF7F6FB5DE4B4F81A
:1033C00064108A4209D11346012032491BF070F97A
:1033D000B4F86430A4F8CA33EEE701202E49E0E5E2
:1033E00000202E4984F8D8031BF062F9FEF78AFD0D
:1033F00043E42B4934E42B49EBE52B4946E4002612
:103400003C223146DDA8DC961FF0CFF8DFF8A4A0FF
:1034100005F130080DF22C67AB6AB34208D9B81930
:10342000514618F8012F013619F066F9402EF3D1F4
:1034300000233E447370DCA94846FEF72BF8009742
:103440000246AB6A012019495AE443F22C32119B1F
:10345000596891423FF411AC1878FFF76DF90CE40C
:103460001349B6E580FB00208051010033180400A9
:1034700079140400B21404002802012000E0F04096
:10348000D4140400F0140400E11404001215040024
:10349000491504007015040046160400A116040026
:1034A000BA160400DA160400E21604002417040019
:1034B0006217040062E603002DE9F0411F4F064643
:1034C0003B783BB102201E491BF0F2F84FF0FF3071
:1034D000BDE8F081FDF7DAFF0446FCF759FC4FF434
:1034E000873C8046206C0D46A0FB0C01D4F844E0DC
:1034F0004FF47A7200230CFB0E11F5F779FB0218DA
:1035000041EB0103121841EB03010E4812EB0808CE
:1035100045EB010513F026FA014610B10A481CF0EC
:10352000EFF9FDF7DBFF002142462B463046FEF760
:1035300003FD0028CCD000233B70C9E780FB0020AE
:103540008717040089220100A417040010B5124C4B
:10355000207820B9BDE8104010491BF0A9B8237CA1
:10356000012B09D194F8D833A3B9FFF71FF888B11C
:10357000BDE81040FEF7C6BC0220FEF75DFEB4F8C1
:10358000A83313B1013BA4F8A8330720BDE81040CD
:10359000FEF752BE10BD00BF80FB0020D71704000D
:1035A0002DE9F04300240546ADF53F7D3C22214640
:1035B00001A800941EF0F9FF69462878FDF76AFF1C
:1035C0002849024620461BF073F86A88204626499F
:1035D0001BF06EF8204625491BF06AF895F901208A
:1035E000204623491BF064F82B78A3F16402012ADA
:1035F00032D82046AA881F491BF05AF82046EA888C
:103600001D491BF055F8EB88B3F52D7F12D8DFF874
:10361000809005F1070810AEEB88671CA34213DC0D
:10362000002032461549F0551BF042F80DF53F7D5C
:10363000BDE8F083124913486023134A1CF0D1F906
:10364000602111481CF0C4F93019494618F8012FBF
:1036500019F052F83C46DFE7672BE7D120460B49CB
:103660002A1DE1E71C19040037190400521904004F
:103670006319040088190400A3190400971A0400B0
:10368000F1190400CE4E0300BE190400AA1A04006A
:10369000968B0400054AD2F8B030D2F884178B42DA
:1036A00024BF5B1AC2F8B030704700BF90030120FE
:1036B0002DE9F041ADF53E7DFDF7E8FE0446244ED0
:1036C0002022002104A81EF070FF4FF42F72002169
:1036D0000FA8D4F80080358BA7881EF066FF322330
:1036E0008DF83C30636806F1FA040FA92046ADF866
:1036F0003E301BF05BFA40F29A23CDE906380123F5
:103700008DF820308DF82C300423ADF822500C9425
:1037100006F1C80504AC0D930FCC0FC50FCC0FC537
:1037200094E8030000230DEB010253601381302362
:103730007FBA137006F1F00385E8030082F8018078
:10374000578007CA03C31A800DF53E7DBDE8F0819E
:10375000900301202DE9F04FADF55F7DFDF796FE5A
:103760004F4F02780646B0F804A097F91C00039268
:10377000FCF766FB398B1AF0C2FFD7F814B081460C
:10378000FCF706FB039A00248DF811204FF000028D
:103790008846302169F307120DF11C09CC460594C7
:1037A0009AFA9AFA8DF814204FEA1B22ADF81840C5
:1037B000ADF812A004AB8DF810108DF815208DF81F
:1037C00016B0054693E807003323ACE803003094B5
:1037D000ACF800208DF8BC300DF17C0A73682FA97D
:1037E0005046ADF8BE301BF0E1F93B8B8DF84440FC
:1037F000ADF83A300823CDE912A30F943368CDF821
:1038000040900D9342F6F8234FF001090C93254B9D
:103810000AA8EB1848F10002CDE90A328DF8389079
:1038200013F070F9044660B10C9B1F4A00931F49C6
:10383000034602201AF03CFF20460DF55F7DBDE8EF
:10384000F08F01461C2217A81EF0AFFE184B14A8DB
:10385000ED1848F10003CDE9145342F6FA2316930C
:1038600033688DF87190179397F830308DF8663083
:103870003B8BADF8683033688DF870307368ADF805
:1038800072300C4B1B93FCF7B7FB04460028D3D0D7
:103890000246169B022008491AF00AFFCCE700BF37
:1038A0009003012000603D0812290400A9020400D1
:1038B00080B13E0800709914DC02040013B50C4C72
:1038C0006846D4E90223CDE900231BF0D3F94FF475
:1038D0007A720023F5F73CF983B2B4F91A00421C5E
:1038E00004D09842D2BF0020C01A00B202B010BD6E
:1038F0009003012008B5094B7022184600211EF0E4
:1039000054FE40F28113A0F84C300F2380F84E3063
:10391000034B4038C0F8903008BD00BFD0030120F1
:103920000F27F1D870B58AB00C460646FDF7AEFDFC
:1039300005462022002102A81EF037FE42F6117132
:1039400042F6E062CDE90064254C2B68039394F8BD
:1039500030308DF81630238BADF81830D4F8C430E1
:1039600001338B4288BF1346C4F8C430029301234D
:103970008DF821302B688DF820306B68ADF822303F
:1039800094F8313023B1FFF793FE02238DF8103005
:10399000B4F91A305A1C09D01249D817A3FB0132C6
:1039A00001FB0022002A18BF4FF0FF33684607933F
:1039B000FCF722FB054648B10146029A0A481BF073
:1039C0009FFF0023237028460AB070BD1BF044F906
:1039D000B4F84830C4E910010133A4F84830F2E7E4
:1039E0009003012000B01E04610704002DE9734319
:1039F00000254FF000084FF00009214CA4F5D266D5
:103A00002378ABB3D4E90432CDE9003213430BD1B0
:103A10001C4940F257131C4A1C481BF0E2FF40F2BD
:103A2000571119481BF0D4FF68461BF023F9B0F575
:103A3000FA6F71F100011BDBD6F8B8300133C6F81C
:103A4000B830E378072B09D911494FF4A5730E4A12
:103A50000E481BF0C6FF4FF4A571E2E7182202FBE7
:103A60000363002203F5D46303F8102CC3E9008933
:103A70000135082D04F11804C2D102B0BDE87083ED
:103A8000200A0120EC1A0400BD1A0400CE4E0300E7
:103A9000081B040000B5094A7346117831B90220A9
:103AA000074A08495DF804EB1AF002BE00231370C0
:103AB0000F205DF804EBF9F787BD00BF90030120EC
:103AC000B9280400181B04002DE9F74305464F4CA4
:103AD0006846D4E90223CDE900231BF0CBF80DB1F1
:103AE000D5E90001F4F7BEFC06460F46D4F8B00055
:103AF000F4F76CFC32463B46F4F70CFE444B0022D4
:103B0000F4F7DEFC80468946002042491AF0D0FDD9
:103B10000020D4F8B02040491AF0CAFD0020D4F8A3
:103B2000B4203E491AF0C4FD0020D4F8BC203C4922
:103B30001AF0BEFD00223B4B30463946F4F7EAFD51
:103B400002460B46002038491AF0B2FD0022354BE0
:103B500040464946F4F7DEFD0B4602463349002055
:103B60001AF0A6FD94F83130002B39D00020D4F89B
:103B7000B8202F491AF09CFD0020D4F8A0202D4930
:103B80001AF096FD0020D4F8A4202B491AF090FDDD
:103B90000020D4F8A82029491AF08AFD0020A26F3D
:103BA00027491AF085FD0020E26F26491AF080FDB2
:103BB000002094F98C3094F98D2023491AF078FD77
:103BC0000020B4F99230B4F9902020491AF070FD29
:103BD000002094F88F3094F88E201D491AF068FD6B
:103BE000FFF7B8FD054650B102461A4902201AF007
:103BF0005FFDFFF74FFF284603B0BDE8F0830123C8
:103C0000154984F8B8331AF053FDF4E79003012006
:103C10000040BF404C1B0400691B04008F1B0400C4
:103C2000AF1B040000408F40CF1B0400F91B0400B1
:103C3000291C0400571C0400851C0400B31C04004C
:103C4000E11C04000F1D04003D1D0400581D04006C
:103C5000721D04008C1D0400D01D04002DE9F04FDE
:103C60008D4C97B002AD04F5EC66074688460FCE42
:103C70000FC50FCE0FC596E8030004F5F16685E881
:103C800003000FCE0CAD0FC50FCE0FC596E8030095
:103C9000002685E80300FFF7A9FE2346324693F885
:103CA000901621B993F8911609B10136F6B2013296
:103CB000082A03F11803F2D196B9002200237748AD
:103CC000CDE9002300234FF4803217F087FB637C9B
:103CD0001BB1012072491AF0EBFC17B0BDE8F08F60
:103CE00042F24173049A4FF000099A4284BF42F2B3
:103CF0001073049342F273730E9A9A4284BF42F295
:103D000042730E93049BA4F8C83342F24172049BA1
:103D10004FF0000A934284BF42F21073049342F2C0
:103D200073730E9A9A4284BF42F242730E93FFF766
:103D30005DFE234693F890B6BBF1000F54D193F883
:103D40009126002A50D01825012305FB0A4585F845
:103D500090361AF081FF05F5D463C3E9000195F8A8
:103D6000923683F0010385F8923695F893369A459A
:103D70002ED1089A02A8D3796BF30513D37195F865
:103D80009216DBB261F3C303D37195F8931661F316
:103D90000203D371137A6BF307131372B4F8CC33A5
:103DA000CDE90278A5F894364FF4615594F83B308C
:103DB000A3FB0532CDE90C3212F056FF034668B37F
:103DC000049A022000923749374A1AF071FC17E032
:103DD0003649374840F27B13364A1BF002FE40F268
:103DE0007B1134481BF0F4FD0AF1010ABAF1080F07
:103DF00003F118039ED102202B4A2F491AF058FCD8
:103E0000049AD4F86837C4F868271344013B5B0868
:103E1000A4F8CA330E9BC4F890375EE7D4F8B030EC
:103E20000B9AB4F8CC131344C4F8B030D4F8B430BF
:103E30000131013389B22148C4E9F078C4F8B430C3
:103E4000A4F8CC131AF0B5FCD4E90A124FF4E140FF
:103E5000049B09F10109013304930E9B01330E9376
:103E6000139B5B1894F8201042F10002A1FB001094
:103E70005B1894F83B1042EB0002A1FB05155B18A0
:103E800042EB0502DB191F465FFA89F348EB020893
:103E9000B342FFF43AAFB3E79003012088E8002073
:103EA000F51D0400731E0400F0280400121E040017
:103EB000CE4E0300BD1A04004E1E0400640701200C
:103EC0002DE9F347354C054694F831300E4623B1C1
:103ED00002B0BDE8F047FFF7C1BE42F24173D4F82B
:103EE000682707279A4288BF42F2107342F2417A4C
:103EF00088BFC4F86837D4F86837DFF8A480A4F81E
:103F0000C833A8F56379D4F868372548534588BF86
:103F100042F21073C8E9005688BFC4F8683712F03F
:103F2000F1FD034650B1D4F86827022000921D49E4
:103F30001D4A1AF0BDFB02B0BDE8F087D4F8B030DE
:103F4000D4F88427B4F8CC131344C4F8B030D4F8B0
:103F5000B4300131013389B24846C4E9F056C4F89F
:103F6000B430A4F8CC131AF024FC4FF4E142D4F896
:103F70006837013F0133C4F8683794F82030A3FB59
:103F80000230D4E90A125B1840EB02025B1946EBDF
:103F9000020617F0FF071D46B5D1CCE790030120BC
:103FA000F00A0120A91E0400D02804002DE9F04FDA
:103FB000ADF5437DFDF76AFA4FF0000A8C4C0546DB
:103FC00094F82060CDE910AA013EF3B2089303787B
:103FD000ADF848A00993838894F91C005BBAADF84A
:103FE0003A30637F0A93FBF72BFF63690B90C3F3AF
:103FF0000722DBB20C920D93FBF7CAFE88464FF402
:1040000087210746286C6E6CA0FB010C00234FF43F
:104010007A7201FB06C1F4F7EBFDC71994F8200092
:1040200048EB01080138617FC0B21AF0D7FB03B238
:104030005345814609DC02206E491AF039FB4FF0E6
:10404000FF300DF5437DBDE8F08F94F83120002A54
:1040500000F0CA80684A4FF0010BBA18174648F1C1
:10406000000894F930200F930792B4F91A201FFA30
:1040700089F90692A27F0592627F0492D4E90A012F
:10408000CDE9020194F8202000200092228B5B49A8
:104090001AF00EFB089BBDF8480003F00F06099BC1
:1040A00046F010068DF84130BDF83A3020F47F60BC
:1040B000ADF842300A9B46EA4A1603F00F010B9B0B
:1040C00020F0010041EA03118DF844109DF84710DB
:1040D0000C9B01F0370161F077018DF8471040F239
:1040E00001118DF8453041EA0B110D9B8DF84060B0
:1040F0000143434E8DF84630ADF8481010AA07CA68
:1041000003C6328035224FF0010AA9F1080C1FFACC
:104110008CFC8DF84C206A686146A6F5627B15A878
:10412000ADF852C0ADF84E20ADF850A01AF0B7FB74
:1041300013A958461AF03AFD1AF08EFD1022C4E970
:1041400002010021A6F5D5601EF02FFA4FF434616C
:10415000A4F8CE934FF000090F9BBDF85020C4F88F
:104160008437A37FA4F8CC234B43228BC4F8743745
:10417000E37FA4F8722784F87C97C4F880B784F8AA
:1041800071372B68083EC4F86C3742F21073C4F8DC
:10419000683742F24273C4F8786784F870A7C4F8AD
:1041A00090372B6884F8A9A7C4F894372B68384651
:1041B00084F8A8376B68A4F8A0274FF46152A4F8DC
:1041C000AA3794F83A3041465343C4F8A43702233F
:1041D00084F8983794F83030C4F89A9784F89E376A
:1041E000FFF76EFE48462CE793464FF0010A38E78A
:1041F00090030120382C040000580F02E21E040036
:10420000E00A01200129F7B50646424C1BD1B4F85B
:10421000743023B1D4F888300133C4F888300123D6
:10422000354623703C4C0FCD0FC40FCD0FC495E81D
:104230000F0084E80F003378012B2ED103B0BDE8C6
:10424000F040FFF7B3BE4FF4F662002120461EF0A7
:10425000ACF91AF001FDC022C4E90201002104F505
:10426000D26096F829501EF0A0F9224600230121C1
:10427000AB4282F8933603F10103B8BF82F891167E
:10428000082B82F8921602F11802F1D1FFF732FBE7
:1042900042F6E063C4F8C430C1E7022B0BD01F49DB
:1042A0001F4840F2A6331F4A1BF09BFB40F2A63189
:1042B0001C481BF08DFBFDF7E9F80746FBF768FD8E
:1042C0004FF4873C0546386C0C46A0FB0C01D7F830
:1042D00044E04FF47A7200230CFB0E11F4F788FCD3
:1042E000031841EB01021B1841EB0201581944EB82
:1042F0000101FFF717FB044640B9B6F90A300A4935
:10430000009396F9203032891AF0D2F9204603B092
:10431000F0BD00BF90030120A0030120FD060400B2
:10432000CE4E0300BD1A0400821F040073B505467B
:1043300010460E46144617F069FA019078B12246ED
:1043400031461EF00BF98DF800500022002369461B
:1043500004481DF007FF10B101981EF0C4F802B028
:1043600070BD00BFBCEA0020F0B5ADF53D7D6C46E8
:1043700005468C46B0F90430064603EBD3735F1054
:104380000FCD0FC42B68ADF82C70194623600A932B
:10439000DCE90023CDE908230023ADF82E300E4BD5
:1043A000B1F52F7F1B8BADF814300ED80A460DF1F6
:1043B0003100F1681EF0D2F84FF43C7269460320D8
:1043C000FFF7B4FF0DF53D7DF0BD4FF42F720348AC
:1043D0001BF096FAF6E700BF90030120C71F040008
:1043E0002DE9F047044600F108052846A2B0FBF786
:1043F000E3FC22780026D31E0B2B00F26881DFE855
:1044000013F04A01510158010C005F0166012000C0
:1044100011012101290166014601D4E9022301208D
:10442000CDE910231022236910A91293E38AADF875
:104430004C30A38AADF84E30FFF778FF22B0BDE8CC
:10444000F08714AD04F110070FCF0FC597E80F00E8
:1044500085E80F00D4E90401D4F81E309F4FCDF851
:104460007230D4F8223094F81EC0CDF8763097F828
:104470003150E38CCCF303080CF00F0ECCF3001C8E
:10448000ADF87A30CDE91201D4E902238DF87080BD
:10449000CDE910238DF871C0002D59D03B7C022B43
:1044A00055D14FF4615297F83C500EF10103A5FB32
:1044B00002522D1841EB02084FF4E142E2FB03588F
:1044C00097F8F06006F00F061AF0C6FBC7E91A016C
:1044D000237F002B40F08580B4F820E09EFA9EFEFA
:1044E000A7F876E094F82230C3F3031387F870300E
:1044F0003B7C022B75D194F81D90B9F1010F70D15E
:10450000774E0DF1180C0FCEACE80F000FCEACE8D3
:104510000F0096E803006B4608368CE8030096E827
:10452000070003C3A37F97F8F06013F0100F6A46EB
:1045300006F00F060ED16B496B484FF4EE736B4AD1
:104540001BF04FFA4FF4EE7168481BF041FA00255A
:10455000A846B9E71F2BCDE9065842D8E17F97F866
:10456000F13099423DD194F8231097F8F2309942F6
:1045700037D194F8241097F8F330994231D194F858
:10458000211094F8253094F822A094F820C09809BE
:104590009DF800408DF8061003F007039DF8071002
:1045A0005B0060F3871143F4887369F34714ADF837
:1045B0000830A7F874E08DF800408DF804A08DF85D
:1045C00005C08DF8071003AB07CA03C306A81A80FD
:1045D00003AB0C9312F0DAFA0146E0B144481BF049
:1045E0008FF997F8313093B13B7C022B0FD14FF408
:1045F000615397F83D000136A0FB0303401948EBD7
:1046000003014FF4E143C6FB0301FFF78BF9482296
:10461000062010A910E7D7F8B0300F9A1344C7F856
:10462000B030DEE7D4E9022312AD1034CDE9102317
:104630000FCC0FC594E80300202285E80300042076
:1046400010A9F9E6294604F1100022B0BDE8F047B0
:10465000FFF78ABED4E902231034CDE9102394E891
:10466000070012AB83E807001822052010A9E3E633
:1046700006FB0533197B082903D0082238461BF0B6
:104680003FF9013563695A789542F1DBD6E600259A
:104690000C26184FF6E704F1100022B0BDE8F047F1
:1046A000F9F796B904F1100022B0BDE8F047F9F728
:1046B00071B904F1100022B0BDE8F0471AF02DB82E
:1046C00004F1100022B0BDE8F047F9F78FB90A49AC
:1046D0000A4822B0BDE8F0471BF012B99003012050
:1046E000580401201E200400CE4E0300BD1A040011
:1046F000510804006220040063280400D6DD030092
:10470000002307B58DF800000193002200236946BD
:1047100004481DF027FD10B101981DF0E4FE03B020
:104720005DF804FBBCEA00202DE9F0419F4C0646F1
:1047300023788EB0FBB18368A3F51C52103A312A5E
:1047400076D8D4E902236846CDE900231AF092FA1C
:104750002378CDE9020143B14FF47A72638B13FBE6
:1047600002F3DA179842914108DB94F8B83313B991
:1047700002A8FFF7A9F90EB0BDE8F08194F8315016
:104780003DB194F83A3094F83B50ED184FF4615332
:104790005D43F38973B1FEF77DFFD4F8B430013B7C
:1047A000C4F8B430F389012B02BFD4F8BC30013314
:1047B000C4F8BC30B368B4F8C823934203D0B4F84B
:1047C000CA239342D7D1FCF761FE0746FBF7E0FA14
:1047D0004FF4873C8046386C0E46A0FB0C01D7F89E
:1047E00044E04FF47A7200230CFB0E11F4F700FA48
:1047F0004FF4E14294F8203010EB0807A3FB02329B
:1048000046EB0106D4E90A011B1842EB01025B19D1
:1048100042F10002D4E9F001181842EB0101B8425C
:1048200071EB0604F8D30EB0BDE8F041FFF748BBCA
:10483000A3F53B52203A312A69D8FFF73FF8D4E973
:10484000102307466846CDE900231AF013FAB4F89E
:10485000483013B1013BA4F84830F38983BBBEB2A2
:104860002EB90220FFF74CFF5149002048E094F890
:10487000C030002B7FF47FAF237C022B7FF47BAF13
:10488000B4F8483033B14FF23123984271F100014E
:10489000FFF671AF474D02AC0FCD0FC40FCD0FC463
:1048A00095E80F0084E80F00324600204249ADF839
:1048B000127019F0FDFE012102A8FFF7A3FC5AE7D0
:1048C00041F2090293423FF456AF237C022B15D1EB
:1048D000B4F8483093B940F2F513984271F10001F1
:1048E0000CDB344D02AC0FCD0FC40FCD0FC495E8D7
:1048F0000F0084E80F00ADF81270DCE702202F49AA
:1049000019F0D6FE0EB0BDE8F041FFF7C3B842F68D
:10491000F82293420AD1C08928B929490EB0BDE8CE
:10492000F04119F0C5BE01202649F7E742F6F92209
:10493000934227D1002384F8C030C089F8B92249B6
:1049400019F0B6FEFEF7BAFF82B20646002AD9D0A9
:1049500000201E4919F0ACFEB4F91A30002B3FF4C8
:104960000AAF144D02AC0FCD0FC40FCD0FC495E8A4
:104970000F0084E80F000221ADF812609CE70120CF
:104980001349DDE742F6FA2293427FF4F4AEC5897B
:1049900055B994F8B8332BB101200E4919F088FEAF
:1049A00084F8B8530C4960E70C495EE79003012096
:1049B000AB200400A0030120C0200400FD2004005F
:1049C0001B0E0400310E0400510E04002D210400C2
:1049D000680E04006C210400B9210400D3210400F6
:1049E00038B50E4D04462B7833B102200C4919F02E
:1049F0005FFE4FF0FF3038BD0A4811F0B3FF0146AB
:104A000010B109481AF07CFF00212046FFF7FAFB9D
:104A10000028F0D000232B70EDE700BF90030120A9
:104A2000EF210400E1430100A417040010B5134C6A
:104A300023782BB9BDE810400220114919F038BE87
:104A4000237C012B0CD194F8B80330B9FFF73CF864
:104A500018B1BDE81040FFF71DB80023638310BDF7
:104A60000220FFF74DFEB4F8483013B1013BA4F823
:104A700048300820BDE81040FFF742BE90030120F7
:104A80000C2204002DE9F04FADF2DC7D4FF0FF3237
:104A90004FF0FF3363480AA913F07AFA9DF82820F3
:104AA000531E072B00F25384DFE813F05800CC00AC
:104AB00061032C027A0293020E000800FEF7EAFF5F
:104AC0000B981DF010FDE1E7574C2378002BF7D031
:104AD000FEF7F4FE28B9554919F0EAFDFFF7A6FFE5
:104AE000EEE7FCF7D3FC0746FBF752F94FF4873C9F
:104AF0000546386C0E46796CA0FB0C074FF47A72B1
:104B000000230CFB0171F4F773F8421946EB010521
:104B10004FF4E141D4E90A6094F82030A3FB01315D
:104B20009B1941EB000194F83A6094F83B0080191E
:104B30004FF4615670431B1841F10006D4E9F001AF
:104B4000181846EB0101904271EB050402D3FFF700
:104B500085F8B5E7C01841EB0601F4E70B9CE38943
:104B6000002B4CD000217C220DF21C5529600DF544
:104B7000A4601DF01AFD2A46B4F90C10E089FBF779
:104B800089F9A268A2F51C53103B312B09D9A2F573
:104B90003B53203B312B04D9A2F52B53383B022B3E
:104BA0000DD8E389012B06D000922B460120204A24
:104BB000204919F07DFD2046FFF7B6FD80E740F261
:104BC0009A239A4206D12B46194A1B49022019F012
:104BD0006FFD75E7A2F51D53023B312B8CBF0023FF
:104BE00001239A4203D12B46114A1449EEE70220D1
:104BF000134613490E4A009519F05AFD60E7A36861
:104C0000A3F51C52103A312AD5D9A3F53B52203ACC
:104C1000312AD0D9A3F52B53383B022B3FF650AFA6
:104C2000C9E700BFBCEA002090030120262204004F
:104C3000A12804004D2204007C2204009C220400D0
:104C4000EE100400BD4CE36C1BB90120BC4919F007
:104C50002FFDD4E91623D4E91801801A61EB030172
:104C6000F3F700FC06460F46E06CF3F7AFFB324665
:104C70003B46F3F74FFDB34B0022F3F721FC40F224
:104C8000EB12804689461DA800211DF08EFCB4F869
:104C90007420AD491DA817F02FFD1DA8F3F7EAFFFA
:104CA0001DABE26CA949184417F026FD1DA8F3F7C7
:104CB000E1FF1DAB226DA649184417F01DFD1DA88C
:104CC000F3F7D8FF00220546A24B30463946F3F7EA
:104CD00021FD02461DA80B4628449F4917F00CFDF4
:104CE0001DA8F3F7C7FF002205469A4B40464946E8
:104CF000F3F710FD02461DA80B462844974917F00C
:104D0000FBFC1DA8F3F7B6FF1DABD4F8882094492F
:104D1000184417F0F1FCD4F8B05045B11DA8F3F7D2
:104D2000A9FF1DAB2A468F49184417F0E5FC1DA8C2
:104D3000F3F7A0FF1DABA26F8B49184417F0DCFC02
:104D40001DA8F3F797FF1DABE26F8849184417F0D1
:104D5000D3FC1DA8F3F78EFF1DABD4F88020844947
:104D6000184417F0C9FC1DA8F3F784FF1DAB94F895
:104D700095208049184417F0BFFC1DA8F3F77AFF6F
:104D80001DAD94F98C3094F98D207B49284417F09F
:104D9000B3FC2846F3F76EFF054694F88E00FBF748
:104DA0003FF8064694F88F00FBF73AF803461DA833
:104DB00032467249284417F09FFC1DA8F3F75AFFAA
:104DC0001DADB4F99230B4F990206D49284417F024
:104DD00093FC2846F3F74EFF2B46421C69490020FE
:104DE00019F066FCF9F73CF8FCF750FB0027037854
:104DF0008046B0F804A0218B94F870000693CDE9AA
:104E00000C77ADF8387019F07AFCB4F874B00790EC
:104E1000FAF7BEFFCDE908011DA8F3F72BFF3423F5
:104E20000122461D8DF86032D8F80430B6B2114622
:104E30003046ADF8623219F0D9FC00F00F0949F0A4
:104E400030038DF83030069B9AFA9AFA8DF831309B
:104E5000079BADF832A01B0143F001038DF83430FD
:104E60000DF13C0A4FEA1B238DF8353053460CAD4B
:104E70008DF836B095E8070003C30DF21C551DA947
:104E800099A81A801DF0C8FC284698A919F08EFE32
:104E9000CDE91A56238B8DF86470ADF85A30179708
:104EA000D8F800300125159342F6F923089A149397
:104EB000354B12A8D318099ACDF860A042F1000230
:104EC000CDE912328DF8585084F8C05011F01AFE16
:104ED000034678B1149A02202C4984F8C0700092DD
:104EE0002B4A19F0E5FB02202A4919F0E1FBFEF7F5
:104EF00001FDE5E532462849009509F1010319F065
:104F0000D7FBF4E70D4B0B9A197811B1996F01316A
:104F100099675B7C002B3FF4D3ADB2F9143003EBFF
:104F2000D3714910CDE90131B2F916301B49009314
:104F3000D2E90023012019F0BBFBC1E59003012059
:104F4000C02204000040BF40E62204000F230400FA
:104F50003323040000408F405123040076230400D3
:104F6000A1230400BF230400DD230400F323040075
:104F7000092404001F240400352404005B240400D9
:104F800081240400A524040000603D08A902040057
:104F900081280400470604006B060400E024040096
:104FA000BB4B0B9A197811B1D96F0131D9675B7C72
:104FB000002B3FF485ADB2F90C3003EBD3714910EF
:104FC000CDE90131B2F90E30B2490093D2E90023A4
:104FD000B0E70B9CDFF8B88294F83620B4F928309B
:104FE000C2F3020288F8942098F98C2003EBD37363
:104FF0005D10B2EB630F98F98D30B8BF88F88C5014
:10500000AB42C8BF88F88D5094F8363098F88F10AE
:10501000C3F30312B1EB131FB8BF88F88F2094F8C5
:10502000363098F88E10C3F30312B1EB131FC8BFCC
:1050300088F88E20B4F92A30B8F992209A42B8BF85
:10504000A8F89230B4F92A30B8F990209A42C8BF33
:10505000A8F8903098F8313073B398F81030012BDD
:105060002AD1A38BB3F5807F26D194F8323003F098
:10507000E003202B20D1182294F83A30C3F34200E9
:1050800002FB008292F89026B2B103F0F002102ADF
:1050900063D1DB0759D5D8F8A0300133C8F8A03068
:1050A000182303FB00800023002280F890360023A1
:1050B00000F5D460C0E9002398F81130002B3FF4CC
:1050C000FFACD8E9262398A8CDE9982319F0D2FDA2
:1050D00041F28833984271F10001FFF6F1AC4FF0D4
:1050E000000A7C2251460DF5A460CDF81CA51DF0E8
:1050F0005CFAB4F92A00F3F779F90022664BF3F76A
:10510000DFF90DF21C5B06460F46207F5946FAF781
:105110001BFFDDE99823C8E9262394F83600A3692C
:105120000009D4E900890693FAF77AFE069BCDE9D7
:105130000450009342464B465046CDE9026757491A
:10514000CDF804B019F0B4FABAE4D8F8A4300133B9
:10515000C8F8A430FEF79EFAA2E7602AACD1D8F8CE
:10516000A8300133C8F8A830FEF794FAA4E70B9DE5
:10517000AF6A002F3FF4A4AC95F8316006F07F06CB
:10518000A6F13303022B00F29D80414C20780028C9
:105190007AD005F131010DF21C5019F034FD0546AD
:1051A00050B102460220D4F884303D490133C4F89E
:1051B000843019F07DFA83E49DF81C25352A32D11C
:1051C00094F8943084F89530E36CBBB919F044FD41
:1051D000C4E91601E36C13FA87F7236DE764013322
:1051E0002365BDF82035A4F87230BDF81E35A4F84B
:1051F000743019F031FDC4E9180161E4B4F872109B
:10520000BDF820354A1C9342E4D0D4F88020607C5D
:105210000132C4F880200028DCD00091012021490F
:1052200019F046FAD6E7332A1DD1BDF81E25B4F889
:1052300074309A4206D11C4919F03AFA0220FFF75D
:105240005FFA3DE4B4F876108A4209D11346012092
:10525000164919F02DFAB4F87630A4F87430EDE759
:1052600001201349B3E4342A0BD1124919F020FA72
:10527000284611490DF5A46219F01AFA84F8B853BA
:105280001EE40E49012094E70D4919F011FA17E4C4
:10529000900301201F2504000000D03F5E2504007C
:1052A000CD250400F12504004E1504004826040015
:1052B0001F270400A527040000F10300DA160400EC
:1052C000BE270400322E3FF4FBAB00243C222146D3
:1052D00099A898941DF069F9AB6ADFF88890059356
:1052E000B5F9043005F1300703EBD3735B10049379
:1052F000B5F90600F3F77AF80022164BF3F7E0F859
:10530000CDE902012B68204600931349D5E9082313
:1053100019F0CEF90DF21C58AB6AA34209D908EB7B
:105320000400494617F8012F013417F0E5F9402C25
:10533000F2D100234444637098A93046FCF7AAF8E0
:10534000CDF800800246AB6A0120044954E40449C8
:1053500098E700BF0000D03F62130400002804005B
:105360003E28040062E60300013808B5244B0328F8
:105370000CD8DFE800F002171B2593F8340093F8EF
:10538000352093F836301044184408BD1D4940F2CA
:1053900062531D4A1D481AF024FB40F262511A481C
:1053A0001AF016FB93F82300032807D193F837006F
:1053B00093F8382093F839301044E5E7042813D1E6
:1053C00093F8351093F8342093F838000A4493F892
:1053D00036100A4493F8371093F8393018448A424B
:1053E000ACBF80184018D0E70028CED0084940F262
:1053F0007453054A05481AF0F4FA40F27451CEE7A6
:10540000480C01204234040044290400CE4E03001D
:10541000792904002DE9F743814601A888461746FB
:1054200019F0E9FA064640B90220344919F040F96A
:105430006FF00B0003B0BDE8F083FCF727F8002500
:105440000268019B2E4C1A6042684FF43460019B45
:105450005A60E2695D619A602A4AC3E90E98DA608F
:10546000294A1F649A61E26AA3F84850C3E90972A5
:10547000228C1A8494F83710012283F8461094F88D
:105480003810A3F84420A3F84A1094F8261041439A
:10549000D96694F82710304683F8701003213172D2
:1054A000B4F86810A3F8721083F8782083F86020AD
:1054B000D4F86A10C3F86110D4F86E10C3F8651000
:1054C000B4F8721083F82C2044F26822A3F8691013
:1054D000F2601A6344F24F625A63FBF74BF850B91B
:1054E00002200A4A0A4919F0E3F8304619F0A1FAF5
:1054F0006FF00F009EE728469CE700BFA929040033
:10550000480C0120E557010049580100C738040044
:10551000250404002DE9F04387B0814605A888469C
:105520001746FAF75DFF054640B902203E4919F0DB
:10553000BFF86FF00B0007B0BDE8F083FBF7A6FFE4
:105540000021059B394A3A4CDA603A4A59619A611E
:10555000E26A0646C3E90972228C01201A8494F893
:105560003420C3E90E9883F8462094F835201F6450
:10557000A3F84A200422A3F84810A3F84400D964F1
:105580002A7243F68262EA601A6344F267225A631F
:10559000022283F85C2094F8282083F82C0083F8FA
:1055A000502094F82220022A26D14FF0FF3794F899
:1055B0002320A3F84A10DF648AB1D4F82CC0D4E9C0
:1055C0000424A2FB0C210CFB041149B3CDE90021FA
:1055D0000297194A194919F06BF8059BDF640022FC
:1055E00043F68161059BC3E909221A619A6183F838
:1055F0002C20E96083F85C200024059B3268284653
:105600005A659C65FAF7B6FF60B902200A4A0C4950
:1056100019F04EF8284619F00CFA6FF00F008AE7DF
:10562000DA64DCE7204686E7D7290400A9570100A1
:10563000480C012049580100A7380400052A04003D
:10564000582A04002DE9F34780460F46464EFAF7E4
:105650009FFB58EA0703326914D1444D451941F1C3
:10566000000996F822A0BAF1030F14D12846494642
:10567000FFF7D0FE044640B102463D49022019F032
:1056800017F823E04546B946EBE758EA07071CD16F
:10569000C6E9485919E0BAF1010F1BD1284649461D
:1056A000FFF738FF044610B102463249E6E758EAF0
:1056B000070796F8343008D14FF46152A3FB023249
:1056C0005B1949EB0202C6E928320024204602B0E9
:1056D000BDE8F087BAF1040F2AD128464946019265
:1056E000FFF718FF019A044610B102462249C5E7A8
:1056F00058EA070796F8343009D028464946FFF79C
:1057000089FE04460028E0D022461C49B6E74FF443
:105710006151A3FB01315B1949EB0101C6E9283155
:1057200028464946FFF776FE04460028B0D0EBE74E
:10573000BAF1020F0BD01249124840F2C643124A86
:105740001AF04FF940F2C6410F481AF041F9002211
:1057500028464946FFF7DEFE04460028B5D002463B
:105760000A4950468BE700BF480C012000F0D200E8
:10577000912A0400CB2A0400052B04003D2B0400D1
:10578000752B0400CE4E030044290400AD2B040009
:1057900008B54FF49472002102481CF006FF002067
:1057A00008BD00BF480C0120C0890D4940B9D1F89F
:1057B000C80008B9C1E92E230130C1F8C8007047FC
:1057C00041F60A2398420BBFD1F8D030D1F8CC3043
:1057D000013301330CBFC1F8D030C1F8CC30704771
:1057E000480C0120C0890A4910B9C1E94823704713
:1057F00041F60A2398420BBFD1F80C31D1F8083199
:10580000013301330CBFC1F80C31C1F808317047C6
:10581000480C012037B5044604200D4615F0F6FF6C
:10582000019068B12B6803608DF8004000220023CE
:10583000694604481CF096FC10B101981CF053FE18
:1058400003B030BD14EB002040F2CD7307B50190DA
:10585000A0F57A50023898420BD90949094840F21C
:10586000B233094A1AF0BDF840F2B23106481AF0D4
:10587000AFF8052001A9FFF7CDFF03B05DF804FBE9
:10588000E72B0400CE4E0300442904002DE9F74322
:1058900005468946FBF7FAFD8046B9F1000F05D1B0
:1058A0004FF494724946C3481CF07FFE0026C14C59
:1058B0003146282204F5807066601CF076FE602276
:1058C000314604F1A0001CF070FE314604F1C40022
:1058D00019F0E4F904F1B00019F0E0F9B64B2F46E5
:1058E000C4F8EC3042F20F73A4F8F2304DF6F10335
:1058F0000121C4F8E86084F8F060C4F8F86084F826
:10590000FC6004F1180004F11C06A4F8F43019F04E
:10591000C5F90FCF0FC697E80F0086E80F00A879EA
:10592000FFF722FD2081A879FFF71EFD40B34FF459
:10593000615380FB0330C4E90430AB79042B0CBF06
:105940000A200020FBF7A8FCB9F1000F40F0B1805D
:10595000AB79DA1E012A00F2A880287F697A013823
:1059600086B2C0B218F03EFF83B263B90220934AF8
:10597000934918F09DFE4FF0FF3003B0BDE8F0836F
:105980004FF0FF33D7E7B3F52F7F06D983B28B4AA9
:1059900002208C4918F08CFEEDE7A4F868308A4BA1
:1059A000C4F86A90C3F80490A3F8089094F86A3099
:1059B00006F00F0603F0100346F020061E4384F89D
:1059C0006A60D8F8003084F86B30D8F804301B0ACD
:1059D00084F86C302B6884F86D306A7A94F86E30F5
:1059E00062F3030384F86E3095F90800FAF728FA99
:1059F00094F86E3060F3071384F86E302B681B0A3E
:105A000084F86F302B6884F870306B7B2BB1AB79E6
:105A10005A1E012A2FD9042B2DD001A8F8F78AFA93
:105A2000002840F004819DF80400002800F0008167
:105A3000FAF7AEF94FF487360546D8F840000C4621
:105A4000A0FB0601D8F844704FF47A72002306FBDD
:105A50000711F3F7CDF8031841EB01021B1841EBD6
:105A60000201581944EB010138E0AB795A1E012AB2
:105A700001D9042B20D1FAF78BF9064601A80F466D
:105A8000FAF7AEFC054670BB0220504918F010FE34
:105A90006FF00B030220494A4D4918F009FED4F873
:105AA000CC300133C4F8CC305FE06A7B002AAFD140
:105AB000B3E76B7B002BD8D1FAF76AF9D4E9045726
:105AC000444A94F82230821841F10006032B52D147
:105AD000D4E94801904271EB060348D303B0BDE816
:105AE000F043FFF7AFBDFBF7D1FC04232B724FF45B
:105AF0007A53EB60019B384ADA600022C3E9052241
:105B0000218CC3E90922198434491A6476184FF0AC
:105B1000FF3147F10007C3E90E670226D96494F804
:105B2000281083F8452083F846209A6483F85C6047
:105B300083F8501001682846C3E91512FAF71AFDD8
:105B400050B93046264A274918F0B2FD284618F0C9
:105B500070FF6FF00F039DE70121234819F09EF8B5
:105B6000D4F8C8300B44C4F8C830002005E7281822
:105B700041EB0701AEE7012B01D0042B4BD194F888
:105B80002930002B44D04FF4615194F83430A3FBFA
:105B9000013CD4E9280150EA01042DD1134940F217
:105BA000F923134A134819F01CFF40F2F921104859
:105BB00019F00EFF480C01200081010F90380400FD
:105BC000342C0400592C0400B20C0120D729040005
:105BD000782C040000603D08A957010000F0D200B5
:105BE00065380400582A0400F80C0120B82C040081
:105BF00044290400CE4E0300C01A61EB0C01904210
:105C000071EB0603BFF46AAF281841EB0701F6E712
:105C1000D4E94801F3E7022B09D006494FF4417358
:105C2000054A064819F0DDFE4FF44171BFE7002038
:105C3000014653E7752B040044290400CE4E0300AF
:105C4000002307B58DF80000019300220023694668
:105C500004481CF087FA10B101981CF044FC03B012
:105C60005DF804FB14EB002030B5054685B0083024
:105C7000FAF7A2F82A78D31E092B00F26E81DFE82A
:105C800013F0500157015E01E70065016C010A0045
:105C9000BF00CB00DB00B448B5F9282018F0FBFFAB
:105CA00000285DD0B14C02EBD27294F9ED10531084
:105CB000B1EB620F94F9EE20B8BF84F8ED309A4250
:105CC00094F8EC20C8BF84F8EE30002A4AD1DB00FB
:105CD000C4F8E830012384F8EC3095F8223094F8C9
:105CE000F010C3F30312B1EB131FB8BF84F8F02018
:105CF00095F8223094F8EF10C3F30312B1EB131FA1
:105D0000C8BF84F8EF20B5F92A20B4F9F410002AAE
:105D1000B8BF03329310B1EBA20FB4F9F220B8BFB1
:105D2000A4F8F4309A4294F8FC20C8BFA4F8F230EA
:105D300002BBDB00C4F8F830012384F8FC3095F88E
:105D40002230C3F3020384F8FD30D5E90423C4E90B
:105D500028232B7FB3B1D4F8E0300133C4F8E0300E
:105D600005B030BDD4F8E820A2EBE2021A44C4F832
:105D7000E820B2E7D4F8F820A2EBE2021A44C4F813
:105D8000F820DCE77A4818F086FF94F829300146BD
:105D900023B388B9D5E904237648C4E92A2318F047
:105DA0007AFF0028DCD0734818F078FF042005B093
:105DB000BDE83040FFF744BF0128D1D1D4E92A32F1
:105DC000D5E90401C01A61EB0201D4E90423F2F71A
:105DD0000FFF013820EAE0706060C1E794F82230DC
:105DE000042BBDD10028BBD1D4E92E32D5E9040162
:105DF000C01A61EB0201D4E90423F2F7F9FEE9E7E6
:105E0000594818F048FF0028AAD0584AD2F8DC3088
:105E10000133C2F8DC30A3E7544B2A6AD3F8C01030
:105E2000C4330A4443F8042CD3E8EF1F0131C3E81C
:105E3000E21F002A94D0F7E74B4818F02CFF002807
:105E40008ED04A4AD2F8E4300133C2F8E43087E712
:105E5000D5E90223CDE900232B6968460293EB8A3A
:105E6000ADF80C30AB8AADF80E30FBF71BFA3E48AC
:105E700018F011FF00283FF473AF2B69A3F584429B
:105E8000683AB2F57A7F2DD2AA8A384B22BBD3F872
:105E90000421B3F868100132C3F80421D3F80021BB
:105EA0000A44C3F80021D3F818210132C3F818219D
:105EB000AA8A012A04D1D3F814210132C3F814218B
:105EC0002C4818F0E8FE2B6900B3B3F57A5F1DD1BA
:105ED0000220FFF7B5FE43E7D3F810210132C3F8E3
:105EE0001021E5E7A3F57A53B3F57A7FE8D2AA8AC1
:105EF0001E4B2AB9D3F8D8200132C3F8D820DFE7E7
:105F0000D3F8D4200132C3F8D420D9E743F6816214
:105F100093427FF425AF032005F11001FFF77AFCCF
:105F20001EE705F1100005B0BDE83040F7F750BDA1
:105F300005F1100005B0BDE83040F7F72BBD05F1C5
:105F4000100005B0BDE8304018F0E7BB05F11000C7
:105F500005B0BDE83040F7F749BD0749074805B02F
:105F6000BDE8304019F0CCBC600C0120480C012089
:105F70000C0D0120F80C012048380400D6DD030088
:105F80002DE9F347C44CFBF781FAD4F81831E76ADE
:105F900094F83820BB4228BF3B46054694F82200BF
:105FA00002FB03F894F83590D4F8D8A0FFF7DCF999
:105FB000061E40F335816FF0004292FBF6F2E36A71
:105FC000934240F22D810220B44AB549009618F060
:105FD0006FFB0026002700206A68B24918F068FBB2
:105FE0000022002330463946F2F7D2FC002800F0A8
:105FF000B3810020AC4918F05BFB94F82230033BDE
:10600000012B33D80020D4F80421A84918F050FB04
:106010000020D4F80021A64918F04AFBD4F8182132
:10602000A449002018F044FBD4F80821A249002A12
:1060300000F09881022018F03BFBD4F80C211AB133
:1060400002209E4918F034FBD4F810219C49002A04
:1060500000F08A81022018F02BFBD4F81421994912
:10606000002A00F08381022018F022FB94F82230ED
:106070005A1E012A02D9042B40F08C81924818F054
:106080000AFEE36A66688342A3EB0606638C0CBFD4
:106090000025351A022B8C4808BF002518F0FBFD9F
:1060A0008A490246002018F003FB0020D4F8C020E3
:1060B000874918F0FDFA00206268864918F0F8FA5E
:1060C000D4F8D8208449002018F0F2FAD4F8CC2073
:1060D0008249002A00F04C81022018F0E9FAD4F835
:1060E000D0201AB102207E4918F0E2FAD4F8D42068
:1060F0007C49002A00F03E81022018F0D9FA002DD8
:1061000020DD2846F2F772F9804630468946F2F7DC
:106110005DF902460B4640464946F2F7FBFA724BE0
:106120000022F2F7CDF9804689462A4602206F49BF
:1061300018F0BEFA42464B460220CDE900566C49A3
:1061400018F0B6FAD4F8E0206A49002A00F0148169
:10615000022018F0ADFAD4F8DC206749002A00F0DC
:106160000D81022018F0A4FAD4F8E4206349002A33
:1061700000F00681022018F09BFA94F83A305BB1E7
:10618000002094F9ED205E4918F092FA002094F96D
:10619000EE205C4918F08CFA94F8EC00002800F02E
:1061A000F180D4F8E8200020574942F3CF0218F0DC
:1061B0007FFA94F8F000F9F733FE544902460020C4
:1061C00018F076FA94F8EF00F9F72AFE50490246E3
:1061D000002018F06DFA94F83A305BB10020B4F961
:1061E000F4204C4918F064FA0020B4F9F2204A492E
:1061F00018F05EFA94F8FC00002800F0C780D4F88C
:10620000F8200020454942F3CF0218F051FA00204F
:1062100094F8FD20424902B0BDE8F04718F048BAB2
:1062200094F82220E16A032A01FB06F614D14046C5
:10623000F2F7DCF8804630468946F2F7D7F8024696
:106240000B4640464946F2F765FA0022264BF2F724
:1062500037F906460F46BEE6574528BF5746012A7E
:1062600009FB07F0E4D0042A01D14044E0E794F8A8
:106270002330032B08D194F83800022A62D1002879
:106280003FF4A7AE4843D3E7042B4BD194F8353005
:1062900094F838001844F0E7480C0120E73804006F
:1062A000C52C04000C2D0400322D0400A02D040088
:1062B000D42D0400082E04003C2E0400702E04008F
:1062C000A42E0400D82E04000C0D01200C2F040075
:1062D000402F0400742F0400A82F0400DC2F0400BA
:1062E00010300400443004000000594078300400AD
:1062F000AC300400F2300400263104005A310400AE
:106300008E310400C2310400F63104005F32040013
:1063100097320400CF320400033304003733040003
:10632000A03304005BB11D4940F28E531C4A1D4846
:1063300019F057FB40F28E51194819F049FB022A17
:106340003FF447AE18494FF4D473154A154819F075
:1063500048FB4FF4D471EFE732463B46134918F03F
:10636000A7F94AE6104666E6104674E610467BE654
:106370001046B2E61046C0E61046EAE61046F1E6E0
:106380001046F8E60A4918F093F912E7094918F09F
:106390008FF93CE702B0BDE8F08700BF792904001F
:1063A00044290400CE4E0300752B0400672D040021
:1063B0002A3204006B3304002DE9FF416D4D6E4C11
:1063C0004FF0FF324FF0FF33284602A911F0E0FDF5
:1063D0009DF80820531E042B00F2C680DFE803F06E
:1063E00003152A328E00FFF7CBFD0020FAF754FF89
:1063F00018F0F3FA1120F7F7E7F800215F4818F0DA
:106400004DFC03981CF06FF8DAE794F82A0050B1BD
:1064100000205B4918F04CF9FFF7B2FD0121594803
:10642000FFF734FAEDE7584918F042F90120FFF779
:1064300007FCE6E7039B05201B6801A90193FFF712
:10644000E9F9DEE74D4818F026FC20B902204F4953
:1064500018F02EF9D5E7FBF719F80746F9F798FC7D
:106460004FF4873C0646386C8846A0FB0C01D7F8F1
:1064700044E04FF47A7200230CFB0E11F2F7B8FBE4
:10648000821948EB010394F82210D4E9046C032923
:106490000CD1D4E94801904271EB030702D3FFF716
:1064A000D1F8AEE730184CEB0101F4E7012901D037
:1064B000042912D14FF4615194F83470A7FB017E86
:1064C000D4E92801C01B61EB0E01904271EB030778
:1064D000E5D230184CEB0101F7E702290BD02C492B
:1064E0002C4840F22F332C4A19F07BFA40F22F311E
:1064F000294819F06DFA10461946D0E7039B1F484A
:106500001E6818F0C8FB00283FF47BAF324600201D
:10651000224918F0CDF8A6F58443683BB3F57A7F9D
:106520000BD340F2E532A6F57A53023B934211D8E1
:1065300094F82230012B7FF464AF236894F82A206A
:1065400001332360002A7FF467AF226B9342FFF48C
:1065500063AF6BE743F681639E427FF452AF064B15
:1065600093F82230022BE6E701200D4918F0A0F83D
:1065700047E700BF14EB0020480C0120600C01200D
:10658000D4330400640C0120EC3304000334040011
:106590002A340400CE4E0300442904006E34040063
:1065A0009134040008B5074818F075FB20B9BDE820
:1065B0000840054918F07CB80120BDE80840FFF705
:1065C0003FBB00BF600C0120F8370400012938B53B
:1065D00004460AD9526806491AF043FA4FF0FF35CB
:1065E00020461AF04CFA284638BD0125F8E700BFCE
:1065F0009654030000232DE9F043ADF5377D0129C2
:1066000003AF0C46154602933B6040F28C80506805
:1066100058B15B49F2F724FB064630B918F047FB46
:106620003046584918F044F8A6E005F0D5F90023A3
:106630002622DFF88481544EADF818300492ADF86C
:1066400014308DF8163043463246294620460097CE
:1066500019F02FFB431C0AD14C4B1B68A34266D296
:1066600004F18044013C55F82420494958E064383D
:1066700010284DD8DFE800F01D4C4C4C5741484CD9
:106680004C3A4C4C334C4C4C0900424B0A21186894
:1066900002AA1AF059FB029B0490002BD3D00220CF
:1066A0003D4918F005F86FF015000DF5377DBDE890
:1066B000F083384BD3F800904846F2F7DBFA40F20B
:1066C000BA23984205D94A460220344917F0F0FF10
:1066D000E9E749460DF11A001CF09EF8B3E72D4B8F
:1066E00018681BF019FF8DF81600ACE7294B1868E5
:1066F0001BF012FF8DF81500A5E7264B18681BF05C
:106700000BFFADF818009EE701238DF814309AE7CF
:106710001E4B23491B6803F18043013B55F823209E
:10672000022017F0C5FF1F48F5F798FA24E09DF8FE
:1067300014306BB10DF11A00F2F79CFA40F2BA2353
:106740001E30984204D90220174917F0B1FFEAE73A
:106750000020049B15490DF11A0217F0A9FF04A8A7
:1067600000F06AFD029048B10090049B022010499D
:106770000DF11A0217F09CFF002096E70D4951E732
:10678000CD3C04001D3904004A390400C4E4002053
:106790003360030018370120905C03002E39040099
:1067A00006600300A83D040057390400A239040024
:1067B000D4390400123A0400A4E200202DE9F0418B
:1067C000002686B0CDE902660C46154605F004F9B0
:1067D0002623ADF81460344F344E04930DF10C08A9
:1067E0003B46324629462046CDF8008019F061FA32
:1067F000431C0AD12E4B1B68A3423FD204F18044B4
:10680000013C55F824202B490EE0702828D012DCDA
:1068100068280CD06D282AD0254B27491B6803F126
:106820008043013B55F82320022017F041FF234805
:10683000F5F714FA32E07428EED1214B0A211868DA
:1068400002AA1AF081FA029B0490002BC8D0022001
:106850001C4917F02DFF6FF0150006B0BDE8F08160
:10686000174B18681BF058FE8DF81500B8E7144B4D
:1068700018681BF051FE8DF81400B1E70020049A4F
:10688000114917F015FF04A800F088FC0346029098
:1068900030B10220049A0D4917F00AFF0020DCE70E
:1068A0000B4917F005FFF9E714E300202D3A040027
:1068B000C4E4002033600300066003008E4004003F
:1068C00018370120905C0300353A0400733A040045
:1068D000BD3A04002DE9F041002686B0CDE90266FC
:1068E0000C46154605F078F82623ADF81460344FB1
:1068F000344E04930DF10C083B463246294620469F
:10690000CDF8008019F0D5F9431C0AD12E4B1B6835
:10691000A3423FD204F18044013C55F824202B4986
:106920000EE0702828D012DC68280CD06D282AD000
:10693000254B27491B6803F18043013B55F8232071
:10694000022017F0B5FE2348F5F788F932E07428E5
:10695000EED1214B0A21186802AA1AF0F5F9029B20
:106960000490002BC8D002201C4917F0A1FE6FF044
:10697000150006B0BDE8F081174B18681BF0CCFD80
:106980008DF81500B8E7144B18681BF0C5FD8DF89D
:106990001400B1E70020049A114917F089FE04A8F9
:1069A00000F0AEFB0346029030B10220049A0D497C
:1069B00017F07EFE0020DCE70B4917F079FEF9E7BF
:1069C00054E300202D3A0400C4E4002033600300A7
:1069D000066003004642040018370120905C030063
:1069E000DD3A0400173B0400613B04002DE9F0414F
:1069F00040F2816300271546042288B0CDE90323C5
:106A00000C46CDE905770797FAF740FD0646029751
:106A100004F0E2FFF369544F8DF81A30B369534E16
:106A20008DF81B3001230DF10808ADF81C303B46F2
:106A3000324629462046CDF8008019F03AF9431C29
:106A40000AD14B4B1B68A3427DD204F18044013C28
:106A500055F8242047490DE074283DDC622810DCFD
:106A600044285AD0424B44491B6803F18043013B00
:106A700055F82320022017F01BFE4048F5F7EEF8EA
:106A80006AE063381128EDD801A353F820F000BF65
:106A9000F76A0100656A01000F6B0100236B0100BA
:106AA000656A01007B6A0100396B0100656A0100BB
:106AB000656A0100656A0100656A0100656A010096
:106AC000656A0100656A0100656A0100656A010086
:106AD000656A0100036B010040F2E933984224D05B
:106AE00040F2EA339842BDD1254B18681BF014FDE3
:106AF0008DF81A009BE7224B18681BF00DFD0490DF
:106B000095E71F4B18681BF007FD03908FE71C4BA0
:106B100018681BF001FD059089E701238DF81830F6
:106B200085E701238DF8193081E7154B18681BF0B4
:106B3000F3FC8DF81B007AE7114B18681BF0ECFC96
:106B4000ADF81C0073E703A800F09CFA024630B1D0
:106B500002200C4917F0ACFD08B0BDE8F0810A49ED
:106B600017F0A6FDF8E700BFB4E30020813B040066
:106B7000C4E400203360030006600300AB46040059
:106B8000183701208D3B0400AE3B040008B50020FF
:106B9000034917F08DFDBDE80840002000F068BAF9
:106BA000C33B04002DE9FF4100230C461546ADF818
:106BB00008308DF80A30039304F00EFF2F4F304E4B
:106BC0000DF10C083B46324629462046CDF80080A0
:106BD00019F06FF8431C0AD12A4B1B68A34229D233
:106BE00004F18044013C55F8242027491BE0682823
:106BF0001CD0702808D063280DD1244B18681BF0D6
:106C00008BFCADF80800DDE7204B18681BF084FC16
:106C10008DF80A00D6E71B4B1D491B6803F1804322
:106C2000013B55F82320022017F042FD1948F5F7E3
:106C300015F81BE0FAF72AFCBDF80810044661B10C
:106C40000122008917F0EAFD38B902202389BDF836
:106C50000820114917F02CFDE8E702A800F094F98C
:106C6000024630B102200D4917F022FD04B0BDE804
:106C7000F0810B4917F01CFDF8E700BF94E30020FA
:106C8000D43B0400C4E40020336003001837012023
:106C900006600300F6430400D1620300DA3B0400FF
:106CA000F63B040008B50020054917F001FD00F08F
:106CB00041FF01F0CFFFBDE8084002F0F1BB00BF8B
:106CC000063C040070B5C6890446A2B0002E61D00F
:106CD00000217C2203A802911BF067FC41F209030A
:106CE0009E420FD002ADB4F90C102A463046F9F797
:106CF000D1F8A16864291BD12B463A4A3A490220AF
:106D000017F0D6FC00F0C6FD50B940F2E932A36896
:106D1000934203D0A3F57B73012B01D8F7F79EFFB5
:106D2000A368642B5CD122B0BDE8704000F0B8BD10
:106D30006FF47A700B18012B0AD8E389012B03D169
:106D4000284A2A490120DBE72B46264A2849D6E76C
:106D500040F2EE33994203D12B46224A2549F1E70E
:106D6000632903D12B461F4A2349EBE740F28233C4
:106D7000A1F165029A4207D82B4601200091194AD9
:106D80001E4917F095FCBDE70B460220154A1C4929
:106D90000095F6E76FF47A7283689A18012A04D88E
:106DA0001849002017F084FCACE7A3F57A73052B93
:106DB000A8D801A252F823F0D96D0100056D010099
:106DC000056D0100D16D0100D56D0100DD6D010083
:106DD0000D49E6E70D49E4E70D49E2E70D49E0E733
:106DE00022B070BD4F5204004E4E0400674E0400A6
:106DF0009E4E0400BC4E0400E54E0400084F040003
:106E0000EE1004002E4F0400484F04006E4F0400A3
:106E1000954F0400BF4F040008B5094B24221846C3
:106E200000211BF0C2FB074A07498261074811F0A5
:106E3000DFFF0749074811F0DBFF002008BD00BF56
:106E4000A4300120C56C0100596E01009030012072
:106E50001D7001007C300120F0B5C9B00546F7F780
:106E6000BFFE38B902203B4A3B4949B0BDE8F0407B
:106E700017F01EBCFAF70AFB1022044600210DEBA6
:106E800002001BF092FB40F2011302270126ADF82D
:106E90000830E36900218DF80A30A36902A88DF853
:106EA0000B302B8A8DF81670039363690493637C0F
:106EB0008DF81C608DF81730F7F776FA024628B186
:106EC0002649384617F0F4FB49B0F0BD244917F0C5
:106ED000EFFB4FF470120023224811F0C7FC10B1F1
:106EE0001C4A2149EDE7F7F783F9041E1F4F0FDC19
:106EF0001F4908A81BF090FC00241E49204608AA40
:106F00003C7017F0D5FB20461B4917F0D1FBDBE79F
:106F100022461A4908A815F0EFFB2B6901A8019336
:106F2000ADF8044000F054FB044628B10246144971
:106F300008A815F0E1FBDFE708AA0E493E7017F03C
:106F4000B7FB20460F4917F0B3FB30461AF06FFE2F
:106F5000BAE700BF23520400E54F040002500400CA
:106F6000B5600300ACEB002021500400A4300120E8
:106F70005650040000F10300CE500400735004008A
:106F800099500400BB50040030B5134C05462378DB
:106F900085B043B10220114917F08AFB6FF07704E6
:106FA000204605B030BD0E4B23610E4BE36004F16B
:106FB00014030FCB8DE80F00043494E80F00F7F7AB
:106FC00015FE04460028EBD12868074908610748E8
:106FD0001BF056F9E4E700BFA4300120ED50040097
:106FE00041750100ABEC02009030012058EF002009
:106FF000F0B589B06C4606460F46074D0FCD0FC45D
:1070000095E80F0084E80F003A4631466846F8F7E5
:1070100027FF09B0F0BD00BF203F030070B500247A
:107020000546A0B00F4E7C22214601A800941BF01B
:10703000BCFA00F01DFCF460F7F710FE012034707C
:107040001AF0F8FD287C20B9074917F031FB20B071
:1070500070BD6946FFF7CCFF04490246012017F0D6
:1070600027FBF4E7A4300120045104001F51040061
:107070000249087402481BF003B900BF7C300120AC
:1070800058EF002030B589B00446FAF7FFF9142212
:107090000546002103A81BF088FA32230193636898
:1070A000029323680493A3688DF81430637B8DF8F2
:1070B0001530A37B8DF81730E37B8DF81830238AC9
:1070C000ADF81A30237B0BB102F0F2F801238DF8F2
:1070D0001D302B6800218DF81C306B6801A8ADF8BD
:1070E0001E30F6F787FF044620B10246034902200E
:1070F00017F0DEFA204609B030BD00BFD4600300AF
:1071000070B50546A6B0006802F0B2F8064648B968
:1071100002202A681D4917F0CBFA6FF015042046AB
:1071200026B070BD1A4C94E80F008DE80F0014E9EA
:107130000F00F7F75BFD04460028F0D10DF11700B2
:10714000F6F7F8FE014688B99DF81740022C0DD1DC
:107150007C22069007A81BF028FA06A92046F8F71B
:107160001FFF01200B4906AA17F0A2FA2946304654
:1071700001F048F904460028D1D002460649022011
:1071800017F096FAF7F76AFDC9E700BFEA5C04005A
:10719000B83001203D510400BE51040070B50546D1
:1071A000A6B0006802F064F8064648B902202A68D2
:1071B0001D4917F07DFA6FF01504204626B070BD0A
:1071C0001A4C94E80F008DE80F0014E90F00F7F750
:1071D0000DFD04460028F0D10DF11700F6F7AAFEC8
:1071E000014688B99DF81740022C0DD17C220690EB
:1071F00007A81BF0DAF906A92046F8F7D1FE01200E
:107200000B4906AA17F054FA2946304601F0DCFA79
:1072100004460028D1D002460649022017F048FA59
:10722000F7F71CFDC9E700BFEA5C0400B830012095
:107230003D510400E051040070B50546A6B0006859
:1072400002F016F8064648B902202A681D4917F0D0
:107250002FFA6FF01504204626B070BD1A4C94E842
:107260000F008DE80F0014E90F00F7F7BFFC04468C
:107270000028F0D10DF11700F6F75CFE014688B941
:107280009DF81740022C0DD17C22069007A81BF018
:107290008CF906A92046F8F783FE01200B4906AABF
:1072A00017F006FA2946304600F052FD0446002841
:1072B000D1D002460649022017F0FAF9F7F7CEFCC2
:1072C000C9E700BFEA5C0400B83001203D5104006A
:1072D00003520400C18911B90149C1E9BA237047B9
:1072E000700D01202DE9F0479CB088460446914678
:1072F000FAF7CCF8054694F90200F8F7A1FD10233F
:107300008DF80C302B6800248DF80D30AB890127E7
:107310005BBAADF80E304FF00003142260F3071390
:1073200021460DA80494ADF804408DF810308DF876
:1073300006701BF03AF94FF001130D936B68D8F803
:1073400000100F932B6801A81B0A1193029117F0EC
:10735000D7FC014602900DA817F028FD4FF43671B6
:10736000029038461BF0C6F8054620B96FF00B00B6
:107370001CB0BDE8F087122221460DF14A001BF037
:1073800014F9524B13205E784FF0050AF8F758FDB8
:1073900040F60113CDE9073A099405F1080307AA5D
:1073A000844607CA83E8070006238DF848608DF8F5
:1073B00051C08DF849708DF84F3005F118060DF168
:1073C000480CBCE80F002F750FC6DCF800304FF4F6
:1073D0003671336005AEC5E900663846CDE905551E
:1073E0001BF088F805460028C0D041F2013207237F
:1073F000CDE90A230C9400F108030AAA07CA83E81E
:1074000007003349334B1797CDE91813324B05F179
:10741000180CCDE91A340DF15C0EBEE80F0085F8AA
:1074200014A0ACE80F00069BCCF80040C5E900634F
:107430001D6031460298069501F0E2FCD8F8003054
:107440000290C01A1FFA80FA22463946504617F0B9
:10745000CDF99DF80C3000F00F0565F303032846C5
:1074600021468DF80C3017F0B9F903B2002B06DC79
:1074700002201A4917F01CF96FF0150078E7A0EB0D
:107480000A00C2B2314602A817F013FF034620B12A
:107490003846134A134917F00BF9029B0398C8F8B2
:1074A0000030114C9DF8103012AEC9F8000089F878
:1074B00004300FCE0FC4336817AE44F8043B0FCE30
:1074C0000FC433682846236052E700BF700D0120C7
:1074D0000C010A010400010A07026400382C0400B0
:1074E000A1560400C75204003010012038B50446EC
:1074F000F9F7CCFF104B054640F2D2220021184686
:107500001BF053F80346EA6901210270AA6903F8E7
:10751000012F0A2254430022A24206DB6422BDE866
:107520003840012105481BF040B8F02AF6D003F896
:10753000011F0132F0E700BF0D490120764A01200A
:1075400000222DE9F041114615464FF0010C4FF095
:10755000020E4FF003081A4B93F9006093F9017083
:10756000448A944213DC2DB3642017F039FA0120C9
:10757000BDE8F041FFF77CBDA742B4BF83F8E2E16C
:1075800083F8E2C101320133EAE72546FAE7F02A3F
:10759000E9D04469A456002CF4DAA642ECDA9C78CF
:1075A00083F8E281002CF0D193F8F240002C18BF50
:1075B0002146E7E709B10220DAE7BDE8F08100BF24
:1075C0000D490120014BD3E9BA017047700D01202C
:1075D0002DE9F04F974D80462E78ADF53B7D5EB19D
:1075E0000220954A954917F063F86FF0150420467C
:1075F0000DF53B7DBDE8F08FF9F748FF4FF42F7292
:10760000314681460BA804901AF0CFFF4FF43E722A
:10761000314628461AF0C9FF404608AA04A9FFF7D8
:1076200061FE041E05DA0220834A854917F040F8FE
:10763000DDE7D8F800000134E4B2C5F8F0022046D6
:10764000FFF754FFF8F7A4FB7E4D0746451941F1BB
:10765000000305A88A460293F8F7DEFE834630B998
:107660000220794917F024F86FF00B04BFE7632379
:10767000764AC360BA18059B4AF1000CB8F80010AE
:1076800083F84560C3E90E2CC3E92E2C704E198493
:107690005E62C268A3F8C410C3F8C0203022C3F8E9
:1076A000C820182283F8CC20F8F764FF38B90220EC
:1076B000614A684916F0FCFF584617F0BAF906A867
:1076C00017F099F906460028CAD0D9F80000069AA2
:1076D0004FF0000B1060D9F804200698049B42601C
:1076E0004FF0FF3282605C4AC0F814B0C260B8F854
:1076F00000200BA90284029AA3EB010CC263544A36
:107700001FFA8CF342620322A0F848401C468563AE
:1077100080F845B0A0F84AB0C0F86CB0D6F88C003C
:10772000A6F88A3032721A4603931AF017FF2246DF
:107730004A480BA91AF012FF039B3E4A0898A2F888
:10774000BE329DF82430C6F8790086F87D30642377
:10775000304686F878B0F360F8F70CFF50B9022095
:10776000354A3F4916F0A4FF304617F062F96FF032
:107770000F043CE76526364BFF184AF1000A029BCE
:10778000AF427AEB030238D307A8F8F729FE834605
:10779000002832D0002307994B61B8F800208D6390
:1077A0000A84029A81F85C30CA63294A4A62062236
:1077B00081F845200A228A64D9F82820CB6481F810
:1077C0005020D9F800204A65012281F85920D9F8C3
:1077D000002081F85820B9F80C20A1F85A2007227F
:1077E000C6600272F8F7C6FEC0B90220124A1D49EF
:1077F00016F05EFF584617F01CF901230D4A0020D1
:1078000013700194B8F800304FF4FA62009398F9BD
:107810000230154916F04CFF0024E8E6134B013600
:10782000ED18029B43F10003B6F57A7F08BF652689
:107830000293A4E7700D0120C4560400F652040020
:107840001353040000B01E043153040000980904CF
:1078500000603D088A530400D5720100720D0120BA
:1078600025040400DD53040018540400001815001A
:1078700008B5632017F0EBF8642017F0E8F840F241
:10788000E731652017F0EAF80022014B1A7008BDB5
:10789000700D0120014B1878704700BF700D01205A
:1078A00030B5144C85B014F8023C0094A51EF3B119
:1078B0006B786946013301AA04F2EE206B70FFF782
:1078C00011FD002807DA02200B4A0C4905B0BDE87B
:1078D000304016F0EDBE21466420009A121B92B291
:1078E000A5F8BE2205B0BDE83040F8F789BC05B068
:1078F00030BD00BF720D01207E560400725404009A
:107900002DE9F04F834A04461278ADF5517D42B916
:107910008A68814811460DF5517DBDE8F04F17F09A
:10792000EFBF0DF184084FF42F7203914046002100
:107930001AF03BFEF9F7AAFD0025B0F80CA090F86C
:1079400000B0029094F92E00CDE90C5594F83070F7
:10795000ADF83850F8F774FA228B0126130A009319
:10796000D3B202220193039B8146988802998DF835
:107970005820ADF85A60ADF85C0048689B681890D4
:1079800019930B6805A841468DF816201A93ADF897
:107990001450CDF8188017F0B3F90146069016A8D8
:1079A00017F004FA4FF43671069030461AF0A2FD33
:1079B0009AFA9AFA8446002841D040F60130022211
:1079C000CDE90F02CDF849501195CDF84D50CDF8C5
:1079D00051500FA90CF1080507C985E807000322DB
:1079E0008CF8142007220CF118058DF848608DF8EA
:1079F0004B2012AB0FCB07C52B7007ABCCE9003384
:107A000019460698CDE907CC01F0FAF90690A0EBEB
:107A1000080083B207F00F052A4618463146029344
:107A200016F0E4FE00F00F082946404616F0D6FE98
:107A300002B2002A029B06DC384817F061FF0DF500
:107A4000517DBDE8F08FC01AC2B207A906A817F091
:107A500030FC034620B13046314A324916F028FE48
:107A6000009A45EA09158DF834508DF8352009AD96
:107A7000019A2F4648F030080CAB8DF830808DF815
:107A800031B0ADF832A08DF8362093E80700E37EE0
:107A900003C7D4E90810012B0CBF4FF4E1434FF4A6
:107AA00061533A80A27E204CA2FB0323091940F1C6
:107AB00000008F1843EB0004069EF9F7E7FC002353
:107AC0008DF87430134BB3F8F032ADF86A3021AB57
:107AD000F61AB6B2CDE91E364FF4B4531B93C36900
:107AE0008DF86930036816A8199301238DF8683062
:107AF0004FF47A73CDE916741C9518930FF002F8C1
:107B0000024600289BD0189B0849094817F0F8FE48
:107B100095E700BF700D012093540400D554040074
:107B200013560400C7520400004605004B560400DB
:107B3000A902040010B5164C0020164916F0B8FD35
:107B40002178154B154A0020002918BF1A46144900
:107B500016F0AEFD2378CBB1B4F8F0220020114925
:107B600016F0A6FD94F9F22200200F4916F0A0FDB0
:107B70004FF4FA6200200D4916F09AFDB4F8BE22C7
:107B80000020BDE810400A4916F092BD10BD00BFAC
:107B9000700D0120F7540400090304000D030400D4
:107BA0000E55040023550400475504006F5504008A
:107BB00096550400F8B51D46DDE90667B24275EB3F
:107BC000070314460BD31449144840F2DF23144A28
:107BD00017F007FF40F2DF21114817F0F9FE01F01E
:107BE000FFFA4FF487335843C31722460419294636
:107BF00043EB0505B44275EB070CF6D3B01A67EBFF
:107C00000101A21B65EB0703904271EB030302D352
:107C1000301B67EB0501F8BDF6550400CE4E03009E
:107C2000BA550400094900220B4610B5CC688442BD
:107C300004D1482101FB0230083010BD0132102A66
:107C400001F14801F2D10020F7E700BFB013012095
:107C500008B50B490B4811F0D1F940F2EE32002182
:107C600040F2FE30084BC3E903120132824219721E
:107C70009961197503F14803F5D1002008BD00BFD3
:107C80002D88010068100120B013012073B58568AC
:107C900006462846FFF7C6FF044640B92B4601209A
:107CA000154A164902B0BDE8704016F001BD3378A0
:107CB000012B09D12B4600200F4A114916F0F8FC80
:107CC0000023237302B070BD022B0BD00D490E4868
:107CD00040F229330D4A17F084FE40F229310B4857
:107CE00017F076FE0A4B01200093034A2B46094900
:107CF00016F0DEFCE4E700BFEF5F0400E956040085
:107D000022570400A6570400CE4E03007257040009
:107D100020BF0200ED57040070B510F8186C04463F
:107D2000012E12D1002540F8085C00F8185C50F8CC
:107D3000100C01F0A5FD04F80C5C304654F8142C2E
:107D40000249BDE8704016F0B3BC70BD4A5804004B
:107D500038B505460A4C4FF4327204F130001AF07F
:107D6000FDFB2946502204F53E701AF0F7FB002275
:107D700000232146034811F06DF9002038BD00BFF3
:107D80006810012058EF0020014811F0E7B900BF4A
:107D9000681001207FB5866805463046FFF742FF30
:107DA000044640B933460120154A164904B0BDE8DF
:107DB000704016F07DBC183011F0D0F9022323700A
:107DC0000020AB680E4A104916F072FC0F4B03936B
:107DD0002369019363680293A068237B00900BB131
:107DE00001F04EFD684601F065FC30B10120044A07
:107DF000074916F05DFC04B070BD01232373FAE758
:107E0000C55F040091580400C75804008D7C010030
:107E1000025904000022094B197A0139012903D8BB
:107E200099690989814206D00132102A03F1480379
:107E3000F2D1002070470120704700BFB01301202D
:107E40002DE9F04F87B08246F9F720FB0746F7F798
:107E50009FFFDAE90645804601208B46F6F790F849
:107E60003B6C039004937B6C9AF82F0089461E4666
:107E700001F0B6F9071EC0F2BE804FF48731049BB3
:107E80004FF47A72A3FB010C002301FB06C1F0F74B
:107E9000AFFE039B13EB080649EB0B0910EB06083A
:107EA00049EB0109FFF7F6FC28B1544B18EB03032B
:107EB000984649F100094FF4873303FB07F0C317D5
:107EC00007469B46444575EB09024ED39AF83C2081
:107ED000002A61D0012A4A4B4BD19AF84970A7FB7E
:107EE000037B9AF84A20A2FB0323121945EB0303F4
:107EF00003920493434A52E90232984579EB020116
:107F000003D213F1010842F10009FFF7C3FC064652
:107F1000002848D0FFF756FB06460B463A4A46452E
:107F200073EB09013BD34FF461519AF84020BAF842
:107F3000080002320593C2FB0145FFF76BFF059B6A
:107F400010B13C194BEB0505DFF8CCA0444575EBAF
:107F5000090205D2039A9442049A75EB020224D3D3
:107F60002046294607B0BDE8F08F241843EB0505ED
:107F7000A8E7022A09D025492548CF23254A17F02A
:107F800030FDCF21234817F023FD4FF4615B9AF8B1
:107F90004970A7FB0B7BA4E7CDE90345AAE7B61818
:107FA00043F10003BBE70346BDE7E4194BEB0505CE
:107FB00056EA0302CAD016EB0A0143F10002CDE9EA
:107FC0000012204632462946059316F090FC059B88
:107FD0000028BBD03C194BEB0505444575EB090265
:107FE000BED2039A9442049A75EB0202B8D23C19AD
:107FF0004BEB0505DFE700242546B1E700580F02EB
:10800000008C0A004018012000603D082E59040031
:10801000CE4E030072570400004605002DE9F04FD4
:108020002DED028BADF55D7D04460E46F9F72EFA77
:10803000824694F82F0094ED068B01F0D1F80DF1F3
:10804000B40B00214FF42F720F9058461AF0ADFA7E
:10805000E268237CB4F8088013920D93F9F716FABE
:10806000002381890546CDE91C33ADF8783096F9B7
:1080700005004BBA3779ADF84A30F7F7E1FE00F06A
:108080000F030E934FEA18234FF0020910935FFA83
:1080900088F34FF00108119300239C488DF88890D5
:1080A0000188ADF88A80ADF88C1001EB080C696886
:1080B000A0F800C024913168139A259115A859465B
:1080C000ADF8543026928DF85690CDF858B016F091
:1080D00017FE0146169022A816F068FE4FF436717E
:1080E000169040461AF006FA07F00F0705460028DA
:1080F00000F0928040F601230521CDE91F310023D5
:1081000000F1080C21931FAA07CA8CE80700194642
:10811000182285F8149027A81AF047FA7C4B05F12D
:10812000180E28934FF441730DF19C0CADF8A43058
:10813000BCE80F00AEE80F0017AB9CE803008EE828
:108140000300C5E9003319461698CDE9175500F02C
:1081500057FE1690A0EB0B0085B23A4641462846E2
:1081600016F044FB00F00F0B3946584616F036FB6C
:1081700003B2002B11DC4846664916F099FA6FF0FD
:1081800015040220644A654916F092FA20460DF55E
:108190005D7DBDEC028BBDE8F08F401BC2B217A91C
:1081A00016A817F086F8034620B140465C4A5D49A0
:1081B00016F07EFA4BF030028DF870200D9A0E9971
:1081C0008DF87120BDF84A201CABADF872209DF8E7
:1081D000742019AD67F3030261F307128DF8742060
:1081E000109ADDF858808DF87520119A8DF8762058
:1081F00093E8070003C520462A80FFF721FE50EAD6
:10820000010381460F460AD10220434A464916F02F
:108210004FFA6FF01504B9E76FF00B04B1E722A82D
:1082200016F0E9FB054630B90220404916F040FA45
:108230006FF00B04AAE76269229B0BF1010B1A6035
:10824000DAF80430229A2DA953603368A8EB0108AC
:10825000936000235361608882F84530108434486D
:10826000C2E90E9740E902974FF4B4505362A2F866
:108270004A30A2F848B0D066DAF81C0082F87930AB
:1082800082F870001FFA88F31A46A5F88A80D5F89C
:108290008C000D931AF062F99DF868100E9B0DF199
:1082A000640C63F307118DF86810BCE80300C5F88F
:1082B0007D10BCF800104FF00108A5F8811040F2C5
:1082C000EB31C5F8790085F87880284685F8088074
:1082D000E960F8F74FF950B902200F4A154916F036
:1082E000E7F9284616F0A5FB6FF00F044EE727A824
:1082F000F8F776F80023054600BB0220064A0E492F
:1083000016F0D6F94FF0FF3440E700BFB01301205C
:1083100001010401382C0400486004006F59040076
:1083200019600400C752040098590400BE590400A3
:1083300040180120D90C0400205A0400279A5361E8
:10834000618882F8453011844FF4E141ABFB011B99
:1083500001F52841C03111EB090147F10007C2E9DD
:108360000E1782F85C3082F85030224B0227D3641B
:1083700061695165229B1960DAF8043022994B60DB
:1083800063688B60279B83F85980227C83F8582090
:10839000BAF80C20A3F85A204FF47B730772C3601D
:1083A000F8F7E8F838B93846134A144916F080F956
:1083B000284616F03EFB2289616933688DED0A8BF1
:1083C0002298D0E90EAB0F98CDE908AB07900D9835
:1083D000069060880024059096F90500CDE90121FA
:1083E000CDE90310009200201A46054916F060F905
:1083F000CCE600BF0018150048600400DD530400FF
:108400005F5A0400F8B50D68064628460F46FFF788
:1084100009FC044618BB204B1A46197A89B948232F
:1084200003FB042202F1080439463046FFF7F6FD4B
:108430000546E0B10346194A0220194916F038F9F9
:108440000BE00134102C03F14803E6D10220134A5B
:10845000144916F02DF96FF015052846F8BD2B4686
:1084600001200E4A104916F023F92661DCE70123AA
:1084700023703B68183444F8143C44F8086C0B49EA
:10848000204610F0BBFD4FF4C032002321460848BF
:1084900010F0E0FDE1E700BFB01301206F600400C1
:1084A000B85B0400545B04007B5B0400197D010091
:1084B00058EF00202DE9F04F2DED028BADF5577DE3
:1084C00004460D46F8F7E2FF814694F82F0094ED3C
:1084D000068B00F085FE0DF19C0A4FF42F720021EF
:1084E0000D9050461AF061F8E168237C27891391BA
:1084F0000E93F8F7CBFF4FF00008024680892E79E3
:1085000043BA95F905001292ADF84630CDE91C88C2
:10851000ADF87880F7F794FC00F00F030C933B0A5A
:108520004FF0020B0F93FBB2012710939B4B129A53
:1085300018888DF888B0ADF88C00ADF88A70526854
:1085400000EB070EA3F800E0139924922A68269105
:1085500015A851462592ADF854808DF856B0CDF847
:1085600058A016F0CDFB0146169022A816F01EFC6E
:108570004FF436711690384619F0BCFF06F00F061E
:10858000844600287DD040F60141CDE91F1700F157
:10859000080ECDF884801FAA07CA8EE807000422BF
:1085A00017ABCCE900338CF8142019468CF81880EE
:1085B0001698CDE917CC00F023FC1690A0EB0A002A
:1085C00083B2324618463946129316F00FF900F07E
:1085D0000F0A3146504616F001F902B24245129B8D
:1085E00011DC58466E4916F063F86FF0150602204C
:1085F0006C4A6D4916F05CF830460DF5577DBDECC0
:10860000028BBDE8F08FC01AC2B217A916A816F0E7
:1086100050FE034620B13846644A654916F048F8D2
:108620004AF030028DF870200E9A0C998DF8712066
:10863000BDF846201CABADF872209DF87420169F43
:1086400066F3030261F307128DF874200F9A19AED6
:108650008DF87520109A8DF8762093E8070003C6F0
:1086600020463280FFF7ECFB03460A4653EA02013C
:108670000AD102204B4A4F4916F01AF86FF015063E
:10868000BAE76FF00B06B2E722A8CDE90E3216F07A
:10869000B2F9DDE90E32834630B90220464916F0C0
:1086A00007F86FF00B06A7E7666922980AF1010A3E
:1086B00006600026D9F80400DDF888C027A9CCF8A8
:1086C00004002868CCF81460CCF808006088CCE975
:1086D0000E32ACF8200039488CF8456040E902328F
:1086E0004FF4B453CCF82460ACF848A0ACF84A601E
:1086F000CCF86C30D9F81C307F1A8CF870308CF8BC
:108700007960ABF88A70BFB23A46DBF88C0019F09A
:1087100025FF01230C9A8BF878309DF8683062F3BE
:1087200007138DF8683019AB03CB1B88CBF87900A1
:10873000ABF8813003238BF8083040F2ED33584614
:10874000CBF87D10CBF80C30F7F714FF50B90220AE
:10875000144A1B4915F0ACFF584616F06AF96FF041
:108760000F0649E72B68218962698DED0A8B2298F3
:10877000D0E90E890D98CDE90889CDE906706088A9
:10878000059095F90500CDE90112CDE9032000918E
:108790001A4630460B4915F08BFF2DE7B013012028
:1087A000382C04007E5F0400F05B04004F5F04007F
:1087B000C7520400985904001F5C040040180120AF
:1087C000D90C04005F5A0400F8B5476805463846DE
:1087D0000E46FFF727FA044648B93B460120104AE7
:1087E000104915F065FF6FF015042046F8BD1830EC
:1087F00010F0B4FCA06801F043F800233146237365
:108800002370236163602846FFF754FE0446002866
:10881000EBD00346024A0220034915F049FFE4E782
:10882000A65F0400895C0400B85B04002DE9F04FEA
:108830002DED028B0446ADF6DC0D00F130014FF456
:10884000327226A819F08AFE94F834300BB3002156
:1088500040F27452D9A8D89119F0A7FEF5F764FB3D
:1088600040F2E732904203460DF1A20222D1CA49FA
:10887000D8A813F041FF4FF42F7200210DF1A20090
:1088800019F093FE40F2BB22D8A90DF1A20019F015
:10889000DDFF269800F0ECFC014680B90120269B04
:1088A000BE4ABF4915F004FF0DF6DC0DBDEC028B8E
:1088B000BDE8F08FBB49D8A813F01EFFDBE704F535
:1088C0003E73184650220E9319F048FEF8F7DEFD6D
:1088D000814694F8270394EDC48B00F081FC0DF5DC
:1088E000587A4FF42F7200210F90504619F05DFE18
:1088F00094F80833B4F80083D4F804B31093F8F76D
:10890000C5FD0026838905465BBA9DF99E009DF84A
:108910009D70ADF84E30CDE91B66ADF87460F7F789
:108920008FFA00F00F030D934FEA182311935FFAAB
:1089300088F34FF001081422314621A81293ADF8B4
:1089400050608DF8526019F030FE974AADF886807D
:10895000138814A8ADF8883003EB08016B68118008
:1089600051462393CDF894B0CDF854A016F0C8F931
:108970000146159021A816F019FA4FF4367115909A
:10898000404619F0B7FD07F00F070546002800F034
:1089900097800DF1A200F0F76DF90223032180B258
:1089A00000EB080B184405F1080CCDF87A60CDF8FF
:1089B0007E60ADF882608DF878301FFA8BFB8DF801
:1089C0007910ADF87C001EAA07CA8CE807005A4649
:1089D0002E750DF1A20105F11C0019F0BFFD16ABBB
:1089E000C5E900331946A5F81AB085F8188015981E
:1089F000CDE9165500F004FA1590A0EB0A0086B2F6
:108A00003A464146304615F0F1FE00F00F05394672
:108A1000284615F0E3FE02B2002A4FF0020311DCF3
:108A20001846624915F044FE6FF015040220604AB2
:108A3000604915F03DFE23460220584A5E4915F074
:108A400037FEE5E0801BC2B216A915A816F031FC6E
:108A5000034620B14046594A594915F029FE45F0D0
:108A600030028DF86C20109A0D998DF86D20BDF8AC
:108A70004E201BABADF86E209DF87020159E67F35D
:108A8000030261F307128DF87020119A18AF8DF868
:108A90007120129A8DF8722093E8070003C70E9890
:108AA0003A80FFF7CDF950EA0103824688460AD1A1
:108AB00002203F4A434915F0FBFD6FF01504BAE769
:108AC0006FF00B04B2E721A815F095FF074630B907
:108AD00002203D4915F0ECFD6FF00B04ABE7D8A97F
:108AE000721A0026D4F80C03219B01351860D9F8BE
:108AF000043021984360269B46618360B4F8FA32C3
:108B0000C0E90EA80384314B80F8456043E902A810
:108B10004FF4B453A0F848504662A0F84A60C366C8
:108B2000D9F81C3095B280F8703080F87960D7F8A9
:108B30008C00A7F88A202A4619F010FD01229DF822
:108B400064300D993A7261F307138DF8643018ABF5
:108B500003CB1B8887F87820A7F8813040F2EA32EF
:108B600040F2E933C7F87D10BDF8A010C7F87900CE
:108B7000B14218BF13463846FB60F7F7FBFC48BB11
:108B800002200B4A124915F093FD384615F051FFAB
:108B90006FF00F044FE700BFAD5C04002C5F0400D2
:108BA000E45C0400C95C0400B0130120382C04000C
:108BB000105F0400265D04009C5E0400EC5E04006F
:108BC000C7520400985904004D5D0400401801206C
:108BD000D90C0400B4F80023D4F80C138DED0A8BE3
:108BE0002198269BD0E90E890F98CDE90889CDE917
:108BF0000650B4F8FA02CDE9012105909DF99E00D6
:108C00000092CDE903101A4630460F4915F050FD89
:108C1000BDF8A040002C3FF447AE4FF47A734FF4F8
:108C2000004540F2E73000215C434FF47A720023A4
:108C3000E4FB0501EFF7DCFF02460B46034804495D
:108C400010F008FA30E600BFAA5D040058EF0020DB
:108C50006810012070B50020094915F029FD002495
:108C6000084D094E2B7A01342BB1224631460020A3
:108C7000EB6815F01DFD102C05F14805F2D170BD13
:108C8000BC5E0400B0130120CB5E0400F0B58DB0D3
:108C90006C4606460F46084D0FCD0FC40FCD0FC4CE
:108CA00095E80F0084E80F003A4631466846F7F72A
:108CB000D7F80DB0F0BD00BF403F0300F0B58DB058
:108CC0006C4606460F46084D0FCD0FC40FCD0FC49E
:108CD00095E80F0084E80F003A4631466846F7F7FA
:108CE000BFF80DB0F0BD00BF703F03001E289DBF50
:108CF000034B23FA00F000F001000020704700BF92
:108D0000070001402DE9F043164CCBB081461646D2
:108D10008846D822144914A808AD1F4619F01EFC35
:108D20000FCC0FC50FCC0FC594E80F0085E80F00DE
:108D30006D4610340FCC0FC594E80F00B9F1030F46
:108D400085E80F003A4631460AD1B8F1000F05D147
:108D500008A8F7F785F84BB0BDE8F0836846F8E758
:108D600014A8F6E778400300A03F030003289ABF49
:108D7000014B185C00207047B469040010B504462C
:108D8000237808469B01DBB20B702278032A0CD1B2
:108D9000A2886178003A18BF012201F003010B4359
:108DA00043EA421300F8013B0BE052B1627802F053
:108DB0003F0213430B702378012B03D1A3880230A9
:108DC0004B7010BD022B0BD00A490B4840F2E71341
:108DD0000A4A16F006FE40F2E711084816F0F8FDC0
:108DE000A188013015F0E5FC63783F2BE9D1A37829
:108DF000D8E700BFBE600400CE4E03008D600400C3
:108E0000F8B50E46044600273568AE4201D120462B
:108E1000F8BDD5E900322146136005F108005A601B
:108E2000C5E90077FFF7AAFF2A7D052A00F29080A6
:108E3000DFE802F0031F262C323B2A7E012A0BD0EA
:108E40004749484840F2CA33474A16F0CAFD40F243
:108E5000CA31454816F0BCFD1023044604F8013B16
:108E600020466A8B05F11C0119F078FB6B8B1C44C2
:108E700017E0014605F1180016F0A0F8044610E0CE
:108E8000014605F1180016F0E4F8F7E7014605F190
:108E9000180016F07DF9F1E704462B7E1B0104F85B
:108EA000013B284619F01FFBAEE7AA7E697E5200FF
:108EB00002EB8102E97E0A44297EC90001F0180113
:108EC0000A4402702A7F4270AA7F697F02F07F0203
:108ED00002EBC112827095F82120E97F02F00702AF
:108EE00002EBC11295F82010C90001F078010A4484
:108EF000C27095F8242095F8221002F0070202EBC8
:108F0000C11295F82310C90001F078010A440271DA
:108F10002A7EAAB9441D6B7E1BB195F8273004F850
:108F2000013BAB7E23B12046298D15F042FC04465F
:108F3000EB7E002BB5D02046698D15F03AFC9DE7FD
:108F400095F82520C41D427195F826208271E2E72C
:108F50002A8B05F11A0119F001FB2C8B034686E7D9
:108F6000F3600400CE4E03008D6004002DE9F04F45
:108F70000746904687B000EB010A0DF10C095745F2
:108F800001D3012008E04A46384615F03BFF30B9CE
:108F9000864816F0B5FC002007B0BDE8F08F4FF40E
:108FA000367012F033FC044608B98148F1E700F14D
:108FB000080399E8070083E80700637ABDF81060AA
:108FC000132B059D17D8132B18D8DFE813F0E400F6
:108FD00019001900190019001900190017001700CD
:108FE0003000B300BE00C9001700170017001700BB
:108FF000170017003E003E2B00F0D5800823CBE081
:1090000015F801BB4FEA1B1BBBF1010F02D06948E9
:1090100016F076FC00232946721E92B284F818B02E
:109020002375628304F11C0019F098FA9FE0314621
:10903000284604F1180215F053FF18B95E4816F0DF
:109040005FFCDBE70123237591E0042E70D92A78B9
:10905000C2F3C10222762878002AC0F3800B58465A
:1090600084F819B02978C1F34003A37695F800C0BD
:1090700019460CF0010E019384F81BE00CBF052388
:10908000072300B1013309B102339BB2BEF1000FD7
:1090900001D002339BB29E424AD36B782377AB78E0
:1090A000DB096377AB7803F07F03A377EB78DB0909
:1090B000E377EB78C3F3C30384F82030EB7803F055
:1090C000070384F821302B79DB0984F822302B79CF
:1090D000C3F3C30384F823302B7903F0070384F828
:1090E0002430EAB96B1DBBF1000F03D013F8012B3C
:1090F00084F82720019A3AB11A785978120202F4BA
:10910000F8520A43228502331CF0010F06D01A7868
:109110005B78120202F4F85213436385052392E749
:109120006B7984F82530AA79EB1D84F82620DAE7DC
:10913000224884E73146284604F1180215F0CCFF96
:1091400008B91F487BE702237DE73146284604F132
:10915000180216F05FF808B91A4870E7032372E79F
:10916000A6B9194816F0CCFB082326832375D8F836
:1091700004304846C4E900831C60C8F8044015F078
:109180009FFE30440744AAEB0701F8E62B781B0941
:109190002376042357E7072332462946237526837F
:1091A00004F11A0040E70623F6E700BF526104000D
:1091B000736104008E610400A7610400C8610400AB
:1091C000E2610400106204003F62040006289ABFB6
:1091D000024B33F910004FF0FF307047664E03002A
:1091E0000A289ABF024B33F910004FF0FF30704746
:1091F000504E030003289ABF024B53F82000024848
:10920000704700BFF04403006D62040006289ABF57
:10921000024B53F820000248704700BFD4440300BB
:109220006D6204000E289ABF024B53F820000248DA
:10923000704700BF98440300756204000D289ABF70
:10924000024B53F820000248704700BF60440300FF
:109250006D62040002460B4601480EF07FBF00BF5E
:1092600014EA002001480FF049B800BF14EA0020BA
:1092700038B54FF0FF3105464FF0FF30FFF7EAFFFA
:109280000A4B00221C46197849B15968A94206D1F7
:10929000502303FB0244FFF7E5FF204638BD0132AF
:1092A000102A03F15003EED10024F4E74018012006
:1092B00008B54FF0FF304FF0FF31FFF7CBFF4FF411
:1092C000A0620021034819F070F9BDE80840FFF7DB
:1092D000C9BF00BF401801202DE9F04FB9B0429F2F
:1092E0001E469DF818311546814638460F938A462A
:1092F000BDF80C81FFF7BCFF46EA052304460E9338
:10930000002864D10146282210A819F04EF999EDE1
:10931000007BDDF810C11AACBCE80F000FC4DCF80C
:1093200000301FAA2360459B03F1100C14461868F7
:109330005968083303C463452246F7D118685022A0
:1093400020600E9B10A924A815938DED167B139514
:10935000ADF842A01197ADF848808DF8506019F033
:10936000FDF84FF0FF304FF0FF31FFF773FF0023A0
:109370005022464D02FB03F615F806907019B9F11C
:10938000000F17D10124502224A919F0E7F8AC5599
:10939000FFF768FF3B463A464846CDE9018A3C491B
:1093A000CDF8008015F084F9FFF75CFF204639B056
:1093B000BDE8F08F0133102BDCD1FFF753FF3B46A4
:1093C0000220344A344915F073F90024ECE7D9E956
:1093D000002390F82F00CDE90023D4E90623FEF7FF
:1093E000E9FB83460D91BAF1000F01D0A4F802A069
:1093F0000E9BA4F80880E56026746361D9E9002318
:10940000C4E906230D9BC4F820B06362CDE900B324
:109410003846D9E9002315F099FFDDF810C104F1B1
:10942000280EBCE80F00AEE80F00DCF8003004F1B5
:109430003C02CEF80030459B03F1100E94461868AC
:1094400059680833ACE8030073456246F6D11868E2
:10945000CCF800000F9BB3B10D9BCDF828B00B9357
:10946000D4E90623CDE9082363883A46CDE90563AC
:1094700000203B46CDE90356CDE901850749CDF8EB
:10948000008015F015F901248EE700BF4018012077
:10949000B86904002A6C0400176A04004E6A0400CC
:1094A0002DE9F84FF6F774FC06460F464FF0FF30F3
:1094B0004FF0FF31FFF7CEFE0020294915F0F8F8F4
:1094C0000025284CDFF8BCA0DFF8BCB023780135BC
:1094D000002B3DD0D4E90601301A67EB0101EEF70D
:1094E000B9FF214B0022EFF715F9EFF7CBFB8146CF
:1094F00088462A465146002015F0DAF8E3685946B6
:109500001A46002015F0D4F8237C00201A4617498B
:1095100015F0CEF8636900201A46154915F0C8F811
:1095200000206268134915F0C3F80020228912490F
:1095300015F0BEF800206288104915F0B9F8002037
:109540004A4643460E4915F0B3F8606800F0BCF98E
:10955000102D04F15004B9D1BDE8F84FFFF782BED9
:109560000E6B04004018012000E0F0405A6B04002C
:10957000816B0400A86B0400C66B0400E46B04005C
:10958000026C0400246B0400336B040038B54FF008
:10959000FF3105464FF0FF30FFF75CFE1023074A0E
:1095A000147814B15188A94204D0013B02F1500251
:1095B000F6D11C46FFF756FE204638BD4018012064
:1095C000094B00211A4610B51C7834B15C688442FE
:1095D00003D1382303FB012010BD0131102903F111
:1095E0003803F1D10020F7E7401D0120094B00218D
:1095F0001A4610B51C7834B1DC68844203D1382394
:1096000003FB012010BD0131102903F13803F1D112
:109610000020F7E7401D01207FB5866805463046EB
:10962000FFF7CEFF044640B9334602201D4A1E49CB
:1096300004B0BDE8704015F03BB8F6F7A9FBD4E9DB
:109640000C3253EA02061FD0C01A61EB0201EEF79A
:1096500001FF0022154BEFF75DF8EFF713FB002336
:10966000134A824273EB01010EDA2370A868F6F701
:1096700081FD236943B102228DF80420AA6801A864
:109680000292E268039298470120F3F79DFFEB896D
:1096900023B9A3690133A36104B070BDE369013349
:1096A000E361F9E7F16E04004F6C040000E0F04064
:1096B00020BF02002DE9F04F044687B008B143688F
:1096C0004BB96149CA23614A614816F08AF9CA2137
:1096D0005E4816F07DF905682846FFF771FF48B12E
:1096E000012022685B4914F0E3FF6FF00F0007B020
:1096F000BDE8F08F2846F6F763FD05460028EFD158
:109700003823DFF878B103FB05FA1BF80A204AB9C1
:1097100063688BB94C4982234C4A4D4816F061F975
:109720008221D5E70135102DEDD102204A4914F0F0
:10973000BFFF6FF00B00DAE7F6F72AFB8846074613
:10974000F7F7A4FE4549039060687F18D0E90663E7
:1097500090F82F00029348F100030093FFF740FDBB
:109760004FF4873101FB00F805A84FEAE871019139
:10977000F6F736FEDDE901138146039A48B9022067
:10978000374A384914F094FFD3E718EB060641EB4B
:1097900003030098BE4273EB0000F6D304204FF0A1
:1097A000010C0027216889F80800059889F810C085
:1097B000C9F80C1080F85C70116880F859C04165D8
:1097C000116880F8581052688764A0F85A20264A19
:1097D00080F84570B61863F10003C0E90E63234BAF
:1097E000C36463685B88C76103840A2303FB08F3CF
:1097F00043621F4B43611F4BC3604846F6F7BAFEF6
:109800004FF0010C40B90220154A1B4914F050FFDB
:10981000484615F00EF968E738235D430BEB050663
:109820000BF805C0351D94E80F0085E80F000022F5
:1098300000230AF11800C6E90C23394618225844BF
:1098400018F0B3FE384652E7B16C0400786C04009F
:10985000CE4E0300CE6C0400FC6C040000B01E046D
:10986000246F0400205A040080CDFDFF809706007D
:109870001996010041F30200D90C0400401D01209B
:1098800030B585B00546FFF79BFE044640B9012080
:109890002A460C4914F00CFF6FF0150005B030BDDE
:1098A000002303702846F6F765FC23690BB90020F6
:1098B000F4E701228DF80420E2680295039201A8E2
:1098C0009847F4E7166D04002DE9F041FFF78EFE8E
:1098D00004462D49002014F0EBFE2CB92046BDE8CB
:1098E000F0412A4914F0E4BEF6F752FAD4E90C78B4
:1098F00005460E460020264914F0DAFE6268002074
:10990000244914F0D5FED4E90C32134323D10020AE
:10991000214914F0CDFE0020204914F0C9FE226A2E
:1099200000201F4914F0C4FEA26900201D4914F054
:10993000BFFEE26900201C4914F0BAFE626A0020F2
:109940001A4914F0B5FED4E90A23BDE8F04100201D
:10995000174914F0ADBEE81B66EB0801EEF77AFD7F
:109960000022144BEEF7D6FEEFF78CF902460B46B9
:109970000020114914F09CFED4E90C2300200F496B
:1099800014F096FEC7E700BF426D04005D6D040051
:10999000726D0400856D04009D6D0400FB6D040074
:1099A000096E0400376E0400656E0400936E0400B7
:1099B000C16E040000E0F040B36D0400D76D0400F8
:1099C000F0B50C46ADF5337D082800F22982DFE8BA
:1099D00010F02100E4003A00A300D900B5013702DD
:1099E000340209000025A74F4E1C2388AB420ADD34
:1099F00003AB5819394616F8012F013512F07CFED9
:109A0000B5F52F7FF1D1002003AB1D4422889E497C
:109A1000687015E000254F8803AE3A4604313046A1
:109A200018F09CFD2078F555FFF7FCFB23780246E3
:109A30009649284614F03CFE3346284662889449ED
:109A400014F036FEECE19349002014F031FEE0788A
:109A5000FFF7DCFBE37802468F49002014F028FE74
:109A6000002022798D4914F023FE637A00201A46E3
:109A70008B4914F01DFE2078002847D0002089492A
:109A800014F016FE6078002842D08749002014F0B8
:109A90000FFEA07AFFF79AFB84490246002014F0DB
:109AA00007FEE07AFFF79CFB81490246002014F094
:109AB000FFFD0020A2897F4914F0FAFD00202269F1
:109AC0007D4914F0F5FDA37823B10020A28A7B49DB
:109AD00014F0EEFD637900201A46794914F0E8FD90
:109AE000A37900201A46774914F0E2FDE3790020BB
:109AF0001A46754914F0DCFD237A1A467349002092
:109B00000DF5337DBDE8F04014F0D2BD7049B7E7E4
:109B1000704914F0CDFDD6E700206F4914F0C8FD60
:109B200025783DB300206D4914F0C2FDE278072A84
:109B30001BD100206A4914F0BBFD6378002B00F0B4
:109B40006F81237A00201A465D4914F0B1FD637AD3
:109B500000201A465B4914F0ABFDA37900201A4699
:109B6000594914F0A5FDE379C7E700205D4914F0D9
:109B70009FFDE2E728465C4914F09AFD28462279C9
:109B80005A49F4E75A49002014F092FD2078FFF773
:109B900055FB237802465749B1E7C879FFF720FB08
:109BA0004FF48736544946430546002014F080FDA3
:109BB00000202278514914F07BFD6078F7170028C7
:109BC0004DD0607AF6F72CF94D490246002014F08A
:109BD0006FFDA078002846D000204A4914F068FDA7
:109BE000E078002841D000206289474914F060FDE8
:109BF000207900283DD00020A289444914F058FD66
:109C00006079002839D000202269414914F050FDC4
:109C1000A079FFF7DBFA3F490246002014F048FD27
:109C20002A4600203C49CDE9006714F041FD227A24
:109C300000203A4902F00F0214F03AFD227A384926
:109C4000C2F30112002014F033FD227A3549920943
:109C500000200DF5337DBDE8F04014F029BD3249F8
:109C600014F026FDB5E73149B8E7314914F020FD7D
:109C7000BEE7304914F01CFDC2E72F4914F018FD6F
:109C8000C6E700BF62E60300677C0400BD6F040006
:109C9000DE6F040029700400557004007B7004001E
:109CA00098700400BE7004001F7104005A71040013
:109CB00081710400A8710400CC71040038720400A2
:109CC0005C72040082720400A8720400CE72040068
:109CD000EF700400FD710400F472040021730400AD
:109CE0003E73040092730400A9730400C773040058
:109CF000E473040010740400377404005674040004
:109D000077740400D574040081750400E4750400C0
:109D1000657604005077040074770400A977040086
:109D2000D8770400077804009C74040026750400AA
:109D3000AB7504002E7604009376040000257C2287
:109D4000294604A8039518F030FC4449284614F02D
:109D5000AFFC2078FFF74EFA41490246284614F03E
:109D6000A7FC23784BB12846627B3E4914F0A0FC47
:109D70002846A27B3C4914F09BFC6078E27B0028DB
:109D800051D00020394914F093FCA07800284CD021
:109D90000020228A364914F08BFCE078002848D055
:109DA0000020628A334914F083FC22790020324972
:109DB00014F07EFC03A96079F6F798F82F49024663
:109DC000002014F075FCA27900202D4914F070FCDD
:109DD00003A9E079F6F78AF82A490246002014F030
:109DE00067FC0020227A284914F062FC0020627A85
:109DF000264914F05DFCA17A254B264A0020002953
:109E000008BF1A46244914F053FCE27A0020234983
:109E1000013214F04DFC0020227B214914F048FC53
:109E20000DF5337DF0BD1F49ADE71F4914F040FC2F
:109E3000B3E71E4914F03CFCB7E70A881C4907E762
:109E400031F8025B03AB2A46184618F087FB03463D
:109E500000202A4617495855F2E500BF367804001D
:109E6000537804007478040095780400B6780400F0
:109E70005D790400107A0400B27A0400D37A0400F9
:109E8000F47A0400157B0400367B0400577B040041
:109E9000466F0400856F0400787B0400997B040002
:109EA000C37B04000A790400B2790400597A0400E3
:109EB000E47B0400207C04002DE9F04FD0F828A0BA
:109EC000B1B000F1310983465146484608AA14F062
:109ED000FEFE8046002800F08380FDF7DBFC05468F
:109EE000BBF81800FDF796FF20B19DF822305D1EEB
:109EF00018BF0125F4F768F80346BBF904400BF1DD
:109F0000320204EBD474BBF9060006926410002BF5
:109F100041D0EEF76BFA0022954BEEF7D1FA0646E8
:109F20000F460025DBF82830CDE90267CDE9044370
:109F3000DBF8003000200093DBE908238D4914F0A2
:109F4000B7FB7C22294611A8109518F02EFB284655
:109F5000894914F0ADFB2846884914F0A9FB28462E
:109F60009DF82020864914F0A3FB10A99DF820003D
:109F7000FEF7A4FE83490246284614F099FB10A977
:109F80009DF82200FEF782FE7F490246284614F023
:109F90008FFB454609E0EEF729FA0022744BEEF7F5
:109FA0008FFA06460F46002DBBD106980BAB08AAC8
:109FB0000AF1FF3114F0C8FEC0B96DB9DBF82830E2
:109FC000CDE90267CDE90443DBF80030694900932D
:109FD000DBE9082314F06CFB02206C4914F068FBE9
:109FE0004FF00008404631B0BDE8F08F9DF82230B8
:109FF0007DB3012B0CD10F9B65491A46002014F04C
:10A0000057FB0D9B63491A46002014F051FB20E0DA
:10A01000614BBDF82E10614A0020002918BF1A4676
:10A020005F4914F045FB0020BDF830205D4914F075
:10A030003FFB9DF82230022B09D10E9B00201A46CF
:10A04000594914F035FB0D9B58491A46DCE7032BA0
:10A05000F9D09DF82200FEF789FEDBF828100DF1FB
:10A06000240A091A52464844CDE909AAFEF77EFFA0
:10A07000804628B902204E4914F01AFB002473E0F0
:10A080000026099CB146544508BF0024CDE9066668
:10A09000ECB9069B9BB1079B8BB1CDE90335069BC1
:10A0A0000F9A0293BBF818300BF1200001930D9B1F
:10A0B00000939BF81630BBF81410FFF70DF9B9F1B7
:10A0C000000FDBD049460BA8FDF764FED6E76DB361
:10A0D0000027013632460020364914F0E9FA7C2286
:10A0E000394611A8109718F060FA3846324914F032
:10A0F000DFFA10AB627AA189207AFEF703FE2F49BE
:10A100000246384614F0D4FA3846A2892C4914F095
:10A11000CFFA637A3F2B04D13846A27A294914F04A
:10A12000C7FA207D04F11801FFF74AFC237D012BBB
:10A1300007D104F1180306930A9B9C42A9D0246816
:10A14000A6E7052B03D104F118030793F4E7032BCB
:10A1500008BF04F11809EFE7D0E9003213605A6034
:10A16000C0E9004418F0BFF909985045F4D139E727
:10A170000000D03F9E7C0400F07C0400037D0400BE
:10A18000117D0400217D0400327D04003F7D040028
:10A19000627D04008D7D0400090304000D030400AA
:10A1A000B87D0400C87D0400DA7D0400F67D04005B
:10A1B000157E04002F7E0400397E04004D7E0400CD
:10A1C0005F7E0400787E040070B5C4B0044690F849
:10A1D000301001A800F0CAF994F83060054638B193
:10A1E00033460220224A234914F062FA44B070BD7B
:10A1F00003A8EEF73FFD50B128461F4903AB324696
:10A2000014F056FA1D4B03A9186806F0CFF894F81D
:10A2100030301B4C052B27D894F830004FF47A755A
:10A220000130C0B284F8300000F072F9684318D0F1
:10A2300094F8300000F06CF9002105FB00F44FF4B5
:10A24000004540F2E7304FF47A720023E4FB050149
:10A25000EEF7CEFC02460B4609490A480EF0FAFE1C
:10A26000C4E700221346F7E7002384F83030BDE747
:10A27000EE7E0400937E0400C67E04005830012068
:10A28000C0200120F0EB00202DE9F04100F05EF944
:10A29000114E04463578EDB900F09EF9D0B14FF477
:10A2A0007A734FF4004C012740F2E73029465C43B3
:10A2B000DFF82C804FF47A720023E4FB0C0188F85D
:10A2C0003070EEF795FC02460B46044841460EF00E
:10A2D000C1FE3770BDE8F081DF4B0120F0EB0020BC
:10A2E000C020012008B5044904480EF087FEBDE8EF
:10A2F000084000F0BDB900BFC9A10100C020012085
:10A300002DE9F04F01290D461746ADF6A44D50D961
:10A31000002601F061FB02A800F01EF940F24C6239
:10A3200002A90DF2546018F019F93446B1464FF005
:10A330000508B346DFF858A1534639462846484A2F
:10A34000CDF800B015F0B5FC431C0AD1454B1B6895
:10A35000AB425CD205F18045013D57F825204249CA
:10A3600024E074282DD00EDC682822D0722824D056
:10A3700064283AD03B4B3D491B6803F18043013BC5
:10A3800057F8232012E040F2E933984235D040F2EA
:10A39000EA339842EED1364B1E683046EEF76AFC3F
:10A3A000B0F5807FC8D94FF480723249022014F092
:10A3B0007FF93148F1F752FC01E000F01BF900246D
:10A3C0000BE02B4B186818F0A7F800280ADA2B4985
:10A3D000022014F06DF96FF0150420460DF6A44D1F
:10A3E000BDE8F08FCDF85406A6E7214B4FF00109E8
:10A3F000186818F091F880469EE71D4B186818F011
:10A400008BF8431E052B044696D91D49E0E72EB173
:10A410003CB91C49022014F04BF9CAE7ACB11A4907
:10A42000F8E74FF48673013C5C430DF2546304F18A
:10A430000C003146184418F0EFF9B9F1000F04D0C0
:10A440000DF254631C44C4F808800DF2546000F00F
:10A450009FF804460028C0D10C4914F029F9BCE744
:10A46000777F0400C4E4002033600300066003002B
:10A47000183701204C7F040031800400017F040064
:10A48000207F04007E7F0400967F0400B17F0400DB
:10A4900024E4002070B50C4915461E46EEF7E0FB9B
:10A4A000044668B940F24C6230460849A847051E88
:10A4B00004DA2946064815F023FA2C46204670BDDA
:10A4C0006FF00104FAE700BFFEA00400C8300120CD
:10A4D0006D83040008B5431EDAB2052A09D908497C
:10A4E00008483023084A15F07CFA3021064815F058
:10A4F0006FFA4FF48670054A00FB032008BD00BFC9
:10A50000D5830400CE4E03009D830400D430012087
:10A510000138052808B509D9084909483623094AE8
:10A5200015F05FFA3621074815F052FA4FF486729B
:10A53000054B02FB0033986808BD00BFD5830400BB
:10A54000CE4E03009D830400C8300120014B1868E3
:10A55000704700BFC830012008B540F24C62024984
:10A5600017F0FCFF002008BDC83001200139052983
:10A5700008B508D84FF48672044B02FB013117F07E
:10A58000EDFF002008BD6FF01500FBE7CC30012087
:10A5900038B50146054640F24C620B4803F0FEFB1D
:10A5A000044630B102460949022014F081F82046E1
:10A5B00038BD294640F24C62054817F0CFFF2046CF
:10A5C000044914F075F8F2E7F483040005840400EC
:10A5D000C83001202F8404000023054A107B28B9CD
:10A5E0000133062B02F58672F8D1704701207047BF
:10A5F000C8300120F8B5174B00201C68164914F02C
:10A6000057F822460020154914F052F80124144D41
:10A61000144E154F22462946002014F049F8E0B2A6
:10A62000FFF758FF0246007878B13946002014F051
:10A630003FF82046FFF76CFF0C490246002014F05B
:10A6400037F80134072CE5D1F8BD314614F030F865
:10A65000F7E700BFC83001204A8404005E8404008C
:10A660006F840400A28404007E84040090840400AB
:10A67000194B10B540F24C620021184617F095FFB7
:10A680000122026005228260C0F81421C0F8202255
:10A69000C0F82C23C0F83824C0F8442503F06EFD20
:10A6A000044638B103460D4A0D49022014F000F863
:10A6B000204610BD0B4815F095FF044618B103461F
:10A6C000064A0949F1E715F066FF04460028EFD075
:10A6D0000346024A0549E8E7C830012032850400F4
:10A6E000B184040084E40020EA840400148504009A
:10A6F000F8B50F46002943D005680122284614F01A
:10A70000CDFE01460446284614F090FEC3070DD442
:10A71000AF231C4A1C491D4815F063F939461C48F3
:10A7200015F05FF9AF21174815F052F92146284678
:10A7300014F092FE261831460022284614F076FEC8
:10A74000361AB4420BD0B7230E4A12490F4815F0FF
:10A7500048F93946104815F044F9B721E3E7214696
:10A76000284614F07FFE214614F076FE6B692146E0
:10A77000A3EBC0036B612846BDE8F84014F0B9BFF5
:10A78000F8BD00BF4C8504006F850400CE4E030069
:10A7900080850400B8850400DE850400B2F5802FB2
:10A7A0002DE9F04110D2042A28D8474940F21A2353
:10A7B000464A474815F015F9464815F012F940F297
:10A7C0001A21424815F004F90823D21ACC1D11446D
:10A7D00024F0070421F00701091B27294FEAD106BD
:10A7E0000ED83D4940F22323384A394815F0F9F88C
:10A7F000384815F0F6F840F22321E2E70423E4E7B5
:10A800000025046031462046C4E90355C4E90555D6
:10A81000A66014F04DFEB6F5004F2CBF08230423AC
:10A8200000F1080292000833D11DDB0803EBD103CD
:10A83000B3424FEAD10739D801302946A2F11C02B0
:10A8400004F11C00B8BF2A4617F0AFFE3A4629466D
:10A85000204614F01FFE2B462A462946204614F0B7
:10A86000F0FDA6EB070820462946012214F0FAFD68
:10A870004246394614F00EFE3B462A4639462046EB
:10A8800014F0DFFD3146204614F004FE43462A460C
:10A890003146204614F0D5FD31462046012214F001
:10A8A000E1FD3946BDE8F04114F0DDBE0B494FF43F
:10A8B0000E73064A064815F094F8064815F091F80C
:10A8C0004FF40E717DE700BF1A8604004C8504002A
:10A8D000CE4E03003B860400548604007D860400AF
:10A8E0002DE9F04F97B000AF89460446D7F880B005
:10A8F000FA623B6258B9AB4940F29933AA4AAB4875
:10A9000015F06FF840F29931A74815F061F8CBF3D4
:10A91000C00390F802A07B6141B9457800780AEB4A
:10A92000800020444D4517D8A0EB0409E378FB6173
:10A93000BAF1000F02D01BF0010F16D1FB6953BB17
:10A94000FB6A1BB1494620463A6A98474D4628465D
:10A950005C37BD46BDE8F08F461C3046EEF78AF9FD
:10A960000130304409F10109DCE7626823787A623A
:10A97000FA6A9900B96104EB8301002A40F006816C
:10A980000E464FF000084D4601EB0A09B14550D183
:10A9900001EB0A0610E01BF0020FD1D023789A00D9
:10A9A000BA61626804EB83017A62FA6A002A7BD199
:10A9B0004D46904601EB0A061BF0050F0CBF022323
:10A9C0000123FB62FB6906EB430A0BF00203BB6247
:10A9D0005645BCD016F8021B16F8013C54F82390DB
:10A9E000734B994502D3734B99453AD37B69002B3E
:10A9F00044D0786A14F04BFF00283FD06E480368BB
:10AA000013F0060F13D0E9468AB06A466B4B5361C8
:10AA10007B6AC2E906314FF400731384684B42F835
:10AA2000103F00234FF4125102F0ACFECD46023D20
:10AA3000CEE716F8013BF96254F82300EEF71AF955
:10AA4000D7F88430F96A01304BB1D7F8883098458F
:10AA50003EBFD7F8843023F8180008F101080544F8
:10AA600094E77B6923B1786A14F011FF0028C5D1FF
:10AA70001BF0010F05D1FB6AED1AA9E7BB6A002B99
:10AA8000A6D04846EEF7F6F8D7F8843053B1D7F899
:10AA9000883098453FBFD7F88420431C22F81830EF
:10AAA00008F10108054493E7BAF1000F74D01BF0D8
:10AAB000040674D0D046002607F1480052463B6198
:10AAC000B96217F04BFDB96A3B6901EB0A02BA6241
:10AAD000FA69F9695200FA60BA6A02EB41023A6116
:10AAE0000BF00202BA60BA6A39698A426AD16278A6
:10AAF0001BF0020F18BF00217A6208BF4FEA58010D
:10AB0000B2181BF0010FD2B240F0E5801BF0040F29
:10AB100014BF404600207B616270A070E170204647
:10AB20003A6AB969FB6A9847051EFFF610AF7B6960
:10AB3000414623707B6A3A6A6370FB6984F802A01D
:10AB4000E37007F14800FB6A9847B0F10008C0F2D3
:10AB5000F680BB69A9EB0A01C91AFB683A6AC91AEF
:10AB6000D7E90A0398470028C0F2EB804FF0000BAA
:10AB7000A84408EB000507F1380AB345C0F0AD80E2
:10AB800000213A6A0846FB6A9847E0E656464FF0CD
:10AB9000000807F1380091E75646D04695E7B046E1
:10ABA00093E700BF3D870400A8860400CE4E030053
:10ABB0001034030014D704003CE800205887040038
:10ABC00004000001BA6A12F8021B12F8015CBA62B2
:10ABD00054F825005C4A904202D35C4A904218D354
:10ABE0007A693AB1786A7B6014F051FE7B6800287C
:10ABF0007FF479AFBA68002A4CD00F2E40D954495F
:10AC000040F24D43534A544814F0EBFE40F24D419C
:10AC10007AE67A693AB1786A7B6014F038FE7B682C
:10AC200000287FF460AF1BF0010F0BD00F2E27D947
:10AC3000474940F24343474A474814F0D2FE40F2A6
:10AC4000434161E61BF0040F3FF44DAFB8F10F0F25
:10AC500009D9424940F246433E4A3F4814F0C1FEFA
:10AC600040F2464150E608F1280207F1300008F1B1
:10AC7000010102EB000808F8105C5FFA81F832E786
:10AC800006F1280207F13000711C161806F8205C46
:10AC9000CEB228E7B8F10F0F09D930494FF48A63D3
:10ACA0002C4A2D4814F09DFE4FF48A612CE608F1E1
:10ACB000280207F1300C08F10100944407F1580212
:10ACC00008F1020852FA80F00CF8101C5FFA88F8BC
:10ACD00000F8105C07E700201DE71BF80A3054F865
:10ACE000239087F83730D7F884302BB3D7F88830E3
:10ACF0009B4521D2D7F8843033F81B8001213A6A72
:10AD0000FB6A07F13700984700281ADB0544B8F1C1
:10AD1000000F06D14846EDF7ADFF00F101081FFA1C
:10AD200088F8414648463A6AFB6A9847002808DB9B
:10AD300005440BF1010B20E74FF00008DEE7454624
:10AD400005E6054603E600BF1034030014D70400EF
:10AD5000FB870400A8860400CE4E03001A88040076
:10AD6000064C08B50649074840F27D13224614F008
:10AD700038FE40F27D11204614F02AFE4B88040074
:10AD80007C880400CE4E030008B508B9FFF7E8FF41
:10AD90008068034B98428CBF0020012008BD00BF93
:10ADA000FFC99A3BF8B50D46044610B1FFF7ECFF1A
:10ADB00058B9254940F2B913244A254814F011FE28
:10ADC00040F2B911214814F003FE1DB12846FFF7E7
:10ADD000DBFF48B91F494FF4DD731C4A1C4814F0CF
:10ADE00000FE4FF4DD71EDE7D4E90032002AD5E929
:10ADF000000118DA002908DA4FF000465F4266EBDE
:10AE00000206B84271EB06061CDB1B1842EB01027E
:10AE1000C4E90032A368AA6820461344A360BDE8D1
:10AE2000F84000F077BD53EA0206EED0012871F138
:10AE30000006EADBDE4386426FF00046A6EB020620
:10AE40008E41E1E70020F8BD8E8804004B880400A5
:10AE5000CE4E0300B988040010B5044610B1FFF7C8
:10AE600093FF58B9104911484FF4F273104A14F087
:10AE7000B8FD4FF4F2710E4814F0AAFDD4E9003287
:10AE8000B2F1004F08BF002B0CD05B4262EB4202D4
:10AE9000C4E90032A36820465B42A360BDE81040CD
:10AEA00000F038BD10BD00BFE4880400CE4E0300A2
:10AEB0004B88040038B5044640B926496A23264A1F
:10AEC000264814F08EFD6A21234816E0EFF3118521
:10AED000202383F31288BFF36F8F21480FF04AFEBF
:10AEE00068B988231F4A20491C4814F07AFD1C4980
:10AEF0001E4814F076FD88211A4814F069FD1848A0
:10AF00000FF05CFE1A4B0FCB84E80F0014480FF0D3
:10AF10003FFE68B94FF49A73124A16490F4814F06D
:10AF200060FD0F49144814F05CFD4FF49A71E3E79B
:10AF300085F31188BFF36F8F2046FFF725FF38B9DF
:10AF40000E497023044A054814F04BFD7021BBE7FD
:10AF500038BD00BF3389040011890400CE4E0300C0
:10AF60001437012045890400728904008789040090
:10AF7000F82001209D890400B4890400C9890400D7
:10AF800001281FB50C4605D004282ED06FF01500FF
:10AF900004B010BD17F00FFA1E4AC30BC0F30E0029
:10AFA000A0FB0202C00B43EA414340EA4240C90B06
:10AFB000C4E90031A0606846FFF77CFF694620467F
:10AFC000FFF7F0FE18B9144B0FCB84E80F002046B2
:10AFD000FFF7DAFED8B9114911486323114A14F07A
:10AFE00000FD63210F4814F0F3FC17F0E4F9094A5F
:10AFF000C30BC0F30E00A0FB0202C00B43EA4143A7
:10B0000040EA4240C90BC4E90031A060DFE70020FC
:10B01000BEE700BF00CA9A3B203D0300FB88040046
:10B02000CE4E03001189040001287FB50D4657D18B
:10B030000846FFF7A9FE002852D017F0BCF96C466D
:10B04000294AC30BC0F30E00A0FB0202C00B40EA6A
:10B05000424043EA41430290C90B2046CDE900310A
:10B06000FFF7FAFE29462046FFF79CFEEFF3118614
:10B07000202383F31288BFF36F8F1C480FF07AFDF3
:10B0800068B988231A4A1B491B4814F0AAFC1749BF
:10B090001A4814F0A6FC8821154814F099FC184DA4
:10B0A00012480FF08BFD94E80F0085E80F000F4861
:10B0B0000FF06EFD68B94FF49A730D4A11490E48AE
:10B0C00014F08FFC0949104814F08BFC4FF49A716E
:10B0D000E2E786F31188BFF36F8F002004B070BDE4
:10B0E0006FF01500FAE700BF00CA9A3B1437012041
:10B0F0004589040072890400CE4E0300878904004C
:10B10000F82001209D890400B4890400014B1B68CC
:10B11000184700BFA0E40020014B1860704700BF33
:10B12000A0E4002007B50B46002102460091034829
:10B13000EEF756F803B05DF804FB00BF0DB1010057
:10B1400030B5002587B0CDE903010446009503A979
:10B1500005480595EEF744F8DDE904309842B8BF9C
:10B16000255407B030BD00BFDDF80200044608B525
:10B17000084611461A46A0470A4B1B7873B90A497C
:10B1800040F24633094A0A4814F02BFC094814F0EF
:10B1900028FC40F24631054814F01AFC0FF00CFA76
:10B1A00006F0E4FDC05A01200A8A0400DF89040089
:10B1B000CE4E03001D8A0400F0B5024601680A273E
:10B1C0000020074E0B461C780131355D6D0701D418
:10B1D0001360F0BD07FB0043A3F13000F2E700BFAE
:10B1E0000AD404002DE9F84F15469A46D378234A2D
:10B1F0006F2B12F803B081460F460BF0030B2BD0D8
:10B2000026D8582B0CBF10260A26DDF82880324697
:10B21000002348463946EDF7EBFC092A08F1FF38D0
:10B22000D4B21ED83034B145E4B277F1000788F8C3
:10B23000004001D3D04511D82B789B0605D5082EA8
:10B2400015D1AB7843F00803AB704046BDE8F88FEA
:10B2500003F0F703702BD5E70826D6E781460F46A3
:10B26000D5E7BBF1010F0CBF37345734DBE7102EA5
:10B27000EBD1AB7843F01003E6E700BF0AD404003B
:10B2800030B50C4685B068B961B110496423104AE5
:10B29000104814F0A6FB104814F0A3FB64210C48DE
:10B2A00014F096FB002502902044039000950B4873
:10B2B00002A9EDF795FF34B1DDE90232934234BFC4
:10B2C0001D7003F8015C05B030BD00BF6A8A040040
:10B2D000458A0400CE4E0300778A0400C1F90200BB
:10B2E00038B50D4604462022002117F05EF90022F1
:10B2F000EB68E361AB68A3612B6823626B68A262B1
:10B3000063622A6923B1591E194208BF42F0010243
:10B3100022610122002104F12C0016F050FF48B1F7
:10B32000054906482F23064A14F05BFB2F210448E9
:10B3300014F04EFB38BD00BFC38A0400CE4E03009C
:10B340009D8A04002DE9F04F002789B0CDE9012343
:10B35000436A04468B428846BA460597079754D3FA
:10B3600000F11406EFF31185202383F31288BFF355
:10B370006F8F3046A9460FF0FDFB58B988234D4A20
:10B380004D494E4814F02DFB31464D4814F029FB31
:10B39000882163E030460FF011FC079A2AB1394644
:10B3A000204614F007FC0023079306A9204614F05A
:10B3B00025FB06998346414530D32268236A2046FF
:10B3C00013F8221003EB820A21F0030103F8221084
:10B3D0002168424614F036FBE3682060984218D09A
:10B3E0004FF0000B30460FF0D3FB50B389F31188B8
:10B3F000BFF36F8F059929B1A2690AB12046904722
:10B4000000230593BBF1000FACD1504609B0BDE855
:10B41000F08F236943F008032361E1E718B1204668
:10B4200014F02AFBDEE7DDE90132134339D0039142
:10B4300016F036FF0399A0BB9DBB30460FF0A8FB6A
:10B4400078B94FF49A731B4A1E491C4814F0C9FA84
:10B4500031461D4814F0C5FA4FF49A71154814F09E
:10B46000B7FA85F31188BFF36F8F04F12C00DDE983
:10B4700001230DF0FBF98346EFF31189202383F3B9
:10B480001288BFF36F8F30460FF074FB00283FF433
:10B4900075AFBBFA8BFB30460FF090FB4FEA5B1B9E
:10B4A000A0E7204607AB05AA276814F004FB8346F3
:10B4B00098E700BF4589040072890400CE4E03005E
:10B4C000878904009D890400B48904002DE9F041B6
:10B4D0000446C36908460E46984704F1140507461A
:10B4E000EFF31188202383F31288BFF36F8F284670
:10B4F0000FF040FB68B988231A4A1B491B4814F017
:10B5000070FA29461A4814F06CFA8821154814F08C
:10B510005FFA28460FF052FB33783A4643F00103B6
:10B5200033706168204614F08DFA6060204614F094
:10B530005CFB28460FF02CFB68B94FF49A73094A5C
:10B540000C490A4814F04DFA29460B4814F049FA00
:10B550004FF49A71DAE788F31188BFF36F8FBDE873
:10B56000F08100BF4589040072890400CE4E0300BB
:10B57000878904009D890400B48904002DE9F047FF
:10B580000446002700F11406EFF31188202383F30B
:10B590001288BFF36F8F30460FF0ECFA054668B99A
:10B5A00088233A4A3A493B4814F01BFA31463A4854
:10B5B00014F017FA8821354814F00AFA30460FF0D3
:10B5C000FDFA2369A16813F0080F02D1636899425C
:10B5D00000D9636A5B1A002B41D0206A10F8213031
:10B5E00000EB810913F003023CD0022A04D150F889
:10B5F00021205FEA920A05D1DA0720D44846E369A0
:10B6000098478246A1685246204614F01BFA5146DC
:10B61000A060204614F024FA2F4630460FF0B8FA06
:10B6200010BB4FF49A73194A1C491A4814F0D9F9FF
:10B6300031461B4814F0D5F94FF49A71BBE743F03B
:10B64000020300F82130E3694846A5689847294677
:10B650000246204614F0F6F90025A060DDE71D46FD
:10B66000A946DAE71546FBE788F31188BFF36F8F29
:10B67000002D89D137B1B9F1000F03D104F12C00AD
:10B680000DF076F84846BDE8F08700BF4589040014
:10B6900072890400CE4E0300878904009D8904004E
:10B6A000B48904002DE9F0410446C36908460D46FB
:10B6B000984704F114060746EFF31188202383F31B
:10B6C0001288BFF36F8F30460FF054FA68B98823A1
:10B6D000274A2849284814F084F93146274814F0AD
:10B6E00080F98821224814F073F930460FF066FA89
:10B6F0002B786FF300032B7023699B0705D5E26855
:10B70000236A03EB82039D4222D12B786FF341031E
:10B710002B70D4E90231994204D13A46204614F004
:10B7200091F9A0603946204614F09AF930460FF09E
:10B730002FFA90B94FF49A730D4A11490E4814F03C
:10B7400050F931460F4814F04CF94FF49A71C9E79B
:10B750002B6867F39F032B60E8E788F31188BFF33A
:10B760006F8F04F12C00BDE8F0410DF001B800BF6F
:10B770004589040072890400CE4E030087890400C5
:10B780009D890400B489040070B5044600F11405D5
:10B79000EFF31186202383F31288BFF36F8F2846BF
:10B7A0000FF0E8F968B988231A4A1B491B4814F0BE
:10B7B00018F929461A4814F014F98821154814F08C
:10B7C00007F928460FF0FAF92369A06813F0080F6B
:10B7D00002D16368984213D9646A241A28460FF08C
:10B7E000D7F978B94FF49A730A4A0E490B4814F006
:10B7F000F8F829460C4814F0F4F84FF49A71DDE794
:10B800001C1AEBE786F31188BFF36F8F201E18BF59
:10B81000012070BD4589040072890400CE4E0300EA
:10B82000878904009D890400B48904002DE9F84348
:10B8300040F26C7344690569E1170135E41841F180
:10B840000001022D8CBF00230123E41AC76861F1B7
:10B8500000010029064607F1FF374EDA6FF4C77082
:10B860004FF4C8720023201861F10001EDF770F960
:10B87000244B4FF03C0E03FB0044D6E900834FEA13
:10B88000E37C99466346022D02468CBF6FF00200AE
:10B890000920B6680544C6FB0E93A9FB0EC60EFB35
:10B8A000036640F26D1E9920A3080EFB04333B444F
:10B8B000642745430520B4FBF7F40235B5FBF0F5EA
:10B8C0001B1B114C1CEB080CA2FB042004FB010108
:10B8D0002B4446EBE87698180C4A41F10003801897
:10B8E0000B4A63F10003A0FB020102FB031110EB02
:10B8F0000C0041EB0601BDE8F8834FF4C872002349
:10B900002046B3E770FEFFFFB13A02009405F5FF51
:10B9100080510100F8B548B92849C923284A294867
:10B9200014F05FF8C921264814F052F88268264DB9
:10B93000AA421EDDD0E90017244B012992FBF3F344
:10B9400077F100064FEAE37425DAC91844EB0704DF
:10B95000C0E900141E4901FB032383608368AB42E6
:10B960002AD91C49F023164A164814F03AF8F02157
:10B97000D9E7002AF2DAD0E90041144FAB1A0029C6
:10B98000B3FBF7F310DA01F100469C4276F10006B2
:10B990000ADA0020F8BDCE439E426FF00046A6EBC7
:10B9A0000706A641D1DAF4E7E41A61F1000107FBCA
:10B9B0000323C0E90041D0E70120EBE77C880400C5
:10B9C000CC8A0400CE4E0300FFC99A3B00CA9A3BC2
:10B9D000003665C4FB88040008B500F0BDF80C49CA
:10B9E000012241614FF0FF310023C0E906110949EE
:10B9F000C0E900220A600849C0E902330A60074A28
:10BA000003611360064A1360064A136008BD00BF55
:10BA10006FCA0400C8E40020C4E4002020370120DD
:10BA20001C370120183701202DE9F04107460E464A
:10BA3000154600F091F8C36804461BB943691A78AB
:10BA4000002A41D10023E3606368BB4256F82320FB
:10BA500008DB324B6361204600F062F84FF0FF30A4
:10BA6000BDE8F081511C616192F80080B8F12D0FA2
:10BA7000EFD1911C616151782D29A16004D1927898
:10BA80006AB901336360E4E749B9244B414628466B
:10BA9000636116F0B4FE0028DDD0C4F80880D4F845
:10BAA00008802846414616F0AAFEB8F13A0F6369AD
:10BAB00000D070B91B7813B9636801336360204606
:10BAC00000F02EF83F20CBE75A1C42611B788360C0
:10BAD000E5E742783A2A0BD0002222611B7813B99D
:10BAE000636801336360204600F01AF8A068B7E786
:10BAF00018786268094928B901329742626004DD0A
:10BB000056F82230C4E90431EAE761612D78204615
:10BB10003A2DD5D100F004F82846A1E76FCA0400F9
:10BB20000168084A084B11604168084A1160816841
:10BB3000074A1160074AC168116002691A6006F07D
:10BB400039BE00BFC8E4002018370120C4E400203B
:10BB5000203701201C37012000487047A4E4002052
:10BB60002DE9F04F8BB000AF7B610368054692462C
:10BB7000D0F81490F9603B62002B4FD013783A2B29
:10BB80004CD0964B1B68022B48D8954A52F823B0EC
:10BB90006B683D21BB61013348466B603B6116F029
:10BBA0002EFE804600283CD0A0EB09037B6200F10A
:10BBB000010800224FF0FF341646FA61BA6D7B6926
:10BBC00002F00402BA60196881BB002E60D03B6AA3
:10BBD000E3B19AF800303A2B18D08248036813F08A
:10BBE000060F13D06C468AB06A467F4BC2E9053B0C
:10BBF0007B6AC2E907397D4B53627D4B42F8103FA7
:10BC00000B464FF4425101F0BDFDA5460023AB6049
:10BC10003F2420462C37BD46BDE8F08FDFF8E8B161
:10BC2000B6E74846EDF726F87862C2E748467A6AF2
:10BC30007B60396016F0F8FD7B6800BB3968084608
:10BC4000EDF718F87B6A984250D07A6D7B6812B194
:10BC50007A6A012A13D0621C16D0BA68B2B97A691E
:10BC6000586802EB0412516888420FD198689168B5
:10BC700088420BD1D968D268914218BF0126FA696F
:10BC800010330132FA619EE7FC69F8E70126F6E716
:10BC9000631C72D07B6903EB0416736843BBB8F175
:10BCA000000F00F08F803A6ADAB19AF800203A2A41
:10BCB00017D04C48026812F0060F12D06C468AB0BA
:10BCC0006A464C49C2E9051B796AC2E90719474926
:10BCD0005162474942F8101F4FF4425101F052FDA2
:10BCE000A546B368002B91D1F36890E7FC69D1E7D2
:10BCF0005A1E012A04D8B8F1000F31D0C5F81080BF
:10BD00007368012B5ED12B69002B5BD13A6AD2B1EB
:10BD10009AF800203A2A16D03248026812F0060F2C
:10BD200011D06C468AB06A463349C2F81C90C2E909
:10BD3000051B32491162324942F8101F4FF422515B
:10BD400001F020FDA546B368ABB9F368AB606B6842
:10BD5000013B6B609AF800403A2C7FF459AF58E7EA
:10BD6000012B2FD1BB6902336B60D7E9033253F843
:10BD700022302B61C4E70023E8E77B6D13B1BB6978
:10BD80006B6046E73B6A002B3FF440AF9AF8003007
:10BD90003A2B3FF43BAF1348036813F0060F3FF410
:10BDA00035AF6C468AB06A46164BC2F81C90C2E9A1
:10BDB000053B124B1362124B42F8103F4FF42251D5
:10BDC0007B6D20E73B6D03B11C60D6E90234002B8C
:10BDD0003FF41FAF1C6000241BE700BFCCE4002031
:10BDE000144503007CE80020FF8A040000020204DE
:10BDF000050000021C8B0400468B040000020103B6
:10BE000004000002698B04006FCA04002DE9F04FA2
:10BE100087B00446884616461D46DDF84090129FBE
:10BE2000002B3DD01B782D2B2ED147F0020701357A
:10BE3000636813B90123E360636000232361E3684F
:10BE40001BB14FF0FF33C4E906334FF0000A07F08F
:10BE5000020BE3681BB963691B78002B6ED1626823
:10BE6000C4F80CA0424521DB914BD4E906014F1CDC
:10BE700063610ED0334613F0D1FED4E906239A1A3B
:10BE800063689B1A636007E02B2BD1D127F0010771
:10BE9000CDE7451C18BF60604FF0FF33C4E906339F
:10BEA0004FF0FF3A504607B0BDE8F08F56F8223009
:10BEB000636119782D2901D1597831BB7C4B6361BD
:10BEC000BBF1000F07D0531C636056F822304FF0CF
:10BED000010A2361E6E7F807E2D5A069411C04D115
:10BEE000A261636801336360B3E7E1694B1CF8D07A
:10BEF000334613F093FED4E906239A1A63689B1A1B
:10BF0000A3614FF0FF33E361EBE7A069411C0ED161
:10BF1000591C616159782D2910D19B7873B9E16959
:10BF2000634B01324D1C62606361B5D0A2E7E169E9
:10BF30000131EDD1E26159780029E9D16369B9F1A4
:10BF4000000F2DD0626856F822209A4228D0197826
:10BF50002D2918D07B0723D50022564B3A291A6089
:10BF600017D10020119BCDE9010700932A464B46CB
:10BF700031462046FFF7F4FDB0F1FF3F82460FD077
:10BF80004B4B63618EE7012201336361494B1A60B9
:10BF9000E7E7284616F033FC003818BF0120E1E738
:10BFA000636928465A1C626193F800B004935946AD
:10BFB000059216F024FCBBF13A0FDA46049B14D02C
:10BFC000BBF12D0F059A0FD1597899B900283FF48C
:10BFD00067AF41783A2961D05B78002B7FF462AF7C
:10BFE0006368013363605DE7C0B95B7813B9636868
:10BFF00001336360236863B12B783A2B09D02E4854
:10C00000036813F0060F04D002215B462B4A14F09C
:10C010000BFAC4F808B04FF03F0A43E7B9F1000F3C
:10C02000D7D0BBF1570FD4D141783B29D1D15B7820
:10C03000DFF87CB003BB636801339845636018DCAC
:10C040002368C4F814B063B12B783A2B09D01A488E
:10C05000036813F0060F04D057230221184A14F086
:10C06000E3F95723A3602B783A2BD4D14FF03A0A47
:10C0700018E756F82330636102220E4B31461A60EE
:10C0800000230193119B2A46009320464B460297BA
:10C09000FFF766FDC4F814B0824603E70021216172
:10C0A0005B786168024F6BB12261676198E700BFFE
:10C0B0006FCA0400CCE400207CE80020848B0400DC
:10C0C000998B040083783A2BEFD001318845616069
:10C0D00012DC2368676163B12B783A2B09D00848DA
:10C0E000036813F0060F04D002215B46054A14F0E2
:10C0F0009BF9C4F808B0B6E756F821302361D4E7BD
:10C100007CE80020998B04002DE9F84F0446A38BAE
:10C1100008461907154612D4022803F0070165D115
:10C12000204613F0E1FD88B10138042800F2378180
:10C13000DFE810F05C0035018200D4000401012822
:10C140000CBF43F0100143F02001A18314342046BA
:10C150000EF01EFD002840F09D819A494FF49A731D
:10C16000994A9A4813F03DFC2146B1E003F00702DA
:10C17000501F01281ED80020062A2768C4E90000A5
:10C1800014D13A4603E0E08B0130E0831268002AC4
:10C19000F9D123F0070343F002022046A28313F0F3
:10C1A000A3FD90B342F02002A2832EE023F0070308
:10C1B0009AB2F2E7042A33D123F007039AB2204659
:10C1C000A28313F091FD10B142F02002A283A38B51
:10C1D00003F00709894540F0EC80A18BCA0640F1C5
:10C1E000508121F01003A38301F00701D4F81880D7
:10C1F000A38BB8F1000FB9DA0022276823F00703F8
:10C20000C4E9002243F00103A383A38B03F00709D1
:10C21000894540F0CF80002FDFD00026B24644E0B1
:10C220006B4940F21B136B4A684813F0DAFB40F28B
:10C230001B11684813F0CCFB49B167494FF4AB734D
:10C24000644A624813F0CDFB4FF4AB71F1E7236809
:10C250004BB9624940F257135E4A5C4813F0C1FB88
:10C2600040F25711E5E723691E684EB95C494FF467
:10C27000AD73584A554813F0B4FB4FF4AD71D8E78D
:10C280000F4688464FF00609A38B23F0070343F0BF
:10C2900006039BB2A383A268002A40F08D80002F82
:10C2A00040F08D80002E98D0BA4643F0080304F188
:10C2B000140B5846A3830EF06BFC002840F09A80C4
:10C2C00040494FF49A73404A404813F08AFB59465C
:10C2D000444813F086FB4FF49A71ADE0022909D06F
:10C2E000414940F25D133B4A384813F07AFB40F273
:10C2F0005D119EE7E78B4FB13C494FF4AF73354A70
:10C30000324813F06EFB4FF4AF7192E723695E6819
:10C310004EB9334940F261132E4A2C4813F061FBA9
:10C3200040F2611185E7A38BB84623F0070343F081
:10C3300004039BB24FF00409A383ACE7012909D0A1
:10C340002B494FF4B273234A204813F04AFB4FF4B1
:10C35000B2716EE723684BB9204940F265131D4A5C
:10C360001A4813F03EFB40F2651162E723699E68AC
:10C370004EB91B494FF4B473164A144813F031FBFD
:10C380004FF4B47155E70027A38BB84623F0070399
:10C3900043F005039BB24FF00509A3837BE70C49EB
:10C3A00040F26B130B4A094813F01BFB40F26B1170
:10C3B0003FE7002700266EE74FF0010A75E7924637
:10C3C00073E700BF9D89040045890400CE4E030039
:10C3D00028C80400BF8B0400E48B0400F08B040029
:10C3E000138C0400B48904002A8C0400408C0400DF
:10C3F0004F8C040085F31188BFF36F8FBAF1000FE3
:10C400001CD177BB16B120462549B047EFF3118503
:10C41000202383F31288BFF36F8F58460EF0AAFBD8
:10C4200038BB88231F4A2049204813F0DAFA5946BE
:10C430001F4813F0D6FA88211A48FBE6A1680029A4
:10C44000DFD00D680029DCD043464A462046D1F8AB
:10C4500004A0D0471DB12B6829461D46F2E72B46A4
:10C46000FAE7394643464A4620463F6813F068FCDF
:10C47000C7E758460EF0A2FBA38B23F00803A38363
:10C48000ABE68B067FF562AE21F02003A38301F0BB
:10C49000070145E685F31188BFF36F8FBDE8F88F7C
:10C4A000B5C401004589040072890400CE4E030022
:10C4B00087890400F8B504460D4600F11406EFF331
:10C4C0001187202383F31288BFF36F8F30460EF05D
:10C4D00051FB68B988230C4A0C490D4813F081FAC6
:10C4E00031460C4813F07DFA8821074813F070FAA2
:10C4F00030460EF063FBA5613A462046BDE8F840A1
:10C500000121FFF701BE00BF4589040072890400C4
:10C51000CE4E0300878904002DE9F04704460F46FC
:10C5200013F0FEFB051E68DB04F11409EFF3118A1A
:10C53000202383F31288BFF36F8F48460EF01AFB57
:10C54000804660B98823384A3849394813F049FA97
:10C550004946384813F045FA8821334842E04846B6
:10C560000EF02CFB4FF6FF72E38BA68B934206F086
:10C57000070645D0022E15D135460133E3834846E0
:10C580000EF006FB002841D14FF49A73264A2A493F
:10C59000274813F026FA4946284813F022FA4FF4A8
:10C5A0009A71DAE7062E13D8DFE806F0092D121289
:10C5B000090409006FF085054FF00008DFE700234C
:10C5C0003B60636883B9C4E9007786B13546F3E719
:10C5D0001B4917484FF4E4731A4A13F002FA4FF458
:10C5E000E471184813F0F4F91F606760EDE75246F4
:10C5F00002212046FFF788FD35462846BDE8F08732
:10C600006FF00A05D8E76FF00405D5E78AF31188C3
:10C61000BFF36F8FB8F1000FEFD0002332463946D9
:10C62000204613F08DFBE8E7458904007289040079
:10C63000CE4E0300878904009D890400B48904005C
:10C640004F8C0400BF8B040008B54268034602F01B
:10C650000302032A816002D02AB1002000E00068B2
:10C6600000225A6008BD054905484523054A13F0D4
:10C67000B8F94521034813F0ABF900BF28C80400FE
:10C68000CE4E0300658C04002DE9F34106460F46AB
:10C6900015464FF000082A46304601A913F0A2FBC8
:10C6A000044640B102463946019815F057FF2D1B4C
:10C6B000A0442744EFD142463046311D13F0B0FB71
:10C6C00048B1074907484823074A13F08AF9482127
:10C6D000054813F07DF9404602B0BDE8F08100BF87
:10C6E000C38A0400CE4E03008B8C04002DE9F34175
:10C6F00007460E4615464FF000082A46384601A95F
:10C7000013F07FFB044648B12EB102460199304632
:10C7100015F024FF26442D1BA044EED14246384696
:10C7200007F10A0113F07CFB48B10749074863236E
:10C73000074A13F056F96321054813F049F94046BA
:10C7400002B0BDE8F08100BFC38A0400CE4E0300F2
:10C750008B8C04002DE9F7430F4606460821C06A7A
:10C7600013F0E4FB80463C68DFF84890241A3C60F4
:10C7700004EA0905AC4203D8002003B0BDE8F08309
:10C7800008236A462146304613F064FB0028F4D1A2
:10C790006946304613F0D4FB40B1BDF80230BDF815
:10C7A000042005EA090513441D443C60A4EB080479
:10C7B000E0E700BF0000FFFF73B504464FF6FF72CD
:10C7C000C06A082113F0B2FB002563680F4EADF874
:10C7D00000208DF80620E268191833401344181A17
:10C7E00060606846ADF80210ADF8045013F091FB9C
:10C7F0006946204613F064FC2046211D13F063FBBC
:10C80000284663683340A36002B070BD0000FFFF9C
:10C810002DE9F04704468AB000F11407384615F0B8
:10C82000B0FCA06A8368DB689847E06260B99E4804
:10C8300003685E0702D09D4913F074FB6FF0150585
:10C8400028460AB0BDE8F087A06A8368DB6898478D
:10C850000368013B1F2B05D9934803685D07EDD0A2
:10C860009349E9E7E368B3F5803F0BD98E48026846
:10C870005407E3D04FF48032012100928D4A13F027
:10C88000DDFDDBE7A06A216807AA14F0CAFF28B122
:10C89000854803685907D1D08749CDE7E5682DB1B0
:10C8A000089BB5FBF3F203FB12552DB17E480368DC
:10C8B0005A07C3D08149BFE7238A012B05D87A489C
:10C8C00003685B07BAD07E49B6E7E36A029593F83E
:10C8D00005904FF0FF334FF0FF3238460BF03EFC2F
:10C8E0000821E06A13F022FBA8460646238A1FFAB5
:10C8F00085FA534508D8238A434523D138460BF09F
:10C90000FDFC6FF02C059BE7E1682B04891B13FAF3
:10C9100081F14A4608232046029113F0A9FA78B122
:10C92000204602A913F0CFFA08F1010808234A466D
:10C93000204602991FFA88F813F09AFA0028DAD0F4
:10C940000135D3E753450BD1029908234A462046C7
:10C95000891B13F08DFA18B9204602A913F0B3FA17
:10C96000204602A9FFF7F6FE054618B138460BF03F
:10C97000C5FC65E7029B4FEA13484FEA084863602D
:10C98000C4F80880D4E9011399420FD30823204644
:10C9900003AA13F05FFA05460028E7D103AB13F8AA
:10C9A000012B914535D10135082DF8D1636820461A
:10C9B0001B0C1B0402A9029313F085FA4A46204679
:10C9C000E368029913F054FA051ECFDB636800F0A8
:10C9D00089804FF6FF7906EB0308E3681FFA88F2B7
:10C9E0009B1B9A42CDF808802FD300236168002B4F
:10C9F00044D0090C09042046029102A913F063FAFD
:10CA00002046029913F06CFA0546002D00F086804E
:10CA1000ACE7204603A913F093FA626810B9921BA1
:10CA20006260AFE7BDF81050BDF80E10E06AC4F8C0
:10CA30000880294413F07AFA40449042A060EED175
:10CA4000002DECD06FF01C0579E00823414620460C
:10CA500005AA13F0FFF90546002887D1204605A94D
:10CA600013F06EFA30B1BDF814304B4502D1BDF869
:10CA700018300BB1B044B0E70123B7E7204613F0FC
:10CA80002FFA054600287FF471AF63680D4AE1680C
:10CA900013400B44A3EB4603636013402046A3609E
:10CAA00013F036FBB0E700BF50E80020CA8C04004A
:10CAB000EC8C0400098D0400328D04004A8D0400C2
:10CAC0005E8D04000000FFFF4A4620465B1A13F00B
:10CAD000CFF9051EFFF64AAF08D0E26AA3681268D4
:10CAE0001344A360D4E901318B42EDD86168E36857
:10CAF00001EB46029A4288D1DFF85080A26801EA31
:10CB000008039A4281D0204613F0EAF9054600282E
:10CB10007FF42CAF636803EA0803A360E368A2888C
:10CB2000A3EB46039A4206D038460BF0E7FB0123FD
:10CB30000025A37484E6204613F0D3FA0546384650
:10CB40000BF0DCFB002DF2D07AE600BF0000FFFF07
:10CB50002DE9F04F1D46837C91B00446029100926E
:10CB600063B9654803685B0702D0644913F0DAF9DA
:10CB70006FF00C06304611B0BDE8F08FC26A082194
:10CB8000104613F0D3F929460190104613F0CEF960
:10CB9000E368019A0746A3EB8203AB42C0F0A8808A
:10CBA0001DB1009B002B00F0A38063680593204615
:10CBB00006AA05A9DDF814A013F0FFF9064600281F
:10CBC000D8D1BDF81830029A934206D06268059B0E
:10CBD0009A42ECD1002D35D1CCE7204606A913F0BE
:10CBE000AFF90028F2D0BDF81A90BDF81C303DB363
:10CBF0009D4227D14FEA1A4A4FEA0A4AD144AA462F
:10CC0000E36ADDF800B01B685B4203F02003039386
:10CC1000039B4946534528BF5346204608AA9846D9
:10CC200013F018F900284AD14246584608A915F0D1
:10CC300085FC38B9BAEB080AC144C344E8D199E786
:10CC4000002B97D0002F3DD1B94604F1140A4FF0C4
:10CC5000FF324FF0FF3350460BF080FA238A9E429A
:10CC600043D0A168626809EB01039A422FD3029B6B
:10CC70002046ADF82030FF23009A8DF826302B4651
:10CC8000ADF82210ADF8245013F0E1F9294607461B
:10CC9000E06A13F04BF9A3680344A36057B908A8EE
:10CCA00013F037F9204608A913F00AFA002814BF38
:10CCB00007462F4650460BF021FB3E465AE7C1DCA3
:10CCC000064657E7019B1F441FFA87F9BDE7204638
:10CCD000FFF772FD07460028ECD1204613F018FA42
:10CCE00007460028E6D10136B8E76FF01B07E1E7F9
:10CCF0006FF015063EE700BF50E80020B68C040038
:10CD00002DE9FF471E46837C04460F469046BDF83A
:10CD100030905BB92D4803685B0702D02C4913F0B3
:10CD200001F96FF00C0004B0BDE8F0870821C06A7B
:10CD300013F0FCF8E368A3EB4003B34243D30025B0
:10CD4000D4F804A0CDF804A04D455146DDF804A068
:10CD500009D9636853451ED1BDF80830BB421AD0CB
:10CD60006FF00100DFE7204602AA01A913F025F9C0
:10CD70000028D8D1BDF80830BB4206D1204602A910
:10CD800013F0DEF808B10135ADB26268019B9A423A
:10CD9000DAD15146E0E7BDF80C30002BE0D0A945D0
:10CDA000DED8BDF80A00090CB3424FEA014128BFA2
:10CDB000334601444246204613F04CF80028B2D1D5
:10CDC000BDF80C00AFE76FF01500ACE750E80020AD
:10CDD000B68C040030B5002289B00F490F4815F019
:10CDE00032FB002200230024CDE906230E230C4D44
:10CDF000CDE903344FF400622846CDE90144094BE4
:10CE0000094900940CF016FB084928460CF002FA78
:10CE1000204609B030BD00BF79CF0100182601209F
:10CE200008210120E5D20100C8D60120888D040028
:10CE30002DE9F047044607464FF00109DFF850801E
:10CE400014B93846BDE8F08794FAA4F5B5FA85F52B
:10CE500009FA05F32E0108EB05156FEA030A24EA27
:10CE600003042B7B002BEBD058F806301B694BB921
:10CE70004644736804222846196807EA0A0713F033
:10CE800052FADDE7284698470028D9D1F0E700BFDD
:10CE9000F43903002DE9F047DFF8D8902E4C804696
:10CEA000A9EB04038F2B0F460BD92C494FF4A67323
:10CEB0002B4A2C4812F095FD4FF4A671284812F029
:10CEC00087FD294813F010FA064678B30025284656
:10CED000BDE8F087237B83B12368DB680BB1204674
:10CEE0009847636883F806A023681B69B3B9636831
:10CEF00004222046196813F016FA013610344C4506
:10CF000018D91A494FF4AC73154A164812F069FD46
:10CF1000174812F066FD4FF4AC71CFE720469847F2
:10CF20000028E4D00AFA06F31D43E6E705464FF071
:10CF3000010AE4E7CED3B8F1000FC8D0002DC5D068
:10CF40002846FFF775FF0546002FF7D000214FF464
:10CF5000A4700DF09FFAF1E7F4390300BD8D0400D1
:10CF6000908D0400CE4E030038370120ED8D040073
:10CF70000E8E0400043A030001480BF0F9BB00BF19
:10CF80009CEB002008B5034608462BB1044A136009
:10CF900000F0A8FE002008BD6FF01500FBE700BF01
:10CFA000D0E4002010B5044C237813B903480BF0EB
:10CFB000DFFB0123237010BDE04B01209CEB002020
:10CFC00010B50446094813F08FF93CB1084BD3E87B
:10CFD000EF1F0139C3E8E21F002AF8D1054815F018
:10CFE0003EFABDE8104004480BF0C2BB30370120C8
:10CFF00034370120182601209CEB00200020014638
:10D00000034BD3E8EF0FC3E8E21F002AF9D17047C2
:10D010003037012070B5FFF7F1FF05460F4C104E79
:10D02000B44219D90F494FF403730F4A0F4812F055
:10D03000D8FC0F4812F0D5FC4FF403710A4812F0E7
:10D04000C7FC63685B792BB123685B6813B1294621
:10D05000204698471034E3E7F3D370BDF43903005A
:10D06000043A0300ED8D0400908D0400CE4E0300C1
:10D070000E8E040010B5044C04492046FEF730F92A
:10D08000034B1C6010BD00BFF8E7002020450300E3
:10D09000243701200023164A10B51370154A4FF4A7
:10D0A00000411360144A15481360FFF76BFFFFF748
:10D0B000E1FF00F04DFA124B124918468B4215D988
:10D0C000114940F22713114A114812F08AFC114805
:10D0D00012F087FC40F227110C4812F079FC1A1A62
:10D0E0005C681211013222711033E7E7F7D310BDEB
:10D0F000E14B01203037012034370120E5020300E5
:10D10000F4390300043A0300ED8D0400908D04000F
:10D11000CE4E03000E8E040001460022002301487B
:10D12000FEF710B9F8E700200148FEF727BA00BF64
:10D13000F8E70020024B01461868FEF7B3BA00BFBB
:10D14000243701200148FEF71FBB00BFF8E700208D
:10D150002DE9F0413C4B1878002872D0FFF7E4FF2E
:10D16000044600285CD1394B394C1B68002B19DD73
:10D1700015F021F94FF47A72A0FB020302FB013192
:10D18000C30B43EA4143D4E900209B1A40F2E93241
:10D190004FEAD13161EB0001934271F1000101D3FB
:10D1A000FFF738FFD4E9003213F57A7342F1000239
:10D1B000C4E90032BDE8F041FFF7C4BF6B685B799A
:10D1C0003BB121784B0716D52B68214628461B68B2
:10D1D00098471035454527D91E494FF400731E4A1C
:10D1E0001E4812F0FEFB1E4812F0FBFB4FF40071CC
:10D1F000194812F0EDFB20462688C1F3C20700F063
:10D200005BFBC6F382160246002EDDD00028DBDB76
:10D2100001233946284600F07DFAB042D9D3D3E73E
:10D22000104DDFF84880D5E7C8D32046FFF782FFCE
:10D230000D4BD3E8EF1F0139C3E8E21F002A92D05B
:10D24000F7E7BDE8F08100BFE04B01203037012057
:10D2500010260120ED8D0400908D0400CE4E0300B9
:10D260000E8E0400F439030034370120043A030021
:10D2700070B5154D297829BB0120FFF70BFE134C23
:10D28000134EB44217D9134940F2C513124A13483A
:10D2900012F0A7FB124812F0A4FB40F2C5110E4891
:10D2A00012F096FB63685B791BB1236820469B688C
:10D2B00098471034E5E7F5D3FFF74AFF0028FBD184
:10D2C00001232B7070BD00BFE14B0120F439030036
:10D2D000043A0300ED8D0400908D0400CE4E03004F
:10D2E0000E8E04002DE9F047374B384FFB1A1B090F
:10D2F0000AD1374940F2A933364A374812F071FB58
:10D3000040F2A931334819E000210846FFF7C2FD79
:10D310000446A8B140F267684FF000092F4B1B7814
:10D320009BB92F4940F246332E4A2B4812F059FB45
:10D330002D4812F056FB40F246312A4812F048FBC5
:10D340004FF0FF384FF0FF39E8E70DF035F9274B84
:10D35000186030B1264B1B68092B02DD25480BF005
:10D3600007FA0025DFF88CA044B12046FFF760FDE6
:10D37000044618B94FF0FF384FF0FF39FFF7E8FEC9
:10D38000064628B935B942464B4650460BF06EFA70
:10D390003546E9E70C4D08E0F5D22B689B691BB1D7
:10D3A00000222846114698471035BD42F4D912494B
:10D3B00040F29D33074A084812F013FB0F4812F061
:10D3C00010FB40F29D319DE7F4390300043A03005D
:10D3D0002D8E0400908D0400CE4E0300C05A012013
:10D3E0000A8A0400DF8904001D8A04002C3701200A
:10D3F000343701209CEB0020ED8D04000E8E0400DC
:10D4000013B52C4812F070FF2B4B1B78002B35D036
:10D41000EFF31184202383F31288BFF36F8F274823
:10D420000DF0A8FB68B98823254A2649264812F042
:10D43000D8FA2249254812F0D4FA8821204812F05F
:10D44000C7FA1E480DF0BAFBFFF782FE1B480DF02D
:10D450009FFB68B94FF49A73194A1D491A4812F094
:10D46000C0FA16491B4812F0BCFA4FF49A71E5E76E
:10D4700084F31188BFF36F8F02B010BD164B1B6889
:10D48000002BF9D050B9002200231448CDE9002325
:10D490004FF4004200230DF0A1FFEDE70928EBD186
:10D4A0000E4814F0DCFF0E4802B0BDE810400BF04F
:10D4B0005FB900BF34370120E14B0120283701203C
:10D4C0004589040072890400CE4E03008789040058
:10D4D0009D890400B48904002C37012018260120FE
:10D4E0009CEB002010B5064B04461B68984721466C
:10D4F000A0600448FDF7EAFFBDE81040FFF780BFD9
:10D50000D0E40020F8E7002008B548B906490748EC
:10D51000EF23074A12F065FAEF21054812F058FA96
:10D520004368187908BD00BFCD8E0400CE4E0300BD
:10D53000958E0400044A054B9B1AB1EBD30F34BF00
:10D5400052F83100002070475C390300F4390300C1
:10D5500000210B480B4B30B51B1A0B4CDB08043079
:10D56000994200D130BD10F83120256802F0070241
:10D5700025F007052A4344F8042B0131F0E700BFEA
:10D580005C390300F439030038E80020F8B506469A
:10D5900000240A4F0A4DED1BED08AC4203D14FF0B9
:10D5A000FF342046F8BD57F8340020B13146EBF780
:10D5B00057FB0028F5D00134EFE700BF5C390300CA
:10D5C000F43903002DE9F04715461F462D4A2E4B2E
:10D5D0008846D21AB5EBD20F0BD32C492C484FF406
:10D5E000DE732C4A12F0FDF94FF4DE71294812F077
:10D5F000EFF900281CDA4FF0000A5446DFF8A0903B
:10D60000254EA6EB09063609B24502D12046BDE8F3
:10D61000F08709EB0A10FFF777FF3B462A464146A1
:10D62000FFF7D0FF844238BF04460AF1010AEBE756
:10D6300003EBC5031C7914B1BC4228BF3C4607224A
:10D64000164EC3B203EB430356F825009A4020EA76
:10D65000020004F0070202FA03F318430022032336
:10D6600020FA03F101F007018A4203F1030338BFF6
:10D670000A461E2BF4D120F00700104346F825007F
:10D68000C4E700BFF43903005C390300E48E0400F2
:10D69000CE4E03004D8E0400043A030038E800200B
:10D6A000F4390300F8B506460F460024074D084B31
:10D6B000ED1AED08AC4200D3F8BD002122B23B4682
:10D6C0003046013412F01EFEA4B2F3E7F439030031
:10D6D0005C39030010B5044658B90B490B4840F2B9
:10D6E00035130B4A12F07DF940F23511084812F05B
:10D6F0006FF943685B7913B10021FFF7D3FF002274
:10D7000063685A7110BD00BFCD8E0400CE4E030079
:10D71000958E040038B514461D4698B1FFF7F4FE07
:10D72000124A134B9B1AB4EBD30F0ED31149124874
:10D730004FF4D473114A12F054F94FF4D4710F48D6
:10D7400012F046F94FF0FF30EAE755B10C4BC0B28A
:10D7500053F8243000EB400023FA00F000F00700FB
:10D7600038BD02EBC4021079FAE700BF5C39030050
:10D77000F4390300E48E0400CE4E03004D8E040005
:10D7800038E800202DE9F04F8FB0C1F34A2804AFEC
:10D790000D469146B8607B600C0DB8F1000F6CD05F
:10D7A00000264FF0040B4FF00A0A07F11403C7F8E4
:10D7B0000C80C7E907667E620193CDF808B0CDF80A
:10D7C00000A007F11C0332464846F968FDF788F8C7
:10D7D000B0F5006F034620D33048036813F0060FFE
:10D7E00017D06C468AB0D9F8041004AB2C4D1A46F9
:10D7F000C3E9055140F2FF71D9614FF400711984FA
:10D80000284B42F8103F4FF412513346FFF7BAFF4E
:10D81000A5462C37BD46BDE8F08FC0F30A0804F1D9
:10D820001700184420F0070080083B60FFF774FCE5
:10D8300068F35325044640B33B6800F11001C7E983
:10D84000083607F11403F961CDE900A3CDF808B05B
:10D850004846154AF96807F11C03FDF741F800280E
:10D8600013DA124912484FF4A373124A12F0B9F8AE
:10D870004FF4A3710F4812F0ABF804F1170020F039
:10D8800007008008FFF748FC044668F353252A4642
:10D8900020467B68B96812F06EFDBAE754E80020B4
:10D8A000148F040004000001490303007F8F04006B
:10D8B000CE4E0300538F0400406820B1034BC01AC2
:10D8C00040F38F0070474FF0FF30704738E800207A
:10D8D0000EB403B503AB53F8042B0146044801937F
:10D8E00012F0D3FD02B05DF804EB03B0704700BF47
:10D8F00011D90100CA0605D48B064CBF0249034961
:10D90000FFF7E6BF704700BF6ECA0400CCC7040033
:10D9100038B54B6805461A68CB680C469A4202D166
:10D92000084612F0A5FD6368D3E8EF2F511CC3E849
:10D93000E01F0028F8D1A3689D5463681A68E36863
:10D940009A4209D9054906487223064A12F049F855
:10D950007221044812F03CF8002038BDB78F040053
:10D96000CE4E0300888F04002DE9F04F8BB09A460D
:10D97000169B9DF854B00693179B04460593189B7D
:10D980000D469046199E0493BBF1000F00F0AE8047
:10D99000BBF1040F0BD9A44940F24D23A34AA4487C
:10D9A00012F01FF840F24D21A04812F011F806F0D5
:10D9B0000103089306F00803079306F480730993A4
:10D9C00012F09EFC06F00209024600283CD02046D8
:10D9D0009849FFF77DFF0746B9F1000F08D016F010
:10D9E000440F33D12A4620469349FFF771FF07447D
:10D9F000089B53B1914B204653F82B20904B9149F3
:10DA0000002A08BF1A46FFF763FF099B002B49D085
:10DA1000079B002B63D1B8F1000F65D0424620462A
:10DA20008949FFF755FF0546069B3D44002B6CD105
:10DA3000049B002B40F08180F30700F1EF8031461A
:10DA40002046FFF757FFE3E00746C5E77F4B18681E
:10DA50000028CCD07E4B4FF47A791B684FF03C0CF9
:10DA6000B5FBF3F5B5FBF0F14FF4616300FB115525
:10DA700009FB05F5B1FBF3F2B5FBF0FE03FB121158
:10DA800000FB1E55B1FBFCF309FB05F5B5FBF0F5FA
:10DA90000CFB131120460091CDE901E56D49FFF71C
:10DAA00017FFA4E7079BEBB16B4B204653F82B20E5
:10DAB0006A49FFF70DFF0546B8F1000F05D0424651
:10DAC00020466149FFF704FF0544BAF1000FABD0CF
:10DAD000524620466249FFF7FBFE0544A4E74FF09B
:10DAE000000AE1E7079DE7E745469DE7BAF1010F28
:10DAF000069B06D1DBB9049B002B00F08980002532
:10DB00001BE0002BF7D0574812E057482246069BEF
:10DB1000564911F08BFE00280CDA554940F2A72334
:10DB2000424A434811F05DFF40F2A7213CE74E48CE
:10DB30005D46EBE7049B002B66D0DFF84881DFF8F9
:10DB40004891049F3146102F204628BF10274FF0E0
:10DB5000000AFFF7CFFE554543DC059B49462046AA
:10DB60001A78FFF7B5FE4FF0010A1AF0070F03D13C
:10DB700041462046FFF7ACFE574539D9059B49463B
:10DB8000204613F80A20FFF7A3FE0AF1010ABAF1B2
:10DB9000100FEAD14FF0000A20463649FFF798FEF1
:10DBA0005246059B20469A5C334B995C11F0970FC7
:10DBB00008BF2E223149FFF78BFE0AF1010ABAF1A4
:10DBC000100F1AD01AF0070F03D141462046FFF775
:10DBD0007FFE57455246E4D841462046FFF778FE7F
:10DBE000EBE741462046FFF773FE0AF1010AB2E770
:10DBF00020462349FFF76CFEC7E7059B3B4405938E
:10DC0000049BDB1B04939CD1BBF1000F7FF414AF8A
:10DC100020460BB0BDE8F04F12F02ABC2046084A5F
:10DC20000849FFF755FE0AE7E78F0400888F0400D4
:10DC3000CE4E030059A10400F28F040034450300C6
:10DC400034ED030000F10300179004004037012079
:10DC50003C370120FB8F0400484503001B90040063
:10DC6000219004009904030011D901008B040300E2
:10DC700026900400339004000AD40400968B04001C
:10DC80002F900400B4F0030062E6030042F20F7329
:10DC900073B58B4228BF0B460568044605216846CC
:10DCA0000D4A11F03AFE0646636828460B225B686F
:10DCB0000A4912F0CFFB63683246694628465B6822
:10DCC00012F0C8FB63681B2228465B68044912F007
:10DCD000C1FB02B070BD00BF34330400519004009A
:10DCE0003590040000210123064A904206D8064AD6
:10DCF00001B901231360054B1860704701214008EA
:10DD00005B00F2E740420F003C3701204037012022
:10DD1000014B0360002070475C45030070B5104B59
:10DD20000D461C68B4B10F4B196800238B4202DB0F
:10DD30006FF0010070BD224612F8106B864202D0CF
:10DD400014460133F2E7E06814F0EEF928B1002040
:10DD50002C60EFE76FF00C00ECE76FF01200E9E7E2
:10DD600010E50020DC49030010B5436888B0029339
:10DD700083680C46CDE9033200230A68C068CDE908
:10DD80000623054901AA059313F04FFD079808B92A
:10DD9000059B236008B010BD210503002DE9F0416B
:10DDA0000C4B05461C680E4617467CB100F086F900
:10DDB00063682046D3F8108032463B462946C04768
:10DDC000044600F085F92046BDE8F0816FF00104BB
:10DDD000F9E700BF4437012000230360044B5A6871
:10DDE00012B9C3E90000704710605860704700BF67
:10DDF00048370120014B1860704700BF44370120AD
:10DE0000002330B585B0CDE902330546019000F01E
:10DE100055F9094B1C6844B9284600F0D7F8044668
:10DE200000F056F9204605B030BD636820461B68F7
:10DE300001A998472468EEE7483701200022024BE9
:10DE4000C3E90022704700BF483701200022024B7F
:10DE5000C3E90022FFF7F2BF503701202DE9F74355
:10DE600007460C4609B100230B600026254DDFF85C
:10DE7000AC904D4524D924499D23244A244811F0CF
:10DE8000B0FD244811F0ADFD9D21204811F0A0FD0A
:10DE9000D5F800803846414601AA12F07FFB50B108
:10DEA00016B954B92E4606E000224046316812F0F9
:10DEB00075FB0028F5D11835DBE7019B2360F1E7FE
:10DEC000E6D3154B1D68C5B155F8188C3846414648
:10DED00001AA183D12F062FB50B116B954B92E4692
:10DEE00006E000224046316812F058FB0028F5D1C8
:10DEF000AD69E8E7019B2360F1E7304603B0BDE878
:10DF0000F08300BF483A0300AB900400799004000E
:10DF1000CE4E03000E8E040050370120483A030015
:10DF20002DE9F04784B002AFD7F8289004460D469B
:10DF3000164698467860B9F1000F07D0D9F800105E
:10DF400051BBD9F804A0BAF1000F2CD12046391DDD
:10DF5000FFF784FF28B34346D0F80C903246294699
:10DF60007868C8470346E0B115480268520718D0E0
:10DF70006D468AB002AAD3614FF40073114913842D
:10DF8000114BC2E9051442F8103F00234FF4115120
:10DF9000FFF7F8FBAD4604E03A1D12F0FFFA002847
:10DFA000CFD1002007E0D9F8083032460093294647
:10DFB00043467868D0470837BD46BDE8F08700BFC4
:10DFC0006CE80020D3900400040000012DE9F04724
:10DFD00080464FF000470026DFF8D890DFF8D8A041
:10DFE0003D462F4C4C4530D92E494FF489732E4A6B
:10DFF0002E4811F0F6FC2E4811F0F3FC4FF4897115
:10E00000294811F0E5FC2F46EAE7B8F1000F03D1EB
:10E0100022694AB91834E5E700224146206812F027
:10E02000BDFA0028F4D1F5E76368BB4205DDAF42D5
:10E0300009D09D42A8BF1D46ECE7EBD19047002ECA
:10E0400008BF0646E6E71D46E4E7DED3DAF80040FF
:10E0500004B3183CB8F1000F03D122694AB9A4698E
:10E06000F6E700224146206812F098FA0028F4D121
:10E07000F5E76368BB4205DDBD4209D09D42A8BFFC
:10E080001D46ECE7EBD19047002E08BF0646E6E7B9
:10E090001D46E4E7AF42B6D13046BDE8F08700BF89
:10E0A000483A0300AB90040079900400CE4E030080
:10E0B0000E8E0400483A0300503701204FF0FF3223
:10E0C0004FF0FF3301480AF049B800BF28EA0020AA
:10E0D00001480AF013B900BF28EA0020F8B5054648
:10E0E0000F461F4C1F4EB44213D91F492D231F4A00
:10E0F0001F4811F076FC1F4811F073FC2D211B48BE
:10E1000011F066FC21682868EAF7AAFD20B31834EC
:10E11000E9E7F7D3184EFFF7D1FF346844B1286818
:10E1200054F8181C183CEAF79BFD90B1A469F5E778
:10E1300000226F60AA61726805F1180332B9C6E95E
:10E1400000330024FFF7C4FF2046F8BD136073605E
:10E15000F7E76FF01004F5E76FF01004F4E700BF85
:10E16000483A0300483A0300AB9004007990040059
:10E17000CE4E03000E8E04005037012038B5094DF5
:10E18000FFF79CFF2B783BB9FFF760FE00F06AF8C1
:10E19000044610B901232B700024FFF799FF204695
:10E1A00038BD00BFE24B01202DE9F0470646894605
:10E1B000048FDFF8ACA0013498B0A4B200F10807D6
:10E1C000651EADB2B5F5004F47D04A23294605AAD2
:10E1D000384612F06EF804F57F543F34A4B28046FE
:10E1E0002146012338460DF10B0212F062F8B8F116
:10E1F000000F014610DC002810DC338FAB4209D140
:10E2000032466B1E22F8383F4FF400410223384655
:10E21000FEF79EFC2C46D3E7002808DC294638464A
:10E2200012F043F82146384612F03FF8E5E708F1CE
:10E2300060030DEB03080023524608F84C3C05A888
:10E24000CDF8009003AB0397ADF81040FFF768FEE0
:10E250000028DFD018B0BDE8F0870020FAE700BF43
:10E26000EF0503007FB50123694605200193FFF701
:10E2700055FD044660BB052002AA01A912F072F9FF
:10E28000044610B110F10C0F22D10399B1F5803F73
:10E2900023D200231846009A9468084484421AD373
:10E2A0000133082BF9D10E4D69612B835368284641
:10E2B000AB60D368EB6312F032FA044640B9094E02
:10E2C00028466E60FFF788FD28466E60FFF792FDD6
:10E2D000204604B070BD9BB2E5E76FF02004F7E77D
:10E2E00058370120D4E4002010B5044613F093FC05
:10E2F00003490246204612F098FB002010BD00BFE3
:10E300000F9104001346002273B5044601920A21BE
:10E31000586801AA12F018FD019D95B920EAE07431
:10E320004FF40046294640F2E7304FF47A7200235A
:10E33000C4FB0601EAF75CFC0CF0ACF8284602B01E
:10E3400070BD2A462046024912F08BFB019DF5E77D
:10E350003B91040008B5034A034912F066FB002014
:10E3600008BD00BF229204002992040030B585B098
:10E37000054601A90F4811F049FA044648B1024682
:10E380000D49284612F06DFB6FF00704204605B0DA
:10E3900030BD2846019A094912F047FB2846029AE7
:10E3A000074912F042FB2846039A064912F03DFB4A
:10E3B000ECE700BF68E900204C920400839204005F
:10E3C00098920400AD920400F7B517460023054665
:10E3D0000A2101AAB868019312F0B6FC1749C6B227
:10E3E000284612F030FB019C44B1224628461449CD
:10E3F00012F037FB019C204603B0F0BD042E09D972
:10E40000324628460F4912F02CFB284612F037FB03
:10E410000124F0E77868FFF7B9F8021E07DA28460A
:10E420007A68094912F01DFB6FF01504E3E73346E3
:10E430002146204612B211F065FFDCE7E0920400AD
:10E44000469304006D93040084930400002307B5F1
:10E450000090694604488DF8043013F08BFF9DF856
:10E46000040003B05DF804FB6107030010B5044627
:10E4700005F0ECFA07490246204612F0D6FA20468B
:10E48000054912F0D2FA2146044813F076FF002025
:10E4900010BD00BFE393040002940400A1E4010056
:10E4A000F0B58FB004460D46D0F8AC7013F0FEFE08
:10E4B00006462A4B1B7873B9294940F24633294A4C
:10E4C000294811F08EFA294811F08BFA40F24631B2
:10E4D000244811F07DFA0CF06FF8254B2549002EE9
:10E4E00008BF1E46244A2346844218BF0A460096A7
:10E4F0002846224912F099FAD4E90A23CDE90023EB
:10E50000284694F90E30227B1D4912F08EFA06A996
:10E51000202220460AF08EFE236F02461949284623
:10E5200012F083FA204605A913F0CEFE024628B168
:10E530002846154912F079FA0FB0F0BD6422059B08
:10E540002846F91A4A43B2FBF7F20091CDE901726D
:10E550000E493A4612F069FAEEE700BFC05A0120B0
:10E560000A8A0400DF890400CE4E03001D8A0400DD
:10E570000C940400B4F00300F3AD04000F94040005
:10E580001B940400479404005E9404008B940400E0
:10E5900070B5054690B01C22002109A808AE14F001
:10E5A00004F81A222021304613F0FFFF29461648AE
:10E5B00013F0E3FE4FF48051144807AA13F078FEDD
:10E5C000044648B1124913485023134A11F009FA7E
:10E5D0005021114811F0FCF96423079A0096C2F506
:10E5E00080514B431B0B05934FF48053CDE903132C
:10E5F000CDE9013209490346044A284612F015FACA
:10E60000204610B070BD00BF21E60100C806022000
:10E61000C38A0400CE4E0300D79404001E95040064
:10E6200070B504460D46D0F8AC6088B007A913F069
:10E630004BFE024628B128460E4912F0F6F908B002
:10E6400070BD204613F032FE6422079B0096F11A3B
:10E650004A43B2FBF6F2CDE90131074BCDE9036243
:10E66000002818BF034622462846044912F0DDF967
:10E67000E5E700BF5E9404000C9404006795040075
:10E6800038B5134605461022002158680EF076F979
:10E690000446FFF7DBFE38B922462846154912F03A
:10E6A000E0F96FF0150038BD134B1B7873B91349AF
:10E6B00040F24633124A134811F093F9124811F010
:10E6C00090F940F246310E4811F082F90BF074FFD8
:10E6D000844204D128460D4912F0C3F9E1E72046EF
:10E6E0000BF0A2F828462246094912F09EF90020B4
:10E6F000D9E700BFCB950400C05A01200A8A040064
:10E70000DF890400CE4E03001D8A0400E695040054
:10E710000E96040038B513460546102200215868AD
:10E720000EF02CF90446FFF791FE38B92246284630
:10E73000154912F096F96FF0150038BD134B1B7890
:10E7400073B9134940F24633124A134811F049F99C
:10E75000124811F046F940F246310E4811F038F9EE
:10E760000BF02AFF844204D128460D4912F079F9B2
:10E77000E1E720460BF004FC28462246094912F046
:10E7800054F90020D9E700BFCB950400C05A0120FE
:10E790000A8A0400DF890400CE4E03001D8A0400AB
:10E7A0004D9604007396040038B5134605461022B2
:10E7B000002158680EF0E2F80446FFF747FE38B92A
:10E7C00022462846154912F04CF96FF0150038BD65
:10E7D000134B1B7873B9134940F24633124A13485E
:10E7E00011F0FFF8124811F0FCF840F246310E48E3
:10E7F00011F0EEF80BF0E0FE844204D128460D49FA
:10E8000012F02FF9E1E7204603F0B0FA284622463D
:10E81000094912F00AF90020D9E700BFCB9504009E
:10E82000C05A01200A8A0400DF890400CE4E03008A
:10E830001D8A0400AE960400D396040010B50C4661
:10E84000002112F036FA00B100680023024A20606D
:10E85000C4E90123E36010BDF397040010B50C4632
:10E86000002112F02AFA00B100680023024A206059
:10E87000C4E90123E36010BDF397040070B50646B8
:10E880005068154612F01DFA044640B930466A68D1
:10E890000F4912F0E6F86FF01204204670BD13F035
:10E8A00043FC30B16A680B49304612F0B0F80024DE
:10E8B000F3E7204613F02FFC044630B103466A68A4
:10E8C0003046054912F0CDF8E7E76A680349EBE7FF
:10E8D0000B97040020970400429704006F970400F0
:10E8E0002DE9F04F8FB0044601A80F46904608F07E
:10E8F000E1FE019B082103EB401B2B4A204612F04E
:10E9000079F8019D5D4503D300200FB0BDE8F08F7D
:10E910002E680EB1337833B92B463021234A02A832
:10E920000DF0B6FE02AE022F07D13046D8F8041023
:10E9300013F0ABFF08B92035E4E733460821204641
:10E940001B4A12F057F8284613F0EEFB194A1A4BEF
:10E950000821002808BF13462046184A12F04AF83A
:10E96000EB69002BE7D01E68002EE4D03368002B43
:10E97000E1D008212046124A12F03CF8B2464FF08E
:10E98000000933680F4A4B4505D8082120460E4A36
:10E9900012F030F8CFE7082120465AF8043F12F071
:10E9A00029F809F10109ECE7A2970400AC970400EB
:10E9B000B1970400999704009397040019970400F5
:10E9C000B6970400FFF003006ECA04001FB50C6880
:10E9D000D1E9043203944C68013302948C6802F24A
:10E9E0006C720194C9680091024912F01EF804B0DB
:10E9F00010BD00BF3D980400F7B5137806463A2BCA
:10EA00000F46154614D1541C23783A2B28D10134D3
:10EA10000A22204601A90DF035FF019A0346A242C1
:10EA2000386017D01078A8B93C2B15D915490EE0DD
:10EA30000A22284601A90DF025FF019CB860AC42CE
:10EA400008D023783A2B05D1172807D90E4930462C
:10EA500012F007F86FF0150003B0F0BD0134D3E7F2
:10EA60000A22204601A90DF00DFF019B7860A34208
:10EA7000F0D01A783A2AEDD13B2801D90349E6E7CC
:10EA80005C1CC5E77C9804005E9804006C98040048
:10EA90002DE9F0410D4690B002A904460120174629
:10EAA000FCF76EFA07A902A80CF0DEFE032D55D183
:10EAB0007D680A22284601A90DF0E4FE019E8046E9
:10EAC000B54215D032782D2A12D101360A223046AD
:10EAD00001A90DF0D7FE019B9E4209D01A782D2A7C
:10EAE00006D1451E0B2D0CD92849204611F0B9FF3F
:10EAF000204611F0C4FF6FF01505284610B0BDE8A0
:10EB0000F0815E1C0A22304601A90DF0BBFE019B7C
:10EB10009E42EDD01B78002BEAD1431E1E2B01D95B
:10EB20001B49E2E7A8F26C73CDE90B53BA680A906F
:10EB3000204607A9FFF760FF0028D9D107A811F0E8
:10EB400061F8B1F1FF3F08BFB0F1FF3FCDE902012D
:10EB500008D120460F4911F084FFCCE7022DC7D120
:10EB60007A68E5E700230493012002A9FCF75CFA28
:10EB7000054628B102460849204611F072FFBAE75F
:10EB8000204607A9FFF722FFB7E700BF8C980400D3
:10EB90009B980400A8980400D19804002DE9F04146
:10EBA0001446884607461022002160680DF0E6FEF4
:10EBB000B8F1020F064606D820223846234911F044
:10EBC00034FF326815E00A220021A0680DF0D6FE5D
:10EBD000C5B22A4638461D4911F027FFB8F1030F88
:10EBE00019D1102D0CD0202DEBD0082D0BD132785F
:10EBF000D2B200233846164911F017FF002008E072
:10EC0000328892B2F5E73846124911F00EFF6FF0E4
:10EC10001500BDE8F0811022E06800210DF054FFDE
:10EC20000B46024604460C49384611F0FEFE102DF4
:10EC300006D0202D07D0082DE5D1E4B23470DDE7F1
:10EC4000A4B23480DAE73460D8E700BF1699040034
:10EC5000419904002B9904005499040000232DE9E4
:10EC6000F04F91464FF0FF35012287B001934F4B93
:10EC7000074688461A602026FCF7AEFE2C46DFF8D1
:10EC800048A1494652464046FCF7CEFE411C06D1FB
:10EC90006A1C41D14649384611F0E3FE17E073285B
:10ECA0001AD0772828D0612811D1DFF820B110219F
:10ECB000DBF8000001AA12F047F8019B0546002B83
:10ECC000DFD0DBF800203B49384611F0CAFE6FF078
:10ECD000150007B0BDE8F08FDFF8F0B00021DBF8D9
:10ECE000000001AA12F030F8019B0446002BC8D0A6
:10ECF000DBF800203049E7E7DFF8D0B00021DBF88F
:10ED0000000001AA12F020F8019B0646002BB8D0A3
:10ED1000DBF800202949D7E7631C01D12849BAE76D
:10ED20005FFA86F8C6F3C406002C3CD002AB284636
:10ED30001A46A6EB050C0CE0B8F1100F1DD0B8F187
:10ED4000200F20D0B8F1080F28D101781970304475
:10ED50003344A64203D80CEB00011029ECD9102C47
:10ED6000A14628BF4FF0100929464B46384601F00E
:10ED7000CFF91035A4EB0904D6E7018889B21970E0
:10ED8000090A5970E3E70168C1F3072E1970090CED
:10ED90009970090A83F801E0D970D8E73846094923
:10EDA00011F043FE93E7204693E700BFC4E4002040
:10EDB000AB9904006A9904007D99040090990400BD
:10EDC000C89904002B990400A49904001837012065
:10EDD00070B5104E04460D46337871B123B10E491B
:10EDE000BDE8704011F03DBE0123337020460B4951
:10EDF00011F01BFE0123337004E083F00103337034
:10EE0000002BF3D129462046BDE87040002201F0D6
:10EE10001DBB00BFE34B0120E29904001D9A0400D2
:10EE20002DE9F04105460C46DFF808813A4E8F186F
:10EE3000A74201D1BDE8F08198F8002014F8013B09
:10EE4000182A22D1112B20D10026344C28462268C2
:10EE5000334988F8006011F0E8FD28463146FFF795
:10EE6000B7FF304B18780028E4D12F4A2368116887
:10EE7000042B2EDC08B12360116013F003012FD1A5
:10EE8000126813681BBA1360D4E7A3F13002092A91
:10EE900088F8003004D923F02002413A052A04D82A
:10EEA0003168224A5354013131603368022BBFD19B
:10EEB000102200211D480DF061FD1D4A136803F862
:10EEC000010B1360154A136801331360002333608C
:10EED000AEE70868043B00BA41F8040B0120C7E71D
:10EEE0005B4203F0030358BF5942022904D1126860
:10EEF00013885BBA9BB2C6E703299BD110680268EE
:10EF00001104C2F3074301F47F010B4302F47F4273
:10EF1000134303608EE700BF983701209C37012020
:10EF2000479A0400E54B0120A0370120E64B012061
:10EF3000A4370120E44B01202DE9F84F00230646B9
:10EF400015460C462949DFF8BC800B602849DFF8DC
:10EF5000B890DFF8B8B088F800300B60012C2F466D
:10EF600055F804AF1ED902224946504613F05CFC06
:10EF700080B99AF80220003A18BF01229244504604
:10EF800002221C4913F050FC30B9012388F80030EC
:10EF9000013CE3E70022F1E749465046E9F760FE0D
:10EFA000A8B904370022786811460DF0E7FC00226A
:10EFB000114B1146186078680DF0E0FC0F4B1049BA
:10EFC00018603046FFF704FF0020BDE8F88F9AF87C
:10EFD00000202D2AE6D19AF80120002AE2D05246DC
:10EFE0005946304611F021FDD2E700BF9837012085
:10EFF0009C370120619A0400A4370120A03701202A
:10F0000021EE0100E54B012004E00300649A0400B6
:10F0100007B50A4813F088F860B10423084A009342
:10F02000126801230549074801F028F9002003B0C0
:10F030005DF804FB6FF01200F9E700BF50350300E4
:10F0400078460300483A030010B54468C4E900124A
:10F05000A36042684FF40071134653F8404B51636C
:10F060005362002302F13801C2E904130821C2E906
:10F070000A33C2E9063313631162C2F87832A36817
:10F0800023B11B6C13B1204604499847A3681B6A3F
:10F090000BB120469847002010BD00BFA1F0010031
:10F0A0002DE9F34705460C468368DB6B03B19847AF
:10F0B000AB68DB6A002B31D1002704F1240804F18E
:10F0C0002809218E238D626B5B1A9BB2D31A93425F
:10F0D00028BF13464946404601AA10F06BFE8246FF
:10F0E000002845D0AB6801991B69002B3CD0024633
:10F0F00028469847061E18BF012732464946404613
:10F1000010F08EFE00284BD038496F23384A39481A
:10F1100010F067FC6F21364810F05AFC28469847DB
:10F120000028C9D1AB68DB69002B3ED1628BE38A32
:10F1300004F110079B1A226A9BB2934204F11A0849
:10F1400028BF13464146384601AA10F033FE064652
:10F15000002831D1284611F02BFBC4F87862012039
:10F16000D4E90131984724E06FF057060127C4E73E
:10F170002148036813F0060F03D002211F4A11F043
:10F180004AF9AB681B6923B1012228460DF103013E
:10F190009847002FC6D0D4E9013100209847C1E735
:10F1A000002EF6D056458CD0F3E728469847002825
:10F1B000BCD102B0BDE8F087AB680199DB688BB1C8
:10F1C00002462846984702464146384610F028FE37
:10F1D0000028C4D00549BB23054A064810F001FCAD
:10F1E000BB2198E76FF05702EEE700BFC38A040027
:10F1F000C69B0400CE4E030074E80020FC9B040074
:10F2000000487047483A030010B504468168183139
:10F2100001F0DAFEA1682046BDE81040014A18312D
:10F2200001F05ABE3E9C040008B50B4B1B7873B925
:10F230000A4940F246330A4A0A4810F0D2FB0A480B
:10F2400010F0CFFB40F24631054810F0C1FBBDE89D
:10F2500008400BF0B1B900BFC05A01200A8A04006F
:10F26000DF890400CE4E03001D8A040038B5044631
:10F2700058B91E4940F20D531D4A1E4810F0B1FB0B
:10F2800040F20D511A4810F0A3FB83680BB142689D
:10F290004AB9194940F20E53154A164810F0A1FB1D
:10F2A00040F20E51EEE7D3F87C38DB071BD4C0697F
:10F2B00011F0DEFF606803685B689847054620B977
:10F2C000E06812F03CF9A3681D75A3685B6C13B18C
:10F2D0002946204698470022A368C3F8A028FFF7D4
:10F2E000A3FF02F043FD6FF00F05EEE7CE620300CF
:10F2F0004C9C0400CE4E0300749C0400014911F0A4
:10F30000D2BA00BF6ECA04002DE9F04FB9B004466E
:10F31000A42200210FA813F048F900230493A36846
:10F3200020465A33039311F0D5FD204611F057FDC6
:10F3300010B96069FFF7E2FF00274FF0FF38B946C8
:10F340003D463E46BA46A06814220021183013F00C
:10F350002CF9204601F0DAF9A168E068B1F85420F0
:10F360005A3112F0B1F80DF13C0B0297049B012BBE
:10F3700000F09C80282D40F09580022B40F0968074
:10F380000121724B724A0FE059460223039A04A8E6
:10F3900001F092F85BF8042F04990346039231B10F
:10F3A00001290AD148B16B4A204601F053FB6FF0A6
:10F3B0000705284639B0BDE8F08F2DB35BF8040C83
:10F3C00011F0D1FF98B167B1A5680B9718350AAE57
:10F3D0000FCE0FC533682B602046FFF715FF0125C0
:10F3E000E7E7012120465C4A01F034FBDFE7029B9E
:10F3F000C3B108F1FF38FEB9049BB8F1000F01D189
:10F40000022BB3D10135B1E7029B5BB108F1FF38A4
:10F4100096B9A368DB6A002B3BD0DB68002B38D0A1
:10F42000002633E050465BF8041C05AA11F0F3FBFC
:10F4300008F1FF38064638B3F368ABB1B646A368A7
:10F4400003F1180CBEE80F00ACE80F00DEF8003046
:10F45000CCF80030B36833B9737CFE2B04BF96F848
:10F46000108008F1FF38A946D6F804C0BCF1000F9F
:10F4700008D0B6460AAFBEE80F000FC7DEF800306E
:10F480003B606746B246B7E7002DC2D00123029326
:10F49000B2E7324B0121009320460F9B304A01F026
:10F4A000D9FABDE7B8F1000F7FF46EAFBAF1000FE3
:10F4B0000AD09AF81130FE2B06D138AB03EB850346
:10F4C00053F8A43C03B10135A068436A53B9002F37
:10F4D0003FF46DAFC369BB423FF47EAF0B9700F1C1
:10F4E000180574E790F82830A5EB0905BBB14FF675
:10F4F000FF7290F82910FF2918BF0A469D4202D3D7
:10F5000013449D420BD9836901212046154A01F01D
:10F51000A1FA2046FFF778FE6FF0150549E70121B3
:10F5200011F005FAA06811F0F6F9A3680FAA2946B0
:10F530005B6A02EB8902204698470546A06811F0F5
:10F54000EEF90021A06811F0F2F932E7CF9C040037
:10F55000FABF0400899C04009D9C0400BB9C04002D
:10F5600096A10400F39C0400F7B5044680680D469C
:10F57000D0F87C385A0705D5002111F0E3F9E0688E
:10F5800011F074FFE368DB6873B9002D3BD0A66807
:10F5900006F15A07384611F093F9002835D039465C
:10F5A00006F25A4013F038F9A2682946E0680DF1D6
:10F5B00006035A3211F05DFF58B9A06800F25A41B3
:10F5C0005A3013F029F9A0685A3011F079F9ADF8E2
:10F5D0000600204611F077FCA368D3F878389B0624
:10F5E00003D50B49606911F05EF9204601F048F936
:10F5F000A268BDF806302046A2F85630A268A2F8EC
:10F60000543011F003FC03B0F0BD86F85A04CBE788
:10F61000E040030040F2FF332DE9F04F04468068DC
:10F62000C3B0B0F854209A4273D00025B0F85620E9
:10F6300000F15A0100F25A4012F090FFA36819A994
:10F64000B3F8562009A8134483F85A54A268282313
:10F6500002F25A4200F030FF0999282959D842ABEA
:10F6600003EB810343F8A45CA368B3F85620002A97
:10F6700038D100293FD100250895089B42AA02EB0A
:10F68000830353F8A4AC0026504611F019F9B34691
:10F690008146B04637463946284614AA00F0E8FFAE
:10F6A0000346002838D1012E7DD1089B42AA02EBE7
:10F6B000830353F8A40C11F003F9A26806464146EF
:10F6C0002846183200F0D4FF00283CD1A4494FF45A
:10F6D000B673A44AA44810F084F94FF4B671A14857
:10F6E00010F076F90029C6D0134493F859309F4A98
:10F6F000D35C1A0702D40129BDD0013900200AAB1E
:10F700000093019008AB19AA11F0B0FA0546002841
:10F71000B3D143B0BDE8F08F1B684A465146184646
:10F72000039313F081F860B9039B1846E9F7A2FA36
:10F73000584538BF5846002E08BFB8461FFA80FB10
:10F7400001360137A7E70568284611F0B9F8864267
:10F7500005D0821B92B22046A91911F064FCA06862
:10F76000824AB0F85630034493F85A30D15C11F015
:10F77000080113D1D0F87838DB070AD511F0ECF87E
:10F780002046202101F0A0FA0121A06811F0E4F840
:10F79000BFE72021204601F097FABAE70121204671
:10F7A00011F068FBB5E70490B3D9089A42AB03EBBC
:10F7B000820252F8A43C1846039311F081F8049B8E
:10F7C000A268CDE904860690A2F84030A2682846D7
:10F7D0000499183200F04CFF48B9614940F2B51362
:10F7E000604A614810F0FDF840F2B51177E7049BDC
:10F7F000D0F800A001330493039BD4F80890FBB128
:10F80000BAF1000F1FD019465046069A13F00CF8B3
:10F810000028DBD1564811F053F8B9F83A2000EB34
:10F820000B07BFB2121A92FBF7F292B2002A33D141
:10F83000504995234B4A4C4810F0D3F895214EE798
:10F84000BAF1000FE6D10023A9F84030059B013B37
:10F850000593BBD16069FFF751FD204601F06CFABA
:10F86000089B42AA02EB830353F8A40C11F028F87A
:10F87000414681460FAA284600F0FAFE08F1010A27
:10F88000074678BB3C4940F2D113364A364810F05F
:10F89000A8F840F2D11122E75046079211F010F873
:10F8A000B9F84010079A3F1A481CA9F84000B1FB6C
:10F8B000F2F002FB101189B2BFB261B906212046F5
:10F8C0002B4B2E4ACDF800A001F0C4F83946204653
:10F8D00000F082FFBAE7534606212046284A01F08D
:10F8E000B9F8F3E7A068396840F2FF3200F25A40F5
:10F8F00012F0ACFF3B684FF6FF77B84603935146D2
:10F90000284614AA0AF1010B00F0B2FED8B1002279
:10F91000A168036801F2594111F801EF985C704544
:10F9200003D110B101324245F6D1B9F1000F01D037
:10F930004A4506DBBA42A8BF3A46013E012E97B2BD
:10F9400001D0DA46DBE7002F3FF4E3AE0399A7EBE3
:10F950000902204692B2494411F065FBD9E600BF86
:10F960000E9D04004C9C0400CE4E03000AD40400FB
:10F97000B3F00300239D0400369D0400309D040075
:10F9800000F10300022210B5836804461A758368EB
:10F990009B6CBBB910F066FF8368D3F87C38DB043E
:10F9A0000BD50321084B094A01F054F8A0686FF405
:10F9B000805100F67C0010F06BFF2046BDE810403F
:10F9C00001F0BAB910BD00BF3C9D040000F1030076
:10F9D000F0B5044687B058B9B24940F2E653B24A8E
:10F9E000B2480FF0FEFF40F2E651AF480FF0F0FFD3
:10F9F000806848B9AE4940F2E753AB4AAB480FF0D4
:10FA0000F0FF40F2E751F0E7012100F67C0010F032
:10FA100034FFA3681B7D022B28D100230193A36828
:10FA20006068D3E9126703681D6901AB46B3102211
:10FA300002A9A847019BCBB10121A06810F077FF74
:10FA4000A06810F068FF3B46019A02A92046B04723
:10FA5000A06810F064FF0021A06810F068FFA368A0
:10FA60009B6C002BDBD12046FFF78CFF6FF0010170
:10FA7000A06800F67C0007B0BDE8F04010F008BFB9
:10FA800001220DF10301A847019B002BEED09DF947
:10FA900003109DF803300029A268C0DB517D0329C3
:10FAA00000F2BD81DFE811F004003B015301BB010E
:10FAB0000D2B57D00A2B33D0B2F87C18092B6FF3DB
:10FAC000CA01A2F87C1865D015D8002B5ED0082B8F
:10FAD0006CD07848591CC9B2415CA26811F0970FEC
:10FAE00070D01046012110F02DFF20469DF8031024
:10FAF00001F0EAF84AE01B2BA06845D07F2BE8D143
:10FB0000D0F878389D0741D5012110F01BFFA3687C
:10FB1000D3F87838180751D4204611F086FA35E02A
:10FB2000D2F87C18C1F3C70129B1D2F87C18C1F30F
:10FB3000C7010A29CDD1B2F87C1863F3CA01A2F833
:10FB40007C18A568B5F85410C1B9284610F0FAFE23
:10FB5000E06811F08BFC6069FFF7D0FB2046FFF7EF
:10FB600011FF5CE7D2F87C18C1F3C7010029E2D08D
:10FB7000D2F87C18C1F3C7010D29DBE72046FFF757
:10FB8000C3FBC5F8A408E9E701234375606910F0D9
:10FB900090FF44E7A068D0F878389F07F6D5012198
:10FBA00010F0D0FE2046FFF735FDEFE7A068D0F853
:10FBB00078389E07EAD5012110F0C4FE204611F0E6
:10FBC00053FAE3E7D2F878188907DFD5013B162B03
:10FBD000DCD801A151F823F0EDFD010035FC010056
:10FBE0003DFC010019FB0100E1FD010061FC010089
:10FBF0008DFB01008DFB01008DFB01008DFB0100E1
:10FC000069FC010071FC01008DFB01009BFC0100FF
:10FC10008DFB0100C1FC01008DFB01008DFB01008B
:10FC20008DFB0100C5FC0100E5FC01008DFB01001E
:10FC30000FFD0100204611F056F9A7E7204611F00C
:10FC400049F9204611F0CBF810B96069FFF756FB6F
:10FC5000A068012110F076FE2046FFF793FE95E79D
:10FC6000204611F049F991E7204611F050F98DE74F
:10FC7000D2F878389F0603D50F49606910F013FE5B
:10FC8000A368D3F878389E0603D50C49606910F054
:10FC90000AFE204601F050F878E700212046FFF7E1
:10FCA00063FC73E7CE6203004C9C0400CE4E03005D
:10FCB000809D040009D40400E5400300EA400300ED
:10FCC0000121EBE7E06983681B79012B02D111F078
:10FCD000CFFA5BE7022B7FF459AF2146126D11F08A
:10FCE000B0FA53E7204611F0EEF8204610F0BAFDC6
:10FCF0000121A06810F026FEA368D3F878389D068D
:10FD00007FF544AF4749606910F0CDFD3EE72046DE
:10FD100000F006FF0121A06810F014FE36E75B2B0F
:10FD200002D10223537531E7D2F87828900706D51F
:10FD3000622B08D14FF0FF31204600F063FD002216
:10FD4000A3685A7522E7662BF9D10121F4E7002157
:10FD50005175A268D2F8781889077FF560AE313BFB
:10FD60001B2B3FF613AF01A151F823F0E9FD010071
:10FD7000F5FD01000DFE0100DDFD01008DFB010020
:10FD80008DFB01008DFB01008DFB01008DFB01004F
:10FD90008DFB01008DFB01008DFB01008DFB01003F
:10FDA0008DFB01008DFB01008DFB0100C1FC0100FA
:10FDB0009BFC010061FC010035FC01008DFB010092
:10FDC000E1FD01008DFB0100EDFD01008DFB010057
:10FDD0008DFB01008DFB0100F9FD0100032353752C
:10FDE000204611F077F8D1E603235375204611F031
:10FDF0006AF8CBE603235375A068D0F8781801F0B1
:10FE0000010181F0010110F0A7FDBFE60323537546
:10FE1000A368D3F878389B077FF5B8AE7CE600235B
:10FE200080E700BFE040030010B5044658B92549FB
:10FE30004FF4B563244A25480FF0D3FD4FF4B56164
:10FE400021480FF0C5FD83681BB142680AB1026802
:10FE50004AB91F4940F2A9531B4A1C480FF0C1FD83
:10FE600040F2A951ECE71A7D012A28D1D3F87C2869
:10FE7000510408D5D3F87828520704D401461A6DE6
:10FE8000C06911F0DEF94FF480420023A06810F041
:10FE900072FD10B96FF00F0010BD0821204600F070
:10FEA0009BFD6069FFF72AFA2046FFF76BFD2046AD
:10FEB00000F05AFFA06810F02EFD0020ECE76FF074
:10FEC0008500E9E7CE6203004C9C0400CE4E03009F
:10FED000889D04002DE9734304468068154600F6AA
:10FEE0007C00002939D04FF4804110F0C6FCA36893
:10FEF00000211D65606803689B68984790BB204699
:10FF0000FFF792FF70BB4FF0FF384FF0FF39174DEE
:10FF1000174EA06800F5086000220721CDE900898E
:10FF200012F0DEFAA06810F0FAFC2A4604212046FE
:10FF300010F044FD32460121204610F03FFD2046DE
:10FF400002210C4A10F03AFD606803685B6903B156
:10FF50009847A06810F0DFFCDBE76FF4804110F0F9
:10FF600097FCC4E702B0BDE8708300BF6DF20100EA
:10FF7000D1F90100CD0803002DE9F0410F461646E6
:10FF80009846044658B9484940F20E63474A4848E3
:10FF90000FF027FD40F20E6144480FF019FD12F0FA
:10FFA0007FF960B1434940F20F63404A40480FF087
:10FFB00018FD41480FF015FD40F20F61ECE7A56810
:10FFC0004DB93E494FF4C263384A39480FF009FD34
:10FFD0004FF4C261E0E7D5F87C381B050FD4FFF77A
:10FFE00023F9D5F8A038834209D1354940F211638D
:10FFF0002E4A2F480FF0F5FC40F21161CCE76369FF
:020000022000DC
:100000004BB9304940F21363284A29480FF0E9FC04
:1000100040F21361C0E74EB92B4940F21463234A02
:1000200023480FF0DEFC40F21461B5E72B7D022B74
:1000300007D005F67C004FF48051BDE8F04110F088
:100040001CBC4FF480420023284610F094FC48B3B7
:10005000A368D3F87C28100508D49A6C32B9D3F879
:100060007838990602D5204610F05FFF43463246A5
:100070003946204610F077FFA368D3F87C28120594
:1000800008D49A6C32B9D3F878389B0602D520464A
:1000900000F052FE606910F00CFDA068BDE8F04170
:1000A00010F039BCBDE8F081CE6203004C9C040026
:1000B000CE4E030043A10400B39D0400809D0400C4
:1000C000CE9D04000A9E04001A9E040010B504464A
:1000D0000A4910F0AAFC2046094910F0A6FC204667
:1000E000084910F0A2FC2046074910F09EFC20466B
:1000F0000021064A00F0F0FE002010BD1E9E040004
:100100005C9E0400BB9E04000F9F0400AA9F040095
:10011000F8B517461E46044658B93049304840F2F3
:100120006563304A0FF05DFC40F265612D480FF0C9
:100130004FFC0A462C4910F078FC3EB320463A7832
:100140002A4910F072FC01256A0703D1204628498C
:1001500010F06BFCAE421ED920467A5D234910F0A8
:1001600064FC0135102DEFD12046224910F05DFCD2
:10017000B6B920461E4910F058FC0125AE422B4668
:1001800010D820461A4910F050FC16E020461A49B3
:1001900010F04BFC01252046174910F046FCE0E723
:1001A00000252B46FA5C154B20469B5C144913F046
:1001B000970F08BF2E2210F038FC0135102D06D005
:1001C0006B07DBD120460A4910F02FFCD6E720460A
:1001D000BDE8F8400B4910F028BC00BFCE62030018
:1001E000CE4E03004C9C0400C09F040062E6030056
:1001F000B4F00300339004002F9004000AD40400EC
:10020000968B0400C79F040070B50E46044658B98B
:10021000174918484FF4D463174A0FF0E2FB4FF424
:10022000D46115480FF0D4FBA1B1084610F048FB8B
:100230004FF4804205460023A06810F09CFB10B9E3
:100240006FF00F0070BD6B1C142BA06800D825B98F
:1002500010F061FB6FF01500F4E7314612F0DCFAA4
:10026000A36883F83C50A06810F055FB0020E9E734
:10027000CE620300CE4E03004C9C04002DE9F041F9
:10028000884615461F46044688B058B9404940F292
:100290007753404A40480FF0A4FB40F277513D4865
:1002A0000FF096FB806818B163680BB123684BB9F7
:1002B0003A494FF4AF63374A37480FF092FB4FF497
:1002C000AF61ECE7D0F8A068002E5DD1237C013B44
:1002D000012B09D932494FF49B632E4A2E480FF067
:1002E00080FB4FF49B61DAE740F6A802314612F03A
:1002F0005CF9A06800F508600BF0D4F9A06800F57F
:1003000009600122114611F05AFFA36902211E6003
:10031000A06866F3820500F67C0010F0AEFA502269
:10032000A36820465A871822A3681A872168FFF716
:100330006BFFA3684146C3F878586068194A0368A0
:100340001D682346A8470546D0B90122A3681A753F
:10035000D4E90A0100220023CDE906230E230393EA
:100360000E9B4FF41052CDE9017304950E4B00948F
:1003700009F060F8A368C3F8A008616A08F04AFFB2
:10038000284608B0BDE8F0816FF07705F8E700BFB8
:10039000CE6203004C9C0400CE4E0300889D0400F6
:1003A000CA9F040089090300D5FE010070B5044608
:1003B00008460E4610F084FA05464EB3B0F5806F3D
:1003C00035D2002C36D0A068D0F87C381B050ED56D
:1003D0001A4940F2DB631A4A1A480FF002FB1A4826
:1003E0000FF0FFFA40F2DB6115480FF0F1FA3146E9
:1003F0005A3012F011FAA3684FF48042A3F8545017
:10040000A368A3F85650A068002310F0B4FA18B9F6
:100410006FF00705284670BD2046FEF775FF0546BC
:10042000A06810F078FA204610F01CFAF2E76FF09E
:100430000B05EFE76FF01505ECE700BF21A0040006
:100440004C9C0400CE4E030039A0040010B558B9EE
:100450000A490B4840F22E730A4A0FF0C2FA40F2E2
:100460002E7108480FF0B4FA8468A1648368DA64D6
:1004700019B9BDE8104010F0F5B910BDCE62030007
:10048000CE4E03004C9C04001346002213B50446D4
:1004900000920A4601460748E8F7A2FE23691B7945
:1004A0002BB1204602B0BDE8104010F002BB02B0F4
:1004B00010BD00BFCB0A03002DE9F04F0026074610
:1004C00014469946B34685B0DFF8A0A101910660B5
:1004D0002378002B00F0C6801AF8033013F00803CD
:1004E00004D004F801BBF3E70026F1E73A68511C99
:1004F0003960019941F822403A684A4500F0B280DB
:100500001E4621780029E3D0A6B90E4623461C4694
:10051000272E04D05C2E20D0222E40F0978020463B
:1005200010F0F1FA611C0246204612F024F82178FE
:100530000029CDD0B142A04604F101041BD14046B0
:1005400010F0E1FA21460246404612F014F898F8FD
:1005500000604446002ED9D1BAE7204610F0D3FA05
:10056000651C02462946204612F005F866782C469E
:10057000002ECDD1ACE75C2998F80110D8D1B1425A
:100580008C4608D1404610F0BEFA2146024640464D
:1005900011F0F1FFB5E7302925D10025022218F826
:1005A00002C0ACF13000C0B2072819D8ED0001320A
:1005B000EDB2052A45EA0005F1D1511E41444046FD
:1005C0000392029110F09FFA039A0299023A821A5A
:1005D000404611F0D0FF98F8011088F80050A7E7C6
:1005E000D2B2022AE9D1BCF1780F2AD1002502202B
:1005F00018F80020A2F1300C5FFA8CFCBCF1090F56
:1006000009D82D01EDB24CEA0505022801D00422DB
:10061000D3E70320ECE7A2F1610CBCF1050F05D88C
:100620002D01EDB2573A1543EDB2EEE7A2F1410CC0
:10063000BCF1050F03D82D01EDB2373AF3E70228DC
:1006400002D108F1010473E70322B6E71AF8063075
:100650001B073FF549AF6678631C002E7FF457AF48
:100660001C4635E7304605B0BDE8F08F0AD40400DB
:1006700038B50B46154648B91B491C4A521AB3EB0C
:10068000920F12D251F82350284638BD5AB9184952
:10069000184840F22913184A0FF0A3F940F2291123
:1006A00015480FF095F984680CB90025ECE7134A5A
:1006B00094420AD3124A944207D218462946226825
:1006C00090472B68002BDFD1EFE70E4A944202D30C
:1006D0000D4A944205D3246814225343E518E35885
:1006E000F0E70133F8E700BF783A0300C03A0300AF
:1006F000B1A00400CE4E030083A00400183D030007
:10070000203D0300C03A0300183D0300F8B584689B
:10071000054694F85A306BB9AB68B3F85420A3F887
:100720005620F8BD013A92B2A4F854202AB984F8B0
:100730005A20F1E7134E04F15A00B4F854208318FC
:1007400013F8013CF35C13F00803EBD183549AB225
:1007500010F802C01F4616F80CC010FA83F11CF006
:10076000080F03F10103F2D1BFB2002FD4D0B4F8C7
:100770005460731C9A1AF61B11F0FDFEA4F8546025
:10078000CAE700BF0AD404008368D3F878389B0610
:1007900003D50249406910F003BB7047F0400300E5
:1007A000014910F0FDBA00BF6ECA04000A1E0DDC3C
:1007B0000ED042238168D1F87818890608D5002A1E
:1007C00004494069B8BF524210F0EABA4123F1E748
:1007D000704700BFC5A004000A1E0DDC0ED04423E4
:1007E0008168D1F87818890608D5002A044940693B
:1007F000B8BF524210F0D4BA4323F1E7704700BFAC
:10080000C5A004002DE9F0410C1E064633DA4FF076
:10081000FF35644224B2DFF86480A4B2AFB214E0C2
:10082000B3680020B3F8562003F15A0C1146B3F810
:10083000543071B9B5F1FF3F00D073B9891A304611
:1008400009B210F017FB013CA4B2002CE8D1BDE8BE
:10085000F0818B4201D1012DF0D01CF801E018F895
:100860000EE01EF0070F04D10028E7D1394489B209
:10087000DFE70120FAE70125CDE700BF0AD4040035
:100880002DE9F0478568044605F15A00E8F7F2F9CA
:100890000023984695F83C70DFF8589086B2A2681D
:1008A000558FED1BB54209DB002E1FDD5A33606901
:1008B0000F491A44BDE8F04710F072BA1D442A44AB
:1008C00092F85AA082F85A80A2685A331A444946CC
:1008D000606910F065FAA3682B4483F85AA0A368F6
:1008E0005B8FDB1BF61A00272B46D8E7BDE8F087A5
:1008F00000F10300FABF04002DE9FF470E4614463D
:10090000054608B1002952D12E4940F2C3132E4AA0
:100910002E480FF066F840F2C3112B480FF058F83C
:10092000039AA24209D92A494FF4E773264A274875
:100930000FF057F84FF4E771EFE71744A41A002AB5
:100940003AD1AB68197D03290ED0022920D808219D
:10095000CDE9008903F5086011F0C2FDA86800F533
:100960000860082111F0B8FD686822460368F11993
:10097000D3F80CA003ABD0470028D1D0154940F2E2
:10098000CD13114A11480FF02CF840F2CD11C4E7F5
:10099000D3F87C289207FBD503F67C03D3E8EF1F3E
:1009A00021F00201C3E8E21F002ADDD0F6E70027AC
:1009B0004FF0FF384FF0FF39002CD5D104B0BDE81F
:1009C000F08700BFF8A00400CCA00400CE4E0300C6
:1009D00003A10400C38A040008290A4617D88368C3
:1009E00093F83E10914212D083F83E208368082A83
:1009F000D3F8783805D0990609D50549406910F033
:100A0000CFB99B0603D50349406910F0C9B97047B7
:100A100015A10400F540030038B50D4609780446D9
:100A2000FFF7DAFF6A78072A11D8A36893F83F1016
:100A300091420CD083F83F20A368D3F878389B0606
:100A400005D560690249BDE8384010F0A9B938BD44
:100A50001EA104000CB473B5069E0D46044658B999
:100A600027494FF40B73274A27480EF0BAFF4FF47B
:100A70000B7124480EF0ACFF83684BB9234940F258
:100A80002D23204A20480EF0ACFF40F22D21F0E744
:100A900042694AB91E4940F22E231A4A1A480EF0FA
:100AA000A0FF40F22E21E4E74EB91A4940F22F236D
:100AB000144A15480EF095FF40F22F21D9E7D3F8DC
:100AC0007C389B040FD411F0EBFB60B112494FF45A
:100AD0000C730C4A0C480EF084FF10480EF081FF96
:100AE0004FF40C71C5E707AB324629462046019307
:100AF00010F039FA02B0BDE8704002B0704700BF94
:100B0000CE620300CCA00400CE4E0300809D040002
:100B10000A9E04001A9E040027A10400B39D04004D
:100B2000F8B583680446B3F85420002A55D0B3F8CA
:100B30005610002951D0593103F15A050B4418467B
:100B4000A84206D3014611F80169202E3CD0A842E4
:100B50003CD286B29DB2AB1B9BB2591C471CD21A29
:100B60000144384611F007FDA268711BB2F85430F9
:100B7000204613FA81F3A2F85430A36809B2B3F8FF
:100B800054201344002283F85A2010F073F9A3680C
:100B9000D3F878389A0603D51049606910F000F947
:100BA0003B46082120460E4AFFF754FF2046FFF738
:100BB000EBFDA368D3F878389B060ED56069094928
:100BC000BDE8F84010F0ECB80846B9E7014611F866
:100BD0000169202EBDD00846B9E7F8BDFA400300F0
:100BE00000F10300FE4003002DE9F84F04460F46D4
:100BF00090460AB1FFF7C8FDA668D6F87838B6F86F
:100C000056505B0724D505F15A003044E8F732F816
:100C100005462A4EB5B9A368B3F85420A3F8562068
:100C2000A06810F0CAF830B1B8F1000F00D017B1C9
:100C30006069FFF7B5FD79422046BDE8F84F09B27B
:100C400010F018B93146606910F0AAF8013DE1E7EB
:100C50003046E8F70FF8B6F85490738F19FA80F918
:100C600015FA80F0B0FBF3F2B9FBF3F39A42AA460F
:100C70001BD0134D4845A368CDDA5A8F461CB0FBF4
:100C8000F2F302FB130313B96069FFF789FDA36850
:100C9000204653442A46082193F85A300AF1010BA2
:100CA000FFF7D8FEDA463046E4E75A3508212046F9
:100CB000044A7319FFF7CEFEADE700BFF3AD0400A1
:100CC000968B040000F1030013B583688DF80710BC
:100CD000D3F878280446D00725D5B3F85610B3F8D2
:100CE00054208A421FD0481C9DF80720A3F85600C4
:100CF0000B4483F85A20A368D3F87818890710D5D5
:100D0000D3F87838606913F0040F18BF2A22094914
:100D100010F046F8204610F062F810B16069FFF755
:100D20003FFD02B010BD012220460DF1070110F079
:100D30003FF9F6E7968B040010B50446836802215C
:100D4000084AFFF787FEA368D3F878389B0707D5D2
:100D50002046FFF795FD2046BDE8104010F065B82D
:100D600010BD00BF00F1030070B5044692B058B941
:100D70000E490F484FF40F730E4A0EF032FE4FF437
:100D80000F710C480EF024FE00234FF47A75019386
:100D900060684022036802A91E6901ABB047019B4D
:100DA00013B108B9013DF3D112B070BDCE6203009A
:100DB000CE4E0300CCA00400014910F0C7BA00BF1A
:100DC0006ECA04002DE9F047054690460E460029FC
:100DD0005ED00024DFF8BC90335D19F803301A07A9
:100DE0001ED43046E7F746FFAB6880B25A8F001B2F
:100DF000A2EB0803984206EB040A13D951460027D8
:100E000011F8010B19F800C01CF0080F02D00A28D5
:100E10002ED03B4608EB0700824228D90137EFE786
:100E20000134D9E753460027B84208D168695146D2
:100E300010F08CFA6869BDE8F047FFF7BDBF13F802
:100E4000012B0A2A11D168690FF033FE3A46514648
:100E50002846FFF751FD01343C446869FFF7ACFFB9
:100E600041462846FFF7B8FCBBE70137DCE71F46E1
:100E700068690FF01EFE3A4651462846FFF73CFDD2
:100E80003C44335D19F803301B07E6D50134F8E71D
:100E9000BDE8F0870AD40400F8B50F46516804464F
:100EA00015461E4611B11A46FFF78CFFAB6883B199
:100EB00031462046FFF790FC20463B460821054A74
:100EC000FFF7C8FD2046A968F21DBDE8F840FFF70E
:100ED00079BFF8BD52A104002DE9F04F89460021E9
:100EE000044616460D468BB0484605AA4F1CFFF730
:100EF000BFFB98B97DB126B1324608212046FFF7E5
:100F0000A9FD0021DFF8BCA0484605AA01F1010BAC
:100F1000FFF7AEFB60B90BB0BDE8F08F006810B111
:100F2000E7F7A8FE80B2854238BF05463946DBE7C1
:100F30000768BFB13B78ABB146683846E7F79AFE21
:100F40002023A5EB00088DF81330082153462046D6
:100F5000194A00971FFA88F8FFF77CFD26BB6069E5
:100F6000FFF72AFF5946CFE7012220460DF1130172
:100F70000393FFF7C1FC039B01339AB29045F3D86A
:100F800053460E4A08212046FFF764FDAB1DB20709
:100F90009BB20BD132680A498A4207D132463946A0
:100FA0002046FFF779FFDDE70023E6E71A463146E2
:100FB0002046FFF707FFD5E7319D0400219004008C
:100FC000C40BD28661A10400F7B50F6805460E4632
:100FD000EFB13846E7F74EFE84B2114B082100937B
:100FE00028463B460F4AFFF735FD7168E31C9BB26C
:100FF00079B18A070DD108680B4A904209D10A4697
:101000002846316803B0BDE8F040FFF745BF3C46D5
:10101000E3E71A46284603B0BDE8F040FFF7D2BE2A
:101020005DA10400319D0400C40BD28610B5836815
:101030000446D3F878389B0603D50649406910F07A
:101040009AF95022A36800205A871822A3681A87A9
:1010500010BD00BF0241030008B5836902491A6848
:101060000FF0E3FC002008BD64A1040008B50249AC
:10107000FFF7CAF8002008BD6FCA040073B5044624
:1010800000250D4EA2680DF106030121E06802F271
:101090005A4210F0EEF9BDF80600A36840B12A46A6
:1010A0003146204603F25A430FF0BFFC0135E9E711
:1010B00083F85A0402B070BD74A1040010B5044650
:1010C0000FF0EFFC0349024620460FF0AEFC002073
:1010D00010BD00BF65DD0300022907B50BD15368C1
:1010E0000C49009312680C4B0FF0BBFC6FF015001D
:1010F00003B05DF804FB8368084AD3F878380849E0
:1011000013F0020F074B18BF1A460FF08EFC002099
:10111000EEE700BF93A104007EA104009C690300D8
:101120009CA1040011CB04002DE9F34114490546AC
:101130000FF07BFC0022134C134FDFF86080BC42A1
:1011400017D91249E623124A12480EF04AFC1248F7
:101150000EF047FCE6210E480EF03AFC636A92B2AC
:101160000093A368414628460FF05FFC30343246B6
:10117000E5E702F10106F1D3002002B0BDE8F081FD
:10118000ADA10400483A0300783A030003A204002A
:10119000D6A10400CE4E03000E8E0400C5A10400AB
:1011A00010B583680446D3F878389A0603D5074902
:1011B000406910F0E0F8A368D3F878389B0603D5AF
:1011C0000349606910F0D7F8002010BD0941030001
:1011D0000E410300F0B50129044685B00AD05368DA
:1011E0005F49009312685F4B0FF03BFC6FF01500F6
:1011F00005B0F0BD8368D3F87838990603D55A490D
:10120000406910F0B8F800256FF0F9012046FFF7AB
:10121000CDFAFA212046FFF7DFFAA0684FF480628A
:10122000294600F25A408DF80B5011F0BEF94F4993
:10123000606910F0A0F860690FF03BFC4FF47A761B
:101240006068012203680DF10B011F6903ABB84709
:10125000039BEBB9013E4FF47A70B6B210F057FF22
:10126000002EEDD1A368D3F878389B0603D540490A
:10127000606910F080F85022A36820465A8718222F
:10128000A3683C491A870FF0DEFB6FF00700AFE759
:101290009DF80B20A3681B2A55D093F85A141B29DC
:1012A000CED1522A4FD15A19002382F85A34A66857
:1012B00096F85B245B2A2DD1022506F25B4010F8DC
:1012C000011F2A463B2905F10105ADB225D140F2A7
:1012D000FF318A42C6D002F25A4216FA82F1002247
:1012E00011F8010F18BBFA2A28BFFA22FA2B28BFDF
:1012F000FA2386F85A04A1684A87A2681387A3686C
:10130000D3F878389A0603D51949606910F033F894
:1013100000206DE786F85A34A4E703EB83033039E5
:1013200001EB4301B5F5806F8BB2C8D19AE7013567
:1013300002EB8202ADB2303800EB4200B5F5806FAF
:1013400082B2CDD18EE72B440135ADB2092D83F8A1
:101350005A247FF675AF0022A36883F85A2481E7E8
:1013600093A104007EA104001441030054A20400D0
:10137000184103001AA2040008B504480EF0C0FA90
:1013800003480EF0BDFA002008BD00BF0EA7040000
:1013900043A7040008B50348034A0021121A10F0BD
:1013A000F7F808BDF0EB0020C45A0120074808B543
:1013B000074A0849121A10F0EDF8BDE8084006483F
:1013C000064A0749121A10F0E5B800BF40DB0020BA
:1013D000F0EB00202CD7040028DB002040DB0020AD
:1013E00014D704002DE9F04F83B081460C4600AFBE
:1013F000002900F0CE80724D2B68580736D0D1E915
:1014000000016E468AB06A46A3684FF00508DFF80F
:10141000CCC1C2E90713C2E905C042F8108F00230E
:101420004FF421512846FCF7ADF92B68B546590712
:101430001CD0D4E903018AB06A466369DFF8A0C111
:10144000C2E90713C2E905C042F8108F00234FF428
:1014500021512846FCF796F92B68B5465A0705D066
:10146000E36901212846574A0EF0DEFFA046002618
:101470004FF00A0BDFF86CA12B685B071FD0D8E98F
:1014800008E0D8E90A13C7F804D08EB06A46C2F85B
:101490001CE006F1010EC2E908E0B01CC2E90A0135
:1014A000F11CC2E905A6C2E90C1342F810BF0023E3
:1014B00045F240014248FCF765F9D7F804D00436FC
:1014C000102E08F11008D7D12B68580705D0236ECD
:1014D00001213D4A3A480EF0A7FFA66E2B68002E68
:1014E00045D0590755D0D6E90001E8468AB06A468A
:1014F000B3684FF0050ADFF8F0C0C2E90713C2E98C
:1015000005C042F810AF00234FF421512C48FCF7DE
:1015100039F92B68C5465A073BD0D6E903018AB092
:101520006A467369DFF8C4C0C2E90713C2E905C09F
:1015300042F810AF00234FF421512148FCF722F963
:101540002B68C5465B0724D0D6E906018AB0336A0A
:101550006A461E4EC2E90713C2E9056042F810AFA1
:1015600000234FF421511648FCF70CF9C5462B68AF
:1015700058070ED0236F0121154A11480EF054FF71
:101580002B68590705D0A3690121124A0C480EF0B7
:101590004BFFB9F1010F0AD1EFF305830848026848
:1015A000520704D00C4A4946103B0EF03DFF21463D
:1015B000484606F0A3F80C37BD46BDE8F08F00BFE3
:1015C00068E80020CFA7040021A804008EA804002A
:1015D000BDA80400CFA80400FDA8040071A7040062
:1015E000A0A70400DEA7040030A804005FA8040040
:1015F00030BFFFF7FDBF00BF054B9A699B689A4259
:101600001FBF044A536843F080535360704700BFC4
:10161000E443012000ED00E0F8B5414C0D4623689D
:101620000646590703D020463E490FF0CFFF3E4BF8
:101630009B6ADA0662D523685B0703D03B493848CA
:101640000FF0C4FF1120384B9B6A1F0707D5236892
:10165000590703D0364932480FF0B8FF1220324FF5
:10166000BB6A9A0719D523685B0703D031492C4818
:101670000FF0ACFF7B6BBA6A17060DD522685007D6
:1016800004D001212C4A26480EF0CEFE26B1264A6F
:10169000936A23F0800393621320234B9B6AD9073C
:1016A00007D523685A0703D024491D480FF08EFF41
:1016B00014201D4B9B6A9B0607D523685F0703D048
:1016C0001F4917480FF082FF1520174B9A6AD6065C
:1016D00002D49A6A940713D59B6AD90610D5194982
:1016E00040F22D13184A19480EF07BF918480EF0F5
:1016F00078F940F22D1114480EF06AF91020A2E793
:10170000094B9A6A920642BF5A6A22F400525A6200
:101710009A6A42F0FF029A6200232B70F8BD00BF64
:1017200068E8002010A9040000ED00E026A90400EC
:1017300059A904006CA9040084A904009AA9040012
:10174000B9A904001AAA0400E8A90400CE4E0300B7
:1017500064AA040010B5334C2368580703D0204610
:1017600031490FF033FF314B9B6A990157D52368FC
:101770005A0703D02E492B480FF028FF1E202B4B71
:101780009B6ADB0107D52368580703D02949254800
:101790000FF01CFF1F20254B9B6AD90207D5236839
:1017A0005A0703D024491F480FF010FF02201F4B97
:1017B0009B6A1B0307D52368580703D01F491948A4
:1017C0000FF004FF2120194B9B6A590307D52368AA
:1017D0005A0703D01A4913480FF0F8FE2220134B82
:1017E0009B6A9B0307D52368590703D015490D4809
:1017F0000FF0ECFE23200D4B9B6ADA0307D523681C
:101800005B0703D0104907480FF0E0FE2420074A89
:10181000936A6FEA03436FEA1343936210BD1D207E
:10182000ADE700BF68E80020C8AA040000ED00E0B2
:10183000E0AA0400F3AA04000DAB040037AB0400D7
:1018400055AB04007AAB040094AB0400F8B5374CF8
:10185000064623680D465B0703D0204634490FF047
:10186000B5FE344B9B6ADF0451D52368580703D07B
:1018700031492E480FF0AAFE17202E4B9B6A1905FE
:1018800007D523685A0703D02C4928480FF09EFE3D
:101890001820284FBB6A9B0519D52368580703D029
:1018A000274922480FF092FEBB6BBA6A11040DD58E
:1018B0002268520704D00121224A1C480EF0B4FDD0
:1018C00026B11C4A936A23F4004393621920194BF2
:1018D0009B6A5B0507D523685F0703D01A49134845
:1018E0000FF074FE1A20134B9A6AD60511D523689F
:1018F000590703D015490D480FF068FE1B200D4A0B
:10190000936A43F47F43936200232B70F8BD162043
:10191000B3E79B6A9A04F2D523685B0703D00C49AE
:1019200002480FF053FE1C20E9E700BF68E80020E2
:10193000BFAB040000ED00E0D5AB040059A90400E2
:10194000E6AB0400FFAB040014AC04002FAC0400B1
:10195000B9A904002DE9F04FA1B000AF7B60914B15
:101960001646D3F804B081460D460022CBF3080A90
:1019700082F31188BFF36F8F06F07F42B2F17F4F81
:101980000ED0894940F21443884A89480EF029F85C
:1019900088480EF026F840F2144184480EF018F8FA
:1019A00016F00104EDD1710605D432070DD40546B9
:1019B0004FF001080BE080480268530702D07F49CE
:1019C0000FF004FE16F0040811D04FF00008002DAF
:1019D000D7D00022FA72AAF10302092A00F2BD80D0
:1019E000DFE802F007ADB190BBBBBBBBBBB54D465A
:1019F000EDE7DFF8C4B1DBF80030580703D05846F4
:101A00006F490FF0E3FD0023FB72664BDA6A910722
:101A100008D5DBF800305A0745D06A4966480FF010
:101A2000D5FD40E0DA6A002A05DADBF800305B0712
:101A300039D06549F2E7DB6A5C0073D5DBF800302A
:101A4000580703D061495C480FF0C0FD554BA969A8
:101A50005A6942F480725A61BFF34F8FBFF36F8FA0
:101A60005A6931F8021C22F480725A61BFF34F8F19
:101A7000BFF36F8F4DF60272914209D09A6AD2B2CB
:101A800092B3012007F10B01FFF7C6FD04460AE0FF
:101A9000DBF80030590705D02B6801214C4A464835
:101AA0000EF0C2FC2C68FB7AD3B96822294607F1F4
:101AB0000C0010F053FD7B68FE67C7E91D39BB6A57
:101AC000B8F1000F69D0C3F3080222B96FEA5323BB
:101AD0006FEA4323BB62204607F10C01FFF782FC4B
:101AE0008437BD46BDE8F08F9A6A12F47F4F05D067
:101AF000012007F10B01FFF7A9FEC7E79B6AB3F5C9
:101B0000803F02D3FFF726FEC0E7324940F2ED23C3
:101B1000264A27480DF065FF2F480DF062FF40F27E
:101B2000ED213AE72B494FF43C73204A20480DF051
:101B300058FF2A480DF055FF4FF43C712DE7002067
:101B400007F10B01A0E7002007F10B01D3E71A48CA
:101B500003685A07A7D0224961E71748026853076C
:101B6000A1D0204A1BF4F87FEB468AB01E4918BF6B
:101B700011466A461D4BC2E90531AAF11003D36133
:101B80004FF4007313841A4B42F8103F00234FF4B4
:101B90001151FBF7F7FDDD4685E723F4FF7323F0D2
:101BA000010397E700ED00E075AC0400E8A904002C
:101BB000CE4E030088AC040068E80020C6AC0400E8
:101BC000E9AC040000AD040021AD04002FAD040019
:101BD0004EAD040028C804006AAD04008EAD0400B8
:101BE000BEAD04005CAC040047AC0400E2AD0400F0
:101BF00004000001064B5A6942F010025A615A690A
:101C000042F480625A615A6922F008025A617047B0
:101C100000ED00E0EFF30880EFF3098101B506B4B1
:101C20002DE9F00F6B467246FFF794FE0AB001BD36
:101C300008B548B9104911481423114A0DF0D1FED6
:101C400014210F480DF0C4FEEFF314835A0712D588
:101C500000F1400280EC100A82EC108AF1EE102AAA
:101C6000C0F88020012223F0040380F8842083F34D
:101C70001488BFF36F8F08BD25AE0400CE4E03005D
:101C8000F5AD0400002080F31488BFF36F8F0020AF
:101C900080F30A8880F30B88144880F308880020BA
:101CA0001349087002F0AEFF002012490860BFF32C
:101CB0004F8F00F035F8202080F311880E484FF048
:101CC000AA014FF480520FF063FC0B484FF480518F
:101CD000401880F30988EFF314800221084380F351
:101CE0001488BFF36F8F00F02BF90000082002204A
:101CF000C05A012094ED00E0C806022000231846D7
:101D00000649D1F89020C2F30722934200DB7047C6
:101D1000C1F89830C1F8A0000133F6E700ED00E00B
:101D200010B572B6002484F31388FFF7E7FF23464B
:101D30004FF0FF300C4A03F120010133102B42F821
:101D40002100F8D100234FF0FF30074A03F1600172
:101D50000133102B42F82100F8D162B6BFF34F8F48
:101D6000BFF36F8F10BD00BF00E100E0084B9B6820
:101D700083420BD1EFF3058343B1064B5A6842F01F
:101D800080525A605A6A22F400425A6208F01ABC21
:101D9000E443012000ED00E023498A6882F801E174
:101DA0004FF030001044EFF3098C80E8F01F1EF074
:101DB000100F03D102F1C00080EC108A202080F3C4
:101DC0001288BFF36F8F194F4FF000668A698A60DF
:101DD0003E6092F901E1D2F8B8000023C2F8B830B1
:101DE00080F311881EF0100F03D00023E1EE103AAB
:101DF00003E002F1C00090EC108AEFF3148323F0AB
:101E0000040383F31488BFF36F8F02F1300090E86E
:101E1000F01F8CF3098802F1000004B50FF0F4FB09
:101E2000BDE8044070470000E443012004ED00E0F9
:101E30001EF0040F0CBFEFF30880EFF309808169F7
:101E400011F8021C0229FFD001B5EFF3098106B495
:101E50002DE9F00F694672460FF09EFB0AB001BDF6
:101E600040B2002807DB01234109034A00F01F00AC
:101E7000834042F82130704700E100E040B2002882
:101E80000CDB01220649430900F01F008240203389
:101E900041F82320BFF34F8FBFF36F8F704700BF10
:101EA00000E100E0054B420953F82220012300F035
:101EB0001F0003FA00F01040704700BF00E100E08F
:101EC00038B54B1C072B04460D460FD96B23104A1F
:101ED000104911480DF085FD294610480723224678
:101EE0000DF07FFD6B210A480DF072FD40B2002815
:101EF000ACBF00F160400A4A4FEA4313DBB2ABBF0C
:101F000000F5614000F00F0080F80033135438BD35
:101F10003BAE040072AE0400CE4E03008DAE040052
:101F200014ED00E0044B054A23F07F039360BFF3F8
:101F30004F8FBFF36F8F70470080000000ED00E00F
:101F400008B5FFF7EFFF104BD3F8882022F470029A
:101F5000C3F88820D3F8882042F4A002C3F8882070
:101F60004FF04042C3F83422BFF34F8FBFF36F8F5F
:101F70000023E1EE103AFFF70DFAFFF717FA00F031
:101F800077F805F02FFD00BF00ED00E04FF43C4175
:101F9000C0F8001142F8203C009B0B4942F81C3C61
:101FA000019B21F0010142F8183C029B42F8081CF9
:101FB00042F8143C4FF0807342F8043C0023203A6E
:101FC0000265C0F8B83070476DB10100104B9B68D6
:101FD00083421AD1EFF30580B8B9EFF311812022C3
:101FE00082F31288BFF36F8F1A7B22F002021A73FA
:101FF000EFF3148323F0040383F31488BFF36F8F8C
:1020000081F31188BFF36F8F70476FF01500704731
:10201000E44301200E461546002300B5E1EE103AD8
:10202000EFF3148323F0040383F31488BFF36F8F5B
:10203000BFF36F8F0A4B9860D0F8A83083F30B88FA
:102040002C4686F309880020034B98472046002140
:1020500000220023014C2047171603006DB1010038
:10206000E44301201022014B1A61704700ED00E0AB
:10207000002320210348C2180133412B82F80013AA
:10208000F9D1704700E100E008B5EFF30583064A97
:10209000103B02EBC30152F8330049688847BDE8A2
:1020A0000840FFF7A9BA00BF903503001FB5094CDF
:1020B000094A23460121094800F01CF90023039333
:1020C000074B0121E41A01A80193029400F036F9AC
:1020D00004B010BD0000042040DB0020504A030083
:1020E000F0EB002010B50C7A0B6804F01F0223F00F
:1020F0001F031A43CB68640923F01F03054943EA11
:10210000440343F00103C1F89800C1F89C20C1F8D2
:10211000A03010BD00ED00E010B50C4B0446D3F824
:102120009030C3F30723013B98420BD9084803685A
:102130005B0704D001212346064A0EF075F96FF0C3
:10214000150010BDFFF7CEFFFBE700BF00ED00E07C
:1021500060E80020D1AE04002DE9F04F8946144616
:1021600006464FF00008544D85B0C8452EDAD6F823
:1021700004A0BAF1000F4BD0BAF11F0F1BD91AF00F
:102180001F0F18D1D6F800B01BF01F0F13D15846FF
:102190000FF064FA07460AEB0B0001380FF05EFA05
:1021A000874217D06FF01507444803685B070BD0D0
:1021B000434A3B4605E0414803685A0704D043467A
:1021C000404A01210EF030F96FF01504204605B0A9
:1021D000BDE8F08F17F1160FE6D0BC42E4DDC5F87C
:1021E0009870D5F89C10C5F89870D5F8A03021F0FB
:1021F0001F0143F01F0BD6E900321A44994202F145
:10220000FF3A1DD1D34507D13146F8B20FF02FFA6E
:1022100008F101080C36A8E73146C5F89870D5F8E2
:102220009C3022F01F0203F01F031343C5F89C30BB
:10223000E0B20FF01CFA10F1160FC5D0441CE7E70E
:10224000C5F89870D5F8A020013B23F01F0302F0D9
:102250001F021343D3453146E0B2C5F8A030E8D0A1
:102260000FF005FA10F1160FAED0C5F89870D5F83A
:102270009C209DF808300BF1FF3B62F304038DF8BE
:102280000830D5F8A0309DF808205B0863F34712AA
:102290008DF80820D6E900321344009323F01F0381
:1022A0005B44A3EB0A03013023F01F036946C0B26D
:1022B0000393FFF731FFBEE700ED00E060E8002088
:1022C0001AAF0400F7AE04000522044BC3F89420B3
:1022D000BFF34F8FBFF36F8F704700BF00ED00E07B
:1022E000BFF35F8F0022024BC3F89420704700BFFA
:1022F00000ED00E038B50C4D0C462A78FFF72CFFB6
:10230000287016300FD14FF4C473084A08490948A1
:102310000DF067FB214608480DF063FB4FF4C471D4
:1023200002480DF055FB38BD064C01203DAF0400BE
:1023300028C80400CE4E03006CAF04002DE9F74F0F
:10234000314E894605464FF00008B3462F4FC84529
:1023500002DB03B0BDE8F08FD5F804A0BAF1000F9E
:102360004CD02968084601910FF078F9019904468C
:102370000AEB010001380FF071F984424FF01402AA
:10238000234B15D002FB08F36FF015024BF8032026
:102390004FF4CC731F4A204920480DF022FB4946D8
:1023A0001F480DF01EFB4FF4CC711A480DF010FBC6
:1023B00014F1160F3460EBD01978A142E8DD02FB6E
:1023C00008B0C7F89840C7F89840D7F89C4000F18B
:1023D0000801007B64F304000871D7F8A0000C79B1
:1023E000400860F347140C71D7F89C1021F01F01CE
:1023F0007160D7F8A01021F01F01316108F10108C8
:1024000014360C35A3E700BFAC40012000ED00E01E
:10241000064C01203DAF040028C80400CE4E030046
:1024200098AF04002DE9F041694C6A4ED4F8903021
:102430003568C3F307239D4286B013D940F20123C8
:10244000654A664966480DF0CCFAD4F890202946D2
:102450006448C2F307220DF0C4FA40F201215E483D
:102460000DF0B6FA0020FFF73BFF5F4BC4F8C03019
:1024700085421BD15D4C01A82570FBF749FC002566
:1024800006464FF002085A4FAE4216D1002023787C
:102490004F49D1F89020C2F307229342C0F29280B4
:1024A0000020FFF711FF06B0BDE8F081716801EB75
:1024B0000011FFF717FE0130DAE7019A290102EB5C
:1024C0000513D3F80CC00CEA0700B0F5800F47D015
:1024D00007D8B0F5801F17D0B0F5001F23D0013505
:1024E000D2E7B0F1006F5CD0B0F1805FF7D15868EF
:1024F0009B685258013B20F01F010B44CDE90202BA
:1025000023F01F0301220BE0586852589B68CDE965
:1025100002022122013B20F01F010B4423F01F0384
:102520008DF8102029E0586852589B68CDE90202C6
:102530004122013B20F01F010B4423F01F031CF03C
:10254000010F8DF81020059318D02A498323224AC1
:1025500023480DF046FA28480DF043FA83217EE720
:10256000586852589B6820F01F01013BCDE90202D8
:102570000B4423F01F038DF810800593207802A9E7
:10258000FFF7CAFD002819DA144940F22B23124A3A
:1025900013480DF026FA19480DF023FA40F22B21CA
:1025A0005DE758689B685258013B20F01F010B44BF
:1025B000CDE9020223F01F036122B1E72378013342
:1025C00023708CE7C1F89830C1F8A000013360E7B0
:1025D00000ED00E05C4A03003DAF040028C80400A1
:1025E000CE4E0300C7AF0400AAFF4400064C0120F2
:1025F0000000F0FFFBAF040021B0040050B0040065
:1026000008B50B4BC3F1005303F58023B3F5006FFE
:102610000CD208499223084A08480DF0E2F908480C
:102620000DF0DFF9922104480DF0D2F9002008BD29
:1026300038FB0220B9B0040089B00400CE4E03007C
:1026400001B10400014B1860704700BF18E500207D
:10265000F8B506460D460024064FAC4208DA3B6842
:1026600098470A28305504F1010401D00D28F4D10F
:102670002046F8BD14E50020F8B50D46094F461E6A
:10268000C0F10104A3199D4201DC2846F8BD73780E
:102690000A2B02D10D203B6898473B6816F8010FC2
:1026A0009847EFE718E5002010B5074C2368C218DB
:1026B0000648C0F1005101F580218A4236BF2260F0
:1026C0004FF0FF30C01810BDC040012038FB022081
:1026D00010B5044658B9114940F29713104A1148F1
:1026E0000DF07FF940F297110D480DF071F91420AB
:1026F00009F05EF9206060B90B4940F29F13084A67
:1027000008480DF06EF909480DF06BF940F29F1181
:10271000EAE7BDE810400FF034BD00BF89B1040006
:1027200089B00400CE4E030088B10400C4B1040097
:1027300010B558B909490A4840F2C713094A0DF0C3
:1027400050F940F2C71107480DF042F94FF0FF323F
:10275000BDE810404FF0FF3305F000BD89B1040023
:10276000CE4E030089B0040008B558B9074908489F
:1027700040F2E313074A0DF034F940F2E311054843
:102780000DF026F9BDE8084005F0B8BD89B1040098
:10279000CE4E030089B0040008B505480DF0B0F82E
:1027A000002383F31188BFF36F8F0423184602DFE1
:1027B000E7B104000268064B1A604268054B1A60D4
:1027C0008268054B1A600269044B1A60704700BFAB
:1027D000CC400120C8400120C4400120D04001204D
:1027E0000122024B0020C3F84025704700900340AF
:1027F00048B1054B054A1B68B3FBF2F35843044B41
:1028000043F0010318477047C0E5002040420F0025
:102810002041030008B54FF6FF723F230348C0E98B
:10282000002302F0FDF9002008BD00BFD4400120C4
:1028300070B50C4B1968D868D3E901524A4080EA58
:10284000050485EA02065E6082EA452281EA040602
:102850004FEA745408441E609A60DC6001EB7060BB
:1028600070BD00BFDC40012008B504480FF05CFCDF
:1028700000280CBF6FF01200002008BD30350300A7
:102880002DE9F341DFF8B480044698F800308F0852
:1028900001F00305C3B9204883681B6863B91F4969
:1028A0005D231F4A1F480DF09CF81F480DF099F852
:1028B0005D211B480DF08CF81C4E102231469847C4
:1028C00090B9012388F8003004EB8707A7421ED196
:1028D0003DB1FFF7ADFF2A46019001A938460FF040
:1028E0003DFE02B0BDE8F0810FF095F930600FF0C9
:1028F00092F90F4B434073600FF08DF90D4B43403D
:10290000B3600FF088F90C4B4340F360DCE7FFF74E
:102910008FFF44F8040BD9E73035030028B20400D8
:10292000F4B10400CE4E030048B20400DC400120A4
:10293000B0C2649BD4D2D38678E20AA0074C0120AF
:1029400010B5094C0A44914200D110BD11F8013B69
:1029500058400309E35C0001C0B243401809205C01
:102960001B01DBB25840EEE76EB2040037B54023DE
:102970000C460A490093411A491105462346084A64
:1029800008480EF0C5FE011E05DA2846234603B0AE
:10299000BDE83040184703B030BD00BF0041012002
:1029A00079170300F0340300C9B2012908B509D929
:1029B000084909487E23094A0DF013F87E2107488B
:1029C0000DF006F80C22036901FB0233986C00F04D
:1029D000070008BDBBB20400CE4E03007EB2040067
:1029E00070B5C9B2012903690BD9184918484FF4C9
:1029F000E873184A0CF0F5FF4FF4E87115480CF035
:102A0000E7FFEFF31185202484F31288BFF36F8F63
:102A10000C2606FB0134A46C14F0C00408D0A242BA
:102A200006D085F31188BFF36F8F4FF0FF3070BD74
:102A3000012271430B449A6485F31188BFF36F8FB1
:102A400043680B445B6898470020F0E7BBB2040082
:102A5000CE4E03007EB2040070B50D460649044612
:102A6000411A491140220548FFF7BAFF2B4601469B
:102A70002046BDE87040184700410120F0340300B3
:102A8000F8B50022012105460520FFF719FA104884
:102A900002F000F90446B8B902F01CF92F690D499B
:102AA00038460DF063F9031E09DB0126BE642D696B
:102AB000084905F120000DF059F9031E02DA1C4601
:102AC0002046F8BD6E65FBE76FF00404F8E700BF31
:102AD0008D2B0200844A03001FB500220123CDE99B
:102AE00002236B46084ACDF800D0CDF804D00EF092
:102AF0003CFE002805DB4FF480420023684605F0C9
:102B0000B5FE05B05DF804FB8517030010B5EFF3C3
:102B10001184202383F31288BFF36F8F074A136851
:102B200023F00201DB07116002D4012002F024F936
:102B300084F31188BFF36F8F10BD00BF584101208F
:102B40000C22104B014602FB0033002030B4D3E9C5
:102B500010521864EFF31180202484F31288BFF31D
:102B60006F8F9C6C04F0C00444F002049C6480F3FA
:102B70001188BFF36F8F1DB12B4630BC0248184738
:102B800030BC704700410120F034030008B568B143
:102B900001280FD00A490B484FF441730A4A0CF040
:102BA00020FF4FF4417108480CF012FF074B9B6C5B
:102BB0005B0703D1BDE80840FFF7C2BF08BD00BFF7
:102BC00028C80400CE4E03007EB20400004101205C
:102BD00010B4EFF31182202383F31288BFF36F8FB9
:102BE0001848016841F002040460C80708D482F361
:102BF0001188BFF36F8F01205DF8044B02F08CB891
:102C00001149D1F80C04D1F80C14C907EFD5EFF332
:102C1000118083F31288BFF36F8F0C498B6C03F024
:102C2000C00343F002038B6480F31188BFF36F8FFE
:102C300082F31188BFF36F8F00205DF8044BFFF71C
:102C40007FBF00BF584101200050004000410120DB
:102C50002DE9F041012206464149D1E8EF3FC1E8A4
:102C6000E02F0028F9D1A3B93E493F484B60CB6023
:102C70008A60F9F751FC00280BDA3C4940F2A323A3
:102C80003B4A3C480CF0ADFE40F2A32138480CF022
:102C90009FFE5EB3731E012B57D8012E06D1364B13
:102CA000D3F81C3403F00303022B1FD00FF0F8FA03
:102CB0000546E8B9314B1B78D3B1022207462E4BAB
:102CC000C3F808232C4CDFF8BC80D4F81824D4F8BF
:102CD0001834D20315D503F00303022B01D0012EC3
:102CE0000FD16DB387F31188BFF36F8FBDE8F0810B
:102CF000EFF31187202383F31288BFF36F8F012531
:102D0000E0E7C5B138460EF09AFCD4F81835DBB2CE
:102D1000012BDAD1D4F80421002AD6D00022C4F83D
:102D20000421D4F804210222C4F818252022C8F86E
:102D30008021A360C9E70021212007F0ABFBE4E775
:102D400002220D4BC3F80423D0E70D4940F2B5230E
:102D5000074A08480CF045FE40F2B52196E700BF4F
:102D6000FC400120EC40012020410120269004007D
:102D70007EB20400CE4E030000500040C05A012035
:102D800028C8040000E100E008B507480FF0CCF9BE
:102D900038B10648FFF756FC0448F8F7BDF90020A3
:102DA00008BD6FF01200FBE750350300B12D0200A3
:102DB0000A2838B50446074D04D1AB680D212846D2
:102DC0005B689847AB6803485B68E1B29847204668
:102DD00038BD00BF50350300024B0B600123136068
:102DE000704700BF5C41012000487047CC4A030097
:102DF00007B5034606480268520704D0054A009109
:102E000001210DF01BFB6FF0150003B05DF804FB12
:102E10004CE800201AB3040010B501220648114600
:102E20000FF0CDF90FF0B7F8044C20600FF0B0F8B8
:102E30006060002010BD00BF644101205C410120A2
:102E4000F7B50E4614460FF0A3F821460546304666
:102E50000EF020FD80B3B6FBF5F305FB1363374698
:102E600023B9B4FBF5F305FB134363B116480368BC
:102E70005A0705D03346154A009401210DF0DEFAB9
:102E80006FF0150002E0A54202D9002003B0F0BDAA
:102E90004FF0FF324FF0FF330D4805F0E7FC0FF025
:102EA00077F80546384602F08FFE641B2F44F9D1AF
:102EB000074805F05DFCE8E7034803685B07DFD0DF
:102EC000044A33460094D8E74CE8002037B30400A6
:102ED000644101201AB30400F7B50E461946304686
:102EE00017461D460EF0D6FC68B91C480368590702
:102EF00005D033461A4A009501210DF09FFA6FF074
:102F0000150003B0F0BD45EA060414F0030407D031
:102F1000124803685A07F2D0124A33460095EBE78D
:102F20009DB14FF0FF324FF0FF330F4805F09EFC8C
:102F30002B19032BA6EB040009D80C4AD2F8003455
:102F4000DB07FBD5084805F013FC0020D9E73B1B45
:102F5000196802F065FE043CEAE700BF4CE8002077
:102F60001AB3040056B304006441012000900340EA
:102F700010B5036961B920494F23204A20480CF05D
:102F800030FD20480CF02DFD4F211C480CF020FD99
:102F9000486850B91C495023184A19480CF021FDC3
:102FA0001A480CF01EFD5021EFE75868F8B188422E
:102FB00019D19C680868A142586000D1986000202F
:102FC00008602AB15A680A609A68596002B9996023
:102FD000002010E0814206D1086820609868814294
:102FE000EDD19C60EBE7044600680028F2D1002A8E
:102FF000E8D16FF0150010BDE2B30400A6B30400E1
:10300000CE4E0300EBB30400FAB304000CB404008A
:1030100008B50268530904D14FF0FF33D340DB07F2
:103020000BD4074907484FF47473074A0CF0D9FCD6
:103030004FF4747104480CF0CBFC044808BD00BF89
:1030400056B40400CE4E030023B40400002584408F
:1030500070B5446801F01F05207C86B045EA401534
:10306000A06800286DD0B2F5001F04D1294602F0F7
:10307000A7FB002049E00026B2F5800F01A80196C9
:10308000466031D1B3F1007F14BF052304238DF8CE
:1030900004300023CDE904030393E368CB40D90750
:1030A00035D4B2F1A07F32D168460095FFF7B0FF6A
:1030B00005F1800350F82330DB0728D46A462946FF
:1030C000A06802F00DFA163019D0CDF808D02946C4
:1030D000A06803AA02F0BAF8002816DB01222946EC
:1030E000A06802F0EFFAC4E7B3F1C06F05D0B3F106
:1030F000007F14BF01230223C9E70323C7E7694602
:10310000A06802F0BBFA0028DFDA06B070BD6A469C
:103110002946A06802F0E4F90028D8D19DF80010F3
:10312000A06802F08BFA0028D1D00749074840F286
:10313000F113074A0CF055FC40F2F11104480CF071
:1031400047FC6FF08500E0E7C38A0400CE4E030021
:1031500079B40400430970B507D1124B596821B105
:1031600001250C68104E854001B970BD8A682A405F
:1031700010D04B6863B90D4974230D4A0D480CF00B
:1031800030FC0D480CF02DFC742109480CF020FC9B
:10319000304698471CB1236821461C46E4E7234685
:1031A000FAE700BF7441012010350300A5B4040004
:1031B000A6B30400CE4E03000CB404002DE9F04386
:1031C000476840F206363B7CD00601F01F0545EA11
:1031D000431548BF032302EA060658BFC2F3401353
:1031E00087B0B6F5837F14468DF8033043D00DD8F1
:1031F000062E16D005D8A6B1022E3ED06FF01500CF
:1032000036E0B6F5807FF9D101260AE040F20222CD
:10321000964234D0B6F5407F33D0B6F5007FEDD17D
:1032200002260123220303FA01F12CD57B68996061
:10323000B86868BB03A80395FFF7EAFE84F48033FF
:1032400000EB8500C3F30043C4F34044D0F80022F0
:1032500044EA43049DF8033022F4E16244EA830423
:1032600022F0070244EA06231343C0F8003200208C
:1032700007B0BDE8F0830726D3E70426D1E705268B
:10328000CFE70326CDE7630344BF7B68D960CFE770
:1032900029460DF1020202F023F914F4403F804662
:1032A00017D12946B86802F0B1F9B8F1000FDED1A4
:1032B0009DF80210B86802F0C1F90028D7D01E4965
:1032C0001E48FC231E4A0CF08CFBFC211C480CF011
:1032D0007FFB4FF0000901ABCDE90199CDE904393D
:1032E000CDF80C902946B86803AA01F0AFFF484515
:1032F000BDDB14F4003314D09DF8033084F4803423
:10330000C4F300448DF80E308DF80C608DF80D403C
:103310004B462946B86803AA02F04AF80028C4DAE6
:10332000A5E7CDE904330DF1030303932946B868FB
:1033300003AA01F08BFFF1E7C38A0400CE4E03001D
:1033400079B4040038B54568A86890B102F044F932
:10335000014670B9A86802F0F5F8044658B902466B
:103360000649A86802F0A4F8224605213120FEF79C
:10337000A7FD002038BD6FF00400FBE755310200C7
:1033800008B50268530904D14FF0FF33D340DB077F
:103390000BD4074907484FF47473074A0CF021FB1C
:1033A0004FF4747104480CF013FB044808BD00BFCF
:1033B00056B40400CE4E030023B40400002584401C
:1033C0002DE9F04F1546824640F2FF19DFF84CB167
:1033D00085B000EB8108D04503D1002005B0BDE8E1
:1033E000F08FDAF800305A04C3F3C321C3F30804A2
:1033F00000F18C80484A1B0E4C4508BF4FF0FF344B
:10340000575C192B00F28580DFE803F00D141A1DBC
:1034100020261D8383838334608383838383838314
:10342000838363777A7DC5F80C45631C5BD10AF111
:10343000040AD0E7C5F81445661CF8D000265AE007
:10344000C5F80845F1E7C5F81045F5E7601CC5F873
:103450000845ECD0002604E0611CC5F80C45E6D018
:10346000012603A80394FFF78BFF012101FA04F35F
:10347000C36008E0C5F80845002FDDD1631CD6D035
:10348000002606273146DAF80030039403F40040A2
:10349000002818BF002103A818BF0126019300913E
:1034A000FFF76EFF019B00EB8400D0F80042C3F3EE
:1034B000412C00993B0243EA8C030B4304EA0B04C2
:1034C000234343EA4603C0F80032B0E7C5F80C4591
:1034D000D2E7C5F86045621CDAF80030A7D0C3F324
:1034E0000043002BBCD0012603A80394FFF748FF3C
:1034F00006FA04F383603146C5E7C5F86445EAE798
:10350000C5F86845E7E7C5F86C45E4E76FF01500D6
:1035100064E76FF0850061E7C3B40400F0F8FCFFD6
:103520002DE9F04104460D4647680EF0B9FE88B11A
:103530004FF02008EFF31186314688F31288BFF36D
:103540006F8F60680EF0BDFA50BB86F31188BFF331
:103550006F8FEFE71F4B1B78002BE9D04FF020084F
:10356000642660680EF0ADFA70B901200EF0C3FB5E
:10357000013EF6D10021212006F08CFFF0E786F312
:103580001188BFF36F8FF5E7EFF31186314688F3AB
:103590001288BFF36F8F60680EF093FA0028EED0A8
:1035A000BB6900201D706368BA691B68C3F84425B5
:1035B0000122C3F84825C3F82001D3F82041C3F8FD
:1035C0005801D3F858019A6081F31188BFF36F8FC7
:1035D000BDE8F081C05A01202DE9F84305460022DC
:1035E00001210820FEF76CFC0820FEF739FC6C680E
:1035F0000121E0680EF0BBFA6B681A682369C2F813
:103600002435617D237D0B43A17D0B43C2F86C35CE
:103610006F68D7E9004313F0010348D04FF000086A
:10362000D5F8109004F10C01C4F8A08109F10C0246
:10363000C4F88C8004F590700EF092FB061E0ADA36
:10364000284803685B0703D00121274A0CF0E3FEFA
:103650003046BDE8F88399F80C0001F007FB082319
:10366000C4F80035BB69C4F844350123C4F8488563
:10367000A360D4F85831002BFBD00021C4F800150A
:103680006D68E8682C680EF072FA0823C4F80035FB
:103690002A7A52B9EB69C4F834350123C4F83835B5
:1036A000C4F81021D4F8102123600026D0E70822A6
:1036B000C4F80025BA69C4F84425C4F84835012384
:1036C000A360D4F82031002BFBD00023C4F82031B4
:1036D000D4F820310123E3604FF48073C4F804333D
:1036E000C7E700BF80E80020CBB4040070B40E49E7
:1036F00022F07F46D1E90034D01AC31844F1000407
:10370000C1E90034A6F50013B3F5400F09D2074B09
:103710001B681A0A1B069C19054B42F10005C3E9F8
:10372000004570BC07F09CBCE82B012088410120BB
:10373000F02B01200D4B1868010A0006BFF35F8FC4
:103740000B4BD3F80435181841F10001B3F5801F75
:103750000AD2084BD3E90023904271EB030303D252
:1037600010F1807041F10001704700BF88410120D5
:1037700000500140F02B01202DE9F7432E4BD3F8E8
:10378000042390070BD5D3F8042142B10022C3F8DB
:1037900004212A4AD3F80431136801331360264AFE
:1037A000D2F80433D90326D5254BD3E8EF1F21F0F7
:1037B0000100C3E8E40F002CF7D1CB0702D4D2F804
:1037C0004031C3B100251C4CC4F84051D4F84031FD
:1037D000FFF7B0FFEFF31182202383F31288BFF3CA
:1037E0006F8F184BD3E90267B042B94106D282F31A
:1037F0001188BFF36F8F03B0BDE8F0834FF0FF383F
:10380000D3E900104FF0FF391D60C3E902894FF47E
:103810008033C4F84833C4F84051D4F8403182F3BF
:103820001188BFF36F8F0029E5D0009032463B46E8
:1038300028468847DFE700BF00500140884101204B
:1038400080410120D82B01202DE9F84F04460D4678
:10385000434FD7E8EF8F28F00103C7E8E23F002A83
:10386000F7D14FF480393F4EC6F80893BFF35F8F0E
:10387000BFF36F8FFFF75EFFA04271EB050308F007
:10388000010840D2384B201A65EB0101984271F1D2
:10389000000148D2354BD3E902239D4208BF944230
:1038A0003AD04FF0000C24F07F40834603216FF0A4
:1038B000020EC6F84893C6F840C1D6F84031DFF88A
:1038C000BCA02BF07F43C6F84035C6F84493D6F829
:1038D0000425AEEB02035B4423F07F4353451BD921
:1038E000D6F840315BB1D6F80425131A23F07F4394
:1038F000B3F5000F10D9C6F840C1D6F8403101EB3E
:10390000020B0131DDE71A4BD3E8EF1F41F0010153
:10391000C3E8E21F002AF7D1144B164AC3E9024557
:103920001A6000225A60B8F1000F16D0D7E8EF3FB6
:1039300043F00103C7E8E23F002AF7D14FF4803299
:10394000084BC3F804230A4BD3E8AF3FDB0742BF61
:103950004FF40012084BC3F80021BDE8F88F00BFF8
:10396000844101200050014001008000D82B01203B
:1039700080410120ED36020000E100E0FDFF7F0004
:1039800070B54FF0FF3000254FF0FF31164C174B4C
:103990000226C4F80833C4F84833154BC4F8085558
:1039A000C3E902014FF480334FF40012C4F804332A
:1039B000104B0121C4F804631520C3F880212A4666
:1039C000FEF77EFA1520FEF74BFA01230A4AA360A0
:1039D0000021236009481360FFF736FF3046FFF7E8
:1039E00037F9284670BD00BF0050014003000F00AA
:1039F000D82B012000E100E084410120FFFF7F007F
:103A0000431C10B50F4C05D08442A8BF0446012CBE
:103A1000B8BF0124FFF78EFE0B4AD2E90031C01A6D
:103A2000B0F5000F074A0AD22044904228BF104642
:103A3000BDE81040C01841F10001FFF705BF104676
:103A4000F6E700BFFFFF7F00E82B012008B5FFF776
:103A500071FE024B1B68C01A08BD00BFE82B012095
:103A600070B505460C4C0D4EB44212D90C49A22338
:103A70000C4A0D480BF0B5FF0C480BF0B2FFA22129
:103A800008480BF0A5FFD4E90031284698470834D0
:103A9000EAE7F8D370BD00BFFCD60400FCD60400F2
:103AA0003CB504000AB50400CE4E03000E8E04009F
:103AB00070B5002201212A20FEF702FA134802F015
:103AC0000DF9044640B1124803685B0704D0012198
:103AD0002346104A0CF0A8FC0F4D104EB54212D9E7
:103AE0000F49C8230F4A10480BF07BFF0F480BF01B
:103AF00078FFC8210B480BF06BFFD5E90031204659
:103B000098470835EAE7F8D3204670BD444B0300D8
:103B100064E8002060B50400FCD6040014D704005B
:103B20008CB504000AB50400CE4E03000E8E0400CE
:103B3000F0B50F4B01461A680E4B0B2500261846B0
:103B40001F46B84201D3013D04D11846013A19601D
:103B50005A60F0BD04688C42FBD03CB14468141B31
:103B6000A642BCBF034626460830EAE70346ECE718
:103B7000304201203C42012008B50B4B1B7873B941
:103B80000A4940F246330A4A0A480BF02AFF0A481B
:103B90000BF027FF40F2463105480BF019FFBDE856
:103BA000084006F009BD00BFC05A01200A8A04007F
:103BB000DF890400CE4E03001D8A04000020054B5F
:103BC000C3E90000044BD3E8EF2FC3E8E10F00295D
:103BD000F9D1704734420120304201202DE9F04FE5
:103BE00087B005460E460EF0DBF920B96FF06D0088
:103BF00007B0BDE8F08F0EF0DEFB33680446002B03
:103C00000F4604D106F02CFB6FF00A00F0E7BCBFB2
:103C10004FF0FF3333600122002101A80EF0CFFAEC
:103C2000E8460595EFF3118B202383F31288BFF349
:103C30006F8FFFF7A1FF8146FFF77AFFDFF818A12A
:103C40004268DAF800309A426BD10023414D00936C
:103C50006B68002B6CD1C5E900888BF31188BFF32A
:103C60006F8F33685A1C68D04FF4004E40F2E73033
:103C7000002123EAE37C4FF47A720023CCFB0E018F
:103C8000E4F7B6FF02460B4601A804F0EFFDEFF3A0
:103C9000118B202383F31288BFF36F8F00222B68D0
:103CA0005BB1434553D10099002A4AD16A68296023
:103CB0009A4200D16960002300934846FFF738FF1D
:103CC000DAF8003043608BF31188BFF36F8F0EF08A
:103CD00067F900288AD035686B1C27D00EF06BFB83
:103CE0004FF47A7EA0FB0E320EFB0121A4FB0E42A4
:103CF0000EFB0722DB0BE40B43EA414344EA424458
:103D00001B1B4FEAD1314FEAE57C61EBD231ED1A52
:103D10006CEB010CBCF1000FB8BF002535602DB96C
:103D200072E743608BF31188BFF36F8F00205FE76A
:103D3000C3F80080C5F804808FE74FF0FF321346C8
:103D4000A2E711606968994208BF6A60B3E71A4642
:103D50001B68A5E7344201203042012070B5046899
:103D6000124B2CB19C4203D303F19005AC4217D304
:103D70000F4D2C78082C0ED90E4940F207130E4A2D
:103D80000E480BF02EFE0E480BF02BFE40F20711F2
:103D900009480BF01DFE661C03EB04132E70036034
:103DA0000068BDE870400EF00ABA00BFA0410120D3
:103DB0002B4C012016B60400B1B50400CE4E030012
:103DC0001FB6040008B528B10C4A904202D39032C5
:103DD00090420ED30A494FF48B730A4A0A480BF0FB
:103DE00000FE0A480BF0FDFD4FF48B7105480BF007
:103DF000EFFDBDE8084004F0BBBC00BFA0410120BE
:103E000045B60400B1B50400CE4E0300C7B70400A8
:103E100070B5054628B1194B984202D390339842A9
:103E20000ED317494FF49073164A17480BF0D9FD7B
:103E300016480BF0D6FD4FF4907112480BF0C8FDF8
:103E40004B1C17D021EAE1744FF4004640F2E730F2
:103E500000214FF47A720023C4FB0601E4F7C8FE88
:103E600002460B46284604F001FD002818BF6FF0FB
:103E70000A0070BD4FF0FF321346F3E7A041012066
:103E800045B60400B1B50400CE4E0300C7B7040028
:103E900008B50268104B2AB19A4203D303F114010A
:103EA0008A4214D30D4A117871B10D494FF49D73B4
:103EB0000C4A0D480BF095FD0C480BF092FD4FF4A9
:103EC0009D7108480BF084FD0121036011700068AA
:103ED000BDE808400EF055B98C4101202A4C012064
:103EE000E1B70400B1B50400CE4E0300EAB7040008
:103EF00008B528B10C4A904202D3143290420ED336
:103F00000A4940F249130A4A0A480BF06AFD0A4876
:103F10000BF067FD40F2491105480BF059FDBDE873
:103F2000084004F0EBB900BF8C4101200DB804003B
:103F3000B1B50400CE4E0300ADB9040070B505461E
:103F400028B1194B984202D3143398420ED3174923
:103F500040F25313164A17480BF043FD16480BF076
:103F600040FD40F2531112480BF032FD4B1C17D0AC
:103F700021EAE1744FF4004640F2E73000214FF4AB
:103F80007A720023C4FB0601E4F732FE02460B46B8
:103F9000284604F0E3F8002818BF6FF00A0070BD4F
:103FA0004FF0FF321346F3E78C4101200DB80400B7
:103FB000B1B50400CE4E0300ADB9040038B50546D6
:103FC0000A4BD3E8EF1F0131C3E8E21F002AF8D102
:103FD000074B1C6804B938BD6369AB4201D005B119
:103FE00013B9201D04F0C4FB2468F3E7304201201C
:103FF00034420120014600220023014803F03EBE66
:10400000A44201200146014803F046BEA44201201B
:1040100008B54FF48062064906480EF098F8BDE8EE
:1040200008404FF47052044904480EF090B800BFA5
:104030002C4C01208C42012028870020A442012022
:1040400010B5044B1C6804B910BD201D04F090FB92
:104050002468F8E73442012070B505460C4C0D4E3B
:10406000B44212D90C4913230C4A0D480BF0B9FC89
:104070000C480BF0B6FC132108480BF0A9FCD4E95E
:104080000031284698470834EAE7F8D370BD00BFEE
:10409000FCD60400FCD60400FCB90400CDB9040031
:1040A000CE4E03000E8E0400014802F029BA00BF74
:1040B00059400200034638B105480268520705D04E
:1040C0000121044A0CF0B0B9FFF7EEBF704700BF02
:1040D00064E8002024BA04002DE9F04112F0FC6FDE
:1040E0001346D0E9014706690ED042494FF47D736B
:1040F000414A42480BF075FC41480BF072FC4FF40A
:104100007D713D480BF064FC02F03002302A0CD186
:104110003C4940F2F733384A38480BF062FC3A48E1
:104120000BF05FFC40F2F731EBE7384A384D1A40AC
:10413000AA420CD1374940F2FB332F4A2F480BF0EB
:1041400050FC35480BF04DFC40F2FB31D9E703F051
:104150000602042A09D1314940F2FE33264A274893
:104160000BF03FFC40F2FE31CBE713F4402216D0B7
:104170009D030CD42A4940F201431F4A1F480BF00B
:1041800030FC28480BF02DFC40F20141B9E7B2F5B4
:10419000402F18D0244A9A4301D183F440230125AB
:1041A00024688D40254223F4801219D11F4940F222
:1041B0001143114A11480BF014FC1D480BF011FC7F
:1041C00040F211419DE71B4940F205430A4A0B4862
:1041D0000BF007FC18480BF004FC40F2054190E797
:1041E0003468DB074CBF2C43AC4334603B68BDE80C
:1041F000F04118477ABA040049BA0400CE4E0300D1
:10420000E9BA04000DBB040046BB04000200030031
:104210000200010083BB0400D0BB04001FBC0400EB
:1042200052BC0400A1BC04000100100055BD0400F4
:1042300093BD0400DCBC040029BD0400012310B5BB
:1042400003FA01F1436804691B6819420ED10E4953
:1042500040F2A2630D4A0E480BF0C3FB0D480BF071
:10426000C0FB40F2A26109480BF0B2FB236819427F
:1042700003D022B183681B6903E0002AFAD0836867
:10428000DB68BDE81040184755BD040049BA04007A
:10429000CE4E030093BD040008B5054803685B07D4
:1042A00002D004490DF0BFFC6FF0150008BD00BF3F
:1042B00044E80020A5BD04002DE9F04107468846EA
:1042C0000025114E27FA05F212F0010213D128FA47
:1042D00005F3D90711D531793068FFF7AFFF0446F0
:1042E00058B10A4803685B0702D009490DF09BFCEE
:1042F0002046BDE8F0810122EDE70135042D06F1ED
:104300000806DFD10024F3E7704B030044E80020E7
:10431000C0BD040070B500260E4CE28820682179EB
:1043200042F40032FFF7D8FE054640B10A48036860
:104330005B0702D009490DF076FC284670BD0136B6
:10434000042E04F10804E8D1BDE870400F21FFF706
:10435000B3BF00BF704B030044E80020D6BD04008B
:1043600003280A4610B503D9BDE81040FFF794BFF3
:10437000094B03EBC001097953F83000FFF75EFFEA
:10438000044630B1054803685B0702D004490DF0CC
:104390004AFC204610BD00BF704B030044E80020DB
:1043A000C0BD040008B5074802F0A4F8034638B1C0
:1043B00005480268520703D00121044A0CF034F882
:1043C000002008BDE144020038E8002004BE0400DB
:1043D0002DE9F84304460026334DDFF8009100AF85
:1043E0004D4521D931493923314A32480BF0F9FA88
:1043F00031480BF0F6FA39212D480BF0E9FA95F81F
:10440000088018F0010F0BD1296819B120460EF071
:104410003CFA28B118F0020F04D020466B68984788
:104420000C35DDE70126FBE7E9D3002E38D0204626
:10443000E4F720FC0022411D0023204803F01EFC6D
:10444000054610BB1E48036813F0060F11D06E46D8
:1044500088B06A461B4BC2E905344FF4007393835E
:10446000194B42F8103F4FF4E4512B46F9F78AF903
:10447000B5464F230E4A15490E480BF0B2FA2146B5
:1044800013480BF0AEFA4F21B6E7214604300EF088
:10449000C3F9104829460DF087FE0F4804F038FD97
:1044A000BD46BDE8F88300BFE0E700205DBE040024
:1044B00031BE0400CE4E03000E8E040080E90020C1
:1044C00038E800207DBE040003000001A9BE0400FE
:1044D000B2BE0400DCEB0020B0E50020ECE70020D9
:1044E00008B548B9064907483623074A0BF079FA58
:1044F000362105480BF06CFABDE80840FFF768BFAD
:10450000E0BE0400CE4E030031BE04002DE9F843A6
:104510001A4E1B4FDFF8808000220023304604F043
:104520009BF80546F8B9BDE8F883237ADA070AD480
:104530009B0708D4216819B148460EF0A6F910B1BE
:104540004846636898470C34BC4210D90D49602333
:104550000D4A0E480BF045FA0D480BF042FA602167
:1045600009480BF035FA0B4C05F10409ECE7DCD3F4
:104570002946404603F090FBCEE700BFDCEB00206D
:10458000ECE700205DBE040031BE0400CE4E030007
:104590000E8E0400E0E7002080E9002008B5064AFE
:1045A000064B07491860137A43F0010313720CF0AD
:1045B0003CFA002008BD00BFE0E70020BC4201201B
:1045C00000BF040008B5064B06491860064B1A7A6E
:1045D0006FF300021A720CF028FA002008BD00BF29
:1045E000BC42012023BF0400E0E7002038B5124B95
:1045F00001290546186005D8104A11490CF015FA32
:1046000000240DE0536840F68D210E4A0E4801F05B
:10461000E1FF041E06DA224628460C490CF005FA92
:10462000204638BD2846084A0549E7D00CF0FDF978
:104630006FF01504F4E700BFBC420120A8C00400DD
:10464000FABF040000F103002C50012045BF040014
:1046500008B50B4B0246186860B90A492A230A4A72
:104660000A480BF0BEF90A480BF0BBF92A210648AC
:104670000BF0AEF90749BDE808400CF0D6B900BF11
:10468000BC4201209BBF040073BF0400CE4E030058
:10469000B7BF0400E8BF0400014610B5074801F0A9
:1046A00035FF034648B106480268520705D0BDE809
:1046B00010400121034A0BF0B7BE10BD00F103000A
:1046C0005CE800208FC1040010B50C4C20460DF0B2
:1046D000B4FA20460DF0B1FA20460DF0AEFA2046AD
:1046E0000DF0ABFA20460DF0A8FA20460DF0A5FA21
:1046F0002046BDE810400DF0A0BA00BF6FCA04000C
:10470000034638B105480268520705D00121044A22
:104710000BF08ABEFFF7D8BF704700BF5CE80020EF
:1047200024BA040010B5084908480DF09EFA044662
:1047300040B1074803685B0704D001212346054ABE
:104740000BF072FE204610BD294A0200C042012033
:1047500068E80020C3C104002DE9F843DFF8C492E3
:10476000954DD9F870402B68072C0E4600AF00F02D
:10477000080803F0070372D0132C00F0D080052C3A
:1047800040F0F580D9F854901BB128468B490DF0C4
:1047900068FA19F4805F54D02B68590703D0884910
:1047A00085480DF05EFA172419F4006F07D02B68C6
:1047B0005A0703D0834980480DF053FA182419F49E
:1047C000007F14D02B685B0703D07F497A480DF037
:1047D00048FA7E4B19F4004F9B6B07D02A685407A8
:1047E00004D001217A4A74480BF01EFE192419F4F2
:1047F000806F07D02B68580703D076496E480DF0BC
:1048000030FA1A2419F4807F1DD02B68590703D081
:10481000714969480DF025FA1B24F369B8F1000FBE
:1048200040F0C480C3F3080222B96FEA53236FEA51
:104830004323F36131462046FCF7D4FDBD46BDE875
:10484000F8831624B0E719F4005FE6D02B685A0706
:1048500003D0624958480DF004FA1C24DDE7D9F86A
:104860005C401BB128465E490DF0FBF9630609D593
:104870002B68580706D0D9F868300121594A4E48AC
:104880000BF0D2FDE10708D52B685A0703D0564933
:1048900049480DF0E6F92624BFE7A30708D52B68A1
:1048A000580703D0514944480DF0DBF92724B4E7F9
:1048B000610708D52B685A0703D04D493E480DF0D3
:1048C000D0F92824A9E7230708D52B68580703D077
:1048D000484939480DF0C5F929249EE7E10608D575
:1048E0002B685A0703D0444933480DF0BAF92A24FB
:1048F00093E7A30608D52B685D0703D03F492E48F0
:104900000DF0AFF92B2488E724064DD52B68580706
:1049100003D03B4928480DF0A4F92C247DE7D9F8B1
:104920006C901BB1284637490DF09BF919F0020F26
:1049300006D02B68590703D033491F480DF091F971
:1049400019F0010F06D02B685A0703D02F491A48D7
:104950000DF087F919F0040F3FF45FAF2B685B0788
:104960003FF45BAF2A4914480DF07BF955E7CBB112
:10497000284A294BE9468AB00F2CC8BF13466A461D
:104980002649103CC2E905134FF400731384244BED
:10499000D46142F8103F00234FF411512846F8F734
:1049A000F1FECD46002438E7252436E723F4FF73D3
:1049B00023F001033DE700BF68E80020BFAB04001F
:1049C000D5AB040059A90400E6AB040000ED00E0FB
:1049D000FFAB040014AC04002FAC0400B9A9040020
:1049E000FDC1040016C2040026C204003CC204003B
:1049F0005AC2040075C2040092C20400A7C2040097
:104A0000C1C20400D4C20400EEC204001EC30400EC
:104A10004CC304005CAC040047AC0400E2AD0400ED
:104A200004000001C042012000B5244BA7B01A7851
:104A300072B923494FF49273224A23480AF0D1FFF6
:104A400022480AF0CEFF4FF492711E480AF0C0FFD0
:104A50005A6AD86C09929A6ACDF88CD00A92DA6AAE
:104A600020F005000B921A6B09A90C925A6B0D925B
:104A70009A6B0E92DA6B0F921A6C10921A6D920763
:104A80005A6C48BF40F0040024929A6C08925A680D
:104A900000929A680192DA6802921A6903925A693E
:104AA00004929A6925900592DA691B6A0692079327
:104AB000FFF752FE27B05DF804FB00BFC0420120A3
:104AC000B3C3040080C30400CE4E0300C3C304007C
:104AD0002DE9F041A2B005460E46174698460DF066
:104AE000DFFBA0B101246846FDF7A2F84246394633
:104AF0003046289BA847054668460CF06BFD14B964
:104B00000B4803F0FBFB284622B0BDE8F081094BBF
:104B10001B78002BE6D04FF0FF324FF0FF330448F4
:104B200003F01CFB04460028DDD06FF08305EAE7A4
:104B30003CEA0020C05A0120002300B589B0CDE92D
:104B4000063303AB0493042303900593A9B10B68C8
:104B500006934B6807930223111E18BF01210848D2
:104B6000CDE9002140F2F53104AA00F02FF8002829
:104B7000B8BF012009B05DF804FB0123ECE700BFDA
:104B80000501004070B5402696B006AB05460C46C0
:104B90003246002118460DF008FD4FF48072CDE931
:104BA0000206CDE90454ADF8402054B1012304AA13
:104BB000009200210448019302AA00F007F816B001
:104BC00070BD2046FBE700BF0001004010B4B1F506
:104BD000004F029C0FD2042B0DD8042C0BD82404B8
:104BE00044EA0364134644EA010201465DF8044BBB
:104BF0000348FFF76DBF6FF080005DF8044B70470E
:104C0000217C0000054AD2F8883043F47003C2F8D2
:104C10008830BFF34F8FBFF36F8F704700ED00E018
:104C2000014B1860704700BF3443012010B50B4B97
:104C30001446186858B90A490A4840F2F3130A4A58
:104C40000AF0CFFE40F2F31107480AF0C1FE0DF062
:104C500054F80028A4BF2070002010BD3443012068
:104C60002CC40400CE4E0300EFC304000123024A0B
:104C70008340C2F80435704700700140014B0020AA
:104C80001B68184738430120014B1B68184700BFB9
:104C90003843012010B50C4C237993B901232371BB
:104CA0000A4B0028206018BF184600F0B3F850B92E
:104CB00023680748002B08BF1846BDE8104000F0E5
:104CC00033B96FF0770010BD384301207D4C0200EE
:104CD000894C020008B50C4B1A794AB90B490C48AB
:104CE000B1230C4A0AF07DFEB1210A480AF070FE99
:104CF0001B6843B10520FDF7D5F820B9BDE8084091
:104D00000520FDF7ADB808BD384301207FC404007D
:104D1000CE4E030042C4040008B5124B1B795BB9A8
:104D2000114940F20513114A11480AF05AFE40F2A7
:104D300005110E480AF04CFE58B101280DD00D495E
:104D40004FF49273094A0A480AF04BFE4FF49271ED
:104D5000EFE7BDE8084000F0F9B8BDE8084000F012
:104D600067B800BF384301207FC4040042C4040078
:104D7000CE4E030028C8040008B5124B1B795BB95E
:104D8000114940F22B13114A11480AF02AFE40F251
:104D90002B110E480AF01CFE28B1012807D1BDE8EE
:104DA000084000F075B8BDE8084000F023B9094993
:104DB0004FF4A573054A06480AF013FE4FF4A57197
:104DC000E7E700BF384301207FC4040042C4040069
:104DD000CE4E030028C8040038B501230C4C42F223
:104DE0001075C4F8083363600023C4F80031D4F8A8
:104DF0000031D4F80C24D4F80C34D20306D5DB07E8
:104E000004D501200CF077FF013DF2D138BD00BF81
:104E100000500040054B0246187918B91A6001226B
:104E20001A7170476FF07700704700BF4043012050
:104E300008B512490B794BB9114912487723124A28
:104E40000AF0CFFD772110480AF0C2FD00220F4B77
:104E5000C3F80021D3F8002101221A60096811B1BA
:104E6000C3F8042308BDD3F80021002AFBD0002298
:104E7000C3F80021D3F80031F4E700BF404301201C
:104E80007FC40400CE4E03009DC4040000500040C7
:104E900008B5084B1B794BB9074908488923084ACC
:104EA0000AF09FFD892106480AF092FDBDE80840FE
:104EB000FFF792BF404301207FC40400CE4E0300A1
:104EC0009DC40400094BD3F80423D2070DD5D3F8B1
:104ED000002152B10022C3F80021D3F800210122A1
:104EE000C3F80823024B1B68184770470050004066
:104EF0004043012038B502230A4C42F21075C4F831
:104F000008330123E3600023C4F80431D4F80431EA
:104F1000D4F81834DB0304D501200CF0ECFE013D7D
:104F2000F6D138BD00500040064B0246187930B922
:104F30001A6001221A71044BC3F8182570476FF0EC
:104F400077007047484301200050004010B5244CC2
:104F500023794BB923492448E523244A0AF041FD2B
:104F6000E52122480AF034FD214BD3F81814D3F878
:104F70001824C90319D502F00302022A04D0012A19
:104F800001D0FFF7B7FF0122194BC3F81825002203
:104F9000C3F80421D3F8042101229A6022688AB957
:104FA000D3F80421002AFBD014E0D3F81424D2074C
:104FB000E9D5D3F81C2402F00302013A012AE0D813
:104FC00022681AB10222C3F8042310BDD3F80421C9
:104FD000002AFBD00022C3F80421D3F80431F4E7FF
:104FE000484301207FC40400CE4E0300E0C4040007
:104FF0000050004008B5094B1B795BB908490948C6
:105000004FF49173084A0AF0ECFC4FF49171064892
:105010000AF0DEFCBDE80840FFF76CBF4843012002
:105020007FC40400CE4E0300E0C40400F8B501269E
:105030001F4C204FD4F8045305F0020505B9F8BD04
:10504000B5FA85F0C0F11F00830003F580739BB2B1
:1050500003F1804303F5A043196806FA00F225EA3C
:1050600002050029EAD00021012819601B68C4F854
:10507000082311D1D4F81834D4F8183403F00303FA
:10508000012B02D03B689847D8E70222C4F81825C4
:10509000C4F80423A360D1E7074908484FF4F57327
:1050A000074A0AF09EFC4FF4F57105480AF090FC9F
:1050B000005000404843012028C80400CE4E0300A1
:1050C000E0C4040008B50268014610460CF06EFE0C
:1050D00058B90E494FF474730D4A0E480AF081FC1A
:1050E0004FF474710A480AF073FC02F01F0352096E
:1050F0000B6009D0084940F2D933054A05480AF047
:1051000070FC40F2D931EDE7044808BD56B4040004
:1051100023B40400CE4E030028C8040000258440B8
:10512000072808B50BD90849084840F2A733084AB0
:105130000AF057FC40F2A73105480AF049FC80000C
:1051400000F5807008BD00BF58C50400CE4E0300B6
:1051500023C5040010B5CBB200EB43039A8AD105F6
:105160001BD5C2F3432122F4F8529A8200F1520473
:1051700000F1120232F8023F13F4807F03D0C3F330
:105180004323994209D09442F4D1002200EBC10399
:105190005A6058300CF0CBFD00B910BD05490648E7
:1051A0004FF4DB73054A0AF01CFC4FF4DB71034833
:1051B0000AF00EFCC38A0400CE4E030062C5040050
:1051C000024611F0010004D003490B6A13600B6220
:1051D00003B90020704700BF0025844073B5CEB2EC
:1051E00000EB4606B38A0546DB070C4628D50CF0D3
:1051F000A7FE214628460CF0E3FD48B1B28A2B6891
:10520000520B03EB82030022C3F81025C3F81025CC
:10521000284600252146FFF79DFFB58201A801948D
:10522000FFF750FF019B00EB8300D0F80022064BF4
:10523000134043F00203C0F80032284602B070BDAC
:105240006FF01500FAE700BFF0F8FCFFF0B50D466F
:105250001646044685B058B95249534840F25E4359
:10526000524A0AF0BEFB40F25E4150480AF0B0FBE1
:105270001768CFB10CF0B2FD00BB3B46CDE9000092
:105280008DF80E008DF80F000DF10F0228460DF17C
:105290000E010CF0CDFDEAB204EB4202938A23F03A
:1052A000020343F001039382736853B329462046F7
:1052B0001A785F680CF08BFD18B1CFB16FF0150054
:1052C00022E0E9B204EB41018B8A23F4604323F02E
:1052D00020038B8267B1032AF0D87368586823686B
:1052E000077803EB87038AB9C3F81025C3F81025A4
:1052F000E9B204EB41018B8A23F01C0343EA8203E9
:105300008B82B3684BBB002005B0F0BDD3F810050D
:1053100020F00300C3F81005206800EB8700D0F8E8
:10532000103523F4473323F44073C0F810352B02B3
:10533000D0F810C503F4F85343EA024343EA0C03E0
:10534000C0F8103504EB4703A3F85C508B8A43EA9E
:10535000473343F020038B82CAE72946D3E900672D
:105360002046FFF7F7FE002ECDD063689E4206D0A0
:1053700004F158000CF0C1FC002804DAC4E7A3686B
:105380009F42F5D1002004EBC003C3E90167EDB2F1
:1053900004EB4505AB8AC0B243EA402343F4807373
:1053A000AB82B0E7E8C50400CE4E030062C504003E
:1053B000F0B50C461E46054685B058B939493A48FD
:1053C0004FF48D63394A0AF00CFB4FF48D61374876
:1053D0000AF0FEFA12B30CF0FAFC20B92146284676
:1053E0000CF0EEFC08BBE7B205EB4707BB8A13F0F5
:1053F0001C0F02D05378012B17D001238DF80F30EA
:1054000000232046CDE900230DF10F01931C01324A
:105410000CF00EFDBB8A43F00303BB82002E3FD08D
:10542000214628460CF0D3FC18B96FF0150005B0E2
:10543000F0BD002237782B684FEA870C03EB870317
:10544000C3F81025C3F81025E2B205EB4202938A97
:1054500023F4604323F020039382707800B329681B
:10546000B6786144D1F81035000423F4981323F47E
:10547000F853C1F81035230200F4403003F4F85318
:1054800003433005D1F8105500F4801003432B433B
:10549000C1F81035938A43EA473343F020039382DF
:1054A0000020C4E7E8C50400CE4E030062C5040036
:1054B00008B558B90749084840F27143074A0AF04D
:1054C00090FA40F2714105480AF082FAC0E90312ED
:1054D00008BD00BFE8C50400CE4E030062C504004D
:1054E00010B503460C4658B9124940F27A43124AA5
:1054F00012480AF076FA40F27A410F480AF068FA48
:105500004AB90F4940F223330B4A0C480AF069FAB2
:1055100040F22331F1E70CF053FC38B10020E4B243
:1055200003EB44039B8A5B0B137010BD6FF01500F7
:10553000FBE700BFE8C5040062C50400CE4E0300CF
:10554000F3C504002DE9F041044658B91E491F482F
:105550004FF491631E4A0AF044FA4FF491611C48DB
:105560000AF036FA90F86C5090F86D7045BBA8467A
:105570004022294614300DF018F8164B266853F8CF
:105580003770AF420FD1002546F30730C6F87C5183
:10559000D6F87C31FCF764FC0123284684F86C3093
:1055A000A365BDE8F081E8B2FFF7BAFDA0F580730E
:1055B0009B081F2B04BF46F8008033580135E0E7F5
:1055C0006FF07700EDE700BFE8C50400CE4E0300A2
:1055D00062C50400E44B030008B558B908490948FE
:1055E00040F28F43084A0AF0FCF940F28F41064826
:1055F0000AF0EEF990F86C00003818BF012008BDE1
:10560000E8C50400CE4E030062C5040008B558B9D1
:105610000749084840F29D43074A0AF0E2F940F280
:105620009D4105480AF0D4F9BDE80840FFF7D6BD12
:10563000E8C50400CE4E030062C5040008B558B9A1
:105640000A490B4840F2A4430A4A0AF0CAF940F258
:10565000A44108480AF0BCF9074B90F86D0003EB31
:105660008000BDE808400CF062BB00BFE8C5040044
:10567000CE4E030062C50400C4E5002010B50C4600
:1056800058B90C490C4840F2AB430C4A0AF0A9F94E
:1056900040F2AB4109480AF09BF9094B90F86D00C4
:1056A00003EB80000CF029FB0028A4BF2070002031
:1056B00010BD00BFE8C50400CE4E030062C5040063
:1056C000C4E500202DE9F3410D461646044658B9BD
:1056D00036494FF4A563364A36480AF082F94FF44A
:1056E000A56133480AF074F9CBB200EB43039A8A00
:1056F00012F01C0F09D1304940F235432C4A2D4895
:105700000AF06FF940F23541EBE70CF059FB2768DE
:10571000F0B1294620460CF05AFB8046C0B9550B23
:105720002846FFF7FDFC47F800803B58236803EB51
:105730008503D3F8102542F00102C3F8102526B1E5
:1057400001232268AB40C2F8043302B0BDE8F08107
:10575000D7F80423002AA4BF4FF00042C7F804235F
:105760004EB9164940F24F43114A12480AF039F92E
:1057700040F24F41B5E79B8AC3F38203042B11D05B
:10578000052B11D001A80195FFF79CFC019B016935
:10579000D94001F001010231284602B0BDE8F041D4
:1057A0000CF093BB0321F7E70221F5E7E8C50400FD
:1057B00062C50400CE4E0300FDC504001EC60400F1
:1057C00008B558B90749084840F22F53074A0AF06C
:1057D00008F940F22F5105480AF0FAF8BDE80840F0
:1057E0000CF0AEBBE8C50400CE4E030062C5040059
:1057F0002DE9F04F074687B058B96149614840F23A
:105800005C63614A0AF0EDF840F25C615E480AF0C0
:10581000DFF8814659F804AB90F86D60DAF80413AC
:105820005A4CC9B2504654F8362041F000410CF0B1
:105830005BFB051E23DA00234FF0010B049304EBFE
:10584000C6035B6804A8194604EBC6040193FFF77E
:10585000B7FC231D0293029B1B78D90701D5049C3A
:105860009CB94FF00041002250460CF03DFB0199DD
:1058700004A8FFF7A5FC0028EDD125F00045012480
:10588000002D67D107B0BDE8F08F94FAA4F4B4FA04
:1058900084F407EB4403B3F81480E00804AB1B5C0A
:1058A00004F007014FEA98020BFA01F123EA010321
:1058B000039204AA135405A80594FFF703FC059B63
:1058C000039A803350F82330C8F382065207B0465B
:1058D000C3F3014322D5424621464846DEB20CF0CE
:1058E0008AFA05A80594FFF7EDFB059B803350F875
:1058F0002330C3F301439E4207D1002120460CF020
:10590000E4FA314620460CF0E0FA05A80594FFF7CA
:10591000D9FB059B0BFA03F30362A0E7022B0DD121
:10592000032120460CF0D1FA06F00503012BECD13F
:105930004246214648460CF05EFAE6E70221204640
:1059400003930CF0C2FA032EF2D0039B032BDCD19D
:10595000022EECE795FAA5F3B3FA83F304FA03F207
:1059600025EA020503F5A2725AF8222007EB430349
:105970004846B3F85C10C2F301420CF03CFA7FE7F2
:10598000E8C50400CE4E030062C50400E44B0300EA
:10599000F8B517460E4649B90C490D4834230D4A4F
:1059A0000AF01FF834210B480AF012F80A4D2C793E
:1059B00044B92A20FCF754FA012320462B712E60AB
:1059C000AF60F8BD6FF07700FBE700BFA9B404003B
:1059D000CE4E030029C604005043012038B518B14B
:1059E000144B1B79012B09D0134914484723144A3F
:1059F00009F0F7FF4721124809F0EAFF0023114A96
:105A000050F8234003F5A2710133082B42F82140DE
:105A1000F6D100230B4A00F11C0103F5B27451F8D2
:105A2000045F0133082B42F82450F6D1036CC2F80E
:105A3000043338BD5043012064C60400CE4E030039
:105A400029C6040000A0024070B51C4E3379012B1A
:105A500009D01B491B485B231B4A09F0C2FF5B218D
:105A6000194809F0B5FF0024184D2A20C5F8104543
:105A7000C5F81445C5F81845C5F81C45C5F82045B6
:105A8000C5F82445C5F82845C5F82C45C5F8904506
:105A9000C5F89445C5F89845C5F89C45C5F8A04596
:105AA000C5F8A445C5F8A845C5F8AC45FCF7E6F926
:105AB0004FF0FF33C5F80833347170BD50430120F7
:105AC0009BC60400CE4E030029C6040000A002407D
:105AD00008B5094B1B79012B09D0084908487623E2
:105AE000084A09F07EFF7621064809F071FF064A50
:105AF0008340C2F8043308BD504301209BC6040014
:105B0000CE4E030029C6040000A0024008B5094B90
:105B10001B79012B09D0084908487E23084A09F05F
:105B200060FF7E21064809F053FF064A8340C2F811
:105B3000083308BD504301209BC60400CE4E03002D
:105B400029C6040000A00240F8B501260027124B28
:105B5000124DD3F80C4304B9F8BD94FAA4F0B0FA8E
:105B600080F006FA00F3072824EA03040BDD0C4951
:105B70000C4840F217230C4A09F033FF40F217217A
:105B8000094809F025FF094B82009F502B68002B24
:105B9000E1D0A9689847DEE700A002405043012009
:105BA00058C50400CE4E0300C4C6040000A1024044
:105BB000044AD2F80834DB07FBD50160BFF35F8FDE
:105BC000704700BF00900340B0F5801F08B509D3AF
:105BD0000F491048D223104A09F003FFD2210E4882
:105BE00009F0F6FEC0F30B0373B902220B4BC3F8A6
:105BF00084254FF0FF320260D3F80024D207FBD592
:105C00000020C3F8840508BD6FF00C00FBE700BF5F
:105C100061C70400CE4E0300F6C6040000900340A6
:105C2000B0F5801F38B502D210F003040BD00A493A
:105C30000A4840F27D130A4A09F0D3FE40F27D1172
:105C4000074809F0C5FE0123064DC5F88435FFF766
:105C5000AFFFC5F8844538BD7BC70400CE4E0300B6
:105C6000F6C604000090034037B50125074C4FF4F9
:105C7000FA7065610BF0D3FF002363610193256126
:105C800023690193019B03B030BD00BF0056004063
:105C900030B5036A87B08DF808300A4B03AC019029
:105CA00093E8070084E8070001A80CF087F938B9E9
:105CB000054654F8043B984710B90135032DF8D137
:105CC00007B030BDC8400300034BD3E8EF2FC3E853
:105CD000E10F0029F9D170475C43012038B5054632
:105CE000002850D0436A002B50D0836A002B4DD03F
:105CF0000124294BD3E8EF2F002A03D1C3E8E14F59
:105D00000029F7D145D1686A00F04EF8FEF780F916
:105D1000224BC8209C660BF082FF2846FFF7B8FF95
:105D2000044640B901221D4B0220DA66FFF7CCFF82
:105D30000024204638BDFFF797FF002C11DBAB6A2B
:105D400020469847164B9C421AD013DCA4F1886475
:105D5000033C012C11D82846FFF79AFF044600287F
:105D6000E0D001220D4BDA66FEF76AF90020FFF75A
:105D7000ABFFDEE70B4B9C42EDD06FF00404F0E785
:105D80006FF00A04EDE76FF00D04D2E76FF0150431
:105D9000CFE74FF0FF34CCE75C43012000500040D8
:105DA0000500400401005005014B1860704700BF1A
:105DB0006043012007B5044BCDE900011B6868462C
:105DC000984703B05DF804FB60430120014B187055
:105DD000704700BFB95A0120024B1878431E584241
:105DE00058417047B95A012070B503680446033B17
:105DF000DBB20D2B03D8094A52F823502DB9A06805
:105E000058B1BDE8704000F017B80CF01BF92168DC
:105E10002B46BDE87040090C184770BDF44B0300D9
:105E2000014B5B69184700BFCCE50020014B1B68A4
:105E3000184700BFCCE50020014B1B69184700BF85
:105E4000CCE50020014B9B68184700BFCCE5002043
:105E5000014B1868704700BF64430120002230B531
:105E60000B4B19680C6894420FD001EBC2039D687C
:105E7000A8420BD14FF003020433D3E8CF1F00290F
:105E800003D1C3E8C02F0028F7D130BD0132EAE7C3
:105E9000844301202DE9F041002406460F462046A8
:105EA000DFF854803368A34201D8BDE8F08106EBE7
:105EB000C4056B68DBB2012B16D16A68B8F80030F4
:105EC000B3EB124F10D1022FA8680FD1FFF78CFF50
:105ED00001206B6823F0FF0343F003036B60B8F805
:105EE00000300133A8F800300134DBE70168090C09
:105EF0000CF058F8ECE700BFEA44012010B5074C5D
:105F000002216068FFF7C6FF0028F9D1012120684F
:105F1000FFF7C0FF0028F3D110BD00BF8C43012064
:105F200070B5072860D8DFE800F00B5F475F435F7C
:105F30003C0401F035FB0320BDE87040FEF73EB89D
:105F400003202A4BD3F81446D3F81866284B1D7843
:105F50001870EDB2FFF73AFF012D10D1254B264AFC
:105F60009C4212D0230C1B04B3F1886F0DD0A4F512
:105F70008033203B022B0FD96FF0040313603146AE
:105F8000C4F30B00FFF716FF00E014601B4B18680A
:105F9000FDF718FF0020CFE7194931F913301360DE
:105FA000F4E70024124B20461C70FFF70FFFEDE7CB
:105FB000FFF7A4FF0220BFE70D4B1A78012AD0B2E9
:105FC0000ED1104A1168104A8C68546049681160FB
:105FD00002221A70FFF7FAFE084B1868FDF7F2FE6E
:105FE000FFF78CFF0120A7E770BD00BF00A00240B3
:105FF000BB5A012001005005884301207443012051
:10600000744E0300704301208C4301200A23F7B52E
:106010004FF47A750C4E0D4F0193316838680BF0D0
:10602000ECFF044640B90BF0FCFD40B9012001A98A
:10603000FDF7D4FD6E30F0D1204603B0F0BD0198DD
:1060400068430BF0ECFDE8E7784301208043012032
:10605000054B1B782BB9054B1968054B18680BF0DD
:10606000CCBF0020704700BFBA5A01207C430120FA
:1060700084430120642270B5164B1B68C31A9BB27F
:10608000B3FBF2F3426822F0FF0242F002024260E8
:106090001148124A0168D2E8DF4F651CC2E8D65F9A
:1060A000002EF8D101EBC3014A6892B242EA0442E1
:1060B0004A600268032002EBC302536823F0FF0327
:1060C00043F0010353600BF0AAFD0122044BDA6098
:1060D00070BD00BF7C43012084430120EC440120BB
:1060E00000A002402DE9F04F95B03822002106466D
:1060F00003A80CF05AFA02230493082306932023E2
:10610000089304230D93102340250F93802301222D
:10611000CDE91153D52300215A480B921393FDF773
:106120001DFE0546002840F0A980024656493079F8
:10613000FFF72EFC03A8FFF751FC34686268B2F544
:10614000E56F40F098806169E3680B44E16903F50D
:10615000E5630B44B3F5003F00F28D8020682946CB
:106160000CF023FA33681C68D3F81C9004F1E802A1
:10617000009204F58162019204F16007434A04F140
:10618000A40804F1200BB9F1000F5ED1C2F800B0F1
:1061900000254FF0010A2570657084F802A0E570B3
:1061A000336840461B69636033685B69C4F814B0A8
:1061B000A360374BC4F81890C3F80080354BE760F4
:1061C0001F600823C4F8108084F8A43088F80150B8
:1061D00088F8025088F8035084F860307D70BD70F4
:1061E000FD700BF0EDFE38460BF0EAFE019A2A4BEB
:1061F00031681A60009A294BC8681A60284B294EEA
:1062000018600869496958609960274B2749C3F8A5
:106210001046C3F81456264B264C1D80264B86F894
:1062200000A01D80254B029525601D611B6902930E
:10623000029B144B1868FDF7EBFD98B103236FF038
:1062400073043370FFF700FC11E09B6904F140090F
:10625000636433684846DB69C2F800B0236401F028
:1062600077F995E72468002CECD1154B1C7020467B
:1062700015B0BDE8F08F6FF01504E3E76FF02D0463
:10628000F5E700BF74430120215F02007043012045
:1062900084430120804301207C4301207843012076
:1062A00064430120BB5A012000A00240F0490200D3
:1062B000EC44012088430120EA44012000560040BC
:1062C000BA5A0120642270B5164B1B68C31A9BB2E0
:1062D000B3FBF2F3426822F0FF0242F00102426097
:1062E0001148124A0168D2E8DF4F651CC2E8D65F48
:1062F000002EF8D101EBC3014A6892B242EA04428F
:106300004A600268032002EBC302536823F0FF03D4
:1063100043F0010353600BF082FC0122044B5A60EE
:1063200070BD00BF7843012080430120EC44012070
:1063300000A0024010B5FFF769FE012400220321EE
:10634000047081704270C270FFF7BCFF054B1C7077
:106350000BF049FEBDE81040034B47F2305118687E
:10636000FDF756BDBA5A01207443012038B50A4BD7
:1063700004461B78022BDDB20DD1FFF747FE50B16A
:10638000002201218460017042708570C270BDE8F6
:106390003840FFF797BF38BDBB5A0120034A126847
:1063A00012B1002800DB1047704700BFA043012056
:1063B0002DE9F743002581460F46104829469046AF
:1063C0001E46019306F08AFB041E11DB01342046B1
:1063D0000BF063FEC9F8000068B13346424621461F
:1063E000019606F07BFB28463C6003B0BDE8F083D5
:1063F0006FF01500F9E76FF00B00F6E71C410300A2
:1064000010B50E4B04461B68A3B1E2F733FC082815
:1064100010D9237A3F2B0DD009490822204606F0D7
:106420008BF9014630B904F108000A22BDE810409A
:1064300006F0A4BA4FF0FF3010BD00BFA04301200A
:10644000C1C70400F7B504460F46042000211646D4
:106450001D460BF0F9FD024638B914B120460BF089
:106460001EFE6FF00B0003B0F0BD00206FF058036C
:1064700014600D4C137350739073D07320703146B9
:10648000032057600BF000FE4FF0FF330193237899
:10649000AB4201D10020E6E7022001A9FDF79EFBF7
:1064A0000028F4D0DFE700BFBC5A0120F8B505464C
:1064B00000240F4F57F8046B284631460CF0E5F9DD
:1064C00028B90134042CF5D14FF480300DE06CB1C3
:1064D000A31E012BF8D83046E2F7CCFB0A2200219C
:1064E000284406F0CFF940EA0440F8BD2046FCE716
:1064F0002C4C0300014B186000207047A44301207E
:10650000014B1860704700BFA04301200FB42DE974
:10651000FF410A9CFFF760FC00284AD0002C4BD0BA
:10652000284E294F31683868FDF708FD002846D10C
:10653000264D31682868FDF76BFC002836D12246CD
:106540000BAB03A902A80193FFF732FF044658B131
:106550002868FDF737FC3868FDF7CAFC204604B010
:10656000BDE8F04104B07047029C2046FFF748FFA9
:1065700002230646012220460399FFF763FF0446E3
:106580000028E5D1DFF84880D8F80000FFF78EFF3B
:106590000446D8F800000BF07EFD2868FDF712FCD9
:1065A000002CD8D13046FFF7F9FED4E76FF00A048B
:1065B000D1E74FF0FF34D1E76FF00D04CEE76FF075
:1065C0000A04CBE7B8430120B0430120B4430120C3
:1065D000A84301200CB42DE9F04F8BB007460E46BE
:1065E000149CFFF7F9FB002800F0C380002F00F097
:1065F000C380002C00F0C080002E00F0C080DFF8C7
:106600009C81624BD8F800101868FDF797FC0028B1
:1066100040F0B8805E4DD8F800102868FDF7F8FB10
:10662000002840F0A380224615AB09A908A80793CB
:10663000FFF7BEFE044618B12868FDF7C3FB3CE037
:10664000DDE908830393534B1C68002C5AD0C246E3
:10665000DDF80C90CDF804809AF80030202B36D06D
:10666000093B042B33D90C224FF0000B4A4BCDF8D9
:1066700008B01B6802FB03430493049B9C422ED189
:10668000029B002B3ED02868FDF79CFB019A114627
:1066900011F8013B202B0191F8D0093B042BF5D9CF
:1066A00031463846029B9847044618B93846FFF7EA
:1066B000FDFE044640460BF0F2FC344B1868FDF733
:1066C00017FC20460BB0BDE8F04F02B07047B9F19F
:1066D000000FC8D00AF1010A09F1FF39BCE7A3682D
:1066E0005B450DD94B451A46504628BF4A4621689E
:1066F000059306F021F818B963680293059B9B4641
:106700000C34BAE74046FFF77BFE022381460122A4
:1067100040460399FFF796FE044600288CD1DFF827
:1067200080803846D8E9004AB2455246214628BF03
:1067300032460BF013FFB245204607D90BF0ABFCF5
:106740002868FDF73FFB6FF00604B6E7FFF7AEFEE3
:106750000446D8F800000BF09EFC2868FDF732FBD9
:10676000002CAAD14846FFF719FEA6E76FF00A04ED
:10677000A3E74FF0FF34A4E76FF00D04A1E76FF03B
:1067800015049EE76FF00A049BE700BFB0430120A9
:10679000B44301209843012094430120B8430120D1
:1067A000A84301200EB42DE9F343DDF8248081468F
:1067B000FFF712FB00285FD0B9F1000F5FD0B8F1EE
:1067C000000F5CD0314C324F21683868FDF7B6FBC2
:1067D000002857D12F4E21683068FDF719FB00289B
:1067E00047D14846E2F746FA451C28460BF055FCCF
:1067F000044668B93068FDF7E5FA6FF00B043868B5
:10680000FDF776FB204602B0BDE8F04303B07047C9
:1068100049462A460CF01AF82046FFF7F1FD0223FC
:106820008146012220462946FFF70CFE044618B196
:106830003068FDF7C7FAE2E7174B30681D68FDF7CF
:10684000C1FAB9F1000F06DB2846FFF72FFE10B999
:106850004846FFF7A3FD0AAA41462846019206F0E2
:106860006FF9041E284608BF6FF04C040BF013FCB0
:10687000C5E76FF00A04C2E74FF0FF34C2E76FF0DC
:106880000D04BFE76FF00A04BCE700BFB843012066
:10689000B0430120B4430120A843012038B5C368A8
:1068A0000446A72B01D0206810E0032907D0042953
:1068B00026D0022902D10122154B1A7038BD144B83
:1068C00000681A78022A05D10028F7D0BDE83840C0
:1068D0000BF0E1BB0F4D2A6862B12B68984700238B
:1068E00020682B600BF0D7FB0B4B1868BDE83840D5
:1068F000FDF768BA094A1060616851600222DCE75E
:10690000074B1B68002BCED000689847CBE700BF31
:10691000BC5A01209C430120B4430120A84301201C
:10692000A4430120012210B511460B48FDF716FAC9
:1069300070B90A48FDF7ACFA014648B94FF0FF328A
:10694000074B1A60BDE8104001230522FFF77ABD0E
:106950006FF02D0010BD00BFB4430120B0430120F3
:10696000B843012018B1034B1860002070476FF046
:106970000D007047BC43012008B5FFF72DFA78B130
:106980000C4B1B687BB1002101200BF05DFB024624
:1069900060B10A2043F201010BF076FB002008BD34
:1069A0004FF0FF30FBE76FF00D00F8E76FF00B00E2
:1069B000F5E700BFBC43012010B50446FFF70CFA11
:1069C00080B10D4B1B6883B1002101200BF03CFB13
:1069D000024668B1047343F220010A200BF054FB15
:1069E000002010BD4FF0FF30FBE76FF00D00F8E71F
:1069F0006FF00B00F5E700BFBC43012008B5FFF7BF
:106A0000EBF978B10C4B1B687BB1002108460BF009
:106A10001BFB024660B10A2043F222010BF034FB5B
:106A2000002008BD4FF0FF30FBE76FF00D00F8E7E6
:106A30006FF00B00F5E700BFBC43012008B5FFF77E
:106A4000CBF978B10C4B1B687BB1002101200BF016
:106A5000FBFA024660B10A2043F216010BF014FB68
:106A6000002008BD4FF0FF30FBE76FF00D00F8E7A6
:106A70006FF00B00F5E700BFBC43012010B50446E2
:106A8000FFF7AAF990B3A4B31D4B1B688BB3002189
:106A900028200BF0D9FA024670B3A3684361D4E909
:106AA0000013C1600361237C43F206010377238B4B
:106AB0008384E3688361E369836294F9163080F824
:106AC0002230637C4377A37C8377A38A0384638C1F
:106AD000C38594F8213080F82D3094F8203080F868
:106AE0002C300A200BF0D0FA002010BD4FF0FF3000
:106AF000FBE76FF00D00F8E76FF00B00F5E700BF64
:106B0000BC43012038B50546FFF766F990B3A5B33D
:106B10001D4B1B688BB32820696A0BF095FA04465D
:106B200070B3AB684361D5E90023C26003612B7C7D
:106B3000037695F9113043766B8A4383EB680362E1
:106B40006B69C361002380F82E30AB691A6842621A
:106B50005A6882621B898385296A19B16A6A00684A
:106B60000BF0FCFC0A20224643F20C010BF08CFADD
:106B7000002038BD4FF0FF30FBE76FF00D00F8E765
:106B80006FF00B00F5E700BFBC43012070B5054670
:106B9000FFF722F900285CD0002D5DD0304B1B6838
:106BA000002B59D02F4E33683BB132686B6A516865
:106BB00099420DD26FF006004AE04FF42F71282061
:106BC0000BF042FA30600028EFD16FF00B003FE08D
:106BD0004FF0FF3343F20C01137153719371D37172
:106BE000137253729372D3720B200BF04DFAAB6891
:106BF00034686361D5E90023E26023612B7C23764E
:106C000095F9113063766B8A6383EB6823626B6955
:106C1000E3612B7F84F82E30AB691A6862625A6890
:106C2000A2621B892822A385002322726372A372A9
:106C3000E372296A19B16A6A20680BF08FFC6B6AEB
:106C40004FF42F71282063600BF0FEF930600020B4
:106C500070BD4FF0FF30FBE76FF00D00F8E700BFAD
:106C6000BC430120C043012038B50546FFF7B4F806
:106C7000002862D0002D63D0344B1B68002B5FD0FE
:106C80005020696A0BF0E0F9044600285BD0AB683D
:106C90004361D5E90023C26003612B7C037695F93B
:106CA000113043766B8A4383EB6803626B69C3617F
:106CB000002380F82E30AB691A6842625A688262FB
:106CC0001B898385296A19B16A6A00680BF046FC42
:106CD0002B6B0A20E363D5E90A236263A36395F86B
:106CE0003830224684F84430B5F8403043F21B0176
:106CF000A4F84C306B6B23646B6C236595F93E30C4
:106D000084F84A3095F8393084F8453095F83A30AF
:106D100084F84630AB8FA4F84830B5F84A30A4F870
:106D2000563095F8493084F8553095F8483084F855
:106D300054300BF0A9F9002038BD4FF0FF30FBE7CD
:106D40006FF00D00F8E76FF00B00F5E7BC43012092
:106D500010B50446FFF740F8E0B1F4B1124B1B68E0
:106D6000DBB1002118200BF06FF90246C0B1A36817
:106D70004361D4E90013C1600361A38943F20301B5
:106D8000838323698361237D83770A200BF07CF959
:106D9000002010BD4FF0FF30FBE76FF00D00F8E76B
:106DA0006FF00B00F5E700BFBC43012010B50446AF
:106DB000FFF712F8B0B1C4B10F4B1B68ABB10021A3
:106DC00008200BF041F9024690B1237843F20E01FE
:106DD000037363784373636803610A200BF054F90B
:106DE000002010BD4FF0FF30FBE76FF00D00F8E71B
:106DF0006FF00B00F5E700BFBC43012010B504465F
:106E0000FEF7EAFFC0B1D4B1104B1B68BBB1002143
:106E100010200BF019F90246A0B1A3684361237B4F
:106E20000376D4E90013C160036143F21C010A2018
:106E30000BF02AF9002010BD4FF0FF30FBE76FF098
:106E40000D00F8E76FF00B00F5E700BFBC43012031
:106E500008B5FEF7C1FF78B10C4B1B687BB1002170
:106E600001200BF0F1F8024660B10A2043F2120152
:106E70000BF00AF9002008BD4FF0FF30FBE76FF080
:106E80000D00F8E76FF00B00F5E700BFBC430120F1
:106E900010B50446FEF7A0FF80B10D4B1B6883B10F
:106EA000002104200BF0D0F8024668B1C46043F220
:106EB0001E010A200BF0E8F8002010BD4FF0FF3053
:106EC000FBE76FF00D00F8E76FF00B00F5E700BF90
:106ED000BC43012008B5FEF77FFF78B10C4B1B685F
:106EE0007BB1002101200BF0AFF8024660B10A200F
:106EF00043F224010BF0C8F8002008BD4FF0FF302A
:106F0000FBE76FF00D00F8E76FF00B00F5E700BF4F
:106F1000BC43012008B5FEF75FFF78B10C4B1B683E
:106F20007BB1002101200BF08FF8024660B10A20EE
:106F300043F226010BF0A8F8002008BD4FF0FF3007
:106F4000FBE76FF00D00F8E76FF00B00F5E700BF0F
:106F5000BC430120F8B507460E461546FEF73CFF38
:106F6000A0B10F4B1B68A3B100210C200BF06CF8F3
:106F7000024688B10024C76004614561068243F679
:106F800001210A200BF080F82046F8BD4FF0FF30B9
:106F9000FBE76FF00D00F8E76FF00B00F5E700BFBF
:106FA000BC43012038B505460C46FEF715FFA8B1D5
:106FB0000F4B1B68ABB1002102200BF045F80246D5
:106FC00090B185F0010584F001044573047343F624
:106FD00003210A200BF058F8002038BD4FF0FF3095
:106FE000FBE76FF00D00F8E76FF00B00F5E700BF6F
:106FF000BC43012043F2270330B5994204468DB0CB
:1070000030D843F20103994236D9A1F540510239F3
:10701000252931D8DFE811F032003000DE010D0102
:107020003000DE012D016D019801BD013000DE014F
:10703000300094003000F5003000FE0130003000D8
:107040003000E00030005B00300030003000FC0019
:107050003000F50130006E0030008D0030009B00E4
:107060003000C50043F60223994200F0DA8143F66E
:107070000423994200F0E6810DB030BD302200219A
:1070800068460BF092FAE2682369CDE90223627D3B
:10709000237D43EA0223ADF81030E27DA37D43EA6D
:1070A0000223ADF81230627E237E43EA0223ADF85C
:1070B0001430A37EE27E43EA0223ADF81630D44BAF
:1070C00068461B6898472068002862D1D4E73022C0
:1070D000002168460BF069FA01238DF80030E26860
:1070E0002369CDE90223237D627D43EA0223ADF8C3
:1070F0001030F9E03022002168460BF056FA0423E4
:107100008DF80030E2682369CDE90223627D237D9A
:1071100043EA0223ADF81030E27DA37D43EA022367
:10712000ADF81230237E627E43EA0223ADF81430BC
:10713000DAE03022002168460BF037FA0523CCE76D
:107140003022002168460BF030FA0223D8E73022C3
:107150000568002168460BF028FA0F238DF80030EF
:10716000E2682369CDE90223627D237D43EA02239D
:10717000ADF81030A3690593A54B1A6815B9684698
:10718000904779E715F8021B6846CDE90615904748
:1071900020680AF080FF002323706370A370E370FF
:1071A0006AE705683022002168460BF0FEF91023DB
:1071B0008DF80030E26823696846CDE90223237D1B
:1071C000627D059543EA0223ADF81030904B1B68B1
:1071D0009847002DDCD14FE73022002168460BF0A4
:1071E000E4F90E238DF80030E2682369CDE902232B
:1071F000237D627D43EA0223ADF8103023680593B6
:107200005DE73022002168460BF0CFF9112364E7D7
:107210003022002168460BF0C8F903238DF80030B6
:10722000E2682369CDE90223A3690493237D627D8B
:107230007AE73022002168460BF0B7F908238DF871
:107240000030E2682369CDE90223E36904936269AF
:10725000A369CDE9062394F8203094F8212043EA6D
:107260000223ADF820306368ADF82230236809931B
:1072700025E73022002168460BF097F909238DF8A5
:107280000030E2682369CDE902236269A369CDE990
:107290000423E369069394F821308DF81C3094F8A8
:1072A00020308DF81D3094F8232094F8223043EAE2
:1072B0000223ADF8283094F8252094F8243043EACE
:1072C0000223ADF82A3094F8263094F8272043EAB8
:1072D0000223ADF82C30A36ACDF81E30E36ACDF856
:1072E0002230238EADF82630494B68461B689847FC
:1072F000C2E63022002168460BF057F90A238DF8C8
:107300000030E2682369CDE902236269A369CDE90F
:107310000423E369069394F8212094F8203043EA8B
:107320000223ADF81C3094F8232094F8223043EA6D
:107330000223ADF81E3094F8243094F8252043EA57
:107340000223ADF82030CFE73022002168460BF051
:107350002CF90B238DF80030E2682369CDE9022374
:1073600063690493627E237E43EA0223ADF81430FE
:10737000E27EA37E43EA0223ADF81630237F627FCC
:1073800043EA0223ADF81830236807936368089333
:1073900095E63022002168460BF007F90C238DF8A2
:1073A0000030E2682369CDE9022363690493627EB9
:1073B000237E43EA0223ADF81430A37EE27E43EA43
:1073C0000223ADF81630237F627F43EA0223ADF833
:1073D000183089E73022002168460BF0E6F80623D2
:1073E0008DF80030E2682369CDE90223A369049394
:1073F000627D237D43EA0223ADF81430A37DE27D54
:10740000DDE73022002168460BF0CFF8072305E7BF
:10741000BC4301203022002168460BF0C6F80D2342
:107420005BE63022002168460BF0BFF813238DF88D
:1074300000302369E268CDE90223B4F914308DF8F5
:10744000103051E73022002168460BF0AEF81223CD
:1074500043E600BF08B54FF42F7128200AF0F4FD71
:10746000034B002818600CBF6FF00B00002008BD14
:10747000C043012010B5A1F578510239044686B009
:107480000A2938D8DFE801F0063712371B373937B9
:1074900054375B001822002168460BF086F8237BE6
:1074A000627B43EA0223ADF8083020E01822002175
:1074B00068460BF07AF801238DF80030EFE71022D0
:1074C000002168460BF071F802238DF80030627BD2
:1074D000237B43EA0223ADF80830E27BA37B43EA37
:1074E0000223ADF80A306269A369CDE90423174B82
:1074F00068461B68984706B010BD182200216846F0
:107500000BF053F803238DF80030627B237B43EAB2
:107510000223ADF80830A37B003B18BF01238DF890
:107520000A30237C627C43EA0223ADF80C30DEE7AC
:107530001822002168460BF038F80423BCE7182213
:10754000002168460BF031F80523B5E7C44301205C
:1075500000210122074B1970074B1A70074B197055
:10756000074B1960074B1960074B18600748FCF779
:10757000F5BB00BFBD5A0120BF5A0120BE5A0120F1
:10758000CC430120D0430120E0430120C843012027
:10759000024B186808B1FCF715BC7047C8430120BE
:1075A00070B4284B1B68196958691A7C00221A7438
:1075B0005C7C5A749C7C9A74DC7CDA741C7D1A7531
:1075C0005C7D5A759C7D03299A75DC7DDA7529D01E
:1075D000042929D001290FD185681B4E954210D16D
:1075E0001A7A012100221972597A5A72997A9A727A
:1075F000DA7A6FF05F02DA72144B70BC1868FCF72D
:10760000E1BB911C00EB81014C682178622907D015
:10761000633918BF0121490046F821400132DDE7F6
:107620000121F9E7187ADEE7187A1972597A5A7245
:10763000997A9A72DA7A6FF05F02DA720122044B59
:107640001A70D9E7E0430120D4430120C843012048
:10765000BE5A012038B5436905463BB90024EA68A3
:107660006042537843F00103537038BD9847044695
:107670000028F3D000F1FF03FE2B0ED92123094A85
:1076800009490A4808F0ADF929680948224608F076
:10769000A8F92121034808F09BF9EB6844421C70CB
:1076A000DDE700BFEFC7040012C80400CE4E0300A0
:1076B0002AC80400024B03600248C01A4009704700
:1076C000F034030090350300014B9868A4307047F4
:1076D000E443012010B50446F5F7CAFD05480368E8
:1076E0005B0703D00121044A08F095FE20460AF00A
:1076F00026FD00BF68E800204FC804002DE9F047D0
:1077000004460D4600AFEFF31189202383F312885E
:10771000BFF36F8FDFF800813A4AD8F800309668DF
:1077200059076BD0042898BF374BEA468AB0117CC2
:1077300098BF53F820306A4688BF344BC2E90731FE
:1077400040F2013332489384324BC2E9050442F8D7
:10775000103F00234FF431512F48F6F713F8D54668
:1077600065B1EB69D8F80020C3F3080333B15207C1
:107770001ED00121294A284808F04DFED8F80030D3
:107780005B0715D03EBB2648E8468AB06A46254BC3
:10779000D061C2E9053640F201331384224B42F82E
:1077A000103F00234FF411511B48F5F7EBFFC5467E
:1077B00029462046FFF78EFF042C15D11B4987234D
:1077C0001B4A1C4808F00DF91B4808F00AF98721EC
:1077D000174808F0FDF830460AF068FD0028D2D0BE
:1077E0000378002BCFD0CFE789F31188BFF36F8FD9
:1077F0003046FAF7BBFABD46BDE8F087002DB0D1A0
:10780000D6E700BFE44301203C4C03005EC80400FF
:1078100074C804000500000168E800209CC804004A
:107820006CC80400BDC8040004000001F7C80400CF
:10783000D5C80400CE4E030014C9040038B50A4B65
:1078400053F82040013053F82050A54200D838BDED
:10785000606830B1037EDB0701D4FFF7FBFE08341C
:10786000F3E723689847FAE7504C0300012270B50C
:10787000374B032086B01A70FFF7E0FF0AF04BFE8B
:107880000420FFF7DBFF334C334DAC42264628D9AA
:1078900032494423324A334808F0A3F8324808F00A
:1078A000A0F844212E4808F093F854F80C3C0593B6
:1078B00054F8103C049354F8143C039354F8183CC7
:1078C000029354F81C3C019354F8203C009354E973
:1078D0000A2354E90C0101F0EFFC54F8303C5E65DA
:1078E000D3E7AE4204F13004DFD302F0AFFB194C12
:1078F0001E4EAC421FD919496823194A194808F08D
:1079000070F8194808F06DF86821CBE7D4E90A232C
:10791000B3F1FF3F08BFB2F1FF3F05D052EA0301C8
:10792000206803D102F0F0FD3034E2E73146183030
:1079300003F05CFAF8E7E9D302F0FAFBE3F7B4FFEF
:107940000B4A137B23F00103137306B070BD00BF15
:10795000C05A012098370300B8380300B4C90400A6
:1079600093C90400CE4E03000E8E0400332303009F
:10797000002D01204FF4847370B5144E86B003FBC4
:107980000066134B012205930F23CDE90332002338
:10799000CDE9013318234FF4A0720E4D0E4903FBBD
:1079A0000055044602FB00110C4B3046009501F0D7
:1079B00083FC737B2C7423F004037373084B013432
:1079C00003EB0433EE606B6006B070BDF82B012052
:1079D000E1C90400E4430120C8160220417D0200F1
:1079E000C80602207FB50020FFF728FF334B03F5C0
:1079F000805282F3088883F30A88E023304C84F8AD
:107A000022300023E37723766376A37684F8203050
:107A1000626A42F4E022626284F82330FAF7EAF8FC
:107A2000FAF720FB4FF0FF33A362E362FAF7FAFCA8
:107A3000FAF73CFBF5F72EFB224801F041FD224B03
:107A4000224A93420ED92249CC23224A224807F0E7
:107A5000C8FF224807F0C5FFCC211E4807F0B8FF39
:107A60002033EEE7FCD30120FFF7E8FE02201C4C98
:107A7000FFF7E4FE02F0ECFB1A4B00259C611A4B69
:107A80004FF40062059301231849CDE903532046C2
:107A9000174BCDE90155009501F00EFC0646637BBE
:107AA000204623F00403637301F078FE2846FFF7B5
:107AB00061FF314620460E4AFAF7ACFAC8060220AA
:107AC00000ED00E0082E0120F034030090350300A3
:107AD000E6C9040093C90400CE4E03000E8E0400D4
:107AE000002D0120E4430120FEC9040008180220F3
:107AF0006D7802002DE9F04F064689B0CDE90412F9
:107B0000DDE9122306A8994690460AF056FCDDE905
:107B10000634CDE9023406F11404EFF31185202375
:107B200083F31288BFF36F8F204603F023F860B908
:107B30008823354A3549364807F053FF21463548F2
:107B400007F04FFF8821304831E0204603F036F837
:107B5000EFF30583EBB94FF0200B06F10C0A30462A
:107B6000DDE90412149B9847074610B3204603F042
:107B70000FF800283FD14FF49A73234A264924482E
:107B800007F02FFF2146254807F02BFF4FF49A718D
:107B9000D9E758EA0903DED021495823214A1C4875
:107BA00007F01FFF204807F01CFF58211D4807F071
:107BB0000FFF58EA0908D9D0DDE9022306A80AF028
:107BC00021FCDDE906232946CDE900239046204625
:107BD0005246994601F0CEFFEFF311858BF31288E0
:107BE000BFF36F8F204602F0C5FF0028A0D02046CB
:107BF00002F0E4FFB3E785F31188BFF36F8F3846D7
:107C000009B0BDE8F08F00BF458904007289040007
:107C1000CE4E0300878904009D890400B4890400C6
:107C200028CA040006CA04006DCA040038B50D4C09
:107C30000D4DAC4213D90D4925230D4A0D4807F0CF
:107C4000D0FE0D4807F0CDFE2521094807F0C0FE03
:107C50002046D4E901120AF07AFA1834E9E7F7D39A
:107C6000002038BD68E90020B0E9002070CA040097
:107C700006CA0400CE4E03000E8E04001FB5054C4C
:107C8000CDE9002302940A460021FFF733FF04B038
:107C900010BD00BF07F80200F8B505460E4600F11A
:107CA0001404EFF31187202383F31288BFF36F8F3F
:107CB000204602F05FFF68B988231B4A1B491C4815
:107CC00007F08FFE21461B4807F08BFE88211648DF
:107CD00007F07EFE204602F071FF28463146F2F79B
:107CE00007FD05F10C000AF032FB28B139462046A9
:107CF000BDE8F84002F0FEB8204602F049FF68B93E
:107D00004FF49A73084A0C49094807F06AFE214665
:107D10000A4807F066FE4FF49A71D8E787F3118896
:107D2000BFF36F8FF8BD00BF45890400728904005E
:107D3000CE4E0300878904009D890400B4890400A5
:107D400008B50D4B9B6893F90E30002B09DB2024FE
:107D5000EFF3118384F31288BFF36F8F09F062FC95
:107D6000F6E7064906481C23064A07F03AFE1C219E
:107D7000044807F02DFE00BFE4430120AACA040016
:107D8000CE4E030089CA040008B583684BB90B497D
:107D90000B488F230B4A07F024FE8F21094807F078
:107DA00017FED0E9003213605A600023427BC0E91D
:107DB000003322F002024273836008BDFDCA040052
:107DC000CE4E0300D2CA04002DE9F74F04460F46F9
:107DD00091461E469DF830A0EFF3058373B152EA39
:107DE00006030BD05D4981235D4A5E4807F0F9FD2B
:107DF0005D4807F0F6FD8121594819E004F10805B6
:107E0000EFF311884FF0200B8BF31288BFF36F8FC5
:107E1000284602F0AFFE68B98823544A54495148B5
:107E200007F0DFFD2946534807F0DBFD88214F4866
:107E300007F0CEFD284602F0C1FE626A23699A422D
:107E400074D2EFF311838BF31288BFF36F8F83F338
:107E50001188BFF36F8F5BB94749A623474A414852
:107E600007F0BFFD404807F0BCFDA6214348DFE70F
:107E70002668B4421AD0CEB13046FFF785FF06F12E
:107E8000180003F08FF8E2680024394630690AF0E0
:107E900065FB3046C6F8BC4001F080FC41462846F0
:107EA00002F028F8204603B0BDE8F08F206A61692F
:107EB000884202D3A369984207D331499C23284AB8
:107EC000284807F08EFD9C2196E7E268BAF1000F82
:107ED00021D039460AF042FB236AE2681344A269C2
:107EE0002362934201D163692362636A013363624F
:107EF0000024284602F04CFE50BB4FF49A731B4AF4
:107F00002049184807F06DFD29461F4807F069FD14
:107F10004FF49A718BE7E069814208BFE361E06941
:107F20003946801AE0610AF019FBDEE759EA0603D8
:107F30000BD0164B22469B6841461F612846CDE96F
:107F4000009601F017FE0446ACE76FF02204D0E77C
:107F500088F31188BFF36F8FA4E700BF28CA04001D
:107F600014CB0400CE4E03006DCA04004589040002
:107F7000728904008789040036CB0400D2CA040049
:107F80004ECB04009D890400B4890400E443012021
:107F90002DE9F7430446884617461D46EFF305834F
:107FA00083B152EA05030DD05F494FF48A735F4AEB
:107FB0005F4807F016FD5F4807F013FD4FF48A7124
:107FC0005A4818E004F10806EFF31189202383F3DF
:107FD0001288BFF36F8F304602F0CCFD68B988235A
:107FE000554A5649524807F0FCFC3146544807F0C0
:107FF000F8FC8821504807F0EBFC304602F0DEFD2B
:10800000636A002B64D0E2684046E1690AF0A6FA90
:10801000E369E2681344A269E361934204BF6369C0
:10802000E361636A013B6362EFF31183202282F311
:108030001288BFF36F8F83F31188BFF36F8F5BB923
:108040004049A623404A3A4807F0CBFC394807F09C
:10805000C8FCA6213C48CEE72568AC4248D0002D9C
:1080600047D02846FFF790FE05F1180002F09AFF6E
:10807000206A6369984202D3A369984209D33349BD
:108080004FF49773294A2A4807F0ABFC4FF49771D5
:1080900096E72969E2680AF061FA236AE2682846ED
:1080A0001344A2692362934204BF63692362636A33
:1080B000013363620024C5F8BC4001F06FFB494600
:1080C000304601F017FF2546284603B0BDE8F0838F
:1080D00057EA05031FD01E4B22469B684946C3F84A
:1080E00010803046CDE9007501F044FD0546EBE710
:1080F0000025304602F04CFD80B94FF49A730E4AC9
:1081000014490B4807F06DFC3146134807F069FC31
:108110004FF49A716EE76FF02205EAE789F3118850
:10812000BFF36F8FD0E700BF28CA040014CB040050
:10813000CE4E03006DCA0400458904007289040014
:108140008789040036CB0400D2CA04004ECB040059
:10815000E44301209D890400B48904002DE9F34122
:10816000044617461E46EFF3058565B158496F234F
:10817000584A594807F035FC584807F032FC6F213F
:10818000544807F025FCEFF31188202383F312886D
:10819000BFF36F8F524802F0EDFC60B98823514A5B
:1081A00051494D4807F01DFC4D49504807F019FC56
:1081B00088214C48E5E74A4802F000FDE3684C4A54
:1081C0009BB1A0689168884229D057EA06032ED156
:1081D000434802F0DDFCA0B188F31188BFF36F8F34
:1081E0006FF00F0002B0BDE8F081916891F90E10B8
:1081F0000133E36093683A482161A36002F0C8FC50
:1082000078B94FF49A73374A3A49334807F0E9FB93
:108210003349394807F0E5FB4FF49A71C9E7216902
:10822000E6E788F31188BFF36F8F0020DAE791F952
:108230000E1090F90E306FF07E029942A8BF1946D9
:108240009142B8BF11468B4202DD09F092FF05460C
:1082500022464146CDE90076214801F08BFC0028FA
:10826000E3D0EFF31186202383F31288BFF36F8FDF
:108270001B4802F07FFC002890D0194802F09EFCB9
:10828000A068C0B1236821699C420AD04BB193F920
:108290000E309942A8BF19466FF07E039942B8BFCD
:1082A000194609F066FF30B131460D4801F022FE53
:1082B0006FF00A0096E7002DF6D1094802F068FC3D
:1082C00000289ED086F31188BFF36F8FF0E700BFC0
:1082D000BCCB04009ACB0400CE4E0300CECB0400EE
:1082E0000C44012045890400728904008789040038
:1082F000E44301209D890400B4890400F8B50546D3
:10830000EFF3058363B15549D723554A554807F024
:1083100068FB554807F065FBD721514807F058FB2B
:108320008368002B00F09380504A9268934240F09B
:108330009180C3683BB94E49EF23494A494807F049
:1083400050FBEF21E9E7012B03D0013BC360002084
:10835000F8BDEFF31187202484F31288BFF36F8FE9
:10836000444802F007FC60B98823434A43493D482A
:1083700007F037FB3F49424807F033FB88213E486E
:10838000CCE73C4802F01AFC2969A86809F0F1FE24
:10839000EFF3118384F31288BFF36F8F83F3118897
:1083A000BFF36F8F5BB93749A623374A2D4807F0D3
:1083B00018FB364807F015FBA6213348AEE72C68BA
:1083C000AC4215D100232B48C5E9023302F0E0FB93
:1083D000002837D14FF49A73274A2D49214807F0D6
:1083E00000FB24492B4807F0FCFA4FF49A71C6E7CA
:1083F000002CE7D0A3683BB927498F23224A1948AC
:1084000007F0EFFA8F21D8E70026D4E90032136095
:108410005A60637BC4E9006623F002036373A660BD
:1084200004F1180002F0BEFDAC6094F90E30204655
:108430002B61C4F8BC6001F0B1F939460D4801F078
:1084400059FD84E787F31188BFF36F8F7FE76FF0E3
:1084500015007DE74FF0FF307AE700BFBCCB04008A
:108460009ACB0400CE4E0300CECB0400E44301209F
:10847000F3CB04000C4401204589040072890400F8
:108480008789040036CB0400D2CA04006DCA0400F8
:108490009D890400B4890400FDCA040008B58368FE
:1084A0004BB90B490B488F230B4A07F09AFA8F21DF
:1084B000094807F08DFAD0E9003213605A600023B2
:1084C000427BC0E9003322F002024273836008BDA0
:1084D000FDCA0400CE4E0300D2CA04002DE9F047C5
:1084E00004460D4691469A469DF8206000F1080723
:1084F000EFF31188202383F31288BFF36F8F384680
:1085000002F038FB60B988234A4A4B494B4807F0D0
:1085100068FA39464A4807F064FA882145481BE062
:10852000384602F04BFB06B16568EFF31183202259
:1085300082F31288BFF36F8F83F31188BFF36F8FBD
:1085400063B94049A623404A3C4807F04AFA3F48ED
:1085500007F047FAA6213C4807F03AFA234653F8B9
:108560000C6F9E4216D0AEB100243046FFF796FF46
:1085700006F1180002F016FD3046C6F8BC40C6F8F9
:10858000109001F00BF94146384601F0B3FC20464B
:10859000BDE8F087BAF1000F14D0082003F046F9C7
:1085A00000283FD00122C0F804900260016801F069
:1085B00003015DB922680A430260626820606AB9FB
:1085C00060600BE04846C9F800A0EFE72A68032A7C
:1085D0001DD801606168A1B9C4E9000000243846D3
:1085E00002F0D6FA08BB4FF49A73124A184913489E
:1085F00007F0F7F93946174807F0F3F94FF49A7185
:108600008CE70A6802F0030202430A60D8E722F00E
:1086100003020A4302602A6802F0030240EA0203EE
:108620002B60DBE76FF00B04D9E788F31188BFF309
:108630006F8FACE74589040072890400CE4E0300B9
:108640008789040036CB0400D2CA04006DCA040036
:108650009D890400B48904002DE9F743064690463D
:108660001F4600F10805EFF31189202383F31288D8
:10867000BFF36F8F284602F07DFA68B98823254A38
:108680002549264807F0ADF92946254807F0A9F9FC
:108690008821204807F09CF9284602F08FFA3468B8
:1086A000FCB12368726823F00303944220464FF024
:1086B0000101336008BF736009F06AFD0446284673
:1086C00002F066FAE8B94FF49A73124A1549134852
:1086D00007F087F92946144807F083F94FF49A7197
:1086E000D7E758EA0703EAD049462846CDE900878C
:1086F00006F10C0201F03EFA38B90C4B9B681C697C
:1087000003E089F31188BFF36F8F204603B0BDE803
:10871000F08300BF4589040072890400CE4E030037
:10872000878904009D890400B4890400E443012082
:1087300008B583684BB90B490B488F230B4A07F0E8
:1087400050F98F21094807F043F9D0E9003213604E
:108750005A600023427BC0E9003322F002024273D8
:10876000836008BDFDCA0400CE4E0300D2CA0400D7
:1087700070B50446EFF31186202585F31288BFF308
:108780006F8F304802F0F6F960B988232E4A2F49DE
:108790002F4807F026F92B492E4807F022F98821A7
:1087A000294818E0274802F009FAEFF3118385F30E
:1087B0001288BFF36F8F83F31188BFF36F8F63B994
:1087C0002549A623254A224807F00BF9244807F03B
:1087D00008F9A621214807F0FBF82568AC4213D020
:1087E00095B12846FFF7A4FF05F1180002F0DAFB67
:1087F00000232846C5F8BC3000F0D0FF3146BDE864
:108800007040104801F076BBD4E902329A4218BF9A
:1088100001330C48A36002F0BBF968B94FF49A73B6
:10882000094A10490A4807F0DCF806490E4807F0E3
:10883000D8F84FF49A71B3E786F31188BFF36F8FBE
:1088400070BD00BF104401204589040072890400F6
:10885000CE4E03008789040036CB0400D2CA040040
:108860006DCA04009D890400B4890400F7B504466C
:1088700016461D46EFF305837BB152EA05030CD083
:108880002D4988232D4A2E4807F0ABF82D4807F0D4
:10889000A8F88821294807F09BF8EFF311872023D7
:1088A00083F31288BFF36F8F274802F063F960B932
:1088B0008823264A2649224807F093F8224925486A
:1088C00007F08FF888212148E5E71F4802F076F984
:1088D000A368D3B1013B1C48A36002F059F968B901
:1088E0004FF49A73194A1C49154807F07AF816494B
:1088F0001A4807F076F84FF49A71E4E787F3118885
:10890000BFF36F8F002003B0F0BD56EA05030BD113
:108910000D4802F03DF90028E2D087F31188BFF33B
:108920006F8F6FF00F00EEE722463946CDE9006504
:10893000054801F01FF9E6E72ACC04000ACC040040
:10894000CE4E03006DCA0400104401204589040086
:1089500072890400878904009D890400B489040099
:108960002DE9F8430546EFF31188202787F3128895
:10897000BFF36F8F314802F0FDF8064660B98823D7
:108980002F4A3049304807F02CF82C492F4807F07F
:1089900028F888212A481BE0284802F00FF96FF0D8
:1089A0000A090023EFF3118287F31288BFF36F8F58
:1089B00082F31188BFF36F8F62B92549A623254A38
:1089C000214807F00EF8244807F00BF8A6212148AB
:1089D00006F0FEFF2C68A5420ED06CB12046FFF7D2
:1089E000A7FE04F1180002F0DDFA2046C4F8BC909E
:1089F00000F0D4FE3346D5E70022AA602BB14146F1
:108A0000BDE8F8430D4801F075BA0C4802F0C0F813
:108A100068B94FF49A730A4A10490B4806F0E1FF0F
:108A200006490F4806F0DDFF4FF49A71B2E788F36C
:108A30001188BFF36F8FBDE8F88300BF1044012099
:108A40004589040072890400CE4E03008789040022
:108A500036CB0400D2CA04006DCA04009D8904000C
:108A6000B48904002DE9F0430446764E764F85B074
:108A7000EFF31188202383F31288BFF36F8F304602
:108A800002F078F868B98823704A7149714806F095
:108A9000A8FF6C49704806F0A4FF88216B4806F0D7
:108AA00097FF304602F08AF8D4F80C51F5B902214C
:108AB00004F5927009F08FFB002840D004F58E7504
:108AC00000220121284601F0B5FE0028F8D100233C
:108AD0004FF0FF3202934FF0FF334146CDE90023C0
:108AE000304604F58A7201F003FFC1E7D4F8102183
:108AF0002B68954208BFC4F81031C4F80C31D4F883
:108B00002431304643F00203C4F82431EB68D5F831
:108B1000049023F0040343F00103EB6002F038F803
:108B2000F8B94FF49A73494A4C494A4806F059FF3C
:108B300044494B4806F055FF4FF49A71AEE7D4F81C
:108B40002431DD06C3D5C4F824013E4802F020F8E4
:108B50000028E6D088F31188BFF36F8F05B0BDE819
:108B6000F08388F31188BFF36F8FB9F1000F0AD13A
:108B70003C4938484FF438733B4A06F032FF4FF413
:108B8000387139488BE72846C847EFF3118820230E
:108B900083F31288BFF36F8F304601F0EBFF00289C
:108BA0003FF471AF304602F009F8EB68D90623F0C4
:108BB000010231D4EA60EB689A0716D5386823F0D1
:108BC0000203EB6088B10021036870B142689542EE
:108BD00030D1036841BB7A683B60824200D17B6040
:108BE000002340F8083BFFF7C3FDD4F8243130469A
:108BF00023F00203C4F82431C3F3002501F0C8FFB9
:108C000000288ED088F31188BFF36F8F002D7FF47A
:108C10002FAF01F025FB2BE723F01103EB6005F1EB
:108C20001000FFF7A5FDC6E70B607B68834208BF15
:108C30007960D5E723B11A68014618461346C4E7A0
:108C40001A46F9E71C440120144401204589040018
:108C500072890400CE4E0300878904009D890400B8
:108C6000B4890400B9CC040077CC0400F8B5C3681B
:108C700004469A070F46C3F340063BD45B0727D44C
:108C80000B680BB983680B60E368DD0723D5A36825
:108C90005BB92949294840F25713294A06F0A1FE39
:108CA00040F25711264806F093FE02263B603D68CD
:108CB000002D3ED0234B9A68D5F808319A420CD04B
:108CC000D5F82431D807C3F3800216D46FF012060A
:108CD00000233B6027E00126E9E709F0E1FAD5F837
:108CE00024310028EED1D907C3F3C002EED552B12A
:108CF0005B0708D46FF00F06EAE7002AFAD1C3F346
:108D0000C003002BF6D100232360D5F8103163B9DE
:108D1000C5E94344284609F078FAE36843F00403C0
:108D2000E3603B68A3603046F8BD1C60C5F81041A5
:108D3000F0E76FF01506CBE798CC0400CE4E0300A9
:108D400077CC0400E443012073B50446EFF31185AA
:108D5000202383F31288BFF36F8F1E4801F00AFFB0
:108D600068B988231C4A1D491D4806F03AFE194976
:108D70001C4806F036FE8821174806F029FE1548E3
:108D800001F01CFF00230321201F0193A4F1100612
:108D900009F021FA28B1A369304601A90193FFF730
:108DA00065FF0C4801F0F4FE68B94FF49A730A4A63
:108DB0000D490B4806F015FE06490C4806F011FE59
:108DC0004FF49A71D8E785F31188BFF36F8F02B023
:108DD00070BD00BF1C440120458904007289040055
:108DE000CE4E0300878904009D890400B4890400E5
:108DF00038B50D46044648B90C499C230C4A0D4829
:108E000006F0EFFD9C210A4806F0E2FD39B90A4957
:108E10009D23074A074806F0E4FD9D21F3E7102251
:108E2000002109F0C2FB656038BD00BF11CD040010
:108E300077CC0400CE4E0300B9CC040037B50C4605
:108E4000019059B9284940F27D13284A284806F074
:108E5000C8FD40F27D11254806F0BAFD4B684BB9BC
:108E600024494FF4BF73214A214806F0BAFD4FF45C
:108E7000BF71F0E7EFF31185202383F31288BFF36E
:108E80006F8F1D4801F076FE60B988231B4A1C498C
:108E9000174806F0A6FD18491A4806F0A2FD8821D9
:108EA0001648D9E7144801F089FE204601A9FFF7CA
:108EB000DDFE0446104801F06BFE68B94FF49A736A
:108EC0000E4A11490A4806F08CFD0B490F4806F07E
:108ED00088FD4FF49A71E3E785F31188BFF36F8F34
:108EE000204603B030BD00BF11CD040077CC040094
:108EF000CE4E0300B3CC04001C440120458904007D
:108F000072890400878904009D890400B4890400E3
:108F10000146014809F0B4B9302F0120F0B589B0FD
:108F200004460E9D58B92F4940F232332E4A2F483D
:108F300006F057FD40F232312B4806F049FD49B9A1
:108F40002B4940F23333284A284806F04AFD40F2C4
:108F50003331F1E7D0F8240110F0010009D02549A0
:108F60004FF44D73204A214806F03BFD4FF44D71FC
:108F7000E2E7C4E9430004F58A70C4E9450004F55A
:108F80008E70C4E9470055B32879002840F20110DB
:108F900008BF0120C4F8240100204FF0FF364FF035
:108FA000FF37CDE90330CDE90100CDE90667204662
:108FB000114B009400F03EFA55B1296811B12046DA
:108FC00000F028F96B791BB1237B43F00103237375
:108FD000204601F099FAC4F8084109B0F0BD01201B
:108FE000D8E700BF04CD040077CC0400CE4E0300C8
:108FF0000ACD0400D0CC0400658A020038B50D46C5
:10900000044658B90F494FF478730F4A0F4806F0D9
:10901000E8FC4FF478710C4806F0DAFC49B90C49C9
:1090200040F2E133084A094806F0DBFC40F2E13146
:10903000F1E73022002109F0B8FA4FF4807365603F
:10904000E36038BD10CD040077CC0400CE4E0300A1
:10905000B9CC0400F7B50C4616461D46019058B928
:10906000334940F25743334A334806F0BAFC40F2E2
:109070005741304806F0ACFC49B930494FF48B6396
:109080002C4A2D4806F0ADFC4FF48B61F1E7EFF36D
:109090001187202383F31288BFF36F8F284801F0D4
:1090A00069FD60B98823274A2749234806F099FCBF
:1090B0002349264806F095FC88212248DAE7204813
:1090C00001F07CFDE36813F01E0F27D155EA06027C
:1090D00016D1204601A9FFF7C9FD0446184801F042
:1090E00057FDE8B94FF49A73164A1949124806F029
:1090F00078FC1349174806F074FC4FF49A71DCE7CA
:1091000043F00803E360019B04F11000A3623246C0
:109110002B46114901F06AFE0124DFE70024DDE758
:1091200087F31188BFF36F8F204603B0F0BD00BFF7
:109130009ECC040077CC0400CE4E030010CD04007A
:109140001C440120458904007289040087890400B9
:109150009D890400B4890400498D020038B5044695
:1091600058B92349234840F29C43234A06F039FC6E
:1091700040F29C41204806F02BFCEFF311852023A0
:1091800083F31288BFF36F8F1C4801F0F3FC60B9C2
:1091900088231B4A1B49174806F023FC17491A4825
:1091A00006F01FFC88211648E5E7144801F006FD8B
:1091B000204609F01BF8204609F02FF804460F4816
:1091C00001F0E6FC68B94FF49A730D4A0F4909485B
:1091D00006F007FC09490E4806F003FC4FF49A71AB
:1091E000E1E785F31188BFF36F8F204638BD00BFDC
:1091F00010CD0400CE4E030077CC04001C440120A7
:109200004589040072890400878904009D8904004F
:10921000B489040010B5044608B9054B9C681F22A8
:1092200004F1840009F012FB002084F8A30010BDB3
:10923000E44301202DE9F84F0C46A1B39AB390F80E
:109240000D90DFF86C800846571EB9F1000F25D04D
:109250000025DFF860A0B8F804B019EA0B0F19D0A8
:10926000B8F806307E1B9E4228BF1E46D8F8001074
:10927000324609F073F92E4439EA0B0904EB060073
:109280000CD0BD1B012D28BF012551462A4609F0EF
:1092900065F9354408F108086019DCE7002303701C
:1092A0002046BDE8F88F0148FBE700BF6FCA040005
:1092B000684C030025CD04002DE9F04F85B0119FC7
:1092C00004460F2F0E469946DDF838B0DDF84C8085
:1092D0004AD14C498B424BD104F15801C4E91611D3
:1092E0001299002521730421073222F0070A524601
:1092F0006173A773AA213046C4E90655A560E573DA
:1093000009F053F9109BC4E92A6AC4F8B0500293DB
:109310000F9B06EB0A07CDE900B33A464B463146B0
:109320002046F8F733FE0F9BC4E91C9BA367109BF4
:10933000656584F86C50E367EFF31189202383F3AC
:109340001288BFF36F8F304801F014FC18BB8823DC
:109350002E4A2F492F4806F044FB2B492E4806F091
:1093600040FB8821294814E007F110011E29B3D9D8
:1093700040F24B23294A2A49264806F032FB394657
:1093800028486FF00F030E2206F02BFB40F24B2112
:10939000224806F01DFB244E1B4801F00FFC736AA7
:1093A0001948C4F88030746201F0F2FB68B94FF4D8
:1093B0009A73164A1D49174806F013FB12491C48B8
:1093C00006F00FFB4FF49A71CCE789F31188BFF3D5
:1093D0006F8FB8F1000F11D01F22414604F18400B5
:1093E00009F034FA84F8A350B3680BB1D3F8B43061
:1093F0003846C4F8B43005B0BDE8F08F84F88480F6
:10940000F2E700BF417D02002C44012045890400A1
:1094100072890400CE4E03008789040027CD040022
:109420004ACD0400CACD0400E44301209D89040014
:10943000B4890400F0B587B00446DDE91276EFF395
:10944000058575B1194940F21A33194A194806F0D1
:10945000C8FA194806F0C5FA40F21A31144806F065
:10946000B7FA0595109D04950F9D03950E9D0295E5
:109470000D9D01950C9D0095FFF71EFFB6F1FF3F76
:1094800008BFB7F1FF3F05D056EA070305D12046D4
:1094900001F03AF8204607B0F0BD3A46334604F1F1
:1094A0001800064901F0A2FCF4E700BFBCCB0400A1
:1094B00027CD0400CE4E0300FBCD04003323030070
:1094C00040F201138381002310B50446C0E92A331A
:1094D00002F0A6F9014B9C6010BD00BFE4430120DF
:1094E00070B590F90D20437B002A5ADBDC0658D179
:1094F0002D4A43F080039042437309D12B495223F4
:109500002B4A2C4806F06DFA5221294806F060FAE1
:10951000D90707D528495323254A264806F061FA7A
:109520005321F2E7254C224652F81C3F216A934210
:1095300007D1C0E900210860206211E09942F8D00B
:109540001B68002BF5D090F90E5093F90E60B542D0
:10955000F4D0AE42F2DD5968C0E9003108605860CD
:10956000E569954200D005B9E568A3685BB914497F
:10957000EA23144A0F4806F034FA134806F031FA89
:10958000EA211048C2E75A7BD20604D1DA897F2A41
:1095900001D9AA6932B1AB4202D0284601F062FA81
:1095A000A56170BDA361FCE7F82B01207BCE040010
:1095B00059CE0400CE4E03009CCE0400E4430120AB
:1095C000E1CE0400B5CE04006DCA040038B590F9B0
:1095D0000D200146002A437B1BDA224A03F07F0359
:1095E0009042437309D120495A23204A204806F06B
:1095F000F8F95A211D4806F0EBF9DC0707D51D499B
:109600005B231A4A1A4806F0ECF95B21F2E708F0EE
:1096100060FE194D2A4652F81C4FAB68944200D0A8
:1096200004B9EC688B4214D05BB91449EA23144A9C
:109630000F4806F0D6F9134806F0D3F9EA2110488E
:10964000D9E75A7BD20604D1DA897F2A01D9A269E7
:109650002AB1A34202D0204601F004FA2346AB61AE
:1096600038BD00BFF82B01207BCE040059CE04008A
:10967000CE4E03009CCE0400E4430120E1CE040062
:10968000B5CE04006DCA040008B583684BB909491A
:1096900009488F23094A06F0A4F98F21074806F0EC
:1096A00097F908F016FE437B23F00203437300236F
:1096B000836008BDFDCA0400CE4E0300D2CA040078
:1096C00008B5144A936880B1597B11F0090F0CD189
:1096D0001149D223114A124806F083F9114806F0C5
:1096E00080F9D2210D4806F073F96FF00A01C3F832
:1096F000BC100D49C3F8B8004B6843F080534B6071
:10970000002383F31188BFF36F8F9368D3F8BC00F5
:1097100008BD00BFE443012032CF040008CF04009D
:10972000CE4E03009BCF040000ED00E038B5194C8D
:10973000A168206A0B68814214BF1A46002249685A
:109740000B605960A368216A2AB9134AC3E9002152
:109750000B6023620CE093F90E0092F90E50A842C0
:1097600014D0854212DD5168C3E900210B605360BB
:10977000E569094B9D4200D005B9E568A3689D42A3
:1097800002D0284601F06EF9A56138BD9142DCD0C7
:109790001268D9E7E44301200044012038B50446AB
:1097A000EFF31185202383F31288BFF36F8F1748DF
:1097B00001F0E0F968B98823154A1649164806F001
:1097C00010F91249154806F00CF98821104806F0E6
:1097D000FFF80E4801F0F2F92046FFF781FE0B4832
:1097E00001F0D6F968B94FF49A73094A0C490A484E
:1097F00006F0F7F805490B4806F0F3F84FF49A71B4
:10980000E4E785F31188BFF36F8F38BD2044012052
:109810004589040072890400CE4E03008789040044
:109820009D890400B4890400F8B5734D0446AE6800
:10983000864263D1EFF30583002B5FD1EFF31187ED
:10984000202383F31288BFF36F8F6C4801F092F9E5
:1098500060B988236A4A6B496B4806F0C2F86749C9
:109860006A4806F0BEF88821654813E0634801F0B5
:10987000A5F9737B664A03F07F0343F01003964219
:10988000737309D163495A23634A5F4806F0A9F804
:109890005A21614806F09CF8D80707D55F495B2339
:1098A0005D4A594806F09DF85B21F2E7304608F022
:1098B00010FD2B4653F81C4F9C4200D004B9EC68B5
:1098C000AB689C4202D0204601F0CCF84B48AC611A
:1098D00001F05EF968B94FF4B773494A50494A48F4
:1098E00006F07FF845494F4806F07BF84FF4B77112
:1098F000BAE73846BDE8F840FFF7E2BEEFF311865D
:10990000202383F31288BFF36F8F3C4801F032F9B4
:1099100000289ED0394801F051F9637BD90612D551
:10992000364801F035F9002860D14FF49A73344A73
:109930003B49354806F055F830493A4806F051F8A9
:109940004FF49A7190E7D90943F010023ED1627347
:10995000EF69354B9F4200D007B9EF68AB68BB4257
:1099600002D0384601F07EF8AB68AF619C42D7D197
:10997000EFF30585002DD3D1237BDB071FD51F48CF
:1099800001F006F90028D0D086F31188BFF36F8F5D
:1099900085F31188BFF36F8F0423184602DFEFF3BE
:1099A0001186202383F31288BFF36F8F134801F0D1
:1099B000E1F800283FF44DAF104801F0FFF80F48E0
:1099C00001F0E6F8002886D0304693E7104A03F00D
:1099D0007F0343F01003944263733FF453AFDA07FD
:1099E0003FF55CAF204608F074FCB1E786F31188C0
:1099F000BFF36F8FF8BD00BFE44301202044012076
:109A00004589040072890400CE4E03008789040052
:109A1000F82B01207BCE040059CE04009CCE04001C
:109A20009D890400B48904000044012038B504462F
:109A3000EFF31185202383F31288BFF36F8F18484B
:109A400001F098F868B98823164A1749174805F0B5
:109A5000C8FF1349164805F0C4FF8821114805F0D6
:109A6000B7FF0F4801F0AAF8A36813B12046FFF72B
:109A70000BFE0B4801F08CF868B94FF49A73094A51
:109A80000C490A4805F0ADFF05490B4805F0A9FF50
:109A90004FF49A71E2E785F31188BFF36F8F38BDF9
:109AA000204401204589040072890400CE4E030041
:109AB000878904009D890400B489040070B50446B8
:109AC0000D46EFF31186202383F31288BFF36F8FC7
:109AD000214801F04FF868B98823204A20492148DD
:109AE00005F07FFF1C49204805F07BFF88211B48BB
:109AF00005F06EFF184801F061F8002394F86C102F
:109B0000627B84F86C3091B18DB1134801F040F85C
:109B1000E8B94FF49A73114A1449124805F061FFED
:109B20000D49134805F05DFF4FF49A71DFE712F01D
:109B3000280FEAD1A36813B12046FFF7A5FD637B88
:109B4000204623F004036373FFF7CAFCDDE786F3C6
:109B50001188BFF36F8F70BD204401204589040038
:109B600072890400CE4E0300878904009D89040099
:109B7000B48904002DE9F047DFF800A1344D174601
:109B8000DDE90898DAF80820324BA84204460E4670
:109B90001A600BD13049314840F29E23304A05F01B
:109BA00020FF40F29E212E4805F012FFEFF31183B3
:109BB000202383F31288BFF36F8F284600F0DAFF6B
:109BC00060B98823274A2849244805F00AFF294616
:109BD000264805F006FF88212248E5E7284600F0E0
:109BE000EDFFDAF808503946284608F07AFBB8F15C
:109BF000FF3F08BFB9F1FF3F06D04A4643461C4924
:109C000005F1180001F0F2F8204600F0C1FF68B934
:109C100018494FF4B773134A104805F0E2FE214685
:109C2000154805F0DEFE4FF4B771D5E7084800F09F
:109C3000AFFF40B90F494FF4B7730A4A074805F020
:109C4000D0FE0349ECE73046BDE8F047FFF738BDEA
:109C50002044012024440120C3CF0400CE4E030041
:109C600059CE0400458904007289040087890400E4
:109C7000332303009D890400B4890400E4430120D8
:109C800070B50546EFF31186202383F31288BFF3E6
:109C90006F8F1B4800F06EFF68B98823194A1A4974
:109CA0001A4805F09EFE1649194805F09AFE8821CB
:109CB000144805F08DFE124800F080FF2C68A54284
:109CC00015D014B12046FFF7DFFC0D4800F060FF0F
:109CD00078B94FF49A730B4A0E490C4805F081FE8F
:109CE00007490D4805F07DFE4FF49A71E0E7002426
:109CF000EBE786F31188BFF36F8F204670BD00BF7E
:109D0000204401204589040072890400CE4E0300DE
:109D1000878904009D890400B48904002DE9F0417D
:109D200004460D46EFF31187202383F31288BFF317
:109D30006F8F624800F01EFF60B98823604A614956
:109D4000614805F04EFE5D49604805F04AFE8821F5
:109D50005B4818E0594800F031FF637B03F01F02B5
:109D6000002A0CBF0126002671D1594A03F07F0357
:109D70009442637309D157495A23574A524805F010
:109D800030FE5A21544805F023FED90707D5534920
:109D90005B23514A4C4805F024FE5B21F2E7204644
:109DA00008F097FA637B6DB243F08003DA07A5737E
:109DB000637307D549495323474A434805F011FEC9
:109DC0005321DFE7DFF82881424652F81C3F9342D7
:109DD0003AD1D8F82010C4E900210C60C8F820401E
:109DE0000FE09942F7D01B68002BF4D093F90E00D6
:109DF0008542F6D0A842F4DD5968C4E900310C6010
:109E00005C60D8F81C40944200D00CB9D8F80C40E3
:109E1000D8F808309C4202D0204600F023FEC8F853
:109E20001840264800F0B4FE00283FD14FF49A7342
:109E3000234A2B49244805F0D4FD2049294805F040
:109E4000D0FD4FF49A7183E7D8F82010CCE79B0738
:109E50002AD5A16841B924491B488F23234A05F01C
:109E6000C0FD8F2121488EE720466DB208F031FAFF
:109E7000A5730B68994209D14B68C4E900131C60B3
:109E80004C60CEE74A689342F6D01B68002BF3D0B3
:109E900093F90E209542F5D0AA42F3DD5A68C4E941
:109EA000003214605C60BCE7A573BAE787F31188E1
:109EB000BFF36F8F3046BDE8F08100BF2044012022
:109EC0004589040072890400CE4E0300878904008E
:109ED000F82B01207BCE040059CE04009CCE040058
:109EE0009D890400B4890400FDCA0400D2CA04009C
:109EF000E443012070B504460D46F9B9EFF3058639
:109F0000E6B91A4B9A699B689A4217D000F040FE56
:109F100078B94FF4B773164A1649174805F061FD32
:109F20002146164805F05DFD4FF4B771104805F065
:109F30004FFD3046BDE87040FFF7C2BB204600F041
:109F400027FE68B94FF49A73094A0A490A4805F08E
:109F500048FD2146094805F044FD4FF49A71E5E7B4
:109F600085F31188BFF36F8F70BD00BFE4430120FC
:109F7000458904009D890400CE4E0300B489040085
:109F800038B50446EFF31185202383F31288BFF31D
:109F90006F8F1D4800F0EEFD68B988231B4A1C49ED
:109FA0001C4805F01EFD18491B4805F01AFD8821C4
:109FB000164805F00DFD144800F000FE637BDA063C
:109FC00016D4114800F0E4FD68B94FF49A730F4AB3
:109FD0001249104805F005FD0B49114805F001FD37
:109FE0004FF49A71E4E785F31188BFF36F8F38BDA2
:109FF00023F0100320466373FFF772FA2946BDE889
:10A0000038400148FFF776BF20440120458904000D
:10A0100072890400CE4E0300878904009D890400E4
:10A02000B4890400034648B9EFF3058232B9064A01
:10A0300091699268914201D0FFF742BB83F3118886
:10A04000BFF36F8F704700BFE443012010B5EFF3FB
:10A050001184202383F31288BFF36F8F284800F008
:10A0600089FD60B98823274A2749284805F0B9FCAB
:10A070002349274805F0B5FC8821224812E02048F2
:10A0800000F09CFDEFF3058373B1224940F23B33AE
:10A09000214A1E4805F0A5FC204805F0A2FC40F22C
:10A0A0003B311D4805F094FC1D4B9A68D37B012B76
:10A0B0000CD11C494FF44F73174A144805F091FC1A
:10A0C000164805F08EFC4FF44F71EAE7013BD3735D
:10A0D0000B4800F05DFD68B94FF49A73094A1249C4
:10A0E0000A4805F07EFC0649104805F07AFC4FF45A
:10A0F0009A71C2E784F31188BFF36F8F10BD00BF60
:10A10000204401204589040072890400CE4E0300DA
:10A1100087890400BCCB040059CE04006DCA04003A
:10A12000E4430120FCCF04009D890400B4890400AD
:10A1300070B5EFF31186202383F31288BFF36F8F7E
:10A14000374800F017FD60B98823364A364937484A
:10A1500005F047FC3249364805F043FC8821314878
:10A1600013E0344D2E4800F029FDAB68DA7B72B95C
:10A17000314940F24733314A2C4805F032FC30482F
:10A1800005F02FFC40F247312C4805F021FCEFF39D
:10A19000058161B12B494FF45273284A234805F0D9
:10A1A00020FC274805F01DFC4FF45271ECE701320A
:10A1B000DA732A4652F81C4F944200D004B9EC6876
:10A1C0005A7BD20604D1DA897F2A01D9A2692AB141
:10A1D000A34202D0204600F045FC23461048AB6164
:10A1E00000F0D6FC68B94FF49A730E4A16490F482E
:10A1F00005F0F7FB0A49154805F0F3FB4FF49A7197
:10A20000ADE786F31188BFF36F8FEFF31180202342
:10A2100083F31288BFF36F8FBDE87040FFF702BF72
:10A22000204401204589040072890400CE4E0300B9
:10A2300087890400E44301202DD0040059CE040096
:10A240006DCA0400BCCB04009D890400B4890400DD
:10A25000024B03F11C02C3E907227047E4430120CB
:10A2600070B5EFF3058373B139494FF48E63394A02
:10A27000394805F0B6FB394805F0B3FB4FF48E6161
:10A28000344805F0A5FBEFF31186202383F31288F1
:10A29000BFF36F8F324800F06DFC60B98823314AFC
:10A2A00031492D4805F09DFB2D49304805F099FBBB
:10A2B00088212C48E5E72E4C294800F07FFCA16856
:10A2C000206A0B68814214BF1A46002249680B605D
:10A2D0005960A368216A2AB9264AC3E900210B60A4
:10A2E00023620CE093F90E0092F90E50A84225D09B
:10A2F000854223DD5168C3E900210B605360E569A5
:10A300001C4B9D4200D005B9E568A3689D4202D070
:10A31000284600F0A7FB1248A56100F039FC88B977
:10A320004FF4B7730F4A14490B4805F05AFB0C4918
:10A33000124805F056FB4FF4B771BAE78A42CBD00A
:10A340001268C8E73046BDE87040FFF7B9B900BFF2
:10A35000BCCB040059CE0400CE4E03006DCA0400ED
:10A360002044012045890400728904008789040083
:10A37000E4430120004401209D890400B4890400C5
:10A380002DE9F04106460C46EFF3058777B13449D5
:10A390004FF49163334A344805F023FB334805F00A
:10A3A00020FB4FF491612F4805F012FB50EA0103A6
:10A3B00004D1FFF755FF0020BDE8F081EFF31188CD
:10A3C000202383F31288BFF36F8F294800F0D2FB5C
:10A3D00060B98823274A2849234805F002FB24490D
:10A3E000264805F0FEFA88212248DDE7244D204862
:10A3F00000F0E4FBA868234B1860FFF7E7F8A868B3
:10A40000234632462049183000F0F0FCAA68044682
:10A41000537B174843F00403537300F0B9FB68B94A
:10A420004FF4B773134A19490F4805F0DAFA104987
:10A43000174805F0D6FA4FF4B771D5E74046FFF755
:10A440003FF9AB68D3E90A23B3F1004F08BFBA4222
:10A45000B1D107F0ACFF201A20EAE070ACE700BFF2
:10A46000BCCB040059CE0400CE4E03006DCA0400DC
:10A470002044012045890400728904008789040072
:10A48000E443012024440120332303009D89040078
:10A49000B489040070B505460E46EFF3058474B127
:10A4A000154940F2B243154A154805F09AFA154885
:10A4B00005F097FA40F2B241104805F089FAFFF72B
:10A4C0005FFFB6F1FF3F08BFB5F1FF3F02462846E8
:10A4D00011D04FF47A7147F6FF73C2FB0134D80BE9
:10A4E00040EA4440B0F1004F4FEAD43474F1000424
:10A4F00028BF6FF0004070BDBCCB040059CE0400F3
:10A50000CE4E03006DCA040038B50446EFF3118542
:10A51000202383F31288BFF36F8F204800F02AFBBB
:10A5200068B988231E4A1F491F4805F05AFA1B497B
:10A530001E4805F056FA8821194805F049FA1748CF
:10A5400000F03CFB637B5B0710D504F1180000F0C2
:10A5500029FD637B204623F004036373FEF7C0FFED
:10A560002946BDE838400D48FFF7C4BC0B4800F051
:10A570000FFB68B94FF49A73094A0D490A4805F070
:10A5800030FA06490B4805F02CFA4FF49A71D3E7DC
:10A5900085F31188BFF36F8F38BD00BF20440120C1
:10A5A0004589040072890400CE4E030087890400A7
:10A5B0009D890400B4890400014B9868704700BF6E
:10A5C000E44301202DE9F8430446077BEFF31185AE
:10A5D000202383F31288BFF36F8F844800F0CAFAF8
:10A5E00068B98823824A8349834805F0FAF97F498C
:10A5F000824805F0F6F988217D4805F0E9F97B48A5
:10A6000000F0DCFA637B180717D5784800F0C0FA31
:10A6100068B94FF49A73764A7949774805F0E1F9B9
:10A620007249784805F0DDF94FF49A71E4E785F353
:10A630001188BFF36F8FBDE8F883D90943F0080292
:10A6400040F086806273A36813B12046FFF71CF8C0
:10A6500004F1180000F0A6FCA66D04F15808B045FE
:10A6600011D04FF0000976B13046FFF70DF806F132
:10A67000180000F097FC3046C6F8BC90FEF730FF9B
:10A68000A66DB045EFD1DFF8A881D8F808309C421C
:10A690007DD1EFF30589B9F1000918BF4FF0010929
:10A6A000D8F81C60584A964200D00EB9D8F80C6011
:10A6B000B34202D0304600F0D5F92046C8F8186001
:10A6C00006F0A7FF204600F00BFBB9F1000F02D007
:10A6D0004E48FEF7F5FED8F808309C426AD1EFF3F9
:10A6E0000586002E66D1237BDA071FD53F4800F090
:10A6F0004FFA00288DD085F31188BFF36F8F86F352
:10A700001188BFF36F8F0423184602DFEFF3118522
:10A71000202383F31288BFF36F8F344800F02AFAA6
:10A7200000283FF45EAF314800F048FA2F4800F0AF
:10A730002FFA78BB4FF4B7732D4A31492E4805F0F4
:10A7400050F92A492F4805F04CF94FF4B77153E7F7
:10A750002F4A03F07F0343F008039442637308D148
:10A760002C495A232C4A244805F03BF95A212A48FF
:10A7700043E7D90707D529495B23274A1E4805F037
:10A7800030F95B21F3E7204607F0A3FD5BE74FF0CC
:10A79000000985E72846FEF793FF21494FF4EE7341
:10A7A0001D4A154805F01DF91E4805F01AF94FF429
:10A7B000EE71DCE70D4800F0EBF900283FF429AF1B
:10A7C00085F31188BFF36F8FFB077FF534AF40F23D
:10A7D0008E53114A1449084805F003F921461348DD
:10A7E00005F0FFF840F28E51C1E700BF2044012080
:10A7F0004589040072890400CE4E03008789040055
:10A800009D890400B489040000440120082E012021
:10A81000F82B01207BCE040059CE04009CCE04000E
:10A820005ED0040069D004008BD0040096D00400F0
:10A83000E44301202DE9F843064688461746EFF326
:10A840001189202383F31288BFF36F8F214800F012
:10A8500091F9054668B988231F4A2049204805F028
:10A86000C0F81C491F4805F0BCF888211A4805F0BB
:10A87000AFF8184800F0A2F93468A6421FD004B31C
:10A880002046C4F8BC802761FEF7FEFE04F11800E4
:10A8900000F088FB2046FEF723FE0E4800F078F912
:10A8A00088B94FF49A730C4A0F490D4805F099F88E
:10A8B00008490E4805F095F84FF49A71D6E700253F
:10A8C000EBE72546E9E789F31188BFF36F8F284648
:10A8D000BDE8F88320440120458904007289040002
:10A8E000CE4E0300878904009D890400B4890400CA
:10A8F000D3B5DDE90667089CCDE90067FFF73AF9B3
:10A900001CB1034B9B681B69236002B0D0BD00BF24
:10A91000E44301202DE9F84306460F469046EFF345
:10A920001189202383F31288BFF36F8F1F4800F033
:10A9300021F968B988231E4A1E491F4805F051F8BD
:10A940001A491E4805F04DF88821194805F040F8CD
:10A95000164800F033F93468A6421CD1002513488C
:10A9600000F016F9D0B94FF49A73114A14491248FD
:10A9700005F037F80D49134805F033F84FF49A7194
:10A98000E3E741462046B84705460028E7D173680B
:10A99000A342E3D02468002CF3D1DFE789F31188C8
:10A9A000BFF36F8F2846BDE8F88300BF2044012025
:10A9B0004589040072890400CE4E03008789040093
:10A9C0009D890400B4890400427B034612F01F02F3
:10A9D00010D10A4988420DD00949086868B1D9895F
:10A9E0007F2909D893F90E20064B1B689A42B8BFFD
:10A9F000002070470020704710467047F82B012058
:10AA0000F4E500202844012008B568B10F4B9842B6
:10AA10000AD303F11802904206D21822C01AB0FBE2
:10AA2000F2F302FB13034BB109490A483F230A4AD8
:10AA300004F0D7FF3F21084804F0CAFF0122074B6A
:10AA4000C0105843064B1A5408BD00BF102F0120F8
:10AA5000DCD00400CE4E0300B4D00400ABAAAAAAF6
:10AA6000C15A012070B50D4B0D4D1E7CFFF7ACFF98
:10AA700006EB460305EBC3050446284600F092FAB0
:10AA80000022084B9A553CB1621E2846BDE8704032
:10AA90000549D31700F0AAB970BD00BFE4430120F7
:10AAA000102F0120C15A012009AA020038B5EFF386
:10AAB0001185202383F31288BFF36F8F234800F0A2
:10AAC00059F868B98823224A2249234804F089FFAB
:10AAD0001E49224804F085FF88211D4804F078FFB4
:10AAE0001A4800F06BF81E4B1E4A9C681068A04282
:10AAF00013D1FFF7B7FF154800F04AF800BB4FF439
:10AB00009A73134A1849144804F06BFF0F49174809
:10AB100004F067FF4FF49A71DFE700211B7C11609E
:10AB2000134AD35C002BE6D02046FFF74DFF0028E8
:10AB3000E1D0637BDB0601D1FEF7F8FD2046D8E7C4
:10AB400085F31188BFF36F8F38BD00BF204401200B
:10AB50004589040072890400CE4E030087890400F1
:10AB6000E4430120244401209D890400B4890400A9
:10AB7000C15A0120006838B1044B00F003001B7C6F
:10AB8000C01A18BF0120704701207047E44301201C
:10AB9000002302680360EFF30581074B19B1996840
:10ABA000497BC90706D4197C98680843831A584220
:10ABB0005841704701207047E4430120024B1A7C42
:10ABC0009B68134303607047E44301202DE9F84379
:10ABD0000F469046064660B936492E23364A374816
:10ABE00004F0FFFE364804F0FCFE2E21324804F04B
:10ABF000EFFEEFF31185202383F31288BFF36F8FED
:10AC00003048FFF7B7FF60B988232F4A2F492B48F8
:10AC100004F0E7FE2B492E4804F0E3FE88212A4881
:10AC2000E5E72848FFF7CAFF2A4B5C6A8CB3B8F106
:10AC3000000F39D04FF02009DFF888804046FFF739
:10AC4000A7FF68B94FF49A731F4A23491B4804F0C1
:10AC5000C8FE1C49214804F0C4FE4FF49A71DEE797
:10AC600085F31188BFF36F8F39462046B047EFF365
:10AC7000118589F31288BFF36F8F4046FFF77AFF83
:10AC80000028C1D04046FFF799FFD4F88040002C3F
:10AC9000D4D10C48FFF77CFF0028D3D085F311886E
:10ACA000BFF36F8FBDE8F88320463946B047D4F82C
:10ACB0008040BBE7B2D2040087D20400CE4E03002E
:10ACC000C9D204002C440120458904007289040083
:10ACD00087890400E44301209D890400B4890400AD
:10ACE00038B50446EFF31185202383F31288BFF3B0
:10ACF0006F8F1F48FFF73EFF68B988231D4A1E4922
:10AD00001E4804F06EFE1A491D4804F06AFE8821B0
:10AD1000184804F05DFE1648FFF750FF194A536AC1
:10AD2000A34215D1D3F8803053621148FFF730FFAA
:10AD3000C8B94FF49A730F4A1349104804F051FEF2
:10AD40000B49124804F04DFE4FF49A71E0E71346A8
:10AD5000002BEAD0D3F88020A242F8D1D4F880208A
:10AD6000C3F88020E1E785F31188BFF36F8F38BD0A
:10AD70002C4401204589040072890400CE4E030052
:10AD800087890400E44301209D890400B4890400FC
:10AD9000024B1868984208BF00207047F8E5002071
:10ADA000034B1B680BB9F8F751BE0020704700BF7A
:10ADB0003044012030B570B10B4B5B6898420AD02B
:10ADC000036843B1D3E90421D0E90445121941EBEA
:10ADD0000501C3E90421D0E9003213605A60002361
:10ADE000C0E9003330BD00BFF8E50020B3F1FF3FFC
:10ADF00008BFB2F1FF3F2DE9F84F04469B461546C8
:10AE00001F4600F0B280D0F80090B9F1000F0CD0CE
:10AE100057497023574A584804F0E3FD574804F057
:10AE2000E0FD7021534804F0D3FD8160EFF31188F9
:10AE3000202383F31288BFF36F8F5148FFF79AFEE8
:10AE4000824660B988234F4A4F494B4804F0C9FDF8
:10AE50004B494E4804F0C5FD88214A48E3E748487D
:10AE6000FFF7ACFEBBF1000F494A1FDBFFF798FF6D
:10AE7000064601354BF1000B454A2D184BEBE073AC
:10AE8000D2E90017C4E904536D1843EB0707FFF735
:10AE90007FFF0346DFF808E1DEF80490EBB9C4E970
:10AEA00000E9C9F80040CEF8044028E06FF0010343
:10AEB000D2E900125B1A4FF0FF3161EB02025B1B1B
:10AEC00062EB0B02012B72F10001BCBF01234A4669
:10AED0004FF0000AC4E90432D9E7D3E9041CD4E9ED
:10AEE00004208A4270EB0C0B2EDA891A5A686CEB3C
:10AEF0000000C3E90410C4E9003214605C60FFF78D
:10AF000047FF84420ED1234B1B685BB9BAF1000F97
:10AF100002D1FFF745FF0646304607F031FA00211F
:10AF2000F8F76EFD1648FFF733FEB0B94FF49A7389
:10AF3000144A1949104804F054FD1149174804F007
:10AF400050FD4FF49A7188E7521A60EB0C00994556
:10AF5000C4E90420A3D01B68A0E788F31188BFF3DD
:10AF60006F8F28463946BDE8F88F00252F46F8E751
:10AF700007D30400E3D20400CE4E03006DCA0400E0
:10AF80003444012045890400728904008789040043
:10AF9000282F0120304401209D890400B489040039
:10AFA000F8E5002070B50446EFF31186202383F303
:10AFB0001288BFF36F8F2348FFF7DCFD68B9882341
:10AFC000214A2249224804F00CFD1E49214804F080
:10AFD00008FD88211C4804F0FBFC1A48FFF7EEFD31
:10AFE000236833B3FFF7D4FE05462046FFF7E2FEA1
:10AFF00000224FF00043A542C4E9042306D1FFF725
:10B00000CFFE07F0BDF90021F8F7FAFC00240D4847
:10B01000FFF7BEFD80B94FF49A730B4A0E490C48F6
:10B0200004F0DFFC07490D4804F0DBFC4FF49A7193
:10B03000D0E76FF01504EAE786F31188BFF36F8F4E
:10B04000204670BD34440120458904007289040003
:10B05000CE4E0300878904009D890400B489040052
:10B060002DE9F04D0446EFF31186202383F3128877
:10B07000BFF36F8F4348FFF77DFD68B98823424ACD
:10B080004249434804F0ADFC3E49424804F0A9FC63
:10B0900088213D4804F09CFCDFF808813948FFF71F
:10B0A0008DFDC8F80040FFF773FE4FF0000A04461C
:10B0B0004FF0000B384FD8F80030D7E9001CD817F4
:10B0C00054B1D4E90452AB4270EB020E1EDAED1A11
:10B0D00062EB0002C4E9045200245B184CEB000050
:10B0E000C7E900302046C8F8004007F049F921467A
:10B0F000F8F786FC2348FFF74BFDA8B186F31188CB
:10B10000BFF36F8FBDE8F04DFFF7D0BC69184CEB73
:10B11000E5732046C4E904ABC7E90013FFF74AFE14
:10B120001848FFF735FD68B94FF49A73164A1B4962
:10B13000174804F056FC1349194804F052FC4FF428
:10B140009A71A6E786F31188BFF36F8F2046A36834
:10B150009847EFF31186202383F31288BFF36F8F94
:10B160000848FFF707FD002888D00648FFF726FDAE
:10B17000D8F800305B1BC8F80030FFF709FE044622
:10B1800099E700BF34440120458904007289040016
:10B19000CE4E030087890400282F01209D890400DA
:10B1A000B48904003044012070B5EFF311862023E8
:10B1B00083F31288BFF36F8F1A48FFF7DBFC68B97F
:10B1C0008823194A19491A4804F00BFC15491948F3
:10B1D00004F007FC8821144804F0FAFB1148FFF73B
:10B1E000EDFCFFF7DDFD144AD2E90045041945EBFB
:10B1F000E0750C48FFF7CCFC68B94FF49A730A4A23
:10B200000E490B4804F0EDFB06490D4804F0E9FB3C
:10B210004FF49A71DFE786F31188BFF36F8F2046F2
:10B22000294670BD34440120458904007289040018
:10B23000CE4E030087890400282F01209D89040039
:10B24000B4890400F8B50646EFF31187202383F391
:10B250001288BFF36F8F5948FFF78CFC68B98823B9
:10B26000574A5849584804F0BCFB5449574804F021
:10B27000B8FB8821524804F0ABFB5048FFF79EFC16
:10B2800032689AB14D48FFF783FC002840F0918066
:10B290004FF49A734A4A4E494B4804F0A2FB47497F
:10B2A0004C4804F09EFB4FF49A71E3E7D6E90A5448
:10B2B000691C44F10003022973F1000334D3013DFA
:10B2C00044F1FF34002CBCBF15462C4607F073F840
:10B2D000013041F10001401944EB0101012871F1F5
:10B2E00000015DDB07F067F86FF00203013041F108
:10B2F0000001401944EB010183426FF000438B4190
:10B3000053DB07F058F8013041F100016FF0010202
:10B31000401944EB01034FF0FF31121A61EB0303B4
:10B3200030462D49FFF762FD336B01333363336AD7
:10B33000DBB12248FFF72CFC0028A9D087F3118845
:10B34000BFF36F8F3046336A9847EFF3118720239E
:10B3500083F31288BFF36F8F1848FFF70BFC0028A8
:10B360003FF47DAF1548FFF729FC304650F8184FE1
:10B37000844287D0002C85D02046FEF757FB00235F
:10B380000E48C4F8BC30FFF703FC002880D087F3D8
:10B390001188BFF36F8F2046BDE8F840FEF7FEB975
:10B3A0006FF001024FF0FF33BAE700224FF0004385
:10B3B000B6E787F31188BFF36F8FF8BD38440120DB
:10B3C0004589040072890400CE4E03008789040079
:10B3D0009D890400B489040045B202002DE9F843B8
:10B3E000064614461D4691469846EFF311872023E2
:10B3F00083F31288BFF36F8F2748FFF7BBFB68B951
:10B400008823264A2649274804F0EBFA2249264891
:10B4100004F0E7FA8821214804F0DAFA1E48FFF721
:10B42000CDFBB5F1FF3F08BFB4F1FF3F11D11A4882
:10B43000FFF7AEFB50BB4FF49A73184A1B491948EB
:10B4400004F0CFFA14491A4804F0CBFA4FF49A7179
:10B45000E1E7002D0ADB012C75F100032246BCBF99
:10B460000122002512F1FF3945F1FF383046FFF780
:10B4700099FDDDE90823C6E90A2300234A46336320
:10B48000304643460B49FFF7B1FCD0E787F31188FC
:10B49000BFF36F8FBDE8F88338440120458904006D
:10B4A00072890400CE4E0300878904009D89040040
:10B4B000B489040045B202002DE9FF470027054684
:10B4C0000C469246019700F10C06EFF311892023F8
:10B4D00083F31288BFF36F8F3046FFF74BFB68B9D9
:10B4E00088231A4A1A491B4804F07BFA31461A4845
:10B4F00004F077FA8821154804F06AFA3046FFF71D
:10B500005DFBAB6828465C4004EA0A02134903EA83
:10B510000A08534001AACDE90237FFF7FBF9019C65
:10B520003CB12046C4F8BC700021246EFEF7C6FA78
:10B53000F6E7DDE9023223EA020330464946AB6012
:10B54000FEF7D8FC404604B0BDE8F087458904000A
:10B5500072890400CE4E03008789040097240300FB
:10B560002DE9F04F85B08846DDE90E1B05461746EC
:10B57000EFF305838BB151EA0B030ED040494FF432
:10B580008573404A404804F02CFA404804F029FAF8
:10B590004FF485713B4804F01BFA0391B8F1000F9A
:10B5A00055D007F001030293FFF706F805F10C04EC
:10B5B0008146EFF3118A202383F31288BFF36F8F44
:10B5C0002046FFF7D7FA039960B98823304A3149FA
:10B5D0002D4804F006FA21462F4804F002FA88218B
:10B5E0002B48D8E720460391FFF7E8FA17F0020F3F
:10B5F0001CBF0023AB60AB68029A039903EA0806FC
:10B60000BAB1B04517D17A0744BFB343AB60204607
:10B61000FFF7BEFAE8B94FF49A731D4A1F491A485A
:10B6200004F0DFF921461E4804F0DBF94FF49A716B
:10B63000D6E7002EE7D151EA0B0312D12046FFF7DF
:10B64000A7FA0028E7D08AF31188BFF36F8F00268E
:10B6500003E08AF31188BFF36F8F304605B0BDE871
:10B66000F08FC9E919872A46CDE9001B20465146CB
:10B67000FEF780FA0028EAD1D9F86460EDE700BF50
:10B680002ACC040027D30400CE4E03006DCA040068
:10B690004589040072890400878904009D8904009B
:10B6A000B489040008B5EFF305834BB10749084896
:10B6B0003823084A04F095F93821064804F088F93F
:10B6C000C0E90233C0E9000008BD00BFBCCB0400E4
:10B6D000CE4E030027D304002DE9F84F4F1E0F4232
:10B6E00006460D469A460BD02F4917232F4A30485D
:10B6F00004F077F92F4804F074F917212B481CE067
:10B70000141D4DD241F0040B00F11408EFF3118920
:10B71000202383F31288BFF36F8F4046FFF72AFA86
:10B7200068B98823244A2549214804F05AF941463A
:10B73000234804F056F988211F4804F049F940468F
:10B74000FFF73CFA224659463046D0470446404669
:10B75000FFF71EFA68B94FF49A73174A194914484B
:10B7600004F03FF94146184804F03BF94FF49A7150
:10B77000E2E789F31188BFF36F8F8CB144F8046B53
:10B780007DB13C420DD03423084A1049084804F0EA
:10B7900028F921462A460E4804F023F93421ADE762
:10B7A00000242046BDE8F88F6ED304004AD304007D
:10B7B000CE4E030089D30400458904007289040039
:10B7C000878904009D890400B4890400A6D304007D
:10B7D000D8D304002DE9F04105460E46174606F081
:10B7E0005FFD30B9074B9B68D3F8B44014B9BDE88E
:10B7F000F081054C3B46324629462046BDE8F041E3
:10B80000FFF76ABFE443012068E9002002460021F7
:10B81000014B0248FFF760BF07F8020068E900200B
:10B82000014BC0F8B430704768E900200146024A75
:10B830000020FFF7CFBF00BF07F8020007B5074B96
:10B840004FF40072009306494FF0FF330548FDF7AF
:10B8500065FB002003B05DF804FB00BFA84C0300AB
:10B8600008C00220302F01202DE9F0414C4A0C463F
:10B870000023D0E90001DDF76BF9002A4FF4616184
:10B8800000F52F20B7BF02F5A83200F66C2000F6B5
:10B890006B2002F5C072B2FBF1F301FB13223C21D5
:10B8A000A360B2FBF1F301FB13223E496360C31CAA
:10B8B0002260072293FBF2F2C2EBC2029B1A55D51B
:10B8C0000733A361A0F50E33A3F52C7393FBF1F1BD
:10B8D000354B40F2B45C40F26D17642603FB010067
:10B8E00048F6AC634FF00508B0FBF3F3B0FBFCF295
:10B8F00003449B1A2D4AB0FBF2F29B1AB3FBF7F2FA
:10B90000B3FBFCF3B2FBF6F5EB1A0344992007FBFB
:10B91000123303EB830703F1010E0237B7FBF0FC90
:10B9200000FB0CF00230B0FBF8F0AEEB000040F290
:10B93000F95E77458CBF6FF00907022767444FF423
:10B94000C87C0CFB0121012F98BF0131B3F5997F11
:10B9500012D3A3F59973A1F26C71E3610023E06047
:10B9600020462362C4E90471BDE8F0810028A36188
:10B97000A8DB90FBF1F1ABE712F0030F02D106FB5D
:10B9800015255DB94FF4C875B2FBF5F605FB162217
:10B99000B2FA82F252093B331344DCE70122FAE7A0
:10B9A00080510100B13A02004FC5FDFFB03A0200DC
:10B9B000024B0146186800F08BB800BF00E600207B
:10B9C000034B10B50446196800F04EF8204610BD30
:10B9D00000E6002038B50546002941D051F8043C66
:10B9E0000C1F002BB8BFE41801F0F4FC1D4A1368CB
:10B9F00033B9636014602846BDE8384001F0F0BCFC
:10BA0000A34208D9206821188B4201BF19685B68DE
:10BA100009182160EDE71A465B680BB1A342FAD919
:10BA200011685018A0420BD12068014450181160D1
:10BA30008342E0D118685B68084453601060DAE71D
:10BA400002D90C232B60D6E7206821188B4202BF55
:10BA500019685B680918636008BF21605460CAE711
:10BA600038BD00BF6844012070B5164C0546084635
:10BA70000E4601F0AFFC236843B10021304600F0D0
:10BA8000F1FD421C03461CBF2268831A0E4A11684E
:10BA9000002291B90D4C30462E4623609B1A22623B
:10BAA000E36101F09DFC0FCC0FC60FCC0FC694E8EC
:10BAB000030086E80300284670BD08684968024410
:10BAC000E7E700BF64440120684401203C440120B2
:10BAD000F8B5CD1C064625F0030508350C2D38BFFA
:10BAE0000C25002D01DBA94203D90C233360002073
:10BAF000F8BD01F06FFC21490A6814469CB9204F3B
:10BB00003B6823B92146304600F0ACFD3860294639
:10BB1000304600F0A7FD431C23D10C233046336090
:10BB200001F05EFCE3E723685B1B17D40B2B03D902
:10BB300023601C44256004E06368A2420CBF0B60D4
:10BB40005360304601F04CFC04F10B00231D20F043
:10BB50000700C21A1CBF1B1AA350C9E7224664681B
:10BB6000CCE7C41C24F00304A042E3D0211A3046E1
:10BB700000F078FD0130DDD1CFE700BF684401203F
:10BB8000644401202DE9F04F8DB00C4616461F4647
:10BB9000DDF85880054601F0D9FB03681846049388
:10BBA000DDF768F8002305900A93D8F8003094F880
:10BBB00018A00733D4F800B023F0070303F10802FC
:10BBC000C8F800204FF0FF32D3E9008929F0004384
:10BBD000CDF8188007939C4BDDE90601C4E9128972
:10BBE000DCF708FF70BB4FF0FF32974BDDE9060131
:10BBF000DCF7E2FE30BB0022002340464946DCF77A
:10BC0000D1FE10B12D2384F84330904A904BBAF105
:10BC1000470F94BF9046984603234FF000092361D5
:10BC20002BF00403236033460BAA214628460097D5
:10BC300006F064FD013040F096804FF0FF300DB00B
:10BC4000BDE8F08F42464B4640464946DCF7D2FEFF
:10BC500040B14B467F4A002BBCBF2D2384F84330B4
:10BC60007D4BD4E763685A1C26D1062363604BF4EE
:10BC7000806200232846226003930AABCDE901A32A
:10BC800009AB49EC108B00930DF12303616806F0BA
:10BC900094FCBAF1670F8046099915D1CB1C3BDBA8
:10BCA0006368994238DC0A9B994255DB236821611D
:10BCB000D80745D54B1C42E00AF0DF02472AD6D10F
:10BCC000002BD4D10123D1E7BAF1470F07D1C81C0B
:10BCD00025DB63688B4222DB4FF0670AE3E7BAF1AA
:10BCE000650F1FD80139524604F15000099106F042
:10BCF000CCFC0A9A81461318012A236102DC2268CF
:10BD0000D20701D5013323619DF82330002B8AD05F
:10BD10002D2384F8433086E74FF0650AE2E74FF0C1
:10BD2000450ADFE7BAF1660FBDD1002963680BDD74
:10BD3000216113B92268D00702D501330B44236176
:10BD40004FF00009A165DFE713B92268D20701D5DA
:10BD50000233F4E70123F2E70029D4BFC1F1020264
:10BD600001221344EBE723685A0507D423694246AE
:10BD700031462846B84701302BD15EE7BAF1650F4E
:10BD800040F2DD8000220023D4E91201DCF700FE3E
:10BD9000002833D00123314A31462846B8470130C4
:10BDA0003FF44BAFDDE90938434502DB2368D80790
:10BDB0000FD531462846DDE90423B84701303FF46A
:10BDC0003CAF4FF0000908F1FF3804F11A0AC845EA
:10BDD00009DC23689B0700F10381E0680B9B984214
:10BDE000B8BF18462BE70123524631462846B847CC
:10BDF00001303FF422AF09F10109E8E7099B002B6C
:10BE000039DC0123154A31462846B84701303FF452
:10BE100014AFDDE9093959EA030302D12368D907D0
:10BE2000D7D531462846DDE90423B84701303FF431
:10BE300004AF4FF0000A04F11A0B099B5B42534513
:10BE40000EDC4B4693E700BFFFFFEF7F0AD50400EF
:10BE5000719004000ED5040012D5040028C8040017
:10BE600001235A4631462846B84701303FF4E5AE33
:10BE70000AF1010AE1E7A36DDDF828A05345A8BF48
:10BE80005346002B994636DC4FF0000B29EAE9793E
:10BE900004F11A02A36D0693A3EB09035B4531DCA1
:10BEA000099B9A453ADC2368DA0737D4099BAAEB49
:10BEB0000309069BAAEB03039945A8BF9946B9F16C
:10BEC000000F33DC4FF0000829EAE97904F11A0B7E
:10BED000099BAAEB0303A3EB090343457FF779AF63
:10BEE00001235A4631462846B84701303FF4A5AEF3
:10BEF00008F10108ECE7424631462846B8470130D0
:10BF0000C2D19AE60123314628460692B84701304D
:10BF10003FF493AE0BF1010B069ABBE7DDE9042376
:10BF200031462846B8470130C0D186E6069A4B46CE
:10BF3000314628464244B8470130C3D17DE6DDF89A
:10BF400028A0BAF1010F01DCDB0736D501234246F8
:10BF500031462846B84701303FF46FAE3146284697
:10BF6000DDE90423B84701303FF467AE0022002327
:10BF70000AF1FF3AD4E91201DCF70AFDC0B95346D1
:10BF800008F1010231462846B84701300CD154E689
:10BF900001235A4631462846B84701303FF44DAE9A
:10BFA00008F10108D045F3DB4B4604F15002DFE60F
:10BFB0004FF0000804F11A0BF4E701234246E1E7D1
:10BFC00001234A4631462846B84701303FF435AE92
:10BFD00008F10108E3680B995B1A4345F0DCFCE6C5
:10BFE0004FF0000804F11909F4E700BF2DE9FF47FD
:10BFF0000F7E914680460C46782F9A460C9D01F1A3
:10C00000430207D8622F0AD8002F00F0E080582F93
:10C0100000F0BB8004F1420684F842703AE0A7F1D8
:10C020006303152BF6D801A151F823F085C0020057
:10C0300099C0020015C0020015C0020015C0020020
:10C0400015C0020099C0020015C0020015C0020010
:10C0500015C0020015C00200B5C1020029C10200CE
:10C060006BC1020015C0020015C00200D7C102005A
:10C0700015C0020029C1020015C0020015C002004F
:10C0800073C102002B6804F142061A1D1B682A6066
:10C0900084F842300123ABE0236829681F0601F1D0
:10C0A0000400286001D50D6803E05E06FBD5B1F9F8
:10C0B0000050002D61687ADA2D200029A16084F8F3
:10C0C00043002DDA6D425E480A231646B5FBF3F1B4
:10C0D00003FB1157C75D06F8017D2F460D46BB4295
:10C0E000F4D9082B0BD12368DF0708D523696168D1
:10C0F0009942DEBF302306F8013C06F1FF36921B61
:10C1000022614B4603AA21464046CDF800A006F026
:10C11000F5FA013071D14FF0FF3004B0BDE8F0877F
:10C1200023F004032360CDE72B682068191D2960E4
:10C13000050601D51D6802E04106FBD51D886F2F5D
:10C140003F4814BF0A230823002184F8431066687F
:10C15000002EA660B9DB216821F004012160002DCA
:10C16000B3D1002EB1D11646BBE7236843F02003BC
:10C1700023607827334884F84570296823680E1DAA
:10C180002E601E0603D50D6804E02D48F3E75D061A
:10C19000F9D50D88D90744BF43F0200323600DB1C2
:10C1A0001023D1E7236823F020032360F8E7244815
:10C1B0000A23CCE72B682668181D616928603506BC
:10C1C0001B6801D5196002E07006FBD519800023B9
:10C1D0001646236195E72B6800211A1D2A601E6808
:10C1E0006268304606F09CF908B1801B60606368A5
:10C1F0002361002384F8433083E7236932464946AC
:10C200004046D047013086D023689B0714D4E068AD
:10C21000039B9842B8BF18467FE701233246494640
:10C220004046D04701303FF476AF0135E3680399CB
:10C230005B1AAB42F1DCEAE7002504F11906F5E7E9
:10C2400016D5040027D504002DE9F04F87B091469C
:10C2500080460C4603938B685A1EB2F5AE7F0A46A1
:10C2600089BF6FF4AE754FF0000B03EB050B40F286
:10C270005D134FF0000588BF8B600B68AA462F4600
:10C28000029543F4F06342F81C3B16460192CDE957
:10C290000455A2685AB1D9F800301B784E2B63D8E8
:10C2A000402B3BD8A3F12B01C8B20E2839D91FB1BE
:10C2B000236823F4807323600AF1FF3ABAF1010F77
:10C2C00000F21581019B9E4200F20681012007B019
:10C2D000BDE8F08FA3F161020D2AE8D801A151F861
:10C2E00022F000BF2DC40200AFC20200AFC20200A4
:10C2F000AFC2020089C4020063C40200AFC20200E0
:10C30000AFC202003BC40200AFC20200AFC20200D3
:10C31000AFC20200AFC20200F7C30200A3F14102A4
:10C32000DAE70E29C3D801A050F821F0E7C30200D4
:10C33000AFC20200E7C3020077C40200AFC202002E
:10C3400089C30200CDC30200CDC30200CDC30200E9
:10C35000CDC30200CDC30200CDC30200CDC3020095
:10C36000CDC30200CDC302006E2B09D8602BB1D81B
:10C37000542B7BD0592B9AD1072D98D108252FE02B
:10C38000742B73D0792BF6E72168C8051ED521F0F0
:10C39000800101372160BBF1000F03D001320BF1A6
:10C3A000FF3BA260A368013BA360236901332361C3
:10C3B000D9F80430013B002BC9F8043040F38380E6
:10C3C000D9F800300133C9F8003062E71AEB0501F3
:10C3D0007FF46DAF22680D468A4622F4C072226057
:10C3E00006F8013BDEE7226810067FF560AF22F019
:10C3F00080022260F4E7BAF1000F0CD177B922680D
:10C4000002F4E061B1F5E06F08D122F4F0624FF080
:10C41000010A2260E4E7BAF1020F51D0012D02D0E7
:10C42000042D7FF444AF0135EDB2D9E7BAF1010F25
:10C430007FF43DAF4FF0020AD2E775B9002F7FF4C9
:10C4400037AF226802F4E061B1F5E06F40F003819C
:10C4500022F4F06201252260C2E7032DE3D0052D0E
:10C46000DFE7022D7FF423AF0325B9E7062D7FF424
:10C470001EAF0725B4E7226891057FF518AF22F4B7
:10C48000207202972260ABE7226802F4A061B1F546
:10C49000806F05D050057FF50AAF002F00F0DB80DC
:10C4A000910522F4F06258BF029942F4C07258BF5D
:10C4B000791A22604FF0000758BFCDE904168FE7C4
:10C4C0004FF0030A8CE7D4F880314946404698473C
:10C4D00000283FF4DEAEEAE6D4F87C314A4616F88E
:10C4E000011D404698472369013B2361EAE66B1E24
:10C4F000062B24D8022D36D8019B9E427FF6E6AE4D
:10C50000D4F87C314A4616F8011D40469847236905
:10C51000013B2361F0E7D4F87C314A461BF8011D4A
:10C52000404698472369013B23610AF1FF3A5FFACD
:10C530008AFABAF1020FEED1033DEDB2761B236801
:10C54000DA052FD55B0511D5019B9E427FF6BEAE65
:10C55000D4F87C314A4616F8011D404698472369B5
:10C56000013B2361F0E7AA46B346DEE716F8011C5B
:10C57000751E2369652903F1FF3323610CD045291A
:10C580000AD0D4F87C314A464046B51E9847236904
:10C5900016F8021C013B23612E46D4F87C314A4632
:10C5A00040469847226812F0100201D000208EE623
:10C5B0003270236803F4C063B3F5806F25D1029B0A
:10C5C0009F420AD0DA1B04F26F1324499E4228BF0F
:10C5D00004F5B776304600F08FF800220199404606
:10C5E00000F0CCF82168039B11F0020F1B6857EC98
:10C5F000106B03F1040215D003990A601B68C3E9AC
:10C600000067E3680133E360D0E7049B002BE4D0CC
:10C6100005990A234046013106F06BF9049B059EFB
:10C62000C21AD0E711F0040F03990A60E6D11D6821
:10C6300032463B4630463946DCF7DCF928B108483B
:10C6400000F020F885ED000ADBE730463946DCF7DC
:10C650002FFA2860D5E700272EE600BF38D5040062
:10C660006FCA040038B50023054D044608462B6008
:10C67000F6F71AF8431C02D12B6803B1236038BDCA
:10C680006C4401209FED010A704700BF0000C07F8D
:10C690000CB4184B30B50C1E9DB01D6808DA8B2306
:10C6A0004FF0FF302B601DB0BDE8304002B0704746
:10C6B0004FF402730290069002A9ADF8143014BF33
:10C6C00004F1FF332346209A2846049307934FF63C
:10C6D000FF73ADF8163021AB019301F065FA431CEE
:10C6E000BCBF8B232B60002CDDD0029B00221A7074
:10C6F000D9E700BF00E600200EB400B59CB06FF093
:10C7000000411DAB02900690079104910848094929
:10C7100053F8042B059102A90068019301F044FA33
:10C72000029B00221A701CB05DF804EB03B0704746
:10C7300000E600200802FFFF70B50A4405460E4ED1
:10C74000914201D1002011E015F8013B11F8014B95
:10C75000F05C00F003000128305D00F0030008BF2A
:10C760002033012803D12034181BE9D070BD181BD9
:10C77000FCD1002CE4D1F9E70AD40400014BDDF729
:10C7800033BC00BF64E60020242B2DE9F047864629
:10C79000904601D8012B06D104F09EFF16230360BA
:10C7A0000020BDE8F0870D4635482A4615F8014BB4
:10C7B000065D16F00806F8D12D2C24D12C78012620
:10C7C000951C2BBB302C30D00A2306F1004C0022E4
:10C7D0000CF1FF3C1046BCFBF3F903FB19CAA4F1B2
:10C7E0003007092F28D83C46A34234DD571C07D018
:10C7F00081452DD301D1A2452ADB00FB0340012254
:10C8000015F8014BEBE72B2C04BF2C78951CD8E7CF
:10C81000102BDAD1302CD8D12A7802F0DF02582A36
:10C82000D3D16C7810230235CFE72B7803F0DF03E8
:10C83000582BF6D00823C8E7A4F14107192F01D8D7
:10C84000373CD1E7A4F16107192F04D8573CCBE757
:10C850004FF0FF32D4E7531C08D122236046CEF8B4
:10C860000030B8F1000F9CD0691E06E006B14042CE
:10C87000B8F1000F95D0002AF6D1C8F8001090E763
:10C880000AD4040013460A46014602480068FFF72E
:10C890007BBF00BF00E600202DE9F04386460D4631
:10C8A000354E284615F8014B375D17F00807F8D1CB
:10C8B0002D2C26D12C780127851C3BBB302C32D067
:10C8C0000A234FF0FF380026B8FBF3F803FB08F902
:10C8D00030466FEA0909A4F1300CBCF1090F29D8E0
:10C8E0006446A34237DDB6F1FF3F07D080452FD322
:10C8F00001D1A1452CDB00FB0340012615F8014BBB
:10C90000E9E72B2C04BF2C78851CD6E7102BD8D157
:10C91000302CD6D1287800F0DF005828D1D16C789F
:10C9200010230235CDE72B7803F0DF03582BF6D028
:10C930000823C6E7A4F1410CBCF1190F01D8373C1C
:10C94000CFE7A4F1610CBCF1190F04D8573CC8E73C
:10C950004FF0FF36D2E7731C06D122233046CEF8C3
:10C96000003032B9BDE8F08307B14042002AF9D067
:10C9700006B1691E1160F5E70AD4040013460A46A1
:10C98000014602480068FFF787BF00BF00E60020AD
:10C990002DE9F74F91468A461E460D46494A0190B9
:10C9A0002B4615F8014B175D17F00807F8D12D2C11
:10C9B00043D12C7801279D1C002E43D1302C4ED022
:10C9C0000A264FEAE67B32464FF0FF304FF0FF3148
:10C9D0005B46DCF70DF93246009088465B464FF027
:10C9E000FF304FF0FF31DCF703F9002318461946FA
:10C9F000A4F1300CBCF1090F38D86446A64246DDDC
:10CA0000B3F1FF3F16D0009B834278EB01033BD389
:10CA1000009B884508BF834201D1A24234DB7143A9
:10CA200000FB0B11A6FB0003194420184FF0010373
:10CA300041EBE47115F8014BDAE72B2C04BF2C789D
:10CA40009D1CB9E7102EBCD1302CBAD12B7803F045
:10CA5000DF03582BB5D16C7810260235B1E72B785F
:10CA600003F0DF03582BF6D00826AAE7A4F1410C07
:10CA7000BCF1190F01D8373CC0E7A4F1610CBCF13F
:10CA8000190F04D8573CB9E74FF0FF33D2E75A1CCF
:10CA90000AD10199222218460A601946B9F1000FFD
:10CAA0000AD103B0BDE8F08F17B1404261EB4101FC
:10CAB000B9F1000FF5D00BB105F1FF3AC9F800A0AC
:10CAC000EFE700BF0AD4040013460A4601460248B5
:10CAD0000068FFF75DBF00BF00E6002007B50093C8
:10CAE00013460A4601460348006805F006FF03B0F6
:10CAF0005DF804FB00E6002070B51E469AB04FF4C6
:10CB00000173044608461546ADF80C3000910491B7
:10CB1000DCF7B0F8094B2A466946019009930023D7
:10CB2000059020460D9312934FF6FF73ADF80E302B
:10CB3000334601F035F91AB070BD00BFBF320300B3
:10CB400013460A46014602480068FFF7D5BF00BFFA
:10CB500000E60020F8B50E461446054618B1836974
:10CB60000BB900F033F9214B9C4210D16C68A369DA
:10CB7000A360A3891A0701D5236993B921462846E2
:10CB800000F03AF868B14FF0FF373846F8BD184B5F
:10CB90009C4201D1AC68EAE7164B9C4208BFEC68A6
:10CBA000E5E72369F6B220683746C01A6369834215
:10CBB00005DC2146284600F08BF80028E3D1A36865
:10CBC0000130013BA36023685A1C22601E70636918
:10CBD000834204D0A389DB07D7D50A2ED5D12146BD
:10CBE000284600F075F80028CFD0CCE7204D030090
:10CBF000004D0300E04C0300314B70B51D68064644
:10CC00000C4625B1AB6913B9284600F0DFF82D4B6F
:10CC10009C420ED16C68B4F90C301A072CD4DD0696
:10CC200011D40922326043F040034FF0FF30A3815A
:10CC30003DE0254B9C4201D1AC68ECE7234B9C4284
:10CC400008BFEC68E7E7580712D5616B41B104F102
:10CC50004403994202D03046FEF7BCFE00236363D2
:10CC6000A38923F02403A381002363602369236045
:10CC7000A38943F00803A38123694BB9A38903F473
:10CC80002073B3F5007F03D02146304600F062FBED
:10CC9000B4F90C3013F001020AD00022A2606269DC
:10CCA0005242A261226942B913F08000BBD170BD2B
:10CCB000990758BF6269A260F4E70020F7E700BF58
:10CCC00000E60020204D0300004D0300E04C03006F
:10CCD00038B50B6905460C4613B90025284638BD02
:10CCE00018B183690BB900F071F8144B9C421BD149
:10CCF0006C68B4F90C30002BEFD0626ED00704D40E
:10CD0000990502D4A06DF5F713FD2846214605F0DC
:10CD1000ACFE636E0546DA07E0D4A3899B05DDD43B
:10CD2000A06DF5F721FDD9E7054B9C4201D1AC6818
:10CD3000DFE7044B9C4208BFEC68DAE7204D0300B4
:10CD4000004D0300E04C0300002310B5044683604F
:10CD5000818119464366C28108228361C0E900339C
:10CD6000C0E904335C3005F020FC054B24626362AB
:10CD7000044BA362044BE362044B236310BD00BF6A
:10CD80009D320300C3320300FB3203001F33030054
:10CD9000014905F003BF00BFD1CC02000148F5F7FF
:10CDA000C7BC00BFC4E900200148F5F7DDBC00BFE7
:10CDB000C4E900200148F5F7BBBC00BFD8E900205A
:10CDC0000148F5F7D1BC00BFD8E9002010B50446F2
:10CDD000FFF7F0FFA3691BB1BDE81040FFF7F0BFFC
:10CDE000C4E9123323652046124B134A1B68A26222
:10CDF000A34204BF0123A36100F020F86060204635
:10CE000000F01CF8A060204600F018F80022042171
:10CE1000E0606068FFF798FF01220921A068FFF732
:10CE200093FF02221221E068FFF78EFF0123A36126
:10CE3000D2E700BFB44C030091CD0200F8B507461D
:10CE4000FFF7ACFF1E4B1E68B36913B93046FFF7FE
:10CE5000BDFF4836D6E90134013B03D533680BB337
:10CE60003668F7E7B4F90C50D5B9164B04F1580001
:10CE70006566E360F5F72CFCFFF796FF082229466C
:10CE800004F15C002560A561C4E90155C4E90455BD
:10CE900005F08BFBC4E90D55C4E912552046F8BDD9
:10CEA0006834D9E70421384605F062FE0446306054
:10CEB0000028D5D1FFF778FF0C233B60EEE700BFD9
:10CEC000B44C03000100FFFF0EB403B503AB0146F1
:10CED000054853F8042B0068019301F0D9F802B01B
:10CEE0005DF804EB03B0704700E600202DE9F04F39
:10CEF0008BB08B4690460693AC4B02901B6818464D
:10CF00000393DBF7B7FE039B0190034413F8013C46
:10CF10000793DBF800309A1C174612F8010B3028F3
:10CF2000FAD0FB1AA3F1020A05F0A8FE0446002875
:10CF300038D1019A3846039905F076FC0546002859
:10CF400064D1019BF85CFE1805F098FE00285FD0C4
:10CF5000334618781F4601333028FAD005F08EFE8C
:10CF6000B0FA80F435464FF0010A64093A46164695
:10CF70000132307805F082FE0028F8D1019A30465F
:10CF8000039905F051FC80B94DB9019BF5182A466B
:10CF900016460132307805F071FE0028F8D1AD1B3D
:10CFA000AD0004E000242546E0E7002DF7D13378FA
:10CFB00003F0DF03502B38D173782B2B2AD02D2B85
:10CFC0002CD0711C4FF00009087805F057FE431E65
:10CFD000DBB2182B29D8A0F1100211F8010F05F0CF
:10CFE0004DFE431EDBB2182B1BD9B9F1000F00D048
:10CFF00052421544CBF80010CCB1BAF1000F0CBF6F
:10D000000626002630460BB0BDE8F08F3E4625468A
:10D010000124CCE74FF00009B11CD5E74FF001091E
:10D02000FAE70A2303FB0200D5E73146E2E7F31BE8
:10D030002146013B072B0ADC029800F0D7F9044691
:10D0400040B95B4B0246DE215A4801F0B7FA013184
:10D050005B10EFE74FF0000B019B00F11409C3F1E7
:10D060000103DA46CDF810900893B74238D3049EF6
:10D07000504646F804ABA6EB0906B61026617601C9
:10D0800005F009FFD8F80070361ABE4260DDF61BC5
:10D090002046314605F0BEFF824678B1731E4FF040
:10D0A000010A591103F01F0259F821100AFA02F27D
:10D0B0000A4203D0534542DC4FF0020A3544314660
:10D0C000204605F08AFDD8F80830AB424EDA2146FA
:10D0D000029800F0CBF90023149AA326136091E77D
:10D0E000731E079A059316F8013C934217D0BBF1C3
:10D0F000200F06D1049B43F804AB4FF0000A0493C1
:10D10000D34616F8010C05F0B9FD00F00F00059BA1
:10D1100000FA0BF00BF1040B4AEA000A0DE0059B44
:10D12000089A1344BB42E2D31846019A0399099323
:10D1300005F07AFB099B0028D9D11E4695E7B11E60
:10D14000204605F067FF0028B6D04FF0030AB5E788
:10D1500009DABE1B214602983246AD1B00F054FB93
:10D16000044600F114094FF0000AACE7D8F8043087
:10D17000AB4270DD5D1BAF4235DCD8F80C30022BC2
:10D1800029D0032B2BD0012B1CD1AF421AD1012F58
:10D1900012D1D8F804306226069A13600123236165
:10D1A000C9F80030149B1C602CE700BF404D030001
:10D1B000BDD50400CED50400791E204605F02AFF17
:10D1C0000028E6D12146029800F050F90023149A75
:10D1D0005026136016E7159B002BF3D1D9E7159B5A
:10D1E000002BD6D1EEE76E1EBAF1000F30D126B17A
:10D1F0003146204605F00EFF82467211012306F0EB
:10D200001F06294659F822202046B3407F1B0226DC
:10D21000134218BF4AF0020A05F0DFFCD8F80450A8
:10D22000BAF1000F47D0D8F80C30022B15D0032BE1
:10D2300017D0012B09D11AF0020F06D0D9F800300F
:10D240004AEA030A1AF0010F0ED146F0100632E046
:10D250004FF0010AD1E70126E2E7159BC3F1010374
:10D260001593159B002BF0D0D4F810B004F11403E3
:10D270004FF0000C4FEA8B0A03EB8B01184653F872
:10D28000042BB2F1FF3F1BD001320260022E04F1E9
:10D2900014033CD1D8F80020013ABA4209D17911DF
:10D2A000012207F01F0753F8213002FA07F71F4247
:10D2B0003AD146F02006149B1C60069B1D60A1E637
:10D2C000994243F804CCD9D8A3689B4517DB616821
:10D2D0000298013100F08AF8814618B91A4B0246CB
:10D2E0008421B1E6226904F10C010C300232920073
:10D2F00005F034F921464C46029800F0B7F823694E
:10D300005A1C04EB8303226101225A61BEE72269A1
:10D310005A450BDD0121204605F05FFC0135D8F8A8
:10D320000830AB42FFF6D3AE0126C2E717F01F0765
:10D33000FAD05344C7F1200753F8040C05F0ABFDB5
:10D34000B842E7DBF0E700BFBDD5040000487047F6
:10D3500054E700208B89F7B59D0706460C4607D594
:10D3600004F14703236023610123636103B0F0BD2F
:10D3700001AB6A4605F058FD009F05463046394628
:10D38000FEF7A6FB48B9B4F90C309A05EED423F0A9
:10D39000030343F00203A381E2E70D4BB362A389C9
:10D3A000206043F08003A381019BC4E904075BB1C3
:10D3B000B4F90E10304601F041F928B1A38923F0E9
:10D3C000030343F00103A381A3891D43A581CDE796
:10D3D00091CD02000148F5F7ABB900BFB0E90020DC
:10D3E0000148F5F7C1B900BFB0E9002070B5466A41
:10D3F00004460D4676B91020FEF7DAFA024660625E
:10D4000020B9184B6621184801F0D8F8C0E9016628
:10D410000660C660666AF36883B1636ADB6853F8C6
:10D420002500B8B90121204601FA05F6721D9200C7
:10D4300005F011FE60B1C0E901560EE02122042181
:10D44000204605F008FE636AF060DB68002BE4D13B
:10D45000002070BD026843F825200023C0E9033393
:10D46000F7E700BF4AD5040038D6040070B5466A15
:10D4700005460C4676B91020FEF79AFA0246686215
:10D4800020B9094B8A21094801F098F8C0E90166E2
:10D490000660C6603CB16B6A6268DB6853F82210B4
:10D4A000216043F8224070BD4AD5040038D60400FC
:10D4B0002DE9F04101F1140C07460C461E460D699A
:10D4C0000020DCF80030013099B2854202FB016196
:10D4D0004FEA13464FEA114389B202FB063301EBD0
:10D4E00003414FEA13464CF8041BEADC0EB3A36871
:10D4F000AB4219DC616838460131FFF777FF80469F
:10D5000028B902460C4BB5210C4801F057F82269A6
:10D5100004F10C010C300232920005F01FF8214694
:10D5200044463846FFF7A2FF04EB850301355E61F0
:10D5300025612046BDE8F081BDD5040038D6040041
:10D540002DE9F84315461F46092208330C460646C6
:10D55000002193FBF2F301229A4209DB3046FFF7E8
:10D5600045FF40B90246194BCE21194801F026F873
:10D5700052000131F0E7089B092D43614FF0010390
:10D58000036116DD04F109092C44C84618F8013B73
:10D5900001460A223046303BFFF78AFFA045F5D10D
:10D5A000A5F108044C442D1B6319BB4204DBBDE804
:10D5B000F8830A340925F6E714F8013B01460A22EC
:10D5C0003046303BFFF774FFEEE700BFBDD50400E7
:10D5D00038D6040010B50C460121FFF707FF0246BC
:10D5E00028B9054B4FF4A071044800F0E7FF012370
:10D5F0004461036110BD00BFBDD5040038D60400EE
:10D600002DE9F04F14460A690F4685B023699A4206
:10D61000A2BF23460C461F46D4F810A0A368D7F833
:10D62000109061680AEB0906B342B8BF0131FFF7F9
:10D63000DDFE30B90246454B40F25D11444800F032
:10D64000BDFF00F11405002205EB86082B4643457B
:10D6500021D307F1140104F1140204F1150702EBC0
:10D660008A0201EB89030293131B153B23F003038A
:10D670000433BA4238BF04230193029B03918B42C7
:10D680000CD8002E03DD58F8043D002B5BD006615A
:10D6900005B0BDE8F08F43F8042BD8E7B1F800A03F
:10D6A000BAF1000F24D004F1140EA9464FF0000C7B
:10D6B0005EF8047BD9F800301FFA87FB72459BB2F5
:10D6C0000AFB0B334FEA174BD9F8007063444FEA5B
:10D6D000174C0AFB0BC707EB13479BB24FEA174CDB
:10D6E00043EA074349F8043BE2D8019B45F803C0ED
:10D6F000039B0431B3F80290B9F1000F21D02B68DD
:10D7000004F1140CAE464FF0000ABCF800B09BB216
:10D71000BEF8027009FB0B77574443EA07434EF803
:10D72000043B5CF8043B4FEA134ABEF80030624504
:10D7300009FB0A3303EB17434FEA134AE5D8019F6D
:10D74000EB51043599E7013E9BE700BFBDD50400CE
:10D7500038D604002DE9F843154612F003020746B7
:10D760000E4607D0013A254C002354F82220FFF73B
:10D770009FFE0646AD103DD07C6A7CB91020FEF7B6
:10D7800017F90246786228B91D4B4FF4D7711D482E
:10D7900000F014FFC0E901440460C460D7F824809D
:10D7A000D8F808404CB940F271213846FFF712FF13
:10D7B00000230446C8F8080003604FF00009EB0797
:10D7C0000AD5314622463846FFF71AFF80463146D1
:10D7D00038464646FFF74AFE6D100BD0206838B930
:10D7E000224621463846FFF70BFF2060C0F8009024
:10D7F0000446E4E73046BDE8F88300BF4C4D030023
:10D800004AD5040038D604002DE9F0470C460746F7
:10D8100091464FEA621A2369496803EB6218A368CC
:10D8200008F10106B3420BDB3846FFF7DFFD054682
:10D8300048B90246284B40F2D911284800F0BEFEF4
:10D8400001315B00EEE7002300F1140100F110024A
:10D850001846534533DB2AEAEA7A04F114032069B7
:10D8600019F01F0901EB8A0103EB800C2BD0C9F1E1
:10D87000200E8A460022186800FA09F010434AF880
:10D88000040B53F8042B9C4522FA0EF2F3D8ACEBB0
:10D89000040304F11500153B23F00303043384450E
:10D8A00038BF0423CA500AB108F10206013E3846C7
:10D8B00021462E61FFF7DAFD2846BDE8F0870133E7
:10D8C00042F8040FC5E7043953F8042B9C4541F88E
:10D8D000042FF9D8EAE700BFBDD5040038D604000C
:10D8E0002DE9F74F8946064611461446484605F08D
:10D8F00021FB051E12D129463046FFF777FD02466F
:10D9000028B9414B40F23221404800F057FE012334
:10D91000C0E90435104603B0BDE8F08FBCBF4B46EC
:10D92000A1463046B8BF0125D9F80410B4BF1C4643
:10D930000025FFF75BFD024618B9334B4FF4107119
:10D94000E2E7D9F8107004F1140E266900F1140B07
:10D95000C56009F1140509F110030EEB860605EB0D
:10D960008708D9464FF0000C0193019B5EF8040B29
:10D9700053F804AF764501931FFA8AF3194683B230
:10D980004FEA1040A1EB0303C0EB1A40634400EBE5
:10D9900023409BB24FEA204C43EA004349F8043B42
:10D9A000E3D8331B1534153B23F003030433A6429D
:10D9B00038BF04231D445B442C461E4644450ED309
:10D9C00008F10301491B033D21F00301A84538BFBD
:10D9D00000210B4453F8041D99B117619AE754F8DC
:10D9E000041BE6461FFA81FC080C7144F44489B21A
:10D9F00000EB2C4041EA00414FEA204C46F8041B62
:10DA0000DCE7013FE6E700BFBDD5040038D60400DF
:10DA100082B0114B8DED000B019A1340A3F15073AE
:10DA2000002B08DC5B42B3F1A07F4FEA235204DAFB
:10DA30004FF400231341002208E0A2F114031E2B2F
:10DA4000D6BF4FF000420122DA40002319461046AB
:10DA500041EC100B02B070470000F07F2DE9F0415F
:10DA6000066900F1140808EB860656F8042C371FE7
:10DA7000104605F010FAC0F120030A280B601D497A
:10DA800016DCC0F10B0CB84500F1150022FA0CF3BE
:10DA900002FA00F043EA010534BF56F8083C0023BF
:10DAA00023FA0CF303431C4645EC104BBDE8F08110
:10DAB000B8453ABFA6F1080756F8083C00230B38D2
:10DAC00014D0C0F120018240474523FA01F403FA43
:10DAD00000F342EA040242F07F558CBF57F8042C51
:10DAE000002245F44015CA401343DCE742EA010531
:10DAF000D9E700BF0000F03F2DE9F7430F460121B1
:10DB0000164659EC108BFFF771FC044630B90246FB
:10DB1000234B40F20A31234800F050FDC9F30A5567
:10DB2000C9F313030DB143F480130193B8F100035B
:10DB300023D06846009305F0D0F9DDE90012D0B19A
:10DB4000C0F1200302FA03F3C2400B430192636168
:10DB5000019B002BA3610CBF012202222261A5B10F
:10DB6000A5F233450544C0F135003D6030602046E4
:10DB700003B0BDE8F0836161EAE701A805F0ADF903
:10DB8000019B203001226361E8E7A0F2324004EB00
:10DB900082033860186905F07EF9C0EB4210E5E7B2
:10DBA000BDD5040038D604002DE9F04F98468B8986
:10DBB0009DB007461B060D46144610D50B6973B978
:10DBC0004021FDF785FF2860286130B90C233B60B8
:10DBD0004FF0FF301DB0BDE8F08F40236B61002394
:10DBE000CDF80C804FF00109DFF8A08109932023C4
:10DBF0008DF8293030238DF82A3023469A4613F8C1
:10DC0000012B0AB1252AF9D1BAEB040B0BD05B46E4
:10DC100022462946384605F02CFA013000F0A7804C
:10DC2000099A5A4409929AF80030002B00F09F801C
:10DC300000234FF0FF320AF1010A049307938DF895
:10DC400053301A93CDE90523544605224F4814F862
:10DC5000011B04F065FC049AD8B9D00644BF202308
:10DC60008DF85330110744BF2B238DF853309AF8A9
:10DC700000302A2B15D0079A544600204FF00A0C8A
:10DC8000214611F8013B303B092B4BD9B0B107922B
:10DC900014E0A0EB0803A24609FA03F3134304932C
:10DCA000D2E7039B191D1B68002B0391BBBF5B428E
:10DCB00042F0020207930793B8BF049223782E2BF9
:10DCC0000AD163782A2B32D1039B02341A1D1B68B8
:10DCD00043EAE37303920593DFF8C0A0032221789F
:10DCE000504604F01DFC38B1A0EB0A004022049B12
:10DCF000013482401343049314F8011B0622244884
:10DD00008DF8281004F00CFC002836D0214B1BBBEA
:10DD1000039B073323F0070308330393099B334422
:10DD200009936AE70CFB02320C460120A8E70023A6
:10DD300001344FF00A0C19460593204610F8012BC8
:10DD4000303A092A03D9002BC6D00591C4E70CFB51
:10DD5000012104460123F0E703AB2A4604A9384613
:10DD600000930D4BFDF70EFF421C0646D6D1AB8942
:10DD70005B063FF52DAF09982CE703AB2A4604A9B3
:10DD800038460093044BFEF731F9EDE795D60400D1
:10DD90009FD6040085BB0200733003009BD60400AD
:10DDA0002DE9F0470C46ADF5227D002106460DF128
:10DDB0000408A74F0093CDF81881CDE94411A54977
:10DDC000A091A549A1911378002B00F05C81F95C2A
:10DDD000551C11F0080119D06368002B0FDD236872
:10DDE0001A78BA5C120701D42A46ECE7459A013347
:10DDF0000132236045926268013A6260ECE7A19BC0
:10DE00002146304698470028E9D0EDE7252B12D06F
:10DE100099466368002B40F39480226813784B4541
:10DE200040F0318163680132013B22606360459BB1
:10DE300001334593D8E74191439153782A2B04BF8E
:10DE40001023951C4FF00A0208BF4193A94619F808
:10DE5000011BA1F13003092B1ED9DFF800A2032218
:10DE6000504604F05DFB38B1A0EB0A000123419A53
:10DE70004D4683401343419315F8013B782B06D858
:10DE8000572B10D8252BC3D056D8002B64D0032392
:10DE900047930A2342936AE0439B4D4602FB0311DA
:10DEA00030394391D2E7A3F15802202AEFD801A1DB
:10DEB00051F822F0A3DF02008FDE02008FDE0200A5
:10DEC000C5DF02008FDE02008FDE02008FDE02005F
:10DED0008FDE02008FDE02008FDE02008FDE020086
:10DEE000DBDF0200C1DF02003FDF02003FDF020094
:10DEF0003FDF02008FDE0200B5DF02008FDE02008E
:10DF00008FDE02008FDE02008FDE0200EBDF0200F8
:10DF1000BDDF02005FDF02008FDE02008FDE020045
:10DF2000E7DF02008FDE0200C1DF02008FDE0200A9
:10DF30008FDE0200A3DF0200453B022BA7D805239A
:10DF400014E0A19B21463046984700283FF465AF76
:10DF50004498002840F08F804FF0FF308FE0419BC5
:10DF600043F4087341931023429304234793636857
:10DF7000002B4ADD419B590604D423681A78BA5C09
:10DF8000120749D4479B022B58DC6B46224641A915
:10DF9000304600F0A9F9012875D002287FF424AF9B
:10DFA000D6E7419A42F40072419210226E2B4292BF
:10DFB00002D9DAE7002342930323D7E70823D3E704
:10DFC0000A22F3E72946404605F02FF9419B054612
:10DFD00043F0400341930123C8E7419B43F04003D2
:10DFE00041930023C2E70223C0E74198C3063FF5EF
:10DFF000FBAE009B10F0010F459A03F10401009164
:10E000001B6814BF1A801A60EEE6A19B21463046B9
:10E0100098470028AED09BE7459A01324592626846
:10E02000013A002A626002DD01332360A5E7A19B6B
:10E0300021463046984700289FD089E7042B0FDC03
:10E040006B46224641A9304600F0A8F9A3E700BF7D
:10E050000AD40400293103009F3103009BD6040039
:10E060000A4B002B3FF4C0AE6B46224641A9304616
:10E07000FEF7EAF88FE7A3895B063FF56DAF0DF574
:10E08000227DBDE8F0874498F9E700BF49C202004D
:10E090002DE9F04F0D469DB014469846064618B13E
:10E0A00083690BB9FEF792FE874B9D421BD17568C1
:10E0B0006B6ED90705D4AB899A0502D4A86DF4F725
:10E0C00037FBAB891B0701D52B69EBB929463046D5
:10E0D000FEF792FDC0B16B6EDC070ED54FF0FF303E
:10E0E0001DB0BDE8F08F794B9D4201D1B568DFE7E7
:10E0F000774B9D4208BFF568DAE7AB899805EDD408
:10E10000A86DF4F731FBE9E70023CDF80C804FF060
:10E110000109DFF8C081099320238DF829303023CD
:10E120008DF82A3023469A4613F8012B0AB1252A86
:10E13000F9D1BAEB040B0BD05B4622462946304698
:10E1400005F061F8013000F0A680099A5A4409925E
:10E150009AF80030002B00F09E8000234FF0FF3231
:10E160000AF1010A049307938DF853301A93CDE90D
:10E17000052354460522574814F8011B04F0D0F932
:10E18000049BD0B9D90644BF20228DF853201A072A
:10E1900044BF2B228DF853209AF800202A2A14D04D
:10E1A000079A544600204FF00A0C214611F8013B13
:10E1B000303B092B4AD970B914E0A0EB0800A24605
:10E1C00009FA00F018430490D3E7039A111D12686E
:10E1D000002A039101DB079204E0524243F002035C
:10E1E0000792049323782E2B0AD163782A2B32D1FD
:10E1F000039B02341A1D1B6843EAE37303920593E1
:10E20000DFF8E0A003222178504604F089F938B104
:10E21000A0EB0A004022049B013482401343049384
:10E2200014F8011B06222C488DF8281004F078F908
:10E2300000283FD0294B1BBB039B073323F0070368
:10E2400008330393099B3B4409936BE70CFB0232B1
:10E250000C460120A9E7002301344FF00A0C1946AF
:10E260000593204610F8012B303A092A03D9002BD8
:10E27000C6D00591C4E70CFB012104460123F0E759
:10E2800003AB2A4604A930460093154BFDF77AFCF0
:10E290000746781CD6D16B6ED90705D4AB899A0591
:10E2A00002D4A86DF4F760FAAB895B063FF516AFB0
:10E2B000099815E703AB2A4604A930460093084B9A
:10E2C000FDF794FEE4E700BF204D0300004D03007E
:10E2D000E04C030095D604009FD6040085BB0200E5
:10E2E000073203009BD604002DE9F84315468A68DF
:10E2F00080460C4632B98A69002A14BF4FF0FF32BB
:10E3000001228A6022680027DFF88C90D1065FBF67
:10E310001A68111D19601668A06988B1012807D113
:10E320002B681A7863699B5C53B9002F31D022E0C7
:10E33000022820D12B681B7819F803301B071AD448
:10E3400023680137DA065EBF2B681B7806F8013BAD
:10E350002A686B680132013B2A60A2686B60013A4F
:10E36000A26042B1002BD7DCD4F880312946404668
:10E3700098470028D0D0236813F0100305D1E26835
:10E380000132E260A26902B13370236900203B448C
:10E390002361BDE8F88300BF0AD404002DE9F04FE3
:10E3A000984687B0784B0C468246164627464FF073
:10E3B000000B93E8070003AB83E80700734BA169E8
:10E3C000734A032908BF1A46A36801925A1EB2F580
:10E3D000AE7F89BF6FF4AE754FF0000903EB0509FE
:10E3E00040F25D1388BFA36057F81C3B43F45063B1
:10E3F0003D462360316803AB0222097853F82B00B5
:10E4000004F08EF8002840D0BBF1010F12D16268F1
:10E410002AB92268082142F40072616022602268F1
:10E4200022F4A0622260A268511EA160DAB94FF006
:10E43000020BDFE7BBF1020F06D0A268511EA160FC
:10E440008AB94FF0010BD5E7226802F4C061B1F53B
:10E45000007F1FD142F4807210212260A2686160A7
:10E46000511EA160B2B13268511C3160127805F8BA
:10E47000012B7268013A002A726006DCD4F8802110
:10E48000314650469047002874D10BF1010BBBF187
:10E49000030FAFD163680BB90A23636063684FF061
:10E4A000000B3C496069C91A04F0BFFEA3682268EA
:10E4B00073B33168606991F800C010F80C0038B38C
:10E4C000BCF1300F16D1100514D50BF1010BB9F1C9
:10E4D000000F03D0013309F1FF39A3607368013BDA
:10E4E000002B73600DDD336801333360A368013B9B
:10E4F000A360DBE722F4106222600B7805F8013B91
:10E50000ECE7D4F880313146504698470028EDD0EA
:10E510002368D9050DD5BD4209D905F1FF3915F894
:10E52000011CD4F87C3132464D4650469847BD42D6
:10E5300028D0226812F0100213D12A70394663687D
:10E540005046019EB047D8F8003021681A1D11F0DE
:10E55000200FC8F800201B680FD01860E368013353
:10E56000E360ED1B236900205D442B44236107B069
:10E57000BDE8F08F4FF0000BCAE7CA074CBF188008
:10E580001860EBE70120F2E7D4400300F328030012
:10E59000F7280300B6D6040038B50446064D0846F1
:10E5A000114600222A601A4603F083F8431C02D168
:10E5B0002B6803B1236038BD6C4401201FB514469D
:10E5C0001A46094B05461B68D86854B9074B1C46C8
:10E5D00000910749CDE901342B46FEF775FCF4F7AD
:10E5E000DBF8044BF4E700BF00E600206FCA04002C
:10E5F000CBD60400BED6040038B50023054D044632
:10E6000008462B6003F059F8431C02D12B6803B174
:10E61000236038BD6C44012038B50023064D044604
:10E62000084611462B6003F052F8431C02D12B68B8
:10E6300003B1236038BD00BF6C44012038B500230E
:10E64000054D044608462B6003F03CF8431C02D1FC
:10E650002B6803B1236038BD6C44012038B50446F3
:10E66000064D0846114600222A601A4603F028F893
:10E67000431C02D12B6803B1236038BD6C440120D8
:10E6800038B50446064D0846114600222A601A464F
:10E6900003F00BF8431C02D12B6803B1236038BD93
:10E6A0006C440120704708B5DDF706FB002008BD6B
:10E6B0000EB403B503AA52F8041B0192DDF770FAF9
:10E6C00002B05DF804EB03B0704708B5E1F724FF32
:10E6D000002008BD08B500F080F9002008BDDFF774
:10E6E0001FBDFAF745B8FAF7C1B80D20DEF76CBFC9
:10E6F00008B5DFF7E3F8BDE80840E1F7A1BB38B59E
:10E7000005460846FFF7F4FF0446284600F080F867
:10E71000A04228BF2046C0B238BD014602221520C3
:10E72000DEF768BF08B50120DEF74EFFBDE8084000
:10E73000E6F77CB908B50120DEF746FFBDE80840E2
:10E74000E4F704BF08B50120DEF73EFFBDE808404E
:10E75000E7F728BF1220DEF737BF1320DEF734BFFC
:10E7600030B5836885B00293C368D0E900451022B4
:10E7700069460720CDE900450393DEF73BFF05B06E
:10E7800030BD03689A1C0260188840BA80B2704796
:10E790000268D31C03605378117890781B0203EB56
:10E7A00001431844704703681A1D0260186800BAD4
:10E7B00070470B0A03704170023070470B0C0370F6
:10E7C0000B0A43708170033070470B0E03700B0C03
:10E7D00043700B0A8370C170043070470A460121F0
:10E7E000E1F700BB0A460021E1F7FCBAF8B50024C6
:10E7F0000546164623462746AB4201D33846F8BDA8
:10E80000A0B23246E1F7EEFAE7B283B20134F3E7A1
:10E810000130C0B20F2828BF0F20704709280AD83E
:10E8200050B30138082808D8DFE800F009120716AD
:10E83000070707071E0016281AD0002070476FF43C
:10E84000CF600B18142BF8D8AAB101F00100704763
:10E85000A1F5D261142903E06FF4037319441A2956
:10E860008CBF002001207047A1F2A7610829F7E7BB
:10E87000A1F29B61EEE70120704710B56AB1012853
:10E880000BD1CB0709D502318CB22146FFF7C6FF69
:10E89000002814BF2046002010BD0131F4E771B1FB
:10E8A0000023014403F13002092B00F8012B0CBFB7
:10E8B000002301338842F5D1002300F8013C704762
:10E8C00038B1022807D0032814BF4FF0FF300120D1
:10E8D0007047022070470320704710F0FF0304D0F8
:10E8E000FF2894BF0020012070471846704730B5BC
:10E8F000904271EB0303DDE9035405D385428C415B
:10E900002CBF0120002030BD0020FCE7431E022B5D
:10E910009FBFC0EBC0104000193040B288BF0A2032
:10E9200070474368994214BF086800207047D0E8D8
:10E93000EF3F0133C0E8E23F002AF8D170470120E1
:10E94000E1F7B2BB0720E1F7AFBB70B50446D0F8E2
:10E950008C50F0220E4603F001FEC4F88C5045B1F5
:10E960002846B6F88A20D6F88C10BDE8704003F02F
:10E97000F5BDA4F88A5070BD2DE9F041F02105469F
:10E98000012017461E469DF8188003F0B3FD04468B
:10E99000A8B10020C4F88C00B8F1000F13D02B7A76
:10E9A00003F0FD02012A01D0062B0DD101214FF405
:10E9B0002F7003F09FFD38B9204603F094FD00242A
:10E9C0002046BDE8F0814046C4F88C002946204628
:10E9D000FFF7BBFFC4E91476F2E70420E1F764BB5C
:10E9E00007B5042201900DEB02010520E1F72CFB95
:10E9F00003B05DF804FB38B5F0210546012003F0B3
:10EA000079FD044640B101214FF42F7003F072FDEF
:10EA100028B9204603F067FD0024204638BD0323B3
:10EA200023720023237404F11803C4F88C002B60B4
:10EA3000F3E710B5044648B1D0F88C0008B103F0F4
:10EA400052FD2046BDE8104003F04DBD10BD08B595
:10EA5000E1F790FBBDE80840FFF7EBBF38B50D4686
:10EA60000446A54200D238BD2046FFF7F0FF01342E
:10EA7000F7E70820E1F718BB0920E1F715BB0120F3
:10EA8000E1F712BB01464FF434720320E1F7DCBA20
:10EA9000A0F54B53083B312B18D9A0F552533C3B02
:10EAA000312B13D943F22C3398420FD043F2B06389
:10EAB00098420BD043F6A403984207D0A0F56A50C1
:10EAC000183802288CBF00200120704701207047B1
:10EAD00008B503F070FC4FF47A72A0FB020302FB4E
:10EAE0000131C00B40EA4140C90B08BD38B50346AF
:10EAF0000A780C4662F07F0200F8022B4A785A70BE
:10EB00004988FFF756FE23780546A3F16402012ADF
:10EB10000FD8A188FFF74DFEE188FFF74AFEE28893
:10EB2000054604F1080103F019FD05F52D75284689
:10EB300038BD662B04D16168BDE83840FFF745BE9B
:10EB4000672BF4D140F2DF12211D03F07FFEEEE7C8
:10EB50000B4613B513F8022B044602F07F02027035
:10EB600001934B78437001A8FFF70BFE2378608078
:10EB7000A3F16402012A10D801A8FFF702FEA080C9
:10EB800001A8FFF7FEFD01990246E08004F10800AC
:10EB900003F0E4FC002002B010BD672BFAD140F274
:10EBA000DF120199201D03F051FEF3E738B50B7811
:10EBB0000C4663F07F0300F8023B4988FFF7F9FD3C
:10EBC00023780546352B0FD1A188FFF7F2FDE188A8
:10EBD000FFF7EFFDE288054604F1080103F0BEFCF3
:10EBE00005F52D75284638BD332B04D16168BDE885
:10EBF0003840FFF7EABD342BF4D14FF4F572211DF4
:10EC000003F024FEEEE713B511F8023B044603F0CF
:10EC10007F03037001A80191FFF7B3FD23786080A3
:10EC2000352B10D101A8FFF7ACFDA08001A8FFF79C
:10EC3000A8FD01990246E08004F1080003F08EFC73
:10EC4000002002B010BD342BFAD14FF4F5720199B7
:10EC5000201D03F0FBFDF3E708B503F0ACFB4FF418
:10EC60007A72A0FB020302FB0131C00B40EA414073
:10EC7000C90B08BD10B50446FFF7EEFF03460A4670
:10EC8000D4E90001C4E90032181A62EB010110BD99
:10EC90000720E5F735BDD0E8AF0F7047D0E8EF3F6C
:10ECA000C0E8E21F002AF9D1704700F072BB08B536
:10ECB000E9F76AF8DFF7D2FF002008BD032804D97E
:10ECC000A0F10F035842584170470120704710B51A
:10ECD00009B9002010BD0478A40914700378C3F3A7
:10ECE000011353700178002CF3D1032BF1D001F004
:10ECF0000F010846FFF7E2FF0028EAD09170E9E72C
:10ED00008378027803F00F0303EB821342780846FE
:10ED1000120102F03002134400F8013B7047012851
:10ED200004D9A0F11E035842584170470120704792
:10ED3000192803D8073818BF012070473E3801282A
:10ED40008CBF002001207047012973B50D4616467F
:10ED50001C4602D8002002B070BD93780190012BB0
:10ED600023700BD10629F5D901A8FFF711FD206109
:10ED700001A8FFF718FDA0600120ECE701A8FFF74C
:10ED800000FDC0F30033C0F30B006380A080B378B4
:10ED9000022B06D1092DDDD901A8FFF704FDE060A3
:10EDA000E6E7032BE8D1052DD4D9E1E710B50446F9
:10EDB00023780846012B07D12169FFF7FFFCA168E2
:10EDC000BDE81040FFF701BD6388A1881B0303F471
:10EDD0008053C1F30B011943FFF7EBFC2378022B9F
:10EDE00003D1E168FFF7F1FCE9E7032BE7D010BDA1
:10EDF0000C2805D0103801288CBF00200520704752
:10EE00000120704773B5064614460D4611B900201F
:10EE100002B070BD02789309032B19D123700278D8
:10EE2000C2F34012A280017801F01F0108463AB9EE
:10EE3000E9F75CFF0028EAD00120A2606170E7E7F3
:10EE4000FFF76DFF0028E2D0012DE0D0721CF3E740
:10EE500002F03F02411C627010460191FFF768FF0B
:10EE60000028D4D07BB93F2AD1D01046FFF7C0FF8D
:10EE70000122A080A088AD1AA8428CBF00200120EA
:10EE8000A1602370C4E7012B06D1012DBFD0727899
:10EE9000B11CA2800222EDE7022DB8D9002301A8FF
:10EEA000A370FFF76EFC6378A0803F2B04D1019B19
:10EEB0005A1C01921B78A370022301991A46D9E7C4
:10EEC00002780346032A09D042B15B78022A0CBFBC
:10EED000032002203F2B02D10130704701207047F0
:10EEE0000329F7B5144602D8002003B0F0BD431C37
:10EEF0000193037813704778C7F30017577043786E
:10EF0000C3F3C00393704678831CC6F38006D670A3
:10EF100045780193C5F340051571427894F808C00F
:10EF200002F00102627183781B09A371C31C019373
:10EF3000837803F00F03E371C3781B0963F3030CB9
:10EF400084F808C090F803C0237A4FEA9C0C6CF355
:10EF5000051300F1040C2372CDF804C090F803C02F
:10EF60006CF3871323723B1D06B101330DB10233DD
:10EF70009BB20AB104339BB28B42B5D82FB1431D6B
:10EF80000193037903F00F03637226B1019B591CAF
:10EF900001911B7863814DB1019B19785878090262
:10EFA00001F4F85101430233A18101930AB9012010
:10EFB0009BE701A8FFF7F7FB2061F8E7034610B4D1
:10EFC00002780A70C27800799200400000F00200D6
:10EFD00002F00402024358799C7800F001000244D8
:10EFE0005878E400000104F0080400F01000204309
:10EFF00002444A70DA79987902F00F0202EB0012AB
:10F000008A70187AC0F30112C0F30304920002EB75
:10F01000041202EB9012CA705A788AB9081DDA7885
:10F0200012B15A8900F8012B1A7912B19A8900F8A5
:10F03000012B5A7952B119695DF8044BFFF7C5BB32
:10F040005A7A481D02F00F020A71E8E75DF8044B96
:10F05000704710B504466378E27803F0010303EBD0
:10F06000421322790846920002F01C0213442278CF
:10F07000520002F0020213440B70A378DB014B70C4
:10F08000A379627903F01F0303EB42138B70237A99
:10F09000E27903F01F0303EB4213CB70637A03F0B2
:10F0A0003F030B7163783BB90530A3789BB1A18A0C
:10F0B000BDE81040FFF77DBBE37AA27A03F00F03AF
:10F0C00003EB02134B71A1890630FFF772FB216934
:10F0D000FFF77BFBE9E710BD37B504291446019023
:10F0E00002D8002003B030BD03785B09D3700378E9
:10F0F000C3F382031371034613F8012B01930346F4
:10F10000C2F34002227013F8022B02F001020193B5
:10F1100062704378DB09A37085786D096571C51C41
:10F120000195857805F01F05A571C5786D09E57114
:10F13000051D0195C57805F01F052572451D019532
:10F14000057905F03F05657242B92BB10629C8D98A
:10F1500001A8FFF716FBA0820120C3E7B3B10D2978
:10F16000BFD943791B09A372831D0193437901A879
:10F1700003F00F03E372FFF704FBA08101A8FFF780
:10F1800012FBA3782061002BE6D0E1E70B29E7E72B
:10F19000034610B54278C0785201800000F01C0090
:10F1A00002F02002024398781C78400000F0020030
:10F1B00000EBC41002440A701A7842B91A795B79DC
:10F1C000881C03F00F0303EB02134B7010BD5A7839
:10F1D00032B94A1C997A1170997889B9501CF5E7AF
:10F1E000DA79987902F01F0202EB40124A70587ADD
:10F1F0001C7A00F01F0000EB4410CA1C8870E9E77D
:10F20000D97AD01C01F07F0151701B7B03F07F0382
:10F210009370DBE7012910B501D8002010BD0478F8
:10F22000E409147003783CB91B091371037803F0E7
:10F230000F0353710120F1E7C3F3401353700478B7
:10F24000C4F38204D4700478C4F340049470ABB95E
:10F2500024B9437803F03F039372EBE70329DCD929
:10F260004178431C01F03F019172597801F07F0110
:10F27000D1729B7803F07F031373DBE7BCB10529E0
:10F28000CBD943785B099371437803F01F03D371A3
:10F2900083785B091372837803F01F035372C3787A
:10F2A00003F03F039372002CC4D0C31CDDE7032995
:10F2B000E6E7F0B5074614460E4685B0002939D07A
:10F2C000002A34D04FF43671012003F013F90546BB
:10F2D000002832D00022022C01ABC3E901220192A6
:10F2E0008BBF01220322023C04F1FF348CBFA4B285
:10F2F000A4B28DF80420ADF8084000F1080C93E8A2
:10F30000070007238CE807004FF42F7200212B75AC
:10F310002C8305F11A0003F048F973683146C5E9FA
:10F3200000631D6075603868E9F76AFD3860002089
:10F3300005B0F0BD6FF01500FAE76FF00B00F7E7CE
:10F34000C38913B90220DEF73FB970472DE9F041B8
:10F350001646DDE906871D46EAF748F90446B0B1CE
:10F36000D0E90C23B242AB4111D2036AC0E90C656B
:10F370000133036258EA070309D03B46424640681E
:10F38000E1F708F8636AE7620133C4E90938BDE8C8
:10F39000F081F0B5866A89B000F1310405466A460D
:10F3A00031462046FFF793FC18B90026304609B0D5
:10F3B000F0BD6A4603AB711E05F13200FFF7C4FCD5
:10F3C0000028F2D09DF80200E9F7D0FCA96A01AF4D
:10F3D000091A3A462044CDE90177E9F7C7FD064608
:10F3E00060B900240198B842E0D0D0E9003213603F
:10F3F0005A60C0E9004403F076F8F3E7019CBC4290
:10F40000EFD0002CEDD0237D022B05D1284604F14E
:10F41000180203A9E8F774FA029B9C42E1D0246821
:10F42000EFE708B5EAF730FF002008BD836800EB7E
:10F43000C101B3F5004F2CBF51F8220031F8120082
:10F44000704700EBC1018068B0F5004F2CBF41F858
:10F45000223021F812307047012208B5FFF7E6FF8D
:10F46000D04008BD836800EBC101B3F5004F08D35D
:10F470004B681AB143F001034B60704723F001035E
:10F48000FAE74B881AB143F001034B80704723F031
:10F490000103FAE753000122FFF7D3BF8368B3F5F6
:10F4A000004F34BF04230823C91A081AC008704744
:10F4B0008368481CB3F5004F34BF04230823083386
:10F4C000A0EBD300B0FA80F0C0F11F0070472DE927
:10F4D000F0411746032288460446FFF7A7FF804500
:10F4E000054607F1060613D10122E368BA4023EA74
:10F4F0000203E360002304EB860673604146204666
:10F50000FFF7AAFF2369A3EBC0032361BDE8F081E5
:10F51000414602222046FFF789FF074604EB860694
:10F520002B460146032220467560FFF78AFF3B46C3
:10F53000022229462046FFF784FFDFE770B50D461B
:10F5400086680446FFF788FFB6F5004F014601D3F1
:10F55000012809D02046FFF7ABFF29460246204686
:10F56000BDE87040FFF7B3BF70BD2DE9F047054619
:10F57000FFF79EFF05EB800ADAF81C9088460646E6
:10F58000B9F1000F1BD00327DAF81C4028462146AA
:10F59000FFF762FF404507D3324621462846FFF772
:10F5A00096FF2046BDE8F087032221462846FFF754
:10F5B0003DFF013FCAF81C0001D08145E4D14FF066
:10F5C000FF34EB680136B4401C40EAD094FAA4F250
:10F5D000B2FA82F205EB8203DC69DEE72DE9F04145
:10F5E00014460E460546FFF737FFA4EB0608371B07
:10F5F0000744424631462846FFF74CFF3A4621462B
:10F600002846FFF747FF4346002221462846FFF7DA
:10F6100018FF21462846FFF71FFF3B46211800220E
:10F620002846BDE8F041FFF70CBF2DE9F041164632
:10F6300004460F46FFF710FF314605462046FFF708
:10F640000BFF05442A4639462046FFF723FF314683
:10F650002046FFF701FF2B46311800222046BDE867
:10F66000F041FFF7EEBEF8B50D4686680446FFF799
:10F67000F3FEB6F5004F014601D301281FD0204606
:10F68000FFF716FF04EB8001CE69CEB90122E368D3
:10F6900082401343E3600222CD612B462946204677
:10F6A000FFF7CFFE032229462046FFF7CAFE294670
:10F6B0002046FFF7D1FE236903EBC0032361F8BDA9
:10F6C000022231462046FFF7B1FE0746034629468F
:10F6D0002046FFF7B6FE0322334629462046FFF7B1
:10F6E000B0FE39462B462046FFF7ABFE02223146DC
:10F6F000DAE7F8B50C460546FFF7AEFE26180122FC
:10F7000031462846FFF792FEC3070CD431462846FF
:10F71000FFF714FF21462846FFF79EFE21462218D8
:10F720002846FFF782FF002221462846FFF77EFE8B
:10F73000271A012239462846FFF778FE10EA02060A
:10F7400013D139462846FFF7F9FE214632462846AE
:10F75000FFF76CFE2246211A2846FFF766FF214676
:10F7600032462846FFF762FE241A21462846BDE8A5
:10F77000F840FFF778BF70B5056811B9002420463E
:10F7800070BDAB6801F00704B3F5004F2CBF082231
:10F79000042207341444E40804EBD1049C4228BF3B
:10F7A0001C4628462146FFF7E0FE06460028E5D025
:10F7B00001462846FFF750FEA04209D9344431469D
:10F7C00028462246FFF70AFF21462846FFF74BFF4F
:10F7D000012231462846FFF745FEAB683146B3F5B6
:10F7E000004F34BF04240824FFF736FE6B6904EB96
:10F7F000C60403EBC000AB692C44686183422CBF94
:10F80000AB61A861BBE71146FFF7B5BF58B151B175
:10F8100003681B690B6003685B694B600368002029
:10F820009B698B6070476FF0150070472DE9F047BA
:10F8300006460D46174698462BB34FF0000A98F837
:10F84000004093F80190DB78A40004EB430498F89F
:10F8500002301C444444CA4509D339463046AC46BC
:10F86000D8F8042008F10803BDE8F047604714F811
:10F87000013B0AF1010A204648F82340D9F7FAF97A
:10F8800001300444E7E76FF01500BDE8F08770B57C
:10F89000002502462846144614F8013B0BB91846C9
:10F8A00009E098B18D4207D1702B04D0A3F140023A
:10F8B0003A2A0BD8002070BDA3F140063A2E05D895
:10F8C00053780135941C002BE9D00020252B2246CB
:10F8D00008BF80F00100DEE70020704730B50C68FB
:10F8E0008B6814B14A689A4202DC01338B6030BDE8
:10F8F000013A9A4214BF05460025E5548B68F4E7A7
:10F900000FB407B504A951F8040B0191EBF70AFCF9
:10F9100003B05DF804EB04B070470CB407B504AB5A
:10F9200053F8042B0193EBF70BFC03B05DF804EBE9
:10F9300002B07047D0E9002130B54FF03333A2FB5D
:10F940000324D51843EB0405A1FB0313521844EB21
:10F950000304521944F10002891843F10003C0E97D
:10F96000001330BD10B50A680346002A0FDD013AC6
:10F970000A6044680A201A68A2FB001200FB0422F5
:10F98000100F22F07042C3E90012303010BD302059
:10F99000FCE72DE9F0410746884615461E46144609
:10F9A000B44205D30EB1601B08E02378002BFAD0D7
:10F9B000414614F8010BB8470028F1DABDE8F081A0
:10F9C000D1E9003293423EBF5A1C0A60187070475A
:10F9D000002383F31188BFF36F8F0423184602DFDF
:10F9E00070470FB407B504A951F8040B0191EBF768
:10F9F00099FB03B05DF804EB04B0704710B50369E0
:10FA0000024613F0080009D11368D4689C429BBFDA
:10FA10000120526AE31AD31A0B6010BD0023184666
:10FA2000FAE713B501A90446FFF7E8FF20B1019BEF
:10FA3000E268013B13440193606A019BC01A0138DC
:10FA400002B010BD10B5044650182269636AD2078F
:10FA500002D5013B184010BD984228BFC01AFAE7F2
:10FA600010B504460A46C168FFF7ECFF2369E06061
:10FA700023F00803236110BD38B50D46026A8B00E0
:10FA8000016843F00203044642F8213001682A4627
:10FA9000FFF7D8FFE3686168984208BF23692060D8
:10FAA00008BF43F008032A46204608BF2361FFF73A
:10FAB000C9FF606038BD2DE9F74FC768066A9B46ED
:10FAC00006EB8703009316F82730044603F0030380
:10FAD000022B884691464FF000030BD01360CBF801
:10FAE000003023699B0713D44FF0000A504603B03F
:10FAF000BDE8F08F56F8271013608908CBF8003066
:10FB0000EFD0FFF7ADFFE368A3604FF0010AEDE728
:10FB1000E3690098984716F82720054612F0010A75
:10FB2000E2D012F002021FD0B8F1000F03D041461C
:10FB30002046FFF7A1FF61682A462046FFF782FFB3
:10FB4000D4E902219142606006D12A462046FFF79F
:10FB500079FF4FF0000AA060A2682260E26022698B
:10FB600042F008022261C1E7014620460192FFF7F8
:10FB700077FFE368A360B8F1000F04D02168236A1F
:10FB8000019A43F8212005EB0802CBF800202168F8
:10FB90002046FFF757FF2369206043F008032361E5
:10FBA00016F827306FF3000306F82730009BC9F8DA
:10FBB0000030AAE770B504461546FFF743FF2368F7
:10FBC000834205D12369216023F00803236170BDBE
:10FBD000226AAB0043F0020342F8213061682A46F2
:10FBE0002046FFF72FFF6060F1E738B50369044650
:10FBF0005B0706D5856AFFF714FF85422CBFA56217
:10FC0000A06238BD38B5EBF711FE05460C4601F091
:10FC100063FD002303602146284638BD2DE9F043EB
:10FC2000551A0F1AAC4612D5002DC7F1000417DA89
:10FC3000C5F1000CB4FBFCF60CFB164664468EB115
:10FC4000B4FBF6FC06FB1C4C34466646F7E7002D79
:10FC500004DA6C4237B1A4463C46EBE76FB13C4650
:10FC6000002DE7D1121A92FBF4F94FF0000C03EBD0
:10FC7000810EA44503DBBDE8F0832C46F2E74FF08C
:10FC800000080CEB0100C84504DB0CF1010C0EF17F
:10FC9000040EEEE78842ACBFC01B401953F8206049
:10FCA000DEF8002008F1010843F82020CEF80060BB
:10FCB000E9E72DE9FF410E46174698460446EBF763
:10FCC0004BFF012302930A9B21463246CDE9008374
:10FCD0003B460546ECF79AF804462846EBF720FF2A
:10FCE000204604B0BDE8F081838B13F0070305D1F3
:10FCF0000368002B0CBF002003207047022B05D1A6
:10FD0000C08BB0FA80F0400980007047012B05D10C
:10FD10000368002B0CBF00200520704700207047AF
:10FD200010B50C4600B111B96FF0150010BD081DDB
:10FD300000F02FF80028F9D1A368032BF6D9F3E7D8
:10FD40002DE9F0410D4607461946281D90461E46EE
:10FD5000ECF77AFC044638B1334642462946384629
:10FD6000A446BDE8F0416047BDE8F08138B50C46D7
:10FD7000054658B151B10B6843B14B6833B12022ED
:10FD8000002102F012FC00202C6138BD6FF015003C
:10FD9000FBE7034658B1426802F00302012A03D090
:10FDA000032A04D1026812B10020986070476FF0F6
:10FDB0001500704770B506460C888888241A30698B
:10FDC000A4B2844285B224BF641BA4B22D1BA8B286
:10FDD000984228BF18463368234413600B880344B5
:10FDE0000B8070BD70B4838985880669ED1AADB249
:10FDF000731B934228BF134670BC0A46011DFFF7D0
:10FE0000D9BF70B40E460146C58831F80A3FEC1AD6
:10FE1000A3B2934228BF1346324670BCFFF7CABF55
:10FE200010B54B880C88E41AA4B294420ED31A443D
:10FE300092B28B884A800A800069D21A92B28242BA
:10FE400001D2002010BD03448B80FAE76FF015004B
:10FE5000F8E7704770B4C66804680D0C06FB0544EB
:10FE6000806A14FA81F184682468A44670BC6047F3
:10FE70002DE9F0430646884617461C46C36A89B0FA
:10FE80001D686D4205F020051CB9204609B0BDE88B
:10FE9000F083AC42A14628BFA9466A464B4641467C
:10FEA0003046FFF7D7FF0028F0D16B46484502D116
:10FEB000241A8044E8E713F8012BBA4201D101303B
:10FEC000F4E70120E2E70B6803F580330B60008A5A
:10FED0001A0CB0EB134F04BFA3EB02430B60704747
:10FEE00038B5C26803680D0C090C044602FB0131E9
:10FEF000806A2D0401F038FB50B9E26A2946204699
:10FF0000E3685279FFF7B4FF002818BF6FF00500CF
:10FF100038BD014610B507220446FF20F2F710FD58
:10FF2000E07110BD0A46012100F075BA0368012B8B
:10FF300081BFC91801F1FF315B4219400846704783
:10FF40002DE9F0410C4605460821C06AFFF7EEFF97
:10FF5000072207462146FF206688B4F80480F2F79E
:10FF6000EFFCE379834208D1E8684644C01BB04205
:10FF700094BF00200120BDE8F0810020FBE738B5E8
:10FF800005460C46FFF7DCFFA0B1A08898B94FF6F4
:10FF9000FF7322889A420DD10821E86AFFF7C6FF55
:10FFA0006288EB689B1AB3FBF0F202FB1030B0FAE8
:10FFB00080F0400938BD0020FCE7F7B504460D4647
:10FFC000C06A0821FFF7B2FF0823074629682046C8
:10FFD000FFF740FF0646002836D12B683B442B60D4
:10FFE000E26899B2D21B91422ED11A0C09BF228A23
:10FFF000A3F5803102F1FF3203EB024120460823D2
:020000023000CC
:100000006A462960FFF726FFE8B9E36A5A796B462A
:1000100013F8011B8A420CD101300828F8D163681B
:1000200005E02B68BDF802201B0C1B0413442B6059
:100030000AE069462046FFF7A2FF0028F1D12946D1
:100040002046ECF787FB0646304603B0F0BD2DE9AD
:10005000F043074690461C4689B01BB9002009B002
:10006000BDE8F083FD683B68080C05FB003313FA1C
:1000700081F6FB6A1D686D4225400CD0B86A836822
:100080003146D3F804902B46C8470028E7D1641BBB
:10009000E4D02E44A84422464146684602F05EFA67
:1000A000FD6A0DEB04002A686979121B02F07DFAE3
:1000B000B86A2B688268314654686A46A047CEE722
:1000C00010B50A46082341680446FFF7C0FF08211F
:1000D0000246E06AFFF72AFF63681B1A6360104656
:1000E00010BD4FF6FF7313B500220446ADF8003083
:1000F0008DF8063083686846ADF80420ADF802300C
:10010000FFF707FF69462046FFF7DAFF02B010BD90
:100110002DE9F04F082195B00446C06AFFF706FFAD
:100120000546636820461B0C1B0403A90393FFF7D5
:10013000CAFEDDF80CB0E66806AA5E44761B08230A
:10014000314620460496FFF785FE021EC0F2A980C4
:10015000E36A06AA5979002312F8010B814240F0A4
:100160008F800133082BF7D1A36862682B449A4231
:100170007ED259462046FFF7B3FE024691E0BDF815
:100180001A30360C36041E44049608AA204604A9E8
:10019000DDF810A0FFF711FF0246002840F0818033
:1001A000204608A9FFF7CCFE18B9019B9A45ECD16F
:1001B000DAE7636805930AAA204605A9059EFFF7BA
:1001C000FCFE024600286CD1BDF82820BDF8203086
:1001D0009A4227D06268059B9A42ECD15645E4D1F9
:1001E000BDF82430002BE0D0BDF822704FEA1A434E
:1001F0001B041F44A36808A8ADF82230FFF789FE4E
:10020000E36ABDF824901E68764206F02006B9F134
:10021000000F0ED1204608A9FFF752FF0246002822
:10022000C3D03EE020460AA9FFF78AFE0028D1D0BD
:10023000D4E74E45B04628BFC8460CAA43463946C7
:100240002046FFF707FE024658BB4346A1680CAAAA
:100250002046FFF7FCFE41460246E06AFFF766FED5
:10026000A3680344A360E2B9A9EB08094744CEE7B9
:100270002046FFF736FF024600283FF47AAF10E031
:10028000731B204606A90193FFF779FE00287FF42F
:1002900076AF204604A9ECF75DFA024600283FF449
:1002A00074AF104615B0BDE8F08F00231A46ECF786
:1002B0004FBC13B500240094ECF722FD02B010BD32
:1002C00003785B075FBF03684288C3F34A2303EBED
:1002D00012105DBF173020F0070080080020704723
:1002E0000020704701F097BC0346D3E8EF0F421C93
:1002F000C3E8E12F0029F8D170470120ECF760BE78
:100300000020704770B50C4615461E4640B1EDF70B
:10031000FBF833462A462146BDE87040EDF752B956
:100320004FF0FF30F5E738B504460D4643681146F7
:10033000DA71EDF7B7F9012263681D6063685A71DD
:10034000BDE83840ECF72EBE70B515460C4669B1D5
:10035000D2E901369B1B99420AD813680A46014626
:10036000981902F0FBF8AB682344AB60204670BDDF
:100370006FF01B00FBE770B50E46154619460446A4
:1003800018B9BDE87040ECF71BBE33B1C2F34A2385
:100390001030120D184402F0E1F8C4E9005620466E
:1003A000BDE87040EDF79EB82DE9F3415F1C4FEAC0
:1003B0008708064608F1170020F0070080080C4661
:1003C0001546ECF7A9FE00238DF80470ADF8053052
:1003D0008DF8073068B10346019AA8F1040143F88B
:1003E000102F2A46294452F8045B8A4243F8045FDE
:1003F000F9D100233146A20102F4E07242EA482218
:1004000022F07F4222F4700222F03F0202B0BDE8E7
:10041000F041FFF7B0BF07B50123019201AAFFF732
:10042000C3FF03B05DF804FB07B5CDE90023022349
:100430006A46FFF7B9FF03B05DF804FB1FB5CDE9CD
:100440000123069B01AA03930323FFF7ADFF05B029
:100450005DF804FBF8B506460D4614461F4604B980
:10046000F8BD214628463A46B047241A0544F6E727
:1004700010B542680446D2E9002381680068FFF79E
:10048000E9FF002263681A6010BD13B500240094D0
:10049000D8F7A6FE02B010BD0A2838B504460D46AE
:1004A00002D10D20EDF734FA29462046EDF730FA57
:1004B000002038BD2DE9F043054687B008460E8878
:1004C00091F800900C46D1F808801746EDF7F4F942
:1004D000011EC6F38216C9F3C2091EDB4846EDF7BA
:1004E00029F80346214651F8102B6088C2F34A22AE
:1004F000002A01EB020408BF00210022C0F30B1008
:10050000CDE90407CDE90214284641460196009240
:10051000EDF72AFA07B0BDE8F0830023E2E7704761
:1005200070B54C680368A34201D2012070BD8A688F
:100530002244934201D30020F8E74E69D1E9032514
:10054000B54203D36FF00B038B61F4E71B1B42F83A
:1005500035304368086902EBC00253600B69013310
:100560000B61E2E737B50C46C0B201A91546EDF7BD
:10057000D5FB00280CDB019850B121462A46EDF747
:10058000F3FB04460198FFF7CAFF204603B030BDD5
:100590006FF01504F9E70020EDF732BC034610B503
:1005A00008460AB10021116053B1D0B1411E11F8C3
:1005B000010F80B113F8014BA04201D13D28F6D1C3
:1005C00000200EE0013313600AE03D2808D0B0FAA5
:1005D00080F0400905E018782F28F6D1002AF1D1E3
:1005E000012010BD0021EDF779BD0830704710B52E
:1005F000134614460A4681880068FFF75AFEA04257
:10060000A8BF204610BD2DE9F04F97B004469A468A
:100610008946019200297CD0DAB1BAFA8AF67609C5
:10062000258F04F1080B0135ADB2A8466F1EBFB28D
:10063000B7F5004F26D04A233946584603AAFFF79C
:1006400038FE002807DA10F1020F08BFB8463D4611
:10065000ECE70126E4E700F158030DEB030000236B
:1006600003A900F84C3C4846D8F7FAFA0028EED126
:1006700026B339465846FFF718FE002805DA17B0AA
:10068000BDE8F08FBEB30020F9E705F57F513F319B
:10069000584689B2FFF709FE0028F0DB238FBB42E2
:1006A000F1D12246013B22F8383F4FF400410223AA
:1006B0005846ECF74DFA00EAE070E0E7B846B8F5C6
:1006C000404F29D0238F04F10805434515D308F581
:1006D000804153462846019A89B2ECF739FA00283E
:1006E000CDDB002ECFD04846D8F7C4FA4A460346A1
:1006F00041462846DDE70126E1E7224602234FF482
:100700000041284622F8388FECF722FA0028DEDA7A
:10071000B5E76FF01500B2E76FF00B00AFE773B508
:10072000C36B04460363C3B100F108063046ECF71F
:100730006FF8054670B902234FF4004130460DF1C1
:100740000602FFF7B6FD0028B4BF4FF40043BDF822
:1007500006302387284602B070BD6FF01205F9E716
:100760000B68834204BF01230B71704710B5044628
:100770008EB069460120EAF703FC05A96846FBF73D
:1007800073F8204605A9EEF721F900200EB010BD40
:1007900003785B075FBF03684288C3F34A2303EB18
:1007A00012105DBF173020F007008008002070474E
:1007B00083689B6903B11847704708B5436819738C
:1007C00011B11868FFF7F4FF002008BD10B54068AC
:1007D0001C462430EBF78AFF2060002010BD10B5C6
:1007E0004068046800F5107001F039FE2046FFF7FC
:1007F000DFFFA3685B6A0BB120469847002010BD5D
:100800002DE9F04145681E462B7B0C46174693B1F7
:1008100001EB0208A04507D137600120D5E901317D
:1008200098470020BDE8F081286814F8011B836810
:100830005B689847EEE705F11000EBF725FF012113
:10084000306005F51E73D3E8EF2FC3E8E01F0028E2
:10085000F9D1002AE5D1286883685B69002BE0D0D4
:100860009847DEE70023826882F85A308268A2F84F
:1008700056308268A2F854307047034610B5D3E86A
:10088000EF0F40EA0102C3E8E42F002CF7D110BDBE
:10089000034610B5D3E8EF0F00EA0102C3E8E42FE6
:1008A000002CF7D110BD0EB403B503AA52F8041BF7
:1008B0000192EFF7E9FD02B05DF804EB03B0704779
:1008C00008B510B1D8F7D6F980B208BDF7B504461F
:1008D00000260027204600F028FBE06900F007FD15
:1008E00005462046F0F728FAA368B3F8543023B140
:1008F0004FF4F6700021F9F7CDFD55B1A06800F571
:10090000086000220121CDE9006701F0E9FD00281F
:10091000E0D003B0F0BD00F50960F7F729BF4FF054
:10092000FF324FF0FF3300F50960F7F79FBF00F685
:100930007C0019B14FF40061FFF79FBF6FF40061B5
:10094000FFF7A6BF00F67C0011B10421FFF795BFA9
:100950006FF00401FFF79CBF08B500F6780029B1DD
:100960000121FFF78AFF00F0010008BD6FF00101CF
:10097000FFF78EFFF7E708B500F50960F7F776FF98
:10098000B0FA80F0400908BD38B5054688680C46C5
:1009900000F5086025B9BDE83840012101F099BD96
:1009A000082101F096FD012D07D1A0680221BDE8C4
:1009B000384000F67C00FFF760BF38BD73B50446D1
:1009C00080680E46154600F5086000220023CDE938
:1009D000002301F085FD58B1A06800F5086031469C
:1009E00001F07AFD20462B4602B0BDE87040184762
:1009F00002B070BD0CB407B504AB53F8042B0193DF
:100A0000EFF7BAFA03B05DF804EB02B070470EB42A
:100A100003B503AB53F8042B02210193EFF7ACFAB3
:100A200002B05DF804EB03B070470EB403B503AB3E
:100A300053F8042B08210193EFF79EFA02B05DF8FA
:100A400004EB03B070470EB403B503AB53F8042BAB
:100A500003210193EFF790FA02B05DF804EB03B0C5
:100A600070470EB403B503AB53F8042B0121019377
:100A7000EFF782FA02B05DF804EB03B0704710B5EF
:100A80004FF48042044600238068FFF774FF38B1BA
:100A90002046EEF7B9FBA068BDE81040FFF73BBF6A
:100AA00010BD18B18368D3F8A40870476FF0150023
:100AB000704710B502690446836812680168C0680F
:100AC0009847002223691A6010BD38B5CB680546E7
:100AD0001B7C0C46022B04D10A2802D10D20FFF703
:100AE000F4FF236922681B68D55422691368013317
:100AF000136023691A6863689A4202D12046FFF79F
:100B0000D8FF002038BD08B510B1D8F7B3F880B2CF
:100B100008BD2DE9F74F814601A80D4616461F4630
:100B2000F6F7C8FD4FF00008019C04EB4014019853
:100B3000A04216D257B9DDF804B0DBF800A0BAF134
:100B4000000F1AD1019B20330193F0E7012F0FD042
:100B500001F0EAFA0028EED001982030844201909A
:100B6000F4D800201CE00198203084420190F8D98C
:100B700001F0DAFA0028DED1F5E79AF80030002B10
:100B8000E0D04DB12846D8F775F8514602462846C0
:100B900001F04AFE0028D5D12EB9C14508D10198EF
:100BA00003B0BDE8F08F5846B0470028F5D1C9E73B
:100BB00008F10108C6E710B5047B43892244B2FB63
:100BC000F3F0214403FB1022B1FBF3F003FB101000
:100BD000101A10BD10B5047B438921441019B0FBD5
:100BE000F3F0B1FBF3F1401A10BD30B5057B43893A
:100BF0002944B1FBF3F403FB14112A4401310180B1
:100C0000B2FBF3F103FB11220134848001324C1C4E
:100C1000C480428030BD2DE9F0410F46164604469F
:100C200086B070B1034601AC00F110052246186889
:100C30005968083303C2AB421446F7D1186801ACB7
:100C400010604FF00008414632462046EFF710FD95
:100C500008F10108054628B138462968D8F700F898
:100C60000028F0D1284606B0BDE8F0812DE9F84310
:100C70001D4600230E461746DDF820809DF824907F
:100C80002B602B680446B34210D24246204657F8E8
:100C90002310FFF7C0FF48B12B685A1C2A60B9F136
:100CA000000FEED08045ECD100242B602046BDE83B
:100CB000F88300231A46FFF72CBF02230022FFF718
:100CC00028BF2DE9F74F054601A8F6F7F3FC019B75
:100CD00003EB40180DBB0024204603B0BDE8F08FA5
:100CE000266876B13046D7F7C5FF07462846D7F7BE
:100CF000C1FF874205D131462846D7F7B1FF00280A
:100D0000EAD0E3693BB11B682BB19A460026D3F8C1
:100D100000904E4505D120340194019C4445DFD319
:100D2000D9E75AF804BF5846D7F7A4FF0746284624
:100D3000D7F7A0FF874205D159462846D7F790FF3D
:100D40000028C9D00136E4E773B5037804462D2B9B
:100D50000D46164606D16FF0150300253360284670
:100D600002B070BD00F0B8FC00232A46036001A960
:100D70002046FBF703FE054600F0AEFC0368222B7D
:100D800002D16FF02103E8E700F0A6FC0368002B16
:100D9000E1D1019BA342DED01B78002BDFD0DAE744
:100DA0000EB403B503AA52F8041B0192EFF76CFBD3
:100DB00002B05DF804EB03B0704710B50446D7F7F6
:100DC00059FFB4F8543013FA80F038B1638FB0FB98
:100DD000F3F203FB1200B0FA80F0400910BD38B501
:100DE00084682046D7F746FFD4F87858B4F85630D0
:100DF000C5F3400580B205FB0300638FB0FBF3F23F
:100E000003FB1200B0FA80F0400938BD10B504466B
:100E1000FFF7E5FF18B9A068FFF7CFFF20B16069C1
:100E2000BDE81040EFF7BCBC10BDF8B505468468BE
:100E300004F13000B4F85420B4F85610FFF7D5FE92
:100E4000A868A78EE68EFFF7B8FF10B16869EFF7C4
:100E5000A7FCB74207D1218E638E2846C91ABDE888
:100E6000F840EFF7B9BCE18EA38E2846C91AEFF718
:100E70009DFCF0E7F8B504460D468068B0F85610C2
:100E8000B0F8542030300D44FFF7AFFEA068ADB28B
:100E9000B0F856102A463030FFF79CFE0746A0688F
:100EA0002A46B0F856103030FFF785FE06467942E4
:100EB0002046EFF77BFC31462046EFF78DFCA36818
:100EC000A3F85650F8BD8368B3F85610494209B2EA
:100ED000FFF7D0BF8368B3F85410B3F85630C91A7F
:100EE00009B2FFF7C7BF8368B3F856301BB14FF0A4
:100EF000FF31FFF7BFBF70478368B3F85620B3F8E0
:100F000054309A4202D20121FFF7B4BF7047826881
:100F1000B2F85610A2F854108368B3F85620134460
:100F2000002283F85A20EFF72FBC10B504468068E2
:100F3000B0F85420B0F856103030FFF756FEA368D2
:100F40002046198EC1F10101EFF746FCA368204647
:100F5000998E0139EFF72AFC2046BDE81040EFF7E3
:100F600013BCEFF7C9BCF7B51E4683681546D3F826
:100F700078280446D20613D593F83E208A420FD033
:100F8000DB8FADF80430EFF727FD32462946606964
:100F9000EFF77AFA204601A9EFF73EFD03B0F0BD66
:100FA00032462946606903B0BDE8F040EFF76CBAFD
:100FB0002DE9F04187680546B7F854608846B318B4
:100FC000B3F5806F144626DAB7F85630F61A5A335E
:100FD0001F44B6B232463946381901F0CCFA2246DF
:100FE0004146384601F0BAFAAA68B2F854302344B0
:100FF000A2F85430AB68B3F854201344002283F8AD
:101000005A20AB68D3F87818890706D4B3F856206D
:101010001444A3F85640BDE8F08131462846BDE8A7
:10102000F041EFF7E1BDFFF7C3BF38B50546806873
:10103000B0F85620B0F85440A41AA4B29CB15A3269
:101040001044411C224601F096FAAA68611EB2F8CB
:1010500054302846013BA2F8543089B20122BDE841
:101060003840EFF7C1BD38BD10B583680446B3F80A
:1010700054205AB1B3F8563043B14FF0FF31FFF767
:10108000F9FE2046BDE81040FFF7CFBF10BDF8B510
:10109000C3695E695F6883683046D3F87858EAF7B9
:1010A0006DFAC5F30015044650B1014605F18E02F4
:1010B0003846FFF7FFF930462146EAF7F3FA0120F8
:1010C000F8BD43681B68D3E90632D3E8EFCF8C4400
:1010D000C3E8E0CF0028F8D19368D3E8EF0F0844C5
:1010E000C3E8E20F002AF8D170472DE9F8434368BE
:1010F00007461E680D46F369B268D3F81480D2F82B
:1011000078489A68D3F804901279C4F30014012A3D
:1011100003D0032A4CD0BDE8F883D8680B784FF48D
:10112000004E590740F2E73C4FF0000158BF2B68D2
:10113000E0FB0EC15CBFC3F34A246B884FF47A72A4
:101140005EBF04EB1314173424F007044FF00003C0
:1011500060464CBF0024A408D7F74AFD02460B4660
:1011600040462146EAF7EEF8814628B93846BDE800
:10117000F8430121FFF7A5BF012CF7D9294651F803
:10118000043B0268C3F39D0363F39F0240F8042B02
:10119000621E920001F0E2F940464946EAF796F9EC
:1011A000B06800F508600221BDE8F84301F091B98C
:1011B0003046FFF7BAFE01F073F804F18E070446DB
:1011C00000B3EFF31184202383F31288BFF36F8FF2
:1011D000B368D3F87C381A051ED53A4629464846E6
:1011E000FFF768F9B368D3F87C381B0502D43046A2
:1011F000EFF7A2FD01F054F890B184F31188BFF32A
:101200006F8F88E7B06800F509604FF0FF324FF04C
:10121000FF33F7F72BFBDBE73046FFF786FEDCE713
:10122000B06800F50960BDE8F843F7F7A1BA1346C6
:1012300010B50C460A4601461846FFF792FE2046B6
:1012400010BD70B504460D46D0E904101646EAF705
:1012500047F8324629462068FFF765F800226368A0
:101260005B685D60A3681A600122A3681A7170BD93
:1012700010B504460068ECF72DFA0222A3681A7133
:1012800010BD10B5436801211C68606803689B6845
:10129000984738BB0322E3699B681A71A36803F679
:1012A0007C03D3E8EF1F41F40051C3E8E21F002A9A
:1012B000F7D1A068B0F85420B0F856103030FFF7DE
:1012C00094FC4FF0FF312046EFF770FAA3682046F8
:1012D000198E4942EFF780FA2046FFF7D8FE002822
:1012E000FAD110BDE069BDE81040FFF7C1BF73B58A
:1012F00004460021036882685B681D68AB68D3F808
:101300007838C3F30013D2E8EF6FC2E8E01F00287B
:10131000F9D126B14BB931466068ECF7B7FC2846E5
:1013200002B0BDE87040FFF7B2BEAB682846DB8F65
:101330000121ADF80430EFF74FFB31466068ECF760
:10134000A5FC284601A9EFF767FBE8E70EB403B553
:1013500003AA52F8041B0192EFF796F802B05DF869
:1013600004EB03B07047002070470020704783698A
:101370000020186070470EB403B503AA52F8041B8E
:101380000192EFF781F802B05DF804EB03B070470B
:1013900008B50168EEF738FF002008BD836803F642
:1013A0007803D3E8EF1F41F00801C3E8E21F002AE9
:1013B000F7D100207047836803F67803D3E8EF1F66
:1013C00021F02001C3E8E21F002AF7D10020704776
:1013D000836803F67803D3E8EF1F21F01001C3E818
:1013E000E21F002AF7D100207047836803F67803D4
:1013F000D3E8EF1F21F00801C3E8E21F002AF7D16C
:1014000000207047836803F67803D3E8EF1F21F0CC
:101410000201C3E8E21F002AF7D100207047836869
:1014200003F67803D3E8EF1F41F01001C3E8E21F91
:10143000002AF7D100207047836803F67803D3E8C9
:10144000EF1F41F02001C3E8E21F002AF7D100207E
:101450007047836803F67803D3E8EF1F41F0020179
:10146000C3E8E21F002AF7D1002070470023C360C1
:10147000704770B515461E46C468F1B13CB90346C5
:1014800053F8044F9C4209D10020308070BD83681E
:10149000A34202D10023C360F6E72468C460002C95
:1014A000F2D02289284604F10A0101F057F80022FF
:1014B000238901203380EA54E8E7002CE4D0436814
:1014C0009C42E7D06468E9E72DE9F843002304462D
:1014D00088461646C36022B3071D4068874200D085
:1014E000B8B906F10A090022002349462068F6F738
:1014F000C5FB0546B8B963689F4212D0A168D1E91F
:10150000003213605A60C1E900002068F6F7C4FB9E
:10151000E9E703899342E4D10A3001F00FF800288B
:10152000DFD1BDE8F8830681324641460A3001F03A
:1015300015F86368C5E900375D606560F1E770B56F
:1015400004460025061D6368B34202D10023E36010
:1015500070BDA168D1E9003213605A60C1E900553D
:101560002068F6F799FBEEE72DE9F041876804461D
:10157000FB680D4616469847BB682BB13246294694
:101580002046BDE8F04118476FF05700BDE8F081F4
:1015900001F00BB800F0E2BF30B59FB005680C4613
:1015A0006822014601A800F0D9FF0023284601A9BE
:1015B000CDE91C331B94EFF715FF1FB030BD08B504
:1015C000F0F716F8BDE80840F0F716B80A46012112
:1015D000FEF721BF90F884308BB1EFF3148343F012
:1015E000040383F31488BFF36F8FD0F88030E1EEEB
:1015F000103A00F1400390EC100A93EC108A704707
:1016000000210120EFF7EEBED0F8A83083F30B885D
:101610007047F0F7DBBC61B662B680F31188BFF3A8
:101620006F8F704772B6002383F31188BFF36F8FFB
:10163000BFF34F8F30BF62B6BFF36F8F704772B684
:10164000002383F31188BFF36F8FBFF34F8F20BF49
:1016500080F31188BFF36F8F62B6704740E800F3E4
:1016600013F4803FD8B208BF6FF01500704730B553
:101670000C684B6885B00A894D890094013B24F0C1
:101680001F04234402F01F0242EA451223F01F0305
:1016900069468DF808200393F0F73EFD05B030BD94
:1016A000002070474FF0FF30704708461146F0F7B2
:1016B000CFBF08461146F0F7DFBF4FF0FF3070474D
:1016C000002070470228CCBF0020012070474FF453
:1016D000005300204B607047F5F7F6BF07B501AB2C
:1016E00000F0EEFA02280AD003280BD068B901985E
:1016F000003818BF0120404203B05DF804FB6FF0D2
:101700001500F9E76FF08500F6E74FF0FF30F3E7DB
:10171000F8B5069F0469C9B2EFF31186202585F359
:101720001288BFF36F8F0C2569430C44A56C05F03C
:10173000070CBCF1010F0BD1A76486F31188BFF32E
:101740006F8FC4E9102343685B5898470020F8BDA9
:1017500005F0C005AF4286F31188BFF36F8F0CBF51
:101760006FF077004FF0FF30F1E713B5802400945D
:10177000FFF7CEFF02B010BD0069CBB200EB431003
:10178000002110471046F6F7F3BFF3F733BCF3F729
:10179000DDBB8022F1F724B9084608B51146F3F7FE
:1017A000F1F9002818BF6FF0040008BD08B500F07B
:1017B00085FA002818BF6FF0040008BD2DE9F34139
:1017C0001C460023904682682360A3600D4653693F
:1017D000694601AA9847019B5A1E019223B96FF0EE
:1017E000150002B0BDE8F0810098A2684768216842
:1017F000676085B9A8EB02030668B34228BF334689
:1018000003FB07111A442160A26002689A4206D8BD
:1018100008300090DFE76B1AB3FBF7F3ECE700202A
:10182000DFE713460022FFF7C9BF2DE9F047002488
:10183000836886B0884691465B6902AA01A99847E9
:10184000A2462546029BAB4202D806B0BDE8F0870F
:101850000026019F07EBC5077B6804933A680AEBF3
:101860000603B24202D89A460135EBE74946039493
:10187000059303A8C0470028E7D0049B01361C4409
:10188000ECE710B50C4600F080FB0023C4E9000330
:10189000184610BD38B505460C4600F076FB002D05
:1018A00007DBA84205D9401B84428CBF00200120E1
:1018B00038BD0020FCE770B50C4619462046164698
:1018C0001D46FFF7E7FF28B929462046BDE87040CE
:1018D000F1F78EBA5DB1B4F5004F2A462146304685
:1018E00003DABDE87040FFF7F9BE00F037FE0020D4
:1018F00070BD436800205B681B690B6070474368DC
:1019000002EA01005B6821EA020198600020D960C8
:101910007047436800205B68996070474368002007
:101920005B68D960704743685A68536821EA0300CE
:101930000B4090600020D3607047F3F759BF30B57B
:1019400043681360057A446804EBC504A34202D3DC
:101950006FF0010030BD5C798C4201D00833F0E7B4
:101960000020F7E743681B68D3F88004C3F88004BD
:10197000704742681368D3F8100150B10020D26953
:1019800012780A70C3F81001D3F8102101221A60EE
:1019900070474FF0FF307047002A0FDD4268136830
:1019A000D3F8100158B10020C3F81001D3F810018A
:1019B0000120D26912780A701860704700207047C1
:1019C00010B543681C680369EFF31180202282F38D
:1019D0001288BFF36F8F1A68D17B39B991730122D6
:1019E0001B68DA734FF48003C4F8043380F3118862
:1019F000BFF36F8F10BD03691A68D17B21B101213C
:101A0000917300221B68DA737047026903461168FC
:101A1000C87B40B15B681B68D3F8580118B100233C
:101A20000B6113689889704743681B68D3F81001ED
:101A3000003818BF0120704743681B68D3F804239F
:101A4000D2065CBF1022C3F80423704743681B68AA
:101A5000D3F80423D20644BF1022C3F808237047EA
:101A60004FF4007243681B68C3F8042370474FF4B7
:101A7000007243681B68C3F80823704738B5436891
:101A800004461D68D5F804335B0205D4D5F8040379
:101A900010F0100006D138BDFFF7B7FF0028F5D0D1
:101AA0000120F8E72046FFF7BFFF003818BF0120EC
:101AB000F1E7012070470369186801601B685A60EC
:101AC000704702680346D2F8580140B95B68DB07EB
:101AD00006D4D2F82001003818BF01207047012039
:101AE000704710B4436802691B68D3F80413C90532
:101AF00017D5D3F82011A1B1EFF31181202484F37D
:101B00001288BFF36F8FD3F8204134B10024C3F89B
:101B10002041D3F820410124DC6081F31188BFF318
:101B20006F8F1168D3F8584171B184B100240C61F2
:101B30001168C97B19B94FF48001C3F80813116803
:101B40008C7B24B100238B735DF8044B7047D3F872
:101B5000241121B10021C3F82411D3F824311268D3
:101B60001368002BF0D051685DF8044B184713B58B
:101B700001AA0446FFF7E3FE002805DB019B22686B
:101B800019791868F1F71CFC02B010BD2DE9F0417D
:101B900006690546336801279C8910339442A8BF23
:101BA0001446D3E8EF2F002A03D1C3E8E07F0028D2
:101BB000F7D10CBF3B4600232BD1336822469868EF
:101BC00000F0CCFCEFF31188202383F31288BFF3DD
:101BD0006F8F69680846FFF774FF326840B90446A2
:101BE000106188F31188BFF36F8F2046BDE8F08144
:101BF0000B689268C3F844250022C3F84845C3F82F
:101C00002021D3F82011C3F85821D3F858219F6020
:101C1000E7E71C46E9E708B5F1F78CFD08BD00F0E1
:101C200076BA00F03DBB0A460121FEF7F4BB012164
:101C3000F2F796BB0021F2F793BB03780BB1F2F7F2
:101C40002BBD704708B500F039F848B1002383F385
:101C50001188BFF36F8F0423184602DF6FF0040072
:101C600008BD0A460121FEF7D6BB00B589B006AB18
:101C700002930823039301AB049304230791CDE956
:101C8000053004AA184602A9F2F756FF0228019B64
:101C900009D003280AD060B9181E18BF012040429D
:101CA00009B05DF804FB6FF01500F9E76FF08500EF
:101CB000F6E74FF0FF30F3E7002070470020704751
:101CC00010B588B01C4605AB01930C230293042386
:101CD000CDE90612CDE904300DEB030103AA002083
:101CE000CDF80CD0F2F728FF009B236008B010BDA0
:101CF00003460020184700F00ABA024610B51168E2
:101D000091B1B1FA81F3C3F11F000123834021EAAD
:101D10000303D2E8EF4F8C4204D1C2E8EC3FBCF1A0
:101D2000000FF6D1EBD110BD6FF00B00FBE710B543
:101D30000368CB40DB0710D401238B40026843EAE1
:101D40000201D0E8EF4F944204D1C0E8EC1FBCF18F
:101D5000000FF6D1F2D1002010BD6FF01500FBE7A7
:101D600070B5D0F880300646002B0C46154613DBC4
:101D7000D1F88030002B0FDB00210846F2F756FF28
:101D800048B92B7843F00043C6F880302B7843F0F5
:101D90000043C4F8803070BD6FF01500FBE708B554
:101DA000F3F790F8BDE80840F3F740B9430903BFE3
:101DB0004FF0FF3323FA00F000F0010000207047DD
:101DC000C9B200EB4100808AC0F340107047C9B22D
:101DD00000EB4100808AC0F34000704708B50A4616
:101DE0000346FFF7F4FF18B111461846FFF7E8FF66
:101DF00000F0010008BD70B5CBB2083330F81330E5
:101E00001646DA0504460D4609D5C3F3432300EB15
:101E1000C302314650F83330526828469847A368C9
:101E20002BB131462846E268BDE87040184770BDC6
:101E30002DE9F3411746DDE90858019001A80C4649
:101E40001E46F3F73FF9019B391E18BF012100EB35
:101E50008300231E18BF0123002E43EA410314BF51
:101E60000C210021002D43EA010314BF4FF4E0616F
:101E70000021B8F1000F43EA010314BF4FF44031D1
:101E80000021D0F800220B4322EA030304B1247896
:101E90000FB13F787F001C430EB13678B6003C434B
:101EA0008DB1297809023443B8F1000F03D098F8B6
:101EB00000804FEA0848214341EA0801C0F80012B7
:101EC00002B0BDE8F0812946EDE71FB50DF10F0323
:101ED000019300238DF80F101A4619460093FFF75F
:101EE000A7FF05B05DF804FB2DE9F0470025044687
:101EF000884617462E464FF00109AA46BE420CD12D
:101F0000D4F87C3133B10023C4F87C31D4F87C316F
:101F100045F000452846BDE8F087F0B2F3F700F938
:101F2000A0F580739B0809FA03F318EA030F05D0A4
:101F300022581AB144F800A022581D430136DDE7AB
:101F400008B502460B46FFF73BFFC0B119461046E5
:101F5000FFF73DFF98B9DBB202EB4303998A0123F7
:101F60001068490B8B40C0F80833136803EB8103FA
:101F7000D3F8102522F00302C3F8102508BD184637
:101F8000BDE808400021FFF7A0BF4FF48010704764
:101F90004FF4805070474FF48070704700207047B6
:101FA000F3F71ABF022904D0042906D0012900D171
:101FB0007047806808B1F2F725B87047F3F730BF73
:101FC000002210B50468944200D110BD00EBC2019C
:101FD0004B68013223F0FF0343F003034B60F2E749
:101FE0000420F3F775BD0420F3F790BD08B5F3F7AF
:101FF0002BFDBDE80840F5F7CBBA38B505460024FF
:10200000031D2A68A24201D8002319E04FF0000204
:10201000D3E8CF0F032804D1C3E8CC2FBCF1000FC5
:10202000F6D102D008330134EBE7642202FB04133B
:102030000021184600F0B9FA034605EBC404A0607D
:10204000184638BD0830704770B506460D4621B9B0
:10205000F3F7ECFE90B9002070BD0846F1F7CAFF17
:1020600004460028F7D03046F3F7E0FE38B92046A2
:10207000F1F7C8FF0120F1F7A1FFECE72C4606615C
:10208000C56040F8084FE7E740EA0141104640F8D4
:10209000081DF3F7D7BEF3F7CFBEF1F7ABBF08B516
:1020A000F1F7B0FFBDE808400120F1F787BF70B538
:1020B00004460E4600F025F80546206808B1FFF7F3
:1020C000EAFF48F202039E4218D048F209039E42FA
:1020D00014D048F201039E420BD16B684BB104F15E
:1020E000140204F1380152F8040B8A4243F8040B3D
:1020F000F9D12046BDE8704000F005B863696B6017
:10210000F7E7C06870470269C3681A60704708B192
:10211000F0F76EBB7047C3685B78DB0701D4F5F757
:1021200099BA6FF07700704740B1C368587810F0E3
:1021300001001EBF1878B0FA80F040097047EFF335
:102140001183202383F31288BFF36F8FFEE710B44F
:1021500000F10C04C0E90344002444615DF8044B21
:10216000E8F71CBB13B501240094F5F72DFE02B06F
:1021700010BD90F90E308B4201D0F7F7CFBD002093
:10218000704703460020C3E90033C3E902007047EB
:1021900010B5044630B10268930703D0446809B112
:1021A00000F0A1F9204610BD012307B500930023DC
:1021B0000A461946F6F792F903B05DF804FB3AB106
:1021C0008A4205D3C0E90212C0E90000002070472E
:1021D0006FF015007047012302688B4022EA030369
:1021E000036022FA01F000F00100704710B50321EE
:1021F00004460C30FFF7EFFF30B104F11000F8F7A0
:10220000D1FEB0FA80F0400910BD28B1002200F5DF
:102210008A701146F8F70EBB704770B5C368044664
:10222000C3F340069B0716D4856802210C30FFF7E4
:10223000D2FF80B1D5F80C216AB194421DD1226839
:102240009EB9D5F81031C5F80C219C4201D1C5F8D2
:10225000102100232360E36813F01F001EBF43F02A
:102260000203E36040F0020070BD3260D5F8102137
:10227000944208BFC5F81061EBE716461268DBE729
:1022800010B5F6F7DBFD041E08DDEFF31180202307
:1022900083F31288BFF36F8FF7F7C4FE204610BD9B
:1022A000EFF30580003818BF012070478430704775
:1022B000002310B58B4202D10020136010BDC45C16
:1022C000AA2CF9D10133F5E70A46D0E92A01FFF734
:1022D000EFBFD0E9003213605A600023C0E9003339
:1022E000704738B504460D46F7F770F9637B43F045
:1022F00002036373E5B1A5602B689D4209D16B6849
:10230000C4E900531C606C6012E06A689A42F6D01F
:102310001B68002BF3D094F90E2093F90E108A421B
:10232000F3D09142F1DD5A68C4E9003214605C6078
:1023300038BD01211838F7F7C1BB10B50446F7F7CF
:1023400075FB04F11800BDE81040F8F72BBE38B556
:10235000054604680020AC4200D138BD002CFCD0FA
:102360002046FFF7EAFF2046F7F718FA2C6801200D
:10237000A542F1E70022F8F729BC0122F8F726BCB4
:1023800008B50246F8F704FD70B1D0E904319B1A94
:1023900061EBE272B3F1004F72F1000104DA002A3E
:1023A000ACBF1846002008BD6FF00040FBE708B541
:1023B000F8F7FAFE08BDF8F7F7BEB3F1FF3F08BF24
:1023C000B2F1FF3F70B506461D46144614D01A43BD
:1023D00016D0002B08DBF8F7E7FE041941EB0501E6
:1023E000C6E90041304670BD6FF001031C1B4FF081
:1023F000FF3363EB0501F3E74FF0FF342146EFE7CE
:102400000024FBE7B3F1FF3F08BFB2F1FF3FF8B58F
:10241000074616461C4610D054EA020311D0F8F7BE
:10242000C3FEB0420A46A14103460AD2F31A64EB46
:102430000204C7E900343846F8BD4FF0FF331C46AC
:10244000F7E70023FBE70023C0E9081200F11802B8
:10245000C0E90622C0E9003303634363704710B547
:102460000446F8F79FFDA8B9636A0BB12046984768
:1024700004F11800F7F704FC60B1F7F78FF9EFF3F8
:102480001180202383F31288BFF36F8FBDE81040C3
:10249000F7F7C8BD10BD10B54B68D0E9194212F06E
:1024A000010F03EA040301D09C4210D17BB14366C3
:1024B000520744BF8A681A430B6848BF8A600366A4
:1024C0000123086080F86C301830F8F76BFD0020AD
:1024D00010BD0A46F8F7F0BF0A460021F8F7ECBF36
:1024E0005200F9F73DB820B1011F50F8040CF5F780
:1024F000D3BB704770B5A0FB015424B92846F9F747
:1025000085F9064610B90026304670BD2A46214698
:1025100000F04BF8F8E770470A220021FAF7B2B949
:10252000C9B20346024410B59342184601D10020B7
:1025300003E0047801338C42F6D110BD0139024426
:1025400010B5904201D1002005E0037811F8014F49
:10255000A34201D0181B10BD0130F2E70A44431E0C
:10256000914200D1704710B511F8014B914203F828
:10257000014FF9D110BD884210B501EB020402D918
:102580008442234607D8431EA14208D011F8012BEC
:1025900003F8012FF8E7024401468A4200D110BD3A
:1025A00013F8014D02F8014DF7E702440346934248
:1025B00000D1704703F8011BF9E72DE9F04F85B012
:1025C0000C469046194657EC106B002F3B46DDE950
:1025D0000E9BBCBF07F1004332462BF0200AAFBF71
:1025E00000231F4616462D23BAF1460F0B7005D067
:1025F000BAF1450F00D10134022100E0032103AB01
:102600002246019302AB47EC106B00934B46D8F780
:10261000EFFABBF1670F054619D118F0010F0ED084
:1026200005EB04080022002330463946D6F7B0F9FE
:1026300008B1CDF80C803022039B434521D3039B86
:102640002846109A5B1B136005B0BDE8F08FBBF104
:10265000470FE2D0BAF1460F00EB0408E2D103784D
:10266000302B0AD10022002330463946D6F790F9A4
:1026700018B9C4F10104C9F80040D9F800309844F1
:10268000D0E7591C03911A70D6E7F7B500290270FC
:10269000BABF49422D232B230929437028DD0DF1B0
:1026A00007030A271D461A46013BB1FBF7F607FB55
:1026B0001614303402F8014C0C463146632CF2DC1F
:1026C0003031941E03F8011C411C2346AB420AD34F
:1026D0000DF109039B1AAC4288BF00230233034467
:1026E000181A03B0F0BD13F8016B01F8016FEDE7A4
:1026F000302330318370031DC170F1E72DE9F047BD
:10270000164698468A6807460B690C46DDF8209005
:102710009342B8BF1346336091F843200AB10133A6
:1027200033602368990642BF3368023333602568FB
:1027300015F0060506D104F1190AE36832689B1A00
:10274000AB422BDC94F843302268003B18BF0123D6
:10275000920630D404F1430241463846C84701305E
:1027600023D023681A3454F80A2C03F00603042BF0
:102770000ABF54F80E5C002533684FF0000608BF0E
:10278000ED1A54F8123C08BF25EAE5759342C4BF20
:102790009B1AED18B5421AD1002008E001235246D9
:1027A00041463846C847013003D14FF0FF30BDE8FD
:1027B000F0870135C1E7E1185A1C3020023322446A
:1027C00081F8430094F8451082F84310C2E70123D2
:1027D000224641463846C8470130E6D00136D9E79F
:1027E000024610B5147813460132002CFAD1013B91
:1027F00011F8012B03F8012F002AF9D110BDC9B23D
:102800000346184613F8012B12B18A42F9D17047DA
:10281000002918BF00207047034611F8012B03F868
:10282000012B002AF9D1704710B56AB1013984181B
:1028300010F8012B11F8013F9A4203D1A04201D0B8
:10284000002AF5D1D01A10BD1046FCE70139034625
:1028500010B532B111F8014F013A03F8014B002CC9
:10286000F7D11A440021934200D110BD03F8011B97
:10287000F9E70246014410B58A42134603D01C789A
:102880000132002CF8D1181A10BD0A7870B56AB957
:1028900070BD9A4209D10C46054614F8013F002B41
:1028A000F6D015F8016F9E42F7D001300378002B67
:1028B000EFD11846ECE770B504460D46164645ECD8
:1028C000104BFBF7A5F851EC100B7EB1C5F30A5382
:1028D000C3F16B03002B09DD1B05002403F17F55B9
:1028E000224605F540152B46D5F7EAFD41EC100BC5
:1028F00070BDF9F749BFF9F7CFBF30B514469BB0AB
:1029000005461A46002C05DA8B2303604FF0FF3092
:102910001BB030BD4FF40273009104916946ADF8CD
:102920000C3014BF04F1FF332346029305934FF696
:10293000FF73ADF80E301E9BFBF736F9431CBCBF8E
:102940008B232B60002CE3D0009B00221A70DFE762
:102950002DE9F74F036907460C69A342C0F2838053
:10296000013C00F1140501F11408A30055F82420DE
:1029700008EB8409009305EB8403019358F8243095
:1029800001339A42B2FBF3F631D34FF0000AC4464A
:10299000AE46D3465CF8043B98B2E1454FEA134398
:1029A00006FB00A04FEA104280B206FB0323DEF8CC
:1029B000002092B24FEA134AA2EB00029BB2DEF86B
:1029C00000005A44C3EB224392B203EB104342EAA5
:1029D00003424FEA234B4EF8042BDBD2009BEB580B
:1029E0002BB9019B043B9D421A4630D33C613846CB
:1029F00000F0A0FA002826DB2946002058F8042B16
:102A0000D1F800C01FFA82FEC1451FFA8CF34FEACD
:102A10001242A3EB0E030344C2EB23429BB202EB30
:102A20001C4243EA02434FEA224041F8043BE5D20C
:102A300055F8242005EB840322B9043B9D421A4635
:102A40000BD33C610136304603B0BDE8F08F12680D
:102A5000043B002ACAD1013CC5E71268043B002AA6
:102A6000EFD1013CEAE70020EEE7B1F90C202DE9B7
:102A7000F041170705460C4656D44B68002B02DC84
:102A80000B6C002B3DDDE66A002E3AD0002312F4D9
:102A900080522F68216A2B6025D0626DA389580768
:102AA00005D56368D21A636B0BB1236CD21A216A05
:102AB0000023E66A2846B047411C24D00023636007
:102AC00023692360A389DA0400D56065616B2F60F8
:102AD000B9B104F14403994202D02846F8F77AFFCD
:102AE000002363630DE001232846B047461C0246DD
:102AF000D4D12B68002BD1D01D2B01D0162B2AD17D
:102B00002F6000202EE02A68B4F90C3042B11D2A53
:102B100001D0162A21D10023636023692360D5E701
:102B2000626022692260CEE70F69002FE9D0930727
:102B30000E680F600CBF4B690023A6EB07088B6083
:102B4000B8F1000FDDDD43463A46216A2846A66A01
:102B5000B047002808DCB4F90C3043F040034FF0D4
:102B6000FF30A381BDE8F0810744A8EB0008E7E748
:102B700070B568234D1E0E465D4305F17401F8F7EC
:102B8000A7FF044640B1002105F16802C0E9001624
:102B90000C30A060FFF709FD204670BD2DE9F84319
:102BA0000646884600F148040027D4E90195B9F1AA
:102BB000010905D52468002CF7D13846BDE8F88313
:102BC000AB89012B07D9B5F90E30013303D0294663
:102BD0003046C04707436835E9E703694A11B3EB5C
:102BE000611F2DE9F04304DC0023036100234361EE
:102BF00031E000F1140411F01F0104EB830604EB33
:102C000082050CD100F110072946B14231D39B1A3D
:102C1000EA1E9B00964238BF0023234415E054F877
:102C20002270C1F1200805F1040EA146CF4076457F
:102C3000F44612D89A1A01359200043AAE4238BFCF
:102C40000022A318A75007B104331A1BA3424FEA6E
:102C5000A2020261CAD0BDE8F083DCF800C00CFA21
:102C600008FC4CEA070749F8047B5EF8047BCF4078
:102C7000DDE751F804CB47F804CFC6E7A0F13003F5
:102C8000092B02D82038C0B27047A0F16103052B90
:102C900001D84738F7E7A0F14103052B01D82738C1
:102CA000F1E700207047C2F10802920070B5C2F14E
:102CB00020064368046803FA06F5D3402C430460F9
:102CC00040F8043F8842F4D370BD0368013330B547
:102CD00011F8014B14B90360012030BD13F8012B2A
:102CE000A2F14105192D98BF2032A242F0D0002058
:102CF000F3E70B6801682DE9F04F5E1113F01F0335
:102D00004FF0000587B002EB860682469046AB4640
:102D100018BF043601930295371F46F8045CB94684
:102D20003C464B1C4A78039342B3104605910492EB
:102D3000FFF7A4FF002851D1049A0599202A18D83A
:102D4000029B9B4513DD4C4506D2072D04DC2A4629
:102D500049462046FFF7A7FF444551D90023A4F177
:102D60000409CDF808B044F8043C1D464C460399CC
:102D7000D7E7292A56D10231CAF80010BBF1000F5B
:102D800050D04C4506D2072D04DC2A464946204641
:102D9000FFF789FF444535D9A8F10402234653F8CB
:102DA000041B9F4242F8041FF9D23B1B033E01342F
:102DB000002223F003030433B44288BF04234344B6
:102DC00043F8042B9F42FBD23B681BB9474527D1F0
:102DD00001233B60052007B0BDE8F08F01350BF102
:102DE000010B082D05DD4445C1D90023043C012514
:102DF0002360226800F00F0040EA02102060B6E76E
:102E00000825B4E7019B002BDED0C3F120034FF06F
:102E1000FF32DA4056F8043C134046F8043CD3E74E
:102E2000043FD1E70420D6E770B50C46B1F90E1087
:102E300096B0154600291E460CDAA389002113F02E
:102E4000800F14BF40234FF48063002031602B605B
:102E500016B070BD6A46FBF7DFFB0028EDDB019979
:102E600001F47041A1F50053594259414FF4806378
:102E7000EBE782B001B901A942B14BB113780B6005
:102E80001278101E18BF012002B070471046FBE7F1
:102E90006FF00100F8E7B0F5803F034636BF03044A
:102EA00000201020B3F1807F3CBF1B020830B3F13B
:102EB000805F3CBF1B010430B3F1804F03D3002B74
:102EC0000ADB013070479B0001D5023070475B0080
:102ED00001D503307047202070470368024613F085
:102EE00007000BD0D90721D4980747BF5B08012002
:102EF0009B0802204CBF13601360704799B209B958
:102F00001B0C1020D9B209B908301B0A190704BFDD
:102F10001B090430990704BF9B080230D90703D46A
:102F20005B0800F1010003D0136070470020704778
:102F30002020704703460A690069801A30B50ED117
:102F40001433143103EB820401EB820154F8045D65
:102F500051F8042D954203D005D24FF0FF3030BD1B
:102F6000A342F3D3FBE70120F9E72DE9F04F85B049
:102F7000CDE9001002A9FAF771FD03A9009855ECFC
:102F8000104BFAF76BFD019B2F4620461969009BF9
:102F90001B69C91ADDE902325BEC10AB9B1AD946FA
:102FA00003EB4113002BCDBF2A46C3EB03335A4634
:102FB00002EB0357D8BF02EB0359524639464B4642
:102FC000D5F7A8FB41EC100B05B0BDE8F08F013937
:102FD00002F11403491170B501311469051F00EBAA
:102FE000810103EB8404A3420CD3A31A1132113BD9
:102FF00023F00303A24288BF002318440023884221
:1030000005D370BD53F8046B45F8046FEBE740F847
:10301000043BF4E700F114024B110069984210B52B
:1030200011DB0ADD11F01F0107D052F8234024FA0A
:1030300001F000FA01F18C420BD102EB83039342C1
:1030400003D8002010BD0346F7E753F8041D0029FC
:10305000F5D00120F6E738B502FB01F52946F8F76F
:1030600037FD044618B12A460021FFF79EFA204694
:1030700038BD2DE9F0471F468E6882460C46BE4299
:1030800090460B682DD8B1F90C2012F4906F26D021
:103090006569096905EB4505A3EB01097B1C05EB97
:1030A000D5754B446D109D4238BF1D46530527D53D
:1030B0002946F8F70DFD064660B34A462169FFF739
:1030C0004DFAA38923F4906343F08003A381266122
:1030D0004E446561A5EB090526603E46A560BE42EB
:1030E00000D93E46324641462068FFF744FAA368BD
:1030F00000209B1BA360236833442360BDE8F08756
:103100002A4600F054F906460028E0D121695046CD
:10311000F8F760FC0C234FF0FF30CAF80030A389A9
:1031200043F04003A381E9E738B54B1C144603D1B3
:103130004FF0FF35284638BD9389CDB223F02003E8
:1031400093815368526B8AB1A26B9A4208DD23685F
:103150005A1E226003F8015C636801336360E9E78B
:10316000214600F0E0F80028F1D0E1E7216922686B
:1031700041B1914206D212F8011CA94202D1013A92
:103180002260EAE7C4E90F2304F1440363630323E5
:10319000A363234603F8465F23600123DEE710B5EF
:1031A0000C46496B69B104F14403994201D0F8F728
:1031B00011FC0020236C6063636013B1E36B236038
:1031C00010BD23694FF0FF30236000236360A389A3
:1031D00043F02003A381F3E79368013B002B936046
:1031E00010B408DA9469A34201DB0A2903D15DF81F
:1031F000044BF9F7AFBC1368581C106008461970EF
:103200005DF8044B7047F8B506460F461446D518CE
:10321000AC4201D1002007E03A4614F8011B3046C9
:10322000FFF7DAFF431CF3D1F8BD70B50B78044605
:1032300001385E2B04F1FF0513BF4A1C8A1C4B7832
:10324000002108BF012100F8011FA842FBD10BB9E2
:10325000501E70BD81F001011046E154024612F883
:10326000015B2D2D05D05D2D16D0002DF1D02B4604
:10327000F2E746785D2EFAD0B342F8DC02301A4607
:1032800001329642A154FBDCF21A5D1C013AB342B2
:10329000A8BF0022AB18E1E71046DAE710B50C46EC
:1032A000B1F90E10FBF7ECF90028ABBF636DA389F1
:1032B0001B1823F48053ACBF6365A38110BD0020AD
:1032C00070472DE9F0411F468B8905460C46DB050A
:1032D000164605D502230022B1F90E10FBF7BEF900
:1032E000A3893246B4F90E10284623F48053A381F3
:1032F0003B46BDE8F041FBF74FB910B50C46B1F9BC
:103300000E10FBF7ABF9431CA38915BF606523F4CE
:10331000805343F48053A38118BFA38110BDB1F93A
:103320000E10FBF769B92DE9F0410C46496B04F129
:10333000440399421AD14FF48061F8F7C9FB18B9D8
:103340004FF0FF30BDE8F0814FF48063606300F21E
:10335000FD30A36394F84630837094F84530437091
:1033600094F84430037020600020EBE7A66B7700F0
:103370003A4600F01CF805460028E1D000EB0608AC
:10338000014632464046FFF7E9F8C4F80080C4E938
:103390000D57E9E70346084641B1FF2A04D98A22BE
:1033A0004FF0FF301A60704701200A707047F8B57F
:1033B000074615460C4621B91146BDE8F840F8F716
:1033C00087BB22B9F8F706FB00242046F8BD00F0C1
:1033D00013F8A842F9D229463846F8F779FB064691
:1033E0000028F1D021462A46FFF7B8F82146384692
:1033F0003446F8F7EFFAE8E751F8043C181F002BC1
:08340000BCBF0B58C018704757
:08340800AA58FD7F010000003D
:103410001528020000000000E12702000000000063
:10342000254702000000000000000000F034030007
:103430002D7C020000000000000000001035030099
:10344000000000003035030000000000503503008C
:10345000892D0200000000008139020000000000F8
:103460006928020000000000D5CD01000000000026
:10347000BD3B020000000000012602000000000029
:10348000B91C0300000000003DB80200000000006D
:103490000000000070350300451C03000000000020
:1034A00011F001000000000079130200000000008C
:1034B000A54302000000000075D5000000000000D8
:1034C000D1000100000000002913010000000000ED
:1034D0005925010000000000915701000000000084
:1034E000196E010000000000517C01000000000086
:1034F000DFB204009C4A0300FC380300ECE7002024
:1035000000410120812A020000000000904A0300CF
:10351000B1B40400E04A0300D8380300F2E7002009
:10352000744101204533020000000000D44A03002A
:103530000AB3040000000000B8380300EEE70020E2
:1035400000000000AD17030000000000B44A0300B3
:10355000EAB40400004B030018390300F4E700202C
:103560008CE50020D935020000000000F44A030079
:1035700074B3040000000000C0380300F0E700202E
:1035800000000000192E020000000000C04A0300E5
:1035900000000000011603000000000001160300F7
:1035A00000000000011603000000000001160300E7
:1035B00000000000011603009F1D0300F11C030022
:1035C00000000000011603000000000001160300C7
:1035D00050350300E31A0300000000000116030049
:1035E00000000000011603000000000001160300A7
:1035F0000000000001160300000000000116030097
:103600000000000001160300000000000116030086
:103610000000000001160300000000000116030076
:103620000000000001160300000000000116030066
:1036300000000000011603000000000079370200BE
:103640000000000001160300000000000116030046
:103650000000000001160300000000000116030036
:103660000000000001160300000000000116030026
:103670000000000001160300000000000116030016
:103680000000000001160300000000000116030006
:1036900000000000011603000000000001160300F6
:1036A00000000000011603000000000001160300E6
:1036B00000000000011603000000000001160300D6
:1036C00000000000011603000000000001160300C6
:1036D00000000000011603000000000001160300B6
:1036E000495B0200F11C030000000000011603000A
:1036F0000000000001160300000000000116030096
:103700000000000001160300000000000116030085
:1037100000000000011603001CE500203B19030017
:103720000000000001160300000000000116030065
:103730000000000001160300000000000116030055
:103740000000000001160300000000000116030045
:103750000000000001160300000000000116030035
:103760000000000001160300000000000116030025
:103770000000000001160300000000000116030015
:103780000000000001160300000000000116030005
:08379000000000000116030017
:1037980070F70020C88E01200010000069090100A0
:1037A800000000000000000000000000F5FFFFFF1F
:1037B80000000000250004000000000000000000D8
:1037C80018ED0020C86A01200010000061E4000024
:1037D800000000000000000000000000F9FFFFFFEB
:1037E80000000000F1EA03000000000000000000F3
:1037F80088020120C8B6012000100000854A010097
:1038080000000000000000000000000005000000AB
:103818000000000033290400000000000000000040
:1038280078F80020C89E0120001800006D2B0100C8
:10383800000000000000000000000000050000007B
:10384800000000000B190400000000000000000048
:10385800400B0120C8C6012000100000B963010018
:10386800000000000000000000000000050000004B
:1038780000000000343804000000000000000000D0
:1038880030F60020C88A01200004000039FC00003E
:10389800000000000000000000000000050000001B
:1038A8000000000087F20300000000000000000094
:0838B800991703000000000055
:1038C000B7180300D92E0200412E0200E92D020094
:0838D00083180300D92D02004A
:1038D800BD310200F3180300FF1803001319030099
:1038E8001D1903002719030051300200712F02002F
:0438F80000000000CC
:1038FC00D92A0200931703006B1703000000000085
:0C390C00A92902000000000000000000DB
:103918007319030021350200651903008D1B03008C
:1039280099190300C1190300F71903000B1A0300C2
:10393800391A03004D1A03000B1A0300291A030051
:10394800611A03006F1A03007D1A0300B31A0300FB
:04395800B71A030097
:10395C00F5BE0400030000003A88040003000000D8
:10396C00FCB2040003000000F0BD040003000000E2
:10397C0008A70400030000009CB30400030000002F
:10398C00818D040002000000498E04000300000039
:10399C000B8F040003000000B5C1040003000000FD
:1039AC00CDAE040003000000C3B904000300000006
:1039BC0003CA040003000000F2000400030000002E
:1039CC00119C040003000000179C0400030000007D
:1039DC00F0B1040003000000F48A040003000000AE
:0839EC00FAB40400030000001E
:1039F400F8460300A44001202B9C040000000000B2
:103A0400040000000F000000010000000800000096
:103A14002400000070000000800000000D00000081
:103A24000C0000000E0000005000000084000000A4
:103A3400B800000008000000FFFFFFFF490000007D
:043A4400FFFFFFFF82
:103A4800229C040008E50020AC370120F8E400209F
:103A5800020000007C460300A837012090460300BE
:103A680070E80020179C040050260120C8DE0120C1
:103A7800904B030064470300D045030098430300BC
:103A88007045030024460300F0420300E4460300A7
:103A98003C4703005C4503001843030078470300D4
:103AA800284703001447030050470300044303005A
:083AB80000450300DC4203009D
:103AC00000000000000000000000000000000000F6
:103AD000000000008066030089660300000000000B
:103AE00075C30000010A00007E6603005E660300E5
:103AF00000000000CDD20000010000001B3C0400CB
:103B00001F3C0400BC430300CD6501000100000020
:103B1000486503004D65030000000000A5C80000D3
:103B200001230000200404002964030000000000B9
:103B3000B9CF0000012300002866030033660300AC
:103B4000000000002DC40000010A00006B640300A7
:103B50007364030000000000E5CB000001230000B7
:103B6000C6650300D065030000000000E5C4000046
:103B7000010600003D6203008F65030000000000A5
:103B8000D9C60000010600006F6703003E6703000E
:103B900000000000D5E6020001000000AC67030051
:103BA0007F67030000000000CBE602000100000078
:103BB000B2660300B76603000000000035BD0000D8
:103BC000010A00007A3C04001267030000000000B4
:103BD000DFE6020001000000B9590400EF660300AF
:103BE0000000000019BD00000100000000000000FE
:103BF00000000000000000000000000000000000C5
:103C0000259104002C91040000000000E9E201006D
:103C10000000000085520300C29204000000000072
:103C20006DE3010000000000A3930400AD930400C5
:103C300000000000C9E3010003000000A7520300D8
:103C4000935504000000000005E30100020000009D
:103C5000CC930400D39304008C3C030000000000CC
:103C600000000000DE910400E59104000000000067
:103C7000019F000001010000565203003C92040025
:103C80000000000055E301000000000000000000FB
:103C90000000000000000000000000000000000024
:103CA000E7960400EC96040000000000A9E701007C
:103CB0000200000087600300C294040000000000BE
:103CC0006DE4010000000000869604008D9604005B
:103CD0000000000015E7010002000000AA950400A2
:103CE000B19504000000000091E501000000000013
:103CF000239604002B9604000000000081E60100DA
:103D000002000000000000000000000000000000B1
:083D10000000000000000000AB
:083D18003DE801005DE8010037
:103D2000FFFFFFFFFFFFFF7FFFC99A3B000000007E
:103D3000FFFFFFFFFFFF0000CA529A3B0000000098
:103D400000000000B0F3030001000000CBF303000B
:103D500002000000E0F3030003000000F3F303009F
:103D60000400000001F40300050000000FF403004C
:103D7000060000001FF403000010000036F40300EA
:103D8000011000004DF403000210000065F4030070
:103D9000031000007CF403000410000093F40300FF
:103DA00005100000AEF4030006100000BDF403008F
:103DB00007100000D4F4030008100000EEF4030024
:103DC0000910000006F503000A1000001AF50300B0
:103DD0000B10000031F503000C10000049F5030042
:103DE000006000005BF503000160000073F5030054
:103DF000026000008DF5030003600000A4F50300DD
:103E000004600000BBF5030005600000D0F503006E
:103E100006600000E6F503000070000002F60300F3
:103E20000170000012F60300027000002BF6030080
:103E30000370000039F603000A1A000047F6030079
:103E40000B1A000064F603000C1A000089F6030048
:103E5000FFFFFFFF00000000000000009BF30300D5
:103E600001000000A7F30300FFFFFFFF00000000B8
:103E700000000000577904000100000055F3030022
:103E80000200000089F30300FFFFFFFF00000000B5
:103E900000000000577904000100000055F3030002
:103EA000020000005DF30300FFFFFFFF00000000C1
:103EB0000000000015F303000100000021F30300DF
:103EC000020000003AF30300FFFFFFFF00000000C4
:103ED000640000009A01040065000000A7010400CE
:103EE00066000000B501040067000000CA0104007C
:103EF00068000000E001040032000000F30104004B
:103F00003300000006020400340000001B0204001D
:103F10003500000031020400FFFFFFFF0000000039
:103F2000000000007F520400010000008E520400D7
:103F300002000000AD520400FFFFFFFF0000000080
:103F4000000000008369040001000000976904007C
:103F500002000000A569040003000000636904007A
:103F60000F00000098660400FFFFFFFF0000000044
:103F70000000000021690400010000003A6904000B
:103F8000020000004E6904000300000063690400A1
:103F9000030000007A690400FFFFFFFF000000003B
:103FA00000000000EC66040001000000F46604005C
:103FB00002000000156704000300000036670400DB
:103FC000040000004F67040005000000686704005B
:103FD0000600000081670400080000009A670400E2
:103FE00009000000B16704000A000000C86704006F
:103FF0000B000000E46704000C00000001680400EE
:104000000D0000001D6804000E0000003D68040063
:104010000F0000005E68040010000000D766040076
:10402000110000007668040012000000846804009B
:10403000130000009B68040014000000B568040031
:1040400015000000C668040016000000D6680400D1
:1040500017000000EE680400180000000269040068
:104060003E000000986604003F0000000F69040055
:10407000FFFFFFFF00000000000000009F6604003B
:1040800001000000B066040002000000C9660400E0
:1040900010000000D76604001E00000098660400AF
:1040A000FFFFFFFF0000000000000000706604003A
:1040B00001000000816604001E00000098660400F4
:1040C000FFFFFFFF00000000256902009D1F0300A5
:1040D00055740200B8D60400E7B20400BBD6040051
:1040E0001B5B4A00001B5B4800001B5B324A000060
:1040F0001B5B4A00001B5B6D00001B3700001B3878
:1041000000001B5B3F336C00001B5B4800001B5B27
:10411000324A00001B3700001B380000000000007E
:104120000338FDD87047000078563412260000008E
:104130000100010000000000014B0000DA07000050
:10414000ABFFFFFFB9FFFFFFF4FFFFFF0000000020
:104150000000000000008106F4010101A0252600F6
:104160000404120400000000881300000000000096
:10417000BC89D897B2D29C3C33A7A8D523F649393D
:104180003DA7F444FD0FA5329D978CCF08BA5B255F
:10419000436FAC64280668110080E03779C341435F
:1041A000176E05B5B5B89346F5F93FE9034F384D9D
:1041B000321D30F94877825A3CBF737FDD4F157549
:1041C000000000000000F03F00000000000024405C
:1041D00000000000000059400000000000408F4037
:1041E000000000000088C34000000000006AF840A2
:1041F0000000000080842E4100000000D0126341C6
:104200000000000084D797410000000065CDCD413B
:10421000000000205FA00242000000E8764837421C
:10422000000000A2941A6D42000040E59C30A242BA
:104230000000901EC4BCD64200003426F56B0C432F
:104240000080E03779C3414300A0D88557347643D6
:1042500000C84E676DC1AB43003D9160E458E14337
:10426000408CB5781DAF154450EFE2D6E41A4B44AC
:1042700092D54D06CFF08044F64AE1C7022DB544F1
:10428000B49DD9794378EA446C5003007C50030014
:104290008850030093500300AB500300B550030057
:1042A000C1500300D6500300EA5003007A4E0300C9
:1042B0007A4E03007A4E03007A4E03007A4E0300D2
:1042C0007A4E0300F5500300FC5003001351030025
:1042D00025510300375103004A5103005652030091
:1042E0005E52030000000000A7E60200010000008B
:1042F000855203008A520300000000000DBA00003E
:1043000001000000A7520300AD52030000000000AE
:10431000B5BA000002000000E9520300EF520300AA
:104320002C43030071BC0000000000003043030078
:1043300015530300205303005843030071BC0000D1
:10434000000000000000000000000000000000006D
:1043500000000000000000005C43030092C0040065
:104360004B5303000000000021BB000000000000D0
:10437000A0C004006E5303000000000005BB000055
:10438000000000000000000000000000000000002D
:104390000000000000000000BD670300C2670300CA
:1043A000C03A0300F1BC000000000000D1F403009B
:1043B00026380400826F04002E380400C043030036
:1043C0007A3C0400623C040000000000A56C01007F
:1043D00001000000813C04008E3C0400000000004D
:1043E000A56B010001060000C63C0400B63C0400B9
:1043F000000000008D6B010001000000D23C0400B1
:10440000DE3C040000000000ED690100010C00002A
:10441000053D04000F3D040000000000D5680100C8
:10442000010B00002C3D0400373D0400000000009B
:10443000BD67010001060000553D04005D3D04001C
:1044400000000000F5650100010B00000000000005
:10445000000000000000000000000000000000005C
:1044600089620400A1620400AB620400BC62040023
:10447000D8620400FA620400196304002C6304008B
:104480003C6304006663040090630400A3630400BB
:10449000B6630400D0630400DD6304000C64040010
:1044A0003E64040077640400B36404007562040091
:1044B0007562040075620400756204007562040090
:1044C0007562040075620400756204007562040080
:1044D000D7640400E2640400F7640400206504006B
:1044E0003D650400596504007A6504009165040087
:1044F000A2650400D86504001E6604006666040018
:10450000CD7F0400D97F04000000000001A301005A
:1045100000000000B9D6040004E00300BB8B0400D7
:104520001022012000010000FB020300C102030071
:1045300002000000000000005D900400659004008F
:10454000000000000000000000000000D7DE0300B3
:104550006D9004007190040075900400F8900400C0
:10456000FF900400EC3B030000000000000000008E
:10457000F3970400C897040084450300000000007E
:10458000000000008845030087600300C445030065
:10459000183D0300E1E8010001010000D897040084
:1045A000DD9704001C3D03007DE8010002000000CF
:1045B00000000000000000000000000000000000FB
:1045C00000000000C40BD286FA9704002B98040068
:1045D000E8980400ED980400E445030000000000A2
:1045E00000000000E845030084500300FB9804002D
:1045F0000000000091EA0100000000000B99040097
:104600000F990400000000006D0703000000000087
:10461000000000000000000000000000000000009A
:1046200000000000799A0400809A040038460300D4
:104630009DEB0100020200003C460300429B040087
:10464000479B0400000000005DEC01000502000033
:10465000DB0804007F9B04000000000039EF01002C
:104660000201000000000000000000000000000047
:1046700000000000000000003A000000E84B0120AC
:104680001E000000630F0300483A0300F0E400201E
:10469000F4390300BC460300904001206400000090
:1046A000A846030054400120582701208000000044
:1046B0000000000091070300020000002F12030019
:1046C00098400120E84B01201E00000049F0010045
:1046D000DF070300BB07030001080300CD07030049
:1046E00000000000175403006AA00400000000004E
:1046F000CD00020001000000EB100300C310030016
:104700008312030000000000000000000000000011
:104710000000000059A2040060A204000000000094
:10472000BD10020001000000655003008AA20400D1
:104730008C470300D5110200010100002FA30400E3
:1047400037A30400000000007D10020001000000FB
:1047500048A304004EA30400B84703000000000073
:104760000000000074A304007AA30400000000000D
:10477000A11102000100000088A304008CA3040022
:10478000000000006B1303000000000090470300CE
:10479000AFA30400B7A30400000000002D10020026
:1047A0000100000000000000000000000000000008
:1047B0000000000000000000BC470300FBA3040051
:1047C00004A4040000000000291102000100000000
:1047D00021A4040030A404005C4803000000000091
:1047E00000000000E0A40400E7A404009C490300CA
:1047F0000000000000000000FEA4040004A5040066
:104800005C4903000000000000000000AC9D0400B3
:104810001BA504001C49030000000000000000006C
:104820002AA504002FA50400DC480300D9100200CB
:104830000101000042A5040048A504009C480300B3
:104840000000000000000000000000000000000068
:1048500000000000000000000000000060480300AD
:104860005AA5040064A5040000000000EB13030037
:10487000010000009CA50400A3A5040000000000A6
:104880009D13030001000000000000000000000074
:10489000000000000000000000000000A04803002D
:1048A00082500300DAA50400000000006F1303002B
:1048B0000100000008A604000DA60400000000008E
:1048C000591002000100000000000000000000007C
:1048D000000000000000000000000000E0480300AD
:1048E0009C69030039A604000000000005140300C1
:1048F0000100000011CB040078A6040000000000B5
:10490000531403000100000000000000000000003C
:10491000000000000000000000000000204903002B
:104920009C6903008BA60400000000006D100200CB
:104930000100000011CB04009BA604000000000051
:1049400091130300010000000000000000000000BF
:1049500000000000000000000000000060490300AB
:104960009C690300AAA6040000000000B71303001E
:104970000100000011CB0400C2A6040000000000EA
:1049800039140300010000000000000000000000D6
:10499000000000000000000000000000A04903002B
:1049A0009C690300D9A6040000000000D113030095
:1049B0000100000011CB0400F1A60400000000007B
:1049C0001F140300010000000000000000000000B0
:1049D00000000000000000000000000007000000D0
:1049E000000000000000000000800000703503009F
:1049F000010000000000000000800000703503008E
:104A0000020000000080000000000F00703503006D
:104A1000030000000080000000000F00703503005C
:104A20000400000000800F0000200000703503002B
:104A30000500000000800F0000200000703503001A
:104A40000600000000A00F000060000070350300A9
:104A500040DB002000000000060001000200000012
:104A6000644A0300000000007AB004000200000065
:104A7000E0FF0F0028DB002082B0040021000000CE
:104A8000E0FF03206D290200592A02000000000007
:104A9000944A030001000000EAB20400D12B020096
:104AA0000D2B0200F0B204008F1703008B170300D8
:104AB000F6B20400B84A03000100000012B304007B
:104AC000C44A0300010000008BB30400040000008E
:104AD00000FF0000D84A030001000000BDB404003C
:104AE000FFFFFFFF002584401CE5002000000000C0
:104AF00000000000F84A030001000000F4B40400C4
:104B0000008000400100000000000000204B030076
:104B10000000D60100000000094C0120084C0120D3
:104B2000008000402C4B030001000000344B0300C8
:104B3000040000001B0000000E0000021A06000125
:104B40000F060003008000202807000028870020AF
:104B5000803B000028C30020001800000000000077
:104B6000000000000100000059B80000613A020096
:104B700010350300000000001035030001000000A4
:104B8000103503000400000010350300050000008C
:104B9000FEBF040001C00400A44B0300ED45020069
:104BA00000000000A84B03008BC0040000000000C0
:104BB00000000000C54502000100000099C004008B
:104BC00000000000000000009D4502000100000000
:104BD00000000000000000000000000000000000D5
:104BE00000000000080000000100000008000000B4
:104BF000010000009D6802000000000000000000AD
:104C0000AF200300000000000000000000000000D2
:104C1000F56F02000000000000000000000000002E
:104C2000000000000000000075740200CAC7040004
:104C3000CFC70400D7C70400E3C7040049C9040074
:104C400057C904006BC904007AC9040086C904006E
:104C50001034030018340300583403006834030090
:104C6000A8340300F034030020CE04000100050046
:104C70004ACE04000200070026CE0400040008000B
:104C80002FCE04000800040034CE040010000900F8
:104C90003ECE04002000080047CE040040000A0079
:104CA00052CE04008000060000D404000001000081
:104CB0008813000004E6002034000000CEFBFFFF54
:104CC000CB030000010000000000000035000000E0
:104CD000CEFBFFFFCB03000001000000000000003E
:104CE00000000000000000000000000000000000C4
:104CF00000000000000000000000000000000000B4
:104D000000000000000000000000000000000000A3
:104D10000000000000000000000000000000000093
:104D20000000000000000000000000000000000083
:104D30000000000000000000000000000000000073
:104D4000F8E403006FCA0400DCE70020050000005F
:104D5000190000007D0000007906900600000D0299
:104D60000000000000000000A70600000000000096
:104D70000000000000000000000000000000000033
:104D800000009B068D06A40600002702000000001C
:104D900000000000AF06000000000000000000005E
:104DA0000000000000000000000000000000AF064E
:104DB0000000880008019001180298021803980367
:104DC0002804A8042805A8052806A8064807C80737
:104DD00020002801280238034804480548064807EF
:104DE00038083809380A380B380C380D780E780F27
:104DF0003800C8015803E8046806E8073809B80A0B
:104E0000780CF80D780FE010A0122014A015FFFF09
:104E100058006802680488067808780A780C780ECA
:104E2000A010A012A014FFFFFFFFFFFFFFFFFFFF76
:104E30009000A803C806B809B80CB80FE012E01536
:104E4000FFFFFFFFFFFFFFFFFFFFFFFFFFFFFFFF72
:104E50000A0032006400F401E803DC05D007A00F6B
:104E6000401F803E007D32006400F401E803DC0551
:104E7000D007A00FEAFF7AFFF4FF556E6B6E6F77D5
:104E80006E20726561736F6E004D6F64656D206397
:104E90007261736820726561736F6E3A2030782595
:104EA0007820282573292C2050433A203078257803
:104EB0000A00434D414B455F534F555243455F44B4
:104EC00049522F7372632F6D61696E2E63004153D7
:104ED00053455254494F4E204641494C205B25735F
:104EE0005D20402025733A25640A00094D6F6465F2
:104EF0006D206372617368206465746563746564B2
:104F00002C2068616C74696E67206170706C6963D5
:104F10006174696F6E20657865637574696F6E0A78
:104F200000646573685F7368656C6C20213D2028A0
:104F300028766F6964202A29302900094661696C46
:104F4000656420746F20676574207368656C6C20DD
:104F50006261636B656E640A0050494E207265732E
:104F60006574207C20007761746368646F67207CBF
:104F7000200077616B6575702066726F6D20706FB1
:104F80007765722D6F6666207C20006465627567A8
:104F900020696E746572666163652077616B657503
:104FA00070207C2000736F667477617265207C20AE
:104FB00000435055206C6F636B7570207C2000633C
:104FC0006F6E74726F6C2061636365737320706FB2
:104FD0007274207C2000706F7765722D6F6E207266
:104FE00065736574000A5265736574207265617338
:104FF0006F6E3A2025730A00646573685F636F6D96
:105000006D6F6E5F776F726B7100436F756C6420AC
:105010006E6F7420696E697469616C697A65206E5F
:1050200072665F6D6F64656D5F6C69622C2065727E
:10503000722025640A00466174616C206572726F8B
:10504000720A0043616E6E6F7420696E69746961E3
:105050006C697A65204C45447320286572723A2049
:105060002564290A00726573697A6500556E646566
:1050700066696E6564206661756C740048572057D8
:1050800044207265736574004861726420666175BE
:105090006C74004D656D6F7279206D616E6167652E
:1050A0006D656E74206661756C7400427573206660
:1050B00061756C74005573616765206661756C7409
:1050C0000053656375726520636F6E74726F6C2038
:1050D0007265736574004572726F722068616E64E8
:1050E0006C65722063726173680052657365742029
:1050F0006C6F6F700041737365727400556E636FEF
:105100006E646974696F6E616C20535720726573A9
:10511000657400466C617368206572617365206612
:1051200061756C7400466C61736820777269746590
:10513000206661756C7400556E646572766F6C7470
:10514000616765206661756C74004F766572746581
:105150006D7065726174757265206661756C74003E
:10516000686561703A206661696C656420746F20BF
:1051700072656164206B65726E656C206865617034
:1051800020737461746973746963732C206572721F
:105190006F723A202564006B65726E656C206865DD
:1051A000617020737461746973746963733A006623
:1051B0007265653A202020202020202020202025F4
:1051C000366400616C6C6F63617465643A20202002
:1051D000202020253664006D61782E20616C6C6F74
:1051E00063617465643A202536640A0073797374C8
:1051F000656D20686561702073746174697374698A
:1052000063733A006D61782E2073697A653A2020C5
:10521000202020202536640073697A653A202020FA
:10522000202020202020202025366400736C656516
:10523000703A206475726174696F6E206D75737455
:105240002062652067726561746572207468616EA2
:10525000207A65726F0076657273696F6E005072A6
:10526000696E74206170706C69636174696F6E201F
:1052700076657273696F6E20696E666F726D6174A8
:10528000696F6E2E0068656170005072696E7420DF
:1052900068656170207573616765207374617469F6
:1052A00073746963732E00736C65657000536C656D
:1052B000657020666F72206E207365636F6E647315
:1052C0002E0054696D657374616D70732064697329
:1052D00061626C65640054696D657374616D7073AF
:1052E00020656E61626C6564007072696E74004363
:1052F0006F6D6D616E647320666F72207368656C8C
:105300006C206F757470757420666F726D61747443
:10531000696E672E0074696D657374616D707300DA
:10532000456E61626C652F64697361626C6520749F
:10533000696D657374616D707320696E2073686543
:105340006C6C206F75747075742E00456E61626CA4
:10535000652074696D657374616D707320696E206A
:105360007368656C6C206F75747075742E00446979
:105370007361626C652074696D657374616D7073BF
:1053800020696E207368656C6C206F75747075741D
:105390002E005B253034642D253032642D253032CB
:1053A0006420253032643A253032643A2530326444
:1053B0002E253033645D200043757474696E672058
:1053C000746F6F206C6F6E6720737472696E6720E4
:1053D0007768696C65207072696E74696E672E2ECD
:1053E0002E0A00556E6B6E6F776E207072696E7448
:1053F000206C6576656C20666F72206E657874200F
:105400006C6F672E20506C6561736520666978202B
:1054100069742E0A002D2D68656C700025733A2082
:10542000737562636F6D6D616E64206E6F7420665C
:105430006F756E6400626131363764396633646259
:105440003400332E332E30004445534820766572A5
:1054500073696F6E3A202020202020207625732D3E
:1054600025730044455348206275696C6420696463
:105470003A202020202020637573746F6D0044450E
:105480005348206275696C642076617269616E743C
:105490003A206465760025733A20737562636F6DF8
:1054A0006D616E64206E6F7420666F756E640A00A5
:1054B00043616E6E6F74207175657279206D6F64D3
:1054C000656D2074696D653A2065727220256400EF
:1054D000436F6D6D6F6E2073657474696E67733A98
:1054E0000020206E6574776F726B2069642028330A
:1054F00032626974292E2E2E2E2E2E2E2E2E2E2E18
:105500002E2E2E2E2E2E2E2E2E2E2E2E2E2E2E2EBB
:105510002E2E257520283078253038782900202037
:105520007472616E736D6974746572206964202889
:105530006C6F6E67205244204944292E2E2E2E2E49
:105540002E2E2E2E2E2E2E2E2E2E2E2E2E2E2E2584
:105550007520283078253038782900202073686F2E
:1055600072742052442049442E2E2E2E2E2E2E2E82
:105570002E2E2E2E2E2E2E2E2E2E2E2E2E2E2E2E4B
:105580002E2E2E2E2E2E2E2E2E2E2E2E2575202811
:105590003078253034782900202062616E64206ED6
:1055A000756D6265722E2E2E2E2E2E2E2E2E2E2EE6
:1055B0002E2E2E2E2E2E2E2E2E2E2E2E2E2E2E2E0B
:1055C0002E2E2E2E2E2E2E2E2E25640020205374AD
:1055D00061727475702061637469766174696F6E4D
:1055E00020726164696F206D6F64652E2E2E2E2EE1
:1055F0002E2E2E2E2E2E2E2E2E2E2E2E2E257300BD
:1056000020205374617274757020616374697661CF
:1056100074696F6E2E2E2E2E2E2E2E2E2E2E2E2EA8
:105620002E2E2E2E2E2E2E2E2E2E2E2E2E2E2E2E9A
:105630002E44697361626C656400436F6D6D6F6EBB
:105640002052582073657474696E67733A00202085
:105650002020657870656374656420525353492037
:105660006C6576656C2E2E2E2E2E2E2E2E2E2E2E28
:105670002E2E2E2E2E2E2E2E2E2E2E2E2E2E2E2553
:105680006400436F6D6D6F6E2054582073657474A1
:10569000696E67733A0020202020706F7765722052
:1056A0002864426D292E2E2E2E2E2E2E2E2E2E2E9C
:1056B0002E2E2E2E2E2E2E2E2E2E2E2E2E2E2E2E0A
:1056C0002E2E2E2E2E2E2E256400202020204D43FF
:1056D000532E2E2E2E2E2E2E2E2E2E2E2E2E2E2EC5
:1056E0002E2E2E2E2E2E2E2E2E2E2E2E2E2E2E2EDA
:1056F0002E2E2E2E2E2E2E2E2E2E2E256400436F75
:105700006D6D6F6E2052535349207363616E6E69E5
:105710006E672073657474696E67733A0020206346
:1057200068206163636573733A2052535349207351
:1057300063616E20286D7365637329207065722024
:1057400063682E2E2E2E2E2E2E2E2E2E2E2E2564DD
:105750000020206368206163636573733A205253AD
:105760005349207363616E20627573792028644207
:105770006D293A2E2E2E2E2E2E2E2E2E2E2E2E2E03
:105780002E2E7369676E616C206C6576656C203EA9
:105790002025640020206368206163636573733A89
:1057A0002052535349207363616E20706F73736985
:1057B000626C65202864426D293A2E2E2E2E2E2EE4
:1057C0002E2E2E2E2E2564203E3D207369676E619D
:1057D0006C206C6576656C203E202564002020637B
:1057E00068206163636573733A2052535349207391
:1057F00063616E2066726565202864426D293A2EC9
:105800002E2E2E2E2E2E2E2E2E2E2E2E2E2E736938
:10581000676E616C206C6576656C203C3D2025646C
:105820000020206368206163636573733A205343EB
:10583000414E5F5355495441424C4525252E2E2E4D
:105840002E2E2E2E2E2E2E2E2E2E2E2E2E2E2E2E78
:105850002E2E2E25642525005363686564756C65BE
:105860007220636F6D6D6F6E2073657474696E67FF
:10587000733A0020207363686564756C696E6720F5
:105880006F66667365742F64656C61792028757323
:10589000292E2E2E2E2E2E2E2E2E2E2E2E2E2E2E2D
:1058A0002E2E2E2E2E2E2E2E2E2E2E2E2E2E2564EB
:1058B00000436F6D6D6F6E204841525120736574C7
:1058C00074696E67733A0020204D6F64656D2069BE
:1058D0006E697420484152512070726F6365737312
:1058E00020636F756E742E2E2E2E2E2E2E2E2E2EA3
:1058F0002E2E2E2E2E2E2E2E2E2E2E2E2E2E2E2EC8
:105900002E2E25640020204D6F64656D20696E6920
:105910007420484152512052582062756666657263
:10592000206578706972792074696D652028696EC8
:10593000206D6963726F7365636F6E6473292E2EB9
:1059400025640020204841525120666565646261EB
:10595000636B2052582064656C61792028737562EE
:10596000736C6F7473292E2E2E2E2E2E2E2E2E2E0D
:105970002E2E2E2E2E2E2E2E2E2E2E2E2E2E25641A
:105980000020204841525120666565646261636B66
:10599000205258206475726174696F6E2028737587
:1059A00062736C6F7473292E2E2E2E2E2E2E2E2E99
:1059B0002E2E2E2E2E2E2E2E2E2E2E2E2564002016
:1059C000204841525120666565646261636B2054D2
:1059D000582064656C61792028737562736C6F74EC
:1059E00073292E2E2E2E2E2E2E2E2E2E2E2E2E2E97
:1059F0002E2E2E2E2E2E2E2E2E2E25640043657238
:105A000074696669636174696F6E20736574746923
:105A10006E67733A002020436F6E74696E756F7500
:105A200073205761766520284357292054582E2E1D
:105A30002E2E2E2E2E2E2E2E2E2E2E2E2E2E2E2E86
:105A40002E2E2E2E2E2E2E2E2E2E2E2E2E2E2E2E76
:105A5000456E61626C6564002020435720545820D5
:105A60006368616E6E656C2F636172726965722E18
:105A70002E2E2E2E2E2E2E2E2E2E2E2E2E2E2E2E46
:105A80002E2E2E2E2E2E2E2E2E2E2E2E2E2E2E2E36
:105A90002E2E2E2564002020435720545820706F4E
:105AA000776572202864426D292E2E2E2E2E2E2EE2
:105AB0002E2E2E2E2E2E2E2E2E2E2E2E2E2E2E2E06
:105AC0002E2E2E2E2E2E2E2E2E2E2E2E2E2E2E2EF6
:105AD0002E2564002020436F6E74696E756F757398
:105AE000205761766520284357292054582E2E2EA2
:105AF0002E2E2E2E2E2E2E2E2E2E2E2E2E2E2E2EC6
:105B00002E2E2E2E2E2E2E2E2E2E2E2E2E2E2E449F
:105B1000697361626C656400202053544620636F92
:105B20007665722073657175656E6365206F6E2092
:105B300054582E2E2E2E2E2E2E2E2E2E2E2E2E2E35
:105B40002E2E2E2E2E2E2E2E2E2E2E2E2E2E2E2E75
:105B50002E2E2E257300202053544620636F766529
:105B6000722073657175656E6365206F6E20525883
:105B70002E2E2E2E2E2E2E2E2E2E2E2E2E2E2E2E45
:105B80002E2E2E2E2E2E2E2E2E2E2E2E2E2E2E2E35
:105B90002E25730020204E6574776F726B20696428
:105BA0002076616C69646174696F6E2E2E2E2E2EC4
:105BB0002E2E2E2E2E2E2E2E2E2E2E2E2E2E2E2E05
:105BC0002E2E2E2E2E2E2E2E2E2E2E2E2E2E2E25FE
:105BD000730025752028307825303878292069739E
:105BE000206E6F7420612076616C6964206E65742C
:105BF000776F726B2069642E0A546865206E657435
:105C0000776F726B204944207368616C6C20626509
:105C10002073657420746F20612076616C75652037
:105C20007768657265206E6569746865720A746864
:105C3000652038204C53422062697473206172657C
:105C40002030783030206E6F7220746865203234D6
:105C5000204D534220626974732061726520307850
:105C60003030303030302E0047697665206465630F
:105C7000656E742076616C756520666F7220526166
:105C800064696F204D6F6465205B312D335D2E009C
:105C90004769766520646563656E74207478206951
:105CA0006420283E203029004E6F74653A204261FE
:105CB0006E64206368616E676520746F2F66726F13
:105CC0006D20342072657175697265732061207270
:105CD00065626F6F74206F722061207265616374FA
:105CE00069766174652E0042616E6420232564200C
:105CF0006973206E6F7420737570706F7274656451
:105D00002E004E6F742076616C69642048415251B8
:105D10002070726F6365737320636F756E742E00ED
:105D20004E6F742076616C69642048415251207234
:105D30007820627566666572206578706972617434
:105D4000696F6E2074696D6520676976656E2E00D7
:105D50004769766520646563656E742076616C754D
:105D600065202876616C7565203C203029004769E4
:105D7000766520646563656E742076616C75652058
:105D800028302D3130302900436F6E74696E756F85
:105D90007573205761766520284357292054582071
:105DA000656E61626C65642E205468697320697346
:105DB00020666F72206365727469666963617469D5
:105DC0006F6E20707572706F736573206F6E6C7973
:105DD0002C206E6F7420666F72206E6F726D616C16
:105DE000206F7065726174696F6E20616E64206EE1
:105DF0006F206F74686572206F7065726174696F6F
:105E00006E732063616E20626520646F6E652E5232
:105E1000657175697265732061207265626F6F7458
:105E200020746F206861766520616E20696D7061F5
:105E300063742E00436F6E74696E756F75732057AF
:105E4000617665202843572920545820646973617E
:105E5000626C65642E20526571756972657320618C
:105E6000207265626F6F7420746F206861766520A0
:105E7000616E20696D706163742E004368616E6E9F
:105E8000656C202564206973206E6F7420737570B3
:105E9000706F72746564206F6E2073657420626128
:105EA0006E64202325642E0A0053544620636F76C7
:105EB00065722073657175656E6365206F6E205421
:105EC0005820656E61626C65642E2052657175693B
:105ED0007265732061207265626F6F7420746F2029
:105EE0006861766520616E20696D706163742E0053
:105EF00053544620636F7665722073657175656EC5
:105F00006365206F6E2054582064697361626C650C
:105F1000642E205265717569726573206120726507
:105F2000626F6F7420746F206861766520616E20E7
:105F3000696D706163742E0053544620636F7665FB
:105F4000722073657175656E6365206F6E2052589F
:105F500020656E61626C65642E2052657175697290
:105F600065732061207265626F6F7420746F2068A2
:105F700061766520616E20696D706163742E0053D7
:105F8000544620636F7665722073657175656E6324
:105F900065206F6E2052582064697361626C65647D
:105FA0002E20526571756972657320612072656279
:105FB0006F6F7420746F206861766520616E206950
:105FC0006D706163742E004E6574776F726B20691B
:105FD000642076616C69646174696F6E20656E61BE
:105FE000626C65642E004E6574776F726B20696415
:105FF0002076616C69646174696F6E206469736195
:10600000626C65642E00556E6B6E6F776E206F70DC
:1060100074696F6E20282573292E205365652075BD
:10602000736167653A006D3A643A6E3A743A623A5F
:10603000726800417267756D656E7473207769745C
:10604000686F757420272D27206E6F74207375700C
:10605000706F727465643A202573003132336800C2
:1060600043616E6E6F742073746172742061637427
:10607000697661746520636F6D6D616E642C20724A
:1060800065743A202564006C69737400633A693A58
:10609000743A6661680043616E6E6F742073746158
:1060A00072742052535349207363616E2C206572C1
:1060B000722025640052535349207363616E20732C
:1060C0007461727465642E00693A653A743A633A91
:1060D0006668610043616E6E6F74207374617274E0
:1060E0002052582C2065727220256400525820736B
:1060F0007461727465642E005065726620636F6D02
:106100006D616E642073746F7070696E672E0049E4
:106110006E76616C6964204C425420706572696FC0
:1061200064202564202872616E67653A205B2564CF
:106130002C25645D2900496E76616C6964204C42AF
:1061400054205253534920627573792074687265E4
:1061500073686F6C64202564202872616E67653AED
:10616000205B25642C2D315D29004769766520640C
:106170006563656E742076616C756520666F72204C
:1061800074686520736C6F7420636F756E7420285B
:106190003E203029004E6F742076616C696420487F
:1061A0004152512070726F63657373206E6272206A
:1061B0006D61782E00653A743A63736164680041DA
:1061C00074206C6561737420726F6C65206E6565F8
:1061D0006420746F20626520676976656E2E205397
:1061E00065652075736167653A0043616E6E6F7413
:1061F000207374617274207065726620636F6D6DB8
:10620000616E642C207265743A202564007065729A
:106210006620636F6D6D616E642073746172746566
:10622000642E0072665F746F6F6C20636F6D6D61BA
:106230006E642073746F7070696E672E00727800E0
:1062400072785F636F6E740072785F747800556E59
:106250006B6E6F776E206D6F64653A202573005505
:106260006E6B6E6F776E2070656572662072662049
:106270006D6F64653A20257300436F6E74696E75A7
:106280006F7573206D6F646520656E61626C656407
:106290002E0A004769766520646563656E74207612
:1062A000616C756520283E2030290047697665209D
:1062B000646563656E742076616C756520283E3D6B
:1062C000203029006D3A743A633A653A703A73683F
:1062D000004368616E6E656C202564206973206ED2
:1062E0006F7420737570706F7274656420617420B0
:1062F00062616E64202325640043616E6E6F7420BA
:1063000073746172742072665F746F6F6C20636F58
:106310006D6D616E642C207265743A202564007284
:10632000665F746F6F6C20636F6D6D616E64207358
:106330007461727465642E0070696E6720636F6D9E
:106340006D616E642073746F7070696E672E0047A4
:1063500069766520646563656E742076616C756529
:1063600020666F72207468652070696E6720636FA5
:10637000756E7420283E20302900693A653A743AD7
:106380006C3A6373646D61680054696D656F757410
:10639000206E6565647320746F206265206C657380
:1063A00073207468616E20696E74657276616C2EFC
:1063B0000043616E6E6F7420737461727420706933
:1063C0006E6720636F6D6D616E642C207265743A28
:1063D0002025640070696E6720636F6D6D616E6467
:1063E00020737461727465642E0043616E6E6F7405
:1063F000207374617274206465616374697661747A
:106400006520636F6D6D616E642C207265743A2037
:10641000256400446561637469766174696F6E20F8
:10642000737461727465642E0064656374207069AE
:106430006E6720636F6D6D616E642E0A2055736107
:1064400067653A20646563742070696E67205B6FCE
:106450007074696F6E733A207365653A2064656382
:10646000742070696E67202D685D0072665F746FBE
:106470006F6C0052582F545820746F6F6C20666FE9
:10648000722068656C70696E672072756E6E696ED9
:1064900067206F66204554534920454E20333031E4
:1064A000203430362D323A0A2073656374696F6E7A
:1064B0007320342E332028436F6E666F726D616EC9
:1064C000636520726571756972656D656E747320A0
:1064D000666F72207472616E736D6974746572296F
:1064E00020616E640A20342E342028436F6E666F5C
:1064F000726D616E636520726571756972656D6537
:106500006E747320666F722072656365697665725A
:10651000292E0A2055736167653A206465637420EB
:1065200072665F746F6F6C205B6F7074696F6E73EF
:106530003A207365653A20646563742072665F74FF
:106540006F6F6C202D685D00706572660064656316
:1065500074207065726620636F6D6D616E642E0AC3
:106560002055736167653A206465637420706572B5
:1065700066205B6F7074696F6E733A207365653A5D
:1065800020646563742070657266202D685D00521A
:106590005820636F6D6D616E642E0A2055736167BC
:1065A000653A2064656374207278205B6F7074694B
:1065B0006F6E733A207365653A2064656374207268
:1065C00078202D685D00727373695F7363616E007C
:1065D000457865637574652052535349206D656134
:1065E000737572656D656E742F7363616E2E0A200C
:1065F00055736167653A20646563742072737369CB
:106600005F7363616E205B6F7074696F6E733A20A5
:106610007365653A206465637420727373695F7390
:1066200063616E202D685D00726164696F5F6D6FDC
:1066300064650041637469766174652072616469A0
:106640006F2E0A2055736167653A20646563742074
:10665000726164696F5F6D6F6465202D68004465C9
:106660002D616374697661746520726164696F2E4F
:106670000A2055736167653A206465637420646518
:1066800061637469766174650041637469766174ED
:106690006520726164696F2E0A2055736167653ADF
:1066A0002064656374206163746976617465202D6C
:1066B0006800736574740053657420616E642072A1
:1066C00065616420636F6D6D6F6E20646563742017
:1066D00073657474696E67732E0A205573616765FC
:1066E0003A20646563742073657474202D680050CB
:1066F00072696E7420646563742074696D652E0A16
:106700002055736167653A20646563742074696D10
:1067100065005072696E74206465736820646563F7
:1067200074207374617475732E0A205573616765E4
:106730003A20646563742073746174757300466CE9
:10674000757368206974656D7320696E2064656374
:10675000742064657368207363686564756C657222
:106760002E0A2055736167653A206465637420734F
:106770006368655F6C6973745F7075726765004705
:10678000657420646563742064657368207363684E
:106790006564756C6572207374617475732E0A205C
:1067A00055736167653A2064656374207363686537
:1067B0005F6C6973745F737461747573006465638F
:1067C0007400436F6D6D616E647320666F72204D4F
:1067D0006F53682044454354204E522B2050687913
:1067E0002E006E775F69640062616E645F6E627234
:1067F00000736368655F64656C6179006D646D5FEB
:10680000696E69745F686172715F70726F636573DE
:10681000735F636F756E74006D646D5F696E69742C
:106820005F686172715F6578706972795F74696DB4
:10683000655F757300736368655F686172715F6639
:106840006565646261636B5F72785F64656C6179D2
:106850005F737562736C6F747300736368655F68F0
:106860006172715F666565646261636B5F72785FB8
:10687000737562736C6F747300736368655F6861CE
:1068800072715F666565646261636B5F74785F6493
:10689000656C61795F737562736C6F74730072738A
:1068A00073695F7363616E5F74696D6500727373A2
:1068B000695F7363616E5F667265655F74680072BD
:1068C0007373695F7363616E5F627573795F746818
:1068D00000727373695F7363616E5F73756974616E
:1068E000626C655F70657263656E740074785F6377
:1068F000775F6374726C5F6F6E0074785F63775F4D
:106900006374726C5F6F66660074785F63775F6351
:1069100074726C5F6368616E6E656C0074785F633F
:10692000775F6374726C5F7077725F64626D00741E
:10693000785F7374665F636F7665725F7365715FAE
:106940006F6E0074785F7374665F636F7665725FF5
:106950007365715F6F66660072785F7374665F63FC
:106960006F7665725F7365715F6F6E0072785F73CB
:1069700074665F636F7665725F7365715F6F66667D
:10698000006E775F69645F76616C69645F6F6E004B
:106990006E775F69645F76616C69645F6F666600DD
:1069A000635F7363616E5F74696D6500635F7278C6
:1069B0005F6578705F727373695F6C6576656C0094
:1069C000666F726365007573655F616C6C5F6368A9
:1069D000616E6E656C73007573655F66696C746576
:1069E0007200766572646963745F747970655F6361
:1069F0006F756E7400766572646963745F74797024
:106A0000655F636F756E745F64657461696C730054
:106A10006F6E6C795F616C6C6F7765645F636861E2
:106A20006E6E656C73006C6F775F6C6174656E631E
:106A300079006C6F775F6C6174656E63795F7769FD
:106A400074685F7374616E646279006E6F6E5F6C00
:106A500062745F776974685F7374616E64627900F1
:106A6000636C69656E74007365727665720072732B
:106A700073695F6D656173007573655F68617271DD
:106A800000635F74696D656F757400635F636F7534
:106A90006E7400635F696E74657276616C00635F2B
:106AA000736C6F747300635F74785F7077720063E8
:106AB0005F74785F6D637300635F74785F6C62749A
:106AC0005F706572696F6400635F74785F6C627495
:106AD0005F627573795F746800735F74785F69646F
:106AE0000074785F7077725F6374726C5F70647546
:106AF0005F72785F6578705F727373695F6C6576DB
:106B0000656C0074785F7077725F6374726C5F613C
:106B100075746F0072665F6D6F64650072665F6D9D
:106B20006F64655F706565720072785F66696E6438
:106B30005F73796E63006672616D655F7265706523
:106B400061745F636F756E74006672616D655F720C
:106B500065706561745F636F756E745F696E74658F
:106B60007276616C7300636F6E74696E756F7573A6
:106B70000072785F6672616D655F73746172745FD5
:106B80006F66667365740072785F737562736C6F9D
:106B9000745F636F756E740072785F69646C655FB3
:106BA000737562736C6F745F636F756E7400747865
:106BB0005F6672616D655F73746172745F6F666644
:106BC0007365740074785F737562736C6F745F6360
:106BD0006F756E740074785F69646C655F7375625D
:106BE000736C6F745F636F756E740072785F736837
:106BF0006F775F6D696E5F6D61785F76616C7565EB
:106C000073006465627567006475726174696F6EA4
:106C100000635F6761705F736C6F747300635F67BD
:106C200061705F737562736C6F747300635F68612A
:106C300072715F666565646261636B5F72785F73D2
:106C40007562736C6F747300635F686172715F6605
:106C50006565646261636B5F72785F64656C6179BE
:106C60005F737562736C6F747300635F68617271D8
:106C70005F70726F636573735F6E62725F6D617870
:106C800000735F686172715F666565646261636B02
:106C90005F74785F64656C61795F737562736C6F44
:106CA000747300735F686172715F666565646261C9
:106CB000636B5F74785F72785F64656C61795F7332
:106CC0007562736C6F74730055736167653A206405
:106CD0006563742073657474203C6F7074696F6EA3
:106CE000733E0A4F7074696F6E733A0A20202D72DA
:106CF0002C202D2D726561642C2020202020202046
:106D000020202020202020202052656164206375EF
:106D10007272656E7420636F6D6D6F6E2073657433
:106D200074696E67730A2020202020202D2D726543
:106D30007365742C2020202020202020202020205B
:106D4000202020526573657420746F20646566612D
:106D5000756C7420636F6D6D6F6E207365747469EC
:106D60006E67730A20202D6E2C202D2D6E775F69A3
:106D700064203C233E2C2020202020202020202086
:106D800020536574206E6574776F726B2069642080
:106D9000283332626974290A20202D742C202D2D6D
:106DA00074785F6964203C233E2C20202020202022
:106DB0002020202020536574207472616E736D69E9
:106DC0007474657220696420286C6F6E6720524469
:106DD000204944290A20202D622C202D2D62616E2D
:106DE000645F6E6272203C233E2C202020202020F5
:106DF000202053657420757365642062616E642E73
:106E00000A20202020202020202020202020202098
:106E10002020202020202020202020202020496DFC
:106E2000706163746564206F6E207768656E2061A1
:106E3000206368616E6E656C2069732073657420D1
:106E40006173207A65726F0A202020202020202084
:106E50002020202020202020202020202020202032
:106E6000202020202028652E672E20696E20727336
:106E700073695F7363616E292E0A20202020202011
:106E80002020202020202020202020202020202002
:106E90002020202020202044656661756C743A20F3
:106EA00062616E642023312E204F746865722073F6
:106EB0007570706F727465642062616E64732061B6
:106EC00072653A0A20202020202020202020202027
:106ED00020202020202020202020202020202020B2
:106EE00020322C20342C203920616E642032322E46
:106EF0000A20202D6D2C202D2D726164696F5F6D2D
:106F00006F6465203C233E2C202020202020456EED
:106F100061626C652F44697361626C6520616374A2
:106F200069766174696F6E20617420737461727424
:106F30002D75702E0A2020202020202020202020A7
:106F40002020202020202020202020202020202041
:106F500020205769746820726164696F206D6F64C6
:106F6000653A0A20202020202020202020202020D8
:106F70002020202020202020202020202020202011
:106F8000313A204C6F77206C6174656E63792028EC
:106F900064656661756C74292E0A202020202020EB
:106FA00020202020202020202020202020202020E1
:106FB00020202020202020323A204C6F77206C6146
:106FC00074656E63792077697468207374616E6488
:106FD00062792E0A2020202020202020202020201E
:106FE00020202020202020202020202020202020A1
:106FF00020333A204C425420284C697374656E202B
:107000004265666F72652054616C6B2920646973F8
:1070100061626C65642C2077697468207374616E9A
:107020006462792E0A202020202020202020202089
:107030002020202020202020202020202020202050
:107040002020343A2044697361626C656420616E6B
:107050006420726164696F206E6F7420616374696B
:1070600076617465642061742073746172742D7527
:10707000702E0A20202D642C202D2D736368655FEF
:1070800064656C6179203C75736563733E2C2020C8
:10709000457374696D6174656420736368656475B4
:1070A0006C696E672064656C617920287573292E80
:1070B0000A52535349206D6561737572656D656E33
:1070C000742073657474696E67733A0A20202020F7
:1070D00020202D2D727373695F7363616E5F746915
:1070E0006D65203C6D736563733E2C2020204368E2
:1070F000616E6E656C206163636573733A207365BE
:1071000074207468652074696D6520286D736563EB
:107110002920746861742069732075736564206622
:107120006F720A20202020202020202020202020D4
:10713000202020202020202020202020202020204F
:1071400020202020207363616E6E696E6720706559
:1071500072206368616E6E656C20666F7220525398
:107160005349206D6561737572656D656E74732E1C
:107170000A20202020202020202020202020202025
:1071800020202020202020202020202020202020FF
:1071900020202044656661756C743A203220736546
:1071A000636F6E6473202B206672616D652E0A20FA
:1071B00020202020202D2D727373695F7363616E10
:1071C0005F667265655F7468203C64626D3E2C206A
:1071D000204368616E6E656C206163636573732024
:1071E0002D20636F6E73696465726564206173201E
:1071F000667265653A0A2020202020202020202069
:10720000202020202020202020202020202020207E
:1072100020202020202020206D6561737572656418
:10722000207369676E616C206C6576656C203C3DEF
:10723000203C76616C75653E2E0A2020202020209F
:10724000202020202020202020202020202020203E
:107250002020202020202020202020205365742062
:1072600061207468726573686F6C6420666F722049
:1072700052535349207363616E20667265652074B2
:1072800068726573686F6C64202864426D292E0AE9
:107290002020202020202D2D727373695F7363617D
:1072A0006E5F627573795F7468203C64626D3E2C1A
:1072B00020204368616E6E656C2061636365737343
:1072C000202D20636F6E736964657265642061733D
:1072D00020627573793A0A20202020202020202067
:1072E000202020202020202020202020202020209E
:1072F0002020202020202020206D6561737572657C
:1073000064207369676E616C206C6576656C203EE5
:10731000203C76616C75653E2E0A202020202020BE
:10732000202020202020202020202020202020205D
:107330002020202020202020202020205365742081
:1073400061207468726573686F6C6420666F722068
:1073500052535349207363616E20627573792074B0
:1073600068726573686F6C64202864426D292E0A08
:10737000202020202020202020202020202020200D
:1073800020202020202020202020202020202020FD
:1073900020204368616E6E656C2061636365737362
:1073A000202D20636F6E736964657265642061735C
:1073B00020706F737369626C653A0A202020202068
:1073C00020202020202020202020202020202020BD
:1073D00020202020202020202020202020727373B5
:1073E000695F7363616E5F627573795F7468203E75
:1073F0003D206D65617375726564207369676E61A8
:107400006C206C6576656C203E0A202020202020B0
:10741000202020202020202020202020202020206C
:10742000202020202020202020202020727373691B
:107430005F7363616E5F667265655F74680A2020C2
:10744000202020202D2D727373695F7363616E5F3E
:107450007375697461626C655F70657263656E7483
:10746000203C696E743E2C20205343414E5F53559F
:10747000495441424C4520617320706572204D4152
:107480004320737065632E0A2020202020202020B6
:1074900020202020202020202020202020202020EC
:1074A00020202020202020202020202020202020DC
:1074B000202020496D70616374206F6E6C79207795
:1074C00069746820737562736C6F7420636F756E76
:1074D0007420626173656420766572646963742EDA
:1074E0000A436F6D6D6F6E20525820736574746916
:1074F0006E67733A0A2020202020202D2D72785F9D
:107500006578705F727373695F6C6576656C2C204B
:10751000202020202020205365742064656661753A
:107520006C742065787065637465642052535349A8
:10753000206C6576656C206F6E205258202864425E
:107540006D292E0A436F6D6D6F6E20545820736540
:107550007474696E67733A0A2020202020202D2D34
:1075600074785F707772203C64626D3E2C2020201E
:1075700020202020202020202020536574206465B6
:107580006661756C7420545820706F77657220287E
:1075900064426D292E0A2020202020202020202037
:1075A00020202020202020202020202020202020DB
:1075B00020202020202020205B2D34302C2D333023
:1075C0002C2D32302C2D31362C2D31322C2D382CC7
:1075D0002D342C302C342C372C31302C31332C31B1
:1075E000362C31392C32312C32335D0A20202020C8
:1075F000202020202020202020202020202020208B
:107600002020202020202020202020202020536502
:107610006520737570706F72746564206D61782079
:10762000666F722074686520757365642062616E90
:1076300064206279207573696E670A2020202020FB
:10764000202020202020202020202020202020203A
:10765000202020202020202020202020226465635C
:10766000742073746174757322202D636F6D6D6166
:107670006E64206F75747075742E0A20202020208F
:10768000202D2D74785F6D6373203C6D63733E2CE9
:10769000202020202020202020202020205365741E
:1076A0002064656661756C74204D4353206F6E20B5
:1076B00054582028302D34292E0A48415251207028
:1076C0006172616D657465727320696E206D6F649F
:1076D000656D20696E69743A0A2020202020202DD3
:1076E0002D6D646D5F696E69745F686172715F7042
:1076F000726F636573735F636F756E74203C696E40
:10770000743E2C2020436F756E74206F66204841B4
:1077100052512052582070726F63657373657320E5
:10772000666F72206D6F64656D20696E69740A20E2
:107730002020202020202020202020202020202049
:107740002020202020202020202020202020202039
:1077500020202020202020202020205B312C322CB3
:10776000342C385D2E2044656661756C743A203483
:107770002E0A202020202020202020202020202011
:1077800020202020202020202020202020202020F9
:1077900020202020202020202020202020204E6F6C
:1077A00074653A2074686973206D757374206D6117
:1077B00074636820617420626F746820656E6473FE
:1077C00020616E640A2020202020202020202020FC
:1077D00020202020202020202020202020202020A9
:1077E0002020202020202020202020202020202099
:1077F00020746F6F206269672076616C75652077F1
:10780000696C6C206361757365206275666665726C
:10781000206F766572666C6F77730A2020202020B7
:107820002020202020202020202020202020202058
:107830002020202020202020202020202020202048
:1078400020202020202020287365656E2061732071
:1078500050444320435243206572726F7273292053
:1078600077697468206869676865720A202020203B
:107870002020202020202020202020202020202008
:1078800020202020202020202020202020202020F8
:1078900020202020202020206279746520616D6FD7
:1078A000756E747320283D6D63732B736C6F7473E6
:1078B000292C0A20202020202020202020202020C9
:1078C00020202020202020202020202020202020B8
:1078D000202020202020202020202020202020695F
:1078E0002E652E207468652064656661756C742051
:1078F0003420697320746F6F206269672077697420
:1079000068204D4353340A202020202020202020AE
:107910002020202020202020202020202020202067
:107920002020202020202020202020202020202057
:10793000202020696E206E6F6E2D6F7074696D61EE
:107940006C20656E7669726F6E6D656E742E0A209E
:1079500020202020202D2D6D646D5F696E69745F7D
:10796000686172715F6578706972795F74696D655D
:107970005F7573203C696E743E2C20484152512043
:1079800052582062756666657220657870697279F2
:107990002074696D652C20696E206D6963726F7348
:1079A00065636F6E64732E0A202020202020202023
:1079B00020202020202020202020202020202020C7
:1079C00020202020202020202020202020202020B7
:1079D000202020204D6178696D756D207375707061
:1079E0006F727465642076616C75653A203530304D
:1079F000303030302E0A202020202020202020204F
:107A00002020202020202020202020202020202076
:107A10002020202020202020202020202020202066
:107A2000202044656661756C743A20323530303000
:107A300030302E0A466F6C6C6F77696E6720696D07
:107A4000706163746564207768656E2048415251A7
:107A500020666565646261636B207265717565732C
:107A6000746564206F6E2061207363686564756C53
:107A7000657220666F72205458206F706572617451
:107A8000696F6E3A0A2020202020202D2D73636814
:107A9000655F686172715F666565646261636B5F93
:107AA00072785F64656C61795F737562736C6F7413
:107AB00073203C696E743E2C204761702028696EEB
:107AC00020737562736C6F747329206265747765B7
:107AD000656E206F757220545820656E640A2020F0
:107AE0002020202020202020202020202020202096
:107AF0002020202020202020202020202020202086
:107B00002020202020202020202020202020202075
:107B10002020616E64207374617274696E67206FD7
:107B200066206120525820666F7220484152510AE7
:107B30002020202020202020202020202020202045
:107B40002020202020202020202020202020202035
:107B50002020202020202020202020202020202025
:107B600020202020666565646261636B2E20446579
:107B70006661756C743A20342E0A20202020202063
:107B80002D2D736368655F686172715F66656564FA
:107B90006261636B5F72785F737562736C6F74732D
:107BA000203C696E743E2C205258206475726174BA
:107BB000696F6E2028696E20737562736C6F7473C1
:107BC0002920666F7220726563656976696E670A3F
:107BD00020202020202020202020202020202020A5
:107BE0002020202020202020202020202020202095
:107BF000202020202020202020202020202048413C
:107C0000525120666565646261636B20666F722005
:107C10006F75722054582E0A20202020202020200A
:107C20002020202020202020202020202020202054
:107C30002020202020202020202020202020202044
:107C400020202020202044656661756C743A203124
:107C5000382E0A436F6D6D6F6E2073657474696E94
:107C6000677320666F7220525820736964652066BE
:107C70006F722048415251206F7065726174696F54
:107C80006E2C20652E672E2073656E64696E6720EA
:107C90004841525120666565646261636B3A0A200F
:107CA00020202020202D2D736368655F686172712C
:107CB0005F666565646261636B5F74785F64656C61
:107CC00061795F737562736C6F7473203C696E7455
:107CD0003E2C20476170206265747765656E206474
:107CE00061746120525820616E640A202020202097
:107CF0002020202020202020202020202020202084
:107D00002020202020202020202020202020202073
:107D10002020202020202020202020202020207310
:107D200074617274696E67206120545820666F72A6
:107D30002070726F766964696E670A2020202020A7
:107D40002020202020202020202020202020202033
:107D50002020202020202020202020202020202023
:107D600020202020202020202020202020202048EB
:107D700041525120666565646261636B20696620CB
:107D80007265717565737465642062790A202020BC
:107D900020202020202020202020202020202020E3
:107DA00020202020202020202020202020202020D3
:107DB00020202020202020202020202020202020C3
:107DC00020636C69656E742E0A20202020202020FC
:107DD00020202020202020202020202020202020A3
:107DE0002020202020202020202020202020202093
:107DF00020202020202020202020202020446566D4
:107E000061756C743A20342028737562736C6F74DA
:107E100073292E0A466F6C6C6F77696E67206F6EE0
:107E20006C7920666F72206365727469666963613C
:107E300074696F6E20707572706F736573202D207A
:107E400073657420746F206D6F64656D2061667456
:107E50006572206120626F6F7475703A0A2020206D
:107E60002020204E6F74653A206368616E67696EEA
:107E70006720616C6C206F66207468657365207282
:107E8000657175697265732061207265626F6F74C8
:107E90002E0A2020202020202D2D74785F63775F0C
:107EA0006374726C5F6F6E202020202020202020C1
:107EB00020202020202020456E61626C6520436FC9
:107EC0006E74696E756F75732057617665202843EF
:107ED00057292054582E0A2020202020202D2D7490
:107EE000785F63775F6374726C5F6F6666202020D3
:107EF0002020202020202020202020204469736181
:107F0000626C6520436F6E74696E756F7573205770
:107F100061766520284357292054582E20446566F1
:107F200061756C742E0A2020202020202D2D74785D
:107F30005F63775F6374726C5F6368616E6E656CBC
:107F4000203C696E743E2C202020204368616E6EB8
:107F5000656C2F6361727269657220666F7220743E
:107F600068652043572054582E0A202020202020C6
:107F70002020202020202020202020202020202001
:107F800020202020202020202020202020202044CD
:107F9000656661756C743A20313636352E0A2020BC
:107FA000202020202D2D74785F63775F6374726CBE
:107FB0005F7077725F64626D203C696E743E2C2046
:107FC000202020545820706F77657220666F7220D1
:107FD00043572054582E0A202020202020202020E3
:107FE0002020202020202020202020202020202091
:107FF0002020202020202020202020204465666191
:10800000756C743A2061732077697468202D2D7423
:10801000785F7077722E0A202020202020202D2DBE
:1080200074785F7374665F636F7665725F73657192
:108030005F6F6E2C2020202020202020456E616262
:108040006C652053544620636F76657220736571AA
:1080500075656E6365206F6E2054582E20446566EA
:1080600061756C742E0A202020202020202D2D7474
:10807000785F7374665F636F7665725F7365715F57
:108080006F66662C202020202020204469736162C6
:108090006C652053544620636F766572207365715A
:1080A00075656E6365206F6E2054582E0A2020205F
:1080B000202020202D2D72785F7374665F636F76A9
:1080C00065725F7365715F6F6E2C20202020202009
:1080D0002020456E61626C652053544620636F76A4
:1080E00065722073657175656E6365206F6E2052D1
:1080F000582E2044656661756C742E0A202020205D
:108100002020202D2D72785F7374665F636F766513
:10811000725F7365715F6F66662C202020202020BF
:108120002044697361626C652053544620636F7606
:1081300065722073657175656E6365206F6E205280
:10814000582E0A202020202020202D2D6E775F69B8
:10815000645F76616C69645F6F6E2C202020202044
:10816000202020202020202044656661756C742E1C
:10817000204E6574776F726B2069642076616C693C
:10818000646174696F6E20656E61626C65642E0A4D
:10819000202020202020202D2D6E775F69645F76BF
:1081A000616C69645F6F66662C202020202020208F
:1081B0002020202020416C6C6F77206E6574776FD3
:1081C000726B20696420776974686F7574207661BA
:1081D0006C69646174696F6E2E0A20202020202053
:1081E000202020202020202020202020202020208F
:1081F0002020202020202020202020202020204D52
:1082000069676874206265206E65656465642066D0
:108210006F72205258206F7020746F206D617463EC
:10822000682074657374657220766563746F727309
:108230002E0A0055736167653A2064656374207285
:10824000782073746F70207C207374617274205B6B
:108250002D63203C6368616E6E656C5F6E62723E7A
:108260005D205B2D665D205B2D74203C7365637320
:108270003E5D0A20202020202020202020202020B9
:108280002020202020202020202020202020205BB3
:108290002D65203C64626D3E5D0A20202020202058
:1082A00020202020202020202020202020202020CE
:1082B0002020202020205B2D69203C736563735DA6
:1082C000205B2D2D667265655F7468203C64626D6D
:1082D0005F76616C75653E5D205B2D2D62757379EF
:1082E0005F7468203C64626D5F76616C75653E5DAD
:1082F0000A537562636F6D6D616E64733A0A202074
:1083000073746172742C20202020202020202020D3
:10831000202020202053746172742052582E0A208D
:108320002073746F702C20202020202020202020FB
:1083300020202020202053746F702052582E0A5382
:1083400074617274696E67206F7074696F6E733ACE
:108350000A20202D63203C63685F6E62723E2C20F1
:10836000202020202020202020202020202020200D
:108370004368616E6E656C206E756D6265722E204D
:108380005A65726F2076616C75653A20616C6C205D
:108390006368616E6E656C7320696E206120736521
:1083A000742062616E642E0A20202020202020206C
:1083B00020202020202020202020202020202020BD
:1083C0002020202020202044656661756C743A20AE
:1083D000313636350A20202D742C202D2D635F7305
:1083E00063616E5F74696D65203C696E743E2C201C
:1083F000202020205363616E6E696E672064757261
:108400006174696F6E20696E207365636F6E64734B
:108410000A20202020202020202020202020202072
:10842000202020202020202020202020202020204C
:108430002864656661756C743A2031302073656319
:10844000732C206D61783A2036322073656373296E
:108450002E0A20202D6520202D2D635F72785F6508
:1084600078705F727373695F6C6576656C203C69C8
:108470006E743E2C2053657420636C69656E7420A5
:1084800065787065637465642052535349206C6548
:1084900076656C206F6E205258202864426D292E1C
:1084A0000A202020202020202020202020202020E2
:1084B00020202020202020202020202020202020BC
:1084C0002020202044656661756C743A2030202895
:1084D0006661737420414743292E0A202020202002
:1084E000202D2D7573655F66696C7465722C202074
:1084F00020205573652066696C74657220666F7202
:1085000020726563656976696E67207061636B656B
:1085100074732064657374696E6174656420746F2C
:108520002074686973206465766963652C0A20206D
:10853000202020202020202020202020202020203B
:108540002020202020692E652E2073686F727420F1
:108550006E6574776F726B20696420616E6420723F
:1085600065636569766572206964656E746974799E
:108570000A20202020202020202020202020202011
:108580002020202020202020283D2074782069648D
:10859000292066726F6D2073657474696E67732E1F
:1085A0000A202020202020202020202020202020E1
:1085B000202020202020202044656661756C743ABC
:1085C0002066616C73652C206E6F2066696C746523
:1085D000722E0A20202D662C202D2D666F72636569
:1085E0002C2020202020202020205573652073700F
:1085F000656369616C20666F72636520746F206FBC
:10860000766572726964652063757272656E742036
:108610006974656D7320696E207068792061706976
:10862000207363686564756C65720A2020202020C1
:10863000202020202020202020202020202020203A
:108640002020736F2074686174205258206F706509
:10865000726174696F6E20697320686176696E67F4
:10866000207072696F72697479206F766572206FFD
:1086700074686572732E0A2020202020202020207C
:1086800020202020202020202020202020204E6F6D
:1086900074653A207768656E20757365642C206F69
:1086A000746865722072756E6E696E672069746594
:1086B0006D7320617265206E6F74207363686564EA
:1086C000756C656420746F206D6F64656D2E0A2073
:1086D000202D612C202D2D7573655F616C6C5F639F
:1086E00068616E6E656C732C2020202020436861C9
:1086F0006E6E656C20616363657373206F7665725F
:10870000726964653A0A2020202020202020202041
:108710002020202020202020202020202020202059
:108720002020202074686973206973206F76657239
:10873000726964696E67204861726D6F6E697A65EF
:1087400064207374616E646172640A2020202020AA
:108750002020202020202020202020202020202019
:1087600020202020202020202072657175697265EC
:108770006D656E747320284554534920454E20334F
:108780003031203430362D322C2056332E302E31DD
:108790002C20636820342E332E322E332C0A2020D6
:1087A00020202020202020202020202020202020C9
:1087B0002020202020202020202020205461626CB6
:1087C0006520322920746F20757365206F6E6C7977
:1087D000206F6464206368616E6E656C206E756DD9
:1087E000626572732061742062616E642023312E91
:1087F0000A466F6C6C6F77696E67206F7074696F73
:108800006E73206F6E6C7920696D70616374732074
:108810006F6E2052535349206D6561737572656D9B
:10882000656E747320647572696E672052583A0AD7
:1088300020202D69203C696E74657276616C5F73CF
:108840006563733E2C20202020202020205253538B
:1088500049206D6561737572656D656E7420726512
:10886000706F7274696E6720696E74657276616C80
:1088700020696E207365636F6E64732E0A2020205A
:1088800020202020202020202020202020202020E8
:108890002020202020202020202044656661756C47
:1088A000743A2031207365636F6E64732C207A658F
:1088B000726F20746F2064697361626C652E0A2088
:1088C000202D2D667265655F7468203C64626D5F63
:1088D00076616C75653E2C20202020204368616EF7
:1088E0006E656C20616363657373202D20636F6E0A
:1088F0007369646572656420617320667265653AA8
:108900000A2020202020202020202020202020207D
:1089100020202020202020202020202020206D65C5
:10892000617375726564207369676E616C206C6534
:1089300076656C203C3D203C76616C75653E2E0A68
:108940002020202020202020202020202020202027
:10895000202020202020202020202020205365744B
:108960002061207468726573686F6C6420666F7232
:108970002052535349207363616E206672656520EF
:108980007468726573686F6C64202864426D292E68
:108990000A202020202020202020202020202020ED
:1089A000202020202020202020202020202044655E
:1089B0006661756C742066726F6D20727373695F87
:1089C0007363616E5F627573795F74680A2020203B
:1089D0002020202020202020202020202020202097
:1089E000202020202020202020204368616E6E65FA
:1089F0006C20616363657373202D20636F6E7369F0
:108A0000646572656420617320706F737369626C52
:108A1000653A0A202020202020202020202020200D
:108A20002020202020202020202020202020202046
:108A3000627573795F7468203E3D206D6561737562
:108A4000726564207369676E616C206C6576656C15
:108A5000203E20667265655F74680A20202D2D62B5
:108A60007573795F7468203C64626D5F76616C75C4
:108A7000653E2C20202020204368616E6E656C20AE
:108A8000616363657373202D20636F6E7369646522
:108A900072656420617320627573793A0A20202020
:108AA00020202020202020202020202020202020C6
:108AB000202020202020202020206D6561737572E9
:108AC0006564207369676E616C206C6576656C20E7
:108AD0003E203C76616C75653E2E0A2020202020C9
:108AE0002020202020202020202020202020202086
:108AF00020202020202020205365742061207468CD
:108B0000726573686F6C6420666F722052535349AC
:108B1000207363616E206275737920746872657367
:108B2000686F6C64202864426D292E0A2020202062
:108B30002020202020202020202020202020202035
:108B400020202020202020202044656661756C7440
:108B50002066726F6D20727373695F7363616E5FFD
:108B6000667265655F74680A0055736167653A20CF
:108B70006465637420727373695F7363616E205BF5
:108B80006C6973745D207C205B73746F705D207CF6
:108B9000205B5B2D63203C6368616E6E656C5F6E6D
:108BA00062723E5D0A2020202020202020202020EC
:108BB00020202020202020202020202020202020B5
:108BC00020202020205B2D74203C6368616E6E6540
:108BD0006C5F7363616E6E696E675F74696D655F0C
:108BE0006D733E5D0A2020202020202020202020A0
:108BF0002020202020202020202020202020202075
:108C000020202020205B2D2D627573795F746820F1
:108C10003C64626D5F76616C75653E5D205B2D2DF9
:108C2000667265655F7468203C64626D5F76616C36
:108C300075653E5D0A202020202020202020202055
:108C40002020202020202020202020202020202024
:108C500020202020205B2D69203C696E746572768F
:108C6000616C5F736563733E5D205B2D2D666F7273
:108C700063655D5D0A4F7074696F6E733A0A2020F8
:108C80002D63203C63685F6E62723E2C20202020A2
:108C900020202020204368616E6E656C20746F2058
:108CA0006265207363616E6E65642F6D65617375B7
:108CB0007265642E205A65726F2076616C75653A14
:108CC00020616C6C20696E20612073657420626184
:108CD0006E642E0A2020202020202020202020200A
:108CE000202020202020202020202044656661753F
:108CF0006C743A20313636352E0A20202D612C2016
:108D00002D2D6F6E6C795F616C6C6F7765645F633E
:108D100068616E6E656C732C2020496D70616374A0
:108D20006564206F6E6C792061742062616E6420CE
:108D300023312C207363616E206F6E6C7920616C1F
:108D40006C6F776564206368616E6E656C7320700C
:108D500065720A2020202020202020202020202092
:108D60002020202020202020202020202020202003
:108D70002020204861726D6F6E697A65642073747B
:108D8000616E6461726420726571756972656D658A
:108D90006E74730A202020202020202020202020F4
:108DA00020202020202020202020202020202020C3
:108DB00020202020284554534920454E203330316F
:108DC000203430362D322C2056332E302E312C20AC
:108DD000636820342E332E322E330A2020202020A8
:108DE0002020202020202020202020202020202083
:108DF00020202020202020202020205461626C652B
:108E0000203220666F7220312C3732364D487A205E
:108E100062616E647769647468292E0A20202D2DA2
:108E2000766572646963745F747970655F636F758A
:108E30006E742C2020202020202020205265737565
:108E40006C74207665726469637465642062617312
:108E50006564206F6E205343414E5F535549544122
:108E6000424C4520737562736C6F7420636F756E2E
:108E7000742C0A20202020202020202020202020A8
:108E800020202020202020202020202020202020E2
:108E9000202020617320706572204D414320737043
:108EA00065632063682E20352E312E322E0A202055
:108EB00020202020202020202020202020202020B2
:108EC000202020202020202020202020202053434C
:108ED000414E5F5355495441424C452063616E20D9
:108EE00062652061646A75737465642066726F6D73
:108EF0002073657474696E67730A20202020202017
:108F00002020202020202020202020202020202061
:108F10002020202020202020202020287273736908
:108F20005F7363616E5F7375697461626C655F70B6
:108F3000657263656E74292E0A202020202020206F
:108F40002020202020202020202020202020202021
:108F500020202020202020202044656661756C742C
:108F60003A20526573756C74207665726469637417
:108F700065642062617365642068696768657374FD
:108F80002F6C6F776573740A20202020202020200A
:108F900020202020202020202020202020202020D1
:108FA000202020202020202066726F6D206F6E20F0
:108FB000616C6C206D6561737572656D656E74733F
:108FC0000A202020202020202020202020202020B7
:108FD0002020202020202020202020202020202091
:108FE0002077697468696E206120676976656E20F4
:108FF00063685F7363616E6E696E675F74696D65E8
:109000005F6D732E0A20202D2D766572646963745E
:109010005F747970655F636F756E745F64657461AA
:10902000696C732C2053616D6520617320766572C5
:10903000646963745F747970655F636F756E7420C3
:109040006275742077697468207072696E74696ED5
:109050006720737562736C6F740A202020202020B3
:109060002020202020202020202020202020202000
:109070002020202020202020202064657461696C3D
:109080007320666F7220627573792F706F737369C6
:10909000626C6520737562736C6F74732E0A202086
:1090A0002D69203C696E74657276616C5F736563CF
:1090B000733E2C20202020202020205363616E6EE0
:1090C000696E6720696E74657276616C20696E20C6
:1090D0007365636F6E64732E0A2020202020202089
:1090E0002020202020202020202020202020202080
:1090F00020202020202044656661756C743A206E23
:109100006F20696E74657276616C2C20692E652EF5
:10911000206F6E652074696D65722E0A20202D7493
:10912000203C63685F7363616E6E696E675F74692C
:109130006D655F6D733E2C202054696D65207468E9
:109140006174206973207573656420746F20736384
:10915000616E20706572206368616E6E656C2E0AA8
:1091600020202020202020202020202020202020FF
:109170002020202020202020202020202044656640
:1091800061756C742066726F6D20727373695F73A2
:1091900063616E5F74696D650A20202D2D667265AE
:1091A000655F7468203C64626D5F76616C75653ED6
:1091B0002C20202020204368616E6E656C20616346
:1091C00063657373202D20636F6E736964657265C8
:1091D0006420617320667265653A0A202020202091
:1091E000202020202020202020202020202020207F
:1091F00020202020202020206D6561737572656419
:10920000207369676E616C206C6576656C203C3DEF
:10921000203C76616C75653E2E0A2020202020209F
:10922000202020202020202020202020202020203E
:109230002020202020202053657420612074687233
:109240006573686F6C6420666F72205253534920B7
:109250007363616E206672656520746872657368F9
:109260006F6C64202864426D292E0A202020202063
:1092700020202020202020202020202020202020EE
:10928000202020202020202044656661756C7420F9
:1092900066726F6D20727373695F7363616E5F6274
:1092A0007573795F74680A202020202020202020F8
:1092B00020202020202020202020202020202020AE
:1092C000202020204368616E6E656C2061636365B9
:1092D0007373202D20636F6E7369646572656420FB
:1092E000617320706F737369626C653A0A20202085
:1092F000202020202020202020202020202020206E
:1093000020202020202020202020627573795F7487
:1093100068203E3D206D65617375726564207369D8
:10932000676E616C206C6576656C203E20667265A8
:10933000655F74680A20202D2D627573795F7468EB
:10934000203C64626D5F76616C75653E2C20202048
:1093500020204368616E6E656C2061636365737382
:10936000202D20636F6E736964657265642061737C
:1093700020627573793A0A202020202020202020A6
:1093800020202020202020202020202020202020DD
:10939000202020206D656173757265642073696794
:1093A0006E616C206C6576656C203E203C76616C4D
:1093B00075653E2E0A2020202020202020202020FD
:1093C000202020202020202020202020202020209D
:1093D00020205365742061207468726573686F6C17
:1093E0006420666F722052535349207363616E206C
:1093F00062757379207468726573686F6C64202875
:1094000064426D292E0A20202020202020202020A8
:10941000202020202020202020202020202020204C
:1094200020202044656661756C742066726F6D2023
:10943000727373695F7363616E5F667265655F7493
:10944000680A20202D662C202D2D666F7263652CF6
:1094500020202020202020202020202020202055D7
:109460007365207370656369616C20666F726365F4
:1094700020746F206F7665727269646520637572FF
:1094800072656E74206974656D7320696E0A2020A0
:1094900020202020202020202020202020202020CC
:1094A000202020202020202020202070687920618A
:1094B0007069207363686564756C657220736F20D2
:1094C000746861742052535349207363616E732032
:1094D00061726520686176696E67207072696F726B
:1094E000697479206F7665720A2020202020202060
:1094F000202020202020202020202020202020206C
:10950000202020202020616E642072652D696E6904
:109510007420746865206D6F64656D2070687920B3
:1095200061706920746F2063616E63656C206F6E7B
:10953000676F696E67206F7065726174696F6E73B3
:109540000A20202020202020202020202020202031
:109550002020202020202020202020202020696E74
:10956000206D6F64656D2E204E6F74653A207768AC
:10957000656E20757365642C206F74686572207247
:10958000756E6E696E67206974656D7320617265B2
:10959000206E6F740A2020202020202020202020F0
:1095A00020202020202020202020202020202020BB
:1095B00020207363686564756C656420746F206D2A
:1095C0006F64656D2E0A0055736167653A206465A6
:1095D000637420726164696F5F6D6F6465203C6DB8
:1095E0006F64653E0A2020436F6E66696775726519
:1095F00020726164696F206D6F64652E0A4F70740C
:10960000696F6E733A0A20202D312C202D2D6C6F3E
:10961000775F6C6174656E63792C20202020202098
:109620002020202020202020202044656661756CA9
:10963000742E2054686973206D6F646520686173AF
:1096400020746865206C6F77657374206C61746535
:109650006E63792C0A20202020202020202020202A
:1096600020202020202020202020202020202020FA
:10967000202020202020202020746865206265732F
:10968000742052582F545820737769746368696E38
:109690006720706572666F726D616E63652C0A205B
:1096A00020202020202020202020202020202020BA
:1096B00020202020202020202020202020202020AA
:1096C000202020616E642074686520686967686581
:1096D000737420706F77657220636F6E73756D7031
:1096E00074696F6E2E0A20202D322C202D2D6C6F68
:1096F000775F6C6174656E63795F776974685F73B7
:1097000074616E6462792C20202054686973206D26
:109710006F646520686173207468652073616D658E
:109720002052582F545820737769746368696E67A4
:109730000A2020202020202020202020202020203F
:109740002020202020202020202020202020202019
:109750002020202020706572666F726D616E6365D7
:1097600020617320746865206C6F77206C6174656C
:109770006E6379206D6F64652C0A202020202020E4
:1097800020202020202020202020202020202020D9
:109790002020202020202020202020202020627532
:1097A0007420686967686572206F7065726174699A
:1097B0006F6E2073746172742D7570206C617465A6
:1097C0006E63792E0A2020202020202020202020B7
:1097D0002020202020202020202020202020202089
:1097E000202020202020202020506F7765722063C9
:1097F0006F6E73756D7074696F6E20697320746815
:109800007573206C6F77657220636F6D7061726520
:109810006420746F0A202020202020202020202077
:109820002020202020202020202020202020202038
:10983000202020202020202020746865206C6F7755
:10984000206C6174656E6379206D6F64652E0A20EB
:10985000202D332C202D2D6E6F6E5F6C62745F7720
:109860006974685F7374616E6462792C20202020B3
:1098700020202054686973206D6F646520686173CF
:1098800020746865206C6F7765737420706F7765DE
:109890007220636F6E73756D7074696F6E2C0A2021
:1098A00020202020202020202020202020202020B8
:1098B00020202020202020202020202020202020A8
:1098C0002020206475652074686520746F206D6F9A
:1098D00064656D20656E746572696E67207374616E
:1098E0006E646279206D6F6465207768656E2070A4
:1098F0006F737369626C650A20202020202020206D
:109900002020202020202020202020202020202057
:10991000202020202020202020202020616E642074
:109920006E6F74207573696E67204C42542C2061F1
:10993000742074686520636F73740A2020202020CF
:109940002020202020202020202020202020202017
:109950002020202020202020202020202020206FB8
:1099600066206869676865722073746172742D750A
:1099700070206C6174656E637920616E6420776F0E
:109980007273652052582F54582073776974636836
:10999000696E670A202020202020202020202020FF
:1099A00020202020202020202020202020202020B7
:1099B0002020202020202020706572666F726D614B
:1099C0006E636520636F6D706172656420746F20D3
:1099D000746865206F7468657220726164696F20B5
:1099E0006D6F6465732E0A0055736167653A206474
:1099F000656374206163746976617465203C6D6F82
:109A000064653E0A20204163746976617465205064
:109A1000485920736F66747761726520737461634F
:109A20006B20696E20676976656E20726164696F6C
:109A3000206D6F64652E0A4F7074696F6E733A0AF9
:109A400020202D312C202D2D6C6F775F6C6174657B
:109A50006E63792C20202020202020202020202010
:109A60002020202044656661756C742E205468693E
:109A700073206D6F64652068617320746865206C65
:109A80006F77657374206C6174656E63792C0A203E
:109A900020202020202020202020202020202020C6
:109AA00020202020202020202020202020202020B6
:109AB00020202074686520626573742052582F54EA
:109AC0005820737769746368696E67207065726681
:109AD0006F726D616E63652C0A202020202020208B
:109AE0002020202020202020202020202020202076
:109AF00020202020202020202020202020616E6493
:109B000020746865206869676865737420706F7772
:109B1000657220636F6E73756D7074696F6E2E0A57
:109B200020202D322C202D2D6C6F775F6C61746599
:109B30006E63795F776974685F7374616E6462796C
:109B40002C20202054686973206D6F646520686143
:109B500073207468652073616D652052582F5458C6
:109B600020737769746368696E670A20202020205B
:109B700020202020202020202020202020202020E5
:109B80002020202020202020202020202020207085
:109B90006572666F726D616E6365206173207468B3
:109BA00065206C6F77206C6174656E6379206D6FD2
:109BB00064652C0A20202020202020202020202026
:109BC0002020202020202020202020202020202095
:109BD000202020202020202062757420686967687A
:109BE0006572206F7065726174696F6E2073746145
:109BF00072742D7570206C6174656E63792E0A2005
:109C00002020202020202020202020202020202054
:109C10002020202020202020202020202020202044
:109C2000202020506F77657220636F6E73756D70A2
:109C300074696F6E2069732074687573206C6F7718
:109C4000657220636F6D706172656420746F0A20A5
:109C50002020202020202020202020202020202004
:109C600020202020202020202020202020202020F4
:109C7000202020746865206C6F77206C6174656E9D
:109C80006379206D6F64652E0A20202D332C202DE2
:109C90002D6E6F6E5F6C62745F776974685F73744A
:109CA000616E6462792C2020202020202054686975
:109CB00073206D6F64652068617320746865206C23
:109CC0006F7765737420706F77657220636F6E7342
:109CD000756D7074696F6E2C0A2020202020202062
:109CE0002020202020202020202020202020202074
:109CF0002020202020202020202020202064756586
:109D00002074686520746F206D6F64656D20656ECA
:109D1000746572696E67207374616E646279206D18
:109D20006F6465207768656E20706F737369626C0D
:109D3000650A2020202020202020202020202020F4
:109D40002020202020202020202020202020202013
:109D5000202020202020616E64206E6F7420757397
:109D6000696E67204C42542C206174207468652011
:109D7000636F73740A2020202020202020202020C0
:109D800020202020202020202020202020202020D3
:109D90002020202020202020206F6620686967680E
:109DA00065722073746172742D7570206C617465B6
:109DB0006E637920616E6420776F727365205258EC
:109DC0002F545820737769746368696E670A20207E
:109DD0002020202020202020202020202020202083
:109DE0002020202020202020202020202020202073
:109DF0002020706572666F726D616E636520636F9F
:109E00006D706172656420746F20746865206F7472
:109E100068657220726164696F206D6F6465732E6E
:109E20000A0055736167653A206465637420706940
:109E30006E67205B73746F705D207C205B3C736584
:109E4000727665723E7C3C636C69656E743E205B25
:109E50007365727665725F6F7074696F6E735D7C27
:109E60005B636C69656E745F6F7074696F6E735D50
:109E70000A4E6F74653A206D616B6520737572656B
:109E80002074686174206163636573736564206323
:109E900068616E6E656C206973206672656520620C
:109EA00079207573696E672022646563742072730C
:109EB00073695F7363616E22202D636F6D6D616ED8
:109EC000642E0A0A4F7074696F6E733A0A20202D4F
:109ED000632C202D2D636C69656E742C202020204E
:109EE00020202020202020202020436C69656E74D3
:109EF00020726F6C652E0A20202D732C202D2D735F
:109F000065727665722C20202020202020202020C1
:109F10002020202053657276657220726F6C652E4A
:109F20000A2020202020202D2D6368616E6E656C34
:109F3000203C696E743E2C20202020202020436885
:109F4000616E6E656C2E2044656661756C7420319F
:109F50003636352E0A20202D742C202D2D635F746B
:109F6000696D656F7574203C696E743E2C202020ED
:109F7000202050696E672074696D656F7574206963
:109F80006E206D696C6C697365636F6E64732E20EF
:109F900044656661756C743A2031353030206D73DC
:109FA0006563732E0A2020202020202D2D635F63FF
:109FB0006F756E74203C696E743E2C20202020202A
:109FC0002020546865206E756D626572206F662072
:109FD00074696D657320746F2073656E6420746896
:109FE000652070696E6720726571756573742E20C7
:109FF00044656661756C743A20352E0A20202D6CFC
:10A000002C202D2D635F736C6F7473203C696E740C
:10A010003E2C202020202020205061796C6F61642C
:10A02000206C656E6774682028696E20736C6F748D
:10A03000732920746F2062652073656E742E20442E
:10A04000656661756C743A20312E0A20202D692CCA
:10A05000202D2D635F696E74657276616C203C699A
:10A060006E743E2C20202020496E74657276616CDF
:10A07000206265747765656E2073756363657373BD
:10A08000697665207061636B6574207472616E73AC
:10A090006D697373696F6E730A2020202020202061
:10A0A00020202020202020202020202020202020B0
:10A0B000202020202020696E207365636F6E6473FA
:10A0C0002E2044656661756C743A20322073656396
:10A0D000732E0A2020202020202D2D635F74785FAE
:10A0E0006D6373203C696E743E2C2020202020205C
:10A0F00053657420636C69656E74205458204D4319
:10A10000532E2044656661756C743A2066726F6DDB
:10A1100020636F6D6D6F6E20747820736574746941
:10A120006E67732E0A2020202020202D2D635F745F
:10A13000785F707772203C696E743E2C202020205E
:10A140002020545820706F776572202864426D2952
:10A150002C0A202020202020202020202020202009
:10A160002020202020202020202020202020205BB4
:10A170002D34302C2D33302C2D32302C2D31362CEB
:10A180002D31322C2D382C2D342C302C342C372CD6
:10A1900031302C31332C31362C31392C32312C32B8
:10A1A000335D2E0A20202020202020202020202067
:10A1B000202020202020202020202020202020209F
:10A1C0002053656520737570706F72746564206DBF
:10A1D000617820666F7220746865207573656420ED
:10A1E00062616E64206279207573696E670A20204F
:10A1F000202020202020202020202020202020205F
:10A20000202020202020202020202022646563742C
:10A210002073746174757322202D636F6D6D616E90
:10A2200064206F75747075742E0A20202020202001
:10A23000202020202020202020202020202020201E
:10A240002020202020202044656661756C743A200F
:10A2500066726F6D20636F6D6D6F6E207478207302
:10A26000657474696E67732E0A2020202020202DCB
:10A270002D635F74785F6C62745F706572696F6480
:10A28000203C636E743E2C20204C697374656E20F4
:10A290004265666F72652054616C6B20284C425495
:10A2A0002920706572696F64202873796D626F6C04
:10A2B00020636F756E74292E0A2020202020202014
:10A2C000202020202020202020202020202020208E
:10A2D0002020202020202020205A65726F207661C7
:10A2E0006C75652064697361626C6573204C4254BF
:10A2F000202864656661756C74292E0A2020202050
:10A30000202020202020202020202020202020204D
:10A3100020202020202020202020202056616C6931
:10A32000642072616E676520666F722073796D625A
:10A330006F6C20636F756E743A20322D3131302E80
:10A340000A2020202020202D2D635F74785F6C620E
:10A35000745F627573795F7468203C64626D3E2C33
:10A36000204C425420627573792052535349207413
:10A3700068726573686F6C64202864426D292E20B2
:10A3800056616C6964206F6E6C79207768656E2009
:10A390004C42540A20202020202020202020202051
:10A3A00020202020202020202020202020202020AD
:10A3B00020202020697320656E61626C65642E2008
:10A3C00044656661756C742066726F6D20525353DC
:10A3D000492062757379207468726573686F6C6464
:10A3E0002073657474696E672E0A20202020202057
:10A3F0002D2D735F74785F6964203C69643E2C2066
:10A40000202020202020205461726765742073650D
:10A4100072766572207472616E736D6974746572A0
:10A42000206964202864656661756C743A2033384D
:10A43000292E0A202020202020202020202020201B
:10A44000202020202020202020202020202020200C
:10A450004E6F74653A206C6F776573742031366285
:10A46000697473206F66207472616E736D697474A1
:10A47000657220696420286C6F6E67205244204901
:10A4800044292E0A20202D6520202D2D72785F650D
:10A4900078705F727373695F6C6576656C203C6978
:10A4A0006E743E2C20536574206578706563746506
:10A4B000642052535349206C6576656C206F6E2082
:10A4C0005258202864426D292E0A20202020202066
:10A4D000202020202020202020202020202020207C
:10A4E0002020202020202020202020446566617527
:10A4F0006C743A2066726F6D20636F6D6D6F6E20A5
:10A5000072782073657474696E67732E0A20202D2B
:10A510006D2C202D2D727373695F6D6561732C2016
:10A5200020202020202020202020496620736574D0
:10A530002C2052535349206D6561737572656D65AA
:10A540006E74732061726520656E61626C65642E45
:10A550002044656661756C743A2064697361626C4D
:10A5600065642E0A2020202020202020202020206A
:10A5700020202020202020202020202020202020DB
:10A58000205768656E20656E61626C65642C205290
:10A59000535349206D6561737572656D656E747393
:10A5A00020617265207072696E74656420616674E2
:10A5B0006572206576657279203230300A2020205D
:10A5C000202020202020202020202020202020208B
:10A5D000202020202020202020206D6561737572AE
:10A5E000656D656E747320616E642061667465725A
:10A5F00020726563656976696E672050494E475FD2
:10A600005245512F524553500A202020202020200F
:10A61000202020202020202020202020202020203A
:10A6200020202020202028692E652E206D65617352
:10A630007572656D656E74732061726520646F6EEE
:10A6400065206265666F72652074686F7365292E78
:10A650000A2020202020202D2D74785F7077725FD3
:10A660006374726C5F6175746F2C202020204966C2
:10A6700020676976656E2C2073656E64696E67204D
:10A6800073696465206F66207468652070696E6701
:10A690002050445520747269657320746F20616482
:10A6A0006A7573742054580A20202020202020200E
:10A6B000202020202020202020202020202020209A
:10A6C0002020202020706F776572206163636F7295
:10A6D00064696E6720746F207065657227732065EA
:10A6E0007870656374656420525820525353492032
:10A6F0006C6576656C0A20202020202020202020F8
:10A700002020202020202020202020202020202049
:10A7100020202028696E666F726D656420696E2046
:10A7200070656572277320504455292E205374613B
:10A730007274696E6720706F696E7420697320632C
:10A740005F74785F7077720A2020202020202020FC
:10A7500020202020202020202020202020202020F9
:10A760002020202020696E206120636C69656E7452
:10A7700020736964652C20616E64206173207265AA
:10A7800063656976656420696E20736572766572AB
:10A7900020736964652E0A2020202020202020209C
:10A7A00020202020202020202020202020202020A9
:10A7B00020202020417320612064656661756C74DF
:10A7C0002C2066756E6374696F6E616C6974792094
:10A7D00069732064697361626C65642E0A202020AD
:10A7E0002020202D2D74785F7077725F6374726CF7
:10A7F0005F7064755F72785F6578705F727373699C
:10A800005F6C6576656C203C64626D3E2C20536500
:10A8100074206578706563746564205258205253C3
:10A820005349206C6576656C202864426D290A20A6
:10A830002020202020202020202020202020202018
:10A840002020202020202020202020202020202008
:10A8500020202020202020202020202020202020F8
:10A86000616E6E6F756E63656420696E2061207025
:10A87000696E67205044552E0A2020202020202079
:10A8800020202020202020202020202020202020C8
:10A8900020202020202020202020202020202020B8
:10A8A0002020202020202020202048617320696D56
:10A8B00070616374206F6E6C792069662074785FB4
:10A8C0007077725F6374726C5F6175746F0A2020B9
:10A8D0002020202020202020202020202020202078
:10A8E0002020202020202020202020202020202068
:10A8F000202020202020202020202020202020690F
:10A900007320656E61626C65642E0A202020202011
:10A910002020202020202020202020202020202037
:10A920002020202020202020202020202020202027
:10A930002020202020202020202020204465666127
:10A94000756C74202D36302064426D2E0A466F726D
:10A950002048415251206F6E6C793A0A20202D61B7
:10A960002C202D2D7573655F686172712C2020205D
:10A97000202020202020202020557365204841528F
:10A98000512E20436C69656E742073696465207272
:10A990006571756573747320484152512066656511
:10A9A000646261636B20666F722073656E742070E1
:10A9B000696E670A202020202020202020202020CF
:10A9C0002020202020202020202020202020202087
:10A9D00020726571756573747320616E64206261A5
:10A9E000736564206F6E20726563656976656420A7
:10A9F000484152512041434B2F4E41434B207069F7
:10AA00006E6720726571756573740A20202020209E
:10AA10002020202020202020202020202020202036
:10AA2000202020202020202069732072652D73654E
:10AA30006E7420696620706F737369626C6520772D
:10AA4000697468696E20612074696D656F75742E14
:10AA50000A0055736167653A206465637420726605
:10AA60005F746F6F6C205B73746F705D207C205B14
:10AA70006F7074696F6E735D0A4E6F74653A206D06
:10AA8000616B652073757265207468617420616301
:10AA9000636573736564206368616E6E656C2069BD
:10AAA000732066726565206279207573696E672010
:10AAB000226465637420727373695F7363616E22CD
:10AAC000202D636F6D6D616E642E0A0A4F7074697C
:10AAD0006F6E733A0A20202D6D2C202D2D72665F2B
:10AAE0006D6F64652C202020202020202020202035
:10AAF000202020202020202020205246206F70651A
:10AB0000726174696F6E206D6F64652C206F6E6565
:10AB1000206F662074686520666F6C6C6F77696E55
:10AB2000673A20227278222C0A2020202020202020
:10AB30002020202020202020202020202020202015
:10AB40002020202020202020202020202022727859
:10AB50005F636F6E74222C20227478222C20227264
:10AB6000785F7478222E0A202020202020202020A8
:10AB700020202020202020202020202020202020D5
:10AB800020202020202020202020202044656661D5
:10AB9000756C743A202272785F636F6E74222E0A8D
:10ABA00020202020202020202020202020202020A5
:10ABB0002020202020202020202020202020202095
:10ABC00020202020204E6F74653A204173206120A0
:10ABD00064656661756C742C205246206D6F6465E7
:10ABE000202272785F636F6E74222069730A2020BE
:10ABF0002020202020202020202020202020202055
:10AC00002020202020202020202020202020202044
:10AC10002020207265706F7274696E672074686599
:10AC200020726573756C7473206F6E6C7920776811
:10AC3000656E0A2020202020202020202020202097
:10AC40002020202020202020202020202020202004
:10AC5000202020202020202022646563742072663A
:10AC60005F746F6F6C2073746F702220697320673C
:10AC70006976656E2C20616E64207768656E206D44
:10AC800061782052580A20202020202020202020D7
:10AC900020202020202020202020202020202020B4
:10ACA0002020202020202020202020647572617424
:10ACB000696F6E20697320726561636865642061E5
:10ACC0006E642052582069732072657374617274C7
:10ACD00065642E0A202020202020202020202020F3
:10ACE0002020202020202020202020202020202064
:10ACF0002020202020202020204E6F74653A2075CF
:10AD00007365202D2D636F6E74696E756F7573207A
:10AD10006F7074696F6E20746F20656E61626C6510
:10AD200020636F6E74696E756F75730A2020202022
:10AD30002020202020202020202020202020202013
:10AD40002020202020202020202020202020202003
:10AD5000206D6F64652C20692E652E20746F206332
:10AD60006F6E74696E7565206F76657220646566B6
:10AD700061756C740A2020202020202020202020B3
:10AD800020202020202020202020202020202020C3
:10AD9000202020202020202020206672616D655F09
:10ADA0007265706561745F636F756E745F696E74F0
:10ADB000657276616C732E0A2020202020202D2DB4
:10ADC00072665F6D6F64655F706565722C20202010
:10ADD000202020202020202020202020205246201B
:10ADE0006F7065726174696F6E206D6F6465206F3E
:10ADF0006620746865205458207369646520706506
:10AE000065722C0A202020202020202020202020B5
:10AE10002020202020202020202020202020202032
:10AE200020202020202020202063616E20626520C9
:10AE30006F6E65206F662074686520666F6C6C6F3E
:10AE400077696E673A20227478222C202272785F0C
:10AE50007478222E0A20202020202020202020204C
:10AE600020202020202020202020202020202020E2
:10AE7000202020202020202020204F6E6C79206D63
:10AE800065616E696E6766756C2069662072665FC3
:10AE90006D6F64652069732073657420746F202260
:10AEA00072785F636F6E74222E0A2020202020208B
:10AEB0002020202020202020202020202020202092
:10AEC0002020202020202020202020202020204959
:10AED0006620757365642C20736574206672616DDD
:10AEE0006520636F6E6669672061726520686176B0
:10AEF000696E6720696D7061637420666F720A20E5
:10AF00002020202020202020202020202020202041
:10AF10002020202020202020202020202020202031
:10AF20002020202063616C63756C6174696E6720FA
:10AF300070656572206672616D65206C656E677400
:10AF4000682E0A20202020202020202020202020C1
:10AF500020202020202020202020202020202020F1
:10AF60002020202020202020446566696E65732003
:10AF7000616C736F207265706F7274696E6720699F
:10AF80006E74657276616C206261736564206F6EA9
:10AF9000207365740A2020202020202020202020DB
:10AFA00020202020202020202020202020202020A1
:10AFB000202020202020202020206672616D696ED4
:10AFC0006720706172616D65746572732E0A20204E
:10AFD0002020202020202020202020202020202071
:10AFE0002020202020202020202020202020202061
:10AFF0002020204E6F74653A2077696C6C20656E56
:10B0000061626C652072785F66696E645F73796EE9
:10B0100063206175746F6D61746963616C6C792E06
:10B020000A20202020202020202020202020202036
:10B030002020202020202020202020202020202010
:10B0400020202020202044656661756C743A204ED3
:10B050006F6E652E0A20202D742C202D2D74785FA4
:10B060006964203C69643E2C202020202020202080
:10B070002020202020202020202054617267657429
:10B08000207478206964202864656661756C743A60
:10B09000203338292E0A20202D632C202D2D636883
:10B0A000616E6E656C203C696E743E2C2020202001
:10B0B00020202020202020202020204368616E6E48
:10B0C000656C2E2044656661756C742031363635AA
:10B0D0002E0A202020202020202020202020202078
:10B0E0002020202020202020202020202020202060
:10B0F0002020202020202052616E6765733A206254
:10B10000616E642023313A20313635372D313637A0
:10B110003720286F6E6C79206F6464206E756D62C5
:10B12000657273206173207065720A2020202020D0
:10B13000202020202020202020202020202020200F
:10B1400020202020202020202020202020202020FF
:10B150004554534920454E20333031203430362D6C
:10B16000322C20636820342E332E322E33292C0AC1
:10B1700020202020202020202020202020202020CF
:10B1800020202020202020202020202020202020BF
:10B19000202020202062616E642023322031363846
:10B1A000302D313730302C2062616E642023342002
:10B1B0003532352D3535312C0A2020202020202015
:10B1C000202020202020202020202020202020207F
:10B1D00020202020202020202020202020206261EC
:10B1E0006E6420233920313730332D313731312C03
:10B1F0002062616E642023323220313639312D31A4
:10B200003731312E0A20202D6520202D2D72785FB8
:10B210006578705F727373695F6C6576656C203CEE
:10B22000696E743E2C2020202020536574206578A0
:10B230007065637465642052535349206C6576656C
:10B240006C206F6E205258202864426D292E0A20EF
:10B2500020202020202020202020202020202020EE
:10B2600020202020202020202020202020202020DE
:10B270002020202044656661756C743A2066726FE8
:10B280006D20636F6D6D6F6E2072782073657474BE
:10B29000696E67732E0A2020202020202D2D7278C1
:10B2A0005F73686F775F6D696E5F6D61785F766100
:10B2B0006C7565732C20202020202053686F772028
:10B2C0006D696E2F6D617820525820525353492F6B
:10B2D000534E522076616C75657320696E207265DD
:10B2E00073756C74732E0A202020202020202020CB
:10B2F000202020202020202020202020202020204E
:10B30000202020202020202020202020446566614D
:10B31000756C743A2064697361626C656420286F8F
:10B320006E6C7920617665726167652073686F77EE
:10B330006E292E0A20202D7020202D2D74785F700C
:10B340007772203C696E743E2C2020202020202023
:10B35000202020202020202020545820706F776546
:10B3600072202864426D292C0A20202020202020D1
:10B3700020202020202020202020202020202020CD
:10B3800020202020202020202020202020205B2D75
:10B3900034302C2D33302C2D32302C2D31362C2DB9
:10B3A00031322C2D382C2D342C302C342C372C31A0
:10B3B000302C31332C31362C31392C32312C323384
:10B3C0005D0A202020202020202020202020202056
:10B3D000202020202020202020202020202020206D
:10B3E0002020202020202053656520737570706F09
:10B3F00072746564206D617820666F722074686570
:10B4000020757365642062616E64206279207573B3
:10B41000696E670A20202020202020202020202064
:10B42000202020202020202020202020202020201C
:10B430002020202020202020202264656374207397
:10B44000746174757322202D636F6D6D616E64205D
:10B450006F75747075742E0A202020202020202003
:10B4600020202020202020202020202020202020DC
:10B47000202020202020202020202020204465661D
:10B4800061756C743A2066726F6D20636F6D6D6FBD
:10B490006E2074782073657474696E67732E0A2049
:10B4A00020202020202D2D74785F6D6373203C694F
:10B4B0006E743E2C202020202020202020202020C0
:10B4C00020202020536574205458204D43532E20B3
:10B4D00044656661756C743A2066726F6D20636FA7
:10B4E0006D6D6F6E2074782073657474696E677308
:10B4F0002E0A2020202020202D2D74785F6C62746D
:10B500005F706572696F64203C636E743E2C20200E
:10B51000202020202020204C697374656E20426515
:10B52000666F72652054616C6B20284C4254292050
:10B53000706572696F64202873796D626F6C206327
:10B540006F756E74292E0A202020202020202020B4
:10B5500020202020202020202020202020202020EB
:10B560002020202020202020202020205A65726FBB
:10B570002076616C75652064697361626C65732007
:10B580004C4254202864656661756C74292E0A202B
:10B5900020202020202020202020202020202020AB
:10B5A000202020202020202020202020202020209B
:10B5B0002020202056616C69642072616E676520CE
:10B5C000666F722073796D626F6C20636F756E7435
:10B5D0003A20322D3131302E0A2020202020202DFB
:10B5E0002D74785F6C62745F627573795F74682024
:10B5F0003C64626D3E2C20202020202020204C42E4
:10B6000054206275737920525353492074687265CF
:10B6100073686F6C64202864426D292E2056616C1B
:10B620006964206F6E6C79207768656E204C425497
:10B630000A20202020202020202020202020202020
:10B6400020202020202020202020202020202020FA
:10B65000202020202020697320656E61626C656463
:10B660002E2044656661756C742066726F6D205281
:10B670005353492062757379207468726573686FDB
:10B680006C642073657474696E672E0A4672616D0E
:10B6900065207374727563747572653A0A72785FA7
:10B6A0006672616D655F73746172745F6F666673F5
:10B6B0006574202B2072785F737562736C6F745F92
:10B6C000636F756E74202B2072785F69646C655FA0
:10B6D000737562736C6F745F636F756E74202B0A81
:10B6E00074785F6672616D655F73746172745F6FA9
:10B6F0006666736574202B2074785F737562736C53
:10B700006F745F636F756E74202B2074785F69644B
:10B710006C655F737562736C6F745F636F756E7465
:10B720000A0A0A20202D732C202D2D72785F66695D
:10B730006E645F73796E632C2020202020202020EF
:10B740002020202020202020436F6E74696E756FAA
:10B75000757320525820756E74696C2073796E630E
:10B7600020666F756E6420616E64207468656E205B
:10B77000525820706172740A20202020202020203E
:10B7800020202020202020202020202020202020B9
:10B79000202020202020202020202020206F662014
:10B7A000746865206672616D6520697320737461C9
:10B7B000727465642066726F6D2072656365697668
:10B7C0006564205258205354462074696D652E0AD2
:10B7D0002020202020202020202020202020202069
:10B7E0002020202020202020202020202020202059
:10B7F000202020202044656661756C743A206661C3
:10B800006C73652E0A2020202020202D2D66726169
:10B810006D655F7265706561745F636F756E7420CE
:10B820003C696E743E2C20202020546865206E7583
:10B830006D626572206F6620726570656174732039
:10B84000666F722074686520636F6E6669677572D3
:10B8500065642054582F52580A2020202020202090
:10B8600020202020202020202020202020202020D8
:10B870002020202020202020202020202020667230
:10B88000616D652E0A2020202020202020202020ED
:10B8900020202020202020202020202020202020A8
:10B8A0002020202020202020202054686973206937
:10B8B0007320616C736F2074686520636F756E749C
:10B8C00020686F77206D616E79206974657261748C
:10B8D000696F6E73206F660A2020202020202020B0
:10B8E0002020202020202020202020202020202058
:10B8F00020202020202020202020202020636F6E68
:10B9000066696775726564206672616D6520617233
:10B9100065207363686564756C6564206174206F6D
:10B920006E636520616E640A202020202020202084
:10B930002020202020202020202020202020202007
:10B94000202020202020202020202020206973205B
:10B95000616C736F2061207265706F7274696E67BD
:10B9600020696E74657276616C2E0A20202020207A
:10B9700020202020202020202020202020202020C7
:10B9800020202020202020202020202020202020B7
:10B990005468657265206973206E6F2064656C6100
:10B9A00079206265747765656E206672616D657376
:10B9B0002E0A20202020202020202020202020208F
:10B9C0002020202020202020202020202020202077
:10B9D0002020202020202044656661756C743A2068
:10B9E00031352E0A2020202020202D2D6672616DF9
:10B9F000655F7265706561745F636F756E745F69B2
:10BA00006E74657276616C73203C696E743E2C2096
:10BA1000546865206E756D626572206F6620696E70
:10BA200074657276616C7320666F720A2020202024
:10BA30002020202020202020202020202020202006
:10BA400020202020202020202020202020202020F6
:10BA500020202020202020206672616D655F7265A5
:10BA6000706561745F636F756E742E0A20202020EC
:10BA700020202020202020202020202020202020C6
:10BA800020202020202020202020202020202020B6
:10BA900020496E74657276616C73206172652073E3
:10BAA00063686564756C656420415341502061662C
:10BAB0007465720A202020202020202020202020B1
:10BAC0002020202020202020202020202020202076
:10BAD000202020202020202020746865207072659E
:10BAE00076696F7573206F6E652E0A2020202020E6
:10BAF0002020202020202020202020202020202046
:10BB00002020202020202020202020202020202035
:10BB100044656661756C743A20352E0A2020202019
:10BB200020202D2D636F6E74696E756F75732C20D8
:10BB30002020202020202020202020202020202005
:10BB400020456E61626C6520636F6E74696E756FFF
:10BB50007573206D6F64652C2063616E20626520B3
:10BB600073746F70706564206279207573696E6795
:10BB70003A0A2020202020202020202020202020C1
:10BB800020202020202020202020202020202020B5
:10BB90002020202020202022646563742072665FAC
:10BBA000746F6F6C2073746F70222E0A2020202017
:10BBB0002020202020202020202020202020202085
:10BBC0002020202020202020202020202020202075
:10BBD0002044656661756C743A2064697361626CB7
:10BBE00065642E0A2020202020202D2D72785F668B
:10BBF00072616D655F73746172745F6F66667365A1
:10BC000074203C696E743E2C20537562736C6F74A3
:10BC100020636F756E74206265666F72652052587E
:10BC2000206F7065726174696F6E0A202020202079
:10BC30002020202020202020202020202020202004
:10BC400020202020202020202020202020202020F4
:10BC500063616C63756C617465642066726F6D20DE
:10BC600061207374617274206F6620612066726156
:10BC70006D652E0A2020202020202020202020203A
:10BC800020202020202020202020202020202020B4
:10BC900020202020202020202044656661756C74BF
:10BCA0003A203020283D7374617274696E67206693
:10BCB000726F6D20746865207374617274206F6692
:10BCC0002061206672616D65292E0A2020202020C7
:10BCD000202D2D72785F737562736C6F745F636F64
:10BCE000756E74203C696E743E2C2020202020202C
:10BCF000546865206475726174696F6E206F662088
:10BD0000746865205258206F7065726174696F6E37
:10BD100020696E20737562736C6F74732E0A202015
:10BD20002020202020202020202020202020202013
:10BD30002020202020202020202020202020202003
:10BD40002020204E6F74653A206E6F20696D7061FF
:10BD50006374206966206A757374202274782220C7
:10BD60006D6F646520696E207573652E0A20202032
:10BD700020202020202020202020202020202020C3
:10BD800020202020202020202020202020202020B3
:10BD9000202044656661756C743A20352E0A202097
:10BDA000202020202D2D72785F69646C655F73758B
:10BDB00062736C6F745F636F756E74203C696E7430
:10BDC0003E2C2049646C65206475726174696F6EE5
:10BDD000206166746572205258206F7065726174BC
:10BDE000696F6E20696E20737562736C6F74732E49
:10BDF0000A20202020202020202020202020202059
:10BE00002020202020202020202020202020202032
:10BE100020202020202044656661756C743A20350E
:10BE20002E0A2020202020202D2D74785F6672613C
:10BE30006D655F73746172745F6F6666736574209D
:10BE40003C696E743E2C20537562736C6F74206372
:10BE50006F756E74206265666F7265205458206F2E
:10BE60007065726174696F6E0A2020202020202086
:10BE700020202020202020202020202020202020C2
:10BE8000202020202020202020202020202063612E
:10BE90006C63756C617465642066726F6D20746884
:10BEA0006520626567696E6E696E67206F662074D3
:10BEB00068652054582F5258206672616D652E0AAD
:10BEC0002020202020202020202020202020202072
:10BED0002020202020202020202020202020202062
:10BEE000202020202044656661756C74733A2077A9
:10BEF0006974682022747822206F6E6C79206D6FCF
:10BF000064653A2030202830203D2031737420733E
:10BF10007562736C6F74292C0A2020202020202049
:10BF20002020202020202020202020202020202011
:10BF30002020202020202020202020202020776961
:10BF40007468202272785F747822206D6F64653A7D
:10BF50000A202020202020202020202020202020F7
:10BF600020202020202020202020202020202020D1
:10BF700020202020202072785F6672616D655F73DB
:10BF8000746172745F6F6666736574202B207278BB
:10BF90005F737562736C6F745F636F756E74202B63
:10BFA0000A202020202020202020202020202020A7
:10BFB0002020202020202020202020202020202081
:10BFC00020202020202072785F69646C655F737583
:10BFD00062736C6F745F636F756E742E0A2020201D
:10BFE0002020202D2D74785F737562736C6F745FE1
:10BFF000636F756E74203C696E743E2C2020202087
:10C000002020546865206C656E677468206F662018
:10C01000746865205458206F7065726174696F6E22
:10C0200020696E20737562736C6F74732E0A202002
:10C030002020202020202020202020202020202000
:10C0400020202020202020202020202020202020F0
:10C0500020202044656661756C743A20342E0A20D5
:10C0600020202020202020202020202020202020D0
:10C0700020202020202020202020202020202020C0
:10C08000202020204E6F74653A204F6E6C79204D31
:10C090004353302026204D43533120737570706F09
:10C0A00072747320382F313620636F6E7365637539
:10C0B000746976652054580A2020202020202020F2
:10C0C0002020202020202020202020202020202070
:10C0D00020202020202020202020202020736C6F72
:10C0E00074732F737562736C6F74732E204D43538A
:10C0F0003320737570706F72747320352F31300A6E
:10C10000202020202020202020202020202020202F
:10C11000202020202020202020202020202020201F
:10C120002020202020545820736C6F74732F737557
:10C1300062736C6F747320616E64204D43533420BE
:10C14000737570706F727473206D6178206F6620E4
:10C15000342F380A202020202020202020202020BA
:10C1600020202020202020202020202020202020CF
:10C17000202020202020202020636F6E73656375AF
:10C180007469766520545820736C6F74732F7375BF
:10C1900062736C6F74732E0A2020202020202D2DB6
:10C1A00074785F69646C655F737562736C6F745FDC
:10C1B000636F756E74203C696E743E2C2049646C0C
:10C1C00065206475726174696F6E20616674657252
:10C1D000205458206F7065726174696F6E20696EAB
:10C1E00020737562736C6F74732E0A2020202020D8
:10C1F000202020202020202020202020202020203F
:10C20000202020202020202020202020202020202E
:10C2100044656661756C743A20362E0A0055736168
:10C2200067653A2064656374207065726620205BE0
:10C2300073746F705D207C205B3C736572766572F1
:10C240003E7C3C636C69656E743E205B7365727600
:10C2500065725F6F7074696F6E735D7C5B636C6930
:10C26000656E745F6F7074696F6E735D0A4E6F7484
:10C27000653A206D616B6520737572652074686125
:10C2800074206163636573736564206368616E6EB7
:10C29000656C20697320667265652062792075730C
:10C2A000696E6720226465637420727373695F73BB
:10C2B00063616E22202D636F6D6D616E642E0A0ABC
:10C2C0004F7074696F6E733A0A20202D632C202DF5
:10C2D0002D636C69656E742C202020202020202086
:10C2E00020202020202020202020436C69656E74AF
:10C2F00020726F6C652E0A20202D732C202D2D733B
:10C3000065727665722C202020202020202020209D
:10C310002020202020202020536572766572207214
:10C320006F6C652E0A20202D742C202D2D647572C3
:10C330006174696F6E203C696E743E2C2020202051
:10C340002020202020204475726174696F6E207453
:10C35000696D652E0A20202020202020202020200A
:10C3600020202020202020202020202020202020CD
:10C3700020202020202044656661756C74203520C3
:10C380007365636F6E64732E20466F7220636F6EE9
:10C3900074696E756F7573207365727665723A2075
:10C3A0002D312E0A2020202020202D2D6368616E43
:10C3B0006E656C203C696E743E2C2020202020206D
:10C3C00020202020204368616E6E656C2E2044651D
:10C3D0006661756C7420313636352E0A20202D6545
:10C3E00020202D2D72785F6578705F727373695F9E
:10C3F0006C6576656C203C696E743E2C20536574C8
:10C400002065787065637465642052535349206CCD
:10C410006576656C206F6E205258202864426D2925
:10C420002E0A202020202020202020202020202014
:10C4300020202020202020202020202020202020FC
:10C44000202020436C69656E7420736964652069DF
:10C450006D70616374206F6E20525820666F722079
:10C460004841525120666565646261636B0A202011
:10C4700020202020202020202020202020202020BC
:10C48000202020202020202020202020202020616B
:10C490006E6420726573756C74732E0A20202020E0
:10C4A000202020202020202020202020202020208C
:10C4B00020202020202020202020202020446566CD
:10C4C00061756C743A2066726F6D20636F6D6D6F6D
:10C4D0006E2072782073657474696E67732E0A20FB
:10C4E00020202020202D2D735F74785F6964203C0C
:10C4F00069643E2C20202020202020202020202085
:10C5000054617267657420747820696420286465BA
:10C510006661756C743A203338292E0A2020202059
:10C5200020202D2D635F736C6F7473203C696E74D3
:10C530003E2C2020202020202020202020436F750A
:10C540006E74206F6620636F6E73656375746976B1
:10C550006520736C6F74732E2044656661756C740E
:10C560003A20322E0A2020202020202D2D635F67C4
:10C5700061705F736C6F7473203C696E743E2C2025
:10C58000202020202020436F756E74206F66206766
:10C59000617020736C6F7473206265747765656E6B
:10C5A000206F7065726174696F6E732E20446566CA
:10C5B00061756C743A20322E0A2020202020202D14
:10C5C0002D635F6761705F737562736C6F74732046
:10C5D0003C696E743E2C20202020496E7374656186
:10C5E00064206F6620736C6F74732C20636F756E9C
:10C5F00074206F662067617020737562736C6F744E
:10C6000073206265747765656E0A202020202020E3
:10C61000202020202020202020202020202020201A
:10C6200020202020202020202020206F7065726193
:10C6300074696F6E732E0A20202020202020202075
:10C6400020202020202020202020202020202020EA
:10C65000202020202020202044656661756C743ADB
:10C6600020617320736C6F74732028635F6761703F
:10C670005F736C6F7473292E0A2020202020202DD8
:10C680002D635F74785F707772203C696E743E2C06
:10C6900020202020202020202020545820706F7738
:10C6A0006572202864426D292C0A20202020202039
:10C6B000202020202020202020202020202020207A
:10C6C00020202020202020202020205B2D34302CF2
:10C6D0002D33302C2D32302C2D31362C2D31322C67
:10C6E0002D382C2D342C302C342C372C31302C314F
:10C6F000332C31362C31392C32312C32335D2E0A29
:10C700002020202020202020202020202020202029
:10C710002020202020202020202020202020202019
:10C720002053656520737570706F72746564206D39
:10C73000617820666F722074686520757365642067
:10C7400062616E64206279207573696E670A2020C9
:10C7500020202020202020202020202020202020D9
:10C7600020202020202020202020202020202022C7
:10C77000646563742073746174757322202D636F14
:10C780006D6D616E64206F75747075742E0A202053
:10C790002020202020202020202020202020202099
:10C7A0002020202020202020202020202020204465
:10C7B000656661756C743A2066726F6D20636F6D8B
:10C7C0006D6F6E2074782073657474696E67732E54
:10C7D0000A2020202020202D2D635F74785F6D6358
:10C7E00073203C696E743E2C2020202020202020C5
:10C7F000202053657420636C69656E742054582042
:10C800004D43532E2044656661756C743A20667200
:10C810006F6D20636F6D6D6F6E207478207365741B
:10C8200074696E67732E0A2020202020202D2D632E
:10C830005F74785F6C62745F706572696F64203CCE
:10C84000636E743E2C2020204C697374656E204208
:10C8500065666F72652054616C6B20284C425429C8
:10C8600020706572696F64202873796D626F6C2027
:10C87000636F756E74292E0A20202020202020202E
:10C8800020202020202020202020202020202020A8
:10C890002020202020202020205A65726F207661E1
:10C8A0006C75652064697361626C6573204C4254D9
:10C8B000202864656661756C74292E0A202020206A
:10C8C0002020202020202020202020202020202068
:10C8D0002020202020202020202020202056616C95
:10C8E00069642072616E676520666F722073796D6E
:10C8F000626F6C20636F756E743A20322D31313067
:10C900002E0A2020202020202D2D635F74785F6C5C
:10C9100062745F627573795F7468203C64626D3E17
:10C920002C20204C42542062757379205253534975
:10C93000207468726573686F6C64202864426D2986
:10C940002E2056616C6964206F6E6C792077686563
:10C950006E204C42540A202020202020202020201D
:10C9600020202020202020202020202020202020C7
:10C9700020202020202020697320656E61626C6574
:10C98000642E2044656661756C742066726F6D203C
:10C9900052535349206275737920746872657368C5
:10C9A0006F6C642073657474696E672E0A20202D85
:10C9B000642C202D2D64656275672C20202020209A
:10C9C00020202020202020202020202020205072E5
:10C9D000696E7420435243206572726F72732E2009
:10C9E0004E6F74653A206D6967687420696D706177
:10C9F0006374206F6E2061637475616C0A2020205F
:10CA00002020202020202020202020202020202026
:10CA10002020202020202020202020202020706581
:10CA2000726620262074696D696E67732E0A466FE0
:10CA3000722048415251206F6E6C793A0A20202DA5
:10CA4000612C202D2D7573655F686172712C20201B
:10CA500020202020202020202020202020202020D6
:10CA600020202020202020202020202055736520F9
:10CA7000484152512E0A2020202020202D2D6D6467
:10CA80006D5F696E69745F686172715F70726F6308
:10CA90006573735F636F756E74203C696E743E2CB2
:10CAA0002020202020436F756E74206F662048413F
:10CAB00052512052582070726F63657373657320F2
:10CAC000666F720A20202020202020202020202095
:10CAD0002020202020202020202020202020202056
:10CAE0002020202020202020202020202020202046
:10CAF0002020206D6F64656D20696E6974205B3144
:10CB00002C322C342C385D2E0A202020202020208E
:10CB10002020202020202020202020202020202015
:10CB20002020202020202020202020202020202005
:10CB3000202020202020202044656661756C742010
:10CB400066726F6D20636F6D6D6F6E2073657474A8
:10CB5000696E67732E0A2020202020202D2D6D6401
:10CB60006D5F696E69745F686172715F6578706925
:10CB700072795F74696D655F7573203C696E743E90
:10CB80002C202020204841525120525820627566A6
:10CB9000666572206578706972792074696D652C9C
:10CBA0000A2020202020202020202020202020209B
:10CBB0002020202020202020202020202020202075
:10CBC0002020202020202020202020202020202065
:10CBD000696E206D6963726F7365636F6E64732E27
:10CBE0000A2020202020202020202020202020205B
:10CBF0002020202020202020202020202020202035
:10CC00002020202020202020202020202020202024
:10CC10004D6178696D756D20737570706F72746594
:10CC2000642076616C75653A2035303030303030B4
:10CC30002E0A2020202020202020202020202020FC
:10CC400020202020202020202020202020202020E4
:10CC500020202020202020202020202020202020D4
:10CC60002044656661756C742066726F6D20636F19
:10CC70006D6D6F6E2073657474696E67732E0A2014
:10CC8000202020202020436C69656E742073696425
:10CC900065205458207769746820484152512069B2
:10CCA0007465726174696F6E3A0A09635F736C6FC1
:10CCB0007473202D20635F686172715F66656564BF
:10CCC0006261636B5F72785F64656C61795F7375D5
:10CCD00062736C6F7473202D20635F686172715F83
:10CCE000666565646261636B5F72785F73756273BA
:10CCF0006C6F7473202D0A20202020202020635F79
:10CD00006761705F736C6F74730A0A2020202020A3
:10CD1000202D2D635F686172715F66656564626175
:10CD2000636B5F72785F64656C61795F7375627362
:10CD30006C6F7473203C696E743E2C20436C696583
:10CD40006E7420736964652E0A2020202020202024
:10CD500020202020202020202020202020202020D3
:10CD600020202020202020202020202020202020C3
:10CD700020202020202020202020412067617020BA
:10CD80006265747765656E20545820616E64207307
:10CD900074617274696E672052580A202020202026
:10CDA0002020202020202020202020202020202083
:10CDB0002020202020202020202020202020202073
:10CDC000202020202020202020202020666F72207C
:10CDD0004841525120666565646261636B2E0A208A
:10CDE0002020202020202020202020202020202043
:10CDF0002020202020202020202020202020202033
:10CE00002020202020202020202020202020202022
:10CE100044656661756C743A2066726F6D20636F4D
:10CE20006D6D6F6E2073657474696E67732E0A2062
:10CE300020202020202D2D635F686172715F666560
:10CE400065646261636B5F72785F737562736C6F48
:10CE50007473203C696E743E2C20202020202020FA
:10CE6000436C69656E7420736964652E0A20202006
:10CE700020202020202020202020202020202020B2
:10CE800020202020202020202020202020202020A2
:10CE90002020202020202020202020202020525828
:10CEA000206475726174696F6E2028696E207375D5
:10CEB00062736C6F74732920666F720A20202020C1
:10CEC0002020202020202020202020202020202062
:10CED0002020202020202020202020202020202052
:10CEE0002020202020202020202020202072656368
:10CEF000656976696E6720484152510A20202020DA
:10CF00002020202020202020202020202020202021
:10CF10002020202020202020202020202020202011
:10CF20002020202020202020202020202066656531
:10CF3000646261636B20666F722074686520636C45
:10CF400069656E742054582E0A202020202020204D
:10CF500020202020202020202020202020202020D1
:10CF600020202020202020202020202020202020C1
:10CF70002020202020202020202044656661756C20
:10CF8000743A2066726F6D20636F6D6D6F6E2073E3
:10CF9000657474696E67732E0A2020202020202D6E
:10CFA0002D635F686172715F70726F636573735F29
:10CFB0006E62725F6D6178203C696E743E2C204811
:10CFC0004152512070726F63657373206E627220DC
:10CFD00072616E676520746F2054582068656164C3
:10CFE000657273205B302D375D2E0A2020202020B3
:10CFF0002020202020202020202020202020202031
:10D000002020202020202020202020202020202020
:10D010002044656661756C743A20332C20692E6556
:10D020002072616E6765206F662020302D332E0AD6
:10D0300020202020202020202020202020202020F0
:10D0400020202020202020202020202020202020E0
:10D050002020202020204E6F74653A2063616E20CE
:10D0600062652062696767657220746861740A206E
:10D0700020202020202020202020202020202020B0
:10D0800020202020202020202020202020202020A0
:10D0900020202020206D646D5F696E69745F686177
:10D0A00072715F70726F636573735F636F756E74B7
:10D0B0000A20202020202020202020202020202086
:10D0C0002020202020202020202020202020202060
:10D0D00020202020202020627574207468656E2036
:10D0E000616C6C206D69676874206E6F742066696E
:10D0F0007420746F2073657276657220627566663F
:10D100006572732E0A20202020202020536572761D
:10D1100065722073696465205258207769746820AD
:10D120004841525120697465726174696F6E3A0AA0
:10D130000952582064617461202D20735F68617208
:10D14000715F666565646261636B5F74785F646577
:10D150006C61795F737562736C6F7473202D2048F6
:10D1600041525120666565646261636B202D0A201F
:10D17000202020202020735F686172715F666565E2
:10D18000646261636B5F74785F72785F64656C6121
:10D19000795F737562736C6F7473202D2052580A17
:10D1A0000A2020202020202D2D735F686172715F7E
:10D1B000666565646261636B5F74785F64656C610A
:10D1C000795F737562736C6F7473203C696E743E23
:10D1D0002C20202020536572766572207369646567
:10D1E0002E0A202020202020202020202020202047
:10D1F000202020202020202020202020202020202F
:10D20000202020202020202020202020202020201E
:10D2100020202020202041206761702062657477E3
:10D2200065656E20525820616E642073746172745B
:10D23000696E670A20202020202020202020202026
:10D2400020202020202020202020202020202020DE
:10D2500020202020202020202020202020202020CE
:10D2600020202020202020206120545820666F722A
:10D270002070726F766964696E6720484152510A66
:10D28000202020202020202020202020202020209E
:10D29000202020202020202020202020202020208E
:10D2A000202020202020202020202020202020207E
:10D2B00020202020666565646261636B20696620BA
:10D2C00072657175657374656420627920636C6939
:10D2D000656E742E0A20202020202020202020206F
:10D2E000202020202020202020202020202020203E
:10D2F000202020202020202020202020202020202E
:10D3000020202020202020202044656661756C7438
:10D310003A2066726F6D20636F6D6D6F6E2073655E
:10D320007474696E67732E0A2020202020202D2D12
:10D33000735F686172715F666565646261636B5F8C
:10D3400074785F72785F64656C61795F737562731E
:10D350006C6F7473203C696E743E2C20536572763A
:10D36000657220736964652E0A2020202020202009
:10D3700020202020202020202020202020202020AD
:10D38000202020202020202020202020202020209D
:10D390002020202020202020202020202041206725
:10D3A0006170206265747765656E20484152512036
:10D3B000666565646261636B2054580A20202020F2
:10D3C000202020202020202020202020202020205D
:10D3D000202020202020202020202020202020204D
:10D3E000202020202020202020202020202020203D
:10D3F000656E6420616E642072652D737461727451
:10D40000696E672061207365727665722052582EAE
:10D410000A20202020202020202020202020202022
:10D4200020202020202020202020202020202020FC
:10D4300020202020202020202020202020202020EC
:10D44000202020202044656661756C743A20342EBB
:10D450000A005458204357206F6E676F696E672E1D
:10D460000052535349207363616E206F6E676F697A
:10D470006E672E00506572666F726D616E63652017
:10D4800074657374206F6E676F696E672E005069E4
:10D490006E67206F6E676F696E672E0043657274EA
:10D4A000696669636174696F6E206F6E676F696E1C
:10D4B000672E0045787465726E616C20636F6D6DC8
:10D4C000616E64206F6E676F696E672E0025733A18
:10D4D000206E72665F6D6F64656D5F646563745F17
:10D4E0007068795F636F6E666967757265207265D3
:10D4F0007475726E65643A20256900282573293A8F
:10D50000206E72665F6D6F64656D5F646563745FE6
:10D510007068795F636F6E66696775726528292028
:10D5200074696D656F75742E0044454354206D6FAA
:10D5300064656D20636F6E666967757265642074DB
:10D540006F2062616E64202325642E0028257329D4
:10D550003A206E72665F6D6F64656D5F64656374BB
:10D560005F7068795F6163746976617465282920EA
:10D570006661696C65643A20256400282573293A40
:10D58000206E72665F6D6F64656D5F646563745F66
:10D590007068795F616374697661746528292074A5
:10D5A000696D656F75742E0044454354206D6F643A
:10D5B000656D2061637469766174656420746F20A1
:10D5C000726164696F206D6F64653A2025732E0067
:10D5D0004D6F64656D206C69627261727920646957
:10D5E00064206E6F7420696E697469616C697A6514
:10D5F0003A2025640A006E72665F6D6F64656D5F28
:10D60000646563745F7068795F6576656E745F6882
:10D61000616E646C65725F73657420726574757297
:10D620006E65643A202569004661696C6564207402
:10D630006F2073657420435720746F206D6F64658D
:10D640006D3A2025640025733A2074696D656F7505
:10D650007420666F722077616974696E67207478D0
:10D660005F63775F73656D613A2025640046616989
:10D670006C656420746F2073657420435720636564
:10D680007274696669636174696F6E20736574741E
:10D69000696E677320746F206D6F64656D202D2037
:10D6A000776520636F6E74696E756520776974683D
:10D6B0006F75742074686F7365004E6F74653A20DF
:10D6C00053544620636F7665722073657175656E7D
:10D6D0006365206E6F74207365742E004661696CFB
:10D6E000656420746F207365742053544620636F03
:10D6F0007665722073657175656E63653A20256481
:10D700000025733A2074696D656F757420666F72B9
:10D710002077616974696E67207374665F636F76E2
:10D7200065725F7365715F73656D613A2025640092
:10D730006E72665F6D6F64656D5F646563745F7064
:10D7400068795F696E69742072657475726E65645C
:10D750003A20256900282573293A206E72665F6D8C
:10D760006F64656D5F646563745F7068795F696E2F
:10D77000697428292074696D656F75742E0064655D
:10D7800063745F7068795F6374726C5F776F726BDC
:10D7900065725F74680052656365697665642064CC
:10D7A00061746120697320746F6F206C6F6E6720E5
:10D7B000746F2062652072656365697665642062B6
:10D7C00079204354524C205448202D2064697363BF
:10D7D000617264656420286C656E2025642C20626B
:10D7E00075662073697A65202564290A005265638D
:10D7F0006569766564206461746120697320746F63
:10D800006F206C6F6E6720746F2062652072656395
:10D810006569766564206279205343484544554CD8
:10D820004552205448202D206469736361726465F9
:10D830006420286C656E2025642C20627566207338
:10D84000697A65202564290A0044454354206D6F98
:10D8500064656D206C6174656E637920696E666FB6
:10D86000206E6F742076616C69642E0044454354C9
:10D87000206D6F64656D206C6174656E63792069DD
:10D880006E666F3A0020526164696F206D6F646547
:10D89000207370656369666963206C6174656E638B
:10D8A0006965733A002020526164696F206D6F646E
:10D8B000653A202573002020202073636865647515
:10D8C0006C65645F6F7065726174696F6E5F7472AE
:10D8D000616E736974696F6E3A20256400202020A0
:10D8E000207363686564756C65645F6F70657261F1
:10D8F00074696F6E5F737461727475703A20256419
:10D900000020202020726164696F206D6F646520A3
:10D910007472616E736974696F6E2064656C61798D
:10D9200020746F2025733A20256400204F706572A3
:10D930006174696F6E206C6174656E636965733ABA
:10D9400000202052583A0020202069646C655F74E2
:10D950006F5F6163746976653A202564002020203A
:10D960006163746976655F746F5F69646C655F722B
:10D970007373693A202564002020206163746976FE
:10D98000655F746F5F69646C655F72783A202564C7
:10D990000020202073746F705F746F5F72665F6F1A
:10D9A00066663A20256400202054583A0020202042
:10D9B0006163746976655F746F5F69646C653A2052
:10D9C000256400204D6F64656D20726164696F206D
:10D9D000636F6E66696775726174696F6E206475D6
:10D9E000726174696F6E733A00202044454354207D
:10D9F00050485920696E697469616C697A6174690B
:10DA00006F6E206475726174696F6E3A20256400D0
:10DA100020204445435420504859206465696E696C
:10DA20007469616C697A6174696F6E206475726182
:10DA300074696F6E3A2025640020204445435420C9
:10DA400050485920636F6E66696775726174696FBB
:10DA50006E206475726174696F6E3A2025640020CF
:10DA600020444543542050485920616374697661CD
:10DA700074696F6E206475726174696F6E3A2025E7
:10DA80006400202044454354205048592064656177
:10DA9000637469766174696F6E206475726174690C
:10DAA0006F6E3A2025640044454354206D6F6465D1
:10DAB0006D2062616E6420696E666F3A00202042BC
:10DAC000616E64206E756D6265723A2020202020A0
:10DAD00020256400202042616E642067726F75709B
:10DAE00020696E6465783A2025640020204D696EB7
:10DAF00020636172726965723A20202020202025FF
:10DB0000640020204D617820636172726965723A09
:10DB10002020202020202564002020506F7765726F
:10DB200020636C6173733A2020202020202564003C
:10DB3000202020204D617820706F7765723A202078
:10DB400020202020256464426D0020205258206748
:10DB500061696E3A2020202020202020202025648A
:10DB60000A0050485920636F6E66696775726520B8
:10DB70006661696C65643A2025640A000A43616E37
:10DB80006E6F7420676574206D6F64656D207469B5
:10DB90006D652C20657272202564000A4D6F6465E6
:10DBA0006D2074696D653A20256C6C752C20617050
:10DBB000702074696D6520256C6C642028257320A5
:10DBC000627920256C6C64207469636B73290A0088
:10DBD000626568696E640061686561640043616ED6
:10DBE0006E6F7420676574206D6F64656D2063616E
:10DBF000706162696C69746965732C20657272204A
:10DC000025640A000A4D6F64656D2063617061626E
:10DC1000696C69746965733A0A0020204E6F20634D
:10DC200061706162696C69746965732061766169AC
:10DC30006C61626C650A00202044454354204E52BA
:10DC40002B2076657273696F6E3A2025640A002076
:10DC50002044454354204E522B2076617269616EF8
:10DC60007420636F756E743A2025640A00202020AA
:10DC70002072785F7370617469616C5F7374726530
:10DC8000616D735B25645D3A202020202025640AA5
:10DC9000002020202072785F74785F646976657256
:10DCA000736974795B25645D3A2020202020202050
:10DCB0002025640A00202020206D63735F6D617849
:10DCC0005B25645D3A202020202020202020202079
:10DCD000202020202025640A002020202068617256
:10DCE000715F736F66745F6275665F73697A655B97
:10DCF00025645D3A202020202025640A0020202071
:10DD000020686172715F70726F636573735F636FB8
:10DD1000756E745F6D61785B25645D3A2025640AD9
:10DD20000020202020686172715F66656564626111
:10DD3000636B5F64656C61795B25645D3A202020CC
:10DD40002025640A00202020206D755B25645D3A43
:10DD500020202020202020202020202020202020C3
:10DD6000202020202025640A00434D414B455F536D
:10DD70004F555243455F4449522F7372632F646578
:10DD800063742F646563745F7068795F6374726C29
:10DD90002E63006361706162696C6974792D3E76EF
:10DDA000617269616E745B695D2E6D75203D3D2009
:10DDB000310020202020626574615B25645D3A207B
:10DDC0002020202020202020202020202020202053
:10DDD000202025640A0025733A205741524E3A20EC
:10DDE000556E6578706563746564206576656E74DC
:10DDF0002069642025640A0025733A2063616E6EF1
:10DE00006F742063616E63656C206F6E676F696EFF
:10DE100067206F7065726174696F6E733A20256454
:10DE20000025733A206E72665F6D6F64656D5F6486
:10DE30006563745F7068795F63616E63656C2829E0
:10DE40002074696D656F75742E00545820435720F7
:10DE5000737461727465642E0043616E6E6F74201A
:10DE600072657374617274205258207768656E20F1
:10DE70005258206973206E6F74206F6E20676F692F
:10DE80006E672E00727820636D6420616C7265612C
:10DE90006479206F6E20676F696E672E00416C6C2D
:10DEA000206368616E6E656C7320696E2062616EBE
:10DEB00064207363616E6E65642E00525353492073
:10DEC0007363616E206461746120696E6974206699
:10DED00061696C65643A2065727200646573682DCF
:10DEE000646563742D706879207374617475733A16
:10DEF0000041542B43474D520020205472616E73F1
:10DF00006D69747465722049443A2020202025648C
:10DF10000020204D6F64656D206669726D776172B7
:10DF2000653A202020202573002525485756455264
:10DF300053494F4E3A20253132385B5E0D0A5D0061
:10DF4000415425485756455253494F4E00202048CA
:10DF5000572076657273696F6E3A2020202020204A
:10DF6000202025730020204D6F64656D2074656D41
:10DF700070657261747572653A202573430052535F
:10DF80005349207363616E20726573756C747320DE
:10DF90006E6F7420617661696C61626C652E002021
:10DFA00020204E6F2062657374206368616E6E6519
:10DFB0006C20666F756E642E002D2D2D2D2D2D2D50
:10DFC0002D2D2D2D2D2D2D2D2D2D2D2D2D2D2D2D81
:10DFD0002D2D2D2D2D2D2D2D2D2D2D2D2D2D2D2D71
:10DFE0002D2D2D2D2D2D2D2D2D2D2D2D2D2D2D2D61
:10DFF0002D2D2D2D2D2D2D2D2D2D2D2D2D2D2D2D51
:10E000002D2D2D2D2D2D002052535349207363614A
:10E010006E20646F6E652E20466F756E64202564D9
:10E0200020667265652C20256420706F73736962A9
:10E030006C6520616E6420256420627573792063AD
:10E0400068616E6E656C732E0020202042657374CB
:10E05000206368616E6E656C3A2025640020202084
:10E060004E6F207363616E20726573756C742066E9
:10E070006F756E6420666F722062657374206368CA
:10E08000616E6E656C2E0020202046696E616C20EA
:10E09000766572646963743A20257300202020201D
:10E0A000204672656520737562736C6F74733A20D5
:10E0B0002564002020202020506F737369626C65F6
:10E0C00020737562736C6F74733A2025640020208E
:10E0D0002020204275737920737562736C6F74739E
:10E0E0003A202564002052535349207363616E2007
:10E0F0006661696C65643A202573202825642900CF
:10E1000052657374617274696E672052535349206B
:10E110007363616E6E696E6720696E20256420737B
:10E1200065636F6E64732E005253534920736361AD
:10E130006E20616C7265616479206F6E20676F6913
:10E140006E672E0A00282573293A20726164696F70
:10E150002061637469766174696F6E206661696CB1
:10E1600065643A2025642028257329002825732911
:10E170003A20726164696F206465616374697661D5
:10E1800074696F6E206661696C65643A202564204D
:10E190002825732900526164696F20646561637486
:10E1A0006976617465642E00282573293A207261AE
:10E1B00064696F206D6F646520636F6E6669677553
:10E1C000726174696F6E206661696C65643A2025BE
:10E1D00064202825732900526164696F206D6F6483
:10E1E0006520636F6E666967757265642E00706581
:10E1F000726620636F6D6D616E6420646F6E652E54
:10E200000070696E6720636F6D6D616E6420646F6E
:10E210006E652E0072665F746F6F6C20636F6D6D3C
:10E22000616E6420646F6E652E0043572054582041
:10E230007374617274656420737563636573736668
:10E24000756C6C792E204368616E6E656C20257547
:10E250002C20706F7765722025642064426D2E201B
:10E260004F74686572206F7065726174696F6E7348
:10E2700020617265206E6F7420706F737369626CB9
:10E28000652E0043572054582073746172742066C1
:10E2900061696C65642077697468206572726F7259
:10E2A0002025640053544620636F766572207365A1
:10E2B0007175656E636520636F6E66696720666160
:10E2C000696C65642077697468206572726F72206A
:10E2D000256400282573293A20696E6974206661D7
:10E2E000696C6564202874656D70657261747572FF
:10E2F000652025642C2074656D705F6C696D697490
:10E30000202564293A2025642028257329004445C6
:10E310004354206D6F64656D20696E697469616C2A
:10E32000697A65643A00202063757272656E7420A4
:10E3300074656D70657261747572653A2020202075
:10E34000202020256443006E72665F6D6F64656DEA
:10E350005F646563745F7068795F6361706162694F
:10E360006C6974795F6765742072657475726E6527
:10E37000643A2025690A00282573293A206E7266BE
:10E380005F6D6F64656D5F646563745F7068795F0E
:10E390006361706162696C6974795F67657428296B
:10E3A0002074696D656F75742E006E72665F6D6F97
:10E3B00064656D5F646563745F7068795F6C6174D8
:10E3C000656E63795F6765742072657475726E65DA
:10E3D000643A20256900282573293A206E72665F09
:10E3E0006D6F64656D5F646563745F7068795F6CA1
:10E3F0006174656E63795F67657428292074696D3F
:10E40000656F75742E0025733A206E72665F6D6FAE
:10E4100064656D5F646563745F7068795F62616E87
:10E42000645F6765742072657475726E65643A2006
:10E43000256900282573293A206E72665F6D6F6426
:10E44000656D5F646563745F7068795F62616E6457
:10E450005F67657428292074696D656F75742E0077
:10E4600042616E642034206973206E6F742073756E
:10E4700070706F7274656420696E206D6F64656D75
:10E48000202D2073657474696E67206465666175FC
:10E490006C742062616E642023312E004445435425
:10E4A000206D6F64656D206E6F7420616374697692
:10E4B000617465642E00202041637469766174691B
:10E4C0006F6E2063616E20626520646F6E65206DE3
:10E4D000616E75616C6C79206279207573696E6705
:10E4E00020636F6D6D616E642022646563742061CA
:10E4F00063746976617465222E005258205043433C
:10E5000020435243206572726F72202874696D65D2
:10E5100020256C6C752C2068616E646C6520256408
:10E52000293A20534E522025642C20525353492D12
:10E5300032202564202825642064426D2900525829
:10E540002050444320435243206572726F7220284A
:10E5500074696D6520256C6C752C2068616E646C27
:10E5600065202564293A20534E522025642C2052E0
:10E570005353492D32202564202825642064426DA0
:10E5800029005043432072656365697665642028DD
:10E590007374662073746172742074696D652025CC
:10E5A0006C6C752C2068616E646C65202564293A5A
:10E5B000207374617475733A20222573222C2073A2
:10E5C0006E7220252E32662064422C20525353490D
:10E5D0002D322025642064426D002020706879204F
:10E5E0006865616465723A2073686F7274206E7733
:10E5F0002069642025642028307825303278292C41
:10E60000207472616E736D69747465722069642020
:10E6100025750020207265636569766572206964DE
:10E620003A2025750050444320726563656976651C
:10E6300064202874696D6520256C6C75293A2073F7
:10E640006E7220252E32662064422C20525353498C
:10E650002D322025642064426D2C206C656E2025AF
:10E660006400253032782000526563656976656400
:10E6700020756E6B6E6F776E20646174612C206CF8
:10E68000656E2025642C2068657820646174613A89
:10E690002025730A0025733A2063616E6E6F742023
:10E6A00073746172742052583A20257300525820B6
:10E6B000444F4E452E0052535349207363616E20E0
:10E6C0007374617274206661696C65643A202564B4
:10E6D0000043616E6E6F74207265696E697420729A
:10E6E000737369207363616E2064617461004445D3
:10E6F0004354204354524C3A20556E6B6E6F776EE4
:10E70000206576656E742025642072656365697680
:10E7100065640044454354206F7065726174696F8D
:10E720006E20616C7265616479206F6E20676F691D
:10E730006E672E2053746F7020616C6C206265666A
:10E740006F7265207374617274696E672072756E82
:10E750006E696E6720706572662E004F706572611B
:10E7600074696F6E20616C7265616479206F6E20D0
:10E77000676F696E672E2053746F7020616C6C2018
:10E780006265666F7265207374617274696E67206A
:10E7900072756E6E696E672070696E672E004F70BD
:10E7A00065726174696F6E20616C72656164792055
:10E7B0006F6E20676F696E672E2053746F702061D3
:10E7C0006C6C206265666F72652073746172746927
:10E7D0006E672072756E6E696E672072665F746F09
:10E7E0006F6C2E00282573293A20506879206170BB
:10E7F00069206E6F7420696E697469616C697A65ED
:10E800006400282573293A204F7065726174696F1E
:10E810006E20616C7265616479206F6E20676F692C
:10E820006E672E2053746F7020616C6C2062656679
:10E830006F7265207374617274696E672072756E91
:10E840006E696E672065787420636F6D6D616E64AC
:10E850002E006E72665F6D6F64656D5F64656374D4
:10E860005F7068795F646561637469766174652857
:10E8700029206661696C65642C206572723D25648F
:10E88000004F7065726174696F6E20616C726561B2
:10E890006479206F6E20676F696E672E2043616E0A
:10E8A00063656C696E6720616C6C206F7065726166
:10E8B00074696F6E7320696E206D6F64656D206280
:10E8C00065666F7265207374617274696E67207219
:10E8D000756E6E696E6720726164696F206D6F641A
:10E8E00065206368616E67652E006E72665F6D6F8E
:10E8F00064656D5F646563745F7068795F7261649D
:10E90000696F5F636F6E6669672829206661696C4D
:10E9100065642C206572723D256400282573293AB0
:10E92000206E72665F6D6F64656D5F646563745FB2
:10E930007068795F726164696F5F636F6E66696743
:10E9400028292074696D656F75742E004445435401
:10E9500020726164696F206D6F646520636F6E66FD
:10E9600069677572656420746F3A2025732E0044C0
:10E9700045435420726164696F206D6F6465206344
:10E980006F6E66696775726174696F6E2066616922
:10E990006C656420746F2025732E004C61737420A5
:10E9A000736574204445435420726164696F206D1F
:10E9B0006F64652025732E00646563745F706879E9
:10E9C0005F6374726C5F6F6E5F6D6F64656D5F6CBB
:10E9D00069625F696E697400646563745F70687909
:10E9E0005F6374726C5F726164696F5F6D6F6465A1
:10E9F0005F636D6400646563745F7068795F6374FE
:10EA0000726C5F6578745F636F6D6D616E645F7368
:10EA10007461727400646563745F7068795F6374B5
:10EA2000726C5F6D646D5F6F705F63616E63656C68
:10EA30005F616C6C00646563745F7068795F6374B8
:10EA4000726C5F6D646D5F6576745F68616E646C37
:10EA5000657200646563745F7068795F6374726C7B
:10EA60005F726164696F5F61637469766174650088
:10EA7000646563745F7068795F6374726C5F7068FB
:10EA8000795F636F6E6669677572655F66726F6DD9
:10EA90005F73657474696E677300646563745F7037
:10EAA00068795F6374726C5F726164696F5F636FD2
:10EAB0006E6669677572655F6163746976617465B6
:10EAC0005F66726F6D5F73657474696E67730064FF
:10EAD0006563745F7068795F6374726C5F6D736790
:10EAE000715F7468726561645F68616E646C6572A1
:10EAF00000646563745F7068795F6374726C5F6DE6
:10EB00007367715F74680052535349207363616E79
:10EB100020444F4E452E00434D414B455F534F55CA
:10EB20005243455F4449522F7372632F6465637487
:10EB30002F646563745F7068795F7363616E2E63C1
:10EB40000066696C6C65645F726573756C747300E4
:10EB500052535349207363616E2073746F707069F0
:10EB60006E672E004E6F206D656D6F727920666F37
:10EB7000722052535349207363616E206D65617337
:10EB80007572656D656E7420646174612E205472B7
:10EB90007920616761696E20776974682073686F96
:10EBA00072746572207363616E2074696D652E00E6
:10EBB00052535349207363616E2064617461207203
:10EBC00065696E6974206661696C65643A20657276
:10EBD000722025642E0052535349207363616E20C6
:10EBE0006461746120696E6974206661696C656432
:10EBF0003A206572722025642E00282573293A2058
:10EC0000646563745F7068795F72785F7068795F5C
:10EC10006D6561737572655F727373695F6F705F45
:10EC2000616464206661696C65643A202564005201
:10EC3000535349207363616E206475726174696F08
:10EC40006E3A207363616E5F74696D655F6D7320EA
:10EC500025642028737562736C6F74732025642992
:10EC600000705F726573756C7420213D20282876D2
:10EC70006F6964202A29302900705F726573756C92
:10EC8000742D3E6D6561735F6C656E203C3D202880
:10EC9000283639313230202A20313029202F2032B5
:10ECA00038383029006B203C2028283229202A209F
:10ECB000283234292900727373695F7363616E5F50
:10ECC000646174612E6D6561737572656D656E74D6
:10ECD0005F646174615F707472005374617274690F
:10ECE0006E672052583A206368616E6E656C20250D
:10ECF000642C20727373695F6C6576656C20256483
:10ED00002C206475726174696F6E202564207365B0
:10ED100063732E006E72665F6D6F64656D5F646510
:10ED200063745F7068795F7278206661696C65648E
:10ED3000202564001B5B306D001B5B33326D0025AA
:10ED400073465245452573001B5B33336D002573B5
:10ED5000504F535349424C452573001B5B33316D73
:10ED6000002573425553592573001B5B33346D00E6
:10ED70002573554E4B4E4F574E2573004E6F205204
:10ED8000535349207363616E6E696E6720726573B9
:10ED9000756C74732E004C617465737420525353F8
:10EDA00049207363616E6E696E6720726573756C5E
:10EDB00074733A0020206368616E6E656C202020B9
:10EDC0002020202020202020256400202073636143
:10EDD0006E6E696E6720636F756E7420202020252B
:10EDE0006400257320206869676865737420525336
:10EDF0005349202020202020256425730020206CEA
:10EE00006F776573742052535349202020202020AF
:10EE10002025640A00537562736C6F7420636F75EC
:10EE20006E7420626173656420726573756C7473AF
:10EE30003A002020746F74616C20737562736C6F7C
:10EE400074733A2025640A20206672656520737504
:10EE500062736C6F74733A2025642C20706F737327
:10EE600069626C6520737562736C6F74733A2025E8
:10EE7000642C206275737920737562736C6F747380
:10EE80003A20256400202046696E616C2076657208
:10EE9000646963742025732573257320626173652B
:10EEA00064206F6E205343414E5F53554954414295
:10EEB0004C4520256425253A0A20202020667265CD
:10EEC000653A20252E30326625252C20706F73730D
:10EED00069626C653A20252E3032662525004C612A
:10EEE000746573742052535349207363616E6E6965
:10EEF0006E6720726573756C7473206C69737469C6
:10EF00006E6720646F6E652E005253534920736301
:10EF1000616E6E696E6720726573756C74732028FC
:10EF20006D656173202331206D646D2074696D659A
:10EF300020256C6C75293A0020206368616E6E652F
:10EF40006C20202020202020202020202020202075
:10EF500020202020202020202020202020202020B1
:10EF6000256400202020206E65696768626F72202A
:10EF7000686173206265656E207365656E20696ED9
:10EF80002074686973206368616E6E656C00202070
:10EF9000746F74616C207363616E6E696E67206359
:10EFA0006F756E742020202020202020202020201B
:10EFB0002020202020202564002020202073617440
:10EFC00075726174696F6E732020202020202020CC
:10EFD0002020202020202020202020202020202031
:10EFE00020256400202020206E6F74206D656173E1
:10EFF00075726564202020202020202020202020E1
:10F0000020202020202020202020202025640020D7
:10F010002020206D6561737572656D656E74206664
:10F0200061696C6564202020202020202020202081
:10F030002020202020202025640020202020726510
:10F0400073756C7420736B69707065640025732030
:10F0500020686967686573742052535349202020E3
:10F0600020202020202020202020202020202020A0
:10F0700020202020202020256425730020206C6F74
:10F08000776573742052535349202020202020207C
:10F090002020202020202020202020202020202070
:10F0A00020202020256400257325346425737C25C9
:10F0B00073000A2020004D6561737572656D656E81
:10F0C0007420232564207769746820627573792F12
:10F0D000706F737369626C6520737562736C6F74A3
:10F0E000732C207374617274656420256C6C752CAC
:10F0F00020343820737562736C6F74733A0A202061
:10F100002573004E6F20737562736C6F7473206D7E
:10F11000656173757265642E002020746F74616C74
:10F1200020737562736C6F74733A2025640A202013
:10F130006672656520737562736C6F74733A20250F
:10F14000642C20706F737369626C652073756273D1
:10F150006C6F74733A2025642C2062757379207368
:10F160007562736C6F74733A2025640A20206E6F89
:10F1700074206D6561737572656420737562736C5C
:10F180006F74733A2025642C2073617475726174F6
:10F19000656420737562736C6F74733A2025640024
:10F1A00020205741524E494E473A204E6F742061FD
:10F1B0006C6C206D6561737572656D656E7473201E
:10F1C000776572652073746F7265642E2052656373
:10F1D00065697665642025642C2053746F726167BD
:10F1E000652073697A652025640052535349207362
:10F1F00063616E6E696E67206661696C65643A2052
:10F20000257300646563745F7068795F7363616E12
:10F210005F727373695F66696E69736865645F685E
:10F22000616E646C6500646563745F7068795F73B8
:10F2300063616E5F727373695F73746172740044AB
:10F240004543545F5048595F52585F4F505F435594
:10F2500053544F4D206661696C65643A2065727243
:10F2600020256400444543542052583A20556E6B83
:10F270006E6F776E206576656E74202564207265EA
:10F2800063656976656400646563745F7068795F5F
:10F2900072785F74680050687920545820707772D3
:10F2A0002076616C7565206F7574206F66207261C1
:10F2B0006E67653A2025640A0025642028756E6B08
:10F2C0006E6F776E2076616C75652C206E6F742082
:10F2D000636F6E76657274656420746F20737472E8
:10F2E000696E672900202874656D70657261747598
:10F2F00072653A206E6F74206D6561737572656416
:10F300002900202874656D706572617475726520BE
:10F3100025644329004C6F77206C6174656E6379B6
:10F32000004C6F77206C6174656E63792077697427
:10F3300068207374616E646279004C425420646981
:10F340007361626C65642C207769746820737461E2
:10F350006E64627900696E76616C69640076616CD6
:10F360006964202D20627574205258206F702065CA
:10F370006E6473206265666F72652050444320722C
:10F380006563657074696F6E0076616C6964202DC9
:10F39000206275742073686F727400696E207375D3
:10F3A00062736C6F747300696E20736C6F7473009A
:10F3B0004E52465F4D4F44454D5F444543545F5068
:10F3C00048595F53554343455353004552525F4C90
:10F3D00042545F4348414E4E454C5F42555359009D
:10F3E0004552525F554E535550504F525445445F0D
:10F3F0004F50004552525F4E4F545F464F554E445A
:10F40000004552525F4E4F5F4D454D4F525900459A
:10F4100052525F4E4F545F414C4C4F574544005041
:10F4200048595F4F4B5F574954485F484152515FBD
:10F430005245534554004552525F4F505F5354411B
:10F4400052545F54494D455F4C415445004552521A
:10F450005F4C42545F53544152545F54494D455F91
:10F460004C415445004552525F52465F53544152FD
:10F47000545F54494D455F4C415445004552525FDD
:10F48000494E56414C49445F53544152545F54498C
:10F490004D45004552525F4F505F534348454455D8
:10F4A0004C494E475F434F4E464C494354004552EA
:10F4B000525F4F505F54494D454F5554004552528D
:10F4C0005F4E4F5F4F4E474F494E475F4841525145
:10F4D0005F5258004552525F504152414D4554458C
:10F4E000525F554E415641494C41424C45004552B0
:10F4F000525F5041594C4F41445F554E415641492E
:10F500004C41424C45005048595F4552525F4F5064
:10F510005F43414E43454C4544004552525F434F83
:10F520004D42494E45445F4F505F4641494C45442A
:10F53000004552525F524144494F5F4D4F44455F31
:10F54000434F4E464C494354004552525F48414E4A
:10F55000444C455F494E5F555345004552525F55F7
:10F560004E535550504F525445445F4341525249B7
:10F570004552004552525F554E535550504F5254CC
:10F5800045445F444154415F53495A4500455252F6
:10F590005F494E56414C49445F4E4554574F524B7C
:10F5A0005F4944004552525F494E56414C49445FC1
:10F5B0005048595F484541444552004552525F49C1
:10F5C0004E56414C49445F4455524154494F4E00B8
:10F5D0004552525F494E56414C49445F5041524159
:10F5E0004D45544552004552525F54585F504F5755
:10F5F00045525F4F5645525F4D41585F4C494D490A
:10F6000054004552525F4D4F44454D5F4552524F55
:10F6100052004552525F4D4F44454D5F4552524F47
:10F62000525F52465F5354415445004552525F5415
:10F63000454D505F48494748004552525F50524F30
:10F64000445F4C4F434B00444543545F534348454C
:10F6500044554C45525F44454C415945445F4552E1
:10F66000524F5200444543545F5343484544554C20
:10F6700045525F464154414C5F4D454D5F414C4CB6
:10F680004F435F4552524F5200444543545F5343EA
:10F69000484544554C45525F4F505F544F5F4D4F66
:10F6A00044454D5F4552524F5200D8E2ECF0F4F819
:10F6B000FC0004070A0D10131517282573293A209A
:10F6C00063616E6E6F742075706461746520706420
:10F6D000753A20696E7075742073697A6520746F4D
:10F6E0006F206269673A20256420286D61782025A3
:10F6F000642900282573293A2063616E6E6F742097
:10F70000757064617465207064753A206974656D04
:10F710002068616E646C65206964202564206E6FCA
:10F720007420666F756E6400434D414B455F534FC7
:10F73000555243455F4449522F7372632F6465638A
:10F74000742F636F6D6D6F6E2F646563745F706887
:10F75000795F6170695F7363686564756C65722E4B
:10F7600063006865616465725F74797065203D3D12
:10F7700020444543545F5048595F484541444552F1
:10F780005F54595045320025733A2063616E6E6FA5
:10F790007420616C6C6F63617465206D656D6F7250
:10F7A0007920666F72207363686564756C6572207A
:10F7B0006C697374206974656D0A004E6F206D6505
:10F7C0006D6F727920666F722073746F72696E67E5
:10F7D000206461746120666F7220706F7373696258
:10F7E0006C6520484152512072655458005363683B
:10F7F0006564756C6572206C6973742073746174D0
:10F8000075733A0020204C697374206974656D200B
:10F81000636F756E743A2025640053636865647580
:10F820006C657220646F6E65206C697374207374EC
:10F83000617475733A00282573293A206E65772024
:10F840006C697374206974656D202868616E646CDE
:10F85000652025642C20656E645F74696D652025C4
:10F860006C6C75292063616E6E6F742066697420FC
:10F87000696E746F2061206672616D6520286E6507
:10F8800078745F6672616D655F74696D6520256C63
:10F890006C7529007761726E3A20746F5F62655FE4
:10F8A00073686564756C65645F6C6973745F6D75AE
:10F8B00074657820776173206C6F636B65643F219A
:10F8C0000A002825732920313A2063616E6E6F7417
:10F8D000207363686564756C653A206E657720698E
:10F8E00074656D202868616E646C652025642C2029
:10F8F00073746172745F74696D6520256C6C752C0E
:10F9000020656E645F74696D6520256C6C752920B7
:10F910006973206F7665726C617070696E672077AD
:10F920006974682063757272656E74206F6E6520ED
:10F930002868616E646C652025642C207374617284
:10F94000745F74696D6520256C6C752C20656E6420
:10F950005F74696D6520256C6C75290028257329F5
:10F96000207072696F20696E7365727420313A205D
:10F970006E6577206974656D202868616E646C65BA
:10F980002025642C2073746172745F74696D652026
:10F99000256C6C752C20656E645F74696D6520251F
:10F9A0006C6C7529206973206F7665726C6170705C
:10F9B000696E6720776974682063757272656E740A
:10F9C000206F6E65202868616E646C652025642C4C
:10F9D0002073746172745F74696D6520256C6C7539
:10F9E0002C20656E645F74696D6520256C6C7529CB
:10F9F00000282573293A206974656D73207769742E
:10FA0000682073616D65206672616D655F74696DF4
:10FA1000652028256C6C75292062757420646966E0
:10FA2000666572656E74206672616D655F6C656E89
:10FA300067746820286E65773A2025752C206578D4
:10FA4000697374696E673A20257529202D206861D5
:10FA50006E646C657320256420616E6420256400EB
:10FA60002825732920323A2063616E6E6F742073EB
:10FA700063686564756C653A206E657720697465A6
:10FA80006D202868616E646C652025642C20737479
:10FA90006172745F74696D6520256C6C752C2065CE
:10FAA0006E645F74696D6520256C6C7529206973BF
:10FAB000206F7665726C617070696E67207769740B
:10FAC000682063757272656E74206F6E6520286899
:10FAD000616E646C652025642C2073746172745FA0
:10FAE00074696D6520256C6C752C20656E645F747F
:10FAF000696D6520256C6C75290028257329207097
:10FB000072696F20696E7365727420323A206E6577
:10FB100077206974656D202868616E646C652025A6
:10FB2000642C2073746172745F74696D6520256C38
:10FB30006C752C20656E645F74696D6520256C6C36
:10FB40007529206973206F7665726C617070696EBB
:10FB50006720776974682063757272656E74206FB0
:10FB60006E65202868616E646C652025642C2073A6
:10FB7000746172745F74696D6520256C6C752C20DE
:10FB8000656E645F74696D6520256C6C752900284D
:10FB900025732920333A2063616E6E6F742073637E
:10FBA000686564756C653A206E6577206974656D6B
:10FBB000202868616E646C652025642C2073746154
:10FBC00072745F74696D6520256C6C752C20656E90
:10FBD000645F74696D6520256C6C752920697320DC
:10FBE0006F7665726C617070696E67207769746892
:10FBF0002063757272656E74206F6E65202868616F
:10FC00006E646C652025642C2073746172745F745B
:10FC1000696D6520256C6C752C20656E645F746958
:10FC20006D6520256C6C752900282573292070725C
:10FC3000696F20696E7365727420333A206E657740
:10FC4000206974656D202868616E646C6520256488
:10FC50002C2073746172745F74696D6520256C6CFF
:10FC6000752C20656E645F74696D6520256C6C75FC
:10FC700029206973206F7665726C617070696E6798
:10FC800020776974682063757272656E74206F6E78
:10FC900065202868616E646C652025642C2073746F
:10FCA0006172745F74696D6520256C6C752C2065BC
:10FCB0006E645F74696D6520256C6C75290028255C
:10FCC00073292F313A20646563745F7068795F61CE
:10FCD00070695F7363686564756C65725F6C697386
:10FCE000745F6974656D5F61646420666F7220661D
:10FCF00061696C65640A006C6973745F6974656D31
:10FD00002D3E73636865645F636F6E6669672E740A
:10FD1000782E656E636F6465645F7061796C6F6186
:10FD2000645F70647520213D202828766F69642007
:10FD30002A29302900282573293A206E72665F6DC2
:10FD40006F64656D5F646563745F7068795F747814
:10FD5000206661696C65643A206572722025642CA6
:10FD60002068616E646C652025640A00282573296B
:10FD70003A206E72665F6D6F64656D5F6465637473
:10FD80005F7068795F72737369206661696C65641E
:10FD9000202564006E72665F6D6F64656D5F6465DB
:10FDA00063745F7068795F7278206661696C6564FE
:10FDB0003A206572722025642C2068616E646C653F
:10FDC00020256400282573293A2063616E6E6F74C4
:10FDD00020636F7079206C697374206974656D207D
:10FDE000666F722068616E646C652025640028254A
:10FDF00073293A20646563745F7068795F61706924
:10FE00005F7363686564756C65725F6C6973745F5A
:10FE10006974656D5F616464206661696C65642006
:10FE20002D206F70207769746820696E7465727612
:10FE3000616C2077696C6C20626520636F6E636C07
:10FE40007564656420287068792068616E646C65EB
:10FE500020256429006E6F646520213D20282876C6
:10FE60006F6964202A293029202626206C69737442
:10FE70005F6974656D20213D202828766F696420B4
:10FE80002A293029007379735F646C6973745F6920
:10FE9000735F656D7074792826646F6E655F736833
:10FEA0006564756C65645F6C6973742900444543CF
:10FEB00054205343484544554C45522054483A2019
:10FEC000556E6B6E6F776E206576656E7420256457
:10FED000207265636569766564000C0C0C0C0C0C73
:10FEE0000C0C0A0A0A0A06060606060603030303A2
:10FEF000030301010101010101646563745F70681E
:10FF0000795F6170695F7363686564756C65725F62
:10FF1000636F72655F6D646D5F7068795F6F7000AD
:10FF2000646563745F7068795F6170695F7363684B
:10FF30006564756C65725F636F72655F7469636B2E
:10FF40005F74685F7363686564756C655F6E657820
:10FF5000745F6672616D6500646563745F70687973
:10FF60005F6170695F7363686564756C65725F6C0F
:10FF70006973745F6974656D5F616C6C6F635F72E8
:10FF80007373695F656C656D656E74006465637439
:10FF90005F7068795F6170695F7363686564756CD1
:10FFA00065725F6C6973745F6974656D5F616C6CB9
:10FFB0006F635F72785F656C656D656E7400646514
:10FFC00063745F7068795F6170695F7363686564AB
:10FFD000756C65725F6C6973745F6974656D5F6180
:10FFE000646400646563745F7068795F6170695F01
:10FFF0007363686564756C65725F6C6973745F695F
:020000024000BC
:1000000074656D5F7064755F7061796C6F61645F5A
:100010007570646174655F62795F7068795F68614B
:100020006E646C6500646563745F7068795F6170AD
:10003000695F7363686564756C65725F74680046B8
:1000400061696C656420746F207265616420646509
:100050006374207068795F73657474696E67735F29
:10006000646174612C206572726F723A202564009D
:10007000282573293A206661696C656420746F20B5
:10008000696E697469616C697A65207365747469F5
:100090006E67732073756273797374656D2C206558
:1000A00072726F723A20256400646563745F7068D1
:1000B000795F73657474696E677300282573293AD4
:1000C0002063616E6E6F74206C6F61642073657461
:1000D00074696E677320256400646563745F70687B
:1000E000795F73657474696E67732F636F6D6D6F7D
:1000F0006E5F73657474696E67730043616E6E6FD3
:10010000742073617665206465637420636F6D6D20
:100110006F6E2073657474696E67732C20657272DC
:100120003A202564006465637420636F6D6D6F6EA3
:100130002073657474696E677320736176656400FB
:1001400043616E6E6F742073657420646563742000
:1001500064656661756C742073657474696E677329
:100160002C206572723A2025640044656661756CC6
:10017000742073657474696E6773207365742E00E0
:10018000646563745F636F6D6D6F6E5F73657474C8
:10019000696E67735F696E69740070696E6720725B
:1001A0006571756573740070696E67207265737030
:1001B0006F6E73650070696E6720726573756C741D
:1001C0007320726571756573740070696E67207253
:1001D0006573756C747320726573706F6E736500F0
:1001E00070696E672048415251206665656462619E
:1001F000636B0070657266204841525120666565E8
:10020000646261636B007065726620726573756C01
:100210007473207265717565737400706572662001
:10022000726573756C747320726573706F6E73652D
:100230000070657266205458206461746100444502
:1002400043545F484152515F434C49454E543A2014
:1002500072657472616E736D6974206661696C6534
:1002600064202D207363686564756C657220657207
:10027000726F723A2025640A00444543545F484136
:1002800052515F434C49454E543A20726574726135
:100290006E736D6974206661696C6564202D2065DC
:1002A00072726F722025640A00282573293A206E25
:1002B00072665F6D6F64656D5F646563745F7068BF
:1002C000795F7478206661696C65642025642028F4
:1002D00068616E646C65202564290A006E72665F31
:1002E0006D6F64656D5F646563745F7068795F727C
:1002F00078206661696C65643A20726574202564B3
:100300002C2068616E646C6500796573006E6F0007
:100310005374617274696E672070696E6720636CD4
:1003200069656E74206F6E206368616E6E656C2007
:1003300025643A0A20206279746520636F756E74B3
:10034000207065722054583A2025642C20736C6FFD
:1003500074732025642C20696E74657276616C203C
:10036000256420736563732C0A20206D6373202538
:10037000642C204C425420706572696F642025649F
:100380002C20636F756E742025642C2074696D6554
:100390006F7574202564206D736563732C2048414C
:1003A00052513A2025732C0A2020657870656374B9
:1003B00065642052535349206C6576656C206F6EDE
:1003C0002052582025642E00282573293A20646580
:1003D00063745F7068795F6170695F736368656497
:1003E000756C65725F6C6973745F6974656D5F616C
:1003F0006C6C6F635F74785F656C656D656E74209F
:100400006661696C65643A204E6F206D656D6F7230
:100410007920746F207363686564756C6520612052
:1004200070696E6700282573293A20646563745FDC
:100430007068795F6170695F7363686564756C6526
:10044000725F6C6973745F6974656D5F6164642069
:100450006661696C65640A004E6F7468696E672036
:100460007265636569766564206F6E207365727668
:1004700065722073696465202D206E6F207265732C
:10048000756C747320746F2073686F772E000A7018
:10049000696E6720736572766572206F7065726130
:1004A00074696F6E2077697468207478206964209D
:1004B00025643A0A002020656C61707365642074BD
:1004C000696D653A20202020202020202020202037
:1004D000202020252E3266207365636F6E64730AB8
:1004E00000202074783A2070696E672072657370FE
:1004F00020636F756E743A20202020202020202554
:10050000640A00202072783A2070696E6720726554
:100510007120636F756E743A2020202020202020E7
:100520002025640A00202072783A20746F74616C70
:1005300020616D6F756E74206F6620646174613A1E
:1005400020202025642062797465730A00202072BF
:10055000783A2050434320435243206572726F72B1
:1005600020636F756E743A2020202025640A0020D5
:100570002072783A205044432043524320657272DF
:100580006F7220636F756E743A2020202025640AF4
:1005900000202072783A206F7574206F6620736592
:1005A0007175656E636520636F756E743A202025E2
:1005B000640A00202072783A205044552064656314
:1005C0006F6465206572726F7220636F756E743A26
:1005D0002025640A00202072783A206D696E20522E
:1005E0005353492025642C206D6178205253534980
:1005F0002025640A00202072783A206C61737420F0
:100600005458207077722025640A00202072783AAE
:10061000206D696E207077722025642C206D6178C2
:10062000207077722025640A00202072783A206DAD
:10063000696E20534E522025642C206D6178205322
:100640004E522025640A0043616E6E6F74207374ED
:100650006172742073656E64696E6720736572766B
:10066000657220726573756C74730053657276657C
:100670007220726573756C747320545820736368AC
:100680006564756C65643A202564206279746573CD
:100690002028256420736C6F74732C204D43532DD8
:1006A0002564292E0025732063616C6C65642077B6
:1006B00068656E206E6F74206F6E20676F696E675D
:1006C000202D2063616C6C65722025705300434DB2
:1006D000414B455F534F555243455F4449522F7339
:1006E00072632F646563742F70696E672F6465632E
:1006F000745F7068795F70696E672E6300706172F5
:10070000616D732D3E726F6C65203D3D2044454305
:10071000545F5048595F434F4D4D4F4E5F524F4CC1
:10072000455F534552564552005374617274696E69
:10073000672070696E672073657276657220525803
:100740003A206368616E6E656C2025642C206578A4
:10075000705F727373695F6C6576656C2025642EBB
:10076000006E72665F6D6F64656D5F646563745F74
:100770007068795F7278206661696C65643A20728E
:1007800065742025642C2068616E646C6520256486
:100790000A0052656365697665642064617461204E
:1007A000697320746F6F206C6F6E6720746F2062A6
:1007B00065207265636569766564206279205049B9
:1007C0004E47205448202D2064697363617264652C
:1007D0006420286C656E2025642C20627566207369
:1007E000697A65202564290A00686172715F7573F2
:1007F0006572203D3D20444543545F484152515F5E
:10080000434C49454E5400696E5F736368655F6C85
:100810006973745F6974656D2D3E73636865645FA9
:10082000636F6E6669672E74782E656E636F64659C
:10083000645F7061796C6F61645F7064755F736928
:100840007A65203C3D202835363030202F2038294D
:10085000006E72665F6D6F64656D5F646563745F83
:100860007068795F74785F686172712829206661A9
:10087000696C65643A2025640A002868616E646CBE
:1008800065203E3D203133303030202626206861FF
:100890006E646C65203C3D203133303439290028AA
:1008A0002573293A20464154414C3A2063616E6ECB
:1008B0006F7420616C6C6F63617465206D656D6F22
:1008C000727920666F7220484152512062617365CF
:1008D00064207265545820207061796C6F616400E7
:1008E00070696E6720636C69656E74206F706572E5
:1008F0006174696F6E20636F6D706C657465643AC6
:10090000002020656C61707365642074696D653AC0
:1009100020202020202020202020202020202020D7
:10092000202020202020202020202020252E32665C
:10093000207365636F6E647300202074783A2074AE
:100940006F74616C20616D6F756E74206F662064CA
:100950006174612073656E743A202020202020206D
:100960002020202025642062797465730020207483
:10097000783A2070696E672072657120636F756EBA
:10098000743A2020202020202020202020202020F9
:100990002020202020202020256400202074783A68
:1009A0002070696E67206661696C65642064756596
:1009B00020746F204C425420636F756E743A20206F
:1009C000202020202020256400202072783A2070EA
:1009D000696E67207265737020636F756E743A205C
:1009E0002020202020202020202020202020202007
:1009F00020202020256400202072783A20746F7413
:100A0000616C20616D6F756E74206F662064617417
:100A1000613A20202020202020202020202020207B
:100A20002020256420627974657300202072783A52
:100A3000206F7574206F662073657175656E6365D0
:100A400020636F756E743A20202020202020202003
:100A5000202020202020256400202072783A205079
:100A6000434320435243206572726F7220636F7557
:100A70006E743A20202020202020202020202020BA
:100A800020202020256400202072783A2050444302
:100A900020435243206572726F7220636F756E74CB
:100AA0003A2020202020202020202020202020202C
:100AB0002020256400202072783A2050445520647C
:100AC00065636F6465206572726F7220636F756E07
:100AD000743A2020202020202020202020202020A8
:100AE000256400202072783A206D696E205253539D
:100AF000492025642C206D617820525353492025CC
:100B00006400202072783A206C617374205458205D
:100B100070777220256400202072783A206D696E0B
:100B2000207077722025642C206D61782070777298
:100B300020256400202072783A206D696E20534E83
:100B4000522025642C206D617820534E522025645C
:100B5000004661696C65642028657272203D2564D9
:100B60002920746F207265717565737420726573C6
:100B7000756C74732066726F6D2074686520736580
:100B8000727665722E0052657175657374656420A6
:100B900070696E6720726573756C74732066726F0E
:100BA0006D20746865207365727665722E2E2E0036
:100BB00050726576696F7573204841525120726595
:100BC0007478207374696C6C206F6E676F696E67E0
:100BD00020616E64207374617274696E67206E6543
:100BE0007720726F756E64202D206E6F2072657392
:100BF000706F6E736520746F20707265762064610B
:100C000074613F005043433A20444543545F484198
:100C100052515F434C49454E543A20616C6C204818
:100C20004152512072657472616E736D697373699C
:100C30006F6E7320646F6E65202D206E6F2073754C
:100C400063636573732E005043433A204445435415
:100C50005F484152515F434C49454E543A206E6FB4
:100C60002074696D6520746F20646F206120726547
:100C70007472616E736D697420706572204E4143A9
:100C80004B2E00282573293A20646563745F7068D1
:100C9000795F6170695F7363686564756C65725FC5
:100CA0006C6973745F6974656D5F637265617465A7
:100CB0005F6E65775F636F7079206661696C6564EC
:100CC0003A204E6F206D656D6F727920746F2048E9
:100CD000415251207265545800282573293A2064E6
:100CE0006563745F7068795F6170695F736368657D
:100CF00064756C65725F6C6973745F6974656D5F50
:100D0000616464206661696C6564005043433A2005
:100D1000444543545F484152515F434C49454E540A
:100D20003A2072657472616E736D697420736368C2
:100D30006564756C65642C20726564756E64616EA3
:100D400063792076657273696F6E2025640070691F
:100D50006E67207478206661696C65642E00706926
:100D60006E672073656E7420287365715F6E6272A2
:100D7000202564292E0070696E67207265737020CB
:100D80007478206661696C65642E0070696E6720F6
:100D9000726573702073656E7420287365715F6E61
:100DA0006272202564292E0070696E672074696D57
:100DB000656F757420666F72207365715F6E627205
:100DC0002025640070696E672072657472616E73AD
:100DD0006D697373696F6E206261736564206F6EF5
:100DE0002048415251206661696C65642E0070692B
:100DF0006E672072657472616E736D697373696F6B
:100E00006E206261736564206F6E204841525120EC
:100E1000646F6E652E0050494E475F524553554CE6
:100E2000545F5245512073656E742E0050494E47F1
:100E30005F524553554C545F5245512073656E6463
:100E4000696E67206661696C65642E0050494E4783
:100E50005F524553554C545F524553502073656E55
:100E6000742E0050494E475F524553554C545F52C3
:100E70004553502073656E64696E67206661696CC6
:100E800065642E004E6F20726573756C74732066F6
:100E9000726F6D2070696E67207365727665722E51
:100EA000204D616B652073757265207468617420D4
:100EB0007365727665722069732072756E6E696EE5
:100EC0006720616E6420726561636861626C652E83
:100ED00000525820666F722070696E6720726573C9
:100EE000756C747320646F6E652E00525820666FA7
:100EF000722070696E6720726573756C74732066FA
:100F000061696C65642E0070696E67207365727626
:100F10006572205258206661696C6564202D2070CE
:100F2000696E6720736572766572205258207374FB
:100F30006F707065642E004261636B67726F756ECF
:100F4000642052535349207363616E6E696E67204B
:100F5000726573756C74733A0020206368616E6EFD
:100F6000656C2020202020202020202020202020F0
:100F70002020202020202025640020207363616E23
:100F800020636F756E7420202020202020202020D8
:100F90002020202020202020256400257320206888
:100FA00069676865737420525353492020202020BC
:100FB0002020202020202020202020202564257390
:100FC0000020206C6F7765737420525353492020A2
:100FD000202020202020202020202020202020250C
:100FE00064002020202073617475726174696F6ED3
:100FF000732020202020202020202020202020209E
:10100000256400202020206E6F74206D656173754B
:1010100072656420202020202020202020202020F5
:1010200020256400202020206D6561737572656D38
:10103000656E74206661696C656420202020202024
:10104000202025640070696E67696E6720646F6E8A
:1010500065206279207363686564756C6572004809
:1010600041525120666565646261636B2073656EF1
:10107000742E004841525120666565646261636B5D
:1010800020525820636F6D706C657465642E002566
:10109000733A2063616E6E6F742054582070696ECD
:1010A000672064756520746F204C42542C2063685F
:1010B000616E6E656C2077617320627573790025AF
:1010C000733A2070696E67206D6F64656D206F7074
:1010D00065726174696F6E206661696C65643A203F
:1010E00025732C2068616E646C652025640025736F
:1010F0003A206F7065726174696F6E202868616E46
:10110000646C6520256429206661696C65642077BC
:10111000697468207374617475733A202573005084
:10112000494E473A205258205043432043524320CF
:101130006572726F72202874696D6520256C6C75FC
:10114000293A20534E522025642C20525353492DC6
:1011500032202564202825642064426D29005049EE
:101160004E473A2052582050444320435243206572
:1011700072726F72202874696D6520256C6C7529F8
:101180003A20534E522025642C20525353492D327D
:10119000202564202825642064426D2900504343A3
:1011A000207265636569766564202874696D6520C1
:1011B000256C6C752C2068616E646C652025642933
:1011C0003A207374617475733A20222573222C209F
:1011D000736E7220252E32662064422C20525353A7
:1011E000492D322025642064426D2C207374665F83
:1011F00073746172745F74696D6520256C6C750021
:101200002020706879206865616465723A0020204A
:10121000202073686F7274206E77206964202564C3
:101220002C207472616E736D6974746572206964C8
:101230002025640020202020726563656976657230
:101240002069643A20256400202020206C656E20EF
:1012500025642C204D43532025642C2054582070A5
:1012600077723A2025642064426D005043433A204F
:101270004841525120726573702025732573257380
:1012800020666F7220444543545F484152515F438A
:101290004C49454E542070726F636573732E005035
:1012A00043433A20444543545F484152515F434CC5
:1012B00049454E543A20484152512072657370207E
:1012C00066726F6D20256420414E442074687573EA
:1012D000206E6F742066726F6D206F75722070655E
:1012E00065722025642E005043433A204445435400
:1012F0005F484152515F434C49454E543A20484162
:1013000052512072657370207265636569766564F9
:1013100020627574206E6F20484152512070726FA8
:101320006365737320696E207573652E00556E7347
:101330007570706F727465642070726F636573731B
:10134000206E62722025642072656365697665642B
:1013500020696E2048415251206665656462616370
:101360006B0050444320726563656976656420288C
:1013700074696D6520256C6C752C2068616E646CD9
:1013800065202564293A20736E7220252E3266204E
:1013900064422C20525353492D322025642064424C
:1013A0006D2C206C656E20256400646563745F702D
:1013B00068795F70696E675F7064755F6465636F9D
:1013C0006465206661696C65643A202564004F7528
:1013D00074206F662073657120696E2052583A2020
:1013E00072785F6F75745F6F665F7365715F636F4F
:1013F000756E742025642C207064752E7365715F82
:101400006E62722025642C2070696E675F6461745F
:10141000612E7365727665725F646174612E727895
:101420005F6C6173745F7365715F6E6272202564B7
:101430000070696E675F7265715F7064752D3E68DC
:1014400065616465722E6D6573736167655F74793C
:101450007065203D3D20444543545F4D41435F4D01
:101460004553534147455F545950455F50494E4796
:101470005F5245515545535400282573293A206E33
:1014800072665F6D6F64656D5F646563745F7068DD
:10149000795F74785F7278206661696C6564202575
:1014A00064202874782068616E646C652025642946
:1014B0000A0043616E6E6F742073656E64207069FC
:1014C0006E6720726573706F6E73653A2065727215
:1014D000202564005254543A202564206D736563BE
:1014E000005254543A206E6F74206B6E6F776E000A
:1014F00070696E6720726573706F6E736520666FBA
:1015000072207365715F6E627220256420282573D6
:10151000290070696E6720726573706F6E73652045
:10152000666F7220756E657870656374656420738C
:1015300065715F6E6272202564202865787065632E
:101540007465643A202564290050494E475F52452E
:1015500053554C545F5245512072656365697665F9
:10156000642066726F6D20747820696420256400A1
:1015700050494E475F524553554C545F5245512098
:1015800072656365697665642066726F6D20747834
:10159000206964202564202D20627574206E6F20E0
:1015A0007065726620646174612072656365697636
:1015B00065642066726F6D2074686572652E0A48D6
:1015C0006F77657665722C20776520686176652077
:1015D0007365656E206120504343206C6173746CA9
:1015E000792066726F6D2074686973207478206941
:1015F00064202564202D20736F2073656E64696EEE
:101600006720726573756C747320746F20746865DD
:1016100072652E0A506C656173652C206368656382
:101620006B204D435320616E642F6F7220545820FD
:10163000505752206F6E206120636C69656E742074
:10164000736964652E0050494E475F524553554CAF
:1016500054535F5245512072656365697665642015
:1016600066726F6D207478206964202564202D20B7
:10167000627574206E6F2070696E67207365737376
:10168000696F6E207769746820697420286C6173B3
:1016900074207365656E2074782069642025642940
:1016A0000053657276657220726573756C74732071
:1016B00072656365697665642E0050445520666FD7
:1016C00072204841525120666565646261636B20F7
:1016D00072656365697665642E007479706520258E
:1016E000640070696E6720636F6D6D616E64205475
:1016F0005820646174612072656365697665643A37
:101700002069676E6F726564202D206E6F2070698E
:101710006E6720636F6D6D616E642072756E6E69A9
:101720006E672E0070696E673A2072656365697630
:10173000656420756E6B6E6F776E206461746120D6
:1017400028747970653A202573292C206C656E20E9
:1017500025642C2068657820646174613A202573C3
:101760000A00444543542050494E473A20556E6B79
:101770006E6F776E206576656E74202564207265C5
:101780006365697665640070696E6720636F6D6D6F
:10179000616E6420616C72656164792072756E6E31
:1017A000696E67006E72665F6D6F64656D5F64651C
:1017B00063745F7068795F6576656E745F68616E8B
:1017C000646C65725F7365742072657475726E65A2
:1017D000643A2025690A004E6F2070696E672063A5
:1017E0006F6D6D616E642072756E6E696E67202D0F
:1017F000206E6F7468696E6720746F2073746F70E9
:101800002E00646563745F7068795F70696E675FEE
:10181000696E697400646563745F7068795F70698C
:101820006E675F6D646D5F6576745F68616E646C32
:10183000657200646563745F7068795F70696E6774
:101840005F7365727665725F70696E675F726573EC
:10185000705F747800646563745F7068795F706945
:101860006E675F7365727665725F726573756C74AF
:10187000735F747800646563745F7068795F706922
:101880006E675F7468726561645F666E006465634D
:10189000745F7068795F70696E675F636D645F64C1
:1018A0006F6E6500646563745F7068795F70696E00
:1018B000675F636C69656E745F74785F7363686596
:1018C00064756C6500646563745F7068795F7069E6
:1018D0006E675F74785F726571756573745F72654A
:1018E00073756C747300646563745F7068795F709E
:1018F000696E675F686172715F636C69656E745F62
:101900006E616B5F68616E646C6500646563745FD3
:101910007068795F70696E675F7468002020547921
:1019200070653A2020202020202020202020202008
:101930002020202025730020205472616E736D6971
:10194000747465722049443A2020202020202025EC
:1019500064002020506F77657220636F6E74726F21
:101960006C3A0020202020457870656374656420FF
:1019700052582052535349206C6576656C20286478
:10198000426D293A202564002020536571206E6243
:10199000723A2020202020202020202020202020DB
:1019A00025640020205061796C6F6164206C656E45
:1019B0003A20202020202020202020256400434D94
:1019C000414B455F534F555243455F4449522F7336
:1019D00072632F646563742F70696E672F6465632B
:1019E000745F7068795F70696E675F7064752E638D
:1019F0000070696E675F7064752D3E6D657373610D
:101A000067652E74785F646174612E7061796C6FA4
:101A100061645F6C656E677468203C3D20282835E2
:101A2000363030202F203829202D20282873697A3D
:101A3000656F6628646563745F7068795F70696E4E
:101A4000675F7064755F6D6573736167655F7479F7
:101A500070655F7429202B2073697A656F6628751D
:101A6000696E74385F7429202B2073697A656F66FC
:101A70002875696E7431365F742929202B2028322D
:101A8000202A2073697A656F662875696E7431360D
:101A90005F74292929290020207061796C6F6164A5
:101AA00020646174613A202573002020726573758B
:101AB0006C747320646174613A20257300434D4156
:101AC0004B455F534F555243455F4449522F737204
:101AD000632F646563742F706572662F6465637429
:101AE0005F7068795F706572662E63007265665F0D
:101AF00074696D655F7768656E5F72657365727630
:101B0000656420213D20300070726F636573735FE0
:101B10006E6272203C20380025732063616C6C6516
:101B200064207768656E207065726620636D64203E
:101B30006973206E6F74206F6E676F696E67202DFA
:101B40002063616C6C65722025705300706572664D
:101B5000207478206F7065726174696F6E20636F96
:101B60006D706C657465643A002020746F74616CEC
:101B700020616D6F756E74206F66206461746120E2
:101B800073656E743A202564206279746573002051
:101B9000207061636B657420636F756E743A2020EA
:101BA000202020202020202020202020256400200C
:101BB000207478206661696C6564206475652074A2
:101BC0006F204C42543A2020202020202564002001
:101BD00020656C61707365642074696D653A2020BE
:101BE000202020202020202020202020252E32668A
:101BF000207365636F6E64730020206461746120DC
:101C000072617465733A202020202020202020203B
:101C1000202020202020252E3266206B62697473DC
:101C20002F7365636F6E64730020204E6F204841F0
:101C3000525120666565646261636B20636F756EE7
:101C4000743A202020202020202020202020202026
:101C5000202020202564002020484152512041436B
:101C60004B207265636569766520636F756E743AA3
:101C70002020202020202020202020202020202064
:101C80002020256400202048415251204E41434BE2
:101C9000207265636569766520636F756E743A209E
:101CA0002020202020202020202020202020202034
:101CB00025640020204841525120726573657420CC
:101CC0004E41434B207265636569766520636F758D
:101CD0006E743A20202020202020202020202564FF
:101CE00000202050434320435243206572726F729C
:101CF00020636F756E7420284841525120666565D7
:101D0000646261636B205258293A202025640020C8
:101D10002050444320435243206572726F72206307
:101D20006F756E7420284841525120666565646263
:101D300061636B205258293A2020256400202052EC
:101D4000583A20525353493A206D696E2025642C2D
:101D5000206D617820256400202052583A20534E8F
:101D6000523A206D696E2025642C206D6178202503
:101D70006400202052583A207077723A206D696EC4
:101D80002025642C206D6178202564004661696CF3
:101D900065642028657272203D25642920746F20B7
:101DA0007265717565737420726573756C747320D8
:101DB00066726F6D20746865207365727665722E29
:101DC000205065726620636D6420646F6E652E001E
:101DD00052657175657374656420726573756C7492
:101DE000732066726F6D2074686520736572766506
:101DF000722E2E2E00504552462077697468204876
:101E00004152513A206E6F2054582077696E646FAA
:101E10007700706572665F646174612E636C6965DA
:101E20006E745F646174612E74785F686172715F53
:101E300070726F6365737365735B695D2E70726F2B
:101E4000636573735F6E6272203D3D2069002825D3
:101E500073293A2063616E6E6F74207265736572C8
:101E6000766520484152512054582070726F636546
:101E7000737300282573293A206E72665F6D6F6454
:101E8000656D5F646563745F7068795F74785F72B5
:101E900078206661696C6564202564202868616E1D
:101EA000646C65202564290A00282573293A206E70
:101EB00072665F6D6F64656D5F646563745F7068A3
:101EC000795F7472616E736D6974206661696C65A7
:101ED00064202564202868616E646C65202564296F
:101EE0000A005374617274696E67207065726620AF
:101EF000636C69656E74206F6E206368616E6E65D9
:101F00006C2025643A206279746520636F756E7465
:101F1000207065722054583A2025642C20736C6F11
:101F200074732025642C2067617020256C6C6420FC
:101F30006D646D207469636B732C206D6373202551
:101F4000642C204C425420706572696F64202564B3
:101F50002C206475726174696F6E2025642073652E
:101F600063732C20657870656374656420525353E5
:101F700049206C6576656C206F6E20525820256470
:101F80002E005374617274696E6720736572766592
:101F9000722052583A206368616E6E656C20256429
:101FA0002C206578705F727373695F6C6576656C01
:101FB0002025642C206475726174696F6E2025641D
:101FC00020736563732E00526563656976656420CE
:101FD0006461746120697320746F6F206C6F6E6729
:101FE00020746F2062652072656365697665642080
:101FF00062792050455246205448202D2064697350
:1020000063617264656420286C656E2025642C20F1
:102010006275662073697A65202564290A006865FF
:10202000616465722D3E7061636B65745F6C656E93
:102030006774685F74797065203D3D204445435462
:102040005F5048595F4845414445525F504B545F8B
:102050004C454E4754485F545950455F534C4F547C
:1020600053004D6F64656D2048415251206D617879
:102070002070726F6365737320636F756E742028B0
:1020800025642920646F6573206E6F74206D617400
:10209000636820657870656374656420636F756E2E
:1020A000743A202564212121210A00536572766546
:1020B0007220525820636F6D706C657465642E00D9
:1020C00053657276657220525820636F6D706C652F
:1020D00074656420627574206475726174696F6ED2
:1020E000206C6566743A2072657374617274696EEF
:1020F00067202825642073656373292E007065723C
:102100006620736572766572205258206661696C2C
:102110006564202D20706572662073657276657225
:102120002052582073746F707065642E005365726E
:102130007665722052582077696C6C206265206346
:102140006F6E74696E7565642028256420736563FD
:10215000732920616674657220726573756C7420D2
:10216000545820697320646F6E652E004E6F207284
:102170006573756C74732066726F6D20706572661E
:10218000207365727665722E204D616B65207375C4
:102190007265207468617420736572766572206957
:1021A000732072756E6E696E6720616E6420726551
:1021B00061636861626C652E00525820666F722000
:1021C0007065726620726573756C747320646F6ECF
:1021D000652E00525820666F7220706572662072FC
:1021E0006573756C7473206661696C65642E00702C
:1021F00065726620636F6D6D616E6420616C7265DF
:102200006164792072756E6E696E670050657266E2
:1022100020636F6D6D616E64206E6F742072756ED9
:102220006E696E672E0048415251205458207769DC
:102230006E646F77207761732066756C6C202D203B
:1022400074696D656F757474696E672E0025733AD5
:102250002070657266206D6F64656D206F706572A9
:102260006174696F6E206661696C65643A202573DC
:102270002C2068616E646C652025640025733A200B
:1022800063616E6E6F74205458204841525120662D
:102290006565646261636B3A2025730025733A209B
:1022A00063616E6E6F7420525820666F72204841D1
:1022B000525120666565646261636B3A2025730044
:1022C0004E6F207065726620646174612072656370
:1022D0006569766564206F6E20736572766572201D
:1022E000736964652E007065726620736572766529
:1022F00072207278206F7065726174696F6E2066EB
:10230000726F6D2074782069642025643A0A002079
:1023100020746F74616C20616D6F756E74206F66D0
:1023200020646174613A20202025642062797465FC
:10233000730A0020207061636B657420636F756E93
:10234000743A202020202020202020202025640AEC
:10235000002020656C61707365642074696D653A56
:102360002020202020202020202020252E32662002
:10237000736563730A002020646174612072617464
:1023800065733A202020202020202020202020209B
:10239000252E3266206B626974732F736563730A2E
:1023A00000202072782072657374617274656420F5
:1023B000636F756E743A202020202025640A002067
:1023C000204841525120666565646261636B2074E8
:1023D000782062797465733A2025640A00202050C1
:1023E000434320435243206572726F72733A202533
:1023F000640A0020205044432043524320657272F7
:102400006F72733A2025640A0020206F7574206F64
:102410006620736571733A2020202025640A00200D
:10242000205043432052583A204D43533A20202015
:102430002025640A0020205043432052583A20525D
:102440005353493A206D696E3A202025642C206D43
:1024500061783A20256464426D0A0020205043438D
:102460002052583A205458207077723A206D696E85
:102470002025642C206D61782025642064426D0A3B
:102480000020205043432052583A20534E523A20C5
:102490006D696E3A2020202025642C206D61783AE9
:1024A0002025640A007365727665723A2073656E42
:1024B00064696E6720726573756C742072657370E1
:1024C0006F6E7365206F6620746F74616C206C652D
:1024D0006E6774683A2025643A0A222573220A003E
:1024E000504552463A2052582050434320435243CD
:1024F000206572726F72202874696D6520256C6C7E
:1025000075293A20534E522025642C2052535349AA
:102510002D32202564202825642064426D29005036
:102520004552463A205258205044432043524320BB
:102530006572726F72202874696D6520256C6C75E8
:10254000293A20534E522025642C20525353492DB2
:1025500032202564202825642064426D29005065BE
:1025600072696F6469632064656275673A205043DD
:1025700043207265636569766564202874696D65BA
:1025800020256C6C752C2068616E646C6520256458
:10259000293A207374617475733A20222573222CB2
:1025A00020736E7220252E32662064422C205253F6
:1025B00053492D322025642064426D2C20747820EC
:1025C00070777220252E32662064426D0064656348
:1025D000745F7068795F706572665F7064755F6460
:1025E00065636F6465206661696C65643A20256483
:1025F000004F7574206F662073657120696E2052DC
:10260000583A2072785F6F75745F6F665F7365719B
:102610005F636F756E742025642C207064752E7353
:1026200065715F6E62722025642C20706572665F32
:10263000646174612E72785F6C6173745F7365712D
:102640005F6E627220256400504552465F524553CA
:10265000554C54535F5245512072656365697665E8
:10266000642066726F6D2074782069642025642070
:102670002D20627574206E6F207065726620646113
:1026800074612072656365697665642066726F6D3A
:102690002074686572652E0A486F77657665722CBE
:1026A0002077652068617665207365656E206120FE
:1026B000504343206C6173746C792066726F6D2097
:1026C00074686973207478206964202564202D2043
:1026D000736F2073656E64696E6720726573756CC5
:1026E000747320746F2074686572652E0A506C656F
:1026F0006173652C20636865636B204D43532061D3
:102700006E642F6F7220545820505752206F6E20E5
:102710006120636C69656E7420736964652E005076
:102720004552465F524553554C54535F52455120D4
:1027300072656365697665642066726F6D20747872
:10274000206964202564202D20627574206E6F201E
:10275000706572662073657373696F6E2077697434
:102760006820697420286C617374207365656E201D
:102770007478206964202564292E20436865636B82
:10278000204D435320616E642F6F722054582050A7
:102790005752206F6E206120636C69656E742073E0
:1027A0006964652E00536572766572207265737573
:1027B0006C74732072656365697665643A00506570
:1027C000726620636F6D6D616E6420545820646181
:1027D00074612072656365697665643A2069676E25
:1027E0006F726564202D206E6F20706572662063A5
:1027F0006F6D6D616E642072756E6E696E672E000E
:10280000506572663A207265636569766564207505
:102810006E6B6E6F776E20646174612028747970BE
:10282000653A202573292C206C656E2025642C20A8
:1028300068657820646174613A2025730A00444514
:10284000435420504552463A20556E6B6E6F776E5A
:10285000206576656E7420256420726563656976EF
:10286000656400646563745F7068795F7065726643
:102870005F6D646D5F6576745F68616E646C6572D0
:1028800000646563745F7068795F706572665F731A
:1028900065727665725F726573756C74735F747858
:1028A00000646563745F7068795F706572665F74F9
:1028B00068726561645F666E00646563745F70680A
:1028C000795F706572665F636D645F646F6E6500EB
:1028D000646563745F7068795F706572665F636C6E
:1028E00069656E745F74785F6E6F5F6861727100A6
:1028F000646563745F7068795F706572665F636C4E
:1029000069656E745F74785F776974685F68617217
:102910007100646563745F7068795F706572665F8B
:1029200074785F726571756573745F726573756CC9
:10293000747300646563745F7068795F7065726654
:102940005F746800434D414B455F534F55524345BB
:102950005F4449522F7372632F646563742F7266EC
:102960005F746F6F6C2F646563745F7068795F72FA
:10297000665F746F6F6C2E6300706172616D732D92
:102980003E706565725F6D6F6465203D3D20444516
:1029900043545F5048595F52465F544F4F4C5F4D10
:1029A0004F44455F4E4F4E45004661696C6564205B
:1029B000746F20616C6C6F63617465206C697374F3
:1029C000206974656D20666F72205458206F7065A1
:1029D000726174696F6E004661696C656420746F22
:1029E00020616C6C6F63617465206C69737420691D
:1029F00074656D20666F72205258206F7065726129
:102A000074696F6E00282573293A2063616C6375C1
:102A10006C617465642072782E6475726174696F7C
:102A20006E2028256C6C7529206578636565647354
:102A30002055494E5433325F4D41582C206361700C
:102A400070696E6720746F2055494E5433325F4D64
:102A50004158202825752900282573293A206465C6
:102A600063745F7068795F6170695F7363686564E0
:102A7000756C65725F6C6973745F6974656D5F61B5
:102A8000646420666F72205258206661696C6564C8
:102A9000004661696C656420746F207363686564C7
:102AA000756C65205458206F7065726174696F6E23
:102AB000206F6E2022747822206F6E6C79206D6FEB
:102AC00064653A20657272202564004661696C6510
:102AD0006420746F207363686564756C6520525858
:102AE000206F7065726174696F6E206F6E20227244
:102AF0007822206F6E6C79206D6F64653A20657264
:102B000072202564004661696C656420746F2073CF
:102B100063686564756C65205258206F70657261DA
:102B200074696F6E206F6E202272785F7478222035
:102B30006D6F64653A206572722025640046616994
:102B40006C656420746F207363686564756C6520C0
:102B50005458206F7065726174696F6E206F6E20BB
:102B60002272785F747822206D6F64653A206572F6
:102B70007220256400636D645F706172616D732DF6
:102B80003E6D6F6465203D3D20444543545F504891
:102B9000595F52465F544F4F4C5F4D4F44455F5213
:102BA000585F434F4E54494E554F55530046616947
:102BB0006C656420746F207363686564756C652050
:102BC0005258206F7065726174696F6E206F6E204D
:102BD0002272785F636F6E7422206D6F64653A2095
:102BE000657272202564002868616E646C65203E01
:102BF0003D2031373030302026262068616E646CED
:102C000065203C3D20313739393929207C7C20280A
:102C100068616E646C65203E3D2031363030322074
:102C200026262068616E646C65203C3D2031363973
:102C30003939290025733A20556E737570706F729B
:102C400074656420736C6F742F6D637320636F6D94
:102C500062696E6174696F6E0025733A20546F6FFC
:102C6000206C6F6E6720545820646174613A20258F
:102C70006420627974657300282573293A2064659D
:102C800063745F7068795F72665F746F6F6C5F7397
:102C9000796E63685F776169745F72785F6F705F88
:102CA0007363686564756C65206661696C65643A18
:102CB00020726574202564006C6173745F727820E3
:102CC000213D203000282573293A206672616D6508
:102CD0005F7265706561745F636F756E742028251F
:102CE0007529202A206672616D655F6C656E5F7361
:102CF0007562736C6F7473202825642920776F7553
:102D00006C64206F766572666C6F77005246207433
:102D10006F6F6C20726573756C74732061742074AE
:102D200072616E736D6974746572206964202564C4
:102D30003A0020202D2052582F5458204475747981
:102D4000204379636C652070657263656E7461679A
:102D5000653A202020202020202020202020202014
:102D60002020204E2F410020202D2052582F545833
:102D70002044757479204379636C652070657263B3
:102D8000656E746167653A20202020202020202075
:102D90002020202020202020252E303266252500CE
:102DA00020202D2054583A207061636B6574206395
:102DB0006F756E743A2020202020202020202020B3
:102DC0002020202020202020202020202020202003
:102DD0002025640020202D2054583A20646174611D
:102DE00020616D6F756E743A2020202020202020F5
:102DF00020202020202020202020202020202020D3
:102E0000202020202025640020202D2054583A2006
:102E10007375636365737366756C6C7920636F6D2E
:102E2000706C65746564206D6F64656D206F70658E
:102E3000726174696F6E733A2025640020202D2022
:102E400054583A206661696C6564206F70657261E0
:102E500074696F6E20636F756E742073656E742075
:102E6000746F206D6F64656D3A202020202564000A
:102E700020202D2054583A206661696C6564206FCB
:102E80007065726174696F6E20636F756E7420690E
:102E90006E207363686564756C65723A202020202B
:102EA0002025640020202D2054583A206F70657230
:102EB0006174696F6E20636F756E74206661696CF2
:102EC000656420696E206D6F64656D3A2020202056
:102ED000202020202025640020202D2054583A2036
:102EE0006F7065726174696F6E20636F756E7420A8
:102EF0006661696C65642064756520746F204C425E
:102F00005420425553593A202025640020202D207A
:102F100052583A207061636B657420636F756E74EC
:102F20003A20202020202020202020202020202087
:102F30002020202020202020202020202025640068
:102F400020202D2052583A206461746120616D6FF9
:102F5000756E743A20202020202020202020202060
:102F60002020202020202020202020202020202061
:102F70002025640020202D2052583A206672616D71
:102F80006520636F756E74206D6973736564206965
:102F90006E2073796E636820525820726573746175
:102FA00072743A202025640020202D2052583A20A7
:102FB0007375636365737366756C6C7920636F6D8D
:102FC000706C65746564206D6F64656D206F7065ED
:102FD000726174696F6E733A2025640020202D2081
:102FE00052583A206661696C6564206F7065726141
:102FF00074696F6E20636F756E742073656E7420D4
:10300000746F206D6F64656D3A2020202025640068
:1030100020202D2052583A206661696C6564206F2B
:103020007065726174696F6E20636F756E7420696C
:103030006E207363686564756C65723A2020202089
:103040002025640020202D2052583A206F70657290
:103050006174696F6E20636F756E74206661696C50
:10306000656420696E206D6F64656D3A20202020B4
:10307000202020202025640020202D2052583A2096
:103080007061636B657473206D697373696E673A01
:103090002020202020202020202020202020202030
:1030A00020202020202020202025640020202D20EA
:1030B00052583A205061636B6574204572726F728A
:1030C00020526174653A20202020202020202020DA
:1030D00020202020202020202020202020252E30CD
:1030E0003266252520283D25642F25642A3130307D
:1030F000290020202D2052583A2050434320686553
:1031000061646572206E6F742076616C69642063FF
:103110006F756E743A20202020202020202020204F
:1031200020202025640020202D2052583A20504392
:103130004320435243206572726F72733A202020FD
:10314000202020202020202020202020202020207F
:103150002020202020202025640020202D205258CF
:103160003A2050444320435243206572726F727379
:103170003A20202020202020202020202020202035
:103180002020202020202020202020256400202016
:103190002D2052583A2052535349206869676820BD
:1031A0006C6576656C3A202020202020202020208D
:1031B000202020202020202020202020202020250A
:1031C000640020202D2052583A2052535349206C3D
:1031D0006F77206C6576656C3A20202020202020B7
:1031E00020202020202020202020202020202020DF
:1031F00020202025640020202D2052583A205253B0
:10320000534920617665726167653A20202020204D
:1032100020202020202020202020202020202020AE
:103220002020202020202025640020202D205258FE
:103230003A205253534920617665726167653A209E
:10324000202020202020202020202020202020207E
:1032500020202020202020202020204E2F41002030
:10326000202D2052583A207472616E736D6974205B
:10327000706F77657220686967683A202020202087
:10328000202020202020202020202020202020203E
:1032900025642064626D0020202D2052583A20744D
:1032A00072616E736D697420706F776572206C6FD8
:1032B000773A20202020202020202020202020209D
:1032C000202020202020202025642064626D002002
:1032D000202D20525820534E5220686967683A20AA
:1032E00020202020202020202020202020202020DE
:1032F00020202020202020202020202020202020CE
:1033000025640020202D20525820534E52206C6FEF
:10331000773A20202020202020202020202020203C
:10332000202020202020202020202020202020209D
:103330002020202025640020202D20525820534E8C
:103340005220617665726167653A20202020202036
:10335000202020202020202020202020202020206D
:10336000202020202020202025640020202D2052F5
:103370005820534E5220617665726167653A20206D
:10338000202020202020202020202020202020203D
:103390002020202020202020202020204E2F4100EF
:1033A00020202D205258206C6174657374204D4389
:1033B000533A2020202020202020202020202020C0
:1033C00020202020202020202020202020202020FD
:1033D000202564004E6F2052582073796E63682058
:1033E0002D20636F6E74696E75652E004E6F2052CE
:1033F000582073796E6368202D2065786974696E32
:10340000672E00556E657870656374656420525848
:1034100020504343202D206E6F20524620746F6F42
:103420006C2072756E6E696E670072665F746F6F86
:103430006C5F646174612E636D645F706172616D55
:10344000732E6D6F6465203D3D20444543545F50AD
:1034500048595F52465F544F4F4C5F4D4F44455F54
:1034600052585F434F4E54494E554F555300416C8F
:103470006C2072657065746974696F6E7320646F17
:103480006E6520666F722068616E646C65202564CD
:10349000004445435420524620544F4F4C3A205547
:1034A0006E6B6E6F776E206576656E742025642076
:1034B000726563656976656400554E4B4E4F574E95
:1034C0000066616C73650072665F746F6F6C206379
:1034D0006F6D6D616E6420616C72656164792072DC
:1034E000756E6E696E6700444543542050485920FC
:1034F000524620546F6F6C20737461727465643A25
:103500000020204D6F64653A2020202020202020BC
:1035100020202020202020202020202020202020AB
:1035200025730020204368616E6E656C3A20202070
:10353000202020202020202020202020202020208B
:1035400020202564002020436F6E74696E756F75AE
:1035500073206D6F64653A202020202020202020D9
:1035600020202020257300202046696E64205258B8
:103570002053796E633A2020202020202020202014
:1035800020202020202025730020204578706563AE
:103590007465642052582052535349204C65766517
:1035A0006C3A2020202020202564002020506565D2
:1035B00072206D6F64653A2020202020202020207A
:1035C000202020202020202020202573002020469D
:1035D00072616D652052657065617420436F756E10
:1035E000743A202020202020202020202564002044
:1035F000204672616D65206C656E6774682028696D
:103600006E20737562736C6F7473293A2020256481
:103610000020204672616D65206C656E67746820BD
:1036200028696E206D646D207469636B73293A207C
:10363000256C6C75002020545820537461727420DE
:1036400054696D6520537562736C6F74733A2020F2
:1036500020202020256400202054582053756273B8
:103660006C6F7420436F756E743A202020202020E8
:103670002020202020202564002020545820506F36
:1036800073742049646C6520537562736C6F742089
:10369000436F756E743A20202564002020446573C2
:1036A00074696E6174696F6E205472616E736D69B6
:1036B000747465722049443A202025640020205209
:1036C000582053746172742054696D65205375627B
:1036D000736C6F74733A2020202020202564002012
:1036E00020525820537562736C6F7420436F756E4F
:1036F000743A202020202020202020202020256413
:10370000002020525820506F73742049646C65204B
:10371000537562736C6F7420436F756E743A20201A
:1037200025640020205458204C4254205065726972
:103730006F642028696E2073796D626F6C73293A0B
:10374000202025640020205458204C4254205065ED
:1037500072696F642028696E207469636B73293AFB
:103760002020202025640020205458204C42542042
:10377000506572696F642028696E20737562736C7E
:103780006F7473293A20252E303466002020545857
:10379000204C425420506572696F643A20202020EA
:1037A00020202020202020202020204469736162D6
:1037B0006C6564002020545820506F776572202873
:1037C00064426D293A202020202020202020202023
:1037D000202020256400202054582064617461203A
:1037E0006C656E6774682028696E206279746573F1
:1037F000293A2020202564004E6F2072665F746F86
:103800006F6C20636F6D6D616E642072756E6E6992
:103810006E67202D206E6F7468696E6720746F204C
:1038200073746F702E0052585F434F4E54005258BD
:103830005F545800646563745F7068795F72665F97
:10384000746F6F6C5F746800646563745F7068792F
:103850005F72665F746F6F6C5F6576745F68616ED0
:10386000646C657200646563745F7068795F72662A
:103870005F746F6F6C5F73796E63685F7761697493
:103880005F72785F6F705F7363686564756C650005
:10389000646563745F7068795F72665F746F6F6C84
:1038A0005F737461727400646563745F7068795FDC
:1038B00072665F746F6F6C5F72785F6F705F736357
:1038C000686564756C6500646563745F7068795FD2
:1038D00072665F746F6F6C5F74785F6F705F736335
:1038E000686564756C6500646563745F7068795FB2
:1038F00072665F746F6F6C5F72785F6E5F74785F13
:10390000647574795F6379636C655F706572636514
:103910006E745F63616C63756C6174650072616382
:10392000685F74782073746F707065642E00524104
:10393000434820545820646174612028257329204D
:10394000746F6F206C6F6E672E00643A703A6D3A38
:10395000743A693A6A680054686520676976656EEA
:10396000206461746120697320746F6F206C6F6EC6
:103970006720746F20626520656E636F64656420E4
:10398000696E746F204A534F4E2077697468206DBA
:103990006F64656D2074656D7065726174757265B4
:1039A0002E0053656E64696E672064617461202522
:1039B0007320746F20465420257527732072616E22
:1039C000646F6D20616363657373207265736F75D7
:1039D0007263650043616E6E6F742073656E642060
:1039E0006461746120257320746F2046542025750E
:1039F00027732072616E646F6D20616363657373FA
:103A0000207265736F757263652C20657272202554
:103A10006400436C69656E7420545820746F2052A2
:103A200041434820737461727465642E00703A6D6E
:103A30003A743A680053656E64696E672061737307
:103A40006F63696174696F6E2072656C656173651F
:103A500020746F20465420257527732072616E6490
:103A60006F6D20616363657373207265736F757228
:103A700063650043616E6E6F742073656E642061D0
:103A800073736F63696174696F6E2072656C6561D1
:103A9000736520746F20465420257527732072614A
:103AA0006E646F6D20616363657373207265736FFD
:103AB000757263652C2065727220256400417373F2
:103AC0006F63696174696F6E2052656C65617365BF
:103AD00020545820737461727465642E0053656EAF
:103AE00064696E67206173736F63696174696F6E77
:103AF0005F72657120746F204654202575277320EE
:103B000072616E646F6D20616363657373207265AB
:103B1000736F757263650043616E6E6F74207365B9
:103B20006E64206173736F63696174696F6E207274
:103B300065717565737420746F205054202575204D
:103B4000612072616E646F6D2061636365737320C1
:103B50007265736F757263652C20657272202564BF
:103B6000004173736F63696174696F6E2072657170
:103B70007565737420545820737461727465642E73
:103B800000633A743A653A693A4466680043616E84
:103B90006E6F7420737461727420626561636F6EFE
:103BA000207363616E2C206572722025640042656B
:103BB00061636F6E207363616E20737461727465EC
:103BC000642E0053746F7070696E67206265616364
:103BD0006F6E2E00703A633A680043616E6E6F74C8
:103BE00020737461727420626561636F6E2C20654E
:103BF000727220256400426561636F6E2073746188
:103C00007274696E6700646563742D7068792D6DD8
:103C10006163207374617475733A006D616300436E
:103C20006F6D6D616E647320666F72207573696E5F
:103C3000672073616D706C65204D414320636F6D2B
:103C40006D616E6473206F6E20746F70206F6620DC
:103C50006C69626D6F64656D205048592041504910
:103C60002E005573616765206F7074696F6E733ACB
:103C70002064656374206D6163207374617475736F
:103C800000626561636F6E5F737461727400557377
:103C9000616765206F7074696F6E733A2064656345
:103CA00074206D616320626561636F6E5F73746120
:103CB0007274202D680055736167653A20646563EE
:103CC00074206D616320626561636F6E5F73746FF2
:103CD0007000626561636F6E5F7363616E00557340
:103CE000616765206F7074696F6E733A20646563F5
:103CF00074206D616320626561636F6E5F736361E1
:103D00006E202D68006173736F636961746500557F
:103D1000736167653A2064656374206D6163206137
:103D200073736F6369617465202D680064697373D0
:103D30006F63696174650055736167653A206465F6
:103D40006374206D616320646973736F6369617468
:103D500065202D6800726163685F74780055736137
:103D60006765206F7074696F6E733A206465637461
:103D7000206D616320726163685F7478202D680034
:103D80006C6F6E675F72645F6964006765745F6D16
:103D9000646D5F74656D7000636C6561725F6E6207
:103DA000725F63616368650055736167653A20649B
:103DB000656374206D616320726163685F7478204D
:103DC0005B73746F705D207C202D64203C64617493
:103DD000613E205B3C6F7074696F6E733E5D0A4F8D
:103DE0007074696F6E733A0A20202D642C202D2D7B
:103DF00064617461203C646174615F7374723E2C11
:103E000020204461746120746F2062652073656EA8
:103E1000742E0A20202D702C202D2D74785F707741
:103E200072203C696E74656765723E2C2054582080
:103E3000706F776572202864426D292E2044656674
:103E400061756C743A20302064426D2E0A20202D5A
:103E50006D2C202D2D74785F6D6373203C696E741A
:103E6000656765723E2C205458204D4353202869C5
:103E70006E7465676572292E2044656661756C7481
:103E80003A20302E0A20202D742C202D2D6C6F6EA0
:103E9000675F72645F6964203C69643E2C20205433
:103EA0006172676574206C6F6E672072642069644C
:103EB0002E2044656661756C743A2033382E0A20D2
:103EC000202D692C202D2D696E74657276616C2011
:103ED0003C696E74657276616C5F736563733E2CCA
:103EE00020446174612073656E64696E6720696E39
:103EF00074657276616C20696E207365636F6E64A1
:103F0000732E0A2020202020202020202020202066
:103F100020202020202020202020202020202020A1
:103F2000202020202044656661756C743A20302C76
:103F300020646174612073656E74206F6E6C7920EB
:103F40006F6E63652E0A20202D6A2C202D2D67654B
:103F5000745F6D646D5F74656D702C20202020206F
:103F60002020202020202020496E636C756465206D
:103F70006D6F64656D2074656D70657261747572C6
:103F80006520696E20746865207061796C6F61646A
:103F90002E20546865207061796C6F61640A20205E
:103FA0002020202020202020202020202020202011
:103FB0002020202020202020202020202020202001
:103FC000697320656E636F64656420696E204A536F
:103FD0004F4E2E0A4E6F74653A204C425420284CA6
:103FE000697374656E204265666F72652054616CFA
:103FF0006B2920697320656E61626C656420617352
:1040000020612064656661756C7420666F72206142
:10401000206D696E20706572696F642C0A20202003
:1040200020202062757420746865204C4254206DF5
:1040300061782052535349207468726573686F6CBD
:10404000642063616E20626520636F6E66696775C8
:1040500072656420696E2073657474696E67730A93
:1040600020202020202028646563742073657474E8
:10407000202D2D727373695F7363616E5F62757358
:10408000795F7468203C64626D3E292E0A00557386
:104090006167653A2064656374206D6163206469BB
:1040A00073736F6369617465205B3C6F7074696FD3
:1040B0006E733E5D0A53656E6473204173736F6364
:1040C000696174696F6E2052656C65617365206DFE
:1040D0006573736167652E0A4F7074696F6E733A0A
:1040E0000A20202D742C202D2D6C6F6E675F72645A
:1040F0005F6964203C69643E2C20205461726765CE
:1041000074206C6F6E672072642069642E20446591
:104110006661756C743A2033382E0A20202D702C7D
:10412000202D2D74785F707772203C696E746567FE
:1041300065723E2C20545820706F77657220286479
:10414000426D292E2044656661756C7420302064B0
:10415000426D2E0A20202D6D2C202D2D74785F6D40
:104160006373203C696E74656765723E2C205458F9
:10417000204D43532028696E7465676572292E208F
:1041800044656661756C743A20302E0A4E6F746512
:104190003A204C425420284C697374656E20426565
:1041A000666F72652054616C6B2920697320656E9F
:1041B00061626C656420617320612064656661756D
:1041C0006C7420666F722061206D696E207065725C
:1041D000696F642C0A2020202020206275742074CE
:1041E0006865204C4254206D617820525353492019
:1041F0007468726573686F6C642063616E206265B9
:1042000020636F6E6669677572656420696E2073DE
:10421000657474696E67730A20202020202028644A
:104220006563742073657474202D2D727373695FD8
:104230007363616E5F627573795F7468203C64625A
:104240006D3E292E0A0055736167653A20646563E7
:1042500074206D6163206173736F6369617465209D
:104260005B3C6F7074696F6E733E5D0A53656E647C
:1042700073204173736F63696174696F6E20526557
:1042800071756573742E0A4F7074696F6E733A0A94
:1042900020202D742C202D2D6C6F6E675F72645F53
:1042A0006964203C69643E2C202054617267657407
:1042B000206C6F6E672072642069642E20446566EE
:1042C00061756C743A2033382E0A20202D702C2012
:1042D0002D2D74785F707772203C696E7465676508
:1042E000723E2C20545820706F77657220286442EB
:1042F0006D292E2044656661756C743A2030206407
:10430000426D2E0A20202D6D2C202D2D74785F6D8E
:104310006373203C696E74656765723E2C20545847
:10432000204D43532028696E7465676572292E20DD
:1043300044656661756C743A20302E0A4E6F746560
:104340003A204C425420284C697374656E204265B3
:10435000666F72652054616C6B2920697320656EED
:1043600061626C65642061732061206465666175BB
:104370006C7420666F722061206D696E20706572AA
:10438000696F642C0A20202020202062757420741C
:104390006865204C4254206D617820525353492067
:1043A0007468726573686F6C642063616E20626507
:1043B00020636F6E6669677572656420696E20732D
:1043C000657474696E67730A202020202020286499
:1043D0006563742073657474202D2D727373695F27
:1043E0007363616E5F627573795F7468203C6462A9
:1043F0006D3E292E0A00537461727473206120632C
:104400006C757374657220626561636F6E20776985
:1044100074682074686520636F6E6669677572657D
:10442000642073657474696E677320616E642067BD
:104430006976656E20706172616D65746572732E48
:104440000A0A55736167653A2064656374206D617B
:104450006320626561636F6E5F7374617274205B69
:104460003C6F7074696F6E733E5D0A4F7074696F54
:104470006E733A0A20202D63203C696E746567656F
:10448000723E2C20202020202020202020202020B0
:10449000202055736564206368616E6E656C2066CC
:1044A0006F72206120626561636F6E2E0A2020208A
:1044B00020202020202020202020202020202020FC
:1044C000202020202020202020202052616E67659F
:1044D000733A2062616E642023313A2031363537D9
:1044E0002D3136373720286F6E6C79206F64642049
:1044F0006E756D62657273292C0A202020202020A1
:1045000020202020202020202020202020202020AB
:10451000202020202020202062616E642023322071
:10452000313638302D313730302C2062616E6420C6
:104530002334203532352D3535312C2062616E64BF
:1045400020233920313730332D313731312C0A20B7
:10455000202020202020202020202020202020205B
:104560002020202020202020202020202062616E7A
:10457000642023323220313639312D313731312E1A
:104580000A20202020202020202020202020202041
:1045900020202020202020202020202020202044F7
:1045A000656661756C743A20302C20692E652E206A
:1045B0006175746F6D617469632073656C65637494
:1045C000696F6E206F660A20202020202020202086
:1045D00020202020202020202020202020202020DB
:1045E0002020202020667265652F706F73736962CA
:1045F0006C65206368616E6E656C206F6E20612053
:104600007365742062616E642E0A20202D702C2048
:104610002D2D74785F707772203C64626D3E2C2083
:1046200020202020202020205365742062656163B3
:104630006F6E2062726F61646361737420706F7754
:104640006572202864426D292C2064656661756C52
:10465000743A202D31362E0A2020202020202020C0
:10466000202020202020202020202020202020204A
:104670002020202020205B2D34302C2D33302C2D79
:1046800032302C2D31362C2D31322C2D382C2D342E
:104690002C302C342C372C31302C31332C31362C1F
:1046A00031392C32312C32335D0A00557361676524
:1046B0003A2064656374206D616320626561636F95
:1046C0006E5F7363616E205B2D63203C6368616E77
:1046D0006E656C3E5D205B3C6F746865725F6F70E9
:1046E00074696F6E733E5D0A4F7074696F6E733AD2
:1046F0000A20202D63203C696E74656765723E2C2C
:1047000020202020202020202020202020202020A9
:1047100020202020202020204368616E6E656C20C0
:104720006E627220746F206265207363616E6E65C5
:104730006420666F72206120626561636F6E2E0A6D
:104740002020202020202020202020202020202069
:104750002020202020202020202020202020202059
:104760002020202020202052616E6765733A20624D
:10477000616E642023313A20313635372D3136379A
:10478000372C2062616E6420233220313638302D80
:10479000313730302C0A20202020202020202020DB
:1047A0002020202020202020202020202020202009
:1047B0002020202020202020202020202062616E28
:1047C00064202334203532352D3535312C2062617B
:1047D0006E6420233920313730332D313731312C7D
:1047E0000A202020202020202020202020202020DF
:1047F00020202020202020202020202020202020B9
:10480000202020202020202062616E64202332326C
:1048100020313639312D313731312E205A65726FC2
:104820002076616C75653A20616C6C20696E206140
:10483000207365742062616E642E0A20202020207F
:104840002020202020202020202020202020202068
:104850002020202020202020202020202020202058
:10486000202044656661756C743A20313636352EE9
:104870000A20202D742C202D2D7363616E5F7469C6
:104880006D65203C696E74656765723E2C20202042
:1048900020202020202020205363616E6E696E67E7
:1048A000206475726174696F6E20696E2073656330
:1048B0006F6E6473202864656661756C743A203489
:1048C000207365636F6E6473292E0A20202D652C7A
:1048D000202D2D72785F6578705F727373695F6CDD
:1048E0006576656C203C696E74656765723E2C2048
:1048F0002020536574206578706563746564205268
:10490000535349206C6576656C206F6E206120736F
:1049100063616E205258202864426D292E0A20209F
:104920002020202020202020202020202020202087
:104930002020202020202020202020202020202077
:10494000202020202044656661756C743A20302058
:1049500028414743292E0A20202D442C202D2D6349
:104960006C6561725F6E62725F63616368652C2063
:104970002020202020202020202020202020436CC8
:10498000656172206E65696768626F722073746F0B
:10499000726167652E0A20202D662C202D2D666FF2
:1049A0007263652C20202020202020202020202021
:1049B000202020202020202020202020205573652A
:1049C000207370656369616C20666F726365207423
:1049D0006F206F76657272696465206375727265A7
:1049E0006E74206974656D730A20202020202020B9
:1049F00020202020202020202020202020202020B7
:104A000020202020202020202020202020202020A6
:104A1000696E2061207363686564756C65722073CC
:104A20006F207468617420626561636F6E207363C8
:104A3000616E732068617665207072696F72697447
:104A4000792E0A2020202020202020202020202015
:104A50002020202020202020202020202020202056
:104A6000202020202020202020204E6F74653A2016
:104A70007768656E20757365642C206F7468657245
:104A80002072756E6E696E67206974656D73206142
:104A900072650A2020202020202020202020202095
:104AA0002020202020202020202020202020202006
:104AB000202020202020202020206E6F742073636F
:104AC000686564756C656420746F206D6F64656DD6
:104AD0002E0A466F6C6C6F77696E67206F70746911
:104AE0006F6E73206F6E6C7920696D706163747383
:104AF000206F6E2052535349206D65617375726546
:104B00006D656E747320647572696E672052583AD1
:104B10000A20202D69203C696E74657276616C5F95
:104B2000736563733E2C20202020202020205253C8
:104B30005349206D6561737572656D656E74207281
:104B400065706F7274696E6720696E7465727661E4
:104B50006C20696E207365636F6E64732E0A20206B
:104B60002020202020202020202020202020202045
:104B700020202020202020202020204465666175F0
:104B80006C743A2031207365636F6E64732C2075EA
:104B90007365207A65726F20746F20646973616237
:104BA0006C652E0A20202D2D667265655F74682065
:104BB0003C64626D5F76616C75653E2C2020202020
:104BC000204368616E6E656C20616363657373205A
:104BD0002D20636F6E736964657265642061732054
:104BE000667265653A0A202020202020202020209F
:104BF00020202020202020202020202020202020B5
:104C00002020206D65617375726564207369676E1D
:104C1000616C206C6576656C203C3D203C76616C57
:104C200075653E2E0A2020202020202020202020D4
:104C30002020202020202020202020202020202074
:104C400020205365742061207468726573686F6CEE
:104C50006420666F722052535349207363616E2043
:104C600066726565207468726573686F6C6420286D
:104C700064426D292E0A2020202020202020202080
:104C80002020202020202020202020202020202024
:104C900020202044656661756C742066726F6D20FB
:104CA000727373695F7363616E5F627573795F744A
:104CB000680A2020202020202020202020202020C2
:104CC00020202020202020202020202020202043C1
:104CD00068616E6E656C20616363657373202D205F
:104CE000636F6E7369646572656420617320706FB1
:104CF000737369626C653A0A2020202020202020EE
:104D000020202020202020202020202020202020A3
:104D10002020202020627573795F7468203E3D203A
:104D20006D65617375726564207369676E616C206F
:104D30006C6576656C203E20667265655F74680AF6
:104D400020202D2D627573795F7468203C64626D3C
:104D50005F76616C75653E2C2020202020436861C1
:104D60006E6E656C20616363657373202D20636FC5
:104D70006E7369646572656420617320627573790E
:104D80003A0A20202020202020202020202020201F
:104D90002020202020202020202020202020206DC6
:104DA00065617375726564207369676E616C206CF0
:104DB0006576656C203E203C76616C75653E2E0AFA
:104DC00020202020202020202020202020202020E3
:104DD0002020202020202020202020202053657407
:104DE0002061207468726573686F6C6420666F72EE
:104DF0002052535349207363616E2062757379208A
:104E00007468726573686F6C64202864426D292E23
:104E10000A202020202020202020202020202020A8
:104E20002020202020202020202020202020446519
:104E30006661756C742066726F6D20727373695F42
:104E40007363616E5F667265655F74680A002573DF
:104E50003A2063616E6E6F742054582062656163FE
:104E60006F6E3A2025730025733A2063616E6E6F72
:104E70007420545820636C69656E74206461746199
:104E80002064756520746F204C42542C2063686147
:104E90006E6E656C2077617320627573790025737F
:104EA0003A2063616E6E6F7420545820636C69659C
:104EB0006E7420646174613A2025730025733A2072
:104EC000636C69656E74206173736F636961746587
:104ED00064206267207363616E206661696C65643B
:104EE0003A2025730025733A2063616E6E6F74203B
:104EF0007374617274204C4D532052535349207384
:104F000063616E3A2025730025733A2063616E6EEB
:104F10006F742073746172742052412052583A2089
:104F200025732C2068616E646C6520256400436CD9
:104F300069656E74206461746120545820636F6DDC
:104F4000706C657465642E00545820666F72204141
:104F500073736F63696174696F6E205265717565F3
:104F6000737420636F6D706C657465642E005258A5
:104F700020666F72204173736F63696174696F6E2D
:104F800020526573706F6E736520636F6D706C6512
:104F90007465642E00426561636F6E20545820660C
:104FA0006F72204173736F63696174696F6E205211
:104FB00065737020636F6D706C657465642E00544A
:104FC0005820666F72204173736F63696174696FF3
:104FD0006E2052656C6561736520636F6D706C65E2
:104FE0007465642E0028257329205068792061702B
:104FF00069206E6F7420696E697469616C697A6585
:10500000640043616E6E6F742073746172742072F9
:10501000737369207363616E2C206572722025643E
:1050200000282573293A204E6F20726573706F6EC9
:10503000736520666F722052535349207363616E0B
:10504000206F722052535349207363616E20666152
:10505000696C65642E004E6F206368616E6E656CCE
:1050600020666F756E6420666F7220626561636F83
:105070006E2E004368616E6E656C2025642077613A
:10508000732063686F73656E20666F722074686545
:1050900020626561636F6E2E004661696C656420F5
:1050A000746F20737461727420626561636F6E2027
:1050B00054583A2065727220256400426561636F1E
:1050C0006E20545820737461727465642E004265BA
:1050D00061636F6E20545820636F756C646E277423
:1050E00020626520737461727465642E004265618C
:1050F000636F6E20616C7265616479207374617294
:1051000074656400426561636F6E20545820737447
:105110006F7070656420627920757365722E00422D
:105120006561636F6E2054582073746F707065648E
:105130002C2063617573653A2025732E00417373CB
:105140006F63696174652072657120746F205241CC
:10515000207265736F75726365207265717569720F
:105160006573204C425420746F206265207573650E
:10517000642C20636F6E74696E7565202D2D20621E
:1051800075742063757272656E7420726164696FE4
:10519000206D6F646520697320257320616E642023
:1051A0006F7065726174696F6E2077696C6C2066D0
:1051B00061696C20696E206D6F64656D2E004361BE
:1051C0006E6E6F7420737461727420636C69656EA7
:1051D000745F6173736F63696174653A202564005D
:1051E00043616E6E6F7420737461727420636C69B6
:1051F000656E745F646973736F63696174653A2087
:1052000025640043616E6E6F742073746172742044
:10521000636C69656E745F726163685F74783A206D
:10522000256400646563745F7068795F6D61635FB6
:105230006374726C5F626561636F6E5F73746172D9
:10524000745F776F726B5F68616E646C6572006427
:105250006563745F7068795F6D61635F6374726CBE
:105260005F74685F7068795F6170695F6D646D5FBE
:105270006F705F636F6D706C6574655F636200551E
:1052800073657220496E69746961746564004C4D80
:105290005320726573756C746564204255535920B0
:1052A0006F6E20626561636F6E207478004C4D53A1
:1052B00020726573756C7465642042555359206F74
:1052C0006E205241434800282573293A20466169DF
:1052D0006C656420746F206164642070616464692B
:1052E0006E673A206572722025642028636F6E74A1
:1052F000696E75652900282573293A204265616326
:105300006F6E20616C72656164792072756E6E6972
:105310006E6700282573293A204661696C65642010
:10532000746F20656E636F646520626561636F6E84
:1053300000282573293A20646563745F7068795F7B
:105340006170695F7363686564756C65725F6C69D1
:1053500073745F6974656D5F616C6C6F635F7478A3
:105360005F656C656D656E74206661696C65643A35
:10537000204E6F206D656D6F727920746F205458C8
:10538000206120626561636F6E00282573293A20D1
:10539000646563745F7068795F6170695F73636887
:1053A0006564756C65725F6C6973745F6974656D53
:1053B0005F616464206661696C656420666F722059
:1053C00052535349206D6561737572656D656E74D6
:1053D000202D2D20636F6E74696E7565002825730E
:1053E000293A20646563745F7068795F6170695FF2
:1053F0007363686564756C65725F6C6973745F690B
:1054000074656D5F61646420666F72205241434829
:10541000206661696C6564005363686564756C65DA
:105420006420626561636F6E2054583A20696E741F
:10543000657276616C2025646D732C207478207001
:1054400077722025642064626D2C206368616E6E23
:10545000656C2025642C207061796C6F616420502C
:105460004455206279746520636F756E743A202507
:105470006400282573293A204661696C65642074AC
:105480006F2072652D656E636F6465206265616370
:105490006F6E00426561636F6E206E6F742072756F
:1054A0006E6E696E6720616E6420726563656976F1
:1054B0006564204173736F63696174696F6E205214
:1054C00065712066726F6D20257520283078253033
:1054D0003478290A00556E737570706F7274656444
:1054E00020736C6F742F6D637320636F6D62696ED0
:1054F0006174696F6E0A00436C7573746572206223
:105500006561636F6E207374617475733A00202057
:10551000426561636F6E2072756E6E696E673A20C8
:105520002573002020426561636F6E206368616EA1
:105530006E656C3A20202020202020202020202072
:10554000202020202564002020426561636F6E20AA
:10555000747820706F7765723A20202020202020F8
:10556000202020202020202025642064426D00205F
:1055700020426561636F6E20696E74657276616C3E
:105580003A20202020202020202020202020202001
:105590002564206D73002020426561636F6E20706A
:1055A00061796C6F61642050445520627974652084
:1055B000636F756E743A20256400434D414B455F1F
:1055C000534F555243455F4449522F7372632F64C2
:1055D0006563742F6D61632F646563745F706879B0
:1055E0005F6D61635F636C75737465725F62656143
:1055F000636F6E2E63006C6173745F7263765F74A9
:10560000696D65203C206E6F775F7263765F7469A9
:105610006D6500646563745F7068795F6D61635F79
:10562000636C75737465725F626561636F6E5F61F1
:1056300073736F63696174696F6E5F726573705FB6
:105640007064755F656E636F646500646563745F45
:105650007068795F6D61635F636C75737465725FA9
:10566000626561636F6E5F6173736F6369617469B3
:105670006F6E5F7265715F68616E646C6500646512
:1056800063745F7068795F6D61635F636C75737479
:1056900065725F626561636F6E5F7570646174658A
:1056A00000646563745F7068795F6D61635F636CEC
:1056B00075737465725F626561636F6E5F656E635B
:1056C0006F646500646563745F7068795F6D6163C2
:1056D0005F636C75737465725F626561636F6E5F43
:1056E00074785F737461727400282573293A204EB0
:1056F0006F206173736F63696174696F6E20646199
:10570000746120666F756E6420666F7220746172BA
:10571000676574206C6F6E67207264206964202551
:105720007500282573293A204261636B67726F7593
:105730006E64207363616E20636F6D706C65746559
:105740006420666F7220746172676574206C6F6E7E
:10575000672072642069642025752E20436175736B
:10576000653A207573657220696E69746961746544
:105770006400434D414B455F534F555243455F4491
:1057800049522F7372632F646563742F6D61632FA9
:10579000646563745F7068795F6D61635F636C6992
:1057A000656E742E6300696E666F2D3E636175735E
:1057B00065203D3D20444543545F5048595F4D416D
:1057C000435F4E42525F42475F5343414E5F4F50EB
:1057D0005F434F4D504C455445445F4341555345FD
:1057E0005F554E524541434841424C450028257380
:1057F000293A204261636B67726F756E6420736330
:10580000616E20636F6D706C6574656420666F7285
:1058100020746172676574206C6F6E6720726420FB
:1058200069642025752E2043617573653A20756E75
:10583000726561636861626C6520666F72206120C9
:105840002564206D736563732E004173736F636904
:105850006174696F6E20726573706F6E736520740A
:10586000696D656F75743A206E6F74206173736F24
:10587000636961746564207769746820646576691A
:105880006365206C6F6E6720524420494420256474
:1058900000282573293A204E6F206173736F636966
:1058A0006174696F6E206461746120666F756E64E7
:1058B00020666F72207472616E736D6974746572A4
:1058C00020696420257500282573293A20617373A7
:1058D0006F636961746564207769746820646576B4
:1058E000696365202564202D207374617274696E6C
:1058F00067206261636B67726F756E6420736361AA
:105900006E00282573293A20646563745F70687996
:105910005F6D61635F6E62725F62675F7363616E2A
:105920005F7374617274206661696C656400746190
:10593000726765745F6E62722D3E72615F69652E7B
:10594000726570656174203D3D20444543545F504D
:1059500048595F4D41435F52415F52455045415464
:105960005F545950455F535542534C4F5453002890
:105970002573293A204661696C656420746F20653F
:105980006E636F64652061206173736F6369617416
:10599000696F6E2072657100282573293A2046616F
:1059A000696C656420746F20676574206E65787417
:1059B00020524143482054582074696D65002825C1
:1059C00073293A20646563745F7068795F617069F8
:1059D0005F7363686564756C65725F6C6973745F2F
:1059E0006974656D5F616C6C6F635F74785F656C23
:1059F000656D656E74206661696C65643A204E6FF2
:105A0000206D656D6F727920746F2054582061206D
:105A10006173736F63696174696F6E207265710081
:105A2000282573293A20646563745F7068795F6123
:105A300070695F7363686564756C65725F6C6973C8
:105A4000745F6974656D5F616C6C6F635F72785FC2
:105A5000656C656D656E74206661696C6564005384
:105A600063686564756C65642072616E646F6D2037
:105A700061636365737320646174612054582F52AD
:105A8000583A0A2020746172676574206C6F6E67E3
:105A900020726420696420257520283078253038EC
:105AA00078292C2073686F727420726420696420D6
:105AB00025752028307825303478292C0A20207448
:105AC0006172676574203332626974206E77206971
:105AD000642025752028307825303878292C2074CA
:105AE00078207077722025642064626D2C0A202053
:105AF0006368616E6E656C2025642C207061796C22
:105B00006F616420504455206279746520636F751D
:105B10006E743A2025642C0A2020626561636F6EE2
:105B200020696E74657276616C2025642C20667223
:105B3000616D652074696D6520256C6C642C206234
:105B40006561636F6E2072656365697665642025A3
:105B50006C6C6400282573293A204D617820616DB2
:105B60006F756E74206F66206173736F6369617403
:105B7000656420636C69656E747300282573293A27
:105B8000204173736F63696174696F6E2065786912
:105B900073747320666F7220746172676574206C11
:105BA0006F6E67207264206964202575202D206344
:105BB0006F6E74696E756500282573293A206465D7
:105BC00063745F7068795F6D61635F636C69656E54
:105BD000745F6173736F63696174655F6D73675F31
:105BE00073656E64206661696C65643A20256400A3
:105BF000282573293A204661696C656420746F20FA
:105C0000656E636F6465206173736F636961746946
:105C10006F6E2072656C6561736520726571002816
:105C20002573293A20646563745F7068795F6170D9
:105C3000695F7363686564756C65725F6C697374C2
:105C40005F6974656D5F616C6C6F635F74785F65CD
:105C50006C656D656E74206661696C65643A204E92
:105C60006F206D656D6F727920746F2054582061BC
:105C7000206173736F63696174696F6E2072656C04
:105C8000656173652072657100282573293A204E7D
:105C90006F74206173736F636961746564207769E1
:105CA000746820646576696365202564007B2264DE
:105CB000617461223A222573222C226D5F746D700B
:105CC000223A224E2F41227D007B226461746122A0
:105CD0003A222573222C226D5F746D70223A2225A0
:105CE00064227D00282573293A20426561636F6E26
:105CF0002077697468206C6F6E6720524420494495
:105D000020257520686173206E6F74206265656E52
:105D1000207365656E20696E207363616E20726505
:105D200073756C747300282573293A204661696C79
:105D3000656420746F20656E636F646520636C69B1
:105D4000656E742064617461207064750028257329
:105D5000293A20646563745F7068795F6170695F78
:105D60007363686564756C65725F6C6973745F6991
:105D700074656D5F616C6C6F635F74785F656C6593
:105D80006D656E74206661696C65643A204E6F20A3
:105D90006D656D6F727920746F2054582061206496
:105DA00061746120746F20465400536368656475A4
:105DB0006C65642072616E646F6D206163636573EE
:105DC0007320646174612054583A0A20207461720F
:105DD000676574206C6F6E6720726420696420258B
:105DE000752028307825303878292C2073686F7218
:105DF000742072642069642025752028307825304D
:105E00003478292C0A20207461726765742033323B
:105E1000626974206E7720696420257520283078A7
:105E200025303878292C20747820707772202564EA
:105E30002064626D2C0A20206368616E6E656C20A0
:105E400025642C207061796C6F616420504455206A
:105E50006279746520636F756E743A2025642C0A2C
:105E60002020626561636F6E20696E746572766171
:105E70006C2025642C206672616D652074696D65E7
:105E800020256C6C642C20626561636F6E207265E6
:105E900063656976656420256C6C64002825732928
:105EA0003A20636C69656E745F726163685F7478D1
:105EB000206661696C65643A20256400436C6965FD
:105EC0006E74207374617475733A0020204173738B
:105ED0006F63696174696F6E202325643A206C6F6B
:105EE0006E67205244204944202575006465637420
:105EF0005F7068795F6D61635F636C69656E745F25
:105F0000646174615F7064755F656E636F64650082
:105F1000646563745F7068795F6D61635F636C690A
:105F2000656E745F726163685F7478006465637442
:105F30005F7068795F6D61635F636C69656E745FE4
:105F4000726163685F74785F776F726B657200640B
:105F50006563745F7068795F6D61635F636C6965C9
:105F60006E745F6173736F63696174696F6E5F7282
:105F7000656C5F7064755F656E636F646500646512
:105F800063745F7068795F6D61635F636C69656E90
:105F9000745F646973736F63696174655F6D736760
:105FA0005F73656E6400646563745F7068795F6DCC
:105FB00061635F636C69656E745F646973736F635B
:105FC0006961746500646563745F7068795F6D61B1
:105FD000635F636C69656E745F6173736F6369613E
:105FE00074655F726573705F68616E646C65006490
:105FF0006563745F7068795F6D61635F636C696529
:106000006E745F6E62725F7363616E5F636F6D70FB
:106010006C657465645F636200646563745F706877
:10602000795F6D61635F636C69656E745F617373E3
:106030006F63696174696F6E5F7265715F706475BB
:106040005F656E636F646500646563745F70687933
:106050005F6D61635F636C69656E745F6173736FBD
:1060600063696174655F6D73675F73656E64006417
:106070006563745F7068795F6D61635F636C6965A8
:106080006E745F6173736F636961746500434D4142
:106090004B455F534F555243455F4449522F7372EE
:1060A000632F646563742F6D61632F646563745F30
:1060B0007068795F6D61635F7064752E63006D75E4
:1060C000785F6865616465725F696E2D3E6D6163BE
:1060D0005F657874203D3D20444543545F504859E6
:1060E0005F4D41435F4558545F31364249545F4CE0
:1060F000454E007364755F6C6973745F6974656D98
:106100002D3E6D6573736167652E646174615F73A5
:1061100064752E646C635F69655F74797065203D9A
:106120003D20444543545F5048595F4D41435F44CF
:106130004C435F49455F545950455F534552565F44
:10614000305F574954484F55545F524F5554494E4C
:1061500047004661696C656420746F206465636FF5
:106160006465204D4143204D555820686561646544
:10617000720A004E6F206D656D6F727920746F200A
:106180006465636F64652053445573210A00556E3E
:10619000737570706F7274656420444C4320494578
:1061A00020747970650A004661696C656420746FBB
:1061B000206465636F646520436C75737465722039
:1061C000426561636F6E0A004661696C65642074A4
:1061D0006F206465636F64652052414348204945E0
:1061E0000A004661696C656420746F206465636FA2
:1061F0006465204173736F63696174696F6E2052C7
:10620000657175657374206D6573736167650A00E8
:106210004661696C656420746F206465636F6465B2
:10622000204173736F63696174696F6E2052657387
:10623000706F6E7365206D6573736167650A0046E4
:1062400061696C656420746F206465636F646520A8
:106250004173736F63696174696F6E2052656C6519
:10626000617365206D6573736167650A00556E6BB8
:106270006E6F776E00556E6B6E6F776E20444C4379
:10628000204945207479706500436F6E6E656374B4
:10629000696F6E207465726D696E6174696F6E2EC0
:1062A000004D6F62696C6974792E004C6F6E6720C7
:1062B000496E61637469766974792E00496E636F03
:1062C0006D70617469626C6520436F6E6669677595
:1062D000726174696F6E2E004E6F20737566666909
:1062E0006369656E742048572F6D656D6F727920F4
:1062F0007265736F757263652E004E6F20737566DD
:1063000066696369656E7420726164696F20726585
:10631000736F75726365732E0042616420726164ED
:10632000696F207175616C6974792E0053656375AE
:1063300072697479206572726F722E0053686F7281
:106340007420524420494420436F6E666C69637424
:1063500020646574656374656420696E2050542000
:10636000736964652E0053686F727420524420492B
:106370004420436F6E666C69637420646574656362
:1063800074656420696E20465420736964652E002C
:106390004E6F74206173736F63696174656420501C
:1063A000542E004E6F74206173736F63696174655E
:1063B000642046542E004E6F74206F7065726174B5
:1063C000696E6720696E204654206D6F64652E00EB
:1063D0004F74686572206572726F722E004461742A
:1063E000613A20444C43205365727669636520749A
:1063F00079706520302077697468206120726F752C
:1064000074696E67206865616465720044617461D7
:106410003A20444C43205365727669636520747951
:106420007065203020776974686F75742061207200
:106430006F7574696E672068656164657200446198
:1064400074613A20444C4320536572766963652039
:10645000747970652031206F722032206F72203382
:106460002077697468206120726F7574696E672087
:1064700068656164657200446174613A20444C430C
:1064800020536572766963652074797065203120C8
:106490006F722032206F72203320776974686F75B5
:1064A00074206120726F7574696E6720686561641D
:1064B000657200444C432054696D65727320636FAC
:1064C0006E66696775726174696F6E20636F6E7452
:1064D000726F6C20494500444C43206573636170C2
:1064E0006500496E697469616C206173736F6369DB
:1064F0006174696F6E2E004173736F6369617469B3
:106500006F6E20746F2072657175657374206E658F
:106510007720736574206F6620666C6F77732E002A
:106520004173736F63696174696F6E206475652070
:10653000746F206D6F62696C6974792E0052652DDD
:106540006173736F63696174696F6E2061667465EE
:1065500072206572726F722E004368616E676520EB
:106560006F66206F776E206F7065726174696E67F9
:10657000206368616E6E656C2E004368616E6765AE
:10658000206F7065726174696E67206D6F64652E2F
:1065900000506167696E6720726573706F6E736516
:1065A0002E0053696E676C6520616C6C6F6361745B
:1065B000696F6E202D206E6F20726570657469742E
:1065C000696F6E20616E642076616C6964697479AC
:1065D000206669656C6473005265706561746564FA
:1065E00020696E2074686520666F6C6C6F77696EC9
:1065F00067206672616D657320617320696E207219
:10660000657065746974696F6E20616E642076616F
:106610006C6964697479206669656C64730052659D
:1066200070656174656420696E2074686520666FAA
:106630006C6C6F77696E6720737562736C6F7473BF
:1066400020617320696E2072657065746974696F6A
:106650006E20616E642076616C696469747920666D
:1066600069656C64730052657365727665642E00AB
:1066700050616464696E67202831206279746529ED
:1066800000526164696F20446576696365205374C4
:1066900061747573204945004573636170650050EE
:1066A000616464696E67202830206279746529000E
:1066B000436F6E66696775726174696F6E205265AB
:1066C0007175657374204945004B65657020616C78
:1066D000697665204945004D4143205365637572D5
:1066E00069747920496E666F204945005061646481
:1066F000696E6700486967686572206C61796572C8
:10670000207369676E616C6C696E67202D20666C02
:106710006F77203100486967686572206C61796520
:1067200072207369676E616C6C696E67202D2066DC
:106730006C6F772032005573657220706C616E65E6
:106740002064617461202D20666C6F7720310055C4
:1067500073657220706C616E652064617461202DB8
:1067600020666C6F772032005573657220706C6103
:106770006E652064617461202D20666C6F77203314
:10678000005573657220706C616E65206461746180
:10679000202D20666C6F772034004E6574776F7201
:1067A0006B20426561636F6E206D65737361676511
:1067B00000436C757374657220426561636F6E206F
:1067C0006D657373616765004173736F63696174AD
:1067D000696F6E2052657175657374206D65737392
:1067E000616765004173736F63696174696F6E20DF
:1067F000526573706F6E7365206D65737361676545
:10680000004173736F63696174696F6E2052656CC8
:1068100065617365206D65737361676500526563BB
:106820006F6E66696775726174696F6E205265710B
:1068300075657374206D6573736167650052656378
:106840006F6E66696775726174696F6E20526573E9
:10685000706F6E7365206D65737361676500416469
:10686000646974696F6E616C204D4143206D65737E
:10687000736167657300526F75746520496E666F4A
:10688000204945005265736F7572636520616C6CB9
:106890006F636174696F6E2049450052616E646F69
:1068A0006D20416363657373205265736F75726306
:1068B00065204945005244206361706162696C69DA
:1068C0007479204945004E65696768626F75726921
:1068D0006E672049450042726F6164636173742082
:1068E000496E6469636174696F6E2049450047723F
:1068F0006F75702041737369676E6D656E742049A2
:1069000045004C6F616420496E666F20494500491F
:1069100045207479706520657874656E73696F6E53
:10692000004D414320736563757269747920697302
:10693000206E6F742075736564004D41432073654C
:106940006375726974792C206E6F204945004D4142
:106950004320736563757269747920776974682060
:1069600049450052442042726F61646361737469E7
:106970006E67204865616465720052657365727662
:1069800065640044415441204D414320504455200A
:1069900068656164657200426561636F6E20486579
:1069A0006164657200556E69636173742048656146
:1069B0006465720003080B074E65696768626F7251
:1069C0002077697468206C6F6E6720726420696438
:1069D0002025752028307825303878292C207368B8
:1069E0006F727420726420696420257520283078C5
:1069F00025303478292C206368616E6E656C202503
:106A0000642C2073746F72656420746F206E6272E0
:106A1000206C6973742E0025733A2063616E6E6F6B
:106A2000742073746F7265207363616E6E696E6734
:106A3000206E627220726573756C7420666F7220AE
:106A40006C6F6E67207264206964202575004E6546
:106A5000696768626F722077697468206C6F6E670F
:106A6000207264206964202575202830782530380C
:106A700078292C2073686F727420726420696420F6
:106A800025752028307825303478292C206E772001
:106A9000283234626974204D53423A2025752028EB
:106AA000307825303678292C2038626974204C5390
:106AB000423A202575202830782530327829292C33
:106AC000206368616E6E656C2025640A20207570F5
:106AD000646174656420776974682074696D6520E9
:106AE000256C6C75202874696D65207368696674FF
:106AF00020256C6C64206D646D207469636B732950
:106B000020746F206E6272206C6973742E004E6563
:106B1000696768626F72206C697374207374617442
:106B200075733A0020204E65696768626F72202590
:106B3000643A002020206E6574776F726B204944A0
:106B400020283234626974204D5342293A20257539
:106B5000202830782530367829002020206E657472
:106B6000776F726B204944202838626974204C5337
:106B700042293A202025752028307825303278297E
:106B8000002020206E6574776F726B2049442028A6
:106B90003332626974293A2020202020257520286C
:106BA00030782530367829002020206C6F6E6720E1
:106BB00052442049443A2020202020202020202018
:106BC00020202025750020202073686F72742052C9
:106BD000442049443A20202020202020202020202A
:106BE000202575002020206368616E6E656C3A2058
:106BF0002020202020202020202020202020202590
:106C000075002020204C617374207365656E3A20F6
:106C1000202020202020202020202020202564202B
:106C20006D736563732061676F00646563745F7083
:106C300068795F6D61635F6E62725F696E666F5FD8
:106C400073746F72655F6E5F757064617465002840
:106C50002573293A2062675F7363616E5F646174B4
:106C600061206E6F7420666F756E64202868616E97
:106C7000646C652025642900434D414B455F534FAB
:106C8000555243455F4449522F7372632F646563C5
:106C9000742F6D61632F646563745F7068795F6DD5
:106CA00061635F6E62725F62675F7363616E2E63C2
:106CB00000706172616D7320262620706172616DB3
:106CC000732D3E7461726765745F6E627200424735
:106CD000207363616E20616C7265616479207275E6
:106CE0006E6E696E67207769746820706879206FAE
:106CF000702068616E646C65202575004E6F20669B
:106D0000726565204247207363616E20646174611F
:106D100020736C6F74004247207363616E20697446
:106D2000656D206E6F7420666F756E6420666F727D
:106D300020706879206F702068616E646C65202512
:106D400075002020204261636B67726F756E64204E
:106D50007363616E207374617475733A0020202030
:106D6000202052756E6E696E673A2066616C73659D
:106D70000A00202020202052756E6E696E673A202E
:106D800074727565002020202020506879206F7073
:106D90002068616E646C653A2020257500202020F3
:106DA00020204C617374207365656E3A206E6576A1
:106DB00065720020202020204C617374207365656B
:106DC0006E3A202020202020256C6C64206D736595
:106DD00063732061676F0020202020204C61737452
:106DE0002074696D657374616D703A20256C6C75E3
:106DF000206D646D207469636B7300202020202057
:106E00004D6574726963733A002020202020202091
:106E10005363616E20696E666F207570646174657E
:106E20006420636F756E743A20202020202020207B
:106E300020202020257500202020202020205363A2
:106E4000616E2073746172746564206F6B20636F70
:106E5000756E743A20202020202020202020202021
:106E60002020257500202020202020205363616EE3
:106E7000207374617274206661696C20636F756E33
:106E8000743A202020202020202020202020202094
:106E9000257500202020202020205363616E20696A
:106EA0006E666F2074696D652073686966742075FD
:106EB00070646174656420636F756E743A20257523
:106EC00000202020202020205363616E20696E6600
:106ED0006F2074696D65207368696674206C6173D6
:106EE000742076616C75653A20202020256C6C64D6
:106EF00000646563745F7068795F6D61635F6E6283
:106F0000725F62675F7363616E5F73636865647508
:106F10006C65725F6F705F636F6D706C65746564D4
:106F20005F636200646563745F7068795F6D61635D
:106F30005F6E62725F62675F7363616E5F736368E7
:106F40006564756C6500726573702077696E207377
:106F50007461727473203320737562736C6F747311
:106F600020616674657220746865206C617374209A
:106F7000737562736C6F74206F662074686520523D
:106F80004120545800726573702077696E207374C5
:106F90006172747320302E35206672616D657320C6
:106FA0006166746572207468652073746172742000
:106FB0006F662074686520524120545800202020BC
:106FC0002020202020444C432049452074797065BE
:106FD0003A20257320283078253032782900202067
:106FE0002020202020205265636569766564206436
:106FF0006174612C206C656E2025642C2070617991
:107000006C6F6164206173206173636969207374BC
:1070100072696E67207072696E743A0A20202020AF
:1070200020202020202025730020202020202052F6
:1070300065636569766564204173736F6369617424
:10704000696F6E2052657175657374206D65737319
:107050006167653A0020202020202020205365749D
:1070600075702063617573653A20202020202025EB
:1070700073202830782530327829002020202020E5
:10708000202020466C6F7720636F756E743A202045
:1070900020202020202564002020202020202020C7
:1070A000466C6F772069645B305D3A202020202099
:1070B00020202564202830782530327829002020AF
:1070C000202020202020506F77657220636F6E7320
:1070D000743A20202020202068617320706F77652B
:1070E0007220636F6E73747261696E74732E002008
:1070F00020202020202020506F77657220636F6E43
:1071000073743A2020202020206E6F20706F7765E6
:107110007220636F6E73747261696E74732E0020D7
:10712000202020202020204654206D6F64653A20C6
:107130002020202020202020205468652052442038
:107140006F7065726174657320616C736F20696E16
:10715000204654206D6F64652E00202020202020C2
:10716000202020204E6574776F726B20426561632A
:107170006F6E20706572696F643A202564206D73AC
:107180000020202020202020202020436C757374B4
:10719000657220426561636F6E20706572696F640D
:1071A0003A202564206D73002020202020202020FC
:1071B00020204E65787420636C757374657220634B
:1071C00068616E6E656C3A202025640020202020C6
:1071D00020202020202054696D6520746F206E656A
:1071E0007874206E6578743A202020202025642051
:1071F0006D6963726F7365636F6E64730020202026
:1072000020202020204654206D6F64653A202020E5
:1072100020202020202020546865205244206F70B8
:10722000657261746573206F6E6C7920696E205091
:1072300054204D6F64652E00202020202020202027
:1072400043757272656E7420636C75737465722019
:107250006368616E6E656C3A2025640020202020F2
:1072600020202020484152512050726F6365737373
:107270002054583A20202564202830782530327850
:10728000290020202020202020204D415820484146
:1072900052512052452D54583A2020202564202850
:1072A000307825303278290020202020202020200E
:1072B000484152512050726F636573732052583A9F
:1072C000202025642028307825303278290020209D
:1072D0002020202020204D4158204841525120524A
:1072E000452D52583A20202025642028307825301A
:1072F000327829002020202020205265636569769D
:107300006564204173736F63696174696F6E2052A5
:107310006573706F6E7365206D6573736167653A31
:1073200000202020202020202041636B6E6F776C8E
:107330006564676D656E743A202041434B002020E0
:10734000202020202020466C6F7720636F756E749C
:107350003A2030623131313A20416C6C20666C6FDA
:107360007773206163636570746564206173206363
:107370006F6E6669677572656420696E20617373EC
:107380006F63696174696F6E20726571756573747E
:107390002E002020202020202020466C6F772063A4
:1073A0006F756E743A202564002020202020202054
:1073B0002041636B6E6F776C6564676D656E743AC0
:1073C00020204E41434B0020202020202020204E12
:1073D00041434B2063617573653A202020202020B3
:1073E00020256400202020202020526563656976D6
:1073F0006564204173736F63696174696F6E2052B5
:10740000656C65617365206D6573736167653A00CE
:10741000202020202020202052656C65617365208B
:1074200043617573653A20202573202876616C7559
:10743000653A202564290020202020202052656301
:10744000656976656420636C757374657220626526
:1074500061636F6E3A002020202020202020537985
:107460007374656D206672616D65206E756D626501
:10747000723A202025640020202020202020204D4A
:10748000617820545820706F7765723A2020202050
:10749000202020202025642064426D002020202010
:1074A000202020204D6178205048592054582070C9
:1074B0006F7765723A20202020206E6F7420696EED
:1074C000636C7564656420696E207468652062650C
:1074D00061636F6E002020202020202020506F77D5
:1074E000657220636F6E73743A2020202020202064
:1074F000202020546865205244206F7065726174AA
:10750000696E6720696E204654206D6F646520683F
:10751000617320706F77657220636F6E7374726130
:10752000696E74732E002020202020202020506FB0
:1075300077657220636F6E73743A202020202020BC
:1075400020202020546865205244206F70657261AD
:1075500074696E6720696E204654206D6F646520E3
:10756000646F6573206E6F74206861766520706F3C
:1075700077657220636F6E73747261696E74732EB7
:107580000020202020202020204672616D65206F81
:1075900066667365743A2020202020202020202554
:1075A0006420737562736C6F747300202020202038
:1075B0002020204672616D65206F66667365743A9F
:1075C0002020202020202020206E6F7420696E63F0
:1075D0006C7564656420696E2074686520626561FD
:1075E000636F6E0020202020202020204E657874BC
:1075F00020636C7573746572206368616E6E656C70
:107600003A2025642028646966666572656E742078
:107610007468616E2063757272656E7420636C7538
:1076200073746572206368616E6E656C290020203A
:107630002020202020204E65787420636C757374A0
:107640006572206368616E6E656C3A206375727254
:10765000656E7420636C7573746572206368616E07
:107660006E656C2E00202020202020202054696D83
:107670006520746F206E657874206E6578743A208A
:107680002020202564206D6963726F7365636F6EBF
:10769000647300202020202020202054696D652064
:1076A000746F206E657874206E6578743A2020209F
:1076B000206E6F7420696E636C7564656420696EFA
:1076C0002074686520626561636F6E2E0A20202039
:1076D00020202020202020202020202020202020AA
:1076E0002020202020202020202020546865206E8B
:1076F00065787420636C757374657220626561636C
:107700006F6E2069730A2020202020202020202056
:107710002020202020202020202020202020202069
:10772000202020207472616E736D6974746564200A
:107730006261736564206F6E20436C75737465724B
:1077400020626561636F6E20706572696F642E00E0
:1077500020202020202020204E6574776F726B201F
:10776000426561636F6E20706572696F6420256485
:10777000206D73002020202020202020436C757372
:1077800074657220426561636F6E20706572696F07
:1077900064202564206D732028256C6C64206D6442
:1077A0006D207469636B7329002020202020202025
:1077B00020436F756E7420746F20747269676765FB
:1077C000723A202020202025642028636F6465649D
:1077D0002076616C75652900202020202020202043
:1077E00052656C6174697665207175616C69747934
:1077F0003A202020202025642028636F64656420BF
:1078000076616C7565290020202020202020204DE5
:10781000696E207175616C6974793A20202020208E
:10782000202020202025642028636F646564207652
:10783000616C756529002020202020205265636539
:10784000697665642052414348204945206461744B
:10785000613A0020202020202020205265706561A0
:10786000743A2020202020202020202020202020AA
:107870002025730020202020202020202020526559
:107880007065746974696F6E3A2020202020202072
:107890002020256400202020202020202020205689
:1078A000616C69646974793A2020202020202020AE
:1078B0002020202564002020202020202020537913
:1078C0007374656D206672616D65206E756D62659D
:1078D000723A2020202564202D207265736F757206
:1078E000636520616C6C6F636174696F6E20766193
:1078F0006C69642066726F6D2074686973205346EA
:107900004E206F6E7761726473002020202020204B
:10791000202053797374656D206672616D65206EE9
:10792000756D6265723A20204E6F7420696E636CCB
:1079300075646564202D207265736F7572636520B0
:10794000616C6C6F636174696F6E20696D6D6564E5
:10795000696174656C792076616C6964002020200F
:1079600020202020205241204368616E6E656C3AD1
:1079700020202020202020202020202564202D20B1
:107980007265736F7572636520616C6C6F6361748F
:10799000696F6E2069732076616C696420696E205E
:1079A000696E64696361746564206368616E6E65A5
:1079B0006C0020202020202020205241204368619C
:1079C0006E6E656C3A202020202020202020202070
:1079D0004E6F7420696E636C75646564202D20722F
:1079E00065736F7572636520616C6C6F6361746938
:1079F0006F6E2069732076616C696420666F7220F7
:107A000063757272656E74206368616E6E656C007A
:107A10002020202020202020524120526573706FAA
:107A20006E7365204368616E6E656C3A2020256434
:107A3000202D20726573706F6E73652069732073DB
:107A4000656E7420696E20696E6469636174656433
:107A5000206368616E6E656C00202020202020204D
:107A600020524120526573706F6E736520436861C8
:107A70006E6E656C3A20204E6F7420696E636C7573
:107A8000646564202D20726573706F6E7365206964
:107A9000732073656E7420696E2073616D65206359
:107AA00068616E6E656C206173207468697320492B
:107AB0004500202020202020202053746172742053
:107AC000737562736C6F743A202020202020202070
:107AD00025640020202020202020204C656E677423
:107AE0006820747970653A202020202020202020F2
:107AF0002025730020202020202020204C656E6748
:107B000074683A20202020202020202020202020BF
:107B1000202025640020202020202020204D617876
:107B20002052414348206C656E67746820747970F8
:107B3000653A2025730020202020202020204D6140
:107B4000782052414348206C656E6774683A202063
:107B500020202020256400202020202020202043D9
:107B600057206D696E207369673A202020202020FD
:107B700020202020202564002020202020202020DC
:107B8000444543542064656C61793A2020202020CC
:107B900020202020202025730020202020202020AD
:107BA00020526573706F6E73652077696E3A20207E
:107BB00020202020202020256420737562736C6FA4
:107BC00074730020202020202020204357206D6146
:107BD00078207369673A2020202020202020202050
:107BE00020256400202020202020526563656976CE
:107BF00065642070616464696E6720646174612CDF
:107C0000206C656E2025642C207061796C6F616436
:107C1000206973206E6F74207072696E74656400E1
:107C200020202020202052656365697665642064E9
:107C30006174612C206C656E2025642C2070617944
:107C40006C6F616420617320617363696920737470
:107C500072696E67207072696E743A0A2020202063
:107C60002020202025730020202020202052656322
:107C700065697665642053445520646174612C20E5
:107C80006C656E2025642C207061796C6F616420B6
:107C900068657820646174613A2025730A00504455
:107CA0004320726563656976656420287374662075
:107CB00073746172742074696D6520256C6C752C09
:107CC0002068616E646C65202564293A20736E72A9
:107CD00020252E32662064422C20525353492D32E7
:107CE0002025642064426D2C206C656E2025640084
:107CF0002044454354204E522B204D4143205044B4
:107D0000553A0020204D4143206865616465723A10
:107D1000002020202056657273696F6E3A2025641A
:107D2000002020202053656375726974793A2025FC
:107D3000730020202020547970653A202573004676
:107D400061696C656420746F206465636F6465208D
:107D50004D414320436F6D6D6F6E206865616465B2
:107D600072002020202020204E6574776F726B20D7
:107D7000494420283234626974204D5342293A2004
:107D800020257520283078253036782900202020BD
:107D90002020205472616E736D697474657220497D
:107DA000443A202020202020202020202575202833
:107DB0003078253038782900202020202020526576
:107DC0007365743A202573002020202020205365FD
:107DD00071204E62723A202575002020202020203C
:107DE00052656365697665723A202575202830787A
:107DF0002530387829002020202020205472616E00
:107E0000736D69747465723A202575202830782561
:107E100030387829004661696C656420746F20648D
:107E200065636F6465204D414320534455730020C2
:107E3000205344552025753A00202020204D4143F1
:107E4000204D5558206865616465723A00202020F5
:107E5000202020494520747970653A202573002040
:107E600020202020205061796C6F6164206C656E49
:107E70006774683A2025750020202020202049457D
:107E800020657874656E73696F6E3A20307825309E
:107E9000327800282573293A2043616E6E6F742072
:107EA0007265616420737461727475705F636D6470
:107EB000206461746120666F72206D656D5F736C04
:107EC0006F74202564005374617274696E67207446
:107ED0006F206578656375746520736574745F637E
:107EE0006D6420256420222573222E2E2E007374AB
:107EF00061727475705F636D645F776F726B6572CA
:107F0000004769766520646563656E742076616CF0
:107F10007565202876616C7565203E3D203029000E
:107F20004769766520646563656E742076616C755B
:107F30006520666F7220746865206D656D6F72795B
:107F400020736C6F742028312D332900436F6D6DC1
:107F5000616E6420737472696E6720746F6F206C39
:107F60006F6E672E204D6178206C656E6774682097
:107F700069732025642E00643A743A7268004D6576
:107F80006D6F727920736C6F74206973206D6973E3
:107F900073696E672E00436F6D6D616E642073743C
:107FA00072696E67206973206D697373696E672EDD
:107FB00000436F6D6D616E6420736176656420733C
:107FC00075636365737366756C6C792E0073746189
:107FD000727475705F636D6400436F6D6D616E6484
:107FE00020746F2073746F7265207368656C6C20E9
:107FF000636F6D6D616E647320746F2062652072B3
:10800000756E2073657175656E7469616C6C79202D
:108010006166746572206120626F6F7475702E00E6
:108020006D656D5F736C6F7400636D645F73747204
:108030000055736167653A20737461727475705F7F
:10804000636D64205B2D2D726561645D207C205B17
:108050002D2D6D656D5F736C6F74203C312D333E3B
:10806000202D2D636D645F737472203C636D645FBB
:108070007374723E0A2020202020202020202020FF
:1080800020202020202020202020202020202020F0
:10809000202020205B2D74203C73746172745F7407
:1080A000696D653E202D64203C64656C61793E5DA0
:1080B0000A4E6F74653A206F6E6C79206F6E652082
:1080C000636F6D6D616E642063616E206265206711
:1080D0006976656E20617420612074696D652E0A71
:1080E0004F7074696F6E733A0A20202D722C202D08
:1080F0002D726561642C202020202020526561644F
:1081000020616C6C2073746F726564204D6F5368CE
:10811000207374617274757020636F6D6D616E642D
:10812000732066726F6D2073657474696E67730A6D
:108130002020202020202D2D6D656D5F736C6F74C5
:108140002C202053746F7265206120636D645F730F
:10815000747220746F206120676976656E206D658A
:108160006D6F727920736C6F742E204D6178206171
:108170006D6F756E74206F66206D656D20736C6F0A
:10818000747320697320362E0A2020202020202D91
:108190002D636D645F7374722C202020436F6D6DAE
:1081A000616E6420737472696E6720746F20612041
:1081B000676976656E206D656D5F736C6F742E0AEE
:1081C00020202020202020202020202020202020AF
:1081D000202020436C656172207468652067697691
:1081E000656E206D656D736C6F74206279206769B0
:1081F00076696E6720616E20656D70747920737486
:1082000072696E673A0A202020202020202020203A
:10821000202020202020202020737461727475702B
:108220005F636D64202D2D6D656D5F736C6F7420C1
:1082300031202D2D636D645F7374722022220A2019
:10824000202D742C202D2D74696D652C202020206C
:1082500020205374617274696E672074696D6520A3
:108260006F6620657865637574696E67206F662038
:10827000636F6D6D616E64732028696E2073656332
:108280006F6E6473206166746572206120626F6F27
:10829000747570292E0A20202020202020202020E4
:1082A00020202020202020202044656661756C74E9
:1082B0003A2031207365636F6E6420616674657265
:1082C000206120626F6F7475702E0A20202D642C3F
:1082D000202D2D64656C61792C2020202020507287
:1082E000652D64656C6179206265666F72652065D5
:1082F0007865637574696E6720636D645F7374720B
:10830000206174206D656D5F736C6F7420696E20E1
:108310007368656C6C2E0A202020202020202020ED
:108320002020202020202020202044656661756CBC
:10833000743A2035207365636F6E64732E0A2020B3
:108340002D682C202D2D68656C702C20202020207D
:108350002053686F777320746869732068656C7048
:1083600020696E666F726D6174696F6E0046616937
:108370006C656420746F2072656164206465637449
:1083800020737461727475705F636D645F6461748F
:10839000612C206572726F723A20256400434D4152
:1083A0004B455F534F555243455F4449522F7372BB
:1083B000632F737461727475705F636D642F73746F
:1083C00061727475705F636D645F73657474696EF8
:1083D00067732E63006D656D5F736C6F74203E3D37
:1083E0002031202626206D656D5F736C6F74203CF4
:1083F0003D203600737461727475705F636D642F15
:10840000646174610043616E6E6F742073617665A0
:1084100020737461727475705F636D64207365742A
:1084200074696E67732C206572723A20256400733C
:108430007461727475705F636D64207365747469C0
:108440006E6773207361766564007374617274750E
:10845000705F636D6420636F6E6669673A00202009
:1084600053746172742074696D653A20256400202C
:1084700020436F6D6D616E64202325643A002020D7
:108480002020537472696E673A20202020257300E3
:108490002020202044656C61793A2020202020256E
:1084A0006400202020204E6F20636F6D6D616E642C
:1084B00000282573293A204661696C656420746F31
:1084C00020696E697469616C697A6520736574747A
:1084D000696E67732073756273797374656D2C2090
:1084E0006572726F723A20256400282573293A203C
:1084F00043616E6E6F742072656769737465722074
:1085000073657474696E67732068616E646C6572FC
:1085100020256400282573293A2043616E6E6F740C
:10852000206C6F61642073657474696E67732025B5
:108530006400737461727475705F636D645F7365FA
:108540007474696E67735F696E697400574553543C
:108550005F544F504449522F7A65706879722F6C7E
:1085600069622F686561702F686561702E630063B2
:1085700068756E6B5F7573656428682C20632900CD
:1085800009756E65787065637465642068656170EF
:108590002073746174652028646F75626C652D6644
:1085A0007265653F2920666F72206D656D6F727907
:1085B0002061742025700A006C6566745F636875BD
:1085C0006E6B28682C2072696768745F6368756ECB
:1085D0006B28682C20632929203D3D206300096316
:1085E0006F72727570746564206865617020626F67
:1085F000756E64732028627566666572206F766595
:1086000072666C6F773F2920666F72206D656D6FA3
:1086100072792061742025700A0062797465732074
:108620003E20686561705F666F6F7465725F627926
:1086300074657328627974657329000968656170CF
:108640002073697A6520697320746F6F20736D6180
:108650006C6C0A00686561705F737A203E20636805
:10866000756E6B737A2873697A656F662873747296
:10867000756374207A5F6865617029290063687585
:108680006E6B305F73697A65202B206D696E5F6356
:1086900068756E6B5F73697A65286829203C3D2098
:1086A000686561705F737A00574553545F544F504B
:1086B0004449522F7A65706879722F6C69622F6F06
:1086C000732F63627072696E74665F7061636B6151
:1086D0006765642E630009537472696E6720776959
:1086E000746820746F6F206D616E79206172677598
:1086F0006D656E74730A00097374725F7074725FD3
:10870000706F735B5D20746F6F20736D616C6C0AAA
:108710000009756E65787065637465642073697AA5
:10872000652025750A0009746F6F206D616E7920D0
:10873000666F726D617420617267730A00696E5FA3
:108740007061636B6167656420213D202828766F26
:108750006964202A2930290028756E7369676E655F
:1087600064292063686172202A207573656420661D
:108770006F722025257020617267756D656E742E8D
:108780002049742773207265636F6D6D656E646533
:108790006420746F206361737420697420746F2087
:1087A000766F6964202A206265636175736520694C
:1087B00074206D6179206361757365206D697362E2
:1087C00065686176696F7220696E20636572746195
:1087D000696E20636F6E66696775726174696F6E2A
:1087E000732E20537472696E673A222573222061BA
:1087F0007267756D656E743A256400736370795F96
:10880000636E74203C2073697A656F6628637079A3
:108810005F7374725F706F7329006B6565705F635F
:108820006E74203C2073697A656F66286B6565708D
:108830005F7374725F706F73290063627072696E28
:1088400074665F7061636B61676500574553545F81
:10885000544F504449522F7A65706879722F696E6F
:10886000636C7564652F7A65706879722F7379739C
:108870002F74696D657574696C2E6800747320219E
:108880003D202828766F6964202A29302900286134
:1088900020213D202828766F6964202A2930292943
:1088A0002026262074696D65737065635F69735F48
:1088B00076616C696428612900286220213D2028A6
:1088C00028766F6964202A293029292026262074D9
:1088D000696D65737065635F69735F76616C696408
:1088E0002862290028747320213D202828766F698A
:1088F00064202A293029292026262074696D657371
:108900007065635F69735F76616C6964287473294D
:1089100000574553545F544F504449522F7A657065
:108920006879722F6C69622F6F732F636C6F636B42
:108930002E6300747020213D202828766F69642002
:108940002A29302900574553545F544F5044495207
:108950002F7A65706879722F696E636C7564652F04
:108960007A65706879722F7370696E6C6F636B2EA5
:1089700068007A5F7370696E5F6C6F636B5F7661BE
:108980006C6964286C290009496E76616C69642001
:108990007370696E6C6F636B2025700A007A5F7369
:1089A00070696E5F756E6C6F636B5F76616C696426
:1089B000286C2900094E6F74206D79207370696EE0
:1089C0006C6F636B2025700A0074696D6573706548
:1089D000635F69735F76616C6964287470290057FE
:1089E0004553545F544F504449522F7A657068790B
:1089F000722F696E636C7564652F7A657068797221
:108A00002F6B65726E656C2E6800216B5F69735FFA
:108A10007072655F6B65726E656C282900096B5F0B
:108A200063757272656E745F6765742063616C6CE8
:108A30006564207072652D6B65726E656C0A002826
:108A40006E696C2900574553545F544F5044495246
:108A50002F7A65706879722F6C69622F6F732F633C
:108A6000627072696E74662E6300737472207C7C0F
:108A7000202173697A650009737472206D61792011
:108A80006F6E6C79206265204E554C4C207768657E
:108A90006E2073697A65203D3D20300A00574553AA
:108AA000545F544F504449522F7A65706879722F41
:108AB0006C69622F6F732F6D7073635F7062756680
:108AC0002E6300657272203D3D203000574553549F
:108AD0005F544F504449522F7A65706879722F6CF9
:108AE00069622F7574696C732F74696D657574692B
:108AF0006C2E63007379735F6765746F7074006FB9
:108B00007074696F6E20602573252E2A7327206983
:108B10007320616D626967756F7573006F7074693A
:108B20006F6E20602573252E2A732720646F65736E
:108B30006E277420616C6C6F7720616E20617267A4
:108B4000756D656E74006F7074696F6E206025734B
:108B500025732720726571756972657320616E20B7
:108B6000617267756D656E7400756E7265636F67AF
:108B70006E697A6564206F7074696F6E206025730A
:108B800025732700696E76616C6964206F70746963
:108B90006F6E202D2D202563006F7074696F6E201D
:108BA000726571756972657320616E206172677597
:108BB0006D656E74202D2D202563002D57200057E4
:108BC0004553545F544F504449522F7A6570687929
:108BD000722F6C69622F7574696C732F6F6E6F667C
:108BE000662E63007374617465203D3D203055002E
:108BF000217379735F736C6973745F69735F656DFB
:108C000070747928266D67722D3E636C69656E7489
:108C10007329007472616E73697420213D202828C5
:108C2000766F6964202A2930290073746174652085
:108C30003D3D202831554C203C3C2028312929003D
:108C40006D67722D3E72656673203D3D2030007366
:108C500074617465203D3D202831554C203C3C20FA
:108C60002830292900574553545F544F50444952E6
:108C70002F7A65706879722F6C69622F7574696CD0
:108C8000732F6E6F746966792E6300574553545F76
:108C9000544F504449522F7A65706879722F6C692D
:108CA000622F7574696C732F72696E675F62756687
:108CB0006665722E63004E5653206E6F7420696E87
:108CC000697469616C697A656400436F756C6420CE
:108CD0006E6F74206F627461696E20666C61736878
:108CE00020706172616D657465727300556E737585
:108CF00070706F7274656420777269746520626C3D
:108D00006F636B2073697A6500536563746F7220BB
:108D100073697A6520257520746F6F206C617267A6
:108D2000652C206D6178696D756D20697320257AD9
:108D30007500556E61626C6520746F2067657420E4
:108D40007061676520696E666F00496E76616C6957
:108D50006420736563746F722073697A6500436F72
:108D60006E66696775726174696F6E206572726F85
:108D700072202D20736563746F7220636F756E743B
:108D80000066735F6E7673006C6F6767696E67006D
:108D9000574553545F544F504449522F7A65706879
:108DA00079722F7375627379732F6C6F6767696E51
:108DB000672F6C6F675F636F72652E63006C6F6700
:108DC0005F6261636B656E645F636F756E745F672E
:108DD00065742829203C2028283332202F20335541
:108DE00029202D202831202B203029290062616381
:108DF0006B656E64203C3D205F6C6F675F626163F2
:108E00006B656E645F6C6973745F656E6400097591
:108E10006E6578706563746564206C697374206531
:108E20006E64206C6F636174696F6E0A006C6F67AB
:108E30005F6261636B656E645F636F756E745F67BD
:108E400065742829203E2030006C6F670057455319
:108E5000545F544F504449522F7A65706879722F8D
:108E60007375627379732F6C6F6767696E672F6CA8
:108E70006F675F6D676D742E63006C696E6B203C6D
:108E80003D205F6C6F675F6C696E6B5F6C697374BC
:108E90005F656E6400574553545F544F50444952C8
:108EA0002F7A65706879722F696E636C7564652FAF
:108EB0007A65706879722F6C6F6767696E672F6C5F
:108EC0006F675F6261636B656E642E6800626163E9
:108ED0006B656E6420213D202828766F6964202A06
:108EE00029302900736F757263655F6964203C20C7
:108EF0006C6F675F7372635F636E745F676574281E
:108F0000646F6D61696E5F696429006C6F675F6D86
:108F1000676D74004D657373616765202822257342
:108F200022292064726F70706564206265636175C8
:108F3000736520697420657863656564732073695F
:108F40007A65206C696D69746174696F6E2028257B
:108F5000752900574553545F544F504449522F7A56
:108F600065706879722F7375627379732F6C6F6790
:108F700067696E672F6C6F675F6D73672E63006C38
:108F8000656E203E3D203000574553545F544F508E
:108F90004449522F7A65706879722F7375627379BC
:108FA000732F6C6F6767696E672F6C6F675F6F7584
:108FB000747075742E63006F75745F6374782D3EE2
:108FC000636F6E74726F6C5F626C6F636B2D3E6F5C
:108FD0006666736574203C3D206F75745F637478BA
:108FE0002D3E73697A65006C6576656C203C3D208A
:108FF00034005B2530386C755D20005B25303275A0
:109000003A253032753A253032752E253033752C9D
:10901000253033755D200025732F003C25733E20DD
:109020000025733A2000657272203E3D20300020FA
:109030002020007C00206D65737361676573206478
:10904000726F70706564202D2D2D0D0A1B5B306DC5
:10905000001B5B313B33316D2D2D2D20001B5B310F
:109060003B33316D001B5B313B33336D0077726EE8
:1090700000696E660064626700574553545F544F41
:10908000504449522F7A65706879722F73756273F4
:1090900079732F73657474696E67732F7372632F9E
:1090A00073657474696E67732E63006368203C3D5A
:1090B000205F73657474696E67735F68616E646C5A
:1090C00065725F7374617469635F6C6973745F6503
:1090D0006E64007365742D76616C756520666169D8
:1090E0006C7572652E206B65793A20257320657248
:1090F000726F7228256429006B65726E656C004B77
:1091000065726E656C20636F6D6D616E6473006374
:1091100079636C65733A20257520687720637963DD
:109120006C65730A006379636C6573004B65726EDE
:10913000656C206379636C65732E00556E61626C9B
:109140006520746F20706172736520696E7075742C
:109150002028657272202564290A00557074696D93
:10916000653A20256C6C75206D730A002D70002DFA
:109170002D70726574747900556E737570706F72AE
:10918000746564206F7074696F6E3A2025730A00ED
:10919000757074696D653A20256C6C752064617911
:1091A000732C20256C6C7520686F7572732C2025CC
:1091B0006C6C75206D696E757465732C20256C6CF4
:1091C00075207365636F6E64732C20256C6C75203D
:1091D0006D696C6C697365636F6E64730A0075709A
:1091E00074696D65004B65726E656C20757074698D
:1091F0006D652E2043616E2062652063616C6C6535
:1092000064207769746820746865202D70206F72FF
:10921000202D2D707265747479206F7074696F6E73
:109220007300342E332E3939005A657068797220F4
:1092300076657273696F6E2025730A004B65726ED6
:10924000656C2076657273696F6E2E004661696C7D
:10925000656420746F2072656164206B65726E6551
:109260006C2073797374656D206865617020737408
:109270006174697374696373202865727220256450
:10928000290A00667265653A2020202020202020CF
:10929000202020257A750A00616C6C6F636174650B
:1092A000643A202020202020257A750A006D6178FC
:1092B0002E20616C6C6F63617465643A20257A7549
:1092C0000A0053797374656D206865617020757349
:1092D00061676520737461746973746963732E00C8
:1092E0005468697320636F6D6D616E6420697320CB
:1092F000646570726563617465642061732069746C
:109300002069732061206475706C69636174652ED7
:109310002055736520276C6F6720656E61626C65F0
:109320002720636F6D6D616E642066726F6D206CB7
:109330006F6767696E6720636F6D6D616E64732020
:109340007365742E0A00556E61626C6520746F201F
:109350007061727365206C6F6720736576657269E2
:1093600074792028657272202564290A00496E7676
:10937000616C6964206C6F67206C6576656C3A205F
:1093800025640A00556E61626C6520746F20666901
:109390006E64206C6F6720736F757263653A202569
:1093A000730A006C6F675F6C6576656C003C6D6F6F
:1093B00064756C65206E616D653E203C73657665F5
:1093C000726974792028302D34293E0074687265E2
:1093D0006164004B65726E656C20746872656164CF
:1093E000732E005363686564756C65723A20257549
:1093F0002073696E6365206C6173742063616C6CAB
:109400000A00546872656164733A0A004E4100258F
:1094100073257020252D3130730A00096F7074692F
:109420006F6E733A20307825782C207072696F72D5
:109430006974793A2025642074696D656F75743A92
:1094400020256C6C640A000973746174653A2025E8
:10945000732C20656E7472793A2025700A00556E5F
:1094600061626C6520746F2064657465726D696EED
:109470006520756E7573656420737461636B20730A
:10948000697A6520282564290A0A000973746163D2
:109490006B2073697A6520257A752C20756E75733B
:1094A000656420257A752C20757361676520257A9F
:1094B00075202F20257A7520282575202525290A35
:1094C0000A004C697374206B65726E656C20746859
:1094D00072656164732E00574553545F544F504476
:1094E00049522F7A65706879722F73756273797338
:1094F0002F7368656C6C2F6D6F64756C65732F6B63
:1095000065726E656C5F736572766963652F7468EA
:10951000726561642F737461636B732E63002570D1
:10952000204952512025303264202573287265610C
:109530006C2073697A652025347A75293A09756E2D
:10954000757365642025347A7509757361676520C4
:1095500025347A75202F2025347A75202825327AF3
:1095600075202525290A00257020252D33327320EA
:10957000287265616C2073697A652025347A7529B3
:109580003A09756E757365642025347A75097573AB
:109590006167652025347A75202F2025347A75205F
:1095A00028253275202525290A00737461636B73A1
:1095B000004C6973742074687265616473207374FD
:1095C00061636B2075736167652E00546872656115
:1095D00064204944202570206973206E6F742076C2
:1095E000616C69640A004572726F723A5368656C07
:1095F0006C207468726561642063616E6E6F7420A4
:1096000062652073757370656E6465640A005468E2
:10961000726561642025702073757370656E646572
:10962000640A0073757370656E64006B65726E65B5
:109630006C207468726561642073757370656E6404
:10964000203C7468726561645F69643E00457272B3
:109650006F723A5368656C6C20746872656164203F
:1096600063616E6E6F7420626520726573756D65DF
:10967000640A005468726561642025702072657305
:10968000756D65640A00726573756D65006B657252
:109690006E656C2074687265616420726573756DA7
:1096A00065203C7468726561645F69643E00457260
:1096B000726F723A5368656C6C207468726561648D
:1096C0002063616E6E6F74206265206B696C6C65DF
:1096D000640A000A20546872656164202570206B5A
:1096E000696C6C65640A006B696C6C006B65726E0A
:1096F000656C20746872656164206B696C6C203CD9
:109700007468726561645F69643E0044657669638C
:109710006520756E6B6E6F776E20282573290A00A1
:1097200044657669636520257320697320616C72D6
:109730006561647920696E697469616C697A6564D0
:109740000A0044657669636520257320696E697433
:1097500069616C697A6174696F6E206661696C65B4
:10976000642077697468206572723D25640A00443C
:10977000657669636520257320696E697469616C1B
:10978000697A6564207375636365737366756C6C61
:10979000790A0052454144590044495341424C45DD
:1097A0004400646576696365733A0A005B25705D01
:1097B000002D2025730020204454206E6F64652006
:1097C0006C6162656C733A00446576696365206319
:1097D0006F6D6D616E647300696E6974004D616ECA
:1097E00075616C6C7920696E697469616C697A6500
:1097F000206120646576696365004C697374206339
:109800006F6E666967757265642064657669636505
:10981000732C207769746820616E206F7074696F93
:109820006E616C2066696C746572005B3C64657681
:109830006963652066696C7465723E5D0025642D00
:10984000253032752D2530327520253032753A2578
:109850003032753A25303275205554430A00496E2E
:1098600076616C696420686F75720A00496E766172
:109870006C6964206D696E7574650A00496E766165
:109880006C6964207365636F6E640A00496E76616B
:109890006C6964206D6F6E74680A00496E76616C45
:1098A0006964206461790A004661696C65642074AA
:1098B0006F2063616C63756C617465207365636FA1
:1098C0006E64732073696E63652045706F63680A08
:1098D00000436F756C64206E6F7420736574206430
:1098E0006174652025640A006461746500446174D4
:1098F0006520636F6D6D616E6473005B592D6D2D16
:10990000645D203C483A4D3A533E00676574005B05
:109910006E6F6E655D005573696E6720646174617A
:109920002077696474682025640A00496E636F7249
:109930007265637420646174612077696474680A75
:1099400000526561642076616C7565203078256C05
:109950006C780A0057726974696E672076616C755D
:1099600065203078256C6C780A00696E76616C69C8
:1099700064206164647220272573270A00696E766B
:10998000616C69642073697A6520272573270A0052
:10999000696E76616C696420776964746820272534
:1099A00073270A00613A733A773A00272D61203C09
:1099B000616464726573733E27206973206D616E04
:1099C0006461746F72790A00272D73203C73697A81
:1099D000653E27206973206D616E6461746F7279D2
:1099E0000A006465766D656D206C6F616420737527
:1099F00070706F7274732073657474696E6720621F
:109A00007970617373206F6E20612073696E676C6B
:109A10006520696E7374616E63652E0A004C6F6118
:109A200064696E672E2E2E0A7072657373206374DC
:109A3000726C2D78206374726C2D7120746F2065A8
:109A400073636170650A004E756D626572206F66A2
:109A500020627974657320726561643A2025640A16
:109A6000002D6500556E6B6E6F776E206F70746998
:109A70006F6E20222573220A006465766D656D0085
:109A8000526561642F7772697465207068797369B3
:109A900063616C206D656D6F72790A5573616765DE
:109AA0003A0A52656164206D656D6F727920617448
:109AB00020616464726573732077697468206F70C5
:109AC00074696F6E616C2077696474683A0A6465C2
:109AD000766D656D203C616464726573733E205BD6
:109AE0003C77696474683E5D0A5772697465206DDD
:109AF000656D6F727920617420616464726573733F
:109B00002077697468206D616E6461746F7279206A
:109B1000776964746820616E642076616C75653A5B
:109B20000A6465766D656D203C616464726573736B
:109B30003E203C77696474683E203C76616C7565B4
:109B40003E0064756D700055736167653A0A64651F
:109B5000766D656D2064756D70202D61203C6164AB
:109B600064726573733E202D73203C73697A653E81
:109B7000205B2D77203C77696474683E5D0A005550
:109B8000736167653A0A6465766D656D206C6F6117
:109B900064205B6F7074696F6E735D205B616464D9
:109BA000726573735D0A4F7074696F6E733A0A2D34
:109BB00065096C6974746C652D656E6469616E20ED
:109BC000706172736500574553545F544F50444958
:109BD000522F7A65706879722F7375627379732F5B
:109BE0007368656C6C2F6261636B656E64732F7351
:109BF00068656C6C5F756172742E630052582072D8
:109C0000696E67206275666665722066756C6C2E7B
:109C1000007368656C6C2E7368656C6C5F7561723F
:109C20007400646573683A7E2420007368656C6C08
:109C30005F756172745F6261636B656E640053751A
:109C400062636F6D6D616E64733A0A0057455354D9
:109C50005F544F504449522F7A65706879722F7360
:109C600075627379732F7368656C6C2F7368656C9C
:109C70006C2E630073682D3E637478202626207353
:109C8000682D3E6966616365006E6F74207465724D
:109C90006D696E617465643A2025630A00506C65D5
:109CA00061736520737065636966792061207375DF
:109CB00062636F6D6D616E642E0A003A20636F6D92
:109CC0006D616E64206E6F7420666F756E640054F3
:109CD0006F6F206D616E7920617267756D656E744E
:109CE0007320696E2074686520636F6D6D616E64AA
:109CF0002E0A0025733A2077726F6E6720706172AA
:109D0000616D6574657220636F756E740A006D61B4
:109D100074636820213D202828766F6964202A29F1
:109D2000302900636F6C756D6E7320213D2030000B
:109D30000A25732573006D61746368005741524EA4
:109D4000494E473A2041207072696E7420726571E5
:109D500075657374207761732064657465637465D9
:109D600064206F6E206E6F74206163746976652065
:109D70007368656C6C206261636B656E642E0A00AB
:109D800073682D3E6374780073682D3E6374782089
:109D900026262073682D3E6966616365202626208D
:109DA00073682D3E64656661756C745F70726F6D6B
:109DB0007074000954687265616420636F6E746525
:109DC00078742072657175697265642E0A007A5F15
:109DD000666C61675F636D645F6374785F67657409
:109DE00028736829207C7C20286B5F6375727265FC
:109DF0006E745F676574282920213D2073682D3EAD
:109E00006374782D3E746964290073682D3E667012
:109E100072696E74665F63747800666D7400506C6E
:109E20006561736520707265737320746865203C8A
:109E30005461623E20627574746F6E20746F20737B
:109E4000656520616C6C20617661696C61626C652E
:109E500020636F6D6D616E64732E0A00596F7520FB
:109E600063616E20616C736F207573652074686523
:109E7000203C5461623E20627574746F6E20746F72
:109E80002070726F6D7074206F72206175746F2D09
:109E9000636F6D706C65746520616C6C20636F6DB1
:109EA0006D616E6473206F722069747320737562C4
:109EB000636F6D6D616E64732E0A00596F75206358
:109EC000616E2074727920746F2063616C6C206302
:109ED0006F6D6D616E64732077697468203C2D68C6
:109EE0003E206F72203C2D2D68656C703E207061A5
:109EF00072616D6574657220666F72206D6F726538
:109F000020696E666F726D6174696F6E2E0A000A49
:109F10005368656C6C20737570706F727473206613
:109F20006F6C6C6F77696E67206D6574612D6B6502
:109F300079733A0A20204374726C202B2028612008
:109F40006B65792066726F6D3A2061626364656645
:109F50006B6C6E70747577290A2020416C74202018
:109F60002B202861206B65792066726F6D3A206224
:109F700066290A506C65617365207265666572209A
:109F8000746F207368656C6C20646F63756D656EAB
:109F9000746174696F6E20666F72206D6F726520D8
:109FA00064657461696C732E0A000A417661696C9C
:109FB00061626C6520636F6D6D616E64733A0A0057
:109FC000253038583A20007C0A002873682D3E73EB
:109FD00068656C6C5F666C6167203D3D2053484549
:109FE0004C4C5F464C41475F43524C465F444546AC
:109FF00041554C5429207C7C202873682D3E736881
:10A00000656C6C5F666C6167203D3D205348454C34
:10A010004C5F464C41475F4F4C465F43524C46298C
:10A0200000217A5F666C61675F636D645F6374785B
:10A030005F67657428736829000946756E637469E3
:10A040006F6E2063616E6E6F742062652063616C59
:10A050006C65642066726F6D20636F6D6D616E64F8
:10A0600020636F6E746578740A005072696E747341
:10A07000207468652068656C70206D657373616716
:10A08000652E00574553545F544F504449522F7A20
:10A0900065706879722F7375627379732F73686551
:10A0A0006C6C2F7368656C6C5F7574696C732E6370
:10A0B00000646C6F6320213D202828766F6964203E
:10A0C0002A293029001B5B2564256300574553541A
:10A0D0005F544F504449522F7A65706879722F73DC
:10A0E00075627379732F7368656C6C2F7368656C18
:10A0F0006C5F6F70732E6300736820262620646186
:10A100007461006C656E677468203E3D20746D70EC
:10A110005F636E74001B5B313B3325646D001B5B1A
:10A1200034303325646D007A5F666C61675F7379E4
:10A130006E635F6D6F64655F67657428736829205F
:10A140007C7C20216B5F69735F696E5F6973722825
:10A15000290055736167653A2025732000202D2062
:10A16000002020004C6F7374206C6F67733A2025B9
:10A170006C750A005B2533645D2025730A00207529
:10A180006E6B6E6F776E20706172616D6574657253
:10A190003A200025733A257325730A004563686FDA
:10A1A000207374617475733A2025730A00416374D7
:10A1B000697665207368656C6C206261636B656E9F
:10A1C00064733A0A0020202532642E203A25732039
:10A1D000282573290A00574553545F544F5044496A
:10A1E000522F7A65706879722F7375627379732F45
:10A1F0007368656C6C2F7368656C6C5F636D6473FA
:10A200002E63006F626A203C3D205F7368656C6C52
:10A210005F6C6973745F656E64004E6F2072657366
:10A22000706F6E73652066726F6D20746865207440
:10A2300065726D696E616C2C20617373756D6564F8
:10A240002038307832342073637265656E2073690C
:10A250007A650A001B5B366E0072657476616C006D
:10A260005072696E742072657475726E2076616CBE
:10A270007565206F66206D6F737420726563656EFF
:10A280007420636F6D6D616E6400436F6E736F6CED
:10A29000652067657473207465726D696E616C20EA
:10A2A00073637265656E2073697A65206F722061D1
:10A2B0007373756D65732064656661756C74206970
:10A2C0006E20636173652074686520726561646FD8
:10A2D0007574206661696C732E204974206D7573E6
:10A2E00074206265206578656375746564206166B5
:10A2F0007465722065616368207465726D696E6152
:10A300006C207769647468206368616E6765207487
:10A310006F20656E7375726520636F72726563740A
:10A32000207465787420646973706C61792E00689C
:10A330006973746F727900436F6D6D616E6420682C
:10A340006973746F72792E007368656C6C00557355
:10A350006566756C2C206E6F7420556E69782D6C57
:10A36000696B65207368656C6C20636F6D6D616EE1
:10A3700064732E00636C65617200436C65617220CA
:10A3800073637265656E2E0072656D0049676E6F4E
:10A390007265206C696E657320626567696E6E69AF
:10A3A0006E672077697468202772656D20270064C6
:10A3B000656661756C7400417373756D6520383026
:10A3C0002063686172732073637265656E207769BC
:10A3D00064746820616E642073656E6420746869BB
:10A3E000732073657474696E6720746F2074686578
:10A3F000207465726D696E616C2E006261636B65BD
:10A400006E6473004C6973742061637469766520AF
:10A410007368656C6C206261636B656E64732E0A91
:10A42000006261636B73706163655F6D6F6465008B
:10A43000546F67676C65206261636B7370616365FD
:10A44000206B6579206D6F64652E0A536F6D6520F2
:10A450007465726D696E616C7320617265206E6FD8
:10A46000742073656E64696E6720736570617261D4
:10A4700074652065736361706520636F6465206631
:10A480006F72206261636B737061636520616E64DB
:10A490002064656C65746520627574746F6E2E201F
:10A4A0005468697320636F6D6D616E6420666F72AE
:10A4B000636573207368656C6C20746F20696E74BB
:10A4C0006572707265742064656C657465206B6577
:10A4D00079206173206261636B73706163652E0024
:10A4E000636F6C6F727300546F67676C6520636F86
:10A4F0006C6F7265642073796E7461782E00767467
:10A5000031303000546F67676C65207674313030BD
:10A5100020636F6D6D616E64732E00546F67676C9E
:10A52000652070726F6D70742E006563686F0054E3
:10A530006F67676C65207368656C6C206563686F16
:10A540002E007374617473005368656C6C207374AF
:10A5500061746973746963732E006261636B7370F5
:10A560006163650053657420646966666572656E33
:10A57000742065736361706520636F646520666F26
:10A5800072206261636B737061636520616E642029
:10A5900064656C657465206B65792E0064656C6517
:10A5A000746500536574207468652073616D65205F
:10A5B00065736361706520636F646520666F7220E8
:10A5C0006261636B737061636520616E64206465B2
:10A5D0006C657465206B65792E0052657365742017
:10A5E0007368656C6C2073746174697374696373E8
:10A5F00020666F7220746865204C6F6767657220F3
:10A600006D6F64756C652E0073686F7700476574B5
:10A61000207368656C6C207374617469737469630A
:10A620007320666F7220746865204C6F676765726F
:10A63000206D6F64756C652E0044697361626C6592
:10A64000207368656C6C206563686F2E20456469B3
:10A6500074696E67206B65797320616E64206D6527
:10A6600074612D6B65797320617265206E6F742043
:10A6700068616E646C656400456E61626C65207330
:10A6800068656C6C206563686F2E00446973616255
:10A690006C652070726F6D70742E00456E61626C17
:10A6A000652070726F6D70742E0044697361626C06
:10A6B0006520767431303020636F6D6D616E647328
:10A6C0002E00456E61626C652076743130302063F7
:10A6D0006F6D6D616E64732E0044697361626C65A9
:10A6E00020636F6C6F7265642073796E7461782E6D
:10A6F00000456E61626C6520636F6C6F72656420EB
:10A7000073796E7461782E00666C617368002A2A12
:10A710002A20426F6F74696E67206E524620436F25
:10A720006E6E6563742053444B2076332E332E3087
:10A730002D626131363764396633646234202A2AE7
:10A740002A0A002A2A2A205573696E67205A6570E2
:10A75000687972204F532076342E332E39392D6686
:10A760006439323034613032643532202A2A2A0A80
:10A770000072302F61313A2020307825303878202F
:10A780002072312F61323A202030782530387820FD
:10A790002072322F61333A2020307825303878000B
:10A7A00072332F61343A2020307825303878207287
:10A7B00031322F69703A2020307825303878207275
:10A7C00031342F6C723A20203078253038780020D0
:10A7D000787073723A202030782530387800735BB7
:10A7E0002532645D3A202030782530387820207377
:10A7F0005B2532645D3A202030782530387820207F
:10A80000735B2532645D3A2020307825303878201B
:10A8100020735B2532645D3A20203078253038780B
:10A820000066707363723A202030782530387800E3
:10A8300072342F76313A2020307825303878202035
:10A8400072352F76323A2020307825303878202023
:10A8500072362F76333A20203078253038780072DF
:10A86000372F76343A2020307825303878202072FF
:10A87000382F76353A2020307825303878202072ED
:10A88000392F76363A2020307825303878007231EA
:10A89000302F76373A2030782530387820207231C2
:10A8A000312F76383A203078253038782020202013
:10A8B0007073703A2020307825303878004558433E
:10A8C0005F52455455524E3A203078253078004634
:10A8D00061756C74696E6720696E737472756374E8
:10A8E000696F6E20616464726573732028723135FC
:10A8F0002F7063293A2030782530387800556E68FB
:10A90000616E646C6564204952516E3A2025640082
:10A910002A2A2A2A2A204D5055204641554C542097
:10A920002A2A2A2A2A002020537461636B696E67E1
:10A93000206572726F722028636F6E746578742060
:10A9400061726561206D69676874206265206E6F51
:10A95000742076616C696429002020556E737461DF
:10A96000636B696E67206572726F720020204461AC
:10A970007461204163636573732056696F6C617401
:10A98000696F6E0020204D4D464152204164647233
:10A990006573733A2030782578002020496E7374EF
:10A9A00072756374696F6E204163636573732056BB
:10A9B000696F6C6174696F6E002020466C6F617402
:10A9C000696E672D706F696E74206C617A7920737F
:10A9D0007461746520707265736572766174696FF5
:10A9E0006E206572726F7200574553545F544F501A
:10A9F0004449522F7A65706879722F617263682FAB
:10AA000061726D2F636F72652F636F727465785F0B
:10AA10006D2F6661756C742E6300212828285343BE
:10AA2000425F54797065202A2920282830784530E3
:10AA3000303045303030554C29202B203078304490
:10AA40003030554C2920292D3E4346535220262094
:10AA50002831554C203C3C20283055202B203455A3
:10AA60002929290009537461636B696E67206F722D
:10AA70002044617461204163636573732056696F7C
:10AA80006C6174696F6E206572726F722077697481
:10AA9000686F757420737461636B2067756172648D
:10AAA0002C20757365722D6D6F6465206F72206E3A
:10AAB000756C6C2D706F696E746572206465746559
:10AAC0006374696F6E0A0A002A2A2A2A2A205553BB
:10AAD000414745204641554C54202A2A2A2A2A001B
:10AAE00020204469766973696F6E206279207A65E7
:10AAF000726F002020556E616C69676E6564206D11
:10AB0000656D6F72792061636365737300202053F4
:10AB10007461636B206F766572666C6F7720286353
:10AB20006F6E746578742061726561206E6F742039
:10AB300076616C6964290020204E6F20636F70720B
:10AB40006F636573736F7220696E7374727563746B
:10AB5000696F6E73002020496C6C6567616C206CB6
:10AB60006F6164206F66204558435F5245545552CB
:10AB70004E20696E746F205043002020496C6C6534
:10AB800067616C20757365206F6620746865204569
:10AB9000505352002020417474656D707420746F9E
:10ABA000206578656375746520756E646566696E89
:10ABB000656420696E737472756374696F6E002AC0
:10ABC0002A2A2A2A20425553204641554C54202AED
:10ABD0002A2A2A2A002020537461636B696E672039
:10ABE0006572726F72002020507265636973652010
:10ABF0006461746120627573206572726F720020E7
:10AC0000204246415220416464726573733A203099
:10AC1000782578002020496D70726563697365201E
:10AC20006461746120627573206572726F720020B6
:10AC300020496E737472756374696F6E20627573E8
:10AC4000206572726F72005265736572766564205A
:10AC5000457863657074696F6E2028005370757253
:10AC6000696F757320696E746572727570742028CF
:10AC7000495251200065736620213D202828766FB7
:10AC80006964202A293029000945534620636F75DD
:10AC90006C64206E6F7420626520726574726965E1
:10ACA000766564207375636365737366756C6C7920
:10ACB0002E205368616C6C206E65766572206F6320
:10ACC0006375722E0A00457863657074696F6E2033
:10ACD0006F6363757272656420696E205365637576
:10ACE0007265205374617465002A2A2A2A2A204832
:10ACF000415244204641554C54202A2A2A2A2A00EF
:10AD00002020427573206661756C74206F6E20760A
:10AD10006563746F72207461626C65207265616432
:10AD20000020204465627567206576656E7400209A
:10AD3000204661756C7420657363616C6174696F22
:10AD40006E20287365652062656C6F77290041521B
:10AD500043485F45584345505420776974682072D2
:10AD60006561736F6E2025780A00094661756C7401
:10AD700020657363616C6174696F6E2077697468B4
:10AD80006F75742046535220696E666F0A00094839
:10AD90006172644661756C7420776974686F75744C
:10ADA000204846535220696E666F205368616C6C70
:10ADB000206E65766572206F636375720A002A2AB9
:10ADC0002A2A2A204465627567206D6F6E69746F48
:10ADD0007220657863657074696F6E202A2A2A2A4A
:10ADE0002A002A2A2A2A2A20257320256429202A93
:10ADF0002A2A2A2A00574553545F544F5044495237
:10AE00002F7A65706879722F617263682F61726D35
:10AE10002F636F72652F636F727465785F6D2F6635
:10AE200070752E630062756666657220213D20286C
:10AE300028766F6964202A29302900574553545FCA
:10AE4000544F504449522F7A65706879722F61725D
:10AE500063682F61726D2F636F72652F636F7274F9
:10AE600065785F6D2F6972715F6D616E6167652EC8
:10AE700063007072696F203C3D20282831554C20BA
:10AE80003C3C2028332929202D2031290009696ED6
:10AE900076616C6964207072696F726974792025BB
:10AEA0006420666F722025642069727121207661AA
:10AEB0006C756573206D757374206265206C6573A5
:10AEC00073207468616E20256C750A0A006D7075B8
:10AED000004661696C656420746F20616C6C6F63FF
:10AEE000617465206E6577204D50552072656769E5
:10AEF0006F6E2025750A00506172746974696F6EF7
:10AF00002025753A2073616E6974792063686563E2
:10AF10006B206661696C65642E00496E76616C69B0
:10AF20006420756E6465726C79696E6720726567FE
:10AF3000696F6E20696E64657820257500574553EA
:10AF4000545F544F504449522F7A65706879722F7C
:10AF5000617263682F61726D2F636F72652F6D7000
:10AF6000752F61726D5F6D70752E630009436F6E92
:10AF70006669677572696E672025752073746174E0
:10AF80006963204D505520726567696F6E73206646
:10AF900061696C65640A0A00094D61726B696E67CC
:10AFA00020257520617265617320666F7220647957
:10AFB0006E616D696320726567696F6E732066618B
:10AFC000696C65640A0A00095265717565737420BD
:10AFD000746F20636F6E6669677572653A202575B8
:10AFE00020726567696F6E732028737570706F7259
:10AFF0007465643A202575290A0A0021287265675C
:10B00000696F6E5B6964785D2E64745F61747472DD
:10B010002026202831554C203C3C20283029292945
:10B02000000952414D5F4E4F4341434845207769E7
:10B0300074682044545F4D454D5F4341434845414A
:10B04000424C45206174747269627574650A0A0025
:10B05000094661696C656420746F20616C6C6F6374
:10B06000617465204D505520726567696F6E73205D
:10B0700066726F6D2044540A0A00464C4153485F83
:10B0800030005352414D5F3000574553545F544F89
:10B09000504449522F7A65706879722F6C69622F1B
:10B0A0006C6962632F6E65776C69622F6C6962638D
:10B0B0002D686F6F6B732E63002828282873697AB8
:10B0C000655F7429283132382929203C3C203130F1
:10B0D00029202D2028282875696E747074725F7479
:10B0E0002928265F656E642929202D20307832308A
:10B0F0003032303030302929203E3D203230343853
:10B1000000096D656D6F72792073706163652061F0
:10B110007661696C61626C6520666F72206E65771E
:10B120006C69622068656170206973206C65737357
:10B13000207468616E20746865206D696E696D7534
:10B140006D2072657175697265642073697A652016
:10B1500073706563696669656420627920434F4E48
:10B160004649475F4E45574C49425F4C4942435F11
:10B170004D494E5F52455155495245445F484541FE
:10B18000505F53495A450A002A6C6F636B20213D7A
:10B19000202828766F6964202A29302900096E6FDB
:10B1A0006E2D726563757273697665206C6F636B63
:10B1B00020616C6C6F636174696F6E206661696C8D
:10B1C00065640A0009726563757273697665206C3F
:10B1D0006F636B20616C6C6F636174696F6E206666
:10B1E00061696C65640A0061626F727428290A00E3
:10B1F000736F6300574553545F544F504449522F67
:10B200007A65706879722F696E636C7564652F7AE0
:10B2100065706879722F647269766572732F656ED6
:10B2200074726F70792E68006170692D3E67657465
:10B230005F656E74726F707920213D202828766FCB
:10B240006964202A293029000943616C6C626163BA
:10B250006B20706F696E7465722073686F756C64B3
:10B26000206E6F74206265204E554C4C0A0000071A
:10B270000E091C1B1215383F363124232A2D574541
:10B2800053545F544F504449522F7A657068797215
:10B290002F647269766572732F636C6F636B5F6383
:10B2A0006F6E74726F6C2F636C6F636B5F636F6E26
:10B2B00074726F6C5F6E72662E63007479706520B5
:10B2C0003C20434C4F434B5F434F4E54524F4C5FD7
:10B2D0004E52465F545950455F434F554E5400639C
:10B2E0006C6F636B403530303000636C6F636B00A4
:10B2F0006866636C6B006C66636C6B00636C6F6399
:10B300006B5F636F6E74726F6C007073612D726E21
:10B3100067007073615F726E6700696E76616C6959
:10B320006420616464726573733A20307825303824
:10B330006C783A257A7500756E616C69676E656424
:10B3400020616464726573733A2030782530386CFC
:10B35000783A257A75006E6F7420776F72642D616C
:10B360006C69676E65643A2030782530386C783ABD
:10B37000257A7500666C6173682D636F6E74726FE9
:10B380006C6C657240333930303000666C617368C4
:10B390005F636F6E74726F6C6C657200666C617364
:10B3A000685F6E726600574553545F544F5044496E
:10B3B000522F7A65706879722F696E636C75646557
:10B3C0002F7A65706879722F647269766572732F4F
:10B3D0006770696F2F6770696F5F7574696C732E22
:10B3E000680063616C6C6261636B00094E6F20637F
:10B3F000616C6C6261636B210A0063616C6C6261F9
:10B40000636B2D3E68616E646C657200094E6F203F
:10B4100063616C6C6261636B2068616E646C657201
:10B42000210A00574553545F544F504449522F6DE1
:10B430006F64756C65732F68616C2F6E6F726469D1
:10B44000632F6E7266782F68616C2F6E72665F670D
:10B4500070696F2E68006E72665F6770696F5F70EB
:10B46000696E5F70726573656E745F636865636B48
:10B47000282A705F70696E2900574553545F544FF6
:10B48000504449522F7A65706879722F64726976D8
:10B490006572732F6770696F2F6770696F5F6E7267
:10B4A00066782E630063622D3E68616E646C65721F
:10B4B000006770696F40383432353030006770692A
:10B4C0006F300000010203040506074661696C65E0
:10B4D0006420746F20616C6C6F63617465205050E0
:10B4E00049204368616E6E656C0075617274403806
:10B4F00030303000756172743000756172745F6E47
:10B500007266785F756172746500574553545F5475
:10B510004F504449522F6E72662F6C69622F6E72C3
:10B52000665F6D6F64656D5F6C69622F6E72665FDA
:10B530006D6F64656D5F6C69622E630065203C3DD4
:10B54000205F6E72665F6D6F64656D5F6C69625FD0
:10B550006466755F63625F6C6973745F656E6400D7
:10B560004D6F64656D206C69627261727920696EDD
:10B57000697469616C697A6174696F6E206661696A
:10B580006C65642C206572722025640065203C3D4A
:10B59000205F6E72665F6D6F64656D5F6C69625F80
:10B5A000696E69745F63625F6C6973745F656E6412
:10B5B00000574553545F544F504449522F6E7266A2
:10B5C0002F6C69622F6E72665F6D6F64656D5F6C64
:10B5D00069622F6E72665F6D6F64656D5F6F732E4B
:10B5E00063006572725F636F6465203E20300009FE
:10B5F000547269656420746F20736574206E65678A
:10B600006174697665206572726F7220636F64651C
:10B610002C2025640A0075736564203C20390009DC
:10B620004E6F7420656E6F7567682073656D61700D
:10B63000686F72657320696E20676C7565206C6138
:10B640007965720A00282828737472756374206BF8
:10B650005F73656D202A2973656D292026262028B1
:10B660002875696E747074725F7429286E72665FD3
:10B670006D6F64656D5F6F735F73656D73292920EE
:10B680003C3D20282875696E747074725F74292897
:10B6900028737472756374206B5F73656D202A293B
:10B6A00073656D292920262620282875696E7470F7
:10B6B00074725F74292828737472756374206B5FC9
:10B6C00073656D202A2973656D2929203C2028285F
:10B6D00075696E747074725F74292826286E72669C
:10B6E0005F6D6F64656D5F6F735F73656D73295B0D
:10B6F000282873697A655F7429282828696E742957
:10B7000073697A656F6628636861725B31202D20EA
:10B710002832202A202128215F5F6275696C7469B4
:10B720006E5F74797065735F636F6D706174696269
:10B730006C655F70285F5F747970656F665F5F2806
:10B740006E72665F6D6F64656D5F6F735F73656D5D
:10B7500073292C205F5F747970656F665F5F2826A0
:10B76000286E72665F6D6F64656D5F6F735F736582
:10B770006D73295B305D292929295D29202D203110
:10B7800029202B202873697A656F66286E72665FA0
:10B790006D6F64656D5F6F735F73656D7329202FC7
:10B7A0002073697A656F6628286E72665F6D6F64B4
:10B7B000656D5F6F735F73656D73295B305D2929FC
:10B7C00029295D2929290009556E696E6974696105
:10B7D0006C697365642073656D6170686F72650A6A
:10B7E0000075736564203C203100094E6F7420653C
:10B7F0006E6F756768206D75746578657320696E06
:10B8000020676C7565206C617965720A00282828AC
:10B81000737472756374206B5F6D75746578202A1C
:10B82000296D757465782920262620282875696E6B
:10B83000747074725F7429286E72665F6D6F6465D0
:10B840006D5F6F735F6D7574657865732929203C32
:10B850003D20282875696E747074725F74292828D9
:10B86000737472756374206B5F6D75746578202ACC
:10B87000296D757465782929202626202828756960
:10B880006E747074725F742928287374727563748F
:10B89000206B5F6D75746578202A296D75746578E5
:10B8A0002929203C20282875696E747074725F7491
:10B8B000292826286E72665F6D6F64656D5F6F73F1
:10B8C0005F6D757465786573295B282873697A657F
:10B8D0005F7429282828696E742973697A656F66F0
:10B8E00028636861725B31202D202832202A2021B4
:10B8F00028215F5F6275696C74696E5F7479706529
:10B90000735F636F6D70617469626C655F70285FEF
:10B910005F747970656F665F5F286E72665F6D6FCA
:10B9200064656D5F6F735F6D757465786573292CE1
:10B93000205F5F747970656F665F5F2826286E727E
:10B94000665F6D6F64656D5F6F735F6D757465784D
:10B950006573295B305D292929295D29202D203136
:10B9600029202B202873697A656F66286E72665FBE
:10B970006D6F64656D5F6F735F6D7574657865730A
:10B9800029202F2073697A656F6628286E72665F9A
:10B990006D6F64656D5F6F735F6D757465786573EA
:10B9A000295B305D292929295D2929290009556E3E
:10B9B000696E697469616C69736564206D7574651D
:10B9C000780A006E72665F6D6F64656D005745534F
:10B9D000545F544F504449522F6E72662F6C696207
:10B9E0002F6E72665F6D6F64656D5F6C69622F6349
:10B9F00066756E5F686F6F6B732E630065203C3DEC
:10BA0000205F6E72665F6D6F64656D5F6C69625F0B
:10BA100061745F6366756E5F63625F6C6973745FA8
:10BA2000656E64004D6F64656D206C696272617251
:10BA30007920646964206E6F7420696E697469612D
:10BA40006C697A653A20256400574553545F544F1A
:10BA5000504449522F7A65706879722F696E636C11
:10BA60007564652F7A65706879722F64726976657E
:10BA700072732F6770696F2E680028666C61677338
:10BA8000202620282831554C203C3C2028323129C2
:10BA900029207C202831554C203C3C20283232295A
:10BAA00029207C202831554C203C3C202832332949
:10BAB00029207C202831554C203C3C202832342938
:10BAC00029207C202831554C203C3C202832352927
:10BAD00029207C202831554C203C3C202832362916
:10BAE000292929203D3D20300009496E7465727274
:10BAF00075707420666C61677320617265206E6F6B
:10BB00007420737570706F727465640A0028666CB7
:10BB1000616773202620282831203C3C20342920CE
:10BB20007C202831203C3C203529292920213D201A
:10BB3000282831203C3C203429207C202831203CFE
:10BB40003C20352929000950756C6C205570206106
:10BB50006E642050756C6C20446F776E2073686F34
:10BB6000756C64206E6F7420626520656E61626C16
:10BB700065642073696D756C74616E656F75736C47
:10BB8000790A00212828666C6167732026202831F5
:10BB9000554C203C3C2028313629292920262620B6
:10BBA0002128666C6167732026202831554C203C83
:10BBB0003C202831372929292026262028666C6137
:10BBC00067732026202831203C3C20312929290078
:10BBD00009496E7075742063616E6E6F74206265C2
:10BBE00020656E61626C656420666F7220274F70FD
:10BBF000656E20447261696E272C20274F70656E38
:10BC000020536F7572636527206D6F6465732077AD
:10BC10006974686F7574204F75747075740A0028A4
:10BC2000666C6167732026202831203C3C20312936
:10BC30002920213D2030207C7C2028666C616773A0
:10BC40002026202831203C3C20322929203D3D203F
:10BC5000300028666C616773202620282831554CF7
:10BC6000203C3C202831382929207C202831554C83
:10BC7000203C3C2028313929292929203D3D2030EC
:10BC8000207C7C2028666C61677320262028315533
:10BC90004C203C3C2028313729292920213D2030C7
:10BCA00000094F7574707574206E65656473207437
:10BCB0006F20626520656E61626C656420746F2020
:10BCC000626520696E697469616C697A6564206C6B
:10BCD0006F77206F7220686967680A0028666C6158
:10BCE0006773202620282831554C203C3C202831E1
:10BCF000382929207C202831554C203C3C202831F3
:10BD0000392929292920213D20282831554C203C3A
:10BD10003C202831382929207C202831554C203CD2
:10BD20003C2028313929292900094F757470757410
:10BD30002063616E6E6F7420626520696E6974693C
:10BD4000616C697A6564206C6F7720616E6420682D
:10BD50006967680A00286366672D3E706F72745FBA
:10BD600070696E5F6D61736B202620286770696F44
:10BD70005F706F72745F70696E735F7429283155DC
:10BD80004C203C3C202870696E29292920213D2027
:10BD900030550009556E737570706F72746564204C
:10BDA00070696E0A004C454420696E646578206FA6
:10BDB0007574206F66207468652072616E67650017
:10BDC00043616E6E6F74207772697465204C4544D0
:10BDD000206770696F0043616E6E6F7420636F6ED1
:10BDE000666967757265204C4544206770696F000D
:10BDF000646B5F627574746F6E735F616E645F6CA9
:10BE0000656473004661696C656420746F20686FB7
:10BE10006F6B207468652064697370617463682057
:10BE200066756E6374696F6E2C206572722025646E
:10BE300000574553545F544F504449522F6E726619
:10BE40002F6C69622F61745F6D6F6E69746F722FF2
:10BE500061745F6D6F6E69746F722E630065203C54
:10BE60003D205F61745F6D6F6E69746F725F656EA8
:10BE70007472795F6C6973745F656E64004E6F20D5
:10BE80006865617020737061636520666F722069F8
:10BE90006E636F6D696E67206E6F7469666963614A
:10BEA00074696F6E3A2025730061745F6E6F7469F8
:10BEB0006600094E6F20686561702073706163656C
:10BEC00020666F7220696E636F6D696E67206E6F9A
:10BED00074696669636174696F6E3A2025730A003C
:10BEE0006E6F74696620213D202828766F69642072
:10BEF0002A2930290061745F6D6F6E69746F72005A
:10BF0000415420636F6D6D616E64206576656E745B
:10BF10002068616E646C65722064697361626C652F
:10BF2000640A00415420636F6D6D616E6420657614
:10BF3000656E742068616E646C657220656E616206
:10BF40006C65640A0053656E64696E672041542015
:10BF5000636F6D6D616E64206661696C65642077E6
:10BF6000697468206572726F7220636F6465202542
:10BF7000640A00574553545F544F504449522F6E42
:10BF800072662F6C69622F61745F7368656C6C2FC9
:10BF900061745F7368656C6C2E6300676C6F6261BF
:10BFA0006C5F7368656C6C20213D202828766F6972
:10BFB00064202A2930290009676C6F62616C5F7305
:10BFC00068656C6C20686173206E6F7420626565B3
:10BFD0006E2073657420746F20612076616C6964D3
:10BFE000207368656C6C0A004154206576656E7438
:10BFF0002068616E646C65723A0A25730A00617488
:10C00000004578656375746520616E204154206336
:10C010006F6D6D616E642E204B6E6F776E20737541
:10C0200062636F6D6D616E6473206172652074610F
:10C03000622D636F6D706C657461626C653B20612D
:10C040006E79206F7468657220737562636F6D6DB1
:10C05000616E6420697320696E74657270726574B4
:10C06000656420617320616E20415420636F6D6DA3
:10C07000616E6420616E642073656E7420746F203D
:10C08000746865206D6F64656D2E006576656E74ED
:10C09000735F656E61626C65006576656E74735F73
:10C0A00064697361626C650055736167653A20610C
:10C0B00074203C737562636F6D6D616E643E0A0A35
:10C0C000537562636F6D6D616E64733A0A2020650B
:10C0D00076656E74735F656E61626C6520202020EA
:10C0E00020456E61626C65204154206576656E74F2
:10C0F0002068616E646C657220776869636820707F
:10C1000072696E7473204154206E6F74696669633E
:10C110006174696F6E730A20206576656E74735F53
:10C1200064697361626C65202020204469736162D8
:10C130006C65204154206576656E742068616E647C
:10C140006C65720A0A416E79206F7468657220739B
:10C150007562636F6D6D616E6420697320696E74C2
:10C160006572707265746564206173204154206348
:10C170006F6D6D616E6420616E642073656E7420F6
:10C18000746F20746865206D6F64656D2E0A0046BB
:10C1900061696C656420746F2073657420636F6ED1
:10C1A00066696775726174696F6E20286572723A8C
:10C1B00020256429006D6F64656D5F616E74656E26
:10C1C0006E610054462D4D206E6F6E2D7365637544
:10C1D00072652063616C6C6261636B20696E697467
:10C1E00069616C697A6174696F6E206661696C65FA
:10C1F000642C206572726F723A202564002A2A2A04
:10C200002A2A20534543555245204641554C542037
:10C210002A2A2A2A2A002020416464726573733A0C
:10C220002030782578002020496E76616C69642082
:10C23000656E74727920706F696E74002020496E8B
:10C2400076616C696420696E7465677269747920BF
:10C250007369676E6174757265002020496E76613E
:10C260006C696420657863657074696F6E207265AF
:10C270007475726E002020417474726962757469FD
:10C280006F6E20756E69742076696F6C6174696F6A
:10C290006E002020496E76616C6964207472616E54
:10C2A000736974696F6E0020204C617A7920737411
:10C2B00061746520707265736572766174696F6E02
:10C2C0000020204C617A7920737461746520657256
:10C2D000726F72002A2A2A2A2A2053505520494E6A
:10C2E00054455252555054202A2A2A2A2A002020E6
:10C2F00053656375726974792076696F6C617469CE
:10C300006F6E20666F722074686520666C6173685A
:10C31000206D656D6F7279207370616365002020F8
:10C3200053656375726974792076696F6C6174699D
:10C330006F6E20666F72207468652052414D206DCB
:10C34000656D6F727920737061636500202053659D
:10C350006375726974792076696F6C6174696F6E48
:10C36000206F6E206F6E65206F7220736576657228
:10C37000616C207065726970686572616C732E0003
:10C38000574553545F544F504449522F6E72662F95
:10C390006D6F64756C65732F747275737465642D3D
:10C3A0006669726D776172652D6D2F6661756C744B
:10C3B0002E6300675F636F6E746578742E76616CB0
:10C3C000696400094E6F6E2D736563757265206335
:10C3D000616C6C6261636B20776974686F7574203F
:10C3E00076616C696420636F6E746578740A0057B7
:10C3F0004553545F544F504449522F6D6F64756CD0
:10C4000065732F68616C2F6E6F726469632F6E7233
:10C4100066782F68656C706572732F6E7266785FD0
:10C42000677070695F647070692E6300705F677019
:10C43000706920213D202828766F6964202A2930E0
:10C440002900574553545F544F504449522F6D6F44
:10C4500064756C65732F68616C2F6E6F72646963AD
:10C460002F6E7266782F647269766572732F73729D
:10C47000632F6E7266785F636C6F636B2E63006D03
:10C480005F636C6F636B5F63622E6D6F64756C6569
:10C490005F696E697469616C697A656400574553B8
:10C4A000545F544F504449522F6D6F64756C6573DF
:10C4B0002F68616C2F6E6F726469632F6E7266787D
:10C4C0002F647269766572732F7372632F6E726652
:10C4D000785F636C6F636B5F6866636C6B2E630081
:10C4E000574553545F544F504449522F6D6F6475F4
:10C4F0006C65732F68616C2F6E6F726469632F6E49
:10C500007266782F647269766572732F7372632F07
:10C510006E7266785F636C6F636B5F6C66636C6B87
:10C520002E6300574553545F544F504449522F6D6A
:10C530006F64756C65732F68616C2F6E6F726469C0
:10C54000632F6E7266782F68616C2F6E72665F67FC
:10C5500070696F74652E6800696E646578203C2090
:10C560003800574553545F544F504449522F6D6F14
:10C5700064756C65732F68616C2F6E6F726469638C
:10C580002F6E7266782F647269766572732F73727C
:10C59000632F6E7266785F6770696F74652E6300D3
:10C5A0006E7266795F6770696F5F70696E5F7072D7
:10C5B0006573656E745F636865636B2870696E2967
:10C5C0002026262070696E5F69735F7461736B5FEC
:10C5D0006F757470757428705F696E7374616E63C3
:10C5E000652C2070696E2900705F696E7374616ECE
:10C5F000636500705F6368616E6E656C0070696E84
:10C600005F6861735F7472696767657228705F69DC
:10C610006E7374616E63652C2070696E2900696E9B
:10C62000745F656E61626C6500574553545F544F8B
:10C63000504449522F6D6F64756C65732F68616C3F
:10C640002F6E6F726469632F6E7266782F647269E1
:10C65000766572732F7372632F6E7266785F69707E
:10C66000632E6300705F636F6E6669672026262005
:10C67000286D5F63622E7374617465203D3D204EAA
:10C680005246585F4452565F53544154455F494E99
:10C69000495449414C495A454429006D5F63622E13
:10C6A0007374617465203D3D204E5246585F44527C
:10C6B000565F53544154455F494E495449414C4992
:10C6C0005A454400574553545F544F504449522FE4
:10C6D0006D6F64756C65732F68616C2F6E6F72641B
:10C6E00069632F6E7266782F68616C2F6E72665F59
:10C6F0006970632E6800574553545F544F50444946
:10C70000522F6D6F64756C65732F68616C2F6E6F3F
:10C71000726469632F6E7266782F647269766572CF
:10C72000732F7372632F6E7266785F6E766D632EF1
:10C73000630062797465735F636F756E74203C3D4E
:10C74000202873697A656F662875696E7433325F65
:10C750007429202D20627974655F73686966742975
:10C760000069735F76616C69645F616464726573AC
:10C770007328616464722C2030290069735F7661CC
:10C780006C69645F61646472657373286164647268
:10C790002C203129202626206E7266785F69735F0F
:10C7A000776F72645F616C69676E65642828766F65
:10C7B000696420636F6E7374202A2961646472292E
:10C7C0000041542B4346554E3D004F4B0D0A00454A
:10C7D00052524F520D0A002B434D45204552524FA5
:10C7E000523A002B434D53204552524F523A005774
:10C7F0004553545F544F504449522F7A65706879BD
:10C80000722F6B65726E656C2F6465766963652E39
:10C8100063007263203E3D202D2830786666292013
:10C820002626207263203C20300009646576696307
:10C830006520257320696E69743A20696E76616C93
:10C840006964206572726F7220282564290A004885
:10C85000616C74696E672073797374656D00556ED1
:10C860006B6E6F776E206572726F7200756E6B6E95
:10C870006F776E003E3E3E205A4550485952204642
:10C880004154414C204552524F522025643A2025B4
:10C8900073206F6E20435055202564004661756CEF
:10C8A0007420647572696E6720696E746572727542
:10C8B00070742068616E646C696E670A00437572FB
:10C8C00072656E74207468726561643A2025702008
:10C8D0002825732900574553545F544F50444952FB
:10C8E0002F7A65706879722F6B65726E656C2F6632
:10C8F0006174616C2E6300726561736F6E20213DFF
:10C90000204B5F4552525F4B45524E454C5F504164
:10C910004E49430009417474656D707465642074F8
:10C920006F207265636F7665722066726F6D20612D
:10C93000206B65726E656C2070616E696320636F39
:10C940006E646974696F6E0A0043505520657863A0
:10C95000657074696F6E00556E68616E646C6564B5
:10C9600020696E7465727275707400537461636BC4
:10C97000206F766572666C6F77004B65726E656CC2
:10C98000206F6F7073004B65726E656C2070616E06
:10C99000696300574553545F544F504449522F7AAE
:10C9A00065706879722F6B65726E656C2F696E6940
:10C9B000742E63007468726561645F6461746120E1
:10C9C0003C3D205F5F7374617469635F7468726576
:10C9D00061645F646174615F6C6973745F656E64E8
:10C9E0000069646C6500646576203C3D205F646589
:10C9F000766963655F6C6973745F656E64006D6111
:10CA0000696E006F7300574553545F544F5044494B
:10CA1000522F7A65706879722F6B65726E656C2F14
:10CA20006B686561702E630021617263685F697372
:10CA30005F696E5F6973722829207C7C20282874C6
:10CA4000696D656F7574292E7469636B73203D3D44
:10CA5000202828286B5F74696D656F75745F742971
:10CA60007B307D29292E7469636B732900090A00C4
:10CA700068656170203C3D205F6B5F686561705F39
:10CA80006C6973745F656E6400574553545F544F0F
:10CA9000504449522F7A65706879722F6B65726EB7
:10CAA000656C2F69646C652E63005F6B65726E65E3
:10CAB0006C2E637075735B305D2E63757272656E7C
:10CAC000742D3E626173652E7072696F203E3D2049
:10CAD0003000574553545F544F504449522F7A65A4
:10CAE000706879722F6B65726E656C2F696E636CFE
:10CAF0007564652F6B73636865642E680074687273
:10CB00006561642D3E626173652E70656E64656457
:10CB10005F6F6E00574553545F544F504449522F36
:10CB20007A65706879722F6B65726E656C2F6D73A4
:10CB3000675F712E630021617263685F6972715F64
:10CB4000756E6C6F636B6564286B657929006D7316
:10CB500067712D3E77726974655F707472203E3D17
:10CB6000206D7367712D3E6275666665725F7374C2
:10CB7000617274202626206D7367712D3E7772696D
:10CB800074655F707472203C206D7367712D3E6216
:10CB900075666665725F656E6400574553545F54F1
:10CBA0004F504449522F7A65706879722F6B6572C5
:10CBB0006E656C2F6D757465782E630021617263EC
:10CBC000685F69735F696E5F697372282900096D18
:10CBD0007574657865732063616E6E6F742062652D
:10CBE000207573656420696E7369646520495352CA
:10CBF000730A006D757465782D3E6C6F636B5F63AF
:10CC00006F756E74203E20305500574553545F5465
:10CC10004F504449522F7A65706879722F6B657254
:10CC20006E656C2F73656D2E6300282861726368D2
:10CC30005F69735F696E5F6973722829203D3D20CB
:10CC40003029207C7C20282874696D656F757429D3
:10CC50002E7469636B73203D3D202828286B5F7418
:10CC6000696D656F75745F74297B307D29292E7419
:10CC700069636B73292900574553545F544F5044DF
:10CC800049522F7A65706879722F6B65726E656C88
:10CC90002F776F726B2E6300776F726B2D3E7175FD
:10CCA00065756520213D202828766F6964202A2932
:10CCB000302900776F726B2D3E68616E646C65720F
:10CCC00020213D202828766F6964202A29302900F8
:10CCD00021666C61675F746573742826717565756C
:10CCE000652D3E666C6167732C204B5F574F524B2E
:10CCF0005F51554555455F535441525445445F4239
:10CD000049542900717565756500737461636B0022
:10CD100064776F726B20213D202828766F6964202C
:10CD20002A293029002B00574553545F544F504453
:10CD300049522F7A65706879722F6B65726E656CD7
:10CD40002F7468726561642E630028282828707229
:10CD5000696F2929203D3D203135202626207A5F24
:10CD600069735F69646C655F7468726561645F654F
:10CD70006E7472792828656E747279292929207C4D
:10CD80007C202828283135202D203129203E3D20A7
:10CD900028282D3136292929202626202828707276
:10CDA000696F2929203E3D2028282D313629292048
:10CDB00026262028287072696F2929203C3D2028CA
:10CDC0003135202D20312929290009696E76616CC1
:10CDD0006964207072696F726974792028256429EA
:10CDE0003B20616C6C6F7765642072616E67653A99
:10CDF00020256420746F2025640A00095468726538
:10CE0000616473206D6179206E6F742062652063A8
:10CE100072656174656420696E20495352730A001B
:10CE200064756D6D7900736C656570696E6700641B
:10CE30006561640073757370656E6465640061623A
:10CE40006F7274696E670073757370656E64696E76
:10CE5000670071756575656400574553545F544F9D
:10CE6000504449522F7A65706879722F6B65726EE3
:10CE7000656C2F73636865642E6300217A5F697344
:10CE80005F69646C655F7468726561645F6F626A34
:10CE90006563742874687265616429002169735F31
:10CEA0007468726561645F64756D6D792874687209
:10CEB0006561642900574553545F544F50444952AB
:10CEC0002F7A65706879722F6B65726E656C2F6949
:10CED0006E636C7564652F6B7468726561642E682F
:10CEE000005F6B65726E656C2E637075735B305D91
:10CEF0002E63757272656E7420213D202828766F2E
:10CF00006964202A29302900574553545F544F50F3
:10CF10004449522F7A65706879722F6B65726E651D
:10CF20006C2F696E636C7564652F6B737761702EFF
:10CF30006800617263685F6972715F756E6C6F63C0
:10CF40006B6564286B657929207C7C205F6B65723A
:10CF50006E656C2E637075735B305D2E63757272D7
:10CF6000656E742D3E626173652E746872656164CE
:10CF70005F737461746520262028282831554C2061
:10CF80003C3C202830292929207C20282831554C58
:10CF9000203C3C202833292929290009436F6E743D
:10CFA00065787420737769746368696E6720776841
:10CFB000696C6520686F6C64696E67206C6F636B69
:10CFC000210A0073697A656F66285F736368656418
:10CFD0005F7370696E6C6F636B29203D3D2030205C
:10CFE0007C7C206C6F636B20213D20265F7363681F
:10CFF00065645F7370696E6C6F636B005F6B657205
:10D000006E656C2E637075735B305D2E6375727226
:10D01000656E742D3E626173652E73636865645F2F
:10D020006C6F636B656420213D203155005F6B653B
:10D03000726E656C2E637075735B305D2E637572F6
:10D0400072656E742D3E626173652E7363686564EC
:10D050005F6C6F636B656420213D20305500217447
:10D0600065726D696E617465000961626F727465E5
:10D0700064205F63757272656E74206261636B20F9
:10D0800066726F6D20646561640A00216573736563
:10D090006E7469616C000961626F72746564206509
:10D0A0007373656E7469616C207468726561642065
:10D0B00025700A00574553545F544F504449522F2E
:10D0C0007A65706879722F6B65726E656C2F746902
:10D0D0006D65736C6963696E672E630028287469D7
:10D0E0006D656F75742920262620282875696E7451
:10D0F0007074725F742928736C6963655F74696DFD
:10D10000656F7574732929203C3D20282875696E48
:10D11000747074725F74292874696D656F757429F1
:10D120002920262620282875696E747074725F7411
:10D13000292874696D656F75742929203C20282879
:10D1400075696E747074725F7429282628736C690F
:10D1500063655F74696D656F757473295B282873E7
:10D16000697A655F7429282828696E742973697A39
:10D17000656F6628636861725B31202D202832203C
:10D180002A202128215F5F6275696C74696E5F7463
:10D19000797065735F636F6D70617469626C655FF0
:10D1A00070285F5F747970656F665F5F28736C6964
:10D1B00063655F74696D656F757473292C205F5F9B
:10D1C000747970656F665F5F282628736C69636584
:10D1D0005F74696D656F757473295B305D292929EA
:10D1E000295D29202D203129202B202873697A657B
:10D1F0006F6628736C6963655F74696D656F7574BC
:10D200007329202F2073697A656F662828736C69EB
:10D2100063655F74696D656F757473295B305D2933
:10D220002929295D29292026262028282875696E84
:10D23000747074725F74292874696D656F757429D0
:10D2400029202D20282875696E747074725F7429E6
:10D2500028736C6963655F74696D656F7574732994
:10D26000292920252073697A656F662828736C69DF
:10D2700063655F74696D656F757473295B305D29D3
:10D28000203D3D20302900574553545F544F5044B2
:10D2900049522F7A65706879722F6B65726E656C72
:10D2A0002F7468726561645F6D6F6E69746F722E42
:10D2B0006300757365725F636220213D20282876C4
:10D2C0006F6964202A2930290009757365725F63CC
:10D2D000622063616E206E6F74206265204E554C33
:10D2E0004C0A00574553545F544F504449522F7ACB
:10D2F00065706879722F6B65726E656C2F74696DDD
:10D30000656F75742E6300217379735F646E6F644B
:10D31000655F69735F6C696E6B65642826746F2D39
:10D320003E6E6F64652900574553545F544F504417
:10D3300049522F7A65706879722F6B65726E656CD1
:10D340002F6576656E74732E6300574553545F5492
:10D350004F504449522F7A65706879722F6B65720D
:10D360006E656C2F6D656D706F6F6C2E630028613C
:10D370006C69676E20262028616C69676E202D20FD
:10D38000312929203D3D20300009616C69676E20FC
:10D390006D757374206265206120706F77657220EF
:10D3A0006F6620320A00616C69676E203D3D203057
:10D3B000207C7C20282875696E747074725F7429D3
:10D3C0006D656D20262028616C69676E202D2031E7
:10D3D0002929203D3D203000096D6973616C696722
:10D3E0006E6564206D656D6F7279206174202570A3
:10D3F0002028616C69676E203D20257A75290A0016
:10D40000737973776F726B710000202020202020C9
:10D4100020202028282828282020202020202020E4
:10D4200020202020202020202020881010101010E4
:10D430001010101010101010101004040404040434
:10D440000404040410101010101010414141414117
:10D45000410101010101010101010101010101017C
:10D46000010101010110101010101042424242420D
:10D47000420202020202020202020202020202024C
:10D480000202020202101010102000000000000032
:10D49000000000000000000000000000000000008C
:10D4A000000000000000000000000000000000007C
:10D4B000000000000000000000000000000000006C
:10D4C000000000000000000000000000000000005C
:10D4D000000000000000000000000000000000004C
:10D4E000000000000000000000000000000000003C
:10D4F000000000000000000000000000000000002C
:10D5000000000000000000000000494E46004E41AF
:10D510004E006E616E003031323334353637383973
:10D520004142434445460030313233343536373892
:10D53000396162636465660065256C6400496E66E6
:10D54000696E697479004E614E005245454E542013
:10D550006D616C6C6F63207375636365656465648E
:10D56000002F5F5F772F5F74656D702F776F726B21
:10D5700073706163652F6275696C642F2E627569C3
:10D580006C642F61726D2D7A65706879722D65619A
:10D5900062692F7372632F6E65776C69622D6E619D
:10D5A0006E6F2F6E65776C69622F6C6962632F7383
:10D5B00074646C69622F64746F612E630042616CE5
:10D5C0006C6F6320737563636565646564002F5FCA
:10D5D0005F772F5F74656D702F776F726B737061FB
:10D5E00063652F6275696C642F2E6275696C642F98
:10D5F00061726D2D7A65706879722D656162692F2F
:10D600007372632F6E65776C69622D6E616E6F2F1A
:10D610006E65776C69622F6C6962632F7374646CDA
:10D6200069622F6764746F612D6765746865782E11
:10D630006300504F534958002F5F5F772F5F746529
:10D640006D702F776F726B73706163652F62756990
:10D650006C642F2E6275696C642F61726D2D7A6512
:10D66000706879722D656162692F7372632F6E65C0
:10D67000776C69622D6E616E6F2F6E65776C696273
:10D680002F6C6962632F7374646C69622F6D7072A2
:10D6900065632E6300232D302B2000686C4C0065E1
:10D6A000666745464700412D46612D663839303161
:10D6B0003233343536375D002B2D007858002C205E
:10D6C00066756E6374696F6E3A200061737365727C
:10D6D00074696F6E2022257322206661696C65640F
:10D6E0003A2066696C6520222573222C206C696EB5
:10D6F00065202564257325730A000000B5400200EB
:10D700000000000049D400000000000001470200B2
:04D710000000000015
:10D72C0078563412260000000100010000000000B1
:10D73C00014B0000DA070000ABFFFFFFB9FFFFFF52
:10D74C00F4FFFFFF00000000000000000000810655
:10D75C00F4010101A02526000404120400000000BD
:10D76C008813000000000000E267030001000000C5
:10D77C00000000006E000000DB6A030001000000E6
:10D78C000000000074000000E867030001000000C6
:10D79C000000000062000000F167030001000000BF
:10D7AC000000000064000000286603000100000077
:10D7BC00000000006D000000AE69030001000000D5
:10D7CC000000000009000000A86A0300010000002E
:10D7DC00000000000A000000B16A03000100000014
:10D7EC00000000000B000000FC67030001000000BB
:10D7FC000000000004000000186803000100000095
:10D80C000000000005000000356803000100000066
:10D81C0000000000070000005A680300010000002F
:10D82C000000000006000000796803000100000001
:10D83C0000000000080000009E68030001000000CA
:10D84C000000000000000000AD68030001000000B3
:10D85C000000000001000000BF6803000100000090
:10D86C000000000002000000D1680300010000006D
:10D87C000000000003000000EC6803000000000042
:10D88C00000000000C000000FA680300000000001B
:10D89C00000000000D0000000969030001000000F9
:10D8AC00000000000E0000001C69030001000000D5
:10D8BC00000000000F0000002F69030000000000B2
:10D8CC00000000001000000043690300000000008D
:10D8DC000000000011000000586903000000000067
:10D8EC0000000000120000006C6903000000000042
:10D8FC00000000001300000081690300000000001C
:10D90C0000000000140000009069030000000000FB
:10D91C000000000015000000175403000000000078
:10D92C0000000000680000008250030000000000AE
:10D93C0000000000160000001CAD040000000000F8
:10D94C000000000072000000000000000000000059
:10D95C000000000000000000A069030001000000AE
:10D96C000000000074000000AC690300010000001E
:10D97C000000000065000000C0690300000000000A
:10D98C000000000066000000C669030000000000F3
:10D99C000000000061000000B768030001000000F7
:10D9AC0000000000E9030000C9680300010000004A
:10D9BC0000000000EA030000D7690300000000002B
:10D9CC0000000000EB03000000000000000000005D
:10D9DC000000000000000000E269030000000000ED
:10D9EC0000000000E9030000F569030000000000DE
:10D9FC0000000000EA030000B7680300010000000B
:10DA0C0000000000EB030000C968030001000000E7
:10DA1C0000000000EC030000C069030000000000DF
:10DA2C000000000066000000106A03000000000007
:10DA3C000000000061000000000000000000000079
:10DA4C000000000000000000266A03000000000037
:10DA5C000000000030000000326A030000000000EB
:10DA6C0000000000310000004B6A030000000000C1
:10DA7C000000000032000000000000000000000068
:10DA8C000000000000000000606A030000000000BD
:10DA9C000000000063000000676A03000000000043
:10DAAC0000000000730000006E6A0300000000001C
:10DABC00000000006D000000786A03000000000008
:10DACC000000000061000000AA79040001000000C1
:10DADC0000000000D1070000816A03000100000073
:10DAEC0000000000740000008B6A030001000000BD
:10DAFC0000000000D2070000936A03000100000040
:10DB0C0000000000690000009E6A03000100000094
:10DB1C00000000006C000000A66A03000100000079
:10DB2C0000000000D4070000AF6A030001000000F1
:10DB3C0000000000D5070000B86A030001000000D7
:10DB4C0000000000D6070000C86A030001000000B6
:10DB5C0000000000D7070000AE69030001000000C0
:10DB6C000000000065000000D96A030001000000FD
:10DB7C0000000000D8070000E16A0300010000006B
:10DB8C0000000000DA070000036B03000000000037
:10DB9C0000000000D9070000000000000000000099
:10DBAC000000000000000000146B030001000000E6
:10DBBC00000000006D0000001C6B03000100000061
:10DBCC0000000000BC0B0000DB6A03000100000039
:10DBDC000000000074000000AA790400010000009D
:10DBEC000000000063000000AE69030001000000AB
:10DBFC000000000065000000296B0300000000001D
:10DC0C000000000073000000A86A0300010000007F
:10DC1C000000000070000000B16A03000100000069
:10DC2C0000000000BD0B0000BA6A030001000000F8
:10DC3C0000000000BE0B0000CA6A030001000000D7
:10DC4C0000000000BF0B0000366B03000100000059
:10DC5C0000000000B90B0000496B0300010000003C
:10DC6C0000000000BA0B0000666B0300000000000F
:10DC7C0000000000BB0B0000716B030001000000F2
:10DC8C0000000000C00B0000876B030001000000C7
:10DC9C0000000000C10B0000986B030001000000A5
:10DCAC0000000000C20B0000AE6B0300010000007E
:10DCBC0000000000C30B0000C46B03000100000057
:10DCCC0000000000C40B0000D56B03000100000035
:10DCDC0000000000C50B0000EB6B0300000000000F
:10DCEC0000000000C60B0000000000000000000057
:10DCFC000000000000000000606A0300000000004B
:10DD0C000000000063000000676A030000000000D0
:10DD1C000000000073000000786A0300000000009F
:10DD2C000000000061000000026C03000000000015
:10DD3C000000000064000000086C030001000000FB
:10DD4C000000000074000000AE6903000100000038
:10DD5C000000000065000000D96A0300010000000B
:10DD6C0000000000DD070000AA790400010000009B
:10DD7C0000000000D10700009E6A030001000000B3
:10DD8C0000000000D2070000116C0300010000002D
:10DD9C0000000000D70700001D6C0300010000000C
:10DDAC0000000000D80700002C6C030001000000EC
:10DDBC0000000000D3070000486C030001000000C5
:10DDCC0000000000D40700006A6C03000100000092
:10DDDC0000000000E0070000816C0300010000005F
:10DDEC0000000000D5070000A36C03000100000038
:10DDFC0000000000D6070000FC67030001000000D3
:10DE0C0000000000DE07000018680300010000009D
:10DE1C0000000000DF070000A66A030001000000FC
:10DE2C0000000000D9070000AF6A030001000000E9
:10DE3C0000000000DA070000B86A030001000000CF
:10DE4C0000000000DB070000C86A030001000000AE
:10DE5C0000000000DC0700000000000000000000D3
:10DE6C000000000000000000A900040000000000F9
:10DE7C0000000000ED120100000000000000000096
:10DE8C0000000000FEA004000100000000000000E3
:10DE9C0064000000A86A03000100000000000000FC
:10DEAC0070000000B16A03000100000000000000D7
:10DEBC006D000000803D0400010000000000000027
:10DECC0074000000956A03000100000000000000CF
:10DEDC00690000008B3D0400000000000000000001
:10DEEC006A000000000000000000000000000000BC
:10DEFC0000000000A86A0300010000000000000000
:10DF0C0070000000B16A0300010000000000000076
:10DF1C006D000000803D04000100000000000000C6
:10DF2C007400000000000000000000000000000071
:10DF3C0000000000A86A03000100000000000000BF
:10DF4C0070000000B16A0300010000000000000036
:10DF5C006D000000803D0400010000000000000086
:10DF6C007400000000000000000000000000000031
:10DF7C0000000000A86A030001000000000000007F
:10DF8C007000000000000000000000000000000015
:10DF9C0000000000A2690300010000000000000066
:10DFAC0074000000AE6903000100000000000000D6
:10DFBC0065000000983D0400000000000000000017
:10DFCC0044000000C06903000000000000000000D5
:10DFDC0066000000B76803000100000000000000AC
:10DFEC00E9030000C9680300010000000000000004
:10DFFC00EA03000000000000000000000000000028
:10E00C00000000001CAD0400000000000000000037
:10E01C0072000000B959040001000000000000006B
:10E02C0074000000F667030001000000000000000F
:10E03C0064000000208004000100000000000000CB
:10E04C00E90300002980040001000000000000002A
:10E05C00EA030000000000000000000000000000C7
:10E06C0000000000CD7F0400000000000000000054
:10E07C0095A4010023F40200000000000000000041
:10E08C00D9F80200010000000100000000000000AF
:10E09C0000000000000000006FCA0400FFFFFFFF3B
:10E0AC00FFFFFFFF0100000001000000FFFFFFFF6A
:10E0BC00E1020300A9E101000000000000000000E3
:10E0CC00000000000706030000000000EB05030041
:10E0DC00000000000100000098E90020FCE4002092
:10E0EC00FCE4002000000000CC460300582901206D
:10E0FC00E0490300A1160300A5160300001003401D
:10E10C000000000000000000000000000000000003
:10E11C0000000000000000000000000000000000F3
:10E12C0000000000000000000000000000000000E3
:10E13C0000000000000000000000000000000000D3
:10E14C0000000000000000000000000000000000C3
:10E15C0000000000000000000000000000000000B3
:10E16C000000000000000000000100009CE5002001
:10E17C000000000000000000000000000000000093
:10E18C00000000000A4C01202000000000000000EC
:10E19C00000000000D45020000000000000000001F
:10E1AC000090D003FF000000FF000000516002004F
:10E1BC00515E0200756002005D5E02006D6302003C
:10E1CC00E560020035630200ED1F0300E71F03004A
:10E1DC00E11F030090020000F8E50020F8E50020A4
:10E1EC0004E6002000000000204D0300004D030059
:10E1FC00E04C0300000000000000000000000000E4
:10E20C000000000000000000000000000000000002
:10E21C0000000000000000000000000000000000F2
:10E22C0000000000000000000000000000000000E2
:10E23C0000000000000000000000000000000000D2
:10E24C00000000004300000000000000000000007F
:10E25C0000000000000000000000000000000000B2
:10E26C00000000004300000000000000000000005F
:10E27C000000000000000000000000000000000092
:10E28C00000000004300000000000000000000003F
:10E29C000000000000000000000000000000000072
:10E2AC00000000004300000000000000000000001F
:10E2BC000000000000000000000000000000000052
:10E2CC0000000000430000000000000000000000FF
:10E2DC000000000000000000000000000000000032
:10E2EC0000000000430000000000000000000000DF
:10E2FC000000000000000000000000000000000012
:10E30C0000000000430000000000000000000000BE
:10E31C0000000000000000000000000000000000F1
:10E32C000000000095330300732E03000000000072
:10E33C0009D40400F8E403006FCA04006FCA040097
:10E34C006FCA04006FCA04006FCA04006FCA0400CD
:10E35C006FCA04006FCA04006FCA0400FFFFFFFFFE
:10E36C00FFFFFFFFFFFFFFFFFFFF00000100415316
:10E37C0043494900000000000000000000000000BC
:10E38C0000000000000000000000000000004153ED
:10E39C00434949000000000000000000000000009C
:10E3AC000000000000000000000000000000000061
:10E3BC00000000000000000081010000FF000000D0
:0CE3CC00000000005146020001000000AB
:0CE3D80000000000000000000000000039
:10E3E4000000000000000000000000000000000029
:10E3F4000000000000000000000000000000000019
:10E404000000000000000000000000000000000008
:0CE41400000000000000000000000000FC
:04E4200000000000F8
:10E4240000000000000000000000000000000000E8
:10E4340000000000000000000000000000000000D8
:10E4440000000000000000000000000000000000C8
:10E4540000000000000000000000000000000000B8
:0CE46400000000000000000000000000AC
:10E47400000000000000000045B20200000000009F
:10E484000000000000000000A0E80020A0E8002038
:10E4940091EC0200000000000000000000000000F9
:10E4A4000000000000000000000000000000000068
:10E4B40045B202000000000000000000000000005F
:10E4C400D8E80020D8E80020EBE6020000000000B5
:10E4D4000000000000000000000000000000000038
:10E4E400000000000000000045B20200000000002F
:10E4F400000000000000000010E9002010E90020E6
:10E5040045E90200000000000000000000000000D7
:10E5140000000000000000000000000000000000F7
:10E5240045B20200000000000000000000000000EE
:10E5340048E9002048E900203FE90200000000000B
:10E5440000000000000000000000000000000000C7
:10E55400000000000820022000A0000000000000CD
:10E56400000000000000000000000000C8040220B9
:10E574000002000000000000000000000000000095
:10E5840000000000C8020220000200000000000099
:08E5940000000000000000007F
:10E59C00B0E90020B0E900200000000000000000FD
:10E5AC000E000000C4E90020C4E9002000000000B7
:10E5BC00000000000E000000D8E90020D8E900207F
:10E5CC0000000000000000000E000000ECE900203C
:10E5DC00ECE9002000000000000000000E0000002C
:10E5EC0000EA002000EA002000000000000000000B
:10E5FC000E00000014EA002014EA002000000000C5
:10E60C00000000000E00000028EA002028EA00208C
:10E61C0000000000000000000E0000003CEA00209A
:10E62C003CEA002000000000000000000E0000008A
:10E63C0050EA002050EA002000000000000000001A
:04E64C000E000000BC
:10E6500064EA002064EA00200000000008000000D6
:10E660002C01000098E10220F8EA022098E1022043
:10E6700098E10220000000000000000090EA002065
:10E6800090EA00200000000008000000E8030000FD
:10E6900008C2022048E1022008C2022008C202206B
:10E6A0000000000000000000BCEA0020BCEA0020DE
:10E6B00000000000080000000A00000048EB0220F3
:10E6C00098EB022048EB022048EB022000000000FB
:10E6D00000000000E8EA0020E8EA00200000000056
:10E6E000080000000A000000F8EA022048EB0220BF
:10E6F000F8EA0220F8EA0220000000000000000012
:10E7000014EB002014EB00200000000008000000C3
:10E71000F401000098EB022038FB022098EB022065
:10E7200098EB0220000000000000000040EB0020F9
:10E7300040EB002000000000080000000A0000007C
:10E7400048E1022098E1022048E1022048E102204D
:08E750000000000000000000C1
:10E758006CEB00206CEB00200000000001000000C2
:10E768007CEB00207CEB0020000000000100000092
:10E778008CEB00208CEB0020000000000100000062
:10E788009CEB00209CEB0020000000000100000032
:10E79800ACEB0020ACEB0020000000000100000002
:10E7A800BCEB0020BCEB00200000000001000000D2
:10E7B800CCEB0020CCEB00200000000001000000A2
:10E7C800000000000000000000000000E8EB00204E
:04E7D800E8EB00204A
:04E7DC0015E015E04F
:0400000320001C8538
:00000001FF
