:10000000F80B0020493A0000B13A000085F00000EA
:10001000A5F00000C5F0000005F10000E5F00000CB
:100020000000000000000000000000001D62000051
:10003000BD3A000000000000B7730000C33A0000A2
:100040000000000000000000000000002F7600000B
:1000500000000000C93A000000000000000000009D
:10006000CF3A0000D53A0000DB3A0000E13A000048
:1000700000000000E73A0000ED3A0000F33A00000B
:10008000F93A0000FF3A0000000000000000000004
:10009000053B00000B3B00000000000000000000DA
:1000A000113B00000000000000000000173B0000B2
:1000B0001D3B0000233B0000293B00002F3B0000BC
:1000C000353B00003B3B0000413B0000473B00004C
:1000D0004D3B000000000000533B0000000000000A
:1000E000593B0000000000005F3B000000000000E2
:1000F000653B000000000000000000000000000060
:10010000000000006B3B0000000000000000000049
:1001100000000000000000000000000000000000DF
:1001200000000000713B0000000000000000000023
:1001300000000000000000000000000000000000BF
:04014000B73A0000CA
:1001440000015F5F02000000FE0B0000016300007D
:100154000004000000000000000000000000000097
:1001640000000000000000000100FFC3000000C404
:10017400C0A100200000000001015F5F0301000036
:100184001F010000A50F0000002000000000000077
:100194000100000001000000000000000000000059
:1001A400000000000000000058350020000000009E
:1001B400700000003011010080000000000F0000FA
:1001C40001000000150300000100000001015F5F51
:1001D400000100001F000000853700000007000038
:1001E4000000000003000000010000000000000007
:1001F40000000000000000000000000000160020C5
:1002040000000000800000007000000040000000BA
:100214003B11010060000000010700000100000024
:10022400052E00000100000001015F5F01010000D4
:100234001F0100004B180000200700000000000010
:1002440000000000010000000000000000000000A9
:1002540000000000000000005855002000000000CD
:100264005911010070000000020F0000010000009D
:10027400D10600000100000001015F5F04010000DD
:100284001F010000F7280000000500000000000026
:100294000000000001000000000000000000000059
:1002A4000000000000000000785C00200000000056
:1002B4007E1101004000000005070000010000005D
:0802C4009F260000010000006C
:1002E00038B500250648294600F58054D4F8002486
:1002F000C4F804540EF070FFC4F8005438BD00BFB9
:1003000078610020024BD3F804340360002070476A
:10031000787100202DE9F04F04680546A5B0002C47
:1003200040F014812022214604A80EF055FF14AF9E
:10033000202221460CA80EF04FFF402221463846CD
:100340000EF04AFFEA6905F11C039846B2B1042495
:10035000EA6A05F12C03EAB10426ECB96FF08304D4
:10036000204625B0BDE8F08F002CF1D053F8041DD5
:100370002246013C0029F7D01446E9E70324F5E7BB
:10038000002EEAD053F8041D3246013E0029F7D072
:100390001646E2E70326F5E740233A46002168685F
:1003A00007F092FF4028D9D10121DFF8B0A1CDE9B3
:1003B000047005F1100904AF0AF5805B8C422ED160
:1003C0000CAF38460021634A08EB860ED2F80034A1
:1003D000A2F58059C64540D109B1C2F800340023C6
:1003E000CDE90233059BA968402BC2F80414049A96
:1003F00040F0A080138D180A03285BD0012800F07C
:1004000082801268831ECDE90221092B00F28C80C4
:10041000DFE803F04150555B61676D737E8459F8E6
:10042000043F1A1D21D8DBF800C4D81C20F00300BB
:10043000CCF5A052904218D860440CEB0A02CBF8DD
:1004400000046868CDE9001207F03EFF019A0099A8
:10045000F860013147F8082FB0E758F804CF1CF1D5
:10046000040F07D909B1C2F80034FFF739FF6FF064
:100470008C0475E70CF1030424F00304C3F5A05ABF
:10048000544500F10800EDD803EB090140E9021CD6
:10049000234401219EE702AA0CA904A801F0E2F876
:1004A00004464FF00008464507F1080745D1FFF71D
:1004B00017FF55E70CA904A800F085FDF0E702AA94
:1004C0000CA904A800F040FEEAE702AA0CA904A8BF
:1004D00000F076FDE4E702AA0CA904A800F0F0FE03
:1004E000DEE702AA0CA904A800F0F2FFD8E702AAEE
:1004F0000CA904A800F0EFFFD2E702AA0CA904A8F7
:1005000000F0ECFFCCE70CA904A801F066F9C7E7FE
:1005100002AA0CA904A801F092F9C1E702AA0CA949
:1005200004A801F08FF9BBE70B480EF0DFFE6FF077
:100530008504B6E76FF08004B3E7414657E902232C
:10054000686807F0CDFE08F10108ACE76FF085049C
:1005500006E700BF787100203C2900007861002088
:1005600008B54FF4C052002102480EF035FE0020BD
:1005700008BD00BF581D00200023F7B50C680746D2
:100580000E461546019314BB22B3146001A8FFF771
:10059000B9FEA8B94FF4407C104A0CFB04F3D158C3
:1005A000A646013471B94FF0010E02EB030C42F87C
:1005B00003E0019910331344CCE9011734602B6038
:1005C00003B0F0BD082CE8D16FF08400F8E76FF0BD
:1005D0008800F5E76FF08600F2E700BF581D0020A5
:1005E0000023F7B505680193013D072D036004D989
:1005F0006FF08604204603B0F0BD01A8FFF782FE2D
:1006000004460028F6D14FF440735D430A4E7359F7
:100610007719012BECD17A68019B9A42E8D105F158
:1006200010004FF43C72214630440EF0D5FDC7E96E
:1006300001447451DEE700BF581D0020002373B54C
:100640004C1E072C06461546019303D96FF088000F
:1006500002B070BDC2B101A8FFF754FE0028F7D167
:100660004FF4407202FB04F1094B5C585A18012CFC
:10067000ECD19468B442E9D15468019A9442E5D12E
:10068000103119442960E3E76FF08600E0E700BF0E
:10069000581D002010B5044C0F22204603490EF0CF
:1006A00076FD204610BD00BFC89E002061290000D5
:1006B00008B54FF40251044802F0ACFA034807F0C1
:1006C00027FF002008BD00BF487E0020E317000080
:1006D0006FF47A72F0B50368044613448DB0032BAF
:1006E0007CD8DFE803F002284C6B0369082B02D0AA
:1006F0006FF080055FE08569042DF9D10021406825
:1007000008AA07F0E1FD0828F2D12B460221606813
:1007100006AA07F0D9FD0428EAD16168314A636965
:100720001160069ACDE90032DDE90823A06800F0E7
:100730001DF905463FE00369082BD9D14569042D11
:10074000D6D10021406808AA07F0BEFD0828CFD105
:100750002B460121606806AA07F0B6FD0428C7D120
:100760006168204A236A116005AACDE90132069B1F
:100770000093A068DDE9082300F054F9D9E7036984
:10078000082BB5D1076A0C2FB2D10021406806AA08
:1007900007F09AFD0828ABD1DDE9062308AE0096E4
:1007A000A06800F091F9054628B901463B4632465B
:1007B000606807F095FD28460DB0F0BD0369082B71
:1007C00096D10021406808AA07F07EFD08288FD145
:1007D000DDE90823A06800F089F9AAE76FF0850534
:1007E000E9E700BF80750020024603480B46006819
:1007F000012107F069BD00BF807500200246034853
:100800000B460068002107F06BBD00BF807500201B
:100810001FB5CDE902010843019218D004220D480A
:100820000DEB02010EF0B3FC08220B480DEB0201A8
:100830000EF0ADFC019C0948094B0A4AB4F5807FD3
:1008400008BF1846034901F0E5F804B010BD6FF089
:100850008600FAE7DA9E0020DE9E00209C750020CC
:1008600084750020B47D002030B5384B85B09D6A7A
:10087000A8470369042B03D06FF0800005B030BD9A
:10088000A847334C8368A360A847037D01A823765B
:1008900005F012FB0028EFD1019BA26863609DF870
:1008A0000C3021465343029A2A48B2FBF3F22282CB
:1008B000294AE36001F061F80028DFD1254801F002
:1008C0008DF8002834D1A8470369042BD4D1A84758
:1008D000224C8368A360A847037D01A8237605F016
:1008E000DDFA0028C8D1019BA26863609DF80C3036
:1008F00021465343029A1A48B2FBF3F22282164A67
:10090000E36001F03AF80028B8D1154801F066F824
:100910000028B3D013480EF0E9FC114801F078F834
:100920000028ABD10E4805B0BDE8304001F056B804
:100930000D480EF0DBFC074801F06AF800289DD155
:10094000044801F04BF80028BDD097E7F87B000081
:100950003C1D00209C7500201C290000201D00204B
:100960008475002096290000702900002DE9F347C6
:100970001946DDE90A5652EA01030446104641D001
:10098000072E42D82246FFF743FF30B9204B9B6821
:10099000DB0705D56FF0840031E010F18C0F2ED10C
:1009A000DFF86CA01B4F1C4B46F44036CAF80860B9
:1009B000B4F5807F18BF1F460026DFF86080DFF89F
:1009C0006090CAF80450B5F5006F2C4628BF4FF46C
:1009D000006412482146FFF707FF23465246494666
:1009E0003846CDE9006801F029F840B9DAF8083056
:1009F0002D1B23F44033CAF808302644E3D102B05B
:100A0000BDE8F0876FF08600F9E76FF08500F6E744
:100A1000B47D0020847500209C750020B4750020F2
:100A2000DA9E00202DE9F74F194652EA010380466D
:100A30000C9E1046DDF8389039D04246FFF7E8FEAC
:100A4000054638BB1B4B1C68B44230D30D9BA41B1E
:100A50009C4228BF1C46184F184BDFF864A0B8F51D
:100A6000807F18BF1F46DFF85C80C9F80040B4F5EE
:100A7000006FA34628BF4FF4006B33465A465146D9
:100A80003846CDF8008001F0E4F8054630B1002387
:100A9000C9F80030284603B0BDE8F08F59464046FB
:100AA000FFF7ACFEB4EB0B045E44E0D1F2E76FF06D
:100AB0008605EFE7B47D0020847500209C7500203A
:100AC000DA9E0020B475002038B505461946104658
:100AD0002A46049CFFF79CFE28B9034B1A689B68C2
:100AE000C4E90022A36038BDB47D002010B50446DF
:100AF000194610462246FFF78BFE80B9084B9B68CB
:100B0000DB070AD40748084B0849B4F5807F08BFC3
:100B10001846BDE8104001F08CB86FF0840010BD9D
:100B2000B47D00209C75002084750020DA9E002092
:100B3000F8B51D46036804465B680E46174698479D
:100B40000B4BC0F3410013F8202063680699E0685E
:100B50001D442368B1FBF2F200FB065039469B6945
:100B600098470028B4BF6FF091000020F8BD00BF87
:100B7000302900002DE9F3470A9C07469146002CD6
:100B800057D0C26840681E183B6802FB01665B686C
:100B90009847294BC0F3410013F82080B6FBF8FAC0
:100BA00008FB0AFA564524D03B68012250465B698F
:100BB00001A99847002804DA6FF0910002B0BDE85F
:100BC000F087A6EB0A03E218904501AA02EB0301A5
:100BD00004D9224648460EF0DAFA08E0A8EB0605EA
:100BE00055442A4648460EF0D2FA641B02D1002032
:100BF000E4E700253B68A0455B690DD8B4FBF8FA33
:100C000009EB05015246A81998470028D4DB08FBD8
:100C10000AF2A41AEBD015443B6801225B6901A9D2
:100C2000701998470028C7DB224601A909EB050087
:100C3000D1E72046C2E700BF302900002DE9F0438C
:100C4000904600220446ADF5537D04AD284603913D
:100C500006AE11461F4600F0C8FDA26B40F203111C
:100C6000304600F0C2FD4FF43C72002116A80EF091
:100C7000B3FA1822002109A80EF0AEFA1A220021B8
:100C80000DF13E000EF0A8FA4FF6F87241F20103A2
:100C9000B2EBC70F4FF6FF72ADF820304FEAC70333
:100CA00038BF134608A80121ADF8223001F02CFE10
:100CB0000FA84FF4804101F027FE4FF49053DFF866
:100CC00088902146226A03803346C0F80C9008F0D1
:100CD000BBF9044638BB494616A808F0FFFB04469A
:100CE00008BB96E80C0040F2011116A80FF060FA5C
:100CF0000446C0B9042340F2032103AA16A80FF04A
:100D00004EFA044678B92A4616A908A80FF0AEF99B
:100D1000044640B9DA9B4246009395E803003B46FF
:100D20000EF0F0FC044616A80FF040F996E8030018
:100D300008F046F995E8030008F042F920460DF561
:100D4000537DBDE8F08300BF090100082DE9F0479D
:100D500000249AB006A8069407F016FB0646DFF8B2
:100D6000C880304FB44201D1002026E0069B4FEAF4
:100D7000441903EB44121169414551D10021956892
:100D800009A853F8092000F030FD1C2200210BA80F
:100D90000EF022FA0DF116030293069808AB0193A8
:100DA00005AB00934844D0F814A02022806907AB1B
:100DB00012A9D04720B16FF092001AB0BDE8F087B9
:100DC0004FF6F8714FF6FF720A9B1193BDF814307D
:100DD0008B4288BF1346ADF82E30089B099A0E93BC
:100DE000BDF816300BA9ADF82C30069B4B441B699F
:100DF0000C9313F0FF0308BF1A4644235D4305F12B
:100E0000240010923D441C2238440EF0C0F92846BC
:100E1000079A12A90EF0BBF9079B2B6201232B64E2
:100E200001349FE7C07D0020010100807FB56B4643
:100E3000154683E8030012B300240646146003A895
:100E4000039407F0A1FA039BA04209D01A4652F876
:100E5000201B8E4208D1D3E90221931E0B4306D1F9
:100E60006FF08B0004B070BD13460134ECE74421F1
:100E7000044B002001FB02331B6A2B60F2E76FF08A
:100E80008600EFE7C07D00202DE9F04F87B098463F
:100E9000109B012807461446DDF844A0009304D9AE
:100EA0006FF0860007B0BDE8F08F442545433C4E07
:100EB00073191B6C002B6DD0002AF1D0D2E905B953
:100EC000002303A8039307F059FA0023039A9842DA
:100ED0004FD0114651F80CCBE3454CD1D2E9011368
:100EE00039B1002253F8320081453FD103EBC203F0
:100EF0005B6805F124011C223144204601930EF069
:100F000046F95A46494604A800F06FFC0499626805
:100F100061610599019BA161D1B221B922F0FF0263
:100F200042F0010262601946204601F0EDFC4423C4
:100F300003FB07631A6A009B9A422ED8B8F1000F90
:100F4000AED0BAF1000FABD0A36870195B0415D511
:100F500040F20313994511D042464946009BCDF813
:100F600040A007B0BDE8F04FFFF768BE01329142E4
:100F7000B8D10023BDE70A460133A8E70146404641
:100F80000EF005F9442303FB0766336A0020CAF814
:100F9000003087E76FF08B0084E76FF0890081E70E
:100FA000C07D002008B5FFF7DBFA40B9FFF772FB00
:100FB000FFF77EFB18B9BDE8084008F0AFBB08BDDD
:100FC0006FF0850070472DE9F0430026056885B075
:100FD000B5F828900746B9F5407F8846029612D1A9
:100FE0000B1D01934B6800930B68D0E902126868EF
:100FF0000EF035FD0446002858D0C8F8046020469D
:1010000005B0BDE8F08340F20133994509D1436949
:1010100000938168D0E9032368680EF031FD04462F
:10102000EDE740F20233994519D10E6816B96FF019
:101030008004E4E74B68032BF9D9AB683146032001
:10104000336002AAFFF798FA04460028D7D16968EE
:1010500002980EF094FC044640B330466EE0032044
:10106000A96802AAFFF7EAFA6FF441734B44022B16
:1010700004460BD90028C2D10646A9F20333042B3B
:101080005FD8DFE803F015371B283200D8F800607E
:10109000002ECCD0D8F80430032BC8D9AB6833600D
:1010A0000028EAD040F207339945A8D10024A6E7EA
:1010B0000298D7E902120EF081FCB0E7029808F11D
:1010C0000C03D8E902120EF08DFC044658B100233F
:1010D000C8F80C3093E70298D7E902120EF093FC9F
:1010E000044600288BD10024B7E702980EF03CFCA0
:1010F0000446B2E70023D8F800500393002D96D0A1
:10110000D8F80430032B92D9BB68002B8FD0FA6833
:10111000032A8CD91B68294603202B6003AAFFF7FA
:101120002BFA044600287FF46AAFDDE902010EF0D5
:10113000D0FC044600283FF462AF2846FFF750FA7F
:101140005DE76FF085045AE72DE9F04F0025D0F8F0
:10115000009089B0B9F828A00DF1180807460E468E
:10116000D2E900214046059500F03FFBBAF5806FBB
:1011700016D1331D03937368029333680193FB68A0
:101180000093BB68D9F8042098E803000EF09EFD98
:101190000446002856D07560204609B0BDE8F08F9F
:1011A00040F201439A450ED17B6902933B6901935A
:1011B000FB680093BB68D9F8042098E803000EF0A0
:1011C0009AFD0446E8E7AAF2024B1FFA8BF3012BC3
:1011D0001AD8356815B96FF08004DDE77368032B02
:1011E000F9D9D9F80830294602202B6005AAFFF763
:1011F000C3F904460028CFD1BBF1050F5DD8DFE865
:101200000BF02331393F4D570220D9F8081005AAB9
:10121000FFF714FAAAF20543022B044603D900286B
:10122000BAD10546E8E73568002DD4D07368032BA2
:10123000D1D9D9F808302B600028DDD040F207431F
:101240009A45A9D10024A7E7D9F80430059898E871
:1012500006000EF0B8FC04460028F3D02846FFF73D
:10126000BFF999E7D9F80430059898E806000EF020
:10127000B6FCF0E70598D7E902120EF0BCFCA0E737
:10128000059806F10C03D6E902120EF0C8FC0446DC
:1012900008B90024E2E70023F3607DE70598D7E969
:1012A00002120EF0F3FC044600287FF475AFF0E75D
:1012B00005980EF028FC0446D0E76FF085046BE734
:1012C0002DE9F04F4FF0000907688DB0B7F828A05E
:1012D0000DF1280806460D46D2E900214046CDF81A
:1012E000249000F082FABAF5C06F1FD12B1D07932E
:1012F0006B6806932B680593F3680493B3680393B4
:1013000073690293336901937B6A00937A6807F1EA
:10131000140398E803000EF018FD0446002868D076
:10132000C5F8049020460DB0BDE8F08F40F201638F
:101330009A4517D12B1D07936B6806932B6805936D
:10134000F3680493B3680393736902933369019359
:101350007B6A00937A6807F1140398E803000EF0A3
:101360003CFDDAE7AAF2026B1FFA8BF3012B20D8BF
:10137000D5F80090B9F1000F02D16FF08004D1E7E9
:101380006B68032BF9D9BB6849460520C9F80030C2
:1013900009AAFFF7F1F804460028C3D1BBF1090FF1
:1013A00000F29380DFE80BF027345662697A6F3BD6
:1013B00080510520B96809AAFFF740F96FF4C163AD
:1013C0005344022B044603D90028ABD18146E5E7FC
:1013D000D5F80090B9F1000FCFD06B68032BCCD9B2
:1013E000BB68C9F800300028D8D040F20B639A459A
:1013F00098D1002496E77B68099898E806000EF0DB
:1014000043FD04460028F4D04846FFF7E9F889E791
:101410007B68099898E806000EF042FDF1E705F1B7
:101420000C030293EB6809980193AB680093D5E92C
:10143000041205F114030EF063FD044608B90024FC
:10144000E2E70023EB606B616CE709980EF00DFD9D
:101450000446D9E709982B1DD5E900120EF0EAFEE3
:1014600004460028C5D000236B605BE70998D6E9E5
:1014700002120EF021FD044654E70998D7E9031241
:1014800007F00EFFF7E72B1D01936B680998009397
:101490002B68D6E9021207F05DFFE1E70998D6E96B
:1014A000021207F029FFE6E7F36809980193B36891
:1014B0000093D5E9021205F10C030EF053FD04462A
:1014C0000028BCD00023EB602CE76FF0850429E7EF
:1014D0006FF0850070476FF08500704700232DE99D
:1014E000F04706688EB0B6F828900DF1140807464C
:1014F0000D469246D2E900214046049300F075F96A
:10150000B9F5106F0FD12B1D03936B6802932B68F5
:101510000193FB680093BB68706898E806000EF0C2
:10152000F2FE044626E040F60113994517D12F68D4
:10153000002F74D06B68032B71D9B368394604202F
:101540003B6004AAFFF718F8044698B9716804983C
:1015500007F0C4FF0446002872D100240AE00420EA
:10156000B16804AAFFF76AF8044638B140F60A13D6
:10157000994557D020460EB0BDE8F087A9F602196C
:10158000B9F1080F6BD8DFE809F0050F14281B5FCD
:10159000222F4D002968002941D06B68042B3ED1D1
:1015A00004980EF031FDBCE7316B04980EF035FD68
:1015B000B7E7718D0498D7E902230EF0F0FDB0E78C
:1015C000718D0498D6E90C2307F0DCFFA9E7049895
:1015D000D5E900120EF034FDA3E7718D049898E868
:1015E0000C000EF0E5FD9CE72E68C6B16B68032B7E
:1015F00015D9B96899B1FA681C2A10D107A80DF05D
:10160000C6FDDAF8040007A900F0F2F84246049992
:1016100007A80EF02BFD059B04463360AAE76FF088
:101620008004A7E72F68002FF9D06B68032BF6D949
:10163000B3683B60002C90D104980EF0B7FC0446D0
:101640003846FEF7CDFF95E7FB68718D0193BB68C7
:101650000498009398E80C0007F0C6FF61E76FF06C
:10166000850487E72DE9F0418EB003ACD0F8008007
:1016700006460D461746D2E90021204600F0B5F88F
:1016800040F20322B8F82830934203D0A3F5027346
:10169000012B0ED8B16811B96FF0800426E0F26812
:1016A0001C2AF9D107A80DF072FD786807A900F08F
:1016B0009FF8B8F82830A3F50073092B00F28A8050
:1016C000DFE803F02F1824052A414D595E77D6E94B
:1016D00004122E68002EDFD06B68032BDCD9234662
:1016E00007A807F0B1FC0446039B336020460EB008
:1016F000BDE8F0812E68002ECED06B68032BCBD9CD
:10170000D4E9000122460EF002FFECE794E8030062
:101710000EF01EFF0446E9E794E8030007F050FCD2
:10172000F8E794E8030007AA2E680DF0B8FF2B68CD
:101730000446002BB0D06A681C2AADD8304607A9F1
:101740000DF025FDD2E72B1D0093D5E9002394E889
:1017500003000DF0D7FF044650B90024C6E72B1D47
:101760000093D5E9002394E803000EF025F8F2E792
:1017700000236B60BAE794E803000EF00AFFC9E7A4
:10178000002205A811462E6800F02FF82B68002BC8
:1017900082D06B68032B7FF67FAF94E8030005AB24
:1017A00007AA0EF039F8044600289FD1059B336044
:1017B000D3E72E68002E3FF46FAF6B68032B7FF6E4
:1017C0006BAF214607A80EF0EEFD044600288DD130
:1017D000039BECE76FF0850488E7D1E9000107F08F
:1017E00061BF0FB4002004B07047C0E9002170470A
:1017F00088617047F0B585B06C4684E8030000242A
:1018000003A816461F46039406F0BEFD2146009A23
:10181000039D814202D16FF08B000BE02B4653F801
:10182000204B944208D100202B693360D5E9022374
:10183000C7E9002305B0F0BD1D460131E9E76FF0AF
:10184000850070476FF085007047FFF70DB808B549
:10185000036800209B689847002818BF6FF091002C
:1018600008BD0020704770B504460E460025E368A9
:10187000AB4201D8002070BD606806FB03002368FE
:101880002844DB69984710B9A3681D44EFE76FF05F
:101890009100F0E72DE9F04F03688FB006AA0446E7
:1018A0000E46D3F80C8000F0F9FB00285FD10BA89E
:1018B00000F0E8FE014600285CD1DDE9067A20222E
:1018C00006A8099D0DF088FC3146204606AA00F0C6
:1018D0002CFD00284BD1834681462368DB8A5B457B
:1018E00015D8002D35D12946204603AA00F05EFC0C
:1018F00000283CD12946204603AA00F075FEB0BB63
:10190000204600F05AFE78B36FF083002FE0B34515
:101910001CD05946204606AA00F0C0FB38BB069BE7
:10192000BB420DD10BA800F0ADFE48B9079B534553
:1019300006D9984528BF98465B1B0793099B994495
:101940005946204606AA00F0F0FC80B90BF1010BC5
:10195000C3E743462A4639462046CDE900A900F0B0
:1019600099F920B9002FCBD1204600F082FB0FB0AF
:10197000BDE8F08F6FF08B00F9E770B50C461646A6
:10198000054640B339B332B3098A012923D9032963
:1019900021D0E38A0229E268A08A4FEA431307D0E4
:1019A000904218D80C200239083300FB013307E0BD
:1019B000A2F11401C91A81420DD390420BD81433FD
:1019C000934208D81822002128460DF005FC00207B
:1019D000C5E9004670BD6FF08600FBE737B50546E8
:1019E00000F08FFD044658B94FF08071284601AAD7
:1019F00000F0BEFB38B928460199FFF74BFF0446BB
:101A0000204603B030BD10F18C0F18BF0446F7E735
:101A100000F09BBC10B58AB0144602AB01AA00F0DE
:101A200078FB40B9059B6360049B2360BDF81830C8
:101A3000A3600AB010BD6FF08B00FAE72DE9F04308
:101A400093B00DF12808044689461546002120224E
:101A500040461F461A9E0DF0BFFB4FF6FF73CDE9BF
:101A6000053325B96FF0860013B0BDE8F083AB688D
:101A7000B3F1807FF6D2236849465A8A6B682046C4
:101A8000013B1344524213406B6005AA434600F0E9
:101A900040FB002840F08780D5F808C005991CF469
:101AA000003F06D00D9A6B689A426FD10C90CDF82A
:101AB00038C006914FF6FF73069A9A427CD121688E
:101AC0006B68898A8B42CDD807A9CDE9028106A926
:101AD0000191A9682046009105998A1A18BF012230
:101AE000494600F0C1FB0028BED1002F6CD1204632
:101AF0000A9907AA00F078FD002851D106994246BC
:101B0000204600F012FC0146002849D1DDE90553CA
:101B10009D4228BF1D4620462A4600F0DCFC0028D6
:101B20003ED14FF6FF72059B93420FD0069A934227
:101B30000CD09A4238BF1A462046691C00F0CBFCF4
:101B400070BBDDE905539D4238BF1D462368204622
:101B5000DA8A691C00F0BFFC10BB0A9B002B62D123
:101B6000002F60D0204600F084FA00287FF47CAF7C
:101B70004FF6FF73059999423FF476AF069B994261
:101B80003FF472AF2046FFF785FE6DE70E9B42469D
:101B900043F0807320460E9300F0C7FB002889D0E5
:101BA0006FF0830060E710F18C0F7FF45DAFAB68DE
:101BB000DB037FF559AF7DE720460A9907AA00F0BD
:101BC000F5FA002891D0EBE723685B8A5A1E32426F
:101BD000E6D17D1E1D445B421D400C9B9E42DFD81A
:101BE0002A4631460D9800F041FD0028D8D11B9BB4
:101BF0004246CDE900532046334607A900F0C0F81D
:101C00000028CDD10C9B3E440A999E422046079D58
:101C100088BF0C9600F028FA294607900A9A2046B9
:101C200000F080FB63E7204600F0C7FC002899D055
:101C3000B6E713B5002301AA044600F06AFA28B9F2
:101C400020460199FFF726FE02B010BD6FF08B0011
:101C5000FAE770B58CB015461C4603AA04AB0646DD
:101C600000F057FA98B92A462146069800F0FEFC83
:101C700058B9109B2246009330462B4604A900F029
:101C80005EF8002818BF6FF083000CB070BD6FF0D5
:101C90008B00FAE72DE9F04786B01646DDE90E978E
:101CA00003AA054688469A4600F080FA044698B989
:101CB000059B414633442846059300F0D5F9064676
:101CC0007FB101464A462846CDE900A7039B00F0B4
:101CD000D4FB28B16FF08304204606B0BDE8F0873E
:101CE0000127DDE903324A450AD2A9EB0201CDE919
:101CF00000212846314600F0C0FB0028EAD1012728
:101D000042462846039900F00DFB4146284603AAA7
:101D1000039600F069FC044628B142463146284645
:101D200000F000FBD8E7B8F1000FD5D0002FD3D0DA
:101D30006B683146DB68286898470446CCE72DE994
:101D4000FF410D461646096801AA04461F46DDF804
:101D5000288000F02BFA70B901994B1C0BD06268F7
:101D60006B680A9755684246AC462068334404B015
:101D7000BDE8F04160476FF0830004B0BDE8F0813A
:101D80002DE9F3471546DDE90AA90F469846116883
:101D9000044600F069F96B687A689844A8EB02037E
:101DA000CDE90023064601463B68204600F065FB6E
:101DB00020BB6368CDF800A0D3F808A04A4643468C
:101DC00031462068D047C8B9EB686A68B9681A44D8
:101DD00023682046DB685B1A9B1ACDE90023314655
:101DE0003B6800F04AFB48B92B683BB13146636859
:101DF0002068DB6802B0BDE8F047184702B0BDE8D4
:101E0000F08713B50C2404FB01F3416800948C683F
:101E1000083341690068A04702B010BD436810B59F
:101E2000416904461B690068984750B923681A8ABB
:101E3000022A06D96268A1681846BDE810401269F6
:101E4000104710BD008A022814BF033800207047D5
:101E500008B5FFF7F7FF0C2300FB033303EB41103A
:101E6000083008BD2DE9F04F002405460F46904686
:101E700026464FF00C098BB0D5F800A05046FFF76E
:101E8000E1FF013086420ED300264FF02009D5F83D
:101E900000A0BAF816309E421DD3002088F80040FA
:101EA0000BB0BDE8F08F09FB06F36A68CDF800902F
:101EB000D2F804B039465046083302AAD847002861
:101EC000EED102AB13F8012B01300C2884EA020496
:101ED000F8D10136D0E76B6831465046D3F804B0EC
:101EE000FFF7B6FF02AA034639465046CDF80090E8
:101EF000D8470028D4D102AB13F8012B0130202899
:101F000084EA0204F8D10136C1E737B5837B016862
:101F10005A1CD2B28273097E04469142416904BFC1
:101F200002338373012900F10D020DD8FFF79AFFE8
:101F300040B90822636800929D6861690346A2184F
:101F40002068A84703B030BD6FF08600FAE713B5EC
:101F50000C46114622790346012A09D103686279A9
:101F60001B7E9A4214BF00206FF0830002B010BDA8
:101F7000022A04D11B68A2791B7E9A4202D16FF01B
:101F80008300F3E701290DD80DF10702FFF76AFF7F
:101F90000028EBD162799DF807309A4218BF6FF0A4
:101FA0009100E3E76FF08600E0E70822F0B54368B0
:101FB00087B000925C6800236A44054619460068B1
:101FC000A0470246002832D000264FF0FF340822F6
:101FD0006B6800925F6801210023286804AAB84753
:101FE00000283AD10122284604A9FFF7B0FF034692
:101FF000002832D1002E35D02A689DF81610127EA6
:102000009DF80E00B2FA82F25209914218D10029CD
:1020100014BF022301231B1A18BF01231C462C6185
:10202000B4FA84F4002064096C6107B0F0BD28465E
:1020300002A9FFF78CFF04460028C5D10126C6E798
:10204000904205D1002814BF022201229142E5D11D
:1020500088422CBF00230123E0E7002EDFD16FF080
:102060008300E2E70124DAE709B940697047806834
:10207000704710B50446FFF748FF70B9636861699F
:10208000DB682068984740B9D4E904232046C4E9B6
:102090000432BDE81040FFF7C1BE10BDF7B50668B9
:1020A00005463046FFF7D4FE0346202069680090BD
:1020B0004F68304629691446B847064640B9286833
:1020C000FFF7C0FE23680130834204D36FF0970608
:1020D000304603B0F0BD04F1140000F0D3FA00283C
:1020E000F6D12D68E268AB8A9A42EFD8A3689A428B
:1020F000ECD3D4E900372BB92846E98AFFF7A8FECC
:10210000B842E3D83946E86800F0B0FA0028DFD0DA
:10211000DCE72DE9F0430746884691461C4600253A
:1021200089B03B68DB8AAB4202D86FF08B0616E0C1
:102130006A4629463846FFF7B1FFB0B90C2241463E
:1021400005A80EF0F4FD064668B9C9F8005034B190
:102150006D460FCD0FC495E80F0084E80F003046A0
:1021600009B0BDE8F0830135DBE76FF08306F6E7E1
:10217000F0B505460E461746002489B02B68DB8A69
:10218000A34202D86FF08B0009E06A462146284638
:10219000FFF784FF38B9049B1E4202D03C6009B0AF
:1021A000F0BD0134EAE76FF08300F8E773B5064647
:1021B0000C2000FB01F3716800904C6830683169B5
:1021C00008331546A047044630B9336829681A8A8F
:1021D000914204D36FF09704204602B070BDD868D6
:1021E000D5E9011200F042FA04460028F2D12B682A
:1021F000012B03D83068C18AFFF72AFE6B6883423F
:10220000EAD0E7E7F7B50C2606FB01F34168009634
:102210004F6808330169054600681446B84703460D
:1022200030B92B6821681A8A914204D36FF0970362
:10223000184603B0F0BDD868D4E9011200F016FAD0
:1022400003460028F2D12268012A09D82A681046DC
:10225000FFF7F8FDD18A00FB0666490108318819AD
:1022600062688242E4D0E1E72DE9F04F05468B46F3
:1022700091469846002789B0DDE9146A2868FFF77F
:10228000E1FD0130874202D36FF08D0420E0524619
:1022900039462846FFF78AFF044680BBDAF8082053
:1022A00090452AD82B685946DB6837609B1A7360C3
:1022B0000C22C6F80C8006F114000CF068FF129B8B
:1022C000B4603361DAF80830A3EB0803CAF80830C9
:1022D00000262B68DB8A9E4205D26A463146284694
:1022E000FFF7DCFE70B14FF6FF766FF08D042046ED
:1022F000139B1E6009B0BDE8F08F0137BEE76FF099
:102300008304E5E705A800F0BDF948B1B9F1000F75
:1023100004D0002C18BF6FF08D04E8E74FF00109DE
:102320000136D6E702B18160704773B5056804468F
:102330002846FFF78DFD03462020616800908E68D7
:1023400028466169B04702B070BD70B58CB00546D3
:10235000FFF72BFE002861D16E696B6831461B695F
:10236000286898470446002878D1B6FA86F16B6849
:1023700028681B6949099847044600286ED12A68D5
:102380000126137EB3FA83F35B09AB73138AC5E9A5
:102390000406022B14BF02230123AB6002232B731C
:1023A000D18A1046FFF754FDD36821461B1A0290CC
:1023B00001AA284603930196FFF723FD044600284F
:1023C0004CD106462B680290DB6803932B681846B5
:1023D000FFF738FDB04223D8002C4BD12B681846AC
:1023E000FFF730FDA04228D82022002104A80CF0DD
:1023F000F3FE00242B68DB8AA34232D82846FFF77D
:1024000084FD48BB6B686969DB68286898470446A7
:1024100020BBD5E90423C5E904321FE000269CE770
:10242000198A6A68022914BF032100211846314421
:102430001269904701360443C8E71B8A2846022BDD
:1024400014BF0323002323440134214601AA01932E
:10245000FFF7D7FC0028C1D06FF0830420460CB0F2
:1024600070BD2146284604AAFFF75FFF0028F3D17C
:102470000134BFE76FF09104F0E72DE9F04F044617
:10248000884616469946C3B0DDE94CA51DB92846D5
:1024900043B0BDE8F08FB5F5807F2F4628BF4FF4DD
:1024A000807763680097D3F804B0494653462068A4
:1024B00002AAD8470028EBD163680097D3F808B088
:1024C00041463346206802AAD8470028E0D13E445E
:1024D000BA44ED1BDAE773B5066804463046FFF7E9
:1024E000B7FC1546024629463046FFF7B1FC801A74
:1024F000CDE900202046D4E90431FFF7BEFF02B049
:1025000070BD2DE9F041436805461B68006886B040
:102510009847044628B92846FFF747FD28B16FF0D1
:102520008304204606B0BDE8F08108266B6805F1FB
:1025300008070096D3F804803A462346296928689C
:10254000C0470028EBD1394628462A69FFF7FFFC2F
:102550000028E4D12846FFF761FC04460028DED1BC
:102560002B7B012B24D1014603AA2846FFF74AFE04
:1025700004460028D5D1059B2A68C3F1FF23D26801
:1025800003F57F03F8331344CDE900633246284650
:102590002B696969FFF771FF04460028C1D16B7B85
:1025A0002846AB7302232B73FFF763FD0446B8E79D
:1025B000022B18BF6FF08304B3E710B586B000217B
:1025C00003AA0446FFF7F2FD60B92068049A059B50
:1025D000D118C36820465B1ACDE90023D4E9043141
:1025E000FFF74BFF06B010BDF0B504460D4687B0AF
:1025F00009B94369136029462046FFF702FC0146EA
:10260000D0B9D4E904768DB90C2200212068FFF7F7
:102610001FFC05FB02220832801ACDE900203B4650
:1026200031462046FFF729FF07B0F0BD204603AA38
:10263000FFF7BCFD014610B16FF08300F4E72046C0
:1026400003AA0396FFF7DDFB0028F5D1012DDBD0AF
:102650000C2314226B430C3B019331463B4620462E
:102660000092FFF70AFF0028CED0DDE7814206D8AE
:10267000401A90422CBF00206FF0860070476FF028
:102680008600704700F10C03984202D16FF08B0076
:10269000704710F8012B002AF6D000207047F0B5E3
:1026A00003680446A3F2F233A7B0032B00F22081A3
:1026B000DFE803F0025AA4A70023C269169300F1D1
:1026C0001C03A2B10421E26A04F12C03DAB1042252
:1026D0002369042B19D0012070E00029F3D053F8AE
:1026E000040D0A4601390028F7D01146EBE7032113
:1026F000F5E7002AECD053F8045D1046013A002DAE
:10270000F7D00246E4E70322F5E7206A0428E2D87E
:102710000129E0D1012ADED10021606806AA05F076
:10272000D3FD0428D7D1A3680698002B15DB00221F
:102730000699A06803F03AFC0028CCD1216A0698DB
:1027400016AA03F0E8FB0028C5D10146236A606899
:1027500016AA05F0C5FD002030E006A903F03BFCF9
:102760000028E4D0022029E0C26900F11C03002AFD
:1027700030D00422E16A04F12C03002936D0042170
:102780002369042BA7D1012AA5D10029A3D1606810
:1027900016AA05F099FD04289DD1A3681698002B70
:1027A00026DB00221699A06803F000FC002892D1D5
:1027B000169803F0E8FB003818BF012027B0F0BDE1
:1027C000002AD7D053F8040D1146013A0028F7D05B
:1027D0000A46CFE70322F5E70029D1D053F8045D7C
:1027E00008460139002DF7D00146C9E70321F5E776
:1027F00016A903F0F0FB0028D3D0B3E702F0ECFBFE
:10280000A9E700253C22294607A8CDE90255CDE9D4
:10281000045506950CF0E0FC3C22294617A81695B5
:102820000CF0DAFCE269019504F11C0312B30426F2
:10283000E26A04F12C034AB30425731E012B3FF610
:102840004AAF012D3FF647AF0423002160680DEB2E
:10285000030205F039FD04281AD06FF08000ADE7BF
:10286000002EE5D053F8041D3246013E0029F7D072
:102870001646DDE70326F5E7002DDED053F8041DEC
:102880002A46013D0029F7D01546D6E70325F5E78E
:10289000022E16D16669402E27D806AF33463A4637
:1028A0000121606805F010FD8642D6D1CDE902769F
:1028B00002A945B92A46019803F0B2FA054628460E
:1028C0007CE70021F5E7236A402BC6D816AACDE99C
:1028D0000423019804AA03F0A3FADDE904230546C2
:1028E0000021606805F0FCFCE9E76FF0890065E70E
:1028F0006FF0850062E708B503F00BFB002814BFFA
:102900006FF09200002008BDCA0448BF41F4806106
:102910008B0448BF41F40061816070474F1800008C
:10292000750B0000310B00006318000067180000F1
:102930000100000002000000040000005B4552524C
:102940005D5B43727970746F5D20556E7375707046
:102950006F727465642072657175657374210D0AF8
:10296000004D62656420544C5320332E362E3500C2
:102970004372656174696E6720616E20656D707465
:10298000792049545320666C617368206C61796FBB
:1029900075742E0D0A004372656174696E6720615B
:1029A0006E20656D70747920505320666C61736879
:1029B000206C61796F75742E0D0A000001680E4A53
:1029C0000346914215D1C169A2F11022A2F1EF1282
:1029D00091420ED18268012A0BD8C26812B10169F6
:1029E0008A4206D0586928B19B691B1A584258413F
:1029F00070470120704700BF55AA00FF0D4B70B50E
:102A00009E68A6B13046FFF7D9FF044678B9F3684F
:102A10006BB935690DB9204670BD2846FFF7CEFF6A
:102A200028B9EB68B34202D12E462D69F2E70124A2
:102A3000F1E700BFE89E00202DE9F041394E3468EF
:102A4000F368D4B1B468C4B1002861D000295FD064
:102A500001FB00F5B5FBF0F0884259D1291D57D88C
:102A6000AA070DD025F0030204321C4603E061687A
:102A700091424FD2A469002CF9D12046BDE8F081E3
:102A80002A46F2E7891A232904F12007D4E9050C24
:102A90001AD80123A360A0B1C0F818C0A36903B17C
:102AA00058610023C4E905333369DB0702D5FFF71A
:102AB000A5FFA0BB2A46002138463C460CF08CFB03
:102AC000DBE7C6F80CC0E9E702F1200804EB0803D5
:102AD0002039C3E9011E2169DFF84CE0DC6019618F
:102AE00044F808E0AEF1102EAEF1EF1EC3F81CE082
:102AF00001B1CB60C3E9050C40B18361996901B1B3
:102B00004B6101212361C4E90121CAE7F360F5E7C4
:102B10000024B2E7D4F808E0BEF1000FB2D00120E3
:102B20000AF024FEE89E002055AA00FFF8B50546ED
:102B300000283AD0364E3368002B36D0B268002ACF
:102B400033D0834203D872681344984202D30120E1
:102B50000AF00CFEA0F120042046FFF72FFF00280A
:102B6000F5D155F8183C012BF1D145F8180C55E971
:102B70000570DFB1BB68CBB955F81C2C7B682032DF
:102B800013447B60386100B1C760202200212046D9
:102B90000CF022FB386908B183682BB333699B07BB
:102BA00003D5FFF72BFF0028D1D1F8BD40B38368D0
:102BB00033BB426863681344203363600369D4E91C
:102BC0000521236192B9B9B9426981696261A16144
:102BD000A2B19461A26902B1546103B1DC60202208
:102BE00000210CF0F9FAD9E73C46E2E79161A169CE
:102BF0000029E9D04A61E7E7F160F8E7F460E9E726
:102C0000F36845F8083C03B15C61F460C6E700BFB7
:102C1000E89E002038B50D461422002104461248D3
:102C20000CF0DAFA1149124805F068FC232D1AD984
:102C300014F003031FBF043DED18C3F10403E418AF
:102C40002A46002120460CF0C7FA074B094AC3E97F
:102C500000459C602260A2F11022203DA2F1EF12FB
:102C60006560E261DC6038BDE89E00202D2B00002D
:102C7000392A000055AA00FF0000000000000000F3
:102C800010B50F4C4FF4CC72204600210CF0A4FA82
:102C90004FF48073A36108A3D3E90023C4E904239C
:102CA0000123A4F8903184F82830BDE8104000F0EA
:102CB000DBBA00BFAFF3008000BD40DFE143E14E6F
:102CC0006814002000000000002230B54C4C89B090
:102CD00002AD04904FF4C87301200021CDE90045F6
:102CE000CDE906220394ADF8142007F0D9FE10B107
:102CF00001238DF81430049B0022009302204FF42E
:102D0000C8730021019507F0CBFE10B101238DF8A7
:102D100015304FF4807238A1D1E90001039BC3E95B
:102D200004019A61049BC3E904019A61002006A989
:102D300000F026FE002858D12946012000F020FE90
:102D4000002852D1022007A900F01AFE00284CD119
:102D5000079A029B9A429DF8143018BF0790012BE6
:102D600003D0002003A900F062FD9DF81530012B6F
:102D700003D0012003A900F05AFD039B049993F8A6
:102D80002830012B1CBF01238DF8143091F8283016
:102D9000012B1CBF01238DF8153040F20113BDF843
:102DA00014209A4225D09DF81430012B07D14FF4FE
:102DB000C8721348A4F890310CF0E9F907E09DF8C7
:102DC0001530022B13D04FF48073A4F8903194F88F
:102DD00091010021013007F0B3FE10B110F18C0F0A
:102DE00003D1074800F0BAFB002009B030BD012331
:102DF000DDE76FF08300F8E700BD40DFE143E14E1F
:102E0000681400206FF47A72F0B5474B04461860DE
:102E100003688DB01344042B08D8DFE803F00327C0
:102E20004867770003698668082B02D06FF0800539
:102E300059E08569042DF9D10021406808AA05F000
:102E400043FA0828F2D12B460221606806AA05F051
:102E50003BFA0428EAD1069B30460193636900934C
:102E6000DDE9082300F090FC05463CE00369082BEF
:102E7000DCD14569042DD9D10021406808AA05F0AC
:102E800023FA0828D2D12B460121606805AA05F053
:102E90001BFA0428CAD106AB0293236A0193059B4F
:102EA0000093A068DDE9082300F084FCDCE70369F7
:102EB000082BBBD1076A0C2FB8D10021406806AAA5
:102EC00005F002FA0828B1D1DDE9062308AE009624
:102ED000A06800F083FC054628B901463B4632460F
:102EE000606805F0FDF928460DB0F0BD0369082BB8
:102EF0009CD10021406808AA05F0E6F9082895D180
:102F0000DDE90823A06800F07BFCADE7056A042D2D
:102F10008CD100F088FC2B4608900021606808AA3C
:102F200005F0DEF90025DEE7001D002038B5074B6F
:102F300002461D680C460B466868012105F0C4F97D
:102F4000844214BF6FF08000002038BD001D0020B7
:102F50000B46054910B40C680246002160685DF814
:102F6000044B05F0BDB900BF001D002008B507499E
:102F700007480CF0BBF900F021F830B100F055FC27
:102F800018B9BDE8084000F019B808BD00015005A7
:102F9000C839000038B5084D2B4600F0FDF904464D
:102FA00018B9BDE8384000F089BA0021286807F058
:102FB000C7FD204638BD00BF041D002010B5044CDD
:102FC0002046FFF781FE034B383C5C6010BD00BF1C
:102FD000580C0020041D00202DE9F347DFF868A0FD
:102FE0001F46534681468846164600F02BFA044693
:102FF00008BB144DDAF80000294601AAC5E9049877
:10300000AE6100F059FC044678B9AE6ABE4216D3F0
:103010000A9BF61B9E4228BF1E4605F1380031462A
:103020003844FFF795FF0B9B1E6040F648020021D5
:1030300004480CF0D1F8204602B0BDE8F0876FF0EC
:103040008604F2E7200C0020041D00202DE9F04F3B
:1030500085B0DDF838A00746BAF5006F0E469046F9
:103060009B4673D8DFF8F4904B4600F0EBF904462A
:1030700000283FD1374DD9F80000294603AAC5E9F9
:103080000476C5F8188000F017FC044600284CD1DF
:103090002B6BDB074FD4C5E90BAB4FF0010B5B4645
:1030A000D9F8005051462C480193FFF73FFF0446E2
:1030B000C0BB019B2949184600F03CF9044688BB77
:1030C0002449D9F80000C1F828A000F027FC0446E4
:1030D00028BB424638463146FFF75CFF044668B3DA
:1030E00040F6480200211B480CF076F8204605B057
:1030F000BDE8F08F10F18C0FF8D1164C40F6480265
:10310000002120460CF068F8C4E90BAB4FF0000B2F
:1031100002235D46C4E90476C4F81880C2E70DB105
:10312000C9F80050BBF1000FDAD0424638463146AC
:10313000FFF730FFD4E76FF08404F6E7002DCFD01F
:103140002146284607F0FCFC0446C9E76FF08604D8
:10315000CCE700BF200C0020580C0020041D0020EC
:103160002DE9F347DFF850A01E46534681468846B6
:10317000174600F067F90446B8B90E4DDAF80000BA
:10318000294601AAC5E90498AF6100F095FB044601
:1031900028B9AB6A7360EB6A33602B6BB36040F69F
:1031A0004802002103480CF017F8204602B0BDE8A1
:1031B000F08700BF200C0020041D00202DE9F743FC
:1031C0001A4F80463B460E46914600F03BF90446B6
:1031D00020BB174D3868294601AAC5E90486C5F801
:1031E000189000F069FB044690B92B6BDB0719D4EB
:1031F0004A464046314600F03BF9044640B900F0EB
:103200005DF9044620B92146386807F099FC044668
:1032100040F64802002106480BF0DEFF204603B0CE
:10322000BDE8F0836FF08404F2E700BF041D0020C6
:10323000200C0020F0B500250A4CD4E910768E420F
:1032400008BF874205D1A66C964202D100201D60BE
:10325000F0BD01350B2D04F12004EED16FF08B0091
:10326000F6E700BF68140020002030B5DFB0029000
:1032700000F091FB0246002836D102A900F080FB45
:10328000024688BB2A4C029D204600F06FF9024698
:1032900050BB4FF4B47204F1280103A85D950BF004
:1032A00076FF4FF4B672204603A900F00BFA0246EF
:1032B000D0B994F891514FF4C87200902346002180
:1032C000681C07F0CFFB024670B994F89031039068
:1032D00003A9012084F8913184F89051029C00F0F8
:1032E0004FFB68B16FF0830210465FB030BD012024
:1032F00000F051FB02460028F6D1039B01330393F3
:10330000039B9C42F3D8022003A900F039FB00285C
:10331000E8D1039B9C4201D80022E5E7022000F09F
:103320003AFB02460028DFD1039B01330393F0E709
:103330006814002070B50D4648B300231C46154A9A
:10334000D2E91016314304F1010106D00B2919D03E
:103350001C46203223460C46F2E70B2900F1FF30D1
:103360000FD020320028F5D12346DC1C2046002156
:1033700007F0E6FB10B110F18C0F01D100202C609A
:1033800070BD0A230028F0D06FF08D00F8E76FF0D1
:103390008600F5E7681400202DE9F0471E4600235B
:1033A0008146884617468AB0244D02AC01930FCD62
:1033B0000FC495E80F0084E80F003A46484641469E
:1033C00001ABFFF737FF1E4D824668B9019C2022F2
:1033D00005EB44143034214602A80BF0D8FE20221D
:1033E000514620460BF0F8FE33687168DC1E05EB91
:1033F000431343E9089805EB44131C46303410226C
:1034000020469F640BF0C3FEFFF72EFF064688B1EF
:10341000DDE90632134308D0019B202205EB43155A
:1034200002A905F130000BF0B2FE20220021204657
:103430000BF0D2FE30460AB0BDE8F087A839000094
:103440006814002037B51D4601ABFFF7F3FE0446B4
:1034500048B9019B0549DA1C2A606868102201EB13
:1034600043110BF094FE204603B030BD98140020A9
:10347000002330B58BB0019301ABFFF7DBFE0446B0
:10348000B0B9019B0C4D202205EB4315294602A83B
:103490000BF07DFE2146202228460BF09DFEFFF713
:1034A000E3FE044620B12022284602A90BF06FFE5D
:1034B00020460BB030BD00BF98140020034B002104
:1034C00093F89101013007F03BBB00BF6814002066
:1034D00030B589B004460D461822002102A80BF031
:1034E0007BFE00234FF440710093194B6846CDE9F1
:1034F00003134FF41053ADF8043080231549ADF891
:10350000063007F03BFA00BB40F201116846124A50
:1035100007F0EEF9A0B90C232A4640F203216846D1
:1035200007F050FA60B92246694601A807F072FA1E
:1035300030B9684607F000FA38B1206807F01EF984
:10354000684607F0F9F96FF0830009B030BD00BF9D
:1035500000015005090100085C81FF7F00F11C019A
:103560000C2201480BF013BE0C1D00201FB50822D1
:10357000184904460DEB02000BF009FE042216491F
:103580000DEB02000BF003FE029B039A013342F1A4
:103590000002CDE90232134314D008220D480DEB8E
:1035A00002010BF0F4FD04220B480DEB02010BF0BD
:1035B000EEFD0C22074904F11C000BF0E8FD002091
:1035C00004B010BD019B01330193002BE5D16FF0D6
:1035D0008300F5E70C1D0020141D00202DE9F043A9
:1035E0008DB00E4609A9044690469946159F179D31
:1035F00000F048F909A908A8FFF76AFF18BB169B55
:10360000CDE90068CDE90473149B1049CDE902931C
:1036100008980C23069504F11C0207F0CDF828B198
:10362000089807F0ABF86FF083000CE029681022CF
:1036300010392960204639440BF0A9FD089807F09D
:103640009DF80028EFD10DB0BDE8F08300015005D2
:103650002DE9F04104461D468CB0129E0F4609A983
:10366000904600F00FF921461022A8190BF08FFDAB
:1036700009A908A8FFF72CFFB8B9159B10360693C7
:10368000149BCDE902560593139BCDE90078049372
:103690000B490C23089804F11C0207F0DBF838B141
:1036A000089807F06BF86FF094000CB0BDE8F0815B
:1036B000089807F063F8002818BF6FF08300F4E75C
:1036C0000001500570B58EB00D460BA90446164694
:1036D00000F0D8F80BA90AA8FFF7FAFEF0B909AB79
:1036E00006931023CDE90200CDE90443CDE900564D
:1036F0000C230B490A9804F11C0207F05DF818B975
:10370000DDE90930102B05D00A9807F037F86FF083
:10371000830003E007F032F80028F8D10EB070BD46
:103720000001500570B58EB00D460BA90446164633
:1037300000F0A8F80BA90AA8FFF7CAFEB8B909ABB0
:10374000CDE9050310230490CDE90243CDE90056ED
:103750000C230B490A9804F11C0207F07BF8099B23
:1037600018430A9805D007F009F86FF094000EB0DE
:1037700070BD07F003F8002818BF6FF08300F6E76C
:1037800000015005FFF7F2BB30B41946044610465D
:10379000DDE9022350EA010505D0072B07D82246B0
:1037A00030BCFFF753BC6FF0860030BC70476FF041
:1037B0008500FAE770B4194604461046DDE9033285
:1037C00050EA0106059D05D0CDE90325224670BCCF
:1037D000FFF702BC6FF0860070BC7047194610B44A
:1037E0000446104650EA0102019B04D022465DF8CF
:1037F000044BFFF7B5BC6FF086005DF8044B7047D3
:10380000194652EA010310B50446104608D0224674
:10381000FFF7D4FC10F1950F08BF6FF0830010BDC7
:103820006FF08600FBE700207047FFF729BA70B5FC
:1038300051F82060DCB0CB684FF4B47205460C46FA
:1038400001A806F128015B930BF0A1FC4FF4B672BE
:10385000304601A9FFF766FF80B1236983B14FF4B9
:10386000B672304601A95B93FFF75CFF00280CBFDE
:10387000032301232C4423725CB070BD0223F9E7BB
:103880000123F7E71FB5D0E904230C46CDE9022355
:10389000042283690DEB0201204601930BF077FCB3
:1038A0000822201D0DEB02010BF071FC04B010BDCD
:1038B0000F30000901307047F0B51646002289B07C
:1038C00005AB019301F11C030D460093114640F630
:1038D0001C03074607F0E4F8D8B9059C06970C3C92
:1038E0002046FFF7E5FF07AB306003934FF4026318
:1038F00005F12807CDE9017304223B4628460094D0
:1039000006A9FFF7A5FE30B9079B9C4218BF6FF0D0
:10391000830009B0F0BD6FF08300FAE72DE9F041B4
:1039200086B00490064608460D468F6AFFF71EFED5
:103930000446B0B905AA03924FF4026207F11008D9
:1039400005F12803CDE9013228460422CDF8008094
:1039500004A9FFF743FE10B9059B984505D06FF009
:103960008304204606B0BDE8F0812146009430462D
:1039700005F11C0307F11C0207F074F80446F0E798
:103980000A4608B5042107F009F9002814BF6FF0B2
:103990008300002008BD08B507F0E8F8002814BF30
:1039A0006FF08300002008BD000000000000000050
:1039B0000000000000000000000000000000000007
:1039C00000000000000000005B494E465D5B505364
:1039D0005D20456E6372797074696F6E20616C67EB
:1039E0003A20307825780D0A000000000000000021
:1039F00000000000000000000000000000000000C7
:103A0000787C0100009F002051000000407C0100F4
:103A1000201D00200E000000407C0100200C002032
:103A20000000000044A0002015070000581D0020E1
:103A30006A200000200C002040040000000C002040
:103A40000800000003F08CBC08B572B60C4A0D4BA0
:103A50009A600D4B83F309880C4B83F30A8883F338
:103A60000B880B4B04A1D1E90001C3E9000100F070
:103A7000C1F804F0D3FB00BFA5EDF5FEA5EDF5FE02
:103A80000000000000ED00E0F80B00200004002022
:103A9000F80B0020EFF30880EFF309812DE9F00F18
:103AA0006B46724600F0A4F908B0FFF7CBFFFEE7C3
:103AB00008B5FFF7EFFF08B5FFF7ECFF08B5FFF714
:103AC000E9FF08B5FFF7E6FF08B5FFF7E3FF08B524
:103AD000FFF7E0FF08B5FFF7DDFF08B5FFF7DAFFF6
:103AE00008B5FFF7D7FF08B5FFF7D4FF08B5FFF714
:103AF000D1FF08B5FFF7CEFF08B5FFF7CBFF08B53C
:103B0000FFF7C8FF08B5FFF7C5FF08B5FFF7C2FF0D
:103B100008B5FFF7BFFF08B5FFF7BCFF08B5FFF713
:103B2000B9FF08B5FFF7B6FF08B5FFF7B3FF08B553
:103B3000FFF7B0FF08B5FFF7ADFF08B5FFF7AAFF25
:103B400008B5FFF7A7FF08B5FFF7A4FF08B5FFF713
:103B5000A1FF08B5FFF79EFF08B5FFF79BFF08B56B
:103B6000FFF798FF08B5FFF795FF08B5FFF792FF3D
:103B700008B5FFF78FFF000008B5EFF31083012BA6
:103B80000C4A07D1126ABFF34F8F511C4A424A4177
:103B9000104608BD01F0DAFC00B172B6126ABFF33C
:103BA0004F8F531C5A425A4101F0D0FC0028EFD0ED
:103BB00062B6EDE70080FF0008B5EFF31083012B3C
:103BC0000B4A06D1D269BFF34F8F02F001021046B3
:103BD00008BD01F0BBFC00B172B6D269BFF34F8FD4
:103BE00002F0010201F0B2FC0028F0D062B6EEE76C
:103BF0000080FF00734A10B5D2F8D03043F00203C2
:103C0000C2F8D03001F0A2FC30B14FF050230022B6
:103C1000C3F81421C3F8182101F0ABFC28B101222C
:103C2000694BC3F8382AC3F878254FF47F02D2F8DD
:103C30003031BFF34F8FD2F83421BFF34F8FBFF332
:103C40004F8FC3F30B03092B05D1012A1EBF01229D
:103C50005D4BC3F8782501F08CFC18B10E225B4B4C
:103C6000C3F8E42E01F072FC30B10022564BC3F8C9
:103C70000C270122C3F810270022D30003F57F038D
:103C8000D3F80013BFF34F8F013108D0D3F80013DE
:103C90000132D3F80433B2F5807F0B60EDD1EFF33E
:103CA0001084FFF789FF00284DD0BFF34F8F484B9A
:103CB000D3F80024012AFBD1C3F80425D3F800244B
:103CC000012AFBD1012C03D001F040FC00B172B6F7
:103CD000FFF772FF58B13F4AD36923F00103D36164
:103CE000BFF34F8F3A4AD2F80034012BFBD1FFF7D4
:103CF00043FF68B1374A136A23F0FF0343F0200300
:103D00001362BFF34F8F324AD2F80034012BFBD13C
:103D1000012C03D001F01AFC00B162B600222C4B3A
:103D2000C3F80425D3F80024012AFBD1BFF34F8F39
:103D30002449294BCA6802F4E0621343CB60BFF305
:103D40004F8F00BFFDE7FFF717FF0028ADD11D4AD9
:103D5000D2F88C3043F44063C2F88C304FF47F03C8
:103D6000D3F83021BFF34F8FD3F83431BFF34F8FE7
:103D7000BFF34F8FC2F30B02092A16D1013B022B6E
:103D800002D8164AD35C83B1124815490368104A19
:103D90008B420CBF5A230023C2F8103EC36A8B42E9
:103DA0000CBF5A230023C2F8003E064AD2F88830DE
:103DB00043F47003C2F88830BFF34F8FBFF36F8FA7
:103DC00010BD00BF00ED00E00040005000A0035017
:103DD000009003500080FF000400FA05127B0000F1
:103DE000FA50FA507C2201490BF0D1B9C0A500204D
:103DF00038B51D463A4B3B4C5B68C3F30803236060
:103E0000EFF3038363655306C4E90120E1603BD50A
:103E100002F00C020C2A08BF08460146206120224D
:103E200031480BF0B4F925B1202229462F480BF078
:103E3000AEF92B4B9A6AA265D96AE165986B206648
:103E400002F400406066586BA06602F08000E066F5
:103E50009A62D962D3F8E4202267D3F8E810616748
:103E600002F04001A167C3F8E42000F065F80E21DC
:103E70001F4801F094FB2268D31E042B25D8DFE8ED
:103E800003F00F181B1E2100EFF39483990704D54C
:103E9000130702D5EFF38980BFE7EFF38880BCE713
:103EA0000C21144801F07BFBEFF38883EFF3898347
:103EB00038BD12211048F5E70B211048F2E70D211B
:103EC0000F48EFE70E210F48ECE70F2A95BF1421AA
:103ED00025210D480D4888BF103A02F029F9E3E783
:103EE00000ED00E0C0A50020D4A50020F4A500202E
:103EF000157B0000237B00002F7B0000417B00002E
:103F00004C7B0000597B0000677B00007B7B00003E
:103F100037B5084C6369984748B9E56AA847C307AD
:103F2000FCD4236A019303B0BDE830401847002059
:103F300003B030BDA07B000010B50B4C0020A3687F
:103F4000984780B902202369984760B94FF4E1315E
:103F50000120A46AA04730B901211520A04710B95B
:103F60000122024B1A7010BDA07B000014BC00207F
:103F700010B5064C00202369984708B1043004D1DD
:103F8000E368984708B9024B187010BDA07B000089
:103F900014BC0020064B82B01868002382B262F382
:103FA0000F03000C60F31F43184602B0704700BFB8
:103FB000E87B0000014BD86D704700BF049F0020D4
:103FC000014B186E704700BF049F0020C3B2012B45
:103FD00010B509D0A3F11502012A00F2AE80002924
:103FE00000F09880002010BD4DF6C023994270D09B
:103FF00028D8B1F5615F6FD011D8B1F5965F6DD05B
:1040000008D8B1F5966F6BD0B1F5166F6BD06FF025
:104010000700E8E7B1F5165FF9D1514B33E047F6F9
:104020001223994262D007D8B1F5964F61D0B1F50D
:10403000E14FECD14B4B26E0B1F5164FE7D14FF4F1
:104040001D0320E0484B994255D011D8B1F5E13F0E
:1040500054D007D8B1F5614F53D0B1F5963FD6D1C2
:10406000424B10E0B1F5613FD1D14FF06C730AE0E3
:10407000B1F5612F48D03E4B994248D0B1F5E12FC0
:10408000C5D14FF0E86310F4E06F59D110F440410E
:1040900003D0B1F5804F56D1102110F4405403D015
:1040A000B4F5805F52D10E2410F4403203D0B2F543
:1040B000403F4ED101222F4880F8921000F1640158
:1040C000C0F88C3080F8902080F8914001F0DAFB45
:1040D00088E74FF46503D6E7274BD4E7274BD2E7B1
:1040E0004FF49E23CFE74FF41D23CCE74FF400039A
:1040F000C9E7234BC7E74FF08063C4E74FF0EB738A
:10410000C1E74FF46B03BEE74FF07063BBE74FF0BE
:104110008053B8E71748162B18BF01464FF0FF33FE
:104120000ABF00F1640141F8643F836601F0AAFB15
:1041300010F1100F10D0C01755E76FF0030052E7D1
:104140006FF008004FE76FF00A004CE76FF00900CE
:1041500049E76FF00B0046E76FF0010043E700BF4F
:104160000050270000C0750090D0030000903A0175
:1041700040420F00049F002000F03A0000B01300FE
:1041800000A04E0073B506461B480C4601F0B6FB76
:10419000194D18B94FF0FF3002B070BD22463146BC
:1041A000284601F07EFC10F1100F02D16FF00100E3
:1041B000F2E70028EEDB0321284600F07FFB10F138
:1041C000100FF3D00028E5DB00230193284601A956
:1041D00001F013FD10F1100FF8D07830DAD0019B08
:1041E0009C42D7D801220448114601F004FD002862
:1041F000D0DB00202C66CFE7049F0020F0B51B4EDB
:10420000054691B030460C4601F078FB18B94FF0E6
:10421000FF3011B0F0BD05F06043B3F1005F20D175
:10422000002322462946304601F06EFB10F1100FA4
:1042300019D00028EBDBF46511E0A71B402F28BF45
:104240004027A9193A4668460AF0A1FF3946684650
:10425000FFF7D4FF0028DCD14036B442EDD800206F
:10426000D7E70026F9E76FF00100D2E7049F0020AE
:1042700010B5104C204600F0C5FA0021206800F06F
:1042800053FC226842F30732002A11DB0121530953
:104290009B0003F1604303F56143D3F8800202F011
:1042A0001F0201FA02F20243C3F88022D3F88032DF
:1042B000002010BD049F002010B5174C002120687D
:1042C00000F024FC226842F30732002A12DB0120AE
:1042D00053099B0003F1604303F56143D3F8801257
:1042E00002F01F0200FA02F221EA0202C3F8802261
:1042F000D3F880320948D4E9151201F066F9014675
:104300000022643800F0ECF90028AABF00206FF00A
:104310000100C4E9170010BD049F0020689F002021
:104320007FB500250C46C0F808511646D0F8082184
:10433000D0F8002222F02002C0F80022104AC0F873
:10434000082301F093F9A560256104F14C03D3E83B
:10435000EF1F21F47F0121F47041C3E8E21F002A1E
:10436000F5D11022294668460AF036FF0423684634
:104370008DF800300196D4E90013984704B070BD61
:1043800010020A00044B054A1B68B3FBF2F35843C2
:10439000034B43F001031847009F002040420F00E9
:1043A000F07B000000F01F03400909D1074A02EB2F
:1043B0008303D3F80012064A0A40C3F8002270476C
:1043C0000022803352F82330FFDE00BF00258450E6
:1043D000F0F8FCFF430904D10123034A83409360B2
:1043E000704700239B60FFDE0025845000F01F0310
:1043F00040090BD1084A02EB8302D2F80012074BA6
:104400000B4043F00303C2F80032704700228033B0
:1044100052F82330FFDE00BF00258450F0F8FCFF87
:104420002DE9F84391F8303005460C460F6813BB70
:10443000066D46F000730365781C04D03846FFF71C
:10444000C9FFFFF7D3FF6068411C01D0FFF7AAFF47
:1044500094F82C30012B0ED1E06846F02066421C07
:104460002E6501D0FFF79EFFA068431C03D0FFF725
:10447000B1FFFFF7BBFF94F82FC0BCF1000F03D1D1
:104480002B6D43F080732B6594F82C0094F82D105D
:1044900094F82EE0A26A2B680143E668D4E90198FB
:1044A000C3F824254EEA0102C3F86C25BCF1000FC5
:1044B00009D10128C3F80C75C3F8149504BFC3F8DB
:1044C0000885C3F810654FF47F02D2F83031BFF38E
:1044D0004F8FD2F83421BFF34F8FBFF34F8FC3F309
:1044E0000B03092B1BD12B68D3F8682503F2645703
:1044F000012A08BFDA60D3F86425012A0FD1082108
:1045000049F64046C3F800155A603B689BBB2B68D0
:10451000D3F88024C3F880240022C3F800250021AA
:104520002B6894F83220C3F81011D3F81001C3F8A7
:104530002011D3F82001C3F82411D3F82401C3F8C3
:104540004411D3F84401C3F85811D3F8581143F378
:1045500007335201002BD2B213DB0C49C81880F884
:1045600000230122580903F01F0302FA03F341F864
:104570002030BDE8F8830120FFF704FF013EC4D1DD
:10458000C5E7034903F00F03CA54F2E700E100E076
:1045900014ED00E000F01F0340090BD1084A02EBC4
:1045A0008302D2F80012074B0B4043F00203C2F81B
:1045B000003270470022803352F82330FFDE00BF04
:1045C00000258450F0F8FCFFF8B505462B6D046813
:1045D00003F48223B3F5805FD4F8000205D009B15B
:1045E00000232B626FF07600F8BDD4F80463C4F8A2
:1045F000086309B9830647D4D4F8003223F02003B6
:10460000C4F800324FF4A11305F15007D7E8EF1FAB
:104610001943C7E8E01F0028F8D112B9AB68002B96
:1046200059D12E4BC4F8083301236360D4F84431C8
:10463000002BFBD00023C4F84C31D4F84C21C4F833
:104640001031D4F81021C4F84431D4F844212A6D33
:1046500012F400421BD12A62204601F007F8002321
:10466000EB606B61D7E8EF3F23F47F0323F47043E3
:10467000C7E8E23F002AF5D126F4202626F4047686
:104680000020C4F80463AFE74FF48033BCE7C4F8FC
:104690004C31D4F84C21EA69C4F834250522C4F819
:1046A0003825C4F81031D4F810310123E362D4F86E
:1046B0001031002BFBD00022C4F81021D4F81031A7
:1046C000D4F84C310BB1D4F83C352B62C4F84C21F2
:1046D000D4F84C31C0E701236360D1E710020A002F
:1046E0002DE9F74304460E4694F84C1091460430E9
:1046F000002970D150220AF06FFD3369636073693D
:10470000E363B36903B1013B2364336A042B81BFC4
:10471000F369E3610023236296F83130B9F1000FA9
:104720002FD083F001084FEA08281BB1236D43F016
:10473000010323650123256884F84C30D5F84C210A
:10474000C4F80890FAB931462046FFF769FE0822FE
:10475000002325688DF80730C5F800250DF1070204
:10476000C5F84425C5F8483501230A26AB60EB603F
:10477000D5F8583193BB0120FFF704FE013EF7D175
:1047800022E0C846D1E708226427C5F800256B60FF
:10479000D5F84431EBB9D5F82431D3B90A20FFF765
:1047A000F1FD013FF4D10023C5F84C31D5F84C217F
:1047B000C5F81031D5F81021C5F84431D5F8442199
:1047C000C5F80035002FBED16FF08B0003B0BDE8F7
:1047D000F0830127E7E76FF07700F7E70020C5F8DF
:1047E00020018145D5F82031054B08BF03462268DA
:1047F00048EA0303C5F80005C2F80433E6E700BF42
:1048000010020A0003682B4A2DE9F041C3F808237F
:1048100043F30733002B04460DDB01215A0903F053
:104820001F03994002F12003234A42F82310BFF3EB
:104830004F8FBFF36F8F012220461146FFF7C4FE52
:104840000121204601F0E8F8256D2368E901D3F83D
:104850000C05D3F81485D3F80865D3F8107509D57D
:104860004FF0FF32C3F80C25C3F81425C3F8082510
:10487000C3F81025AA0115D5431C01D0FFF78AFE05
:10488000B8F1FF3F02D04046FFF784FE290109D569
:104890007A1C02D03846FFF77DFE731C02D03046EA
:1048A000FFF778FE002384F84C302365A360BDE851
:1048B000F08100BF10034A0000E100E0F8B50646B1
:1048C000044656F8505B071DD6E8EF3F43F480528C
:1048D000C6E8E02F0028F7D1DA0468D44B0702D5E8
:1048E000E369002B66D0354BC5F808330823C5F8BB
:1048F00000350023C5F81031D5F81021C5F84C312A
:10490000D5F84C21C5F844310A03D5F844318B035E
:1049100003F4804302F400524903134301F40041BD
:104920000B43D6E8EF2F1A43C6E8E12F0029F8D150
:10493000E368C3B9A3687BB9236DD80435D5D6E83D
:10494000EF3F23F47F0323F47043C6E8E23F002ADD
:10495000F5D16FF00B00F8BD0321384600F061FE81
:10496000E368002BE8D0D5F80433590710D5A368C5
:1049700073B1236D1A030BD5D6E8EF3F23F4002360
:10498000C6E8E23F002AF7D10621384600F049FE8A
:10499000236DDB0409D5D5F84C310BB901232B600D
:1049A000A36813B1054BC5F804330020D3E76FF0BB
:1049B0000F00D0E74FF0FF30CDE700BF10020A0034
:1049C00072B6024A13680133136070473CA6002098
:1049D000034A1368013B136003B962B6704700BF16
:1049E0003CA600200722024BC3F80423704700BFF7
:1049F00000300050084BD3F80801D3F800210038EC
:104A000018BF012080000AB140F00100D3F8043142
:104A10000BB140F002007047003000500022074BFD
:104A2000C3F80021D3F80011C3F80421D3F804110E
:104A3000C3F80821D3F80831704700BF0030005098
:104A400000231720094A03F5C0710133202B42F8D7
:104A50002100F8D100231720044A03F5E071013347
:104A6000202B42F82100F8D1704700BF00300050E1
:104A700010B59DF80840C00B43EA0423064CC90B4F
:104A800043EA0213884200D910BDC2B202F5C072D7
:104A900044F822300130F5E70030005010B59DF8A1
:104AA000084000F1604043EA042301F16041074CF3
:104AB000400B490B43EA0213884200D910BDC2B231
:104AC00002F5E07244F822300130F5E70030005082
:104AD000C0F30E03C3F50043B3FA83F3C3F11B0322
:104AE000064AC0F3C730DBB240F4807043F48073F1
:104AF000C2F80005C2F80435704700BF003000500E
:104B00004303014818447047FF1FF81F054BC0F3CB
:104B10000730090241F0300100F5007043F8201021
:104B2000704700BF00300050044BC0F3073009024B
:104B300000F5007043F82010704700BF00300050AF
:104B400000487047247C00000022034BC3F88425F2
:104B5000C3F80425704700BF00900350044AD2F800
:104B60000834DB07FBD50160BFF35F8F704700BFE0
:104B70000090035008B5C0F30B0383B90222094B20
:104B8000C3F88425C3F804254FF0FF320260D3F840
:104B90000024D207FBD5FFF7D7FF002008BD6FF038
:104BA0000C00FBE700900350F8B5154601220646BD
:104BB0000F460024094BC3F88425C3F80425A542F9
:104BC00003D1BDE8F840FFF7BFBF57F8241006EB4C
:104BD0008400FFF7C3FF0134F1E700BF00900350EA
:104BE000003A18BF0122003918BF0121036889006B
:104BF000074841EA4201186359605A6842F00102CD
:104C00005A60BFF34F8FBFF36F8F0020704700BF14
:104C100004AAFF0008B5FFF7EDFE044B162118604B
:104C20000348BDE8084000F0BABC00BF38B100201E
:104C30003C7C00000C2201490AF0A9BA38B10020DE
:104C400010B502F01AFE044628B905F0C3FF044669
:104C500018B145F22354204610BD01F09EF858B912
:104C600032210D4800F09BFC00F01EF80028F0D126
:104C70000A210A4800F093FC094A2E21D36809480A
:104C800023F008031B041B0C43F0BF6343F4003301
:104C9000D36000F084FCDEE7527C0000847C0000DE
:104CA00000ED00E08E7C0000002130B5ADF5077D01
:104CB0001C220FA80E910AF08FFA374B02AA03F1BB
:104CC0000805144618685968083303C4AB422246E5
:104CD000F7D118689B884FF4E07200212060A38010
:104CE00016A80AF079FA01F058F820B12B480AF01A
:104CF000FDFA2B4C1FE002A90D2216A805F08CFF2F
:104D0000014618B127480AF0F1FA13E006A920225B
:104D100001AB16A805F0C6FF044616A805F0ACFFC7
:104D2000014614B9019D202D09D02146019A1E4843
:104D30000AF0DCFA1D4C20460DF5077D30BDE8B9C0
:104D4000022006A900F060F804460028F3D10420F0
:104D50000AA900F059F804460028ECD101462A4679
:104D600006A80AF039FA2A460EA906A80BF0DFFFBA
:104D7000044628B10E480AF0B9FADBE70D48C2E74D
:104D8000022000F057F820B1042000F053F800286A
:104D9000D1D10948ABE700BFE57D0000BC7C000035
:104DA000FE9AFEFFED7C0000187D0000FD9AFEFFDC
:104DB0008C7D0000537D0000C07D0000F0B585B003
:104DC00004460E4617461D4600F034F898B10C9B79
:104DD0002A4603930B9B8021CDE9017320460A9B51
:104DE000009605F083FF20B1014604480AF07EFAE0
:104DF000034805B0F0BD0348FBE700BFF37D0000AA
:104E0000FC9AFEFFFF9AFEFF10B50B466FF00302FF
:104E10000549044605F068FF28B1024621460348CB
:104E20000AF064FA024810BD00148450397E000074
:104E3000FE9AFEFF70B5431CC6000446174D184885
:104E4000C5F80035304400F0C6FF013004D000231F
:104E5000C5F80035012070BD06F57F0000F504405F
:104E600000F0B9FF0130F2D124010E4E04F57F05A8
:104E700005F508452644284600F0ADFF013004D072
:104E80000022064BC3F80025E4E70435B542F2D111
:104E90000020024BC3F80005DDE700BF009003507F
:104EA0000484FF001088FF00024B1860024B0020B2
:104EB0001960704748B1002044B100201FB5374C3D
:104EC000426923685A6282699A62C269DA62026A36
:104ED0001A63426A5A63826A9A63C26ADA63026B2D
:104EE0001A64426B5A60826B9A60C26BDA60026C21
:104EF0001A61426C5A61826C9A61C26CDA61026D0D
:104F00001A62826D5A65C26D9A65026FDA65026E29
:104F10001A66826E5A66426F9A66EFF388825A6406
:104F2000EFF389829A644268DA64EFF394821A6537
:104F3000026801A81A67FFF77DFE2368019ADA6606
:104F400001221A70164B1C68640864002046214632
:104F500022462346B7EE000AF7EE000AB7EE001A23
:104F6000F7EE001AB7EE002AF7EE002AB7EE003A85
:104F7000F7EE003AB7EE004AF7EE004AB7EE005AF5
:104F8000F7EE005AB7EE006AF7EE006AB7EE007A65
:104F9000F7EE007A0BF009FF04B010BD48B1002015
:104FA00044B1002000B5A1B001A8FEF71BFF029B91
:104FB00063B15B060AD4019B23F00203052B05D1E4
:104FC000044B1B6813B101A8FFF778FF21B05DF80F
:104FD00004FB00BF44B10020BFF34F8F0549064BCF
:104FE000CA6802F4E0621343CB60BFF34F8F00BF87
:104FF000FDE700BF00ED00E00400FA05F8B5C0F3DE
:105000000B0686B920F47F650A4F25F00F0544187A
:10501000AC4201D83046F8BD2846FB69984728B90C
:1050200005F58055F4E74AF2C536F3E743F65C260A
:10503000F0E700BFF87B00002DE9F74FDFF868A02C
:105040008346DAF804300F46154698470024154B7E
:10505000C0F3410013F82090DFF8508004F1800382
:10506000AB4294BF80262E1BB6FBF9F24146DAF81C
:10507000143004EB0B000192984700280EDB4146E8
:10508000DAF81830019AE0199847002806DB344412
:10509000A542E3D8002003B0BDE8F08F43F65C20C2
:1050A000F9E700BF707E0000F87B000015BC00200F
:1050B0002DE9F3471B4D81466B680F461446984710
:1050C000194BC0F3410013F820A0B9FBFAF60AFB14
:1050D00016961EBB6CB1D5F81480B4FBFAF509F531
:1050E00070292A4639464846C047002805DA43F663
:1050F0005C26304602B0BDE8F0870AFB05F5641B6C
:10510000F7D0012201A909EB0500C0470028EEDB1A
:10511000224601A978190AF03AF8EAE74AF2C536B8
:10512000E7E700BFF87B0000707E00002DE9F04F3C
:10513000861806F6FF7525F47F6525F00F0585B006
:10514000B5F5805F0446019104D943F65C2005B0B3
:10515000BDE8F08FDFF87881D8F804309847042252
:10516000584BC0F3410053F82070D8F8143056481B
:105170000093FBB2B2FBF3F203A9009B9847039A9A
:10518000531C023208BF01230393002D34D024F4B2
:105190007F6B2BF00F0BA5EB0B010BF57020FFF7CE
:1051A0002DFF0028D3D1B5F5BE7FAA4628BF4FF406
:1051B000BE7ADA4529D8B5F5BE7F5ED3FBB20427A7
:1051C000B7FBF3F7414D3A4629463F48009B9847C5
:1051D000B6F5BE7F5CD8042203A93C4809F0D7FF8E
:1051E0003B4B3A4639493B489B69984708B187424F
:1051F000ABD100F0FAFEAAE74FF480514FF47020D3
:10520000FFF7FCFE0028C2D0A1E70BF180039A450E
:105210002CBF4FF08009AAEB0B095FFA87F8B9FBA6
:10522000F8F82A494246009B0BF5712098475E45E5
:1052300016D909EB0B039C4212D2A3455A4638BF3C
:105240002246111BA2EB0B009E4294BFC2EB06024A
:10525000C2EB0302019B19441C4B184409F097FF51
:105260001B4B42469B6919490BF57020984710B1BA
:1052700080457FF46AAFCB449BE74FF4BE724FF496
:1052800070214FF47120FFF7D7FE002896D05EE71B
:10529000B4F5C07F9FD2B4F5BE7F224638BF4FF42D
:1052A000BE72019B111BA2F5BE700B44B6F5C07F08
:1052B00094BFC2EB0602C2F5C0721946284409F039
:1052C00066FF88E7707E00007C110F0015BC00208F
:1052D000F87B00007C010F002DE9F041504F86B0B3
:1052E0000020BB689847002870D104226946FFF768
:1052F000DFFE0446002840D104224FF4BE700DEBBF
:105300000201FFF7D5FE0446002836D1454D009B2B
:10531000AB4203D1019B013B033366D97B689847BD
:10532000414BC0F3410053F8206004224FF48050F9
:1053300004A9FFF7BDFE0446F8B9042241F27C102F
:1053400005A9FFF7B5FE0446B8B9049B4FF4805198
:10535000AB424FF4702014D1059B013B033310D8AE
:10536000FFF74CFE044640B94FF480524FF47021D1
:105370004FF47120FFF760FE0446204606B0BDE8FA
:10538000F081FFF73BFE04460028F6D1014680225B
:10539000264809F021FFF3B28026B6FBF3F6DFF8CA
:1053A0008C8004F5702032464146BB6980349847B2
:1053B000B4F5805FF5D300F018FE04460028DCD178
:1053C000042202A90295FFF7B1FE10B143F65C2456
:1053D000D3E7012304224FF4BE7003A90393FFF720
:1053E000A5FE04460028C8D0F0E7042241F27C1054
:1053F00005A9FFF75DFE04460028BED1059B5A1E95
:10540000033206D8019A934203D30233B5D1012A5D
:10541000B3D100F0EAFD002818BF0446ADE700BF95
:10542000F87B00001281DEC0707E000015BC0020F9
:105430001E2811D801230A4A8340134208D113F0D1
:10544000980F07D11D2807D1402300200B6070471B
:105450002023FAE70423F8E74CF25A30704700BFE4
:10546000650F0040F8B543680C2B01D00220F8BD51
:105470004B68042BFAD14FF0FF3304680D682168A4
:105480002B600029F2D0A268002AEFD00623012069
:1054900002F012F80028E9D16168274B99420AD935
:1054A000A26826488B1883420ED8206809F06FFE48
:1054B00000202860DBE7224B9942D7D9A268093344
:1054C00088189842D2D8F0E71E488142CED91E48AB
:1054D0008342CBD80A43930701D00320C7E7226851
:1054E000891AA3688E18002BE2D0EFF3108700F022
:1054F000F6FDB8B1012F0BD1366800F0F0FD08B110
:10550000BFF34F8FA36842F8046B043BA360E8E746
:1055100072B6366800F0E3FD0028F3D0BFF34F8F7A
:1055200062B6EFE7366800F0DAFD0028EAD0BFF394
:105530004F8F012FE6D0F3E7FF01FF002C02FF00A1
:105540002F01FF000781FF000084FF004FF47F035D
:10555000D3F83001BFF34F8FD3F83431BFF34F8FFF
:10556000BFF34F8FC0F30B00A0F10903584258411D
:1055700070474FF47F02D2F83031BFF34F8FD2F82B
:105580003401BFF34F8FBFF34F8FC3F30B03092BCE
:1055900003D1431E58425841704700207047FEF720
:1055A000B7BC012070476FF00300704700207047C0
:1055B0006FF00300704700207047022814BF6FF09F
:1055C000030000207047FEF719BE70B540F2FF15CA
:1055D00001EB8202914200D170BD51F8044BC4F33B
:1055E0000803240EAB4208BF4FF0FF33032CF1D861
:1055F000DFE804F0020406080360EBE74360E9E734
:105600008360E7E7C360E5E70346D0F8580130B9A7
:1056100031B9D3F82001003818BF012070470120AC
:10562000704730B504460D4685B01022002168460B
:1056300009F0D2FDD4E9001368468DF80050984770
:1056400005B030BD7FB504460E4615460021102238
:10565000684609F0C1FD012368468DF80030CDE9A8
:105660000165D4E90013984704B070BD10B5044635
:10567000FFF7A6F9D4F8583133B1D4F8043313F452
:10568000800308BFC4F80035BDE81040FFF7A0B99B
:10569000D0F8583133B1CB6CC3F30032DB0458BFC0
:1056A000C0F8002570472DE9F74F866804460D467F
:1056B0003EB113F0020604D0C36B002B00F09580BE
:1056C0000126276D17F0100740F08F804FF0010979
:1056D000AB180193019BAB4200F0898005F0604359
:1056E0009B46E26BD4F8008082B9BBF1005F40F0CA
:1056F00087809246FFF764F9216D404601F0010171
:10570000FFF782FF28B9FFF763F9EAE74FF0010AD4
:10571000F0E7A26CAB46002ABCBFD8F84C25A264C7
:10572000BAF1000F07D0D4E90F1228788854D4E9D1
:105730000F2102EB010BBBF1000F03D0C8F844B5F9
:10574000C8F848950023C8F82031D8F82011C8F8C7
:105750005831D8F85811C8F85031D8F850110821EC
:10576000C8F80015BEB14FF48002C8F80423C8F889
:105770000890FFF72DF9A368002B3FD1236D1B077D
:105780003CD55034D4E8EF3F23F00803C4E8E23FAF
:10579000002A2AD0F6E7C8F80890FFF719F9216D1A
:1057A00001F001014046FFF72FFF0246D8F84C05F3
:1057B000D8F844355AB99B45F4D004F1040AD1B164
:1057C000FFF7FEF851464046FFF762FFD1E79B45E1
:1057D00004F1040AF3D10028F1D1FFF7F1F85146A2
:1057E0004046FFF755FFFFF7F3F84FF0FF37384615
:1057F00003B0BDE8F08FC8F80C90E1E7013569E728
:105800006FF01507F3E770B5CE6C0D4606F0010199
:105810000446FFF7F9FE38B94FF4800346F004065A
:10582000EE64C4F8043370BDD5E90A365AB1296C68
:10583000EA6B761A964228BF164619443246A86B80
:1058400009F0A5FCAB6B4FF0FF326A641BB1C4F8E2
:105850004435C4F848650023C4F82031D4F8202129
:10586000C4F85831D4F85821C4F85031D4F8503124
:105870000823C4F800354FF48003C4F8043301232F
:10588000A360D0E737B590F84C3004463BB3036BC8
:105890004BBB0268C2F8003583680BB10B694360EB
:1058A0002046FEF7BDFD0822002324688DF807304E
:1058B000C4F800250DF10702C4F84425C4F84835A2
:1058C00001230A25A360E360D4F8583173B901209D
:1058D000FEF758FD013DF7D16FF08B0001E06FF04E
:1058E000760003B030BD6FF00F00FAE70020C4F877
:1058F0002001D4F82031C4F80005F2E790F84C00FC
:10590000003818BF012070472DE9F04704460D46C6
:1059100098461646D0F80090002A68D087685FB98C
:1059200053B9076B002F65D10263FFF7BCFE054634
:1059300027632846BDE8F08718F0030F07D04346D9
:10594000324629462046BDE8F047FFF7ACBE05F0D9
:105950006043B3F1005F07D0E36B13B118F0040F9D
:1059600014D06FF00C05E4E7236DDB0702D518F0C7
:10597000040F42D1FFF724F8226B9AB9C4E90B5601
:105980004846211DFFF73FFF002527E0FFF718F8E5
:10599000236B3BB9236D012243F00203C4E90B568C
:1059A0002365EDE7A36BE3B918F0040F19D0E36AA0
:1059B00003F06043B3F1005F16D1236DC4E90D56C7
:1059C00043F0100323650A24D9F85031C3B90120EC
:1059D000FEF7D8FC013CF7D16FF08B05FEF7F8FF1E
:1059E000A7E76FF00F05F9E74FF0FF35F6E76FF027
:1059F00006059EE76FF00F059BE74FF0FF3598E730
:105A00000023C9F85031D9F85031002DBCD0C9F865
:105A10004455C9F84865B7E7F8B50468036BD4F88E
:105A200004630546C4F8086323B96FF07600C4F830
:105A30000463F8BD00F15003D3E8EF0F40F0080015
:105A4000C3E8E20F002AF7D10123E36001B3296D17
:105A500001EA030739462046FFF7D6FD0028FAD0B1
:105A6000FEF7AEFFC7B9D4F820314BB10123E36094
:105A7000D4F85831002BFBD02046291DFFF708FE33
:105A8000FEF7A6FF0023C4F82031D4F820212B63B1
:105A90000020C4F80463CCE7D4F85831002BEBD1D4
:105AA000EEE72DE9F84F0568036DD5F804A313F46C
:105AB000802804460F461646C5F808A340F0928099
:105AC00001F06042B2F1005F40F08F80C26852B1D5
:105AD0008268002A75D1D5F81021002A71D0C5F846
:105AE0001081D5F81031226AC4E90376002A47D024
:105AF0009642E16933D84FF0000932463846C4E98E
:105B0000039909F044FB226AE069921B2262811921
:105B100009F007FBA368BBB1236D04F1040B9904E2
:105B200017D55034D4E8EF3F43F48023C4E8E23F74
:105B3000002AF7D1324639465846FFF783FD4A46D8
:105B400059462846FEF7ECFB4046C5F804A3BDE8DD
:105B5000F88F324639465846FFF774FDF4E7384669
:105B600009F015FB236AA3620023236204F15003AA
:105B7000D3E8EF1F41F40021C3E8E21F002AF7D168
:105B8000A16A2369E2685B1A0A44C5F83425C5F89E
:105B90003835236DDA04D7D55034D4E8EF3F23F4F9
:105BA0008023C4E8E23F002AF7D101232B60D5F817
:105BB0004431002BC8D00023C5F84431D5F8443116
:105BC000C2E76269A2B95B04C4E90576C5F8347519
:105BD000C5F83865B8D5D5F8003243F02003C5F8CC
:105BE0000032B1E76FF07608AEE76FF00C08ABE774
:105BF0006FF00F08A8E7FEF7E7BC8368A3B9036856
:105C0000D3F80025082A06D011B1D3F83C350B6033
:105C10006FF077007047D3F8102142B111B1D3F87B
:105C20003C350B60002070474FF0FF3070476FF03D
:105C30000F007047C0037047C00300F5FF407F307E
:105C40007047002070471F2070474FF40040704796
:105C500000F57F40C03040037047402070475F2010
:105C600070474FF400507047042070470020704781
:105C70000020704708B5FEF77DFF002818BF6FF0C1
:105C8000040008BD10F0030F10B514460BD1B0F599
:105C9000801F08D8C0F58013B3EB820F03D3FEF743
:105CA00083FF204610BD6FF00400FBE70346B3F509
:105CB000801F10B5084614460BD8C3F58011B1EB10
:105CC000840F4FEA820204D3194609F060FA204695
:105CD00010BD6FF00400FBE74B6830B513F01F05F3
:105CE0002DD102680C681068C0F30720844226D2C8
:105CF0005068556094600C7C23F01F0304F001048D
:105D00001C438B7CDB0003F018031C434B7C5B00C3
:105D100003F006032343D3608B68013B23F01F0489
:105D2000CB685B0003F00E03234343F001031361D0
:105D30005060BFF34F8FBFF36F8F284630BD0120F7
:105D4000FCE7036800205A68C9B258609960D860BF
:105D500018615A60704770B50546002403681E68D4
:105D6000C6F30726B44201D1002070BD2146284663
:105D7000FFF7E7FF0134F5E708B5FFF713F972B64F
:105D800020BFFDE7034610B10020187070474AF2AB
:105D9000C530704700207047704708B50220FFF7F4
:105DA00049F820B9BDE808400420FFF743B808BD12
:105DB0004FF47F03D3F83001BFF34F8FD3F8343162
:105DC000BFF34F8FBFF34F8FC0F30B00A0F1090358
:105DD00058425841704708B50246EFF31081FFF76B
:105DE000E7FF98B1012907D11268FFF7E1FF08B179
:105DF000BFF34F8F104608BD72B61268FFF7D8FF89
:105E00000028F7D0BFF34F8F62B6F3E71268FFF7B1
:105E1000CFFF0028EED0BFF34F8F0129EAD0F3E780
:105E20000346012B084670B5114607D0042B09D054
:105E3000002B31D1BDE87040FFF714BBBDE87040C6
:105E400000F060B94368082B01D0022070BD54688F
:105E5000042CFAD14FF0FF330568166829683360C7
:105E60000029F2D06B68002BEFD02623742201208A
:105E700001F022FB0028E8D1224623230120696893
:105E800001F01AFB04460028DFD1D5E90001FFF735
:105E90000BF830602046D9E70320D7E748B14FF42C
:105EA00078224FF48043C0E90023012303720020CD
:105EB00070474CF2DA20704748B14FF468224FF433
:105EC0000053C0E9002301230372002070474CF205
:105ED000DA20704737B504225C3084000D46204636
:105EE0000DEB0201FFF7E4F858B9019B5A1C0AD0E8
:105EF000AB420BD8042220460DEB02010195FFF7BF
:105F000015F903B030BD45F2A350FAE74AF2C530A7
:105F1000F7E7FFF7E1B90B46042B114611D1012831
:105F200007D0022809D078B91A464FF4B870FFF7A5
:105F3000BFB81A464FF4BA70F9E71A464FF4BC706E
:105F4000F5E743F65C2070474CF25A307047012861
:105F500037B504460D4602D0022800D080B9FFF7BD
:105F6000B9FF58B90421204601AAFFF7D4FF28B988
:105F700043F65C23019AAA4218BF184603B030BD0D
:105F80004CF25A30FAE713B5042101AA0446FFF790
:105F9000C2FF30B901994B1C05D020460131FFF7F3
:105FA000D6FF02B010BD45F2A350FAE7022905D989
:105FB0000839022909D94CF25A307047B0F5807F70
:105FC0004CF25A3008BF0020704700284CF25A307B
:105FD000B8BF00207047022804D819B10830086003
:105FE000002070474AF2C530704708B54FF4805121
:105FF0004FF47120FFF702F848B9BDE808404FF4AC
:1060000080524FF471214FF47020FFF715B808BD8E
:10601000FFF762B973B50C4601A916461D46FFF796
:1060200007FA58B9019B32469E4228BF1A462946B4
:10603000204602B0BDE87040FFF73AB802B070BD2C
:1060400013461E2848D8DFE800F0104715191D2117
:1060500025292D3135394747474747474747474760
:10606000474747474747473D42000A46002004212B
:10607000FFF7D0BF0A4602202421F9E70A46032091
:106080004421F5E70A4604204821F1E70A460520A5
:106090004C21EDE70A4606206C21E9E70A46072075
:1060A0008C21E5E70A4608209021E1E70A4609200D
:1060B000B021DDE70A460A20D021D9E70A460B20A5
:1060C000F021D5E70A461D204FF48871D0E70A4633
:1060D0001E204FF4A871CBE74CF25A3070474FF4B2
:1060E0007F03D3F83001BFF34F8FD3F83431BFF3C0
:1060F0004F8FBFF34F8FC0F30B00A0F1090358423D
:106100005841704743680C2B01D0022070474B6800
:10611000042BFAD10B680121026819601168013162
:10612000F3D10221906819600028EED11860704701
:1061300030B50C46154685B038B139B1FFF72FFAA6
:10614000041E03DA204605B030BD044640F60D2398
:10615000ADF80E3009230B4901A805F00F028A5C47
:106160002D091A54013B012BF7D147F630030C21BE
:10617000ADF80430FFF713FA0028B4BF0446241822
:10618000E0E700BF7C7E000007B51E4B83F30A8862
:106190001D4801F02AFA48B101F0E2F800F076F863
:1061A00000DF7047002003B05DF804FBFEF748FDF8
:1061B0000028F1D123211548FFF7F1F9FFF728FF57
:1061C0000028E9D10DF10700FFF7DCFD0028E3D13D
:1061D0009DF807301BB1FFF7DDFD0028DCD1FFF78C
:1061E000DBFD00F067F835210948FFF7D8F91721E2
:1061F0000848FFF7D4F918210748FFF7D0F900F055
:1062000053FACBE70004002040A600208C7E00005B
:10621000AF7E0000E47E0000FB7E0000EFF308800C
:106220007146EFF30982EFF30B830CB406B400F070
:1062300051FD8646009900F0080001F00801401A5F
:1062400002DC14DB04B070472DED108A1EF0200331
:106250001CBF2DE9F00FBDF1080D0B4C254626465D
:106260002746A046A146A246A34630B4704704B0D4
:1062700030BC1EF020031CBF1DF1080DBDE8F00F5F
:10628000BDEC108A04B07047A5EDF5FE084BDA6846
:1062900082F07F4282F47F0242F48042DA60002280
:1062A0001A765A76DA76DA77602283F822207047F7
:1062B00000ED00E0114BD3F8882042F47002C3F8DF
:1062C0008820BFF34F8FBFF36F8FD3F88C2042F439
:1062D0004062C3F88C20D3F8342242F08042C3F8E5
:1062E0003422D3F8342242F03C42C3F834224FF037
:1062F000E022D36843F42003D360704700ED00E050
:10630000009A164B9A4227D101229043014641EC54
:10631000100B41EC110B41EC120B41EC130B41EC57
:10632000140B41EC150B41EC160B41EC170BEFF382
:10633000148222F0040282F31488BFF36F8F0246A6
:106340000346044605460646074680468146824681
:106350008346844686460447FEE70000A5EDF5FE29
:106360002DE9F041044618B943F6DA30BDE8F08172
:106370000029F9D08368002513F4406F14BF01236E
:106380000023134F43F00203DFF848800B6000F155
:106390003806236AAB4201D80020E7E71821A36939
:1063A000E26906EB830301FB02330C226A4399186E
:1063B0008968090709D59B58BB4201D04345D3D111
:1063C000186810B10121FEF7A1FB0135E1E700BF1C
:1063D000A89F0020A09F0020F0B53B4C87B03B4811
:1063E000FFF7B9FC236801255A1C0193384B226042
:1063F000DA681B694FF4407603930023334801A900
:1064000002920495ADF814608DF81630FFF764FC25
:1064100018B143F6DA3007B0F0BD23688DF81600E6
:106420005A1C01932B4B294802932B4B01A9CDE910
:1064300003352260ADF81460FFF74EFC0028E8D168
:1064400023688DF816005A1C0193244B1F480293B1
:10645000234B01A9CDE903352260ADF81460FFF7A5
:106460003BFC0028D5D1022740F2011623688DF8A5
:1064700016005A1C01931B4B144802931A4B01A996
:10648000226003930497ADF81460FFF725FC002801
:10649000BFD123688DF816005A1C0193134B0B488B
:1064A0000293134B01A92260CDE90337ADF81460C4
:1064B000FFF712FC04460028ABD12A4629460348C0
:1064C000FEF78EFB2046A6E748A600209C9F0020F2
:1064D000147F00000080000060120100802C00008A
:1064E000003A0000200C0020201D0020000C00209D
:1064F000200C002008B5FEF78DFBFEF78FFA0A4B43
:106500005A68103AD3B2120609D401215A0903F08D
:106510001F03994002F16003044A42F82310BDE8CA
:10652000084000F01DBF00BF00ED00E000E100E00A
:106530000020034BD8765A6A42F470225A627047A0
:1065400000ED00E00349044BCA68002092B21343F7
:10655000CB60704700ED00E00800FA05064BD3F869
:10656000D02022F00102C3F8D020D3F8D02042F08E
:106570000202C3F8D020704700ED00E037B50124D7
:10658000FEF75EFA164D22460523002015490094B9
:10659000FEF76EFA224607234FF00050124900948E
:1065A000FEF77CFAD5E90101072300220094FEF7EB
:1065B0005FFA072300220D490D480094FEF76EFA9A
:1065C0002969E8680139FEF783FAD5E90501062350
:1065D00000220094FEF74CFA002003B030BD00BF4B
:1065E000147F0000FFFF0300FF5F0120FFFF032077
:1065F0000060012038B50024124D002155F8040B2D
:106600000134FEF791FA1D2CF7D1002001220E4B28
:10661000C3F88004C3F88424C3F8C004C3F8C424B6
:106620004FF47F03D3F83021BFF34F8FD3F83431C9
:10663000BFF34F8FBFF34F8F40F20112034BC3F8EC
:10664000402538BD307F00000030005000900350DE
:1066500000224FF0FF300D4B02F1A0010132102A51
:1066600043F82100F8D1D3F88022002022F008025C
:10667000C3F88022D3F88022D3F8802222F48072DB
:10668000C3F88022D3F88032704700BF00E100E0F9
:1066900008B5FEF7A7F90822024BC3F880211A605B
:1066A000002008BD00E100E00122014B1A607047A4
:1066B0004CA6002010B504460A4B22891B6861686D
:1066C0005868062350F8140C00F0F6FE28B9064B63
:1066D0001B68012B01D100F05DF86FF08603236089
:1066E00010BD00BFF0A600204CA6002030B5094C1C
:1066F000024661680023084640B105686D6895420E
:1067000005D11BB1826860609A60816030BD03462C
:106710008068F1E7D0A6002038B504462AB10B689E
:106720009B68DB0515D5002038BD0C4B1B685D68E8
:10673000182D01D100F014FE002255F8183C99697B
:1067400034338A4203D053F8040FA04204D191425B
:10675000E9D16FF0FC00E7E70132F2E7F0A6002094
:1067600070B504460E461546002130220C3008F064
:1067700033FD074B20461B68A6605B686561183BCC
:10678000636000F081FB00232061236070BD00BFC7
:10679000F0A60020054B1B685B68182B04D053F84B
:1067A000180C10B14068704700207047F0A6002018
:1067B000084B10B51B685C68182C01D100F0D0FDA7
:1067C00054F8183C9B6813F4406F14BF012000205C
:1067D00010BD00BFF0A600202DE9F041074690460D
:1067E0000C4621B96FF080042046BDE8F0814B00D3
:1067F000F8D5144B01F01F0253F82250002DF1D0B0
:106800002B685E68FFF7D4FF294602463046FFF743
:1068100083FF88B9C4F30721284600F05FFF0446D0
:106820000028DFD100F058FB064640B14246294619
:10683000FFF796FF3E60D7E76FF08104D4E76FF073
:106840008204D1E750A600202DE9F04100F034FB8E
:106850000023144E144F73607B6000F009FBDFF8D7
:106860004C80304600F024F80446A0B1394680231D
:10687000424600F0ADF80546204600F065FF20686E
:10688000211DFFF76DFD08B100F06AFD2946204685
:1068900000F026F9E5E7FDF76BFBBDE8F04100F0FD
:1068A00079B900BFDCA60020D0A6002050A60020A9
:1068B000F8B5054608B900F053FD404E346814F1B0
:1068C000310F78D83E4B196804F130038B4272D2F5
:1068D000D4E9063206200E3300FB0233226A02EBB3
:1068E00042021344626AC2EBC20213449B00E318E3
:1068F00001D2994201D200F033FD2368314A1B0CCA
:106900001B04934201D000F02BFD2388B3F5817F57
:1069100001D300F025FD6368002B01DA00F020FDB3
:10692000D4E90A239A4201DD00F01AFDA36813F4AA
:10693000406F22D1244A176807F140031360234AAD
:106940001268934201D900F00BFDD4E9063206210A
:106950000E3301FB0233226A3C6002EB4202134415
:10696000626AC2EBC2021344326802EB83026B68B4
:106970003260FB636F603846F8BDA26A002A04DA11
:10698000E36A002B01DA9A4201DD00F0E9FC6F684E
:10699000002FCFD03B689A6812F4406F09D0E16AAB
:1069A0009A6A914205DBA26ADB6A9A4201DC00F036
:1069B000D7FCFF6BECE70027DDE700BFB89F0020A6
:1069C000AC7F000000005F5FB49F0020A87F000044
:1069D0002DE9F04F85B0884691460746029300B1F5
:1069E00009B900F0BDFCD7F800A0DAF818100AF1D8
:1069F000380303EB81030193DAF81C40234B1D6835
:106A000054B10C2101FB04541C60214B1B689C42B7
:106A100001D900F0A5FC2C4600262546B346DAF83D
:106A20001C305B4500D91CB9304605B0BDE8F08F7D
:106A30001822019B02FB0B310023AB604B69C5E9B7
:106A400000171E438B689A0516D5B9F1000F02D0C6
:106A5000029A802A03D0039300F082FC039B13F078
:106A6000E00FD9B202D159F821301BB1039100F0E7
:106A700077FC039949F82150D8F804300BF1010B49
:106A8000AB60C8F804500C35C9E700BFB09F0020C8
:106A9000A47F000083680B4383600023C0E90D33AB
:106AA00003689A6892054CBFD8680148704700BFD8
:106AB00039A6000070B50646044656F8183B154640
:106AC000D3E90A0100F0C4F9044B1E602368DC68B6
:106AD00000F028FA2860204670BD00BFD8A600202C
:106AE0000368F7B51A6B9D681B69044613440732A7
:106AF00023F0070322F00702C0E908238361002383
:106B0000C36180F82930438500F11803C3621F4B2D
:106B100080F82850C5F3C02553F8253001AA9847BE
:106B200025680146AA68A06912F4007214BF0C23FC
:106B3000EB69AE6904BF9B000C33073323F00703F6
:106B4000C31A1348A3615860E86818600020986071
:106B500052B9182705F1380000EB8600EE6903F101
:106B60000C05B2420AD19A6063616FF00102019B89
:106B700004F1280000F04AF903B0F0BD07FB020C55
:106B8000DCF810C0013245F804CBEAE7B07F000022
:106B9000580E010038B5094D094800F0F7F82846AD
:106BA00000F05DFE2B6804465B6853E9060100F0C7
:106BB00075FC08B100F0D4FB204638BDF0A60020DB
:106BC0004B77000038B50E4B1B685C68183CEFF340
:106BD0000583C3F308030BB100F0C2FB094BA269A4
:106BE0001B689C68A24202D9D9688A4205D91D68EF
:106BF00000F09EF92846214638BD00242546F7E7D7
:106C0000F0A60020D8A600202DE9F047EFF3108A67
:106C100072B6DFF8BC90D9F800305F68EFF30983F3
:106C200010F0200F0CBF00222822403B9B1A3B6033
:106C300000F0B2F8D9F8003006465D68B846183D55
:106C4000A0F12804E0B1A5421AD0EFF30982BB6895
:106C50006833934201D900F083FB6168686800F0F3
:106C6000D9FC38B1616856F8280C00F017FC08B15F
:106C700000F076FBB0EE400AD6F80480C9F8006058
:106C800063690BB900F06CFB104E63691835BD42A7
:106C9000336001D000F064FB04F11803984501D083
:106CA00000F05EFBD9F800302834A34201D000F098
:106CB00057FB58F8042C33689A4201D000F050FB7F
:106CC0008AF3108838464146BDE8F087000C002062
:106CD000F0A6002001F00C0370B50C2B0CBF14467D
:106CE00004464A060D4620D58B0658BF2834A369B2
:106CF00013F8026C85F00803C3F3C003C6F38012D7
:106D0000934201D000F02CFB16F0A00F32D1022EDE
:106D100013D0032E0DD026BBFFF796FD0546014686
:106D2000164800F0C5FD284670BD00F019FB20266E
:106D3000E0E72046FFF7BEFCF5E7114BD4E900126F
:106D40001B685868334650F8140C00F0B5FB28B99E
:106D5000D4E90001FEF723FC2060E4E700F000FB2B
:106D6000E1E732461C210748FFF7E2F96FF08303A1
:106D70002360D8E732461F210348F5E7F80B0020CF
:106D8000F0A60020B87F0000D47F0000014B1860FF
:106D9000704700BFE4A60020104B73B51C680023A9
:106DA0000193EFF3108572B60D4E6CB12046336837
:106DB00001A99847C0B2052860700AD1019960689E
:106DC00000F07CFD0123637085F31088204602B03B
:106DD00070BD0128F8D0A468E7E700BFE8A600204E
:106DE000E4A60020C9B20129064B417005D11A68FA
:106DF0002AB101781278914201D3034A10681860D1
:106E0000704700BFE8A60020ECA60020F8B50F4EA2
:106E10000446306815461A4618B1237807789F4211
:106E20000BD3A060346060682B4600F0A9F82046C0
:106E3000BDE8F8400121FFF7D5BF0646806810B1D4
:106E400007789F42F9D3A060B460ECE7ECA600207D
:106E5000014BC3E900017047F4A60020034BD3E9BE
:106E600000308342C8BF0020704700BFF4A6002056
:106E700008B500F04BF8034B986000F04DF880F334
:106E8000888808BD00ED02E0054A1368013303F06D
:106E900007031360034A0133801A03EBC0007047F5
:106EA000FCA6002000A7002018B1024B013803EB1C
:106EB000D000704700A7002008B58C22082340F2BC
:106EC000AC41044800F08CFD18B1BDE8084000F06A
:106ED00047BA08BD00A70020014800F0D9B800BF9C
:106EE00000A70020014608B5044800F0E1F800289A
:106EF0000CBF6FF0FC00002008BD00BF00A7002001
:106F00000146014800F09ABD00A70020014B186817
:106F1000704700BF147F0000014B1B681868704762
:106F2000147F0000014B1B6858687047147F0000F5
:106F3000024801210160BFF34F8F704744A6002033
:106F40000349086800220A60BFF34F8F70470000B2
:106F500044A6002008480268002A08D107484FF0DC
:106F600080510160BFF34F8FBFF36F8F70470222D4
:106F70000260BFF34F8F704744A6002004ED00E08D
:106F80002DE9F84305461E460068134B9046AA6853
:106F9000A0F1080440E90233903890420F4601D234
:106FA00000F0DEF9A4F1880988220021484608F0A3
:106FB00013F9002344E9073344F8143C4FF080737D
:106FC00044F8043C6FF0020344E9036744F8208C62
:106FD000C5E90093BDE8F883A5EDF5FE0D4B70B54E
:106FE0001B6804465D680E4655F8103C183D1BB101
:106FF000034201D100F0B4F9002E08DA21462846F8
:1070000000F0CFFB002808BF6FF0FD0070BD2869BD
:107010002040FBE7F0A6002070B50E46044610B1F4
:10702000431E034201D000F09BF9184B30221B682D
:1070300031465D68062355F8140C183D00F03CFA03
:1070400008B100F08DF92B690BB900F089F92B69B3
:10705000234201D100F084F9042C07D1284600F026
:10706000F6FA0346D0F88800F36070BD2146284642
:1070700000F00FFB38B100F10C013022304608F06F
:1070800086F80020F1E76FF08B00EEE7F0A6002015
:10709000034648B1006838B102681A600022034B09
:1070A000C0E9002308307047704700BFAACCF0F059
:1070B00000F10C03994212D38268CB1A9A420ED97E
:1070C00042680832B3FBF2F002FB1033082B06D102
:1070D00051F8040C034BC31A584258417047002022
:1070E000704700BFAACCF0F02DE9F04F93B00093A9
:1070F0005F4B07461B680D465B681646A3F1180AEE
:107100000BB2002BC1F30269C1F3024B04DA6FF03A
:10711000800013B0BDE8F08F8B42C36001D1002026
:10712000F7E709EB0B03042BF1D8CC0F64014FEA0E
:10713000C90831464246DAF8040044F0020300F080
:10714000BBF901460028E2D1202202A808F044F849
:107150004246314602A84FEACB0608F018F83246FC
:107160000099DAF8040044F0060300F0A5F980461F
:107170000028CCD1014620220AA808F02DF832467A
:1071800000990AA802AE08F002F8334608F1010897
:10719000C14514D91A46C4460DE0D2F808E0D168BA
:1071A00018687144884203D2596808448645AED3B2
:1071B0000CF1010C0832CC45EFD10833E6E715F0AD
:1071C000006F18BF20241022002107F11C0008F0D6
:1071D00003F807F118081022002107F12C0007F02E
:1071E000FBFF08EB890944F00203C84512D1202CAB
:1071F00027D1002D02DBC5F3C0456C0107F128053E
:107200000AAE05EB8B0B44F006045D451BD1009BD9
:10721000FB6784E77268DAF8040056F8081B0193EC
:1072200000F04AF900287FF472AF56F8042C019B55
:1072300048F8042F56F8082CC8F83000C8F8202069
:10724000D3E70024DAE77268234656F8081BDAF819
:10725000040000F031F900287FF459AF56F8043CDF
:1072600045F8043F56F8083C28642B63CDE700BF7F
:10727000F0A600202DE9F0411F461A4B0D461B6871
:107280001646D3F8048000F03BFA044608B900F033
:1072900067F8E368002B01DA00F062F8032D01D9EA
:1072A00000F05EF804EB8504E569E36CED1A16D096
:1072B00006233A46314658F8140C00F0FDF808B1A0
:1072C00000F04EF8BD4228BF3D46E36CE16B2A4614
:1072D0001944304607F05BFFE36C2B44E364284617
:1072E000BDE8F081F0A600202DE9F0411D461B4BC2
:1072F0000F461B6816465B68A3F1180800F000FAF9
:10730000044608B900F02CF8E368002B01DA00F01D
:1073100027F8032F01D900F023F804EB8704E36A70
:10732000E26E9B1AAB4201D200F01AF802232A4601
:107330003146D8F8040000F0BFF808B100F010F8AA
:10734000E36EE06D2A463146184407F020FFE36EF5
:1073500000202B44E366BDE8F08100BFF0A60020CA
:10736000FEF70ABD70B52DE91F1072B6BFF36F8F1F
:10737000FFF728FCEFF30B856E4600281FBF0022A5
:1073800082F30B88854681F30B8862B6BFF36F8F5B
:10739000B6E81F10E04772B6BFF36F8F00F050FAE7
:1073A0004FF0000282F30B88B54685F30B8862B676
:1073B000BFF36F8F70BD402010EA0E0028D001B5DA
:1073C0007046FFF721FCBDE80440884220D072B629
:1073D000BFF36F8FEFF3098222ED108A1EF02003B6
:1073E0001CBF22E9F00F083A80E80440B1E80440ED
:1073F0001EF020031CBF0832B2E8F00FB2EC108A76
:107400000B6882F3098883F30B8862B6BFF36F8F32
:10741000704780EA0000E1EE100A00EE100A00EE6C
:10742000900A01EE100A01EE900A02EE100A02EE36
:10743000900A03EE100A03EE900A04EE100A04EE1E
:10744000900A05EE100A05EE900A06EE100A06EE06
:10745000900A07EE100A07EE900A08EE100A08EEEE
:10746000900A09EE100A09EE900A0AEE100A0AEED6
:10747000900A0BEE100A0BEE900A0CEE100A0CEEBE
:10748000900A0DEE100A0DEE900A0EEE100A0EEEA6
:10749000900A0FEE100A0FEE900A7047EFF3148374
:1074A00081F00201C1F3400161F3000383F314880A
:1074B000BFF36F8F002070472DE9F0410F4615464E
:1074C000002A5BD0002900F08D8003F00602062A16
:1074D00057D09A0740F1868008249B0648BF44F0A5
:1074E0001204860758BF44F00404C00709D5EFF31F
:1074F0009483D9074CBF44F0040424F0040444F0FE
:10750000120422462946384607F028FDB0BB47E85A
:1075100000F205EB0708110E120208F1FF3646E8EB
:1075200000F34FEA13605AD51B0258D5884256D053
:1075300047E800F546E800F6FEF783FB2D0E85428E
:107540004FEA166628D3FEF77EFB864224D82846EB
:10755000FEF772FB2246C7F101010144384607F0ED
:10756000FDFCE0B30135AE420DD83046FEF762FBBC
:107570002246A8EB000107F0F1FC80B30020BDE833
:10758000F0810124A9E72846FEF754FB0746FEF7E1
:107590005CFB22460146E1E7FEF75FFB85421ED316
:1075A000FEF75DFB86421AD82846FDF7A9FA224667
:1075B000C7F101010144384607F0D0FC78B101352C
:1075C000AE4203D83046FEF743FBD1E72846FEF72C
:1075D0003FFB0746FEF745FB22460146EBE76FF00F
:1075E0007F00CCE74CF2DA20C9E710B50446FEF77D
:1075F000B5FFFEF7C3FF10B143F6DA3010BDFEF75A
:10760000F9FF0028F8D1FEF7E7FE0028F4D10223A5
:107610002360F3E7884206D0830706D581F0020095
:10762000C0F3400070470020704701207047EFF31F
:107630000880EFF309812DE9F00F6B467246FCF7E5
:10764000D7FB08B0FEF756FFFEE70020704738B5BD
:107650000446EFF3108572B6436B0BB9FFF780FE5B
:107660000022636B04F1340163B91068D0F88430F0
:107670001360636B1BB9236923F00403236185F353
:10768000108838BD03F184000A46D3F884300146DF
:10769000EAE7F0B50346EFF3108672B60024826B7A
:1076A00000F1380520466AB948B10568012CD5F8C3
:1076B00080200260284602BF1A698A431A6186F355
:1076C0001088F0BD97683F687F698F4204BF2846E5
:1076D000013402F18005D2F88020E4E703689A685B
:1076E000DB6812F4806F05D18B422CBF00206FF055
:1076F000FA0070478B420CBF00206FF0FA00704711
:1077000010B5FFF7D1FB0446FFF7ECFB50B9FFF7CC
:1077100041F8A3685B681B685B68834218BF00245C
:10772000204610BD0024FBE738B5054648B1FFF7F9
:1077300095FBB5EBD07F044601D0FFF711FE204644
:1077400038BDFFF727F8F4E7704738B5446842784A
:10775000183CEFF3108572B6E068236903401BD034
:10776000042B17D1A268520714D42369606B23F04D
:1077700004032361D0F888300B600368022B01D129
:10778000FFF7BEFB0023636300230520E36085F35E
:10779000108838BD0B60F7E700280CBF10460220A8
:1077A000F5E738B50D46044608B9FFF7D9FDEFF304
:1077B000108372B62069284008BFE56083F3108803
:1077C00038BD38B50D46044608B9FFF7C9FDEFF3DB
:1077D000108272B623692B4323612169E368194241
:1077E00014BF6FF0FD00002082F3108838BD38B55B
:1077F0000546B8B18368ABB11A689AB1586888B1C8
:10780000836B5169C5F880308563FFF7DAFF042187
:1078100004466868FFF7C5FF002808BF6FF0FD0445
:10782000204638BD6FF08004FAE703464068C3F88D
:107830008810426B0421C3F884204363FFF7C1BF63
:1078400010B5044600F048F8FFF77AFB14F1FE0F7C
:1078500001D0022801D1FFF77DFB204610BD38B5CD
:107860000546FFF799FA0446FFF774FB05B12C6053
:107870006068BDE8384000F024B808B5FEF758FE4F
:1078800010B143F6DA3008BDFEF75CFE0028F8D1EF
:10789000FFF7DBFE0028F4D162B6FCF74DFBFEF7E4
:1078A000D7FE0028EDD1FEF7F3FE0028EBD0E8E785
:1078B00004460D46FFF7ADFDA546284703689966C7
:1078C00070470368683383F30988836883F30B8800
:1078D000BFF36F8F406870478230012808B506D823
:1078E000FEF766FF18B9BDE80840FFF739BD08BDCF
:1078F00007B50421072001AAFEF7A2FB98B9019B56
:10790000072B07D8DFE803F0041106090606060C6A
:107910004FF4805003B05DF804FB4FF44050F9E79A
:107920004FF4C040F6E70020F4E74FF40050F1E7D1
:10793000F8B505460E46FFF7E3FE044608B9FFF723
:107940000FFDA7680FB9FFF70BFDE368991C1FD067
:107950005A1C20D1002E34D016F1820F11D10223EF
:1079600035462360EFF3108672B629462046FFF7AE
:107970005CFF86F310882368022B1CBF0023236062
:10798000F8BD16F1830FEAD0FFF7EAFC0025E9E71E
:1079900002232360FAE7002BF6DB002304F1280220
:1079A00052F8041F19B1E16F106C19444860083394
:1079B000202BF5D13B6835469B689B0544BF0223CD
:1079C000236015F1810FCDD16369002BCADBFFF76E
:1079D000C7FCC7E708B5FEF7CFF96FF0830008BD15
:1079E0002DE9F8430D4617461E46044618B313B357
:1079F00002F1080903FB09F808F10C038B421AD1C4
:107A00000A46002107F0E8FB002004F10C031A46A7
:107A1000014601318E42106002EB090C104608D17C
:107A20000020A8EB09084344C4E90037A560BDE87D
:107A3000F8836246EDE76FF0F800F8E7002241F8BE
:107A4000042C0268A1F1080341F8082C0360704778
:107A50002DE9F3410E46174698460546FEF7A8FE67
:107A6000FFF762FE2946024601A8FEF7B5FE04466E
:107A700060B943463A4631460198FFF735FB044664
:107A800040B16B0002D50198FFF73AFA204602B0E8
:107A9000BDE8F0810198FFF7AAFE0122019B044690
:107AA0001A60F3E740F20110704770B50546FEF723
:107AB0007FFE06462846FEF719FE044608B9002058
:107AC00070BD014632462846FEF726FE0028F6D154
:107AD0002368D868F4E770B50D461646FFF710FE28
:107AE000044608B9FFF73CFCE368002B01DAFFF716
:107AF00037FC032D01D9FFF733FC04EB8504E36C5D
:107B0000E069C01A04D0B04228BF30460344E364A1
:107B100070BD000001464154414C204552524F5225
:107B20003A2000486172644661756C740D0A004D1C
:107B3000656D4D616E616765206661756C740D0AD7
:107B4000004275734661756C740D0A005573616768
:107B5000654661756C740D0A005365637572654600
:107B600061756C740D0A00526573657276656420E8
:107B7000457863657074696F6E2000506C6174663F
:107B80006F726D2065787465726E616C20696E74B9
:107B900065727275707420284952516E293A20001E
:107BA000953F0000A3550000B9420000714200005B
:107BB000BB550000C755000085410000A7550000D7
:107BC000B53F0000C13F0000CD3F0000AD550000B3
:107BD000B1550000B75500001B0000000E00000268
:107BE0001A0000010F00000304020202000000005E
:107BF0000338FDD87047000000000000695C0000F9
:107C00006D5C0000715C000000000000AD5C0000D5
:107C1000855C0000755C00000000000000000000B2
:107C2000414B0000000000000001000000100000B7
:107C30000400000004000000FF000000506C6174AC
:107C4000666F726D20457863657074696F6E3A0D6A
:107C50000A0057726974696E672072616E646F6D95
:107C600020486172647761726520556E697175652F
:107C7000204B65797320746F20746865204B4D55D7
:107C80002E0D0A00537563636573730D0A00416C12
:107C90006C2070696E732068617665206265656E20
:107CA00020636F6E66696775726564206173206E0C
:107CB0006F6E2D7365637572650D0A004F6E6520DA
:107CC0006F72206D6F7265206B65797320616C72C5
:107CD00065616479207365742E2043616E6E6F74E4
:107CE000206F76657277726974650D0A0054686555
:107CF00020524E47207365747570206661696C650B
:107D0000642077697468206572726F7220636F6493
:107D1000653A2025640D0A0054686520524E4720BC
:107D200063616C6C206661696C6564207769746856
:107D3000206572726F7220636F64653A202564203B
:107D40006F722077726F6E672073697A6520256481
:107D50000D0A00436F756C64206E6F742066726547
:107D600065206E72665F63633378785F706C6174F0
:107D7000666F726D5F6374725F6472626720636FB7
:107D80006E746578743A2025640D0A005468652085
:107D90006B657920627974657320776572656E27EB
:107DA0007420636F72726563746C792064656C65AE
:107DB0007465642066726F6D2052414D2E0D0A006D
:107DC0004F6E65206F72206D6F7265206B657973E1
:107DD000206E6F742073657420636F7272656374B4
:107DE0006C790D0A00485720556E69717565204BF6
:107DF0006579006E72665F63633378785F706C617B
:107E000074666F726D5F6B6D755F736861646F77B9
:107E10005F6B65795F646572697665206661696C20
:107E200065642077697468206572726F7220636F71
:107E300064653A2025640D0A005468652048554B56
:107E40002077726974696E6720746F3A2025642008
:107E50006661696C65642077697468206572726F09
:107E60007220636F64653A2025640D0A00000000EB
:107E70000100000002000000040000003031323335
:107E80003435363738394142434445461B5B313B34
:107E900033346D426F6F74696E672054462D4D20E8
:107EA00076322E322E322A2A1B5B306D0D0A001BD1
:107EB0005B313B33346D5B5365632054687265619D
:107EC000645D2053656375726520696D6167652027
:107ED000696E697469616C697A696E67211B5B30D0
:107EE0006D0D0A0054462D4D20466C6F6174204183
:107EF00042493A20486172640D0A004C617A792047
:107F0000737461636B696E6720656E61626C656432
:107F10000D0A00000000040000000400FFFF0D0037
:107F2000007C01000080010000000E00FF1F0E0019
:107F300000400050005000500090005000A0005041
:107F400000B0005000E0005000F000500000015070
:107F500000100150004001500050015000700150CD
:107F60000080015000B0015000C0015000D001500D
:107F700000E0015000F001500000025000100250DB
:107F800000200250003002500040025000600250B9
:107F90000080025000A00250009003500025845041
:107FA00000A00350B4A1002084A10020CC02000056
:107FB000956A0000B56A0000556E6B6E6F776E2093
:107FC00053504D2053564320726571756573746527
:107FD000643A2000556E6B6E6F776E2053564320C7
:107FE0006E756D6265722072657175657374656416
:037FF0003A200034
:108000002DE9F0470024CCB006468A4617462146A3
:1080100074220EA89946579DDDF8588107F0DCF8C8
:10802000802221462CA82B9407F0D6F88423B5F59E
:108030007F6FCDE90A440D940C94059373D804F036
:108040003FFB2BAC05AB01934946DDE95423384691
:108050000295009403F0BAFC002874D107231B9307
:1080600001239FED3D7B26933D49F300721C03F5F0
:108070007F038DED247BCDF868A01C901E9603F540
:108080000443C1F8002572B61A68BFF34F8F62B679
:10809000344BC1F800059A424AD002220DF1130375
:1080A0008DF813201B7810210EA88DF8743003F082
:1080B0002FFE10220DF120090092204605990AABEF
:1080C000CDF8049006AA04F0E1F9074600BB0124AC
:1080D00010E0102D2E4628BF10260EA9324603F0C0
:1080E00013FE10210EA803F013FE0134AD1B37441C
:1080F000E4B226D0059B4A4606A90EA88DF8AC40EE
:1081000004F0AAFC034608EB0700002BE1D01F4651
:10811000742200210EA803F0F9FD04F0D1FA3846CC
:108120004CB0BDE8F087104F38464CB0BDE8F08742
:108130000E4B1B68B3420BD103220DF113031A70CF
:10814000B0E72F46E4E70A4F38464CB0BDE8F08769
:10815000084FE4E7AFF300800000000001000000DA
:1081600000900350501A84500F00F100CC9F002063
:108170000E00F1000C00F100009A074B9A4208D162
:1081800010B500F075F806F04DFF06BC96460C469B
:10819000744700F0B9F80000A5EDF5FE009A074B12
:1081A0009A4208D110B500F06BF806F03BFF06BC10
:1081B00096460C46744700F0A7F80000A5EDF5FEC2
:1081C0000CB4029A084B9A420CD14FF00043194369
:1081D0000CBC10B500F05CF806F024FF06BC964617
:1081E0000C46744700F090F8A5EDF5FE009A044B9C
:1081F0009A4202D103490868744700F085F80000EC
:10820000A5EDF5FE480E0100009A034B9A4200D1FD
:10821000744700F079F80000A5EDF5FE38B5104C74
:10822000104DAC420BD3104C104DAC420FD305F0A7
:1082300075FABDE8384000210846FDF7A5BFA268E1
:10824000D4E90010920006F0A2FF0C34E9E762685E
:10825000002154F8080B920006F0BEFFE5E700BFCE
:10826000003A0000243A0000243A0000443A00009A
:10827000024B1B685B689B68184700BF000C00201E
:10828000024B1B685B685B68184700BF000C00204E
:1082900010B4044C246864682468A4465DF8044B58
:1082A000604700BF000C0020024B1B685B68DB6866
:1082B000184700BF000C0020024B1B685B681B695D
:1082C000184700BF000C002010B4044C24686468F8
:1082D0006469A4465DF8044B604700BF000C0020B1
:1082E00010B4044C24686468E469A4465DF8044B47
:1082F000604700BF000C0020024B1B685B681B6AD4
:10830000184700BF000C0020024B1B685B685B6ACB
:10831000184700BF000C0020F0B50F2A8C461F46FE
:1083200089B003D843F65C2009B0F0BD04AD2B46FC
:10833000104C04F1100E2E4620686168083403C604
:1083400074453546F7D11024CDE901C2002204203E
:1083500011460094FCF732FD0028E3D180220E9BE9
:108360003C601A800F9B044A1A604FF49052109B95
:108370001A80D9E79311010009010008014B03603D
:10838000012070474C0E0100014B03600220704732
:10839000080E01002DE9F04600278BB00C4606467A
:1083A0000197002800F09280317849B9019919B1FC
:1083B00002A806F0AAFF074438460BB0BDE8F086D5
:1083C000252906F101057CD17178302925D1B378B2
:1083D000322B2AD1F27802F0DF03582B25D154F842
:1083E000045BDFF8F4A0DFF8F890C5F30311782AF6
:1083F00014BF52464A4601A806F04EFFF2780744E1
:1084000005F00F01782A14BF52464A4601A806F02B
:1084100043FF351D07442E46C6E769290FD017D8FC
:10842000582933D007D8252946D02A4901A806F073
:1084300050FF0744EFE763293CD06429F5D164225B
:1084400054F8041B01A806F0F8FE0744B51CE2E747
:108450007039CBB2082BE8D80829E6D801A353F825
:1084600021F000BF9B8400002B8400002B840000BF
:10847000A98400002B840000898400002B84000064
:108480002B840000A58400007522D9E7124A54F815
:10849000041B01A806F000FFD7E7104901A806F069
:1084A00018FF07440E4AF2E754F8041B01A806F02F
:1084B00010FFCAE714F8041B01A806F0B0FE01374C
:1084C000C4E701A806F0ABFE0137A4E74CF2DA27B7
:1084D00072E700BFA6110100B8110100A31101004D
:1084E000C8110100014B1B68184700BFC49F002042
:1084F000014B1B68184700BFC09F0020024B18604B
:10850000024B002019607047C49F0020C09F0020CC
:10851000014B186000207047BC9F002010B50A4630
:10852000044619B1024B00211B68984710BD00BFDB
:10853000C89F00200E4B0340B3F1607F06D1B1F518
:10854000885F14BF6FF0860000207047B3F1707F22
:108550000BD101F4E043B3F5005F06D111F4E06FF5
:108560000CBF6FF08600002070476FF086007047E8
:108570000000C07F9142F8B506460C4600F04A81E3
:1085800021F4875521F0FF00AC4925F01F058D42ED
:1085900000F09080AA4B984200F0988024F4FF737A
:1085A00023F00103B3F1062F00F0C080A54DA842CF
:1085B00005D114F0FF0340F0C08000242AE1A24D51
:1085C000AB42F6D0A14DAB4240F0008114F0FF0366
:1085D000F3D022F0FF038B4240F08380D1B2002918
:1085E000EBD084EA0201FF2900F2F080944924F4E0
:1085F000FF7525F001058D4210D0954988420DD0B8
:10860000924F24F47F7121F00301B94206D08D49C5
:10861000884203D001F574518D4208D114F0FF0156
:1086200005D08C4841F00071814200F07681834989
:108630008B4240F0A78012F0FF0340F0C28004F0AC
:10864000FE41B1F1A06FB8D0B1F1407FB5D102F0D9
:10865000FE43B3F1407FB0D184EA020333F47E15C8
:10866000ABD131462046FFF765FF0028A5D114F4B1
:108670007C1300F0F380C4F3054312F47C1104F47E
:10868000004702F4004500F00E81C2F30540002FC0
:1086900000F040810146002D00F03781994238BF3B
:1086A0001946090424F47E1401F47C11214341F499
:1086B0000044AFE014F0FF033FF47FAF22F0FF036C
:1086C000AB420ED112F0FF018BD176E714F0FF051B
:1086D00033D184427FF471AF22F0FF038B423FF429
:1086E0006CAF5B498B4231D0A1F588518B4200F0D1
:1086F0009380594D02EA0507B7F1062F2CD0514D52
:10870000AB421ED005F57455AF42DBD0A5F58445CC
:10871000AF42D7D08A4259D1494984EA0105FF2D99
:108720008DD824F4FF7525F0010524E014F0FF0531
:108730007FF44FAFB4F1062FCCE722F0FF038B425A
:10874000BFE7D5B2002D7FF44CAFE3E7D1B20029EB
:108750007FF447AF3A49DDE712F0FF077FF441AFFE
:10876000B2F1062F7FF429AF84F0062CBCF1FF0F85
:108770003FF623AF25408D427FF43FAF14F0FF0159
:108780007FF44FAF32498B423FF455AFA1F588518A
:108790008B423FF450AF22F4FF7121F00101B1F19F
:1087A000062F0AD0274883423FF445AF264B994213
:1087B00003D0A3F58443994208D112F0FF033FF49C
:1087C000FCAE244943F000738B4223D004F0FE41F9
:1087D000B1F1A06F7FF438AF02F0FE43B3F1A06FA8
:1087E0007FF4EBAE84EA020333F47E137FF4E5AE4C
:1087F0002504C4F30543C2F3054002F4004116D535
:1088000081B1834238BF034624F47E1444EA034412
:1088100044F400442046F8BDD1B200297FF4E1AE13
:108820009A4278E7834294BF14460024F2E7002975
:108830003FF4C3AE834238BF0024EBE700030006D9
:1088400000020006000900060046000600040006BB
:1088500000130006FF00000200FEFFFF3049214028
:10886000B1F1607F0ED12F48E1B241F00071814239
:1088700017D001F17E41043911293FF6FEAE2A4B93
:108880005B5CFAE6B1F1707F7FF4F7AE06F4E0418D
:10889000B1F5005F7FF4F1AE0123C6F302218B40F6
:1088A000EBE61023E9E61E481040B0F1607F1DD1D1
:1088B0001C4ED0B240F00070B04224D000F17E4097
:1088C000043811280FD92846002F7FF4E4AE002D7C
:1088D000A0D183427FF471AE1B0403F47C1324F413
:1088E0007E141C4396E71149085CD0E6B0F1707F16
:1088F000E9D106F4E040B0F5005FE4D10120C6F311
:108900000226B040C3E61020C1E68B4294BF144655
:1089100000247FE7002DDCD08CE714467AE700BF07
:108920000000C07F03000002D8110100D81101002F
:108930008A42F8B506460D4600F0188101F0FE4166
:10894000B1F1C06F6BD18D4C22F4875121F01F0122
:10895000A14222F0FF0015D0894988422CD022F490
:10896000FF7121F00101B1F1062F2CD004F5C06494
:10897000A04207D004F57454A14203D0A4F5844466
:10898000A1421DD1D1B221BB8BB122F4FF7323F0E0
:108990000103B3F1062F06D07A4922F4FF6323F0D6
:1089A00007038B4203D122F4807225F4807595422F
:1089B00014BF00200120F8BDD1B251B9824208D0C5
:1089C000002BE9D1F3E7D1B219B9B2F1062F40F08B
:1089D000D1806B4E25F4FF7121F00101B14225F0E9
:1089E000FF0411D006F58856B4420DD0664F25F429
:1089F0007F7626F00306BE4206D0644EB44203D012
:108A000006F57456B142BFD115F0FF01BCD0604EDF
:108A100041F00071B14204BF02462546B4E7B1F10E
:108A2000A06F17D102F0FE43B3F1A06F40F08C802D
:108A300082EA050333F47E1340F086802E0440F171
:108A40008380C5F30540C2F3054290428CBF0020ED
:108A50000120B0E74F4B9D4209D1A3F500439A4254
:108A600000F084804C4B22F47E109842A0E7B1F1D4
:108A7000407F69D102F0FE43B3F1407F64D182EAC6
:108A8000050030F47E145FD131462846FFF752FDD1
:108A900000286DD1414B12F47C1103EA020318D077
:108AA000B3F1607FC2F305413DD13D48D3B243F0FD
:108AB000007383423DD003F17E43043B112B01D868
:108AC0003848C45C15F47C1FC5F3054333D18C4290
:108AD0006EE7B3F1607F0DD13148D3B243F000733C
:108AE00083421ED003F17E43043B112BDDD82E4977
:108AF000C95CDAE7B3F1707F19D106F4E043B3F54E
:108B0000005F03D10121C6F30223994006F4E0433C
:108B1000B3F5005FD6D10120C6F3022600FA06F4B1
:108B2000D0E71021C1E7B3F1707FCBD1EEE700248D
:108B3000C8E71024C6E712F47C1F01D1A34215D068
:108B40002C0401D58B4281E725F0004323F47F03F9
:108B5000B3F1106F0CD102F0FE43B3F1106F07D1E7
:108B60001248104040F01060A84221E7012022E79F
:108B7000002020E7002B7FF416AF18E70003000663
:108B8000000200060040000600040006000900067E
:108B9000FF0000020093C004000140050000C07FF8
:108BA00003000002D8110100D81101000000FFF6F7
:108BB0000E4A20F47E13934210D002F58072934245
:108BC0000ED0B3F1052F0DD0094A93420CD00948BD
:108BD00002F58072934218BF002070470648704724
:108BE0000648704706487047064870470001400530
:108BF00000060005000710050001500500025005A1
:108C0000000510050006100508B5FFF7D1FF064B5B
:108C1000984206D10739072934BF00206FF086003B
:108C200008BD6FF08500FBE70001500500F0FE4332
:108C3000B3F1A06F47D1254B20F0FF029A4203D138
:108C400010F0FF002FD17047214B9A4228D0A3F596
:108C500088539A4220D020F4FF7323F00103B3F12C
:108C6000062F15D01B498A420ED01B4A934207D0CB
:108C7000A2F5844293421FD110F0FF0013D1704738
:108C800010F0FF000FD1704710F0FF000BD17047BC
:108C900010F0FF0007D1704710F0FF0003D17047BC
:108CA00010F0FF0011D00D4B40F00070984214BF3F
:108CB00000206FF08600704710F4004F0CBF0020BA
:108CC0006FF0860070476FF0860070470003000663
:108CD000001300060009000600460006FF0000021F
:108CE000436810B5002B4BD003F0FE42B2F1106F79
:108CF00002BF23F01F6323F4702343F000634A1C78
:108D000007D1214A23F0FF0393422ED06FF0850054
:108D100015E0427A540733D41B4C23F0FF03A342DF
:108D2000F4D140F2022399420AD040F2032399423F
:108D300015D040F2011399420BD06FF0860010BDA0
:108D4000037A13F0180F1BD143F0080303720020BD
:108D5000F5E7037ADA0613D443F01003F6E7930736
:108D60000ED442F002024272F1E7038903F4047365
:108D7000B3F5047F04D1437A43F004034372E6E77A
:108D80006FF08800DBE700BF000100082DE9F34722
:108D90006E4686E8030096E8030090461D460A9C4E
:108DA00000F0A2FD064600283AD1D8F80070B7F8C6
:108DB000009009F4E043B3F5804FBB6808BF25F08D
:108DC000010535EA030323D154B3B5F5006F2BD069
:108DD000A5F5005255425541294B24F0FF029A4215
:108DE00024D114F0FF0104D0264B41F000719942C8
:108DF0003BD02B4622464846F968FFF799FD82464C
:108E000070B92B46224648463969FFF791FDA8BB49
:108E10006FF0840600233846C8F8003007F06CFB7A
:108E2000304602B0BDE8F0870125D5E7164B9A42DF
:108E3000D7D0A3F588539A42D3D024F4FF7323F0FC
:108E40000103B3F1062FCCD010498A42C9D0104A91
:108E50009342C6D0A2F584429342C2D004F0FE43AE
:108E6000B3F1407F04D12304C3D56FF08606D1E768
:108E7000B3F1A06FF7D0034B9C42B9E75646CFE75A
:108E800000030006FF0000020013000600090006B0
:108E90000046000638B5037904460D4663B9D4E9A7
:108EA000050185E80300237F0020012B13D0C5E9CD
:108EB00000006FF096000DE04369084A03F140435B
:108EC000A3F580539342EAD9D0E9091207F0AEFB2B
:108ED0000028E4D038BD02232377FBE7FFDFFF3F04
:108EE00038B500F0FE43B3F1407F04460D4602D092
:108EF0006FF0860038BDFFF71DFB0028FAD114F48F
:108F00007C1F12D0C4F30543032B137022D9284AC7
:108F10002240B2F1607F3DD1264AE4B244F00074B1
:108F200094422BD1102BE5D9E2E7214B2340B3F13A
:108F3000607F15D11F49E3B243F000738B4202D129
:108F400010231370D6E703F17E43043B112B04D9A1
:108F5000002313706FF08500CCE71749CB5CD3E793
:108F6000B3F1707FF4D101F4E043B3F5005FEFD1CA
:108F70000123C1F302218B40DBB2C5E704F17E443B
:108F8000043C112CB4D80D4A125D9342B0D8202B6A
:108F9000B0D9DFE7B2F1707FAAD105F4E042B2F5B3
:108FA000005FA5D10122C5F30225AA40EDE700BF6D
:108FB0000000C07F03000002D8110100D811010099
:108FC0001FB56B46044683E8030088B393E80300AB
:108FD00003AA00F089FC044650BB039B1A7F022AB7
:108FE00029D103221A771A79FF2A27D062B15A6948
:108FF000144902F14042A2F580528A4204D9D3E9D1
:10900000050107F0F2FA044603980E4A436903F19A
:109010004043A3F58053934204D807F0BBFC002CD7
:1090200008BF0446039807F052FA002818BF044608
:10903000204604B010BD6FF09604F3E76FF084048F
:10904000F0E700BFFFDFFF3F2DE9F0411F4600239F
:1090500088B08846054601881646CDE90433C7E93D
:1090600000330792002A5FD0B2F1005F80F0998050
:1090700021F0FF03B3F5E24F02D0B3F5824F20D1C8
:10908000284606F051F9044600287ED1EB6863B10A
:109090006B8853B101F44F42B2F5824F05D1C9B28A
:1090A000222936D02DD8122938D04246002308EB89
:1090B000060112F8010B914243EA0003F9D1002B9B
:1090C00032D0284605AA04A906F0FAF90446A0B948
:1090D000049B9B6A5BB3049B41465A8828460692D0
:1090E00006AA029203F1280201929A6A00925B6A30
:1090F000324600F0DBFD044670B3049806F0CBFA6C
:1091000043E02739C9B21B29CFD8274ACA40D20722
:10911000CBD50733B6EBD30FC7D205E040F2092217
:109120009342F6D1402EC0D86FF086042DE06B68D4
:109130001B0A07D10799049806F041FA0446002853
:10914000C9D0DAE732464146284607AB07F01DFB97
:1091500004460028EED0D0E70498069B4288C2B9A6
:1091600043804FF6F872934218D82B8813B10288C7
:109170009A4210D16B8813B142889A420BD139467A
:10918000FFF788FE04460028B7D1204608B0BDE8A6
:10919000F0819A42E5D06FF08604AEE76FF0850467
:1091A000ABE76FF08504F0E70102000C2DE9F04316
:1091B0004FF0000987B00E9E05460DF108083046B5
:1091C0000F4688E80C00CDF81490FFF72FFD0446F9
:1091D000002860D12B6843B1002007F08DF96FF0B3
:1091E0008804284606F041FE4EE02B7D1A07F3D195
:1091F00001464FF4A07205F1180005F0EDFF002FB5
:10920000009618BF4FF4807398E8030008BF4FF42E
:10921000007305AAFFF7BAFD044618B1059807F0D8
:109220006BF9DEE71D4926F47E148C420598C6F3DF
:109230000742C6F3054304D007F05EF96FF08504DA
:10924000CFE7043B0C2B01D8D30704D507F054F922
:109250006FF08604C5E7D0E9092301460096284649
:10926000B7B100F0E7FD04460598002CD7D103887C
:109270002B8107F041F904463046FFF799FC2B7D1E
:10928000686067F304132B75204607B0BDE8F083D0
:1092900000F0E8FDE7E74846C1E700BF00014005F0
:1092A000F8B5036804460E461746CBB1037D13F0AC
:1092B0000E0F15D142680F4B9A4202D1B1F57F4F84
:1092C00014D83A463146204607F09AFA054648B97E
:1092D000237DC4E9036743F0020323752846F8BDE4
:1092E0006FF08805204606F0C0FDF7E76FF08605B1
:1092F000F8E700BF0001500538B5036804460BB31A
:10930000037D03F0090001281CD132B90025237D1B
:1093100043F004032375284638BD9B070ED5E36848
:10932000934212D39B1AE360204607F072FA054677
:109330000028EBD0204606F098FDECE76068044B6F
:109340009842F1D16FF08805F4E76FF08605F1E7F8
:109350000001500573B504460020079D2860206871
:10936000F0B1207DC6071BD5800715D5E068D0B9C0
:109370002069904217D3801A2061069801950090C9
:10938000204607F04FFA054678B9237D43F00803DD
:109390002375284602B070BD666806488642ECD147
:1093A0006FF0880501E06FF08605204606F05DFD50
:1093B000EFE700BF000150052DE9F743DDF82890E5
:1093C000074616469846FFF78BFC0D4604460028D4
:1093D0005AD17B68B3F1082F0AD140F201129142B1
:1093E0001AD1338823F0FF03B3F5105F42D010E0A9
:1093F000394A23F0FF0191420ED140F20112954209
:109400000AD13388B3F5885F34D0B3F5905F31D09B
:1094100083B36FF0860437E040F20122002E3FD084
:109420009542318805D141F20103994222D009B316
:10943000EFE717D8B5F5817F0DD141F203229142B4
:1094400018D0B1F5905F15D0A1B1B1F5105FE0D1A2
:10945000B3F1082FCAE740F2011025F00202824260
:10946000EFD0D6E740F202239D4214D141F2062309
:109470009942D8D14346324629463846CDF8009025
:1094800007F044FA044610B1384606F08FFD204636
:1094900003B0BDE8F083A5F20323032BB9D8C2E7DC
:1094A000954209D00FD8B5F5817F05D040F2011261
:1094B00025F002039342ACD14B464246294638463A
:1094C00007F016FADEE740F202239D42F4D0A5F23F
:1094D0000323032B9DD8EFE700070008F8B5466883
:1094E00005460F46002E40D121F0004323F47F03B0
:1094F000B3F1106F3CD001F0FE43B3F1106F29D1EE
:1095000021F01F6424F4702444F0006400214FF41F
:10951000387205F1100005F05FFE2146284607F07D
:10952000D5F9B0B9144A24F49F6323F0070393429A
:109530006F6017D1114BE4B244F000749C420ED01E
:1095400004F17E44043C112C02D80D4B33F8146016
:10955000EE60F8BDB3F1006F0AD10C46D6E74FF4C8
:109560007F66F5E74FF0FF36F2E76FF08800F0E72F
:109570006FF08600EDE700BF000100080300000265
:109580000C110100F8B51E4640F20523994205462C
:10959000174605D06FF08604284606F007FD1CE04C
:1095A000FFF79EFB04460028F6D16B680D4A23F0B6
:1095B000FF01914203D002F58072934203D157EA32
:1095C0000603E7D05EB93A46334640F20521284605
:1095D00007F0ACF904460028DED12046F8BD6FF054
:1095E0008504D9E700018008F0B58DB00E4606A9C4
:1095F00081E80C004368054603F0FE42B2F1106FAB
:109600004BD100930AAA4FF4804303C9FFF7BEFB76
:10961000044610BB6A68224B0A9813400BAA0492B6
:1096200001220392139A09AF0192129A02970092B3
:1096300043F01063D0E909128DF824400B9400F038
:109640009BFC044660B138460B99FEF767FF28463D
:1096500006F0ACFC0A9806F04FFF20460DB0F0BDB6
:109660000B9B02463146009328463B46FFF7A4FE7B
:1096700004460B993846FEF751FF002CE7D140F223
:1096800001139E4208BF2B7A0A9804BF43F00103DE
:109690002B7206F031FF0446DFE76FF08604DCE74B
:1096A0000000FFF6074B0A465978022906D11978BF
:1096B000072903D10146181D07F059B96FF088003A
:1096C000704700BFACAB002010B5124C237859078F
:1096D00044BF23F00403237023789A0705D500F0D4
:1096E000A7F8237823F002032370637813B10A48A4
:1096F00007F04EF90023042107486370FEF70EFFC0
:109700002378DB0705D507F03FF8237823F0010322
:10971000237010BDACAB0020B0AB002038B51C4DA1
:109720006A782B78022A01D1072B12D0D80713D5DB
:109730002B78990707D400F073F82B78044643F090
:1097400002032B7088B96A782B788AB12B785A0774
:1097500019D50024204638BD07F014F82B780446AC
:1097600043F001032B700028E2D0FFF7ADFFF1E7D3
:10977000DB07EBD5074807F0F8F8022304466B70C7
:109780000028F2D1E2E743F004032B70E1E700BFC9
:10979000ACAB0020B0AB002073B56B46144600F1B3
:1097A00040421F2A0E46054683E8030014D82C23A6
:1097B0001A4803FB0200037F022B24D143699D4218
:1097C00021D1836999421ED10146084606F05CFE0C
:1097D00000B9216002B070BD012293E8030006F0D9
:1097E00060FEB8B10D4B00221846197F022905D141
:1097F00059698D4202D199698E4207D00132202ADF
:1098000003F12C03F1D16FF08B00E3E72C2303FB72
:109810000201DAE76FF08700DCE700BFB4AB00209D
:109820000122024B002083F880257047B4AB002052
:109830002DE9F0410A4C002526464FF00108032788
:109840002046C4F820802777013505F007FF202D3A
:1098500004F12C04F4D1002386F88035BDE8F081B2
:10986000B4AB0020F8B51E4D064695F880350F467E
:109870007BB300242B462246197FD1B13CB9022983
:1098800005D1196A19B91979002918BF1C46013286
:10989000202A03F12C03EFD114B96FF08C0006E0FD
:1098A000204606F0F1FD204605F0D8FE10B1002458
:1098B0000DE01C46237F7BB90123237736B1094B8A
:1098C000651BAD105D4305F18045356000203C60AF
:1098D000F8BD6FF08800EAE76FF09600E7E700BF99
:1098E000B4AB0020A38B2EBA2DE9F04100256C4BC0
:1098F000156092B093F8803502AF164687E80300F2
:10990000002B00F0C98097E80300FFF745FF10F136
:109910008C0F044640F0958031462846FFF7A2FFA1
:109920000446002840F08D8097E803000123356845
:109930001C2205F1140888E803006B6021460BA87F
:1099400005F04AFC00220023CDE908236B69554A43
:1099500003F14043A3F580539342CDE906440594B7
:1099600022D898E8030008AB05AAF7F743FF04469E
:10997000B8B9D5E905231193059BCDE900000C93F7
:1099800013F0FF0318BF13460BAA10930346DDE93B
:10999000080100F0CBF910F18A0F044614D000281A
:1099A00053D014F18C0F52D100236FF04042356830
:1099B00008930B936B69013B93424ED3284605F005
:1099C0004DFE6FF0870445E006A90BA800F046F9AC
:1099D00004460028E5D12846069905F0F0FD044626
:1099E0000028DED1DDE9080107AB0193AB6A0BAAC1
:1099F00000936B6A00F09AF9044618B1284605F006
:109A000022FECEE7079B0BACAB620FCC0FC594E8F0
:109A1000070085E8070030688368D90444BF43F431
:109A20008063836083689A0444BF43F40063836067
:109A3000037F012B04BF0223037706F025FD0446B4
:109A400040B9204612B0BDE8F0816FF0960430684E
:109A500005F004FE00233360F3E728460BAA08A9AB
:109A600006F03CFE044650B10B99089806F034FE0F
:109A7000306805F0F3FD14F18C0FA2D0EAE70899E5
:109A800028460B9A05F0AEFD04460B99089806F09F
:109A900023FE002CBFD0EBE76FF08804D1E700BFB6
:109AA000B4AB0020FFDFFF3FF7B515460E46074673
:109AB0000822184629491C4605F069FB04220023A8
:109AC0000DEB020104F10800019305F060FB042294
:109AD0006B680DEB020104F10C00019305F057FBDC
:109AE0002B8801A9022204F11000ADF8043005F022
:109AF0004EFB6B8801A9022204F11200ADF804307C
:109B000005F045FB0422AB680DEB020104F11400E3
:109B1000019305F03CFB0422EB680DEB020104F11C
:109B20001800019305F033FB04222B690DEB0201B1
:109B300004F11C00019305F02AFB042204F120002B
:109B40000DEB0201019605F022FB3246394604F185
:109B5000240003B0BDE8F04005F019BBEA11010094
:109B60002DE9F743232904460F46914698460A9E5D
:109B700005D86FF09805284603B0BDE8F0830822A9
:109B8000354907F0D4F805460028F2D1042204F143
:109B900008010DEB020005F0FAFA019B002BE8D159
:109BA000042204F120010DEB020005F0F0FA019906
:109BB000243F8F42C8F80010DBD3B1F5005FD8D244
:109BC000002938D1C9F80050042204F10C010DEB32
:109BD000020005F0DCFA019B0222736004F110011F
:109BE00001A805F0D4FABDF804300222338004F154
:109BF000120101A805F0CBFA0422BDF8043004F1EB
:109C0000140173800DEB020005F0C1FA0422019BE0
:109C100004F11801B3600DEB020005F0B8FA04225C
:109C2000019B04F11C01F3600DEB020005F0AFFA9B
:109C3000019B33619FE70120FEF754FCC9F8000047
:109C400030B1D8F8002004F1240105F0A0FABBE7F8
:109C50006FF08C058FE700BFEA1101000A46002370
:109C600041681360084B82B0B3EB112F07D1D0E9E4
:109C700005016B4683E8030002B0F7F7D7B86FF031
:109C8000860002B0704700BF0100800030B4446815
:109C9000240A02D0044DAC4202D130BC06F072BBA3
:109CA0006FF0860030BC704701008000F0B444685B
:109CB000069F240ADDE9045603D0DFF81CC0644582
:109CC00005D1CDE905670495F0BC05F09BBC6FF0AC
:109CD0008600F0BC704700BF01008000F0B444680B
:109CE000DDE90456240A02D0054FBC4204D1CDE977
:109CF0000456F0BC05F0F1BC6FF08600F0BC704774
:109D000001008000F0B44468DDE90456240A02D062
:109D1000054FBC4204D1CDE90456F0BC05F019BD95
:109D20006FF08600F0BC704701008000F0B4576807
:109D3000054EB6EB172F02D1F0BCF7F7A5B86FF0C0
:109D40008B00F0BC704700BF0100800070B4054E6E
:109D5000B04202D070BC00F057BC6FF0850070BC00
:109D6000704700BF05000002074B10B5994204463A
:109D700006D0083000F008FC08B91C23236010BD91
:109D80006FF08500FBE700BF050000022DE9F74FEB
:109D90000C9CDDE90D5601944468DDE90F7C240A32
:109DA000DDE911E8DDE9139A03D0DFF830B05C4556
:109DB0000ED1019CCDE9139ACDE911E8CDE90F7CD4
:109DC000CDE90D560C9403B0BDE8F04F00F0E6B9B4
:109DD0006FF0860003B0BDE8F08F00BF0100800087
:109DE0002DE9F74F0C9CDDE90D5601944468DDE93F
:109DF0000F7C240ADDE911E8DDE9139A03D0DFF8CE
:109E000030B05C450ED1019CCDE9139ACDE911E843
:109E1000CDE90F7CCDE90D560C9403B0BDE8F04FB1
:109E200000F014BA6FF0860003B0BDE8F08F00BFF9
:109E30000100800037B504464868000A02D0084D8A
:109E4000A8420AD10698009004F1180006F0A5FD7A
:109E500008B91C23236003B030BD6FF08600FAE719
:109E60000100800037B504464868000A02D0084D5A
:109E7000A8420AD10698009004F1180006F097FD58
:109E800008B91C23236003B030BD6FF08600FAE7E9
:109E9000010080002DE9F043DFF84890DDB244680E
:109EA00045F000754D45DDF82C804FEA1424DDE9BE
:109EB0000767DDE909CE0CD014B1094DAC420CD1D5
:109EC000CDE90AE8CDE9087C0796BDE8F04300F04B
:109ED0003FBB6FF08500BDE8F0836FF08600FAE7C6
:109EE0000100800005000002F7B5089E0E4FF5B294
:109EF000044645F000754868BD424FEA10200DD079
:109F000010B10A4DA8420CD1009604F1080000F0EF
:109F1000FDFA08B91C23236003B0F0BD6FF0850083
:109F2000FAE76FF08600F7E7050000020100800005
:109F3000F7B5089E0E4FF5B2044645F00075486827
:109F4000BD424FEA10200DD010B10A4DA8420CD1ED
:109F5000009604F1080006F087FE08B91C23236070
:109F600003B0F0BD6FF08500FAE76FF08600F7E709
:109F7000050000020100800043681B0A07D0054A63
:109F800093420CBF6FF085006FF0860070476FF052
:109F90008500704701008000F0B50546084685B091
:109FA0000A9EB0F5105F114626F47E171A46C6F3D6
:109FB00005461FD123F00803102B01D0202A16D10B
:109FC0000E4B9F4216D1002428462346CDE9024479
:109FD000CDE9004403F0B6FC20469DF82C30C5F8CE
:109FE000387185F83C3185F83E6105B0F0BD6FF001
:109FF0008600FAE76FF08500F7E700BF0001400533
:10A0000030B50B46D0F838510E4985B08D4213D18A
:10A01000D11F062913D8D0F830110391D0F834118C
:10A02000029190F83E11CDE900210022114603F083
:10A0300089FC002005B030BD6FF08500FAE76FF0B5
:10A040008600F7E70001400570B50B4BD0F838618A
:10A0500004469E4215460CD103F090FC94F83D3125
:10A060000BB9002070BDD4F830315B1BC4F830311F
:10A07000F7E76FF08500F5E70001400570B50E4683
:10A080001946049B0446934215461DD3059B1A604E
:10A09000D0F838210F4B9A4219D190F83C3143B196
:10A0A0002B46324603F05AFD94F83D3133B9002077
:10A0B00070BD2B46324603F065FCF5E7D4F8343129
:10A0C0005B1BC4F83431F2E76FF08900F0E76FF002
:10A0D0008500EDE70001400538B5059990F83E216F
:10A0E00005468A421DD890F83D1129B1D0F83411A7
:10A0F000D1B9D0F83011B9B900241C60069BD5F84D
:10A1000038111A600B4B994211D12846049903F07B
:10A1100015FE4FF4A0722146284605F05DF8204652
:10A1200038BD6FF08900FBE76FF08600F8E76FF04D
:10A130008500F5E70001400538B5059990F83E2106
:10A1400005468A4203D06FF09404204638BD90F84B
:10A150003D1129B1D0F83411B9B9D0F83011A1B9F5
:10A1600000211960D5F838110B4B994210D12846BF
:10A17000049903F015FE04460028E4D101464FF48B
:10A18000A072284605F028F8DFE76FF08604DCE7C8
:10A190006FF08504D9E700BF000140052DE9F043C9
:10A1A000C3F30544D1B0DDE95D5714EB050E8946D4
:10A1B000DDF864C15B9E4FEA134802D25F998E4579
:10A1C00002D96FF0890036E000886099B0F5105F21
:10A1D000C1F800E032D122F00800102801D0202A76
:10A1E0002FD1194823F47E13834227D1231F0C2B30
:10A1F00027D818F0010F24D1ACF10703062B20D883
:10A200004946CDE90256CDE900C4589B05A803F0A4
:10A2100099FB26B132465A9905A803F0AFFB2B46AD
:10A2200039465C9A05A803F0ADFB05A822467919CA
:10A2300003F084FD002051B0BDE8F0836FF085008D
:10A24000F9E76FF08600F6E7000140052DE9F043DD
:10A25000D1B0DDF874E1C3F3054575458946DDE904
:10A260005B67DDF864C14FEA1348AEEB050404D91F
:10A270006FF0860051B0BDE8F0835F998C4239D809
:10A2800000886099B0F5105F0C6036D122F00800AC
:10A29000102801D0202AEBD1194823F47E138342E1
:10A2A0002BD12B1F0C2BE3D818F0010FE0D1ACF110
:10A2B0000703062BDCD84946CDE90246CDE900C5A7
:10A2C000589B05A803F03EFB26B132465A9905A8D3
:10A2D00003F054FB23463A465E9905A803F03EFC82
:10A2E0002A46391905A803F05BFD002818BF6FF056
:10A2F0009400BFE76FF08900BCE76FF08500B9E715
:10A300000001400510B5CAB21C4C42F00073A342D4
:10A3100028D003F17E43043B112B1AD8DFE803F069
:10A3200009091919241C1E20241C1919241C1E207B
:10A330001920142380F8C7324FF48853A0F8C43290
:10A340000F4B21F0FF0142F060729942C0F8C02229
:10A350000CD06FF0850010BD2023EBE73023E9E738
:10A360004023E7E71023E5E71C23E3E7012380F818
:10A37000D832C0F8D0320020EDE700BF0300000261
:10A3800000010008F7B51E4640F202239942054637
:10A3900017460CD040F2032399423BD040F2011300
:10A3A000994215D06FF08604204603B0F0BD0EB977
:10A3B0000024F9E790F8D832013B012BF8D8324657
:10A3C000394606F00DFB044600BBA5F8C862EFE76E
:10A3D000B0F8C83293B132463946284606F04EFAF4
:10A3E000044698B9284695F8C72201AB05F52071B7
:10A3F00006F04DFA04460028DAD007E090F8C722AC
:10A400000C4906F0EDFA04460028E4D0284606F090
:10A4100055FAC9E7B6F5807F08D83246394600F5C7
:10A42000C07004F0B4FEA5F8CA62C1E76FF08C04F6
:10A43000BAE700BFF21101002DE9F743DDB2304B5E
:10A4400045F000759D4204460F46914643D005F104
:10A450007E43043B112B42D82A4A0F2B12F803806B
:10A460003FD8294AD65C4E4519D229462046FFF7E7
:10A470007BFC68BB4A463946204606F099F938BB52
:10A4800004F5867742463946204601AB06F099F935
:10A49000F0B90146E822204604F09EFEC146294656
:10A4A0002046FFF761FC98B904F20B1207EB090193
:10A4B000B94218D1362304F58671B1451AD3324614
:10A4C000204606F075F918B9C4F8E85084F84C61D4
:10A4D00003B0BDE8F0834FF010084026C3E74FF00B
:10A4E00000080026BFE717F8013B83F0360302F8A7
:10A4F000013FDDE701F8093009F10109DDE700BF9F
:10A500000300000222120100121201002DE9F041A5
:10A51000069F15460D4A04463A40B2F1607F1E463A
:10A520000FD14FF4A872002104F056FE012384F8E5
:10A53000503132463B4629462046BDE8F041FFF700
:10A540007BBF6FF08500BDE8F08100BF0000C07FD9
:10A55000084611461A46F0B40A4CDDF820C01440F3
:10A56000B4F1607FDDE90435DDE9066706D1CDE9A8
:10A57000067CCDE90456F0BC06F04DBB6FF08500BB
:10A58000F0BC70470000C07F38B5074B05469942C4
:10A590000C4605D103F0D4FC0020C5F8D84038BDE6
:10A5A0006FF08500FBE700BF0900000210B5064B05
:10A5B000D0F8D8409C4203D103F0ECFC002010BD41
:10A5C0006FF08500FBE700BF0900000270B51D4673
:10A5D000D0F8D8600B4B04469E420CD11F2A0DD9EF
:10A5E00003F0AEFD2023E022002120462B6004F082
:10A5F000F3FD002070BD6FF08500FBE76FF0890070
:10A60000F8E700BF0900000210B50A4CA0420AD1C9
:10A6100002981F280AD9184603F062FE2022002063
:10A62000039B1A6010BD6FF08500FBE76FF0890097
:10A63000F8E700BF090000022DE9F04F0125214B8A
:10A640008DB0D3F80090D9F80830D9F800409D407B
:10A65000013D3CB1A04728B121461B4804F046FE0D
:10A66000FDF752FE4FF0010A4FF000412846FDF77A
:10A670001BFE0026044609F10C07002CF4D0D9F883
:10A680000830B34202D8FDF73FFEEDE70AFA06F8BC
:10A6900014EA080F12D03B680BB9FDF735FE694686
:10A6A0004046FDF709FE3B686846DDF804B0984770
:10A6B00001465846FDF720FE24EA08040136043717
:10A6C000DBE700BF000C00203412010010B5024C83
:10A6D000A446FCF747FE10BDA57A000010B5024C59
:10A6E000A446FCF73FFE10BDAB7A000010B5024C4B
:10A6F000A446FCF737FE10BD517A000010B5024C9D
:10A70000A446FCF72FFE10BDDD6F000010B5024C13
:10A71000A446FCF727FE10BD1970000010B5024CCE
:10A72000A446FCF71FFE10BD7572000010B5024C68
:10A73000A446FCF717FE10BDD77A000010B5024CF6
:10A74000A446FCF70FFE10BDE972000010B5024CE4
:10A75000A446FCF707FE10BD3179000010B5024C8D
:10A76000A446FCF7FFFD10BDD579000010B5024CE2
:10A77000A446FCF7F7FD10BDF178000010B594B0C9
:10A7800004463C22002105A804F026FD4FF4017385
:10A79000ADF8383004AB002102934023CDE900111D
:10A7A000039302AA01230348049406F0D0FA14B0DC
:10A7B00010BD00BF000100402DE9F0439BB0804672
:10A7C000DDE922690F461446002138220CA81D46F7
:10A7D00004F002FD4FF4C063CDE90A87ADF85030B4
:10A7E0003EB9B9F1000F04D06FF086001BB0BDE890
:10A7F000F083249B102D0693259BCDF82490CDE962
:10A800000736269B0293279B0393EDD834B122464B
:10A810000DF13B0361198A4215D113950AAB0493DC
:10A82000402305930123002E019302AB009304AA59
:10A830000CBF022303230021054806F088FA289B59
:10A84000039A1A60D2E712F8010B03F8010FE2E74E
:10A85000000100402DE9F0439BB08046DDE922690C
:10A860000F461446002138220CA81D4604F0B4FC03
:10A8700040F20163CDE90A87ADF850303EB9B9F135
:10A88000000F04D06FF086001BB0BDE8F083249B5E
:10A89000102D0693259BCDF82490CDE90736269BF5
:10A8A0000293279B0393EDD834B122460DF13B036D
:10A8B00061198A4215D113950AAB0493402305937D
:10A8C0000123002E019302AB009304AA0CBF0223C4
:10A8D00003230021054806F03AFA289B039A1A60E0
:10A8E000D2E712F8010B03F8010FE2E70001004084
:10A8F00070B5054694B00C46164600213C2205A8CA
:10A9000004F06AFC2B680021069340F60513ADF8AD
:10A91000383004AB02934023CDE90011039302AA1F
:10A92000012304480496ADF83A4006F010FA14B03A
:10A9300070BD00BF0001004030B5402597B004460F
:10A9400006AB2A460021184604F046FC0423226880
:10A950000593089240F60A120123ADF8402004AA9C
:10A96000CDE9020500920021019302AA0248049455
:10A9700006F0EDF917B030BD0001004070B540267B
:10A9800096B0044606AB0D4632460021184604F048
:10A9900023FC042322680593089240F60112012348
:10A9A000ADF8402004AACDE90206009200210193EF
:10A9B00002AA03480795049406F0C9F916B070BDC1
:10A9C000000100402DE9F0414FF04008074696B0E5
:10A9D0001C4606AB0E46154600214246184604F0BA
:10A9E000FBFB3A680021089240F60412CDE9020808
:10A9F000ADF840200223CDE9001102AA0448CDE9B8
:10AA00000454ADF8426006F0A2F916B0BDE8F0813A
:10AA100000010040F0B5402799B008AB05460E464E
:10AA2000144600213A46184604F0D6FB1C2307932F
:10AA300004233268039301230A9240F6091201931A
:10AA400002ABCDE90407ADF84820009300210223B2
:10AA500004AA03480695029406F079F919B0F0BDEE
:10AA60000001004000B58BB0CDE9020102A90491BC
:10AA70000821CDE905130CAB0893042309930023A7
:10AA80000792CDE9003340F2E931032304AA0348D9
:10AA900006F05DF90BB05DF804FB00BF0201004059
:10AAA00010B58CB0CDE9020102A9089108210991E5
:10AAB00005A90A9104210F9C0B910E990592CDE9ED
:10AAC000061374B10123019306AB009340F2EA31FF
:10AAD0000223054808AA06F03AF9079B23600CB048
:10AAE00010BD6FF08600FAE70201004010B58CB08F
:10AAF000CDE902010021CDE909110B9102A90591CF
:10AB0000082109ABCDE906130C23144608938AB13A
:10AB1000012307AA0193009240F2EB31074805AAEE
:10AB200006F015F9099B23600A9B63600B9BA360E9
:10AB30000CB010BD6FF08600FAE700BF02010040C4
:10AB40007FB502AB0493082305930023CDE90201EE
:10AB5000CDE900334FF47B71012304AA024806F0CB
:10AB6000F6F807B05DF804FB020100407FB503ABC7
:10AB700004930423059300230390CDE9003340F2AE
:10AB8000F331012304AA044806F0E1F80028B8BF15
:10AB9000012007B05DF804FB0501004000B589B055
:10ABA00003AB04930423CDE90532012306AA0390E5
:10ABB0000791009240F2F231019304AA044806F092
:10ABC000C6F80028B8BF012009B05DF804FB00BF3B
:10ABD0000501004010B50C4C236813B10B4B1B68EA
:10ABE0002BB900F09FFF30B90122084B1A600123F6
:10ABF0002360002010BD0138062801D9044810BD8B
:10AC0000044B53F8200010BD50B100204CB100207F
:10AC1000FE8FFFFF840E0100144B2DE9F043002846
:10AC200014BF04461C46124F236883B0BB4219D0A0
:10AC300016460D4620464FF4E07104F1040900F079
:10AC400061F804F58E78484600F0DAFD404600F0E1
:10AC5000E5FB2B464A4640460649009600F00EFCAE
:10AC600008B92760002003B0BDE8F08354B100208C
:10AC7000A5BCC95ABDB80000094B10B5002814BFC7
:10AC800004461C4604F58E7000F0DEFB201D00F02B
:10AC9000F9FD20464FF4E07100F034F8002010BDBB
:10ACA00054B1002070B50D4C1D46002814BF064657
:10ACB00026460B4B306882B098420DD106F58E7057
:10ACC000002633460096144600F026FC002818BFE4
:10ACD00034462C6002B070BD0248FBE754B100203E
:10ACE000A5BCC95AE88FFFFF00F016B800F06CB998
:10ACF00038B131B1002201440346013081421A705B
:10AD0000FAD1704738B131B1002201440346013015
:10AD100088421A70FAD170477F2872D8F0B50126A0
:10AD20003B4D4FEAC00E441C0EF57F0CC5F80045A4
:10AD30000CF5044CC5F8046572B6DCF80040BFF3AE
:10AD40004F8F62B6013454D1D5F80844E407FBD5DF
:10AD500072B6CCF80010BFF34F8F62B672B6DCF853
:10AD60000040BFF34F8F62B6A14240D1294EC3EBE2
:10AD70000010064426481C1F0C33351954F8047F74
:10AD800072B62968BFF34F8F62B6013131D1D0F866
:10AD90000814C907FBD572B62F60BFF34F8F62B698
:10ADA00072B62968BFF34F8F62B68F421FD19C42A3
:10ADB000E3D11948704472B60368BFF34F8F62B68F
:10ADC000013316D11249D1F80834DB07FBD572B62E
:10ADD0000260BFF34F8F62B672B60368BFF34F8F46
:10ADE00062B69A4211D1D1F80C34012B0BD00B482A
:10ADF00000E00B480022064BC3F80425C3F80025E9
:10AE0000F0BD084870470020F4E70748F2E700BFAC
:10AE1000009003500488FF000484FF00E38FFFFFCD
:10AE2000E58FFFFFE68FFFFFE28FFFFF7F280CD843
:10AE300049B1032901D00648704706497F280CBF55
:10AE4000084600207047084670470248704700BF18
:10AE50000300F7000100F7001A4A431C4FEAC00C38
:10AE600070B4C2F800350CF57F0303F5044372B6E5
:10AE70001D68BFF34F8F62B60024134BC2F8004524
:10AE80009D421CD0A1B1114D861C6544C2F80065DD
:10AE900072B62D68BFF34F8F62B69D42C2F800456F
:10AEA0000DD07F280BD8032907D070BC0848704705
:10AEB0007F2804D870BC002070477F28FAD170BC6E
:10AEC0000448704700900350501A84500884FF00D3
:10AED0000300F7000100F700C1B90D4AC30003F5F4
:10AEE0007F03013010B403F50443C2F8000572B6C5
:10AEF0001C68BFF34F8F62B6064B0748C2F80015B7
:10AF00009C4208BF00205DF8044B7047034870471F
:10AF100000900350501A84500100F7000300F7001E
:10AF200000200122024BC3F8380AC3F87824704786
:10AF30000010845009B11D48704730B401241C4BE7
:10AF40001C4DC20002F57F022044C5F8004502F501
:10AF50000442C3F80811C3F80011C3F80411C3F880
:10AF6000000572B61168BFF34F8F62B6124A914264
:10AF700019D11C6000E0A0B9D3F80021D3F8081162
:10AF8000D3F804010A43F6D049B90C4B002818BF86
:10AF900018460022064BC3F8002530BC704708480D
:10AFA000F7E70648F5E70748F3E700BF0C00F100B4
:10AFB0000090035000008450001484500200F700F9
:10AFC0000100F7000600F70070B584B00B9D099CE6
:10AFD000B5F57F6F0CD803F1FF3CBCF13F0F2BD8C8
:10AFE00052B31CB1089E3EB3402C25D8802903D013
:10AFF0006FF0010004B070BD7F2817D803950A9D3B
:10B000000021CDE90145089C0094FCF7F9FF0028D8
:10B01000F0D00B4B9842EBD00133984209D0023B61
:10B02000984203D06FF0050004B070BD4FF0FF30C0
:10B03000E0E76FF00400DDE76FF00200DAE700BF41
:10B040000D00F1002DE9F04FB2F5C07FB5B000F270
:10B05000D680DFF8B49114460D464FF4D07200212B
:10B060000DF15C080746484604F0B6F8404601F08A
:10B070009BFE0023A9F810302023294609F118056A
:10B08000224689F81730284663BAA9F8123004F02E
:10B090007EF880225B4B4046079303F1043308930C
:10B0A00003F1043309932A5503F1043307A90A93E2
:10B0B00001F090FE824600287ED10FAD04F1190305
:10B0C0002C460BAE029303970196049510220021A3
:10B0D000019804F081F8DFF834B1DDF808A0059498
:10B0E0000E9B5BF8044C5BF80C7C0B995BF8100C26
:10B0F0005BF8085C5C40019BDDE90C627E405540DA
:10B1000081EA00071A4601214046CDE90B76CDE9D8
:10B110000D5401F079FEBAF1100F94BFAAEB0A0AA0
:10B12000AAF1100A0BF1100B002863D1BAF1000F3D
:10B13000D6D1059C10222046019904F028F899F8F0
:10B14000033010340133A04589F80330BED1049D8B
:10B15000802229464046039F019E01F03BFE824625
:10B1600060BB3C4607F1200913AB1A46012140465B
:10B1700001F04AFE824608BB1022204613A914445F
:10B1800004F005F84C45EFD1404601F01DFE4FF4A8
:10B19000D0711D48FFF7B6FD28462021FFF7B2FD0C
:10B1A00007A81021FFF7AEFD30461021FFF7AAFDDA
:10B1B000504635B0BDE8F08F0FAD0BAE404601F004
:10B1C00003FE4FF4D0711048FFF79CFD2846202164
:10B1D000FFF798FD102107A8FFF794FD10213046D6
:10B1E000FFF790FD20213846FFF78CFD504635B023
:10B1F000BDE8F08F8246039F019E049DDEE76FF05D
:10B20000370AF3E70001020314B3002024B300203F
:10B210002DE9F04188B004460D4620220021684601
:10B220006F4603F0D9FF04F12006E27B0132D2B26F
:10B23000E273002A4DD1A27B0132D2B2A273002A5E
:10B2400047D1637B0133DBB26373002B41D1237B96
:10B250000133DBB22373002B3BD1E37A0133DBB242
:10B26000E372002B35D1A37A0133DBB2A372002B3A
:10B270002FD1637A0133DBB2637253BB237A01337C
:10B28000DBB223722BBBE3790133DBB2E37103BB87
:10B29000A3790133DBB2A371DBB963790133DBB28C
:10B2A0006371B3B923790133DBB223718BB9E378CE
:10B2B0000133DBB2E37063B9A3780133DBB2A3706F
:10B2C0003BB963780133DBB2637013B92378013380
:10B2D00023703B4622460121304601F095FD804611
:10B2E00050BB103708AB9F429FD1029AAB68039FB7
:10B2F000534002933046EE6807997E400396049FC0
:10B300002E69009B7E4004966E69059F80227E40D8
:10B310000596069FAE697E400696EE6971400791DC
:10B3200029684B40009301996B684B406946019333
:10B3300001F050FD804638B168462021FFF7E2FC5D
:10B34000404608B0BDE8F081102220460DEB020116
:10B3500003F01DFFF0E700BF2DE9F8431D468369A8
:10B36000B3F5C07F52D81646C3F5C072AA424DD37A
:10B37000C5F5C072D31AB34248D30446DFF898909B
:10B380004FF4C0720F464846002103F025FF49469E
:10B39000D4F89430A269D4F898009847002838D19E
:10B3A000D4F818803DB1D4E925302A4609EB0801CC
:10B3B000984770BBA84407B1C6B91749424608462A
:10B3C000FFF740FE054638B14FF4C0711248FFF751
:10B3D00099FC2846BDE8F88320460F49FFF718FF7F
:10B3E00005460028F0D101232361EDE739463246B6
:10B3F00009EB080003F0CBFE0749B044424608467B
:10B40000FFF720FE05460028DED1E5E76FF037059F
:10B41000DFE76FF03305DCE7B4B4002010B5A422F9
:10B420000021044603F0D8FE4FF0FF314FF6F072D2
:10B43000044B2161E26104F19C001B68BDE81040EF
:10B44000184700BFF49F0020A0B110B504460A4B76
:10B450009C301B68984704F1200001F0B5FCA42142
:10B460002046FFF74FFC4FF6F0724FF0FF33E261DA
:10B47000236110BD704700BFF09F00202DE9F0430D
:10B48000054685B00F4616460021102268469946AB
:10B4900003F0A2FE1E4B05F19C0840461B6898472E
:10B4A00020B10446204605B0BDE8F08305F1200434
:10B4B000204601F079FCAA69C5E92576EAB920237E
:10B4C0002E69AB61002E20DB20466946802201F008
:10B4D00081FC044630B93346494628460C9AFFF7AA
:10B4E0003BFF04460B4B40461B689847002818BF9B
:10B4F0000446204605B0BDE8F0832E69002EE3DA4D
:10B50000172A02D801325608DEE70026DCE700BF22
:10B51000EC9F0020E89F00202DE9F04FB2F5806FEE
:10B520008DB0169F00F2E380B7F5807F00F2DC80DB
:10B53000044615460E462022002104A8984603F032
:10B540004BFE6C4B04F19C0948461B6898478346A8
:10B55000002840F092802269E3699A4200F39180CA
:10B560006369002B40F08D80002F40F0A980DFF848
:10B5700088A16F46002D00F098806F4604F12008E6
:10B580000EE0102DAB4628BF4FF0100B3046394669
:10B590005A4603F0FCFDB5EB0B055E4400F08580D8
:10B5A000E37B0133DBB2E373002B4DD1A37B01338B
:10B5B000DBB2A373002B47D1637B0133DBB2637330
:10B5C000002B41D1237B0133DBB22373002B3BD112
:10B5D000E37A0133DBB2E372002B35D1A37A013376
:10B5E000DBB2A372002B2FD1637A0133DBB263721B
:10B5F00053BB237A0133DBB223722BBBE3790133D4
:10B60000DBB2E37103BBA3790133DBB2A371DBB916
:10B6100063790133DBB26371B3B923790133DBB2F0
:10B6200023718BB9E3780133DBB2E37063B9A3789C
:10B630000133DBB2A3703BB963780133DBB26370D3
:10B6400013B92378013323703B462246012140463B
:10B6500001F0DAFB8346002893D0DAF80030484640
:10B6600098470346202104A8002B18BF9B46FFF7EC
:10B6700049FB10213846FFF745FB58460DB0BDE8A1
:10B68000F08F3A46414600232046FFF765FEDFF87B
:10B6900068A000283FF46DAF4846DAF800309847BC
:10B6A000834600283FF465AFE7E7204604A9FFF78B
:10B6B000AFFD83460028D0D1236901332361CCE755
:10B6C0003A46414604A8FFF7BDFC834618B16F46D1
:10B6D000DFF824A0C1E7204604A9FFF799FD8346BF
:10B6E00000283FF444AFF2E76FF0370BC5E76FF087
:10B6F000350BC2E7EC9F0020E89F00202DE9F043C6
:10B70000202B1D460646884691468BB026D8DBB2D4
:10B7100002AF8DF80480B04658F8041B8DF8053050
:10B7200021B9404601F0B2FB044640B90123022290
:10B730004046336001A901F0BDFB044638B13846EC
:10B740002021FFF7DFFA20460BB0BDE8F0832A4640
:10B750004946404601F0AEFB0446F0E702AF194609
:10B76000104600233A4601F02BFD04460028E6D19E
:10B770002023B9461D46CCE72DE9F041D0F8F8303A
:10B78000A6B0002BD8BF02AE31DD05460027D0F8A9
:10B790000C4102AEA4F101089022D5F8FC403146DC
:10B7A000D0F8000101AB0197B8FA88F8A0474FEA3A
:10B7B0005818044620B9019B53B9B8F1000F16D0B0
:10B7C00030469021FFF79EFA204626B0BDE8F08172
:10B7D000014632462846FFF791FF58B9D5F80431A3
:10B7E000019A1344C5F80431B8F1000FE8D16FF0A5
:10B7F0003C04E5E70446204626B0BDE8F08100BFE2
:10B8000070B500250446142204F588762946C0F850
:10B81000F850FC3003F0E0FC08222946304603F0E3
:10B82000DBFC144B30461B689847204640F8045B0D
:10B8300001F012FB104B30461B689847C8B9D4F88A
:10B84000F830AB420FDC03EB830204EB82022021D1
:10B85000C2F800010120C2E9421008490133C2F8D0
:10B86000FC10C4F8F830064B3046BDE870401B6849
:10B87000184770BDF49F0020EC9F0020ADCC000065
:10B88000E89F00200368013315D010B504460A4B29
:10B8900000F588701B689847201D01F0F1FA00231D
:10B8A0001421C4F8F83004F1FC00FFF72BFA4FF034
:10B8B000FF33236010BD7047F09F00202DE9F04753
:10B8C000202A88B07AD83F4B00F5887904461B6857
:10B8D00048461746884698470546F8B940F201168B
:10B8E000D4F8F830002B65D02046FFF745FF054619
:10B8F00038B9D4F8F830002B14DC013EF2D16FF0E7
:10B900003B056E4620213046FFF7FCF92E4B48469A
:10B910001B689847002818BF6FF01D05284608B01F
:10B92000BDE8F087D4E94132934203D3D4F80C2127
:10B93000012A02D0013ED7D1E1E71F2BFAD96E468A
:10B9400001462022304604F1040A03F045FC31464A
:10B95000504601F0D9FA05460028D3D1504601F0EF
:10B960008FFA504601F078FA2946504601F08EFAD7
:10B9700005460028C6D150462022314601F09AFAE9
:10B9800005460028BED1034632462021304601F04C
:10B9900017FC05460028B5D1D4F8F8303A46002BFC
:10B9A000C8BF002340463146C8BFC4F8043103F085
:10B9B000EEFBA7E76FF03F056E46A3E76FF03B0590
:10B9C000ACE700BFEC9F0020E89F00202DE9F0418C
:10B9D000002482B00A9D0194B5F57F6F40D8ED0038
:10B9E000B5F5807F1E4634BF0323042301F1FF3CDD
:10B9F000BCF13F0F0C46009332D888B3174666BBA4
:10BA0000089A6AB3099A116851B3A219134499426A
:10BA100026D3089B01462246581C00F075F9089B66
:10BA200004F102081C440023637026BB089BFF2D11
:10BA3000009503EB080017D92B029BB243EA1523AC
:10BA4000022201A9019300F05FF908F1020300202E
:10BA5000099A136002B0BDE8F0810AB1402ECFD937
:10BA6000094802B0BDE8F0810122694600F04CF9B6
:10BA700008F10103EBE7089B324603EB0800394667
:10BA800000F042F9B044D1E706000080002130B553
:10BA90008DB0282202A8019103F09EFB02A801F0BC
:10BAA000B7FB044610B120460DB030BD174D4FF026
:10BAB000FF31286800F044F9044620B1144800F032
:10BAC000DBF9012C18D0002000F06AF9D0B9114A36
:10BAD00002A901A800F0CCFC0446012000F060F9A6
:10BAE00060B9286800F034F90028DCD00A4800F07A
:10BAF000C3F920460DB030BD0524F2E7074800F039
:10BB0000BBF9EEE7064800F0B7F9E0E7D49F002064
:10BB1000A00E010034B60020F80E0100D80E01007E
:10BB2000B80E010030B583B000F05CF828B100F029
:10BB3000ABF80324204603B030BD00F077F8D8B945
:10BB400000F02EF9E0B9224CD4F828391B0EF02B66
:10BB50000AD1D4F8242A1F4B9A4231D000F044F87D
:10BB6000072400F091F8E5E7062400F03DF800F026
:10BB70008BF8204603B030BD0424204603B030BD0E
:10BB800000F032F800F080F8FFF780FF044698B923
:10BB9000114D2B68002BCDD102460146FFF73CF832
:10BBA00050B968220D4901ABFFF77CF820B9204657
:10BBB0000B4B2B6003B030BD0524204603B030BDD5
:10BBC000012000F0EDF80028DAD1C4F80C0ADBE718
:10BBD000001084500000E02054B8002058B8002025
:10BBE0005AEA5A5A0020704700207047430504D58E
:10BBF0004FF0FF32034BC3F80821024BC3F8080A89
:10BC0000704700BF00108450014BC3F8040A70470E
:10BC10000010845008B100F06BB84FF47500704705
:10BC200008B100F04FB84FF47500704710B51148D7
:10BC300000F072F800B110BD0F4800F06DF8002858
:10BC4000F9D10E4C204600F067F80028F3D10C4BD8
:10BC50000C481C6000F060F801460028EBD100F0B1
:10BC60002DF8044608B1204610BD00F07BF82046B0
:10BC7000FAE700BFE49F0020E09F0020DC9F002047
:10BC8000D49F0020D89F002008B5084800F04EF847
:10BC9000074800F04BF8074800F048F8064800F065
:10BCA00045F8BDE8084000F00BB800BFE49F002055
:10BCB000E09F0020DC9F0020D89F002000207047DC
:10BCC000704700BF024610B4084CD4F8003A134243
:10BCD000FBD021B1D4F804310B60C4F80831034B18
:10BCE0000020C3F8082A5DF8044B70470010845008
:10BCF000044AD2F8003A1842FBD0C2F8080A0020E1
:10BD0000704700BF0010845003F00BBA03F064BA10
:10BD10000A46002103F060BA08B5034B02681B68AD
:10BD200010689847002008BD14A0002008B5034BF8
:10BD300002685B6810689847002008BD14A00020C6
:10BD4000024B02689B681068184700BF14A00020CF
:10BD500008B5034B0268DB6810689847002008BDEF
:10BD600014A0002070B5094C094D2069AB689847B4
:10BD700018B1084B08485B6898470021074AEB68F0
:10BD800011602069BDE87040184700BF00A0002086
:10BD900014A00020F89F0020100F0100C0B8002060
:10BDA000F8B51A4D1A4E0446B26828699047E8B9AA
:10BDB000184F3B684CB1A3B1012B19D0013B3B603C
:10BDC0002869F36898470020F8BD43B90121124A59
:10BDD000C2F800151149D1F81029002AFBD101330E
:10BDE0003B60F368286998470020F8BD0C48F8BD0F
:10BDF0000A4AD2F81039002BFBD1074A6FF07E4077
:10BE0000C2F80035FFF700FF3B68D7E700A000202D
:10BE100014A00020C0B800200000845000108450FE
:10BE2000E98FFFFF014B1B68184700BF14A00020DB
:10BE3000014B5B68184700BF14A00020014B9B68B2
:10BE4000184700BF14A00020014BDB68184700BF53
:10BE500014A00020BFF34F8F0549064BCA6802F4B7
:10BE6000E0621343CB60BFF34F8F00BFFDE700BF1D
:10BE700000ED00E00400FA0530B44FF0FE3200257A
:10BE8000074B084C08494968C3F80024C3F8042448
:10BE9000C3F80824C3F80C24C4F8005530BC084784
:10BEA0000010845000008450F89F002010B5044614
:10BEB00050B1636813F0685F05D0064A934202D020
:10BEC00000236260236010BD034B04485B68984701
:10BED000EFE700BF2C5F5CA9F89F0020300F010046
:10BEE000C8B143680D4A934213D013F0685F0ED077
:10BEF000012350E8002F194640E8001C9CF0000F79
:10BF0000F7D1012AF5D0BFF35F8F002070470448B6
:10BF10007047044870476FF4E04070472C5F5CA99D
:10BF2000E98FFFFFEA8FFFFF034680B142680949AE
:10BF30008A420AD012F0685F05D0BFF35F8F0022FB
:10BF400010461A60704704487047044870476FF401
:10BF5000E04070472C5F5CA9E98FFFFFEA8FFFFF8D
:10BF600010B5044620B10023034A2360626010BD6F
:10BF70000248FFF781FFF6E73A00003A580F010048
:10BF80002DE9F047002878D00C46002975D01D46D1
:10BF9000002B72D007461AB1012200232A600360E9
:10BFA0002B68002B64D02946204601F023FA8046F6
:10BFB00000285FD12146286801F002FA8046002857
:10BFC00058D12B68082B6CD0042B6DD0A3F102093B
:10BFD000B9FA89F94FEA59190121354EC6F8C41149
:10BFE000C6F84011C6F8C411636AC6F83031D6F8F5
:10BFF00030219342F6D14FF0000A4FF0FF30C6F8DF
:10C000002CA1FFF7F3FD6FF01B035046C6F800317B
:10C01000FFF7FAFDC6F80C91D6F8040A40F48060E8
:10C02000FFF7F2FD0A23C6F83831089B012B29D00F
:10C030002369204AA2FB03231B09626A404602FBD4
:10C0400003F303EB43031A4ADB039B09C2F8D8311D
:10C050000123C2F82C313B682A6823F07F4343EA6E
:10C0600002633B602A6843EA02233B60BDE8F08735
:10C07000DFF844804046BDE8F087DFF84080404666
:10C08000BDE8F0874FF47F03D3F80C2C013206D0C3
:10C09000D3F80C3C074AA2FB03231B09CDE7162368
:10C0A000CBE74FF0030997E74FF0020994E700BF91
:10C0B00000108450ABAAAAAA310CF100350CF10093
:10C0C00058B34B1EB3F5047F27D230B54FF0000EA6
:10C0D000CD00744671464B0901F01F0C50F8233017
:10C0E000BCF11F0F23FA0CF306D003F0010319B9BA
:10C0F00001211C468E46EEE79C4201F1010106D06B
:10C100001C464FF0010EA942E5D1002030BD0EF1D2
:10C11000010E9645F7D1024830BD0148704700BF77
:10C12000360CF100C0B32DE9F0434C1EB4F5047F8A
:10C130001DD2E3B1DAB100252E46A8462C46CF0029
:10C1400003F1FF394FEA541C04F01F0E50F82C1075
:10C15000BEF11F0F21FA0EFC0CD00CF0010C4CB9F3
:10C160000126E04634463546ECE7964216D90C489F
:10C17000BDE8F083AB420BD0C44508BF0136A945EA
:10C18000F3D001350134BC42DCD10020BDE8F0839E
:10C190000125E0462E46F5E7014870471D46F1E7C8
:10C1A000370CF1002DE9F04F91B08346DDE91B46D5
:10C1B0000D46002E6ED10F691C6000231A990B608A
:10C1C000002A00F02F819D4B6A6AD3F83811D3F80A
:10C1D00030319A4269D10A2967D19BF8033008931C
:10C1E00004F10803079304230593954B934CA3FB99
:10C1F00007239B0803EB4303A7EB43030393069733
:10C200001A9B069E1E60002E00F0EA8001F002F9E3
:10C2100000230993BBF1000F00F0D58098464FF042
:10C22000010ADDF81C90002D00F0CD80089B002B4A
:10C230003DD0284608A901F0DDF8002839D0814B0F
:10C24000984220D0089B082B00F0E48000225B007D
:10C250000893294608AB58460092FFF791FE7A4BA7
:10C26000984200F0D38070B9DBF80020130A03F481
:10C270007F03134323F07F43CBF80030059B013B42
:10C280000593BDD10020039001F0C4F8039811B0CC
:10C29000BDE8F08F4FF47F01D1F80C0C01300CBFDA
:10C2A0004FF40477D1F80C7C86E76848EBE76648E2
:10C2B000C5E72946089801F083F80028BFD1089BFC
:10C2C000082B00F0A980042B00F0A980A3F1020341
:10C2D000B3FA83F35B090493C4F8C4A1C4F840A182
:10C2E000C4F8C4A16B6AC4F83031D4F83021934249
:10C2F000F6D100234FF0FF30C4F82C31FFF776FC65
:10C30000002318466FF01B03C4F80031FFF77CFCD4
:10C31000049B4B4FC4F80C31D4F8040A40F48060FD
:10C32000FFF772FC0A23C4F838312B6909A8A7FB70
:10C3300003236A6A1B0902FB03F303EB4303DB03DA
:10C340009B09C4F8D831C4F82CA1DBF80030089957
:10C3500023F07F420B0243EA01631343CBF8003022
:10C3600001F01EF8099B03F01A0303437FF46AAF40
:10C37000A7FB0637D4F81431B8EB970F0A93D4F81B
:10C3800018310B93D4F81C310C93D4F820310D9351
:10C39000D4F824310E93D4F828310F9301D1039BA4
:10C3A0009BB9484618220AA9183EFFF7ADFC09F1CF
:10C3B000180908F101089EB101F02CF80023099337
:10C3C000002D7FF433AF224839E748461A46F61A63
:10C3D0000AA9994408F10108FFF796FC002EEBD159
:10C3E000069F079E6A6939463046FFF769FEAA69CB
:10C3F00040B94FF4806339463046FFF793FE00287A
:10C400003FF440AF00231A9A136018E72B6A002B01
:10C410003FF439AF0F4836E7032304935CE7022368
:10C42000049359E7012229465846009608ABFFF7C6
:10C43000A7FD00283FF4D4AE25E700BF00108450CC
:10C44000ABAAAAAA020CF100310CF100300CF100E9
:10C45000350CF100320CF10030B4DDE90234029405
:10C460000024049DCDE9035430BCFFF79BBE00BF00
:10C4700030B51546012487B005AB00930022CDE905
:10C48000015404ABFFF78EFE07B030BDF0B50024B9
:10C4900083B0B0F1005F8DF8074025D38C4684440B
:10C4A000BCF1804F04461FD817461D4601220DF1EE
:10C4B000070300F0E7FE0646B0B99DF80730099A79
:10C4C0003C603B7192B14DB10246089928460DF18E
:10C4D000070300F0D7FE38B99DF807303046099AB7
:10C4E0001560137103B0F0BD4FF47506304603B00C
:10C4F000F0BD00BF002867D038B590F83C30044646
:10C50000022B17D0032B42D0002B31D03048314DB5
:10C510002A68314B1268C3F800242A685268C3F8AD
:10C5200004242A689268C3F808242A68D268C3F8E9
:10C530000C2438BD016B006CFEF78EFC254D0028E5
:10C54000E6D12A68244B1268C3F800242A6852688E
:10C55000C3F804242A689268C3F808242A68D268B9
:10C56000C3F80C24216B206CFEF7E4FC68B1CFE724
:10C570000269194BC3F800244269C3F80424826994
:10C58000C3F80824C269C3F80C24002038BD016B2D
:10C59000006CFEF7A1FC0F4D0028B9D12A680E4BA4
:10C5A0001268C3F800242A685268C3F804242A6871
:10C5B0009268C3F808242A68D268C3F80C24FEF7EE
:10C5C000AFFC0028E1D0A3E74FF47100704700BF33
:10C5D0000900F100D09F00200010845038B50446B7
:10C5E000364AD2F81039002BFBD1344AD2F87034D5
:10C5F000002BFBD1314AD2F8203D002BFBD12F4A32
:10C60000D2F8203C002BFBD12C4AD2F8383D002B2D
:10C61000FBD12A4DD5F8383C002BFBD14FF0FF3031
:10C62000FFF7E4FA636BD5F8040A23F00403032B45
:10C63000E36D39D0012B0CBF20F0800020F02000EA
:10C64000FFF7E2FA01231D4AC2F80039D2F8103987
:10C65000002BFBD1194AD2F87034002BFBD11749BB
:10C66000C2F8BC34D1F81039002BFBD1134AD2F8F0
:10C670007034002BFBD1626B002022F004010329EF
:10C6800018BFA36B4FEA820218BF03F001030B49E6
:10C6900002F01C021A43C1F8C024636B072B04BFCD
:10C6A0000123C1F87C3438BD012B0CBF20F04000C1
:10C6B00020F01000FFF7A8FAC4E700BF0010845074
:10C6C000094A0A4B11680968C3F8001411684968DF
:10C6D000C3F8041411688968C3F808141268D26892
:10C6E000C3F80C24704700BFD09F00200010845076
:10C6F0002DE9F04F85B0002900F0EC809046002A2B
:10C7000000F0E8800546002800F029819946C36DB5
:10C710000E46002B52D1B9F5805F54D295F83C30CB
:10C72000042B00F0FF8000274FF0FF31AC48FFF7EB
:10C7300007FB002840F0D5800020FFF731FB0028E0
:10C7400040F0D8800123A748C0F81038D0F810492D
:10C75000002CFBD16B6B032B3ADC002B3BDAA24C99
:10C76000A04AD2F81039002BFBD1002F40F0D18025
:10C770006B6BEA6D23F00403032B9A4BD3F8040A86
:10C7800000F09F80012A0CBF40F0800040F02000A4
:10C79000FFF73AFA0022934B0120C3F81028FFF765
:10C7A000FFFA002840F0B1808D48FFF7D1FA002849
:10C7B00040F0A480204605B0BDE8F08F012BADD13C
:10C7C000B9F5803FAAD3894C204605B0BDE8F08F6B
:10C7D000063B012BC3D8AB6B012B00F2BE80EB6D87
:10C7E000012B7CD82B6E012B00F2E8802846FFF746
:10C7F000F5FE04460028B3D12846FFF77BFE044629
:10C800000028ADD16B6B072BA9D801229A4012F0FA
:10C810008A0F40F0D58012F0440F40F0BA80D20762
:10C820009DD523F00403032B32680DD02B6ED8F86E
:10C830000010012B6B4B0BBFC3F8281DC3F8301D34
:10C84000C3F82C9DC3F8349DEB6D012B654B0BBFDA
:10C85000C3F8282CC3F8302CC3F82C9CC3F8349CA4
:10C860006B6B23F00403032B00F0A2802B6E012BD3
:10C8700014BF20208020FFF7CDF9044600287FF464
:10C880006FAF584BD3F81049002CFBD1696B0729C7
:10C8900014D801228A4012F08A0F40F0BB8012F0B7
:10C8A000440F0BD0D3F860242A60D3F864246A6064
:10C8B000D3F86824AA60D3F86C34EB600123AB652D
:10C8C0004EE7012A0CBF40F0400040F01000FFF797
:10C8D0009BF95FE7464C204605B0BDE8F08F454C1C
:10C8E0003EE74548FFF7C8FA0020FFF759FA00284D
:10C8F0003FF428AF4148FFF7BFFA23E74048FFF76E
:10C90000BBFA204605B0BDE8F08F3E48FFF7B4FA09
:10C910004AE70423202105F1100085F83C30FFF799
:10C92000F7F925E7296B286CFEF780FA98B9364F9E
:10C930002C4C3B681B68C4F800343B685B68C4F847
:10C9400004343B689B68C4F808343B68DB68C4F86F
:10C950000C34296B31B10127E6E62C4C00E74FF48B
:10C96000710427E74FF0100B2B6D05EB0B0A0193B9
:10C97000EB6CCDF808A00093286CD5E91123CDF815
:10C980000CB0FBF73DFB002851D1002385F83C306B
:10C99000E1E72A68134BC3F860246A68C3F864248B
:10C9A000AA68C3F86824EA68C3F86C246B6B38E79C
:10C9B000EB6D012B14BF102040205CE7144CCFE638
:10C9C0002A68084BC3F840246A68C3F84424AA685C
:10C9D000C3F84824EA68C3F84C246B6B21E700BF16
:10C9E000E49F0020001084500100F1000500F100D8
:10C9F0000B00F1000300F100A00E0100B80E0100D1
:10CA0000F80E0100D80E0100D09F00200200F100B6
:10CA10000400F100D3F840242A60D3F844246A606B
:10CA2000D3F84824AA60D3F84C34EB6046E73B685F
:10CA300059461B685046C4F800343B685B68C4F82C
:10CA400004343B689B68C4F808343B68DB68C4F86E
:10CA50000C34FFF75DF998E72DE9F04109B302B313
:10CA60000446002800F0AF801D46436B0E46072B9E
:10CA70001BD05DB9032B10D1836D73B945668566F4
:10CA8000C5660567102500F164030B602B4631462F
:10CA90002046BDE8F041FFF72BBE2F463846BDE8E3
:10CAA000F081764F3846BDE8F081C36D002B40F031
:10CAB0008D80B5F5805F80F090801DB9A36D002B4F
:10CAC00040F08B804FF0FF316D48FFF739F90028B7
:10CAD00040F08F800020FFF763F9002840F0858048
:10CAE0000123684AC2F81038D2F81039002BFBD164
:10CAF000636B032B4FDD063B012B4ED8A36B012B41
:10CB00006DD8E36D012B78D8236E012B77D82046A2
:10CB1000FFF764FD0746002840D12046FFF7EAFCF6
:10CB2000074600283AD1626B072A36D80123934082
:10CB300013F08A0F40F0818013F0440F6FD1DB07B0
:10CB40002BD501224F4BC3F87C24C3F8BC54316869
:10CB5000002D56D1A16D09B9C3F82425494BD3F84E
:10CB60001079002FFBD1616B072917D801228A4069
:10CB700012F08A0F6FD112F0440F0FD0D3F8602457
:10CB80002260D3F864246260D3F86824A260D3F8EA
:10CB90006C34E36002E0002BB0DA3B4F394AD2F844
:10CBA0001039002BFBD10120C2F81038FFF7F8F83C
:10CBB000B8B93348FFF7CCF800283FF46FAF3348DB
:10CBC000FFF75AF96AE74FF4710767E7012B7FF423
:10CBD00074AFB5F5803FFFF470AF2D4F5EE72D4F7A
:10CBE000DCE72D48FFF748F9E3E72C48FFF744F965
:10CBF00076E72B48FFF740F96CE72A4FCEE72A4F3C
:10CC0000CCE7E26D012A33D01020C3F8301CC3F802
:10CC1000345CFEF7FFFF074600289FD0BEE722687E
:10CC2000184BC3F860246268C3F86424A268C3F890
:10CC30006824E268C3F86C2483E72268114BC3F8C8
:10CC400040246268C3F84424A268C3F84824E26818
:10CC5000C3F84C2475E7D3F840242260D3F8442469
:10CC60006260D3F84824A260D3F84C34E36095E7BF
:10CC7000C3F8281C4020C3F82C5CCAE70B00F10065
:10CC8000E49F0020001084500100F100F80E010024
:10CC90000500F1000200F100D80E0100B80E0100FD
:10CCA000A00E01000300F1000400F100F0B587B010
:10CCB000002966D01E46002B63D01446002A60D09F
:10CCC000314F0D4638684FF0FF31FFF739F8002833
:10CCD0004DD10020FFF764F8002844D12B4800F024
:10CCE00097FAD8B101204FF0FF35FFF759F8002827
:10CCF00035D14FF408712648FDF7FAFF0421254885
:10CD0000FDF7F6FF21482821FDF7F2FF3868FFF70D
:10CD10001FF800282FD1284607B0F0BD1C4A034653
:10CD2000029205AA019204AA0390009217490246B2
:10CD30001848FFF791FB03460028D3D128461D462B
:10CD4000059B22469C4228BF1A460499326008314E
:10CD5000FEF7DAFF0120FFF723F80028C9D00E48BC
:10CD6000FFF78AF8C5E70D48FFF786F8B6E70C48E5
:10CD7000FFF782F8ADE70B48FFF77EF8284607B0CB
:10CD8000F0BD4FF0FF35C6E7D49F0020D8B8002093
:10CD900000B90020D4B80020D80E0100B80E010060
:10CDA000A00E01007C0F010010B5044630B1002236
:10CDB00001236265A265E365236610BD0148FFF7A4
:10CDC0005BF8F4E7940F010018B174220021FEF71C
:10CDD0009DBF704788B199B110B50024802A846343
:10CDE00080F83C4006D1102204631044FEF78CFF0B
:10CDF000204610BD6FF01F0010BD6FF0210070477E
:10CE00006FF01F00704700BF70B5044686B0F8B1E0
:10CE10001046EAB1E3B101291AD8A26B16D0012A53
:10CE200016D1102500210DEB0506019602AA6163BB
:10CE300029460095FFF72AFB50B92B46324620467B
:10CE400002A9FFF755FC18B906B070BD002AE8D05A
:10CE50006FF02100F8E700BF10B5044628B1204666
:10CE6000BDE81040F421FEF753BF0448FFF704F873
:10CE70002046BDE81040F421FEF74ABFA80F01008C
:10CE800010B1F421FDF734BF704700BF08B521B1E0
:10CE9000012908D06FF0360008BD012100F058F8D4
:10CEA0000028F7D108BD022100F052F80028F9D07F
:10CEB000F0E700BF30B505468818B0F5801F0B4677
:10CEC0001446A1B001D8802A0CD9B3F5801F17D918
:10CED00022461946284600F07DF8044684B92046CB
:10CEE00021B030BD6846FEF70FFF2246694628464E
:10CEF00000F070F8802104466846FEF709FFEDE770
:10CF00006FF03604EBE700BF70B5E8B10E46D9B15B
:10CF1000044600F031F80546B0B92368012B0BD068
:10CF2000022B01D0284670BD1C22304604F10801B6
:10CF3000FEF7EAFE284670BD2022304604F10801C3
:10CF4000FEF7E2FE284670BD6FF03605EAE700BF47
:10CF500078B138B50D46F0210446FEF7D9FE4023DE
:10CF600020462560E36500F061FA003818BF012013
:10CF700038BD0120704700BFF0B5056EA5B004466E
:10CF800004AEE5B9002301270193304667602946C6
:10CF900002AA0093FFF77AFA10B1012025B0F0BD84
:10CFA0002A46204602A900F069FA0028F5D1204659
:10CFB00000F07AFB0028F0D1206625B0F0BD802D6E
:10CFC0002A46304628BF802204F16401FEF79CFE09
:10CFD000256ED7E7002800F0AE802DE9F04F14460B
:10CFE000A5B0002A3DD00F46002949D0B2F5803FB8
:10CFF0000546006E20D34FF6FF7805F1640AEB6D0D
:10D000001A1AB2FBF3F103FB1122002A65D1834205
:10D01000B9464FF6FF7672D0B6FBF3FB03FB0BFB72
:10D02000BBF1000F30D1002E45D1A4F57F44FF3C69
:10D03000B4F5803F4744E2D2EA6D161AB6FBF2F32C
:10D0400002FB1366A64228BF2646002E75D18242F7
:10D0500000F08D80B4FBF2F602FB06F62EB9002C30
:10D0600079D1002025B0BDE8F08F00233146384645
:10D07000CDE9003302AAFFF709FA002800F09580F5
:10D08000012025B0BDE8F08F002359464846CDE980
:10D09000003302AAFFF7FAF90028F1D15A462846D0
:10D0A00002A900F0EBF90028EAD1A6EB0B06286EE6
:10D0B000D944002EB9D019304946324605EB8000DC
:10D0C000FEF722FEA4F57F44286EFF3C3044B4F501
:10D0D000803F4744286692D2AEE7424528BF424689
:10D0E000164639465044FEF70FFE286EEB6D30446D
:10D0F000834207EB06092866A8EB06068CD1802B35
:10D1000028BF802351461A4604A8FEF7FDFD0023E0
:10D11000E96D02AACDE9003304A8FFF7B7F90028AA
:10D12000AED12846EA6D02A900F0A8F90028A7D1DF
:10D13000EB6D286670E70120704705F164033946FE
:10D1400032461844FEF7E0FD286EEA6D3044A41B19
:10D15000374428667BE72B6E2246193305EB8300A4
:10D160003946FEF7D1FD2B6E23442B6679E7802AE2
:10D1700028BF802205F1640104A8FEF7C5FD002345
:10D18000E96D04A8CDE9003302AAFFF77FF9002872
:10D190007FF476AF2846EA6D02A900F06FF9002807
:10D1A0007FF46EAFEA6D286654E73246284602A93E
:10D1B00000F064F900287FF463AF3744A41B4EE706
:10D1C000F8B51C460546114816460F46FFF744FEC3
:10D1D00021460E48FFF75AFE044620B10B48FFF7E0
:10D1E0004FFE2046F8BD3A4629460848FFF762FE42
:10D1F00004460028F2D131460448FFF785FE044674
:10D200000248FFF73DFE2046F8BD00BF20BB0020CE
:10D210001C2370B582B001A90546019300F036F8D1
:10D22000044638B9019B1C2B07D0144C1C212846FE
:10D23000FEF76EFD204602B070BDD5E90112131E47
:10D2400018BF0123003918BF0121012628689B005F
:10D25000EA6843EA4103002818BF43F00103EE6186
:10D260002AB9C5E90834002BE4D1054CDEE7204695
:10D2700043F00803C5E9083402B070BD370CF00074
:10D280000E0CF00000201870704700BF0346002805
:10D2900066D0002964D00A681C2A61D14FF47F024D
:10D2A0003B49D2F8100C88425CD0D2F8101C0131F6
:10D2B00058D0D2F8101C4FF47F021960D2F8140C29
:10D2C0003449884260D0D2F8141C01315CD0D2F8C5
:10D2D000141C4FF47F025960D2F8181C11F5947F8A
:10D2E0004FD0D2F8181C01314BD0D2F8181C4FF493
:10D2F0007F029960D2F81C0C274988423ED0D2F8B0
:10D300001C1C01313AD0D2F81C1C4FF47F02D960AA
:10D31000D2F8001C70312FD0D2F8001C01312BD074
:10D32000D2F8001C4FF47F021961D2F8041CAF310F
:10D3300020D0D2F8041C01311CD0D2F8041C4FF4C8
:10D340007F025961D2F8080C144988420DD0D2F8F6
:10D35000081C013109D0D2F8082C00209A617047CE
:10D360000120704740F6FC01A5E740F2373200206B
:10D370009A6170475121E2E79021D3E742F6041108
:10D38000C3E740F6D861B2E742F2D001A1E700BF9F
:10D39000FCF8FFFFD020FFFF0429FFFF37F3FFFF5A
:10D3A000014608B54FF48060FEF73AFC0022034BBB
:10D3B000C3F8C821C3F82C2108BD00BF0010845059
:10D3C0000138072805D8DFE800F0100E040A04042D
:10D3D000040607487047CB6800204B6270478B6893
:10D3E00000204B6270474B68F6E70B68F4E700BF1C
:10D3F000310CF1000B6802E0082B0B6006D8026AC2
:10D4000013424FEA4303F7D00020704700487047AB
:10D41000310CF1000022044B4FF48060C3F82C2142
:10D42000C3F8C421FEF7E2BB00108450D8B108B5A0
:10D430000368012B04D0022B0FD043B10B4808BD69
:10D4400020220B490830FEF75FFC002008BD1422A3
:10D4500008490830FEF758FCF7E720220649083053
:10D46000FEF752FCF1E74FF4730070470100F30040
:10D47000B80F0100F80F0100D80F01002DE9F843A3
:10D48000002900F0F9800446002800F0F9800368C4
:10D490000F469046002B00F0C380013B012B00F2A9
:10D4A000D7804FF0FF3178484FF00209FEF748FC73
:10D4B000002840F0BF800020FEF772FC06460028DE
:10D4C00040F0C280714AD2F81C39002BFBD16F4D5D
:10D4D000D5F8203C002BFBD14FF0FF30FEF786FB48
:10D4E000D5F8040A20F04000FEF78EFB0123072246
:10D4F000C5F81838C5F80029C5F8C437A36CC5F8B5
:10D50000CC37E36CC5F8D037C5F8C09723685BB15A
:10D51000013B012B18D8636AC5F85C36236AC5F84D
:10D520005836E369C5F85436A269584BC3F85026FB
:10D530006269C3F84C262269C3F84826E268C3F83A
:10D540004426A268C3F84026504AD2F81039002B6E
:10D55000FBD1B8F1000F5FD063684020012B08BFFA
:10D56000C2F884363A68494BC3F8282CC3F82C8C8F
:10D57000FEF750FB0646454AD2F81039002BFBD186
:10D58000424AD2F8203C002BFBD123685BB1013B1F
:10D59000012B18D8D2F85C366362D2F85836236271
:10D5A000D2F85436E361394BD3F85026A261D3F850
:10D5B0004C266261D3F848262261D3F84426E26003
:10D5C000D3F84036A36000230121304AD2F8CC07BB
:10D5D000A064D2F8D007E064C2F8C417C2F8843659
:10D5E000C2F8C837D2F81039002BFBD1C2F818386E
:10D5F000002E3BD1254BD3F8040A40F04000FEF743
:10D6000003FB0120FEF7CCFB60BB1F48FEF7A0FB2D
:10D6100010BB3046BDE8F8830423C2F8C837AAE738
:10D620004FF0FF3118484FF00109FEF789FB002841
:10D630003FF441AF1648FEF71FFC0020FEF7B0FB99
:10D64000064600283FF43EAF1248FEF715FC39E7C6
:10D65000114E3046BDE8F8831048FEF70DFC304609
:10D66000BDE8F8830E48FEF707FCCEE7102104F171
:10D670000800FEF74DFBBDE70A4E3046BDE8F883D3
:10D680004FF47306C5E700BFE49F002000108450EC
:10D69000A00E0100B80E01000100F300F80E010019
:10D6A000D80E01000300F300A0B3034670B4D0E924
:10D6B0000240D3E9041226BA05BA0CBA10BAC3E97B
:10D6C0000440D3E90612986A09BAC3E9026512BA9E
:10D6D000996100BAD3E9084125BA0CBAC3E9072514
:10D6E000D3E90B12C3E9094009BAD86B12BAD9625F
:10D6F000D3E90D4125BAC3E90C250CBA00BAD3E928
:10D70000101209BA12BAC3E90E40196400205A6413
:10D7100070BC70474FF47300704700BF70B50E4D7A
:10D7200000260E4C641BA410A6420BD10C4B0BB16F
:10D73000AFF300800B4D00260B4C641BA410A642D7
:10D7400005D170BD55F8043B01369847ECE755F814
:10D75000043B01369847F2E7003A0000003A000027
:10D7600000000000003A0000003A000008B5054B38
:10D77000044613B10021AFF3008000F005F8204605
:10D7800001F0CEFC0000000038B5074D074C641BCB
:10D79000A41024B9064B0BB1AFF3008038BD013C97
:10D7A00055F824309847F4E7003A0000003A0000AA
:10D7B000000000002DE9F041904690F821710A46E2
:10D7C000C7F1100307F5887143450646014408D99F
:10D7D00043460846474401F01BFA86F82171BDE82C
:10D7E000F081084606F58874A8F11008D51847445A
:10D7F00001F00EFA32462146204696F8233101F018
:10D800004FF80F2F24D9A7F1100828F00F0808F1BE
:10D810001008A8442A4610232146204601F0F8F9B2
:10D82000103532462146204696F8233101F038F86B
:10D830004545EFD107F00F07002FCED03B464246BB
:10D840002146204601F0E4F986F82171BDE8F08117
:10D85000A846002FC1D0F1E72DE9F0431746044652
:10D8600088465FFA87F9C9F10E0585B010220021BC
:10D87000EDB2F0301E4601F0AFFC3A46414684F866
:10D88000F05004F1F10001F082FC0C9B1022C4F86E
:10D8900024310D9B09F10109C4F82831012384F8D2
:10D8A000229104F58879002184F8FF3084F8202142
:10D8B000484601F091FCD4F82831023E003B18BFE5
:10D8C0000123760845EAC60545EA8315D4F82431D4
:10D8D0003A461BBA4146C4F81C3184F8105104F290
:10D8E000111001F054FC94F8233122464946484671
:10D8F00000F0D6FFD4F82831BBB1B3F57F4F1AD36F
:10D9000006251BBACDF80630FE21FF222B468DF8E6
:10D9100005108DF804204946484601AA01F078F91F
:10D9200084F8215105B0BDE8F0831D4684F82151EB
:10D9300005B0BDE8F0830225C3F30722D9B22B4618
:10D94000E5E700BF2DE9F0470546DDE90889DDE997
:10D950000A7A1C4621B1164601F0F6F885F82361D3
:10D9600054B14B46424621462846CDF824A008979C
:10D97000BDE8F047FFF770BFBDE8F08702B9704718
:10D98000FFF718BF2DE9F8431D46D0F828310646A9
:10D99000894690463BB190F82131002B40F0CF8072
:10D9A0000023C6F828310DB9BDE8F8832A46414660
:10D9B0003046FFF7FFFE96F82071102F15D007F5BF
:10D9C0008072C7F11004AC4228BF2C46414648463D
:10D9D0002346324401F01CF92D1BA144A0442744E6
:10D9E000EBD186F82071BDE8F88396F823313246F2
:10D9F00006F1F00106F5807000F052FF96F8223132
:10DA00000F2B00F2978096F8FF200132D2B286F8F1
:10DA1000FF20002A40F08E800F2B00F08B8096F8BC
:10DA2000FE200132D2B286F8FE20002A40F0828029
:10DA30000E2B7FD096F8FD200132D2B286F8FD2061
:10DA4000002A77D10D2B75D096F8FC200132D2B286
:10DA500086F8FC20002A6DD10C2B6BD096F8FB20A9
:10DA60000132D2B286F8FB20002A63D10B2B61D0A1
:10DA700096F8FA200132D2B286F8FA20002A59D15B
:10DA80000A2B57D096F8F9200132D2B286F8F92045
:10DA9000002A4FD1092B4DD096F8F8200132D2B28E
:10DAA00086F8F820002A45D1082B43D096F8F720B5
:10DAB0000132D2B286F8F720002A3BD1072B39D0A9
:10DAC00096F8F6200132D2B286F8F62092BB062BE9
:10DAD00030D096F8F5200132D2B286F8F5204ABB54
:10DAE000052B27D096F8F4200132D2B286F8F42024
:10DAF00002BB042B1ED096F8F3200132D2B286F876
:10DB0000F320BAB9032B15D096F8F2200132D2B225
:10DB100086F8F22072B9022B0CD096F8F12001326F
:10DB2000D2B286F8F1202AB923B996F8F030013341
:10DB300086F8F03010244FF48072002743E700F598
:10DB40008871024696F82331084600F0A9FE0023AA
:10DB500086F821310023C6F8283124E72DE9F84F53
:10DB60009A46D0F8283105468B4690463BB190F84E
:10DB70002131002B40F0D3800023C5F82831BAF1C1
:10DB8000000F01D1BDE8F88FD946574695F82061BE
:10DB9000102E1AD006F58072C6F11004BC4228BFC0
:10DBA0003C464146484623462A4401F031F83F1B93
:10DBB000A144A0442644EBD185F820615246594641
:10DBC0002846BDE8F84FFFF7F5BD95F823312A4602
:10DBD00005F1F00105F5807000F062FE95F8223144
:10DBE0000F2B00F2978095F8FF200132D2B285F812
:10DBF000FF20002A40F08E800F2B00F08B8095F8DC
:10DC0000FE200132D2B285F8FE20002A40F0828048
:10DC10000E2B7FD095F8FD200132D2B285F8FD2081
:10DC2000002A77D10D2B75D095F8FC200132D2B2A5
:10DC300085F8FC20002A6DD10C2B6BD095F8FB20C9
:10DC40000132D2B285F8FB20002A63D10B2B61D0C0
:10DC500095F8FA200132D2B285F8FA20002A59D17B
:10DC60000A2B57D095F8F9200132D2B285F8F92065
:10DC7000002A4FD1092B4DD095F8F8200132D2B2AD
:10DC800085F8F820002A45D1082B43D095F8F720D5
:10DC90000132D2B285F8F720002A3BD1072B39D0C8
:10DCA00095F8F6200132D2B285F8F62092BB062B09
:10DCB00030D095F8F5200132D2B285F8F5204ABB74
:10DCC000052B27D095F8F4200132D2B285F8F42044
:10DCD00002BB042B1ED095F8F3200132D2B285F896
:10DCE000F320BAB9032B15D095F8F2200132D2B245
:10DCF00085F8F22072B9022B0CD095F8F120013290
:10DD0000D2B285F8F1202AB923B995F8F030013361
:10DD100085F8F03010244FF4807200263EE700F5BD
:10DD20008871024695F82331084600F0B9FD0023BA
:10DD300085F821310023C5F8283120E72DE9F0418D
:10DD400090F8213104460D46164600F58878DBB977
:10DD500094F8222104F5807702F1F0000021C2F14D
:10DD60001002204401F038FA2246384694F8233154
:10DD700004F1F00100F094FD33463A46414628464E
:10DD8000BDE8F04100F044BF90F82331024641461F
:10DD9000404600F085FD002384F82131D8E700BF1C
:10DDA0002DE9F04190F8213104460F46154600F563
:10DDB00088760BBB94F8222104F5807802F1F000FC
:10DDC0000021C2F11002204401F006FA224640462A
:10DDD00094F8233104F1F00100F062FD2B46424635
:10DDE0003146304600F014FF2A463146384600F0EE
:10DDF000EDFE0138BDE8F08190F82331024631464E
:10DE0000304600F04DFD002384F82131D2E700BFF9
:10DE10003F2A2DE9F041904652D905460C46A2F121
:10DE2000400626F03F064036274F0E442368403414
:10DE30001BBA2B6454F83C3C39461BBA6B6454F84B
:10DE4000383C28461BBAAB6454F8343C1BBAEB642C
:10DE500054F8303C1BBA2B6554F82C3C1BBA6B654C
:10DE600054F8283C1BBAAB6554F8243C1BBAEB654C
:10DE700054F8203C1BBA2B6654F81C3C1BBA6B664A
:10DE800054F8183C1BBAAB6654F8143C1BBAEB664A
:10DE900054F8103C1BBA2B6754F80C3C1BBA6B6748
:10DEA00054F8083C1BBAAB6754F8043C1BBAEB6748
:10DEB00000F0BAFEB442B9D108F03F00BDE8F081ED
:10DEC0001046BDE8F08100BF0C1001000A4610B5F5
:10DED00014681A4924BA0464546824BA44649468DF
:10DEE00024BA8464D46824BAC464146924BA046566
:10DEF000546924BA4465946924BA8465D46924BAFF
:10DF0000C465146A24BA0466546A24BA4466946ADE
:10DF100024BA8466D46A24BAC466146B24BA04672B
:10DF2000546B24BA4467946B24BA8467D26B12BAD8
:10DF3000C26700F079FE002010BD00BF0C10010088
:10DF40000023F0B50B490C4C0C4ADFF840E0DFF839
:10DF500040C00B4F0B4E0C4DC0E903ECC0E90576F9
:10DF6000C0E90041C5618260C0F8C030C0F8C4306B
:10DF7000F0BD00BF85AE67BB67E6096A72F36E3C11
:10DF80008C68059BABD9831F19CDE05B3AF54FA593
:10DF90007F520E512DE9F041D0E93053134407462A
:10DFA00014460E46C0F8C430E5B13F2D00F2C280E1
:10DFB000CAB105F17F01C5F1400833460144B044C0
:10DFC00000E0ACB3013313F8010C9A1B434501F890
:10DFD000010F04F1FF342A44F3D1402A00F0988065
:10DFE000154646461CB9C7F8C050BDE8F081224628
:10DFF00031463846FFF70CFF221A0546B3180028B1
:10E00000F1D0411E052906D90132324407F18001C1
:10E010008A1A022A13D8264407F17F0213F8011B3B
:10E020009E4202F8011FF9D1C7F8C050BDE8F08147
:10E03000402A78D01546C7F8C050BDE8F08119686D
:10E040008208012AC7F8801077D05968022AC7F8D9
:10E05000841043D09968032AC7F888103ED0D96845
:10E06000042AC7F88C1039D01969052AC7F890100E
:10E0700034D05969062AC7F894102FD09969072A15
:10E08000C7F898102AD0D969082AC7F89C1025D05B
:10E09000196A092AC7F8A01020D0596A0A2AC7F8B5
:10E0A000A4101BD0996A0B2AC7F8A81016D0D96AF9
:10E0B0000C2AC7F8AC1011D0196B0D2AC7F8B01094
:10E0C0000CD0596B0E2AC7F8B41007D0996B0F2AE1
:10E0D000C7F8B81002D0DA6BC7F8BC20AA0782D004
:10E0E00025F0030213441878B91881F88000511CF8
:10E0F0008D427FF678AF587802323944954281F8E4
:10E1000080007FF670AF9B783A4482F880306AE7EF
:10E11000384607F18001FFF7D9FE46460546002C38
:10E120003FF461AF63E7384607F18001FFF7CEFEA9
:10E13000054658E72A4688464FE704221344D2E7AB
:10E14000F8B580260446D0F8C0300D46C218581CD9
:10E15000382882F88060264432D93F282AD8002205
:10E1600020443E2B80F8802003F1020122D021447C
:10E170003D2B81F8802003F103011BD021443C2B6F
:10E1800081F8802003F1040114D021443B2B81F855
:10E19000802003F105010DD021443A2B81F8802025
:10E1A00003F1060106D02144382B81F8802001D1EB
:10E1B00084F8BF2031462046FFF788FE3A285BD816
:10E1C000421C3B2AC0F13A01C0F13B0388BF012346
:10E1D000022941D900219A0800F1800E012A04EB9E
:10E1E0000E0C44F80E1031D0022ACCF804102DD0B9
:10E1F000032ACCF8081029D0042ACCF80C1025D01A
:10E20000052ACCF8101021D0062ACCF814101DD005
:10E21000072ACCF8181019D0082ACCF81C1015D0F1
:10E22000092ACCF8201011D00A2ACCF824100DD0DD
:10E230000B2ACCF8281009D00C2ACCF82C1005D0C9
:10E240000E2ACCF8301008BFCCF8341023F00302AB
:10E250009B07104410D0421C002321183B2A81F850
:10E26000803009D02244392882F8803000F102023F
:10E2700002D0224482F880300022D4F8C4303146E3
:10E280005F0F4FEA535E67F307024FEA533C6EF3AA
:10E290000F225E096CF31742DB0066F31F6284F8FD
:10E2A000BF302046C4F8BB20FFF710FE23681BBA1E
:10E2B0002B6063681BBA6B60A3681BBAAB60E36832
:10E2C0001BBAEB6023691BBA2B6163691BBA6B61D4
:10E2D000A3691BBAAB61E3691BBAEB61F8BD00BF70
:10E2E0002DE9F0410027B54CB54BB2B0CDE9004364
:10E2F000B44BB54E0293B54B1446CDE90363B44B12
:10E3000005460593B34B3097069303F17453A3F579
:10E310002303A3F6924331920793002A40F08480AE
:10E3200080224FF03A0C01236E460DEB02078DF868
:10E33000802000204FEA9C0203F1800E012A06EBA8
:10E340000E0146F80E0024D0022A486021D0032A8C
:10E3500088601ED0042AC8601BD0052A086118D026
:10E36000062A486115D0072A886112D0082AC86198
:10E370000FD0092A08620CD00A2A486209D00B2A59
:10E38000886206D00C2AC86203D00E2A086308BF30
:10E3900048631CF0030F16D02CF0030C63440021DB
:10E3A00003F1C8026A443A2B02F8481C0BD003F16F
:10E3B000C9026A44392B02F8481C04D0CA330DEB59
:10E3C000030202F8481C0023620F62F30703620D88
:10E3D00062F30F23620B62F317436209394662F35B
:10E3E0001F633046E400CDF8BB308DF8BF40FFF727
:10E3F0006DFDDDE90001DDE9022306BA14BA18BAA1
:10E4000009BADDE9042312BA69602A6119BADDE9A3
:10E41000062312BA1BBA2E60AC60E8606961AA617B
:10E42000EB6132B0BDE8F0816E4630468846FFF7BA
:10E43000EFFC241A08EB0403002800F0F580421ECC
:10E44000022A53D958F8042020928208012A00F0A9
:10E45000E6805968022A219100F0BE809968032A5B
:10E46000229100F0E780D968042A239100F0E78028
:10E470001969052A249100F0E7805969062A259137
:10E4800000F0E7809969072A269100F0E780D969B2
:10E49000082A279100F0E780196A092A289100F0DC
:10E4A000ED80596A0A2A299100F0B180996A0B2AF5
:10E4B0002A9100F0F480D96A0C2A2B9100F0038194
:10E4C000196B0D2A2C9100F00981596B0E2A2D91A0
:10E4D00006D00F2A996B18BFDA6B2E9118BF2F92B6
:10E4E00020F0030782073B4400F0DE80197807F133
:10E4F000C8026A4402F8481C7A1C90420FD9591C81
:10E500000978C83202376A44B84202F8481C06D972
:10E510009B7807F1C8020DEB020707F8483C802101
:10E52000431C00F1C8026A44382B309002F8481CA2
:10E530006AD93F2B2CD80022C8336B443E2803F8FD
:10E54000482C25D000F1CA030DEB03013D2801F84A
:10E55000482C1DD000F1CB036B443C2803F8482C19
:10E5600016D000F1CC036B443B2803F8482C0FD0A5
:10E5700000F1CD036B443A2803F8482C08D000F191
:10E58000CE036B44382803F8482C01D18DF8BF2006
:10E5900020AF39463046FFF799FC3A2803463CD86D
:10E5A000319CC3F13A02022A7FF6F9AE5A1C3B2A8B
:10E5B000C3F13B0C88BF4FF0010CBAE667E6096A6D
:10E5C00085AE67BB72F36E3C3AF54FA57F520E5194
:10E5D0008C68059BABD9831F082854D008273B447F
:10E5E00019467A1C11F801CB07F1C8046C4490421B
:10E5F00004F848CC84D8802100F1C8030DEB030255
:10E600003090431C02F8481C319C20AFC9E72828F1
:10E6100000F0888028273B44E2E7319CD3E60428B9
:10E6200026D004273B44DBE78022012330908DF87D
:10E630008020E9E70C282CD00C273B44D0E7102899
:10E640003BD010273B44CBE7142841D014273B4450
:10E65000C6E7182847D018273B44C1E71C2849D0F3
:10E660001C273B44BCE7202850D020273B44B7E779
:10E670008022052330908DF88420C5E724283FD0E0
:10E6800024273B44ACE78022092330908DF8882072
:10E69000BAE780220D2330908DF88C20B4E72C2827
:10E6A0003AD02C273B449BE7802100F1C8026A4402
:10E6B0003090431C02F8481C3BE780221123309025
:10E6C0008DF89020A0E7302832D030273B4487E7F0
:10E6D0008022152330908DF8942095E734282DD092
:10E6E00034273B447CE718218022192330918DF890
:10E6F000982089E780221D2330908DF89C2083E7A5
:10E700008022252330908DF8A4207DE780222123CC
:10E7100030908DF8A02077E780222D2330908DF85F
:10E72000AC2071E78022292330908DF8A8206BE778
:10E730008022312330908DF8B02065E78022352388
:10E7400030908DF8B4205FE780EA101404F0F014E4
:10E7500080EA0410604081EA111404F0F01481EAA8
:10E760000411614082EA121404F0F01482EA0412E7
:10E77000624083EA131404F0F01483EA0413634044
:10E7800080EA102404F47F4480EA0420604081EA97
:10E79000112404F47F4481EA0421614082EA1224B6
:10E7A00004F47F4482EA0422624083EA132404F4DE
:10E7B0007F4483EA0423634081EA500404F0553423
:10E7C00080EA4400614083EA520404F0553482EA4E
:10E7D0004402634082EA900404F0333480EA840007
:10E7E000624083EA910404F0333481EA8401634097
:10E7F000704700BF82EA900404F0333480EA84005A
:10E80000624083EA910404F0333481EA8401634076
:10E8100081EA500404F0553480EA4400614083EA00
:10E82000520404F0553482EA4402634080EA102422
:10E8300004F47F4480EA0420604081EA112404F457
:10E840007F4481EA0421614082EA122404F47F4477
:10E8500082EA0422624083EA132404F47F4483EAB8
:10E860000423634080EA101404F0F01480EA0410DA
:10E87000604081EA111404F0F01481EA041161404F
:10E8800082EA121404F0F01482EA0412624083EA6D
:10E89000131404F0F01483EA04136340704700BFBC
:10E8A0002DE9F14F94464FEA930B8A68CB680868CC
:10E8B0004968FFF749FF0BF1060E33E083EA134482
:10E8C00080EA134582EA134746BA96EA3444604028
:10E8D00000F00F1684EA063420F00F1684EA1610B2
:10E8E00054BA94EA0106724002F00F1486EA043624
:10E8F00022F00F1486EA14124CBA6540694001F008
:10E900000F1485EA043521F00F1485EA14115CBA5E
:10E9100067407B4003F00F1487EA043723F00F149D
:10E9200087EA1413BCE8F0006040694072407B4005
:10E9300000F0E03400F0103500F00F3040EA5400F1
:10E9400040EAC50080EA900404F0332480EA8400A1
:10E95000604001F0E03401F0103501F00F3141EA80
:10E96000540141EAC50181EA910404F0332481EAAB
:10E970008401614002F0E03402F0103502F00F3201
:10E9800042EA540242EAC50282EA920404F03324C5
:10E9900082EA8402624003F0E03403F0103503F0B1
:10E9A0000F3343EA540343EAC50383EA930404F0B4
:10E9B000332483EA8403634081EA324787EA1345BC
:10E9C00081EA354690EA060484EA034B82EA1B4258
:10E9D00080EA044484EA054483EA144A85EA14443C
:10E9E0008BEA044B84EA374481EA0B4181EA164101
:10E9F00004EA0A00454082EA04082BEA0800414084
:10EA00008AEA0B0602EA060084EA34438AEA3A46B6
:10EA100003EA060778404540414088EA38478BEAD8
:10EA20003B4007EA000985EA090583EA07094640F1
:10EA300006EA0906714085EA010005EA35464640C6
:10EA400006EA314181EA304181EA364606EA30463B
:10EA500086EA3546344008EA010886EA01052A407C
:10EA600086EA364003405A4081EA31431F407C40E9
:10EA700080EA030709EA070988EA0908544088EA96
:10EA8000020806EA0A0601EA0B018AEA0B021540AF
:10EA90008AEA3A42104045408BEA3B4003405E40E0
:10EAA0004240174079404D404E40E443F64386EAE9
:10EAB00018435D4085EA054083EA134386EA034133
:10EAC00083EA384284EA114383EA04435FEA33432A
:10EAD000BEF1010E3FF6F2AE1ED4BCE8F00060407D
:10EAE000694072407B4020BCFFF784FE286069606B
:10EAF000AA60EB60BDE8F08F2DE9E0414FF2F00233
:10EB000080EA1031114080EA013048404108820813
:10EB1000C3084FF0000E4FE700F0113001F0113143
:10EB200002F0113203F0113340EA410040EA820062
:10EB300040EAC3004FF2F00280EA1031114080EA4F
:10EB400001304840BDE8E0812DE9F04F02F11C059D
:10EB50000646074600EB850851F8040B043A46F8D0
:10EB6000040BF9D14FF0010CFFF7C6FF5FEA30202C
:10EB700080EA0C001ECF41404A4053405C401EC614
:10EB80002000464517D04FEA4C0C1CF4807F18BF7C
:10EB9000ACF1E50C2C2DE7D03C2D06D1FFF7ACFFF6
:10EBA00006CF41404A4006C6100006CF41404A40C9
:10EBB00006C61000D8E736E90F00FFF7C5FD043D93
:10EBC00086E80F00F7D1BDE8F08F00BF30B44FF0FA
:10EBD000000310F8014B11F8015B013A84EA0504C7
:10EBE00043EA0403F5D1A3F101034FEAD37030BC2B
:10EBF000704700BF4FF0000310F8012B013943EAC2
:10EC00000203F9D1A3F101034FEAD370704700BFAB
:10EC100030B411F8014B12F8015B6C4000F8014B65
:10EC2000013BF6D130BC70472DE9F04F90E8F00F72
:10EC300000F140004FF0040E59E0F0B4826BC36B5A
:10EC400004680525242687593C444FEA724787EA21
:10EC5000F24787EA92273C4442684FEAF21787EA74
:10EC6000B24787EAD2073C4440F8044B032D08BF63
:10EC70006FF01B0687593A444FEA734787EAF34718
:10EC800087EA93273A4443684FEAF31787EAB34782
:10EC900087EAD3073A4440F8042B87593B444FEAAC
:10ECA000744787EAF44787EA94273B4444684FEA6D
:10ECB000F41787EAB44787EAD4073B4440F8043B9B
:10ECC000013DC0D1A0F13C00076A3C444FEA7247C5
:10ECD00087EAF24787EA92273C4402684FEAF21734
:10ECE00087EAB24787EAD2073C44C463F0BC4FF0DE
:10ECF000020288EA781C8CEAF84C0BEBBC1C8AEA0E
:10ED0000090303EA080383EA0A039C4450F8043B1E
:10ED10009C4451F8043B9C44674444EA050B0BEACD
:10ED2000060B04EA05034BEA030BE34484EAF423ED
:10ED300083EA34530BEBB30B87EA771C8CEAF74C6E
:10ED40000AEBBC1C89EA080303EA070383EA090308
:10ED50009C4450F8043B9C4451F8043B9C4466445A
:10ED60004BEA040A0AEA050A0BEA04034AEA030A20
:10ED7000E2448BEAFB2383EA3B530AEBB30A86EABD
:10ED8000761C8CEAF64C09EBBC1C88EA070303EA04
:10ED9000060383EA08039C4450F8043B9C4451F862
:10EDA000043B9C4465444AEA0B0909EA04090AEA5F
:10EDB0000B0349EA0309E1448AEAFA2383EA3A5356
:10EDC00009EBB30985EA751C8CEAF54C08EBBC1C11
:10EDD00087EA060303EA050383EA07039C4450F825
:10EDE000043B9C4451F8043B9C44644449EA0A08AF
:10EDF00008EA0B0809EA0A0348EA0308E04489EA3A
:10EE0000F92383EA395308EBB30884EA741C8CEACB
:10EE1000F44C07EBBC1C86EA050303EA040383EA0F
:10EE200006039C4450F8043B9C4451F8043B9C442A
:10EE3000E34448EA090707EA0A0708EA090347EA38
:10EE40000307674488EAF82383EA385307EBB307DC
:10EE50008BEA7B1C8CEAFB4C06EBBC1C85EA0403AA
:10EE600003EA0B0383EA05039C4450F8043B9C44EB
:10EE700051F8043B9C44E24447EA080606EA0906C6
:10EE800007EA080346EA0306664487EAF72383EAAB
:10EE9000375306EBB3068AEA7A1C8CEAFA4C05EB88
:10EEA000BC1C84EA0B0303EA0A0383EA04039C44C0
:10EEB00050F8043B9C4451F8043B9C44E14446EA2E
:10EEC000070505EA080506EA070345EA0305654460
:10EED00086EAF62383EA365305EBB30589EA791C03
:10EEE0008CEAF94C04EBBC1C8BEA0A0303EA090325
:10EEF00083EA0B039C4450F8043B9C4451F8043BC8
:10EF00009C44E04445EA060404EA070405EA0603D3
:10EF100044EA0304644485EAF52383EA355304EBA9
:10EF2000B304013A7FF4E5AEA0F14000BEF1010E5A
:10EF30007FF483AEA0F1400C9CE80F000019491942
:10EF40009219DB19ACE80F009CE80F0040444944DB
:10EF500052445B44ACE80F00BDE8F08F431810B595
:10EF600001D21F2A01D9002010BD013902F014037B
:10EF70000144102B80EA01043CD009DC8BB1042B46
:10EF8000F1D11F2C40E840F315D941E840F10EE0E3
:10EF9000142BE8D11F2C40E8C0F30CD941E8C0F194
:10EFA00005E01F2C40E800F305D941E800F11C46BC
:10EFB0000B468C42D7D122F01402013A0A2AD2D849
:10EFC00001A151F822F000BF17F0000011F000007D
:10EFD00003F0000067EF000067EF000067EF00003C
:10EFE00067EF00001DF0000017F000000BF00000BC
:10EFF00003F000001F2C40E880F3DCD941E880F1E9
:10F00000D5E713F4001FAFD1ADE713F4801FFAE783
:10F010005B02A9D5A7E713F4002FF4E713F4802FC0
:10F02000F1E700BFB7EE000AF7EE000AB7EE001AEC
:10F03000F7EE001AB7EE002AF7EE002AB7EE003A14
:10F04000F7EE003AB7EE004AF7EE004AB7EE005A84
:10F05000F7EE005AB7EE006AF7EE006AB7EE007AF4
:10F06000F7EE007AF1EE10CA40F29F01CFF20001F4
:10F070003CEA010CE1EE10CA002383F300887047DC
:10F08000F8F76EB9EFF30880EFF309812DE9F00F7F
:10F090006B467246F4F7ACFE08B0FFF7F1FFFEE7EF
:10F0A000F8F75EB9EFF30880EFF309812DE9F00F6F
:10F0B0006B467246F4F79CFE08B0FFF7F1FFFEE7DF
:10F0C000F8F74EB9EFF30880EFF309812DE9F00F5F
:10F0D0006B467246F4F78CFE08B0FFF7F1FFFEE7CF
:10F0E000F8F73EB9EFF30880EFF309812DE9F00F4F
:10F0F0006B467246F4F77CFE08B0FFF7F1FFFEE7BF
:10F10000F8F72EB9EFF30880EFF309812DE9F00F3E
:10F110006B467246F4F76CFE08B0FFF7F1FFFEE7AE
:10F12000FEE7814270B40546144602D370BC00F07D
:10F130002EB8821821443CB141EA020313F00303C4
:10F140000FD1E018032812D86FF00300A30843433F
:10F15000002019441A442344984210D1284670BC18
:10F16000704711F8013D013C02F8013DE3E75818F2
:10F1700050F8046C981840F8046C043BE1E70C1A52
:10F1800014F8016C141A04F8016C0130E4E770B54E
:10F1900004463AB141EA040313F003030CD1D51835
:10F1A000032D0FD822F003031C441944002302F05E
:10F1B000030293420CD170BD11F8013B013A04F8EF
:10F1C000013BE6E7CD1A2E68E51A2E60043BE6E720
:10F1D0005D5CE5540133ECE7F0B5044662B922F01A
:10F1E0000303234402F003021A44934214D1F0BDF6
:10F1F00004F8011B013AF1E7A307F9D115460B0406
:10F2000043EA01630B4343EA01231619032DE6D9B0
:10F21000771B3B60043DF9E703F8011BE5E7036852
:10F220005A1C1F2A03440260197105D900232021AA
:10F2300040F8043B00F069B870472DE9FF41002415
:10F24000642A07460D46CDE90144039406D1A14244
:10F2500004DA2D21FFF7E3FF01246D4201AB002604
:10F2600098460A20B5FBF0F100FB1152303203F84A
:10F27000012B2A46092A0D4606F10106F2D8354629
:10F28000013D384618F80510FFF7C9FF002DF7D1EA
:10F29000A01904B0BDE8F081F0B5002485B001AB41
:10F2A00006461F46CDE90144039401F00F00105CAF
:10F2B000090904F1010403F8010BF6D12546013DCB
:10F2C0003046795DFFF7ABFF002DF8D1204605B041
:10F2D000F0BD70B506460D460024295D09B92046EB
:10F2E00070BD3046FFF79BFF0134F6E70FB407B55A
:10F2F00004A951F8040B0191F9F74CF803B05DF83B
:10F3000004EB04B0704702DF7047FFF7FCBF00203A
:10F310007047704710B5044608B1F9F7FFF820466A
:10F32000BDE81040F9F7E4B80346C068E0B158887A
:10F33000D0B11B8803F44F42B2F5824F09D1DBB242
:10F34000272B2AD008D8172B0FD0222B34D0122BE2
:10F3500016D06FF085007047302B2FD0413B012B2A
:10F36000F7D8FF2839D100207047C028FBD0E1280A
:10F37000F9D0B0F5807F0CBF00206FF08600704799
:10F3800020F02003C02BEED020F08003B3F5807F67
:10F39000E9D040F209239842EDE7E928E3D0EF28CD
:10F3A000E1D040F21B139842DDD040F2991398420D
:10F3B000D9D040F23B23EEE7E928F1E720F0200323
:10F3C000C02BD0D020F04003B3F5807FCBD0B0F578
:10F3D000C07FC8D0B0F5007FCDE7B0F5E07FCAE7C9
:10F3E0000368024673B1037DD9070BD513F0020001
:10F3F0000DD0D3684BB91369002B0CBF00206FF000
:10F40000860070476FF0880070476FF08600704785
:10F410003AB1002918BF00232121D21A1844FFF75E
:10F42000DBBE70472DE9F047994600238AB006AC51
:10F4300084E80300DDE913868DF82330169B0092E3
:10F44000002B94E8030015460CBF4FF400634FF403
:10F45000806309AA159FF9F799FC0446E8B9DDF81D
:10F4600024A02846BAF800100DF12302F9F738FD60
:10F47000044690B99DF82330B3421ED8CDE9033736
:10F48000129BCDF80880CDE900935046DAE90912C5
:10F490002B46FAF7FFFC044600B13E603246214697
:10F4A00040463B68FFF7B4FF099801F025F8002CAF
:10F4B00018BF20460AB0BDE8F0876FF08904ECE77A
:10F4C0002DE9FF4100234768D0F8148004460E461A
:10F4D00038461146136001F011F8054688B93846E0
:10F4E00001F00EF8054660B9FFB277B9B8F1000F28
:10F4F00005D1A06820F0031020F47F4080B16FF0A8
:10F500008605284604B0BDE8F08102ABD4E90501C8
:10F51000012283E8030000F0C4FF0028E9D1EEE7F0
:10F520004FF6F87362889A4217D8277907B901A86D
:10F530003146FAF797F905460028E2D10FCCD6F804
:10F5400000C066460FC694E8070086E80700002F53
:10F55000D7D1019BCCF81430D3E76FF08505D0E705
:10F5600041F2062398421AD8B0F5905F09D241F2D1
:10F57000010398420CD0B0F5885F09D06FF0850088
:10F5800070476923A0F5905080B2C340DB07F5D5E2
:10F5900011F0070F0CBF00206FF086007047B0F528
:10F5A000105FEBD121F04003802B06D0B1F5807FB6
:10F5B0000CBF00206FF0860070470020704770B5C8
:10F5C000446A05460E463CB90120F8F78BFF686295
:10F5D00028B12046AE6270BD6FF08A00FBE76FF085
:10F5E0008C00F8E7F8B50F46114606461546FFF7BA
:10F5F000E6FF044620B92A463946706AFFF7C7FD80
:10F600002046F8BDF8B500880F461E461546BAB12B
:10F6100000F4E043B3F5805F02D0B3F5005F0FD193
:10F62000089BE9001960FFF79BFF044630B92A46A2
:10F6300039463046FFF7ABFD079B1D602046F8BDFD
:10F640006FF08504FAE710B50446406A10B1A16A6C
:10F65000FFF760FE0020C4E9090010BD38B505467B
:10F66000FFF7F1FF2B7F0446012B0ED0023B012B4D
:10F670000ED82B6A012B18BF6FF096042C220021A4
:10F680002846FFF7A9FD204638BD2B6A002BF2E77C
:10F690006FF09604F2E708B1FFF7E0BF704770B56E
:10F6A00086B002AD85E803001046144600F0E8FE7F
:10F6B0000023009305AA95E80300F9F767FB50B90A
:10F6C000059E35460FCD0FC495E8070084E8070076
:10F6D000304600F011FF06B070BD70B5049E1446B0
:10F6E000B2421D460BD81846FFF751FD0021321BD0
:10F6F0002819FFF771FD0020059B1C6070BD6FF09D
:10F700008900FBE7F0B587B002AD16461C4685E8D8
:10F7100003000C9FD3B100233B60009305AA012393
:10F7200095E80300F9F732FB70B9CDE90047059879
:10F730003346D0E90912FAF7D1FA0446059800F0E9
:10F74000DBFE002C18BF204607B0F0BD6FF089002B
:10F75000FAE7F8B504881E4604F4E043B3F5804F99
:10F760001546069F22D144F2010324F440529A42E6
:10F770000DD004F44F44B4F5824F08D0B4F5844F53
:10F7800005D0B4F5884F02D0B4F58E4F0ED1BD42EE
:10F790000FD82A463046FFF7FAFC00217A1B701971
:10F7A000FFF71AFD0020079B1D60F8BD6FF0850074
:10F7B000FBE76FF08900F8E7F0B587B002AC1646BA
:10F7C0001D4684E803000C9F1BB300233B6000939D
:10F7D00094E8030005AAF9F7D9FA044638B9059860
:10F7E00003885B0406D400F087FE6FF08604204691
:10F7F00007B0F0BDCDE900573346D0E90912FAF75A
:10F8000081FA0446059800F077FE002C08BF0446F4
:10F81000EDE76FF08904EAE72DE9F0471646002787
:10F820001D4690B00DF1080C09AC8CE80300904621
:10F830000FCE0FC496E80700C5E9007784E80700FB
:10F84000009702239CE8030005AACDE90577CDE9DE
:10F850000777F9F79BFA044640B9B8F80030059CE1
:10F8600073B122889A420BD06FF086040698FFF796
:10F8700012FF059800F040FE204610B0BDE8F0876A
:10F88000B8F8022063880AB19342EDD12788DDF8E9
:10F890003090D4F80C80494642463846ADF82630C0
:10F8A000ADF82470F8F766FE0646DDF834A0384659
:10F8B00051462269F8F75EFE2EB9B9F1000F02D069
:10F8C000B8F1000FD0D120B9BAF1000F01D0002A51
:10F8D000CAD1A2680B9B0D90134006A907AA09A8DC
:10F8E000CDE90B36FFF7ECFD04460028BED1DDE97B
:10F8F00005305A684168120AB2EB112F31D10A9AC9
:10F90000120A29D008A909A8FAF7A8F9044600287C
:10F91000ACD108990698FFF752FE04460028A5D1FD
:10F92000DDE9051303F1280201929A6A09A8009201
:10F930005B6AD1E9091200F02DFF0446002895D139
:10F9400029460698F9F7A6FA044600288ED10598AC
:10F9500000F0D2FD04468FE7D3E90912FFF742FE1B
:10F96000EBE76FF0850481E7036810B5044623B127
:10F9700000F035FF0023236010BD1846FCE738B5C2
:10F980000C460168054699B904F0FE43B3F1007FC7
:10F9900011D1E0220830FFF71FFC21462846FAF774
:10F9A000E3F9044610B12846FFF7DEFF204638BDD4
:10F9B0006FF08804F7E76FF08604F4E738B5046861
:10F9C000054664B112B90024204638BD00F0F0FEAF
:10F9D00004460028F7D02846FFF7C6FFF4E76FF08B
:10F9E0008804F8E770B500261E60046805463CB13F
:10F9F00000F0E7FE04462846FFF7B6FF204670BD3C
:10FA00006FF08804FAE7F0B58BB00E46174601ABED
:10FA1000202202A90546FFF7E5FF044638B1202160
:10FA200002A8F8F77BFD2846FFF79EFF14E0019A35
:10FA3000BA4206D0202102A8F8F770FD6FF09404B6
:10FA4000F1E7304602A901F0A3F904460028F1D1FC
:10FA5000202102A8F8F762FD20460BB0F0BD70B47B
:10FA6000DDE9036500242C6000F0FE44B4F1007F62
:10FA700002D170BCFAF76AB96FF0860070BC7047AB
:10FA800030B51D4600F0FE43B3F1007F8DB01DD1AF
:10FA900003AB01932023009304ABFAF757F9044614
:10FAA00028B9039A109B9A4208D06FF09404202141
:10FAB00004A8F8F733FD20460DB030BD284604A950
:10FAC00001F066F904460028EFD1F0E76FF08604F4
:10FAD000F1E738B5036804460D468BB1096879B97A
:10FAE000E02205F10800FFF777FB2046294600F0E9
:10FAF00054FE044610B12846FFF736FF204638BDB5
:10FB00006FF08804FAE7036810B5044653B100F0BB
:10FB1000D5FE00232360A38823F4FF7323F00103A1
:10FB2000A38010BD1846FCE72DE9F0411E460023D6
:10FB300086B002AC84E8060001680546DDF8308036
:10FB40000593002936D14FF4AC720830FFF744FB1F
:10FB5000B8F1000F009694E8030014BF4FF48063DF
:10FB60004FF4006305AAF9F711F9044620BB059F7D
:10FB7000304639882A1DF9F7B3F90446E0B96B79A4
:10FB8000394668F300036B71D7E9092328460096CC
:10FB9000B8F1000F0BD0FAF7A7F9044660B9059841
:10FBA00000F0AAFC0446204606B0BDE8F081FAF752
:10FBB000BFF9F2E76FF088042846FFF7A4FF059825
:10FBC00000F09AFCEFE71FB502AC84E806000122C2
:10FBD000009294E80600FFF7A7FF04B010BD1FB520
:10FBE00002AC84E806000022009294E80600FFF7C9
:10FBF0009BFF04B010BD38B50468054664B112B966
:10FC00000024204638BD00F039FE04460028F7D015
:10FC10002846FFF778FFF4E76FF08804F1E72DE955
:10FC2000F0411746026805460E46984682B1427971
:10FC3000D2070DD502795AB1BA4216D800F027FE84
:10FC4000044638B9A6B92846BDE8F041FFF75BBFC6
:10FC50006FF088040023C8F800702B7146B928465D
:10FC6000FFF751FF2046BDE8F0816FF08904F1E70E
:10FC700021463A463046D8F80030FFF7C9FB2846FF
:10FC8000FFF741FF002C08BF0446EBE738B50468D6
:10FC9000054634B92846FFF736FF6FF08804204642
:10FCA00038BD4479E407F5D40479944204D0FFF7D1
:10FCB0002AFF6FF09404F2E700F0F7FD04462846AF
:10FCC000FFF721FF002C08BF0446E8E710B588B015
:10FCD00006AC84E80300012104910D9903910C996D
:10FCE00002910B9901910A99009194E80300FFF7A2
:10FCF00099FB08B010BD30B593B006AC84E80300A2
:10FD00000021049109A903912021029116990AADBD
:10FD10000195009194E80300FFF784FB044628B99D
:10FD2000099A189B9A4208D06FF094042846202123
:10FD3000F8F7F4FB204613B030BD2946179801F0C0
:10FD400027F804460028F1D0EEE72DE9F04F4FF0F8
:10FD500000098FB00AAD85E80300DDE91E6B10468F
:10FD6000CBF8009014461F46F8F760FFDDF860A05E
:10FD7000804670BB00944FF4807395E803000DAA91
:10FD8000F9F704F8804620BB51462046F8F73CFFBF
:10FD90008046D8B91D9BCDE9076B06931C9B0D9837
:10FDA00005931B9B009704931A9B0393199BCDE922
:10FDB00001A32346D0E90912F9F7E8FF804628B1EC
:10FDC00026B1324649461D98FFF706FA0D9800F015
:10FDD00093FB40460FB0BDE8F08F2DE9F04F4FF098
:10FDE00000098FB00AAD85E80300DDE91E6B1046FF
:10FDF000CBF8009014461F46F8F718FFDDF860A016
:10FE0000804670BB00944FF4007395E803000DAA80
:10FE1000F8F7BCFF804620BB51462046F8F7F4FEB9
:10FE20008046D8B91D9BCDE9076B06931C9B0D98A6
:10FE300005931B9B009704931A9B0393199BCDE991
:10FE400001A32346D0E90912F9F7CAFF804628B179
:10FE500026B1324649461D98FFF7BEF90D9800F0CD
:10FE60004BFB40460FB0BDE8F08F38B5046805463F
:10FE700044B100F0FBFC4FF4AC720446002128466C
:10FE8000FFF7AAF9204638BD1FB502AC84E806008A
:10FE90000093012194E80C00F9F788F904B010BD33
:10FEA0001FB502AC84E806000093002194E80C0022
:10FEB000F9F77CF904B010BD036870B504460E462E
:10FEC0001546A3B1037DDB0711D411464068F8F74E
:10FED0009BFE90B92A463146204600F088FC054634
:10FEE00038B9237D43F001032375284670BD6FF0B8
:10FEF00088052046FFF7B9FFF7E76FF08605F8E7BA
:10FF00002DE9F04F1E46002385B0DDF840803360B8
:10FF1000DDE90E97C8F8007005468A469346FFF75C
:10FF20005FFA044668B92B7DDB0618D533465A467E
:10FF300051462846CDE90178CDF8009000F07EFCCE
:10FF400004463A4621464846D8F80030FFF760FAA2
:10FF50002846FFF78AFF204605B0BDE8F08F6FF016
:10FF60008804EEE72DE9F3411E4600233360054681
:10FF70000F469046FFF734FA044668B92B7DDB063E
:10FF800011D4099B42460193089B394600932846A9
:10FF9000334600F05FFC04462846FFF766FF204624
:10FFA00002B0BDE8F0816FF08804F5E738B5446829
:10FFB000054614B100F0D1FC044628464FF43C71CC
:10FFC000F8F7ACFA204638BDF8B5C368044693424A
:10FFD0000F46164611D300F0B7FCE36805469B1B9D
:10FFE000E36040B12046FFF7E1FF27B1324621210F
:10FFF0003846FFF7F1F82846F8BD00F0AEFC0023C4
:020000021000EC
:100000006FF08E05E360F0E743681BB1C368002022
:100010000B6070476FF08800704710B444683CB1C3
:10002000C4688C4209D35DF8044BC16000F057BC32
:100030006FF088005DF8044B70476FF08600F9E7B9
:1000400070B50D464FF0FF3104461646F8F748FEEE
:1000500058B9237A9B0706D4324629462046BDE884
:100060007040FFF7B1BF6FF0840070BD00232DE931
:10007000F04F89B0CDE90433C2E900334388064626
:1000800088461746002B00F084804FF0FF31404631
:10009000F8F726FE0446002868D198F8083003F0E7
:1000A0000303012B78D1304605AA04A9FFF708FA0B
:1000B000044668B9049D72882B88D61D03F4E0437A
:1000C000F608B3F5804F0692079605D16FF08604C7
:1000D0000498FFF7E0FA49E0B3F5805F05D0B3F587
:1000E000005F02D06FF08504F2E75307EED131468E
:1000F0000120F8F7F7F9814610B96FF08C04E7E7B3
:10010000069B6B806B681B0A34D128460799FFF762
:1001100056FA0446002834D10DF1180A05F1280BCF
:10012000324649464046FFF74FFF044688B9CDE9BD
:1001300001BAAB6A324600936B6A49462846F9F722
:10014000B5FD6A88069B04469A421FD110F18F0FB5
:10015000E6D031464846FFF7DDF8002CB8D13946E5
:100160000498F8F797FE04460028B1D1204609B05C
:10017000BDE8F08F284607A9F9F770FD044600286E
:10018000C3D031464846FFF7C5F8A1E76FF08604B3
:10019000DFE76FF08604E9E76FF08404E6E707B570
:1001A000009313460022F9F707F903B05DF804FB4A
:1001B00070B586B00E4602A981E80C0000234268A3
:1001C0000546009203C905AA0593F8F7DFFD04462A
:1001D00038B1059800F090F92846FFF7E7FE204671
:1001E00026E0059A916848040BD42B7A090443F061
:1001F00002032B7205D4104600F07EF96FF08404E0
:10020000EAE76FF48073F318012B98BF2B7A31461D
:100210009CBF43F001032B72936A28460093536AF4
:10022000F9F7CAF80446059800F066F9002CD3D116
:1002300006B070BD2DE9FF4100241C601F46036815
:1002400006468846002B58D0037D03F01103102B7F
:1002500053D1038903F4E041B1F5005F29D1C3F321
:100260000221042925D1436883F0AA6181F48071B9
:1002700031F47E113DD083F0AA6383F4007333F42C
:100280007E1322D021466846F9F70CFA0546B0BB2A
:10029000224669463046FFF70FFE054678BB2246E8
:1002A00069464046FEF773FF3C60284604B0BDE84F
:1002B000F08142F204018B4209D1736883F0052377
:1002C00083F4801333F47E1315D10C240CE042F236
:1002D00007018B420FD1736883F0A26383F4C0637C
:1002E00033F47E1307D118249442CBD96FF08905DB
:1002F00005E00D24F8E70024C4E76FF088053046D8
:10030000FFF7B3FDD1E72DE9F043054699460023F9
:100310008BB0099325F0004323F47F0306A8B3F1C3
:10032000106F80E80600DDE91386159F1FD1009548
:100330004FF4804303C809AAF8F728FD0446C0B962
:10034000129BCDE90367CDE900930998CDF80880A9
:100350002B46D0E90912F9F70FFE044648B909986F
:1003600000F0CAF8044620460BB0BDE8F0836FF0F9
:10037000860431464046F9F795F909983E6000F049
:10038000BBF8F0E703461B88084603F4E043B3F5E7
:10039000805F114602D0B3F5005F01D1F9F782B951
:1003A0006FF0850070477FB500220388CDE90122F8
:1003B000C1E90022428806460D46002A5DD003F4BA
:1003C000E042B2F5804F58D023F0FF03B3F5E24F7F
:1003D00002D0B3F5824F04D13046FEF7A5FF0446A4
:1003E000D0B9304602AA01A9FFF76AF804460028EE
:1003F00038D1019B9B6A93B10199304601F12803E2
:10040000D1E90912F9F742FC044678BB2946019864
:10041000F8F740FD044628BB204604B070BD736861
:100420001B0A18D13088718800F4E043B3F5805F6F
:1004300002D0B3F5005F1DD1FFF792F8044688B9EA
:100440000731C908039103990198FFF7B8F80446EA
:100450000028D1D006E0304603A9F9F7FFFB044697
:100460000028F0D00198FFF716F9D5E70198FFF7BB
:10047000EAF8F7E76FF08504F4E76FF08604CBE75E
:100480001C220021FEF7A8BE037F022B06D1036ABF
:100490005A1C03D001330362002070476FF09600AE
:1004A000704782B002AB03E9030010466FF0404290
:1004B000009B591E914208D328B103F14043934257
:1004C0008CBF0020012002B070470120FBE70346EB
:1004D00068B1017F8A1E012A0BD80329026A03D161
:1004E000012A01D1FFF7BAB81AB1013A1A62002005
:1004F00070476FF096007047FFF7E9BF0020704724
:10050000C0B2FF280CBF6FF086000020704730B5E6
:1005100085B06D4685E80300144695E8030003AAFC
:10052000F9F7E2F948B995E8030084E80300039875
:1005300005B0BDE83040FFF7CABF10F1880F4FF09B
:10054000000308BF6FF08B00C4E9003305B030BD75
:100550001FB56B4683E8030050B193E8030003AA7C
:10056000F9F71AF938B110F18C0F08BF6FF0870056
:1005700005B05DF804FB0398036A012B04D105B0B4
:100580005DF804EBFFF76AB805B05DF804EBFFF720
:100590009EBF1FB56B4683E8030003AA93E80300E0
:1005A000F9F7FAF878B9039803793BB1036A012B9C
:1005B00004D105B05DF804EBFFF750B805B05DF865
:1005C00004EBFFF784BF05B05DF804FB7FB56B4615
:1005D00083E8030003AA00980199FAF787FA8C30A0
:1005E00018BF012007B05DF804FB30B587B06B463B
:1005F00083E80300009D019C2846214603AAFAF7E0
:1006000075FA8C3002D1002007B030BD2846214653
:10061000FAF796FA10B16FF09800F5E728462146F0
:1006200003AAFAF763FA8C30EDD0F4E72DE9F04134
:1006300004461646884688B0002944D0002A42D095
:10064000B2F5005F42D202F1240739460120F7F7E4
:1006500049FF054600283CD0034631464046224625
:10066000F9F722FAD4E9050103AB83E803006669D0
:10067000D4F81880FFF7AAFF012821D000233A46BA
:10068000009330462B464146FAF7ECF9044678B918
:100690003046414605AAFAF729FA044620B9069BD6
:1006A0009F4205D06FF0980430464146FAF748FA69
:1006B00039462846FEF72EFE204608B0BDE8F081F8
:1006C0006FF08A04F4E76FF08604F5E76FF08D04AD
:1006D000F2E76FF08C04EFE7FEF71CBE2DE9F04F58
:1006E000D0F818A0D0F814B087B0074689469046D5
:1006F0005846514603AAFAF7F9F9044610BB049E7E
:1007000001203146F7F7EEFE0546002837D058465F
:10071000514603AA0294FAF7E9F9044670B902AB0C
:100720000246CDE90053584633465146FAF7B8F928
:10073000029B04469E4209D06FF098043146284639
:10074000FEF7E8FD204607B0BDE8F08F0028F5D1A0
:1007500043464A46314628460097F9F701FA0446CF
:100760000028EBD1D9F8003033B1D8F80030002B95
:1007700008BF6FF09104E1E76FF09104DEE76FF0DE
:100780008C04DFE7F0F7E2BA704700226FF08600D2
:100790001A6070476FF08600704703681C2B04D105
:1007A00041F8083B083000F0A3BA6FF088007047AA
:1007B00003681C2B02D10830F9F7F8BE6FF08800EF
:1007C000704710B404681C2C04D15DF8044B083049
:1007D000F9F7FCBE6FF088005DF8044B70470368C2
:1007E0001C2B02D1083000F08CBA0020704703683F
:1007F0001C2B02D11830F9F703BC6FF0860070474C
:1008000003681C2B02D1183000F0DBB86FF08600B3
:10081000704703681C2B02D11830F9F715BC6FF034
:100820008600704770B406681C2E03D170BC183067
:10083000F9F724BC6FF0860070BC7047F0B407680D
:100840001C2F03D1F0BC1830F9F746BC6FF08600BE
:10085000F0BC704770B406681C2E03D170BC183011
:10086000F9F76ABC6FF0860070BC704703681C2BF8
:1008700002D1183000F0ACB80020704703681C2B80
:1008800002D1083000F0F2B96FF08600704710B462
:1008900004681C2C04D15DF8044B083000F0EFB95B
:1008A0006FF086005DF8044B704703681C2B02D183
:1008B000083000F0F2B96FF08600704703681C2B17
:1008C00002D1083000F004BA0020704710B5044689
:1008D0001030F9F717FD08B91C23236010BD036819
:1008E0001C2B02D1103000F0AAB86FF088007047BE
:1008F00010B404681C2C04D15DF8044B1030F9F7D7
:1009000041BD6FF088005DF8044B704710B4046877
:100910001A461C2C019B04D15DF8044B1030F9F7EA
:1009200031BD6FF088005DF8044B704710B4046867
:100930001C2C04D15DF8044B103000F082B86FF02D
:1009400088005DF8044B704703681C2B02D11030FF
:1009500000F07AB86FF08800704703681C2B02D152
:10096000103000F0F1B8002070470020704713B538
:10097000002001AB1446FAF795F930B9019BA34268
:1009800018BF6FF0930002B010BD6FF09200FAE74D
:10099000002070476FF08500704713B50024098868
:1009A0000194049C0094F9F7F7FA02B010BD13B556
:1009B000012409880194049C0094F9F7EDFA02B02F
:1009C00010BD0123C0E94C1280F83D310020704772
:1009D00008B54FF4A0720021FEF7FEFB002008BD11
:1009E00070B58AB0044615460E461822002104A8A8
:1009F000FEF7F2FB4FF6F872B2EBC50F4FF6FF723F
:100A0000B4F8C4324FF00001ADF80C304FEAC50322
:100A100038BF1346ADF80E304FF480634FF4B07218
:100A200020460593FEF7D8FBD4F8C0323246009337
:100A300020462B4603A9F9F757FA0AB070BD0020EB
:100A400070476FF0860070472DE9F74F05468846DE
:100A5000164682B190F8C64290F8C772B4B100F55C
:100A6000B0713B1B944219440AD34046A41BFEF7C5
:100A70008EFB85F8C6420024204603B0BDE8F08F07
:100A800040462246FEF783FBA044361B05F5207A3C
:100A900005F5B07905F5C07B95F8D83203F0FD0374
:100AA000012B4ED13A4651462846FFF799FF04469E
:100AB00058B9D5F8D032012B0BD859462846B5F88D
:100AC000CA22FFF7DBFE044660B12846FFF7F6FEB8
:100AD000D2E73A4649462846FFF7D0FE04460028AA
:100AE000EBD0F2E7D5F8D032012228460DF1030110
:100AF0008DF80330FFF7C2FE04460028E5D13A46E0
:100B00004946284601ABFFF7C2FE04460028DCD167
:100B1000D5F8D032BE4203F10103C5F8D03207D96F
:100B200040463A464946FEF732FBB844F61BB3E767
:100B3000324649464046BF1BFEF729FB85F8C67280
:100B400099E76FF0880497E790F8D832022B02D823
:100B50001BB1FFF7B3BE0B2BFBD0002070472DE974
:100B6000F74300F1EC09884616461F462022494605
:100B700001AB0546FFF725FE0446002847D16FF478
:100B8000857095F84C1105F20B13401BC218914269
:100B900029D8E82200212846FEF71EFB2846D5F872
:100BA000E810F9F7E1F8044688BB284695F84C218F
:100BB00005F58671FFF7FCFD044640BB4946284613
:100BC000019AFFF7F5FD044608BB019BB34210D123
:100BD0003B46324641462846FFF7F3FD0446204691
:100BE00003B0BDE8F08313F8012F82F06A021A7097
:100BF000CCE720224946284601ABFFF7E2FD044638
:100C000028B9324649464046FEF7C1FA3E602846BA
:100C1000FFF7E5FDE3E7F0B504460E461746D5B00D
:100C20004FF4A872002168461D46FEF7D5FA21460A
:100C30003B4632466846F9F7FFFB044680B9294631
:100C400068465A9AFFF7B4FD044648B9DDE95C23CB
:100C500068465B99FFF783FF0446204655B0F0BD18
:100C60006846FFF7BCFDF8E7F9F750BC90F8503143
:100C7000012B01D1FFF79CBD6FF08800704710B4C5
:100C800090F85041012C03D15DF8044BFFF767BF8A
:100C90006FF088005DF8044B704730B590F8503124
:100CA0000C46012B15468BB00FD101AB02A9FFF703
:100CB00056FF40B92A46204602A900F029F800282C
:100CC00018BF6FF094000BB030BD6FF08800FAE7EA
:100CD00010B590F850310446012B07D1FFF77FFD86
:100CE0004FF4AC7200212046FEF776FA002010BDCA
:100CF00008B50B46E02201461846FEF748FA0020E8
:100D000008BD08B5E0220021FEF766FA002008BD04
:100D100003460244002030B513F8014B11F8015B83
:100D2000934284EA050440EA0400F5D130BD03464D
:100D3000002030B5013A00D230BD1D780C78A542B4
:100D400002D008B9281BF5E701330131F2E72DE99C
:100D5000F047B1F5004F0746DDE908960D4690468D
:100D60001C4603D2042B01D8042E01D9F7F7CCFA84
:100D70002406360406F4E02604F0E0643443A9B205
:100D80004B46424638462143BDE8F047F7F780BA64
:100D900070B5044600200346934200D170BDE55C67
:100DA000CE5C013375402843F6E72DE9E04F274636
:100DB000A046A146A246A346A4462DED108B4FF0B7
:100DC000000545EC185B45EC195A45EC1A5A45EC00
:100DD0001B5A45EC1C5A45EC1D5A45EC1E5A45EC75
:100DE0001F5AF1EE105A4FF66076C0F6FF76354086
:100DF000E1EE105A84F3008825462646A447BDEC50
:100E0000108BBDE8E08F00005C81FF7F00000000D8
:100E100000000000000000000101008019830000B4
:100E200000000000000000000000000000000000C2
:100E300000000000000000000000000000000000B2
:100E400000000000000000007AFFFFFF5C81FF7FD0
:100E50000000000000400000EDA60000DDA600003C
:100E6000CDA60000FDA600000DA700001DA70000F4
:100E70002DA700003DA700004DA700005DA70000C2
:100E80006DA70000FF8FFFFFFF8FFFFFFE8FFFFFAB
:100E9000FE8FFFFFFD8FFFFFFC8FFFFFFC8FFFFF2B
:100EA0004661696C20746F20616371756972652099
:100EB0006D757465780A00004661696C20746F2056
:100EC000696E63726561736520504D20636F756E46
:100ED0007465720A000000004661696C20746F201E
:100EE000646563726561736520504D20636F756E34
:100EF0007465720A000000004661696C20746F20FE
:100F000072656C65617365206D757465780A0000A3
:100F1000436F756C64206E6F74206C6F636B207010
:100F20006F7765722073617665206D7574657800E2
:100F30006D757465785F667265652063616C6C655C
:100F4000642077697468204E554C4C207061726142
:100F50006D6574657200000043616E277420696ED0
:100F6000697469616C697A65206D757465782C2087
:100F7000776173204E554C4C0D0A00004661696C38
:100F800020746F20756E6C6F636B206D757465785F
:100F90000A0000006374782063616E6E6F742062D3
:100FA00065204E554C4C00000A637478206973200C
:100FB0004E554C4C0A00000067E6096A85AE67BBD7
:100FC00072F36E3C3AF54FA57F520E518C68059B2B
:100FD000ABD9831F19CDE05BD89E05C107D57C3600
:100FE00017DD703039590EF7310BC0FF11155868F5
:100FF000A78FF964A44FFABE0123456789ABCDEFF3
:10100000FEDCBA9876543210F0E1D2C3982F8A42AF
:1010100091443771CFFBC0B5A5DBB5E95BC256394A
:10102000F111F159A4823F92D55E1CAB98AA07D862
:10103000015B8312BE853124C37D0C55745DBE7285
:10104000FEB1DE80A706DC9B74F19BC1C1699BE405
:101050008647BEEFC69DC10FCCA10C246F2CE92D95
:10106000AA84744ADCA9B05CDA88F97652513E98B9
:101070006DC631A8C82703B0C77F59BFF30BE0C6C0
:101080004791A7D55163CA0667292914850AB7274E
:1010900038211B2EFC6D2C4D130D385354730A65EB
:1010A000BB0A6A762EC9C281852C7292A1E8BFA2C2
:1010B0004B661AA8708B4BC2A3516CC719E892D12A
:1010C000240699D685350EF470A06A1016C1A419AD
:1010D000086C371E4C774827B5BCB034B30C1C39AC
:1010E0004AAAD84E4FCA9C5BF36F2E68EE828F746B
:1010F0006F63A5781478C8840802C78CFAFFBE9085
:10110000EB6C50A4F7A3F9BEF27871C6EC13EC13A4
:1011100000000000E41BE01FD02FC03FE41BE01FD5
:1011200000000000E41BE01FD02FC03F0000C03FC4
:1011300054464D5F43525950544F0054464D5F50F2
:10114000524F5445435445445F53544F52414745D1
:101150005F534552564943450054464D5F494E54EE
:1011600045524E414C5F545255535445445F53547D
:101170004F524147455F53455256494345005446F7
:101180004D5F504C4154464F524D5F534552564966
:1011900043450054464D5F48575F554E49515F4B9C
:1011A0004559003078005B556E737570706F7274BE
:1011B0006564205461675D00303132333435363731
:1011C000383941424344454630313233343536377D
:1011D0003839616263646566141400001C20304075
:1011E0001C2000001C2030400040505341004B4563
:1011F0005900000000000000000000000000000096
:1012000000000000000000000000000000000000DE
:1012100000004040000040408080808000009088B6
:101220006848141400001C2030401C2000001C20C2
:1012300030400040506172746974696F6E20696E4D
:10124000697469616C697A6174696F6E204641499D
:101250004C454420696E20307825780D0A00000046
:107C00007FE97FE9F0F7B8BA7FE97FE9F0F7C6BA14
:107C10007FE97FE9F0F7F8BA7FE97FE9F0F7E6BAA4
:107C20007FE97FE9F0F7CCBA000000000000000017
:107C30000000000000000000000000000000000044
:107C4000F87B0000000000000000000000000000C1
:107C50000000040048080D0000000000F87B000050
:107C60000000000000000000000000000000040010
:087C700000020B0000000000FF
:107C78000090D003008000500000000000000000C9
:107C880000000000000000000000000000000000EC
:107C980000000000000000000000000000000000DC
:107CA80000000000000000000000000000000000CC
:107CB80000000000000000000000000000000000BC
:107CC8000000000000000000D87B00000400000055
:107CD8000000000000000000FFFFFFFFFFFFFFFFA4
:107CE800FFFFFFFFFFFFFFFF000000000000000094
:107CF800000000000000000000000000000000007C
:107D08000000D601000000000000070090ED00E030
:107D180000A003507FA60350008000506F850050DC
:107D280084A1002044A0002044010000EDF20000DE
:107D380013F300000FF30000D9F10000FFFF00006B
:107D480058B80020DC9F002010A0002008A00020C8
:107D580004A0002000A0002049BE00003DBE000095
:107D680031BE000025BE00000000000055BE000026
:107D78003CA0002034A000202CA00020000000001F
:107D880024A0002061BF0000ADBE0000E1BE0000DD
:107D980029BF0000C4B800203A00003AC8B8002043
:107DA8003A00003ACCB800203A00003AD0B8002097
:047DB8003A00003A53
:0400000300003A4976
:00000001FF
