:020000040000FA
:10000000F80B00209106000035070000695C000035
:10001000895C0000A95C0000E95C0000C95C00008C
:10002000000000000000000000000000B52B0000F0
:10003000350700000000000035070000350700000C
:100040000000000000000000000000000935000072
:100050000000000035070000000000000000000064
:1000600035070000350700003507000035070000A0
:1000700000000000350700003507000035070000CC
:1000800035070000350700000000000000000000F8
:1000900035070000350700000000000000000000E8
:1000A00035070000000000000000000035070000D8
:1000B0003507000035070000350700003507000050
:1000C0003507000035070000350700003507000040
:1000D00035070000000000003507000000000000A8
:1000E0003507000000000000350700000000000098
:1000F00035070000000000000000000000000000C4
:1001000000000000350700000000000000000000B3
:1001100000000000000000000000000000000000DF
:100120000000000035070000000000000000000093
:1001300000000000000000000000000000000000BF
:100140003507000000015F5F02000000FE0B0000A9
:10015000912C00008006000000000000000000005C
:100160000000000000000000000000000100FFC3CC
:10017000000000C4201200200000000001015F5FA9
:10018000030100001F010000B10400000000000096
:10019000000000000100000001000000000000005D
:1001A000000000000000000000000000000000004F
:1001B00000000000700000002C61000080000000C2
:1001C000000F000001000000F102000001015F5F6C
:1001D000040100001F0100001F06000000000000D5
:1001E000000000000000000001000000000000000E
:1001F00000000000000000000000000000000000FF
:10020000000000003761000040000000050700000A
:08021000010000000B050000D5
:1002200038B50025054C29462046D4F80024C4F8EA
:10023000045405F0C2FDC4F8005438BD200C002061
:1002400037B511460022CDE9002242680346402A14
:10025000046845D1228D150A032D17D0012D37D002
:1002600022482468D0F80404AA1ECDE90040082AD8
:1002700039D8DFE802F0050B0F14191E23283000CF
:100280006A46184600F037F903B030BD184600F052
:1002900020F9F9E76A46184600F01EF9F4E76A46C5
:1002A000184600F013F9EFE76A46184600F017F910
:1002B000EAE76A46184600F015F9E5E76A46184687
:1002C00000F013F9E0E76A46184600F011F9DBE7A1
:1002D00000F014F9D8E76A46184600F013F9D3E79E
:1002E0006FF08000D0E76FF08500CDE7200C002094
:1002F0002DE9F04F05680446A3B0002D40F0B18011
:100300002022294602A805F058FD12AF20222946D6
:100310000AA805F052FD40222946384605F04DFD59
:10032000E26904F11C039846B2B10426E26A04F1C2
:100330002C03EAB10425EEB96FF08306304623B0F2
:10034000BDE8F08F002EF1D053F8041D3246013E77
:100350000029F7D01646E9E70326F5E7002DEAD095
:1003600053F8041D2A46013D0029F7D01546E2E75F
:100370000325F5E740233A460021606805F05AFD61
:100380004028D9D1CDE902700127DFF8DCA00DF1BA
:10039000080904F1100BBE421FD10AAF38460021F4
:1003A000314A08EB8509D2F80034C84533D109B188
:1003B000C2F80034A3683146C2F8043402A82B46C0
:1003C0000AAAFFF73DFF4FF000080646454507F132
:1003D00008073DD1FFF724FFB0E75BF8043F1A1D83
:1003E00021D8DAF80004D91C21F00301C0F580629D
:1003F000914218D8014400EB0A02CAF80014606860
:100400003946019205F016FD019AC9F80C00013732
:1004100049F8082FBFE758F804EF1EF1040F07D979
:1004200009B1C2F80034FFF7FBFE6FF08C0685E7D8
:100430000EF1030C2CF0030CC3F5806AD44500F1D7
:100440000800EDD8D11840E9021E63440121ACE751
:10045000414657E90223606805F001FD08F10108F3
:10046000B4E76FF0850669E7200C002008B5282264
:100470000021024805F0A1FC002008BD2810002042
:1004800010B5044C0F222046034905F071FC2046AC
:1004900010BD00BF511000202206000008B5012148
:1004A000024803F0D7FB002008BD00BF5010002019
:1004B00008B5FFF7DBFF40B9FFF7E2FFFFF7EEFFFC
:1004C00018B9BDE8084003F04FBC08BD6FF08500C7
:1004D00070476FF0850070476FF0850070476FF0D0
:1004E000850070476FF0850070476FF0850070479A
:1004F0006FF0850070476FF085007047D1E900010B
:1005000003F0F6BB6FF085007047F0B50368054651
:10051000B3F57D7FA7B007D040F2F532934207D004
:100520006FF0850027B0F0BD01F0FAFC0020F9E77C
:1005300000243C22214607A8CDE90244CDE9044429
:10054000069405F03AFC3C22214617A8169405F0C3
:1005500034FCEA69019405F11C0302B30426EA6A3B
:1005600005F12C033AB30424731E012B52D8012C3D
:1005700050D80423002168680DEB030205F05AFCF3
:1005800004281AD06FF08000CCE7002EE7D053F893
:10059000041D3246013E0029F7D01646DFE7032648
:1005A000F5E7002CE0D053F8041D2246013C002959
:1005B000F7D01446D8E70324F5E7022E16D16E696A
:1005C000402E29D806AF33463A460121686805F027
:1005D00031FC8642D6D1CDE9027602A944B9224641
:1005E000019801F078FE044620469BE70021F5E7DC
:1005F0002B6A402BC6D816AACDE90423019804AA79
:1006000001F069FEDDE9042304460021686805F075
:1006100026FCE9E7012085E76FF0890082E70020EA
:1006200070474D62656420544C5320332E362E346F
:1006300000000000000000000000000000000000BA
:100640004832000001000000693800004138000015
:10065000407C00008010002047000000407C00002B
:10066000200C002000000000407C0000000C002056
:10067000000000009C110020C2050000200C00209A
:1006800018010000000C00200800000002F026BD48
:1006900008B572B61E4A1F4B9A601F4B83F3098838
:1006A0001E4B83F30A8883F30B881D4B16A1D1E9F7
:1006B0000001C3E9000100F089F81A4B1A498B4286
:1006C00012D30020194B1A498B4218D303F0E0F8DB
:1006D000186850F82240586840F822400132986863
:1006E0008242F5D30C33EAE70022F8E71C6844F8AD
:1006F000220001325C68A242F8D30833E4E700220A
:10070000F8E700BFAFF30080A5EDF5FEA5EDF5FE1F
:100710000000000000ED00E0F80B002000040020C5
:10072000F80B00205006000074060000740600005C
:100730008C060000EFF30880EFF309812DE9F00F3C
:100740006B46724600F038F908B0FFF79FFFFEE7EE
:1007500008B5EFF31083012B0C4A07D1126ABFF3DF
:100760004F8F511C4A424A41104608BD01F04AFCD5
:1007700000B172B6126ABFF34F8F531C5A425A41EE
:1007800001F040FC0028EFD062B6EDE70080FF00EA
:1007900008B5EFF31083012B0B4A06D1D269BFF3E2
:1007A0004F8F02F00102104608BD01F02BFC00B192
:1007B00072B6D269BFF34F8F02F0010201F022FC42
:1007C0000028F0D062B6EEE70080FF006F4A10B557
:1007D000D2F8D03043F00203C2F8D03001F012FC5E
:1007E00030B14FF050230022C3F81421C3F8182170
:1007F00001F017FC28B10122654BC3F8382AC3F871
:1008000078254FF47F02D2F83031D2F83421BFF38B
:100810004F8FC3F30B03092B05D1012A1EBF012201
:100820005B4BC3F8782501F0FCFB18B10E22594B45
:10083000C3F8E42E01F0E6FB30B10022544BC3F8BC
:100840000C270122C3F810270022D30003F57F03F1
:10085000D3F80013BFF34F8F013108D0D3F8001342
:100860000132D3F80433B2F5807F0B60EDD1EFF3A2
:100870001084FFF78DFF00284DD0BFF34F8F464BFC
:10088000D3F80024012AFBD1C3F80425D3F80024AF
:10089000012AFBD1012C03D001F0B4FB00B172B6E8
:1008A000FFF776FF58B13D4AD36923F00103D361C6
:1008B000BFF34F8F384AD2F80034012BFBD1FFF73A
:1008C00047FF68B1354A136A23F0FF0343F0200362
:1008D0001362BFF34F8F304AD2F80034012BFBD1A3
:1008E000012C03D001F08EFB00B162B600222A4B2E
:1008F000C3F80425D3F80024012AFBD1BFF34F8F9E
:100900002249274BCA6802F4E0621343CB60BFF36D
:100910004F8F00BFFDE7FFF71BFF0028ADD11B4A3B
:10092000D2F88C3043F44063C2F88C304FF47F032C
:10093000D3F83021D3F83431BFF34F8FC2F30B0219
:10094000092A16D1013B022B02D8164AD35C83B187
:10095000124815490368104A8B420CBF5A230023E2
:10096000C2F8103EC36A8B420CBF5A230023C2F860
:10097000003E064AD2F8883043F47003C2F888304B
:10098000BFF34F8FBFF36F8F10BD00BF00ED00E0CE
:100990000040005000A00350009003500080FF0072
:1009A0000400FA054A350000FA50FA507C22014949
:1009B00005F0DEB9BC18002038B51D46394B3A4C5D
:1009C0005B68C3F308032360EFF303836365530697
:1009D000C4E90120E1603BD502F00C020C2A08BFFB
:1009E0000846014620612022304805F0C1F925B1B2
:1009F000202229462E4805F0BBF92A4B9A6AA265A7
:100A0000D96AE165986B206602F400406066586B15
:100A1000A06602F08000E0669A62D962D3F8E42012
:100A20002267D3F8E810616702F04001A167C3F8BC
:100A3000E42000F06FF80E211E4801F004FB22684C
:100A4000D31E042B22D8DFE803F00F15181B1E005D
:100A5000EFF39483990704D5130702D5EFF3898048
:100A6000BFE7EFF38880BCE70C211348BDE83840AE
:100A700001F0E9BA12211148F8E70B211048F5E717
:100A80000D211048F2E70E210F48EFE70F2A98BF1B
:100A90001421BDE8384089BF25210C480C48103A84
:100AA00001F06EBC00ED00E0BC180020D018002062
:100AB000F01800204D3500005B3500006735000060
:100AC0007935000084350000913500009F35000025
:100AD000B33500002DE9F34106460F460C4DD5F81D
:100AE0002C80C04710F00104FBD1394630466B69B9
:100AF000984740B9C047C307FCD42B6A019302B0A2
:100B0000BDE8F0411847204602B0BDE8F08100BFC3
:100B1000D835000010B5094C0020A3689847236918
:100B2000022098474FF4E131A46A0120A047012137
:100B30001520A0470122024B1A6010BDD8350000D5
:100B40003819002010B5054C002023699847E36848
:100B500098470022024B1A6010BD00BFD835000034
:100B600038190020064B82B01868002382B262F365
:100B70000F03000C60F31F43184602B0704700BF1C
:100B800020360000014B1869704700BF801000201C
:100B9000014B5869704700BF8010002038B50C4DDC
:100BA0000C4695F8203013B94FF0FF3038BD0A4697
:100BB0000146284600F0C8FF064B984205D00B3B83
:100BC0009842F1D100206C61F0E76FF00100EDE791
:100BD000801000200B00AD0BF0B51B4E054696F8BB
:100BE00020300C4691B01BB94FF0FF3011B0F0BD72
:100BF00000F06043B3F1005F21D100230A460146B3
:100C0000304600F031FC114B98421AD00B3B984211
:100C1000EAD1346111E0A71B402F28BF4027A91952
:100C20003A46684605F0A4F839466846FFF7D4FF0F
:100C30000028DBD14036B442EDD80020D6E70026AC
:100C4000F9E76FF00100D1E7801000200B00AD0B39
:100C5000C3B2012B10B540F096804DF6C0239942E7
:100C600070D028D8B1F5615F6FD011D8B1F5965F1B
:100C70006DD008D8B1F5966F6BD0B1F5166F6BD00B
:100C80006FF007005DE0B1F5165FF9D1454B33E039
:100C900047F61223994262D007D8B1F5964F61D03A
:100CA000B1F5E14FECD1404B26E0B1F5164FE7D15D
:100CB0004FF41D0320E03D4B994255D011D8B1F5BA
:100CC000E13F54D007D8B1F5614F53D0B1F5963F0D
:100CD000D6D1374B10E0B1F5613FD1D14FF06C73F5
:100CE0000AE0B1F5612F48D0324B994248D0B1F5B6
:100CF000E12FC5D14FF0E86310F4E06F46D110F456
:100D0000404103D0B1F5804F43D1102110F440523F
:100D100003D0B2F5805F3FD10E2210F4403003D0F3
:100D2000B0F5403F3BD10120234C20766276E36151
:100D3000A1760A4324681043C4F82435C4F86C052E
:100D4000002010BD4FF46503D6E71C4BD4E71C4BC5
:100D5000D2E74FF49E23CFE74FF41D23CCE74FF4A7
:100D60000003C9E7174BC7E74FF08063C4E74FF0B4
:100D7000EB73C1E74FF46B03BEE74FF07063BBE763
:100D80004FF08053B8E76FF00300DAE76FF0080028
:100D9000D7E76FF00A00D4E76FF00900D1E76FF0F2
:100DA0000B00CEE70050270000C0750090D0030074
:100DB00000903A0140420F008010002000F03A00FD
:100DC00000B0130000A04E0010B5114C204600F0FA
:100DD00029FE0021206884F8201000F0ABFF226873
:100DE00042F30732002A11DB012153099B0003F172
:100DF000604303F56143D3F8800202F01F0201FA59
:100E000002F20243C3F88022D3F88032002010BDE2
:100E10008010002010B5264C002120688EB000F014
:100E20007BFF226842F30732002A12DB01205309BC
:100E30009B0003F1604303F56143D3F8801202F095
:100E40001F0200FA02F221EA0202C3F88022D3F85C
:100E500080322422002105A804F0AFFFD4E9021259
:100E60004FF0FF33CDE90133CDE903334FF0EB739E
:100E70000B93072301A88DF8363001F002F90146E3
:100E800000220B4800F03AFA0A4B98420DD10C9B15
:100E9000002023831B0CA3760B9BC4E90400E361B1
:100EA000012384F820300EB010BD6FF00100FAE786
:100EB000801000200000AD0B7FB500250C46C0F867
:100EC00008511646D0F80821D0F8002222F020025E
:100ED000C0F80022104AC0F8082301F023F9A560E9
:100EE000256104F14C03D3E8EF1F21F47F0121F4C5
:100EF0007041C3E8E21F002AF5D110222946684656
:100F000004F05BFF042368468DF800300196D4E9B5
:100F10000013984704B070BD10020A0000F01F03D0
:100F2000400909D1074A02EB8303D3F80012064AAD
:100F30000A40C3F8002270470022803352F8233061
:100F4000FFDE00BF00258450F0F8FCFF2DE9F04FD4
:100F5000804690F804A05020664F0E4600FB0A70B1
:100F6000416885B049B113F0020304D0836B002BB4
:100F700000F0B2800123009300E000914FF050098F
:100F800009FB0A73DB6CD90600F1A6804FF0010B58
:100F9000B3180293029BB34200F0A78006F06043AF
:100FA000039398F80450D8F8004009FB05739A6B36
:100FB0009AB9039BB3F1005F40F09980019200F071
:100FC00005FE09FB0572D16C204601F0010101F01C
:100FD00077F828B900F002FEE3E701230193EEE77A
:100FE000516C33460029BCBFD4F84C155164019AAA
:100FF00042B109FB05713078D1E90E23D054D1E913
:101000000E3213441BB1C4F84435C4F848B500226D
:10101000C4F82021D4F82011C4F85821D4F858116C
:10102000C4F85021D4F850210822C4F80025009AB1
:10103000E2B14FF48003C4F80433C4F808B000F000
:10104000CDFD502303FB0A72516800294BD1D26CAD
:10105000120748D503FB0A734C33D3E8EF1F21F086
:101060000801C3E8E21F002A36D0F6E7C4F808B04A
:10107000019300F0B3FD09FB0572D16C019B01F0F7
:1010800001012046019301F01BF88446019BD4F82E
:101090004C05D4F84425BCF1000F0DD19342F0D09B
:1010A00005EB850507EB0515D1B100F08FFD29464D
:1010B000204601F049F8C2E705EB8505934207EBAE
:1010C0000515F1D10028EFD100F080FD294620461A
:1010D00001F03AF800F082FD074805B0BDE8F08F56
:1010E000C4F80CB0E1E7013654E70448F5E70448DA
:1010F000F3E700BF3C1900200800AD0B0000AD0B6A
:101100000400AD0B430904D10123034A83409360DB
:10111000704700239B60FFDE0025845000F01F0312
:1011200040090BD1084A02EB8302D2F80012074BA8
:101130000B4043F00303C2F80032704700228033B3
:1011400052F82330FFDE00BF00258450F0F8FCFF8A
:101150002DE9F84391F8303005460C4690F80480AC
:101160000F6853BB5023DFF85091781C03FB0893A2
:10117000DE6C46F00072DA6404D03846FFF7C2FF36
:10118000FFF7CCFF6068411C01D0FFF7C7FE94F861
:101190002C30012B11D1502303FB0893E06846F05B
:1011A0002066421CDE6401D0FFF7B8FEA068431C35
:1011B00003D0FFF7A7FFFFF7B1FF94F82F0038B96E
:1011C00050223D4B02FB0833DA6C42F08072DA6445
:1011D00094F82CC094F82D1094F82EE0A26A2B6895
:1011E00041EA0C01E668D4E90198C3F824254EEAE7
:1011F0000102C3F86C2550B9BCF1010FC3F80C759E
:10120000C3F8149504BFC3F80885C3F81065D3F874
:10121000682503F26458012A08BFDA60D3F8642510
:10122000012A13D1082149F64046244FC3F800157E
:1012300047F001075A60D8F800309BBB2B68D3F801
:101240008024C3F880240022C3F8002500212B68E5
:1012500094F83220C3F81011D3F81001C3F820110C
:10126000D3F82001C3F82411D3F82401C3F84411A2
:10127000D3F84401C3F85811D3F8581143F3073396
:101280005201002BD2B212DB0D49C81880F800239E
:101290000122580903F01F0302FA03F341F820303A
:1012A000BDE8F8834020B847013EC4D1C6E70549F0
:1012B00003F00F03CA54F3E73C1900203036000056
:1012C00000E100E014ED00E000F01F0340090BD145
:1012D000084A02EB8302D2F80012074B0B4043F09E
:1012E0000203C2F8003270470022803352F82330E4
:1012F000FFDE00BF00258450F0F8FCFF2DE9F34726
:101300009046502290F80490514C02FB09FA04EBED
:101310000A070D4697F848100646002940F08580D8
:1013200009EB890004EB001004F047FD2B69AA6962
:1013300044F80A306B69BB6302B1013A502303FBE6
:101340000943DA632A6A042A81BFEA699A610022A2
:10135000DA6195F83130B8F1000F37D083F001072A
:101360003F0233B1502303FB0943DA6C42F0010220
:10137000DA64502303FB09440123C4F8048084F891
:1013800048303468D4F84C2112BB29463046FFF768
:10139000DFFE0822002334688DF80730C4F80025EA
:1013A0000DF10702C4F84425C4F8483501230A2585
:1013B000A360E360D4F85831002B38D1254B40208E
:1013C00043F001039847013DF4D128E04746C8E7C0
:1013D00008224FF06409C4F8002563601D4B43F0F8
:1013E000010AD4F84431F3B9D4F82431DBB94FF40D
:1013F0002070D047B9F10109F3D14B460022C4F85F
:101400004C21D4F84C11C4F81021D4F81011C4F8B0
:101410004421D4F84411C4F80025002BB5D10E485E
:1014200002B0BDE8F0870123E8E70C48F8E70023A5
:10143000C4F820319845D4F82021C4F80035084B71
:1014400008BF00231F4333680648C3F80473E7E767
:101450003C190020303600000100AD0B0C00AD0B34
:1014600010020A000000AD0B2DE9F04784460F463C
:101470009E4616460579002A51D04FF0500ADFF8F3
:10148000BC80D0F800900AFB058ADAF8044074B9F1
:101490006BB9DAF82C50002D43D1CAF82C20FFF795
:1014A00055FD0446CAF82C502046BDE8F0871EF0D2
:1014B000030F07D0734632463946BDE8F047604611
:1014C000FFF744BD07F06043B3F1005F4FF05004F5
:1014D00014D104FB058400F079FBE26A1AB1134CC5
:1014E00000F07CFBE0E7C4E90A7605EB8505484699
:1014F00008EB051100F033FE0D4CF1E704FB058409
:10150000A36B83B100F062FBE36A002BE7D1E36CCD
:10151000012243F00203C4E90A76E364E5E7054CDF
:10152000C2E7024CC0E7044CBEE700BF0B00AD0BA6
:101530000000AD0B0600AD0B0A00AD0B3C190020FE
:101540002DE9F84350230679284D046803FB065320
:10155000D4F80473DA6AC4F8087322B92448C4F8CA
:101560000473BDE8F88306EB860005F14C024FEAF0
:10157000001802EB0012D2E8EFCF4CF0080CC2E8E2
:10158000E0CF0028F7D10122E26031B3D96C01EA43
:1015900002094946204600F093FD0028FAD000F0E9
:1015A00015FBB9F1000F1CD1D4F8203153B1012340
:1015B000E360D4F85831002BFBD0204605EB08013E
:1015C00000F0C2FD00F00AFB0023C4F82031D4F87B
:1015D0002021502202FB0655EB620648C4F8047332
:1015E000BFE7D4F85831002BE7D1EBE73C190020D6
:1015F0000500AD0B0000AD0B2DE9F84390F8048019
:101600004A4E08EB88073F0107F14C050468354452
:10161000D5E8EF3F43F48052C5E8E02F0028F7D12A
:10162000DA047FD44B0705D5502303FB08639B697D
:10163000002B79D03E4B3744C4F808330823C4F854
:1016400000350023C4F81031D4F81021C4F84C310F
:10165000D4F84C21C4F844310A03D4F844318B0344
:1016600003F4804302F400524903134301F40041A0
:101670000B43D5E8EF2F1A43C5E8E12F0029F8D135
:101680004FF0500909FB0869D9F80830EBB9D9F8CF
:10169000043093B9502303FB0863DB6CD8043FD5B7
:1016A000D5E8EF3F23F47F0323F47043C5E8E23F1E
:1016B000002AF5D11F48BDE8F8830321384600F021
:1016C0000CFDD9F80830002BE4D0D4F804335907C6
:1016D00013D5502303FB08635A6872B1DB6C1A03FD
:1016E0000BD5D5E8EF3F23F40023C5E8E23F002AFD
:1016F000F7D10621384600F0F0FC502303FB0863C5
:10170000DB6CDB040CD5D4F84C310BB9012323601E
:10171000502303FB0866736813B1054BC4F8043308
:101720000548C8E70548C6E70548C4E73C19002056
:1017300010020A000200AD0B0000AD0B0B00AD0B58
:101740000800AD0B2DE9F84F502390F804905B4E44
:10175000046803FB09631746DA6CD4F804A350034A
:101760008846C4F808A300F1A38001F06041B1F1FC
:10177000005F40F09F80996859B15B68002B40F092
:101780008380D4F8101100297ED0C4F81031D4F829
:101790001031502505FB0965EA6909EB890BC5E99C
:1017A00002874FEA0B1B002A49D0974235D84FF0E9
:1017B00000093A46A9694046C5E9029904F0D8FAF9
:1017C000EA69A869D21BC119EA6104F09BFA6B6847
:1017D00023B93B48C4F804A3BDE8F88FEB6C5E4422
:1017E000990414D5374B5B44D3E8EF1F41F48021B3
:1017F000C3E8E21F002AF7D13A464146304600F0DE
:101800007DFC4A4631462046FFF756FBE1E73A4663
:101810004146304600F072FCDBE74046A96904F01F
:10182000A7FAEB696B620023EB61264B5B44D3E8BC
:10183000EF1F41F40021C3E8E21F002AF7D1502333
:1018400003FB0963586ADA689968DB6C121A014471
:10185000C4F83415C4F83825DA04BAD5194B5B44FA
:10186000D3E8EF1F21F48021C3E8E21F002AF7D15B
:1018700001232360D4F84431002BAAD00023C4F8FC
:101880004431D4F84431A4E7502303FB096633699B
:1018900093B95304C4F83485C6E90487C4F838758D
:1018A00097D5D4F8003243F02003C4F8003290E713
:1018B00005488FE705488DE705488BE73C19002070
:1018C0000000AD0B881900200500AD0B0A00AD0B20
:1018D0000B00AD0B50232DE9F0414E4D90F80480E4
:1018E000046803FB0853D86CD4F8007200F482201B
:1018F000B0F5805F05D009B10022DA614648BDE845
:10190000F081D4F80463C4F8086309B9BB0652D463
:101910004FF4A111D4F8003223F02003C4F80032B0
:10192000502303FB08574C37D7E8EF0F0843C7E8AD
:10193000EC0FBCF1000FF7D122B903FB08535B6831
:10194000002B63D1354BC4F8083301236360D4F80E
:101950004431002BFBD00023C4F84C31D4F84C2187
:10196000C4F81031D4F81021C4F84431D4F844211B
:10197000502202FB0852D16C11F400411ED1D161FA
:10198000204600F0CFFB502303FB08550023AB603B
:101990002B61D7E8EF3F23F47F0323F47043C7E8BC
:1019A000E23F002AF5D126F4202626F404761C48CE
:1019B000C4F80463A3E74FF48031B1E79269C4F837
:1019C0004C31D4F84C11C4F834250522C4F838251C
:1019D000C4F81031D4F810310123E362D4F8103187
:1019E000002BFBD00023C4F81031D4F81031D4F808
:1019F0004C210AB1D4F83C25502303FB0853DA618B
:101A00000023C4F84C31D4F84C31B9E701236360AA
:101A1000CDE700BF3C1900200500AD0B10020A0005
:101A20000000AD0B2DE9F8432F4A03680679C3F88F
:101A3000082343F30733002B04460DDB01215A0929
:101A400003F01F03994002F12003284A42F82310B3
:101A5000BFF34F8FBFF36F8F012220461146FFF770
:101A600039FF01212046FFF76BFD50212279204DDF
:101A7000236801FB0252D46CD3F80C05E201D3F8C1
:101A80001495D3F80875D3F8108509D54FF0FF32B7
:101A9000C3F80C25C3F81425C3F80825C3F810258E
:101AA000A30116D5411C01D0FFF70EFCB9F1FF3F91
:101AB00002D04846FFF708FC22010AD5B8F1FF3FE3
:101AC00002D04046FFF700FC7B1C02D03846FFF7EF
:101AD000FBFB5023002203FB0653DA6483F8482003
:101AE0005A60BDE8F88300BF10034A0000E100E03F
:101AF0003C19002010B5502402790E4B04FB023330
:101B00005B689BB90368D3F80025082A05D011B19A
:101B1000D3F83C350B60084810BDD3F810213AB11A
:101B200011B1D3F83C350B600448F5E70448F3E7FE
:101B30000448F1E73C1900200C00AD0B0000AD0B90
:101B40000800AD0B0B00AD0B2DE9F3410546164621
:101B5000FFF7F8FD184B0446984226D1032128468A
:101B600095F80480FFF748FD144FB84201D0A04219
:101B70001FD15022124B02FB08335B68ABB90193B3
:101B8000284601A9FFF7B6FFB842F9D00D4B98429D
:101B90000AD0019BB34207D301222846114602B066
:101BA000BDE8F041FFF796BE074C204602B0BDE805
:101BB000F0810446F9E700BF0000AD0B0B00AD0B50
:101BC0003C1900200C00AD0B0800AD0B72B6024AA8
:101BD00013680133136070478C190020034A13689F
:101BE000013B136003B962B6704700BF8C19002037
:101BF0000722024BC3F80423704700BF0030005097
:101C0000084BD3F80801D3F80021003818BF012091
:101C100080000AB140F00100D3F804310BB140F06C
:101C200002007047003000500022074BC3F800212B
:101C3000D3F80011C3F80421D3F80411C3F8082124
:101C4000D3F80831704700BF003000500023172040
:101C5000094A03F5C0710133202B42F82100F8D165
:101C600000231720044A03F5E0710133202B42F8CA
:101C70002100F8D1704700BF0030005010B59DF82A
:101C80000840C00B43EA0423064CC90B43EA021385
:101C9000884200D910BDC2B202F5C07244F82230A9
:101CA0000130F5E70030005010B59DF8084000F114
:101CB000604043EA042301F16041074C400B490BAB
:101CC00043EA0213884200D910BDC2B202F5E072A5
:101CD00044F822300130F5E700300050C0F30E0325
:101CE000C3F50043B3FA83F3C3F11B03064AC0F301
:101CF000C730DBB240F4807043F48073C2F8000553
:101D0000C2F80435704700BF00300050430301485B
:101D100018447047FF1FF81F054BC0F30730090236
:101D200041F0300100F5007043F82010704700BF0B
:101D300000300050044BC0F30730090200F500707A
:101D400043F82010704700BF00300050003A18BF21
:101D50000122003918BF012103688900074841EAC0
:101D60004201186359605A6842F001025A60BFF399
:101D70004F8FBFF36F8F0020704700BF04AAFF0092
:101D800008B5FFF73DFF044B162118600348BDE876
:101D9000084000F058B900BFD81F002036360000B8
:101DA0000C22014903F0E4BFD81F002010B501F058
:101DB00090FB044690B902F037F8044680B90A4A0D
:101DC0002E21D368094823F008031B041B0C43F0A1
:101DD000BF6343F40033D36000F035F9204610BDF3
:101DE00045F22354FAE700BF00ED00E04C36000056
:101DF000024B1860024B002019607047E81F00205A
:101E0000E41F00201FB5374C426923685A6282697B
:101E10009A62C269DA62026A1A63426A5A63826A21
:101E20009A63C26ADA63026B1A64426B5A60826B0D
:101E30009A60C26BDA60026C1A61426C5A61826C01
:101E40009A61C26CDA61026D1A62826D5A65C26D66
:101E50009A65026FDA65026E1A66826E5A66426F82
:101E60009A66EFF388825A64EFF389829A64426833
:101E7000DA64EFF394821A65026801A81A67FFF723
:101E80008FFF2368019ADA6601221A70164B1C68CC
:101E9000640864002046214622462346B7EE000A25
:101EA000F7EE000AB7EE001AF7EE001AB7EE002AB6
:101EB000F7EE002AB7EE003AF7EE003AB7EE004A26
:101EC000F7EE004AB7EE005AF7EE005AB7EE006A96
:101ED000F7EE006AB7EE007AF7EE007A04F02DF81C
:101EE00004B010BDE81F0020E41F002000B5A1B021
:101EF00001A8FEF75BFD029B63B15B060AD4019B60
:101F000023F00203052B05D1044B1B6813B101A874
:101F1000FFF778FF21B05DF804FB00BFE41F00204D
:101F2000BFF34F8F0549064BCA6802F4E0621343C2
:101F3000CB60BFF34F8F00BFFDE700BF00ED00E0B7
:101F40000400FA0538B543680C2B01D0022038BDD7
:101F50004B68042BFAD14FF0FF3304680D682168F9
:101F60002B600029F2D0A268002AEFD006230120BE
:101F700001F001FA0028E9D161681D4B99420AD9A4
:101F8000A2681C488B1883420ED8206803F0F0FE2C
:101F900000202860DBE7184B9942D7D9A2680933A3
:101FA00088189842D2D8F0E714488142CED9144814
:101FB0008342CBD80A43930701D00320C7E72368A5
:101FC000C91AA068CA180028E2D0EFF310800128CF
:101FD00008D11268BFF34F8F43F8042BA268043A6C
:101FE000A260EEE772B61268BFF34F8F62B6F3E7F6
:101FF000FF01FF002C02FF002F01FF000781FF00FF
:102000000084FF004FF47F03D3F83001D3F834315C
:10201000BFF34F8FC0F30B00A0F1090358425841A2
:1020200070474FF47F02D2F83031D2F83401BFF359
:102030004F8FC3F30B03092B03D1431E5842584162
:10204000704700207047FEF745BD012070476FF0D4
:1020500003007047002382B00193019802B07047DB
:102060006FF003007047002382B00193019802B023
:102070007047022814BF6FF0030000207047FEF77E
:10208000ABBD70B540F2FF1501EB8202914200D169
:1020900070BD51F8044BC4F30803640CAB4208BF95
:1020A0004FF0FF33032CF1D8DFE804F002040608F8
:1020B0000360EBE74360E9E78360E7E7C360E5E7D8
:1020C0000346D0F8580130B931B9D3F820010038AF
:1020D00018BF012070470120704730B504460D46F7
:1020E00085B010220021684603F067FED4E9001392
:1020F00068468DF80050984705B030BD7FB504465E
:102100000E46154600211022684603F056FE0123B4
:1021100068468DF80030CDE90165D4E90013984791
:1021200004B070BD10B50446FFF750FDD4F8583127
:1021300033B1D4F8043313F4800308BFC4F8003576
:10214000BDE81040FFF74ABDD0F8583133B1CB6C31
:10215000C3F30032DB0458BFC0F80025704770B5E8
:10216000CE6C0D4606F001010446FFF7A9FF38B911
:102170004FF4800346F00406EE64C4F8043370BDE7
:10218000D5E90A365AB1296CEA6B761A964228BF0D
:10219000164619443246A86B03F0EAFDAB6B4FF0CC
:1021A000FF326A641BB1C4F84435C4F848650023A3
:1021B000C4F82031D4F82021C4F85831D4F858217B
:1021C000C4F85031D4F850310823C4F800354FF426
:1021D0008003C4F804330123A360D0E7C003704731
:1021E000C00300F5FF407F307047002070471F207C
:1021F00070474FF40040704700F57F40C030400307
:102200007047402070475F2070474FF40050704780
:102210004B6830B513F01F052DD102680C681068AB
:10222000C0F30720844226D25068556094600C7C2D
:1022300023F01F0304F001041C438B7CDB0003F03C
:1022400018031C434B7C5B0003F006032343D3605D
:102250008B68013B23F01F04CB685B0003F00E0387
:10226000234343F0010313615060BFF34F8FBFF36B
:102270006F8F284630BD0120FCE7036800205A68B4
:10228000C9B258609960D86018615A60704770B5DB
:102290000546002403681E68C6F30726B44201D130
:1022A000002070BD21462846FFF7E7FF0134F5E71F
:1022B0000020704708B5FFF719FE72B620BFFDE792
:1022C000034610B10020187070474AF2C5307047BD
:1022D0000020704770470346012B084670B5114631
:1022E00007D0042B09D0002B31D1BDE87040FFF797
:1022F00029BEBDE8704000F02CB84368082B01D01F
:10230000022070BD5468042CFAD14FF0FF330568E9
:102310001668296833600029F2D06B68002BEFD073
:1023200026237422012001F026F80028E8D1224655
:1023300023230120696801F01EF804460028DFD13C
:10234000D5E90001FFF754FD30602046D9E70320AE
:10235000D7E743680C2B01D0022070474B68042B51
:10236000FAD10B6801210268196011680131F3D1BB
:102370000221906819600028EED1186070470000B3
:1023800030B50C46154685B038B139B1FFF75BFE64
:10239000041E03DA204605B030BD044640F60D2386
:1023A000ADF80E3009230B4901A805F00F028A5C35
:1023B0002D091A54013B012BF7D147F630030C21AC
:1023C000ADF80430FFF73FFE0028B4BF04462418E0
:1023D000E0E700BF7A36000007B51E4B83F30A889A
:1023E0001D4801F061F848B100F078FE00F016FCDD
:1023F00000F0E2F8002003B05DF804FBFFF7D6FC24
:102400000028F1D121211548FFF71DFEFFF750FFED
:102410000028E9D10DF10700FFF752FF0028E3D1B2
:102420009DF807301BB1FFF753FF0028DCD1FFF701
:1024300051FF00F007FC35210948FFF704FE172182
:102440000848FFF700FE18210748FFF7FCFD00F0E1
:10245000E1FDCBE700040020901900208A3600003F
:10246000AB360000E0360000F736000030B5094C0E
:10247000024661680023084640B105686D689542D0
:1024800005D11BB1826860609A60816030BD0346EF
:102490008068F1E7141A002038B504462AB10B68A9
:1024A0009B68DB0512D5002038BD0B4B1D680DB9AC
:1024B00000F014FE00222B68996934338A4203D05D
:1024C00053F8040FA04204D19142ECD16FF0FC000C
:1024D000EAE70132F2E700BF1C1A002070B504469B
:1024E0000E461546002130220C3003F066FC064BE8
:1024F00020461B68A6606360656100F0DBFE002378
:102500002061236070BD00BF1C1A0020034B1868B7
:1025100010B1006800B14068704700BF1C1A00206D
:10252000064B10B51C680CB900F0D8FD23689B68F9
:1025300013F4406F14BF0120002010BD1C1A0020AE
:102540002DE9F843904607460C46FFF7E9FF02469F
:1025500024B96FF080042046BDE8F8836300F8D505
:10256000144B04F01F0153F82150002DF1D02B68BB
:1025700029465868FFF790FFB0B9C4F307212846F1
:1025800000F0AEFD04460028E3D1EFF3108972B6E7
:1025900000F09DFE064689F3108840B14246294668
:1025A000FFF79CFF3E60D6E76FF08104D3E76FF042
:1025B0008204D0E7941900202DE9F04100F086FE56
:1025C0000023144E144F73607B6000F0E7FADFF8CD
:1025D0004C80304600F024F80446A0B139468023F0
:1025E000424600F0A3F80546204600F0AFFD206803
:1025F000211D00F07DFB08B100F070FD294620464A
:1026000000F078FAE5E7FEF79DFABDE8F04100F04A
:1026100087BA00BF201A0020141A00209419002045
:10262000F8B5054608B900F059FD3B4E346814F181
:10263000310F6ED8394B196804F130038B4268D2E0
:10264000E369A26903EB83030E321344226A02EBAF
:1026500042021344626AC2EBC20213449B00E318B5
:1026600001D2994201D200F039FD23682C4A1B0C9B
:102670001B04934201D000F031FD2388B3F5817F24
:1026800001D300F02BFD6368002B01DA00F026FD7A
:10269000D4E90A239A4201DD00F020FDA36813F477
:1026A000406F22D11F4A176807F1200313601E4AAA
:1026B0001268934201D900F011FDE369A26903EBAE
:1026C00083030E321344226A3C6002EB420213443D
:1026D000626AC2EBC2021344326802EB83026B6887
:1026E0003260FB616F603846F8BD6F68002FD9D04B
:1026F0003B689A6812F4406F09D0E16A9A6A914285
:1027000005DBA26ADB6A9A4201DC00F0E7FCFF69A4
:10271000ECE70027E7E700BFAC1000201837000007
:1027200000005F5FA8100020143700002DE9F74F6C
:102730000F4690460646009300B109B900F0CEFC62
:10274000D6F800A0DAF818200AF1380303EB820B60
:10275000DAF81C40204B1D6854B10C2202FB0454D3
:102760001C601E4B1B689C4201D900F0B7FC2C4634
:1027700025464FF00009DAF81C204A4500D91CB95B
:10278000002003B0BDE8F08F142303FB09B200233F
:10279000C5E900269268AB60930516D5B8F1000F25
:1027A00002D0009B802B03D0019200F097FC019A8D
:1027B00012F0E00FD0B202D158F820201AB10190E7
:1027C00000F08CFC019848F820507A6809F1010962
:1027D000AA607D600C35CEE7A41000201037000001
:1027E0002DE9F04F93B000935E4B0746D3F800B04D
:1027F0000BB2002B0D461646C1F30269C1F3024A23
:1028000004DA6FF0800013B0BDE8F08F8B42C36034
:1028100001D10020F7E709EB0A03042BF1D8CC0F14
:1028200064014FEAC90831464246DBF8040044F02F
:10283000020300F0A0FD01460028E2D1202202A8F8
:1028400003F0BBFA4246314602A84FEACA0603F03B
:102850008FFA32460099DBF8040044F0060300F0DA
:102860008AFD80460028CCD1014620220AA803F028
:10287000A4FA324600990AA802AE03F079FA334668
:1028800008F10108C14514D91A46C4460DE0D2F832
:1028900008E0D16818687144884203D25968084436
:1028A0008645AED30CF1010C0832CC45EFD108338C
:1028B000E6E715F0006F18BF20241022002107F171
:1028C0001C0003F07AFA07F118081022002107F122
:1028D0002C0003F072FA08EB890944F00203C845A2
:1028E00012D1202C27D1002D02DBC5F3C0456C018D
:1028F00007F128050AAE05EB8A0A44F0060455459F
:102900001BD1009BFB6784E77268DBF8040056F874
:10291000081B019300F02FFD00287FF472AF56F8DA
:10292000042C019B48F8042F56F8082CC8F83000F6
:10293000C8F82020D3E70024DAE77268234656F867
:10294000081BDBF8040000F016FD00287FF459AFE7
:1029500056F8043C45F8043F56F8083C28642B63BD
:10296000CDE700BF1C1A00202DE9F0411F461A4B8D
:102970000D461646D3F8008000F0C4FB044608B9A3
:1029800000F0ACFBE368002B01DA00F0A7FB032D9D
:1029900001D900F0A3FB04EB8504E569E36CED1AB3
:1029A00016D006233A463146D8F8040000F0E3FC7E
:1029B00008B100F093FBBD4228BF3D46E36CE16BDC
:1029C0002A461944304603F0D3F9E36C2B44E36400
:1029D0002846BDE8F08100BF1C1A00202DE9F04117
:1029E0001D461A4B0F461646D3F8008000F08AFBAE
:1029F000044608B900F072FBE368002B01DA00F02E
:102A00006DFB032F01D900F069FB04EB8704E36A37
:102A1000E26E9B1AAB4201D200F060FB02232A4611
:102A20003146D8F8040000F0A6FC08B100F056FBCF
:102A3000E36EE06D2A463146184403F099F9E36EDF
:102A400000202B44E366BDE8F08100BF1C1A002083
:102A50002DE9F04105464FF001080E4E0E4B376848
:102A60005C681CB928463760BDE8F081226893682D
:102A700013F400700CD16369012B09D0D368346062
:102A800023B19847002801DA00F028FBC4F814802D
:102A9000E469E6E71C1A0020201A002070B50446FD
:102AA000D0B18368C3B11A68B2B15D68A5B10C4BEF
:102AB000A86168691D6020B92B68DB684BB90123E8
:102AC0006B61A36804F10C001B68BDE870401B69D2
:102AD000184798470028F2DA6FF0800070BD00BFF9
:102AE0001C1A00204268024B08461A60704700BF5B
:102AF0001C1A00200022036810B5C0E905229A685C
:102B0000044612F4406F07D0120503D5D3E90A0139
:102B100000F034F8014B1C6010BD00BF1C1A0020EF
:102B200038B5124B1B681C68A36813F4406F01D1C1
:102B300000F0D4FA00F09CF9226B23690C4913448D
:102B400023F00703A3F1080543E9021185F309887F
:102B5000073222F0070282F30B88BFF36F8F054B19
:102B6000E268054900F0E5FC002038BD1C1A002091
:102B7000A5EDF5FEF80B0020512A0000014BC3E93A
:102B800000017047281A0020034BD3E9003083422C
:102B9000C8BF0020704700BF281A002008B500F009
:102BA0005BF9034B986000F05DF980F3888808BDFD
:102BB00000ED02E0EFF308807146EFF30982EFF3D6
:102BC0000B830CB406B400F045FA8646009900F079
:102BD000080001F00801401A02DC12DB04B0704763
:102BE0001EF020031CBF2DE9F00FBDF1080D0A4CAB
:102BF000254626462746A046A146A246A34630B40F
:102C0000704704B030BC1EF020031CBF1DF1080D3E
:102C1000BDE8F00F04B07047A5EDF5FE084BDA688B
:102C200082F07F4282F47F0242F48042DA60002226
:102C30001A765A76DA76DA77602283F8222070479D
:102C400000ED00E0114BD3F8882042F47002C3F885
:102C50008820BFF34F8FBFF36F8FD3F88C2042F4DF
:102C60004062C3F88C20D3F8342242F08042C3F88B
:102C70003422D3F8342242F03C42C3F834224FF0DD
:102C8000E022D36843F42003D360704700ED00E0F6
:102C9000009A164B9A4227D101229043014641ECFB
:102CA000100B41EC110B41EC120B41EC130B41ECFE
:102CB000140B41EC150B41EC160B41EC170BEFF329
:102CC000148222F0040282F31488BFF36F8F02464D
:102CD0000346044605460646074680468146824628
:102CE0008346844686460447FEE70000A5EDF5FED0
:102CF0002DE9F041044618B943F6DA30BDE8F08119
:102D00000029F9D08368002513F4406F14BF012314
:102D10000023134F43F00203DFF848800B6000F1FB
:102D20003806236AAB4201D80020E7E71421A369E3
:102D3000E26906EB830301FB02330C226A43991814
:102D40008968090709D59B58BB4201D04345D3D1B7
:102D5000186810B10121FEF7DFFF0135E1E700BF80
:102D6000BC100020B410002070B5324C86B0324840
:102D7000FFF78DFA236801255A1C01932F4B22601F
:102D8000DA681B694FF44076039300232A4801A9AF
:102D900002920495ADF814608DF81630FFF738FAFA
:102DA00018B143F6DA3006B070BD23688DF816000E
:102DB0005A1C0193224B20480293224B01A9CDE9D2
:102DC00003352260ADF81460FFF722FA0028E8D13D
:102DD00023688DF816005A1C01931B4B164802936A
:102DE0001A4B01A9CDE903352260ADF81460FFF755
:102DF0000FFA0028D5D123688DF816005A1C0193CC
:102E0000134B0D480293134B01A903930223049320
:102E100040F201132260ADF81430FFF7F9F90446CF
:102E20000028BED12A4629460348FEF78FFF2046D8
:102E3000B9E700BF301A0020B01000201C37000096
:102E400000380000606100004006000040060000FD
:102E5000000C0020200C0020014B1868704700BFB8
:102E60001C370000014B1B68186870471C370000B6
:102E7000014B1B68586870471C37000008B5FEF707
:102E80007FFFFEF7D1FE0A4B5A68103AD3B2120602
:102E900009D401215A0903F01F03994002F160038C
:102EA000044A42F82310BDE8084000F017B900BFFB
:102EB00000ED00E000E100E00020034BD8765A6A04
:102EC00042F470225A62704700ED00E00349044B5F
:102ED000CA68002092B21343CB60704700ED00E057
:102EE0000800FA05064BD3F8D02022F00102C3F8FF
:102EF000D020D3F8D02042F00202C3F8D02070478F
:102F000000ED00E037B50124FEF7A0FE164D224685
:102F1000052347F6FF7100200094FEF7AFFE22461E
:102F200007234FF0005011490094FEF7BDFED5E98C
:102F30000101072300220094FEF7A0FE07230022D0
:102F40000B490C480094FEF7AFFE2969E868013987
:102F5000FEF7C4FED5E90501062300220094FEF722
:102F60008DFE002003B030BD1C370000FF7F002025
:102F7000FFFF03200080002038B500240D4D002104
:102F800055F8040B0134FEF7D5FE1D2CF7D10020B7
:102F90000122094BC3F88004C3F88424C3F8C00499
:102FA000C3F8C42440F2011203F55833C3F8402596
:102FB00038BD00BF383700000030005000224FF00D
:102FC000FF300D4B02F1A0010132102A43F821001D
:102FD000F8D1D3F88022002022F00802C3F8802222
:102FE000D3F88022D3F8802222F48072C3F88022A2
:102FF000D3F88032704700BF00E100E008B5FEF76B
:10300000F7FD0822024BC3F880211A60002008BD9A
:1030100000E100E00122014B1A607047341A0020E1
:1030200010B50446094B2289186861680623406878
:1030300000F0A1F928B9064B1B68012B01D1FFF75D
:1030400065FA6FF08603236010BD00BF1C1A0020D4
:10305000341A002001F00C0370B50C2B0CBF154680
:1030600005464A060C461ED58B0658BF2835AB6967
:1030700013F8026C84F00803C3F3C003C6F3801294
:10308000934201D000F02AF816F0A00F1CD176B1BF
:10309000032E15D032461C210D48FFF771F96FF051
:1030A00083032B600AE000F019F82026E2E7FFF71F
:1030B00083FA04460146074800F035FA204670BD01
:1030C0002846FFF7ADFFF9E732461F210248E4E743
:1030D000AC370000F80B0020C8370000FFF7EAB853
:1030E00003689A68DB6812F4806F05D18B422CBFAD
:1030F00000206FF0FA0070478B420CBF00206FF089
:10310000FA00704710B500F0D8F8044600F0E6F871
:1031100050B9FFF7FBF9A3685B681B685B688342E3
:1031200018BF0024204610BD0024FBE738B5054633
:1031300048B1FFF729FDB5EBD07F044601D0FFF77A
:10314000CDFF204638BDFFF7E1F9F4E77047823044
:10315000012808B506D8FFF7E3F918B9BDE808401B
:10316000FFF7BCBF08BDF8B505460E46FFF7CAFF1E
:10317000044608B9FFF7B2FFA7680FB9FFF7AEFF23
:10318000E368991C4BD05A1C26D1002E44D016F16E
:10319000820F19D1022301252360EFF3108772B645
:1031A00031462046FFF79EFC064687F310882368C9
:1031B000022B1CBF0023236025B10023204623607F
:1031C00000F08EF83046F8BD16F1830FE2D0FFF71D
:1031D00085FF00250026E0E7002BF8DB002304F143
:1031E000280252F8041F19B1E16F106C19444860AD
:1031F0000833202BF5D13B689D6815F4007502D08B
:1032000002230125236016F1810FC6D16369002BCB
:10321000C3DBFFF763FFC0E72E460025F3E7012578
:10322000D8E708B5FFF746F86FF0830008BD2DE931
:10323000F3410E46174698460546FFF771F9FFF72A
:1032400075FF2946024601A8FFF77AF9044660B9DE
:1032500043463A4631460198FFF7C2FA044640B168
:103260006B0002D5019800F03BF8204602B0BDE8A3
:10327000F0810198FFF712FC0122019B04461A60BD
:10328000F3E740F20110704770B50546FFF748F9C3
:1032900006462846FFF7EAF8044608B9002070BD44
:1032A000014632462846FFF7F7F80028F6D1236892
:1032B000D868F4E74FF480507047B0F5805F03D1D1
:1032C000EFF30B8080387047002070477047EFF3B2
:1032D0000B8000F1800383F30B8870470020704758
:1032E000EFF30B83803B83F30B88704780EA000089
:1032F000E1EE100A00EE100A00EE900A01EE100A4C
:1033000001EE900A02EE100A02EE900A03EE100A95
:1033100003EE900A04EE100A04EE900A05EE100A7D
:1033200005EE900A06EE100A06EE900A07EE100A65
:1033300007EE900A08EE100A08EE900A09EE100A4D
:1033400009EE900A0AEE100A0AEE900A0BEE100A35
:103350000BEE900A0CEE100A0CEE900A0DEE100A1D
:103360000DEE900A0EEE100A0EEE900A0FEE100A05
:103370000FEE900A70472DE9F0410F461546002ADE
:103380005BD0002900F08D8003F00602062A57D09A
:103390009A0740F1868008249B0648BF44F0120437
:1033A000860758BF44F00404C00709D5EFF394839F
:1033B000D9074CBF44F0040424F0040444F0120480
:1033C00022462946384602F0B9FBB0BB47E800F276
:1033D00005EB0708110E120208F1FF3646E800F36C
:1033E0004FEA13605AD51B0258D5884256D047E899
:1033F00000F546E800F6FEF7F8FE2D0E85424FEA8E
:10340000166628D3FEF7F3FE864224D82846FEF738
:10341000E7FE2246C7F101010144384602F08EFB67
:10342000E0B30135AE420DD83046FEF7D7FE224656
:10343000A8EB000102F082FB80B30020BDE8F08120
:103440000124A9E72846FEF7C9FE0746FEF7D1FE8C
:1034500022460146E1E7FEF7D4FE85421ED3FEF781
:10346000D2FE86421AD82846FEF750FC2246C7F103
:1034700001010144384602F061FB78B10135AE42EA
:1034800003D83046FEF7B8FED1E72846FEF7B4FE73
:103490000746FEF7BAFE22460146EBE76FF07F00D3
:1034A000CCE74CF2DA20C9E710B50446FFF71AFD65
:1034B000FFF728FD10B143F6DA3010BDFFF75CFDD1
:1034C0000028F8D1FFF750FC0028F4D10223236034
:1034D000F3E708B5FFF7F0FC10B143F6DA3008BDAA
:1034E000FFF7F4FC0028F8D100F01CF80028F4D114
:1034F00062B6FDF70FFBFFF761FD0028EDD1FFF786
:103500007DFD0028EBD0E8E7EFF30880EFF30981B9
:103510002DE9F00F6B467246FDF74EFA08B0FFF743
:10352000ADFCFEE7704704460D46FFF7DFFEA546FB
:10353000284783F3088896460222EFF31483134347
:1035400083F31488BFF36F8F08470000014641548E
:10355000414C204552524F523A2000486172644615
:1035600061756C740D0A004D656D4D616E61676526
:10357000206661756C740D0A004275734661756C46
:10358000740D0A0055736167654661756C740D0AA8
:10359000005365637572654661756C740D0A00525F
:1035A0006573657276656420457863657074696FCC
:1035B0006E2000506C6174666F726D206578746562
:1035C000726E616C20696E746572727570742028F9
:1035D0004952516E293A2000650B00004B20000033
:1035E000150E0000C90D0000732000007F200000B0
:1035F0009D0B00004F200000850B0000910B000088
:10360000510C0000552000006120000067200000E0
:103610001B0000000E0000021A0000010F00000352
:103620000302020200000000000000000000000091
:103630000338FDD87047506C6174666F726D204519
:103640007863657074696F6E3A0D0A00416C6C2086
:1036500070696E732068617665206265656E2063AF
:103660006F6E66696775726564206173206E6F6E38
:103670002D7365637572650D0A0030313233343550
:10368000363738394142434445461B5B313B33347E
:103690006D426F6F74696E672054462D4D207632EF
:1036A0002E312E321B5B306D0D0A001B5B313B331C
:1036B000346D5B536563205468726561645D2053AB
:1036C000656375726520696D61676520696E6974EF
:1036D00069616C697A696E67211B5B306D0D0A0048
:1036E00054462D4D20466C6F6174204142493A206A
:1036F000486172640D0A004C617A792073746163C9
:103700006B696E6720656E61626C65640D0A00000E
:1037100014120020FC11002018020000008000009C
:1037200000800000FF7F0F00007C00000080000090
:1037300000800F00FF9F0F0000400050005000501D
:103740000090005000A0005000B0005000E0005079
:1037500000F00050000001500010015000400150E6
:1037600000500150007001500080015000B0015025
:1037700000C0015000D0015000E0015000F00150A5
:103780000000025000100250002002500030025091
:1037900000400250006002500080025000A0025021
:1037A000009003500025845000A00350556E6B6EAE
:1037B0006F776E2053504D205356432072657175BC
:1037C00065737465643A2000556E6B6E6F776E207A
:1037D000535643206E756D62657220726571756512
:0737E000737465643A2000D8
:103800000348044B834202D0034B03B1184770476F
:103810009C1100209C110020000000000548064B70
:103820001B1AD90F01EBA301491002D0034B03B1BE
:10383000184770479C1100209C11002000000000D8
:1038400010B5064C237843B9FFF7DAFF044B13B1E8
:103850000448AFF300800123237010BDA01800209E
:10386000000000004C61000008B5044B1BB1044986
:103870000448AFF30080BDE80840CFE70000000037
:10388000A41800204C610000A3F5803A704700BFE7
:10389000174B002B08BF134B9D46FFF7F5FF002188
:1038A0008B460F461348144A121A02F086FA0E4B42
:1038B000002B00D098470D4B002B00D098470020DC
:1038C000002104000D000D48002802D00C48AFF381
:1038D000008002F00FF920002900FEF77DFD02F0C4
:1038E000F5F800BF00000800000000000000000024
:1038F000F80B00209C110020A428002000000000EC
:1039000000000000009A074B9A4208D110B502F05F
:1039100077FA02F079F906BC96460C46744702F035
:10392000B3FA0000A5EDF5FE009A074B9A4208D1C4
:1039300010B502F071FA02F067F906BC96460C4623
:10394000744702F0A1FA0000A5EDF5FE0CB4029A4E
:10395000084B9A420CD14FF0004319430CBC10B5F0
:1039600000F022F802F050F906BC96460C46744767
:1039700002F08AFAA5EDF5FE009A044B9A4202D1B4
:1039800003490868744702F07FFA0000A5EDF5FED0
:10399000B05F0000009A034B9A4200D1744702F0D6
:1039A00073FA0000A5EDF5FE2DE9F84304460D4637
:1039B00016461F46EFF30583C3F308030BB1FFF769
:1039C0008DFBDFF834903B46204632462946D9F835
:1039D0000080FFF72CFCD9F800300446984506D04B
:1039E0009B6901461869BDE8F843FFF7BCBBFFF7C8
:1039F000AEFB2046BDE8F8831C1A002001680E4A81
:103A00000346914215D1C169A2F11022A2F1EF1231
:103A100091420ED18268012A0BD8C26812B10169A5
:103A20008A4206D0586928B19B691B1A58425841EE
:103A300070470120704700BF55AA00FF0D4B70B5BD
:103A40009E68A6B13046FFF7D9FF044678B9F368FF
:103A50006BB935690DB9204670BD2846FFF7CEFF1A
:103A600028B9EB68B34202D12E462D69F2E7012452
:103A7000F1E700BF381A00202DE9F041394E3468D3
:103A8000F368D4B1B468C4B1002861D000295FD014
:103A900001FB00F5B5FBF0F0884259D1291D57D83C
:103AA000AA070DD025F0030204321C4603E061682A
:103AB00091424FD2A469002CF9D12046BDE8F08193
:103AC0002A46F2E7891A232904F12007D4E9050CD4
:103AD0001AD80123A360A0B1C0F818C0A36903B12C
:103AE00058610023C4E905333369DB0702D5FFF7CA
:103AF000A5FFA0BB2A46002138463C4602F05DF9EE
:103B0000DBE7C6F80CC0E9E702F1200804EB080384
:103B10002039C3E9011E2169DFF84CE0DC6019613E
:103B200044F808E0AEF1102EAEF1EF1EC3F81CE031
:103B300001B1CB60C3E9050C40B18361996901B162
:103B40004B6101212361C4E90121CAE7F360F5E774
:103B50000024B2E7D4F808E0BEF1000FB2D0012093
:103B600001F0B4FF381A002055AA00FFF8B5054649
:103B700000283AD0364E3368002B36D0B268002A7F
:103B800033D0834203D872681344984202D3012091
:103B900001F09CFFA0F120042046FFF72FFF002832
:103BA000F5D155F8183C012BF1D145F8180C55E921
:103BB0000570DFB1BB68CBB955F81C2C7B6820328F
:103BC00013447B60386100B1C76020220021204689
:103BD00002F0F3F8386908B183682BB333699B07A7
:103BE00003D5FFF72BFF0028D1D1F8BD40B3836880
:103BF00033BB426863681344203363600369D4E9CC
:103C00000521236192B9B9B9426981696261A161F3
:103C1000A2B19461A26902B1546103B1DC602022B7
:103C2000002102F0CAF8D9E73C46E2E79161A169B8
:103C30000029E9D04A61E7E7F160F8E7F460E9E7D5
:103C4000F36845F8083C03B15C61F460C6E700BF67
:103C5000381A002038B50D461422002104461248B7
:103C600002F0ABF81149124800F02CF8232D1AD9B4
:103C700014F003031FBF043DED18C3F10403E4185F
:103C80002A460021204602F098F8074B094AC3E96A
:103C900000459C602260A2F11022203DA2F1EF12AB
:103CA0006560E261DC6038BD381A00206D3B0000C1
:103CB000793A000055AA00FF014B1B68184700BF66
:103CC000C4100020024B1860024B0020196070479E
:103CD000C8100020C410002010B50A46044619B1CF
:103CE000024B00211B68984710BD00BFCC1000207C
:103CF000074B0A465978022906D11978072903D1BA
:103D00000146181D02F006B96FF08800704700BF29
:103D10004C1A002010B5124C2378590744BF23F0E9
:103D20000403237023789A0705D500F063F82378FD
:103D300023F002032370637813B10A4802F0FBF802
:103D40000023042107486370FFF7C6FF2378DB07D1
:103D500005D502F0DCF8237823F00103237010BDB1
:103D60004C1A0020501A002038B51C4D6A782B7868
:103D7000022A01D1072B12D0D80713D52B78990727
:103D800007D400F02FF82B78044643F002032B7081
:103D900088B96A782B788AB12B785A0719D500240C
:103DA000204638BD02F0B1F82B78044643F00103F9
:103DB0002B700028E2D0FFF7ADFFF1E7DB07EBD572
:103DC000074802F0A5F8022304466B700028F2D1E0
:103DD000E2E743F004032B70E1E700BF4C1A002038
:103DE000501A00200122024B002083F880257047E2
:103DF000541A00202DE9F0410A4C002526464FF0C8
:103E0000010803272046C4F820802777013502F0F7
:103E10005FF8202D04F12C04F4D1002386F88035BE
:103E2000BDE8F081541A002010B50C4C236813B182
:103E30000B4B1B682BB900F089FC30B90122084BF1
:103E40001A6001232360002010BD0138062801D923
:103E5000044810BD044B53F8200010BDF01F002093
:103E6000EC1F0020FE8FFFFFB45F0000144B2DE914
:103E7000F043002814BF04461C46124F236883B049
:103E8000BB4219D016460D4620464FF4147104F17A
:103E9000040900F047F804F58E78484600F0CEF8A3
:103EA000404600F019FA2B464A464046064900961D
:103EB00000F034FB08B92760002003B0BDE8F083B0
:103EC000F41F0020A5BCC95AC140000070B50D4CBC
:103ED0001D46002814BF064626460B4B306882B0AC
:103EE00098420DD106F58E70002633460096144692
:103EF00000F03EFB002818BF34462C6002B070BDB5
:103F00000248FBE7F41F0020A5BCC95AE88FFFFF59
:103F100038B131B1002201440346013081421A70A8
:103F2000FAD1704738B131B1002201440346013063
:103F300088421A70FAD170472DE9F043202B1D46B4
:103F40000646884691468BB026D8DBB202AF8DF884
:103F50000480B04658F8041B8DF8053021B940465E
:103F600001F038F9044640B901230222404633608B
:103F700001A901F043F9044638B138462021FFF782
:103F8000D1FF20460BB0BDE8F0832A4649464046A3
:103F900001F034F90446F0E702AF19461046002359
:103FA0003A4601F0B1FA04460028E6D12023B9468A
:103FB0001D46CCE72DE9F041D0F8F830A6B0002B33
:103FC000D8BF02AE31DD05460027D0F80C4102AE65
:103FD000A4F101089022D5F8FC403146D0F8000148
:103FE00001AB0197B8FA88F8A0474FEA5818044681
:103FF00020B9019B53B9B8F1000F16D0304690217B
:10400000FFF790FF204626B0BDE8F081014632461A
:104010002846FFF791FF58B9D5F80431019A1344A7
:10402000C5F80431B8F1000FE8D16FF03C04E5E7C2
:104030000446204626B0BDE8F08100BF70B50025DB
:104040000446142204F588762946C0F8F850FC305E
:1040500001F0B3FE08222946304601F0AEFE144BB3
:1040600030461B689847204640F8045B01F098F8FA
:10407000104B30461B689847C8B9D4F8F830AB42AB
:104080000FDC03EB830204EB82022021C2F8000163
:104090000120C2E9421008490133C2F8FC10C4F8FB
:1040A000F830064B3046BDE870401B68184770BDBD
:1040B000EC100020E8100020A5500000E4100020C3
:1040C0002DE9F047202A88B07AD83F4B00F588794F
:1040D00004461B6848461746884698470546F8B97F
:1040E00040F20116D4F8F830002B65D02046FFF7D7
:1040F00061FF054638B9D4F8F830002B14DC013ED6
:10410000F2D16FF03B056E4620213046FFF70AFFE3
:104110002E4B48461B689847002818BF6FF01D05B6
:10412000284608B0BDE8F087D4E94132934203D372
:10413000D4F80C21012A02D0013ED7D1E1E71F2B90
:10414000FAD96E4601462022304604F1040A01F0F5
:1041500034FE3146504601F07BF805460028D3D1A5
:10416000504601F031F8504601F01AF82946504601
:1041700001F030F805460028C6D1504620223146CD
:1041800001F03CF805460028BED103463246202106
:10419000304601F0B9F905460028B5D1D4F8F83019
:1041A0003A46002BC8BF002340463146C8BFC4F87A
:1041B000043101F0DDFDA7E76FF03F056E46A3E790
:1041C0006FF03B05ACE700BFE8100020E4100020D2
:1041D00070B590B000287AD03E4C0D464022362172
:1041E0000646204601F0E9FD40225C21A01801F0BE
:1041F000E4FD2B1DA34203D904F144039D4252D395
:104200002B682268534023602B68226C5340236440
:104210006B686268534063606B68626C53406364B0
:10422000AB68A2685340A360AB68A26C5340A36420
:10423000EB68E2685340E360EB68E26C5340E36490
:104240002B69226953402361226D2B6953402365FA
:1042500062696B69534063616B69626D534063656A
:10426000AB69A2695340A361AB69A26D5340A365DA
:10427000EB69E2695340E361EB69E26D5340E3654A
:104280000021304600F0A6FF044628B940223046FF
:10429000104900F0B3FF044640216846FFF742FE94
:1042A000204610B070BD631E04F13F01013D1F3474
:1042B00015F8010F13F8012F42401A7011F8012F61
:1042C0002878A34282EA00020A70F1D1D8E76FF0A1
:1042D0007304E5E74422002010B54FF49A720021E0
:1042E000044601F06AFD42F21072044BC4F820212A
:1042F00004F596701B68BDE810401847EC100020CC
:104300002DE9F04F04468846914695B0002900F00B
:10431000A780002A0CBF0126022600238DF80C304E
:10432000002C00F09F80DFF844A104AF0AF1400B9D
:104330000021204600F04EFF034648B138462021B8
:104340000193FFF7EFFD019B184615B0BDE8F08F14
:1043500040225146204600F051FF03460028EDD18F
:1043600004F1F40520222946204600F047FF0346C9
:104370000028E3D10122204603A900F03FFF0346B5
:104380000028DBD1022E62D020460CA900F060FF8D
:1043900003460028D2D10146204600F01BFF034609
:1043A0000028CBD140225946204600F027FF034683
:1043B0000028C3D1202220460CA900F01FFF03468D
:1043C0000028BBD13946204600F042FF03460028B2
:1043D000B4D139462046FFF7FBFE03460028ADD195
:1043E00020222946204600F009FF03460028A5D1D7
:1043F00020460CA900F02CFF034600289ED1014660
:10440000204600F0E7FE0346002897D14022594697
:10441000204600F0F3FE034600288FD120222046DC
:104420000CA900F0EBFE0346002887D12946204660
:1044300000F00EFF0346002880D19DF80C200132C9
:10444000D2B2B2428DF80C20FFF472AF76E74A4642
:104450004146204600F0D2FE0346002894D06DE786
:1044600001265AE76FF0730304AF67E74422002088
:104470002DE9F0410446884615461F46D0F818013C
:10448000E0B013B100EB40004008B5F5807F3ED8A6
:104490002844B0F5C07F3AD84FF4C0720021684676
:1044A00001F08BFC6946D4F82431D4F81821D4F8F3
:1044B0002801984770BBD4F8186157B1D4E9493046
:1044C00072080DEB0601984720BBD4F8183106EBB3
:1044D0005306B8F1000F00D08DB932466946204628
:1044E000FFF70EFF054610B90123C4F81431314619
:1044F0006846FFF717FD284660B0BDE8F0810DEB78
:10450000060041462A462E4401F032FCE5E76FF0F2
:104510000405F0E76FF00805EDE700BF2DE9F0476F
:10452000044604F1F4050F4691461E46DDF820804E
:1045300000F036FE29462046FFF74AFE08B1BDE8E6
:10454000F08728462022012101F037FCD4F81831E9
:10455000C4F82471C4F8289113B92023C4F8183181
:10456000424631462046BDE8F0470123FFF780BFB1
:10457000B2F5806F00F295802DE9F04F89B09A4630
:10458000129BB3F5807F00F29080D0F8243116465C
:1045900004460F464BB3D0F81C31012B05D0D0F8A0
:1045A0001421D0F820319A421FDD514600232046C5
:1045B000129AFFF75DFF014698B900231293002E6F
:1045C0005ED0DFF8EC9009F1400B0021204600F0AE
:1045D00001FE202E3546014628BF202504F1F408AF
:1045E00090B1084609B0BDE8F08FBAF1000FE6D0EF
:1045F000129B002BE1D051461A462046FFF780FE61
:1046000001460028DBD0ECE749464022204600F076
:10461000F5FD01460028E4D141462022204600F065
:10462000EDFD01460028DCD16946204600F010FE71
:1046300001460028D5D1204600F0CCFD01460028D7
:10464000CFD159464022204600F0D8FD014600282F
:10465000C7D169462022204600F0D0FD014600283F
:10466000BFD14146204600F0F3FD01460028B8D1F5
:1046700038462A46414601F07BFB761B2F44A4D1E5
:1046800051462046129AFFF73BFE01460028A8D16A
:104690000846D4F814310133C4F8143109B0BDE828
:1046A000F08F6FF00201084670476FF0040198E741
:1046B00044220020002130B58DB0282202A80191AB
:1046C00001F07BFB02A800F047FF044610B1204632
:1046D0000DB030BD174D4FF0FF31286800F042F9A2
:1046E000044620B1144800F0D3F9012C18D0002062
:1046F00000F068F9D0B9114A02A901A800F0C4FC81
:104700000446012000F05EF960B9286800F032F933
:104710000028DCD00A4800F0BBF920460DB030BDBF
:104720000524F2E7074800F0B3F9EEE7064800F089
:10473000AFF9E0E7D0100020D05F0000C4220020D5
:104740002860000008600000E85F000030B583B01A
:1047500000F05CF828B100F0ABF80324204603B069
:1047600030BD00F077F8D8B900F02CF9E0B9224C50
:10477000D4F828391B0EF02B0AD1D4F8242A1F4B69
:104780009A4231D000F044F8072400F091F8E5E7B0
:10479000062400F03DF800F08BF8204603B030BD51
:1047A0000424204603B030BD00F032F800F080F859
:1047B000FFF780FF044698B9114D2B68002BCDD12F
:1047C00002460146FFF752FB50B968220D4901AB82
:1047D000FFF77CFB20B920460B4B2B6003B030BDAC
:1047E0000524204603B030BD012000F0EBF800287E
:1047F000DAD1C4F80C0ADBE7001084500000E02096
:10480000E4240020E82400205AEA5A5A0020704785
:1048100000207047430504D54FF0FF32034BC3F827
:104820000821024BC3F8080A704700BF00108450EB
:10483000014BC3F8040A70470010845008B100F01F
:104840006BB84FF47500704708B100F04FB84FF4E3
:104850007500704710B5114800F070F800B110BD38
:104860000F4800F06BF80028F9D10E4C204600F0FC
:1048700065F80028F3D10C4B0C481C6000F05EF882
:1048800001460028EBD100F02DF8044608B120467F
:1048900010BD00F079F82046FAE700BFE0100020D4
:1048A000DC100020D8100020D0100020D4100020F0
:1048B00008B5084800F04CF8074800F049F80748E8
:1048C00000F046F8064800F043F8BDE8084000F064
:1048D0000BB800BFE0100020DC100020D810002032
:1048E000D410002000207047704700BF024610B46B
:1048F000084CD4F8003A1342FBD021B1D4F804316B
:104900000B60C4F80831034B0020C3F8082A5DF897
:10491000044B704700108450044AD2F8003A184201
:10492000FBD0C2F8080A0020704700BF0010845076
:1049300001F0E8B90A46002101F03FBA08B5034B7F
:1049400002681B6810689847002008BD0C11002001
:1049500008B5034B02685B6810689847002008BDE3
:104960000C110020024B02689B681068184700BFBA
:104970000C11002008B5034B0268DB6810689847EB
:10498000002008BD0C11002070B5094C094D2069AC
:10499000AB68984718B1084B08485B6898470021F6
:1049A000074AEB6811602069BDE87040184700BFF6
:1049B000F81000200C110020F010002040600000D2
:1049C00050250020F8B51A4D1A4E0446B2682869E1
:1049D0009047E8B9184F3B684CB1A3B1012B19D0EF
:1049E000013B3B602869F36898470020F8BD43B954
:1049F0000121124AC2F800151149D1F81029002AE4
:104A0000FBD101333B60F368286998470020F8BD6B
:104A10000C48F8BD0A4AD2F81039002BFBD1074ADE
:104A20006FF07E40C2F80035FFF702FF3B68D7E722
:104A3000F81000200C1100205025002000008450A8
:104A400000108450E98FFFFF014B1B68184700BF1F
:104A50000C110020014B9B68184700BF0C1100206F
:104A6000014BDB68184700BF0C110020BFF34F8FCC
:104A70000549064BCA6802F4E0621343CB60BFF3FA
:104A80004F8F00BFFDE700BF00ED00E00400FA0516
:104A900030B44FF0FE320025074B084C08494968F6
:104AA000C3F80024C3F80424C3F80824C3F80C2472
:104AB000C4F8005530BC08470010845000008450F2
:104AC000F010002010B5044650B1636813F0685F21
:104AD00005D0064A934202D000236260236010BDD5
:104AE000034B04485B689847EFE700BF2C5F5CA965
:104AF000F010002060600000C8B143680D4A934286
:104B000013D013F0685F0ED0012350E8002F194630
:104B100040E8001C9CF0000FF7D1012AF5D0BFF34C
:104B20005F8F0020704704487047044870476FF457
:104B3000E04070472C5F5CA9E98FFFFFEA8FFFFF21
:104B4000034680B1426809498A420AD012F0685F80
:104B500005D0BFF35F8F002210461A6070470448EB
:104B60007047044870476FF4E04070472C5F5CA9C1
:104B7000E98FFFFFEA8FFFFF10B5044620B1002345
:104B8000034A2360626010BD0248FFF781FFF6E729
:104B90003A00003A886000002DE9F047002878D0FC
:104BA0000C46002975D01D46002B72D007461AB15D
:104BB000012200232A6003602B68002B64D0294661
:104BC000204600F0B7FD804600285FD121462868C6
:104BD00000F096FD8046002858D12B68082B6CD039
:104BE000042B6DD0A3F10209B9FA89F94FEA5919DA
:104BF0000121354EC6F8C411C6F84011C6F8C411DB
:104C0000636AC6F83031D6F830219342F6D14FF0BE
:104C1000000A4FF0FF30C6F82CA1FFF7FBFD6FF044
:104C20001B035046C6F80031FFF702FEC6F80C9190
:104C3000D6F8040A40F48060FFF7FAFD0A23C6F8AC
:104C40003831089B012B29D02369204AA2FB03237A
:104C50001B09626A404602FB03F303EB43031A4A53
:104C6000DB039B09C2F8D8310123C2F82C313B6821
:104C70002A6823F07F4343EA02633B602A6843EAE1
:104C800002233B60BDE8F087DFF844804046BDE882
:104C9000F087DFF840804046BDE8F0874FF47F039F
:104CA000D3F80C2C013206D0D3F80C3C074AA2FBF7
:104CB00003231B09CDE71623CBE74FF0030997E742
:104CC0004FF0020994E700BF00108450ABAAAAAAD3
:104CD000310CF100350CF10058B34B1EB3F5047FD5
:104CE00027D230B54FF0000ECD00744671464B0907
:104CF00001F01F0C50F82330BCF11F0F23FA0CF306
:104D000006D003F0010319B901211C468E46EEE7D7
:104D10009C4201F1010106D01C464FF0010EA94250
:104D2000E5D1002030BD0EF1010E9645F7D10248C5
:104D300030BD0148704700BF360CF100C0B32DE90B
:104D4000F0434C1EB4F5047F1DD2E3B1DAB1002567
:104D50002E46A8462C46CF0003F1FF394FEA541CDB
:104D600004F01F0E50F82C10BEF11F0F21FA0EFC9C
:104D70000CD00CF0010C4CB90126E0463446354607
:104D8000ECE7964216D90C48BDE8F083AB420BD055
:104D9000C44508BF0136A945F3D001350134BC42F2
:104DA000DCD10020BDE8F0830125E0462E46F5E782
:104DB000014870471D46F1E7370CF1002DE9F04F2F
:104DC00091B08346DDE91B460D46002E6ED10F697A
:104DD0001C6000231A990B60002A00F02F819D4B64
:104DE0006A6AD3F83811D3F830319A4269D10A2966
:104DF00067D19BF80330089304F108030793042359
:104E00000593954B934CA3FB07239B0803EB4303AC
:104E1000A7EB4303039306971A9B069E1E60002E82
:104E200000F0EA8000F096FC00230993BBF1000F2C
:104E300000F0D58098464FF0010ADDF81C90002D57
:104E400000F0CD80089B002B3DD0284608A900F03B
:104E500071FC002839D0814B984220D0089B082B48
:104E600000F0E48000225B000893294608AB584616
:104E70000092FFF791FE7A4B984200F0D38070B910
:104E8000DBF80020130A03F47F03134323F07F436E
:104E9000CBF80030059B013B0593BDD1002003906A
:104EA00000F058FC039811B0BDE8F08F4FF47F017B
:104EB000D1F80C0C01300CBF4FF40477D1F80C7C06
:104EC00086E76848EBE76648C5E72946089800F09A
:104ED00017FC0028BFD1089B082B00F0A980042BE9
:104EE00000F0A980A3F10203B3FA83F35B090493F2
:104EF000C4F8C4A1C4F840A1C4F8C4A16B6AC4F842
:104F00003031D4F830219342F6D100234FF0FF30F6
:104F1000C4F82C31FFF77EFC002318466FF01B030A
:104F2000C4F80031FFF784FC049B4B4FC4F80C31EC
:104F3000D4F8040A40F48060FFF77AFC0A23C4F82E
:104F400038312B6909A8A7FB03236A6A1B0902FBF6
:104F500003F303EB4303DB039B09C4F8D831C4F824
:104F60002CA1DBF80030089923F07F420B0243EAC2
:104F700001631343CBF8003000F0B2FB099B03F050
:104F80001A0303437FF46AAFA7FB0637D4F8143142
:104F9000B8EB970F0A93D4F818310B93D4F81C315F
:104FA0000C93D4F820310D93D4F824310E93D4F817
:104FB00028310F9301D1039B9BB9484618220AA9B7
:104FC000183EFFF7B5FC09F1180908F101089EB178
:104FD00000F0C0FB00230993002D7FF433AF22487B
:104FE00039E748461A46F61A0AA9994408F1010811
:104FF000FFF79EFC002EEBD1069F079E6A6939469B
:105000003046FFF769FEAA6940B94FF4806339461C
:105010003046FFF793FE00283FF440AF00231A9A72
:10502000136018E72B6A002B3FF439AF0F4836E7BF
:10503000032304935CE70223049359E701222946E2
:105040005846009608ABFFF7A7FD00283FF4D4AE02
:1050500025E700BF00108450ABAAAAAA020CF100F9
:10506000310CF100300CF100350CF100320CF10084
:1050700030B4DDE9023402940024049DCDE90354E8
:1050800030BCFFF79BBE00BF30B51546012487B08A
:1050900005AB00930022CDE9015404ABFFF78EFE6F
:1050A00007B030BDF0B587B0002966D01E46002B92
:1050B00063D01446002A60D0314F0D4638684FF057
:1050C000FF31FFF74FFC00284DD10020FFF77AFC9D
:1050D000002844D12B4800F03FFAD8B101204FF00E
:1050E000FF35FFF76FFC002835D14FF408712648D3
:1050F000FEF70EFF04212548FEF70AFF214828216C
:10510000FEF706FF3868FFF735FC00282FD1284648
:1051100007B0F0BD1C4A0346029205AA019204AAF8
:1051200003900092174902461848FFF7A1FF034673
:105130000028D3D128461D46059B22469C4228BF05
:105140001A46049932600831FFF7F2FB0120FFF79D
:1051500039FC0028C9D00E48FFF79AFCC5E70D4876
:10516000FFF796FCB6E70C48FFF792FCADE70B485B
:10517000FFF78EFC284607B0F0BD4FF0FF35C6E7BD
:10518000D0100020682500209025002064250020F4
:1051900008600000E85F0000D05F0000AC60000025
:1051A00010B5044628B12046BDE81040F421FFF7B1
:1051B000C1BB0448FFF76CFC2046BDE81040F42159
:1051C000FFF7B8BBC460000010B1F421FEF7A0BE29
:1051D000704700BF08B521B1012908D06FF0360033
:1051E00008BD012100F058F80028F7D108BD0221C0
:1051F00000F052F80028F9D0F0E700BF30B50546BE
:105200008818B0F5801F0B461446A1B001D8802A3B
:105210000CD9B3F5801F17D922461946284600F04D
:105220007DF8044684B9204621B030BD6846FFF7BA
:105230007FFB22466946284600F070F8802104462C
:105240006846FFF777FBEDE76FF03604EBE700BF4A
:1052500070B5E8B10E46D9B1044600F031F8054604
:10526000B0B92368012B0BD0022B01D0284670BDAA
:105270001C22304604F10801FFF75AFB284670BD96
:105280002022304604F10801FFF752FB284670BD8A
:105290006FF03605EAE700BF78B138B50D46F0216A
:1052A0000446FFF747FB402320462560E36500F0F6
:1052B00091FA003818BF012038BD0120704700BFA7
:1052C000F0B5056EA5B0044604AEE5B9002301278C
:1052D000019330466760294602AA009300F046FA1F
:1052E00010B1012025B0F0BD2A46204602A900F0E9
:1052F00099FA0028F5D1204600F0AAFB0028F0D149
:10530000206625B0F0BD802D2A46304628BF802279
:1053100004F16401FFF70CFB256ED7E7002800F0CD
:10532000AE802DE9F04F1446A5B0002A3DD00F46BF
:10533000002949D0B2F5803F0546006E20D34FF6D4
:10534000FF7805F1640AEB6D1A1AB2FBF3F103FB67
:105350001122002A65D18342B9464FF6FF7672D0FA
:10536000B6FBF3FB03FB0BFBBBF1000F30D1002EB0
:1053700045D1A4F57F44FF3CB4F5803F4744E2D2D9
:10538000EA6D161AB6FBF2F302FB1366A64228BFBB
:105390002646002E75D1824200F08D80B4FBF2F6D5
:1053A00002FB06F62EB9002C79D1002025B0BDE80D
:1053B000F08F002331463846CDE9003302AA00F0D1
:1053C000D5F9002800F09580012025B0BDE8F08FC8
:1053D000002359464846CDE9003302AA00F0C6F939
:1053E0000028F1D15A46284602A900F01BFA0028ED
:1053F000EAD1A6EB0B06286ED944002EB9D019309D
:105400004946324605EB8000FFF792FAA4F57F4447
:10541000286EFF3C3044B4F5803F4744286692D262
:10542000AEE7424528BF4246164639465044FFF78C
:105430007FFA286EEB6D3044834207EB060928663D
:10544000A8EB06068CD1802B28BF802351461A4634
:1054500004A8FFF76DFA0023E96D02AACDE9003335
:1054600004A800F083F90028AED12846EA6D02A90D
:1054700000F0D8F90028A7D1EB6D286670E701206D
:10548000704705F16403394632461844FFF750FA75
:10549000286EEA6D3044A41B374428667BE72B6EE8
:1054A0002246193305EB83003946FFF741FA2B6E8C
:1054B00023442B6679E7802A28BF802205F1640106
:1054C00004A8FFF735FA0023E96D04A8CDE90033FD
:1054D00002AA00F04BF900287FF476AF2846EA6D67
:1054E00002A900F09FF900287FF46EAFEA6D2866EC
:1054F00054E73246284602A900F094F900287FF4C8
:1055000063AF3744A41B4EE7F8B51C460546114867
:1055100016460F46FFF744FE21460E48FFF75AFE97
:10552000044620B10B48FFF74FFE2046F8BD3A462F
:1055300029460848FFF762FE04460028F2D13146AA
:105540000448FFF785FE04460248FFF73DFE20466B
:10555000F8BD00BFB02700201C2370B582B001A9A0
:105560000546019300F032F8044638B9019B1C2B24
:1055700007D0144C1C212846FFF7DCF9204602B066
:1055800070BDD5E90112131E18BF0123003918BFE1
:105590000121012628689B00EA6843EA41030028AC
:1055A00018BF43F00103EE612AB9C5E90834002BA6
:1055B000E4D1054CDEE7204643F00803C5E9083492
:1055C00002B070BD370CF0000E0CF000034600284E
:1055D00066D0002964D00A681C2A61D14FF47F028A
:1055E0003B49D2F8100C88425CD0D2F8101C013133
:1055F00058D0D2F8101C4FF47F021960D2F8140C66
:105600003449884260D0D2F8141C01315CD0D2F801
:10561000141C4FF47F025960D2F8181C11F5947FC6
:105620004FD0D2F8181C01314BD0D2F8181C4FF4CF
:105630007F029960D2F81C0C274988423ED0D2F8EC
:105640001C1C01313AD0D2F81C1C4FF47F02D960E7
:10565000D2F8001C70312FD0D2F8001C01312BD0B1
:10566000D2F8001C4FF47F021961D2F8041CAF314C
:1056700020D0D2F8041C01311CD0D2F8041C4FF405
:105680007F025961D2F8080C144988420DD0D2F833
:10569000081C013109D0D2F8082C00209A6170470B
:1056A0000120704740F6FC01A5E740F237320020A8
:1056B0009A6170475121E2E79021D3E742F6041145
:1056C000C3E740F6D861B2E742F2D001A1E700BFDC
:1056D000FCF8FFFFD020FFFF0429FFFF37F3FFFF97
:1056E000014608B54FF48060FFF7AEF80022034B87
:1056F000C3F8C821C3F82C2108BD00BF0010845096
:105700000138072805D8DFE800F0100E040A040469
:10571000040607487047CB6800204B6270478B68CF
:1057200000204B6270474B68F6E70B68F4E700BF58
:10573000310CF1000B6802E0082B0B6006D8026AFE
:1057400013424FEA4303F7D00020704700487047E8
:10575000310CF1000022044B4FF48060C3F82C217F
:10576000C3F8C421FFF756B800108450F0B50024E8
:1057700083B0B0F1005F8DF8074025D38C46844498
:10578000BCF1804F04461FD817461D4601220DF17B
:10579000070300F097F90646B0B99DF80730099A5B
:1057A0003C603B7192B14DB10246089928460DF11B
:1057B000070300F087F938B99DF807303046099A99
:1057C0001560137103B0F0BD4FF47506304603B099
:1057D000F0BD00BFD8B108B50368012B04D0022B7F
:1057E0000FD043B10B4808BD20220B490830FFF70A
:1057F0009FF8002008BD142208490830FFF798F8E8
:10580000F7E7202206490830FFF792F8F1E74FF456
:10581000730070470100F300D460000014610000C1
:10582000F46000002DE9F843002900F0F9800446F7
:10583000002800F0F98003680F469046002B00F026
:10584000C380013B012B00F2D7804FF0FF31784835
:105850004FF00209FFF786F8002840F0BF800020D3
:10586000FFF7B0F80646002840F0C280714AD2F82F
:105870001C39002BFBD16F4DD5F8203C002BFBD100
:105880004FF0FF30FEF7C6FFD5F8040A20F04000C5
:10589000FEF7CEFF01230722C5F81838C5F8002906
:1058A000C5F8C437A36CC5F8CC37E36CC5F8D0375E
:1058B000C5F8C09723685BB1013B012B18D8636A18
:1058C000C5F85C36236AC5F85836E369C5F854361E
:1058D000A269584BC3F850266269C3F84C26226966
:1058E000C3F84826E268C3F84426A268C3F84026F5
:1058F000504AD2F81039002BFBD1B8F1000F5FD01D
:1059000063684020012B08BFC2F884363A68494BCF
:10591000C3F8282CC3F82C8CFEF790FF0646454AA6
:10592000D2F81039002BFBD1424AD2F8203C002B90
:10593000FBD123685BB1013B012B18D8D2F85C3650
:105940006362D2F858362362D2F85436E361394B99
:10595000D3F85026A261D3F84C266261D3F84826CA
:105960002261D3F84426E260D3F84036A3600023D6
:105970000121304AD2F8CC07A064D2F8D007E06405
:10598000C2F8C417C2F88436C2F8C837D2F8103942
:10599000002BFBD1C2F81838002E3BD1254BD3F891
:1059A000040A40F04000FEF743FF0120FFF70AF829
:1059B00060BB1F48FEF7DEFF10BB3046BDE8F88332
:1059C0000423C2F8C837AAE74FF0FF3118484FF058
:1059D0000109FEF7C7FF00283FF441AF1648FFF763
:1059E00057F80020FEF7EEFF064600283FF43EAFD2
:1059F0001248FFF74DF839E7114E3046BDE8F883FD
:105A00001048FFF745F83046BDE8F8830E48FFF729
:105A10003FF8CEE7102104F10800FEF78BFFBDE749
:105A20000A4E3046BDE8F8834FF47306C5E700BF61
:105A3000E010002000108450D05F0000E85F0000FC
:105A40000100F30028600000086000000300F3007C
:105A5000A0B3034670B4D0E90240D3E9041226BAD9
:105A600005BA0CBA10BAC3E90440D3E90612986A21
:105A700009BAC3E9026512BA996100BAD3E90841CB
:105A800025BA0CBAC3E90725D3E90B12C3E90940CB
:105A900009BAD86B12BAD962D3E90D4125BAC3E964
:105AA0000C250CBA00BAD3E9101209BA12BAC3E92C
:105AB0000E40196400205A6470BC70474FF47300A4
:105AC000704700BF00201870704700BF08B5074B33
:105AD000044613B10021AFF30080054B1868836AB8
:105AE00003B19847204600F08DF800BF0000000089
:105AF0002861000070B50D4D00260D4C641BA410EC
:105B0000A64209D10B4D00260B4C00F045FA641B50
:105B1000A410A64205D170BD55F8043B0136984744
:105B2000EEE755F8043B01369847F2E748060000D7
:105B300048060000480600004C060000431810B557
:105B400001D21F2A01D9002010BD013902F014032F
:105B50000144102B80EA01043CD009DC8BB1042BFA
:105B6000F1D11F2C40E840F315D941E840F10EE097
:105B7000142BE8D11F2C40E8C0F30CD941E8C0F148
:105B800005E01F2C40E800F305D941E800F11C4670
:105B90000B468C42D7D122F01402013A0A2AD2D8FD
:105BA00001A151F822F000BFF75B0000F15B00009B
:105BB000E35B0000475B0000475B0000475B0000C1
:105BC000475B0000FD5B0000F75B0000EB5B000043
:105BD000E35B00001F2C40E880F3DCD941E880F152
:105BE000D5E713F4001FAFD1ADE713F4801FFAE738
:105BF0005B02A9D5A7E713F4002FF4E713F4802F75
:105C0000F1E700BFFEE700BFB7EE000AF7EE000ABB
:105C1000B7EE001AF7EE001AB7EE002AF7EE002AE8
:105C2000B7EE003AF7EE003AB7EE004AF7EE004A58
:105C3000B7EE005AF7EE005AB7EE006AF7EE006AC8
:105C4000B7EE007AF7EE007AF1EE10CA40F29F014B
:105C5000CFF200013CEA010CE1EE10CA002383F30D
:105C600000887047FDF73ABAEFF30880EFF3098137
:105C70002DE9F00F6B467246FAF79EFE08B0FFF76B
:105C8000F1FFFEE7FDF72ABAEFF30880EFF3098191
:105C90002DE9F00F6B467246FAF78EFE08B0FFF75B
:105CA000F1FFFEE7FDF71ABAEFF30880EFF3098181
:105CB0002DE9F00F6B467246FAF77EFE08B0FFF74B
:105CC000F1FFFEE7FDF70ABAEFF30880EFF3098171
:105CD0002DE9F00F6B467246FAF76EFE08B0FFF73B
:105CE000F1FFFEE7FDF7FAB9EFF30880EFF3098162
:105CF0002DE9F00F6B467246FAF75EFE08B0FFF72B
:105D0000F1FFFEE7814270B40546144602D370BC31
:105D100000F02EB8821821443CB141EA020313F08E
:105D200003030FD1E018032812D86FF00300A30873
:105D30004343002019441A442344984210D1284672
:105D400070BC704711F8013D013C02F8013DE3E7EA
:105D5000581850F8046C981840F8046C043BE1E7BC
:105D60000C1A14F8016C141A04F8016C0130E4E701
:105D700070B504463AB141EA040313F003030CD1B1
:105D8000D518032D0FD822F003031C441944002317
:105D900002F0030293420CD170BD11F8013B013AAD
:105DA00004F8013BE6E7CD1A2E68E51A2E60043BA5
:105DB000E6E75D5CE5540133ECE7F0B5044662B913
:105DC00022F00303234402F003021A44934214D145
:105DD000F0BD04F8011B013AF1E7A307F9D115461C
:105DE0000B0443EA01630B4343EA01231619032D15
:105DF000E6D9771B3B60043DF9E703F8011BE5E7B3
:105E000008B5EFF30583C3F308030BB1FDF766F99B
:105E1000BDE80840FDF735BA10B50446EFF3058339
:105E2000C3F308030BB1FDF759F92046BDE8104054
:105E3000FDF72ABA2DE9F04104460D4616461F46E5
:105E4000EFF30583C3F308030BB1FDF747F93B46B6
:105E5000324629462046BDE8F041FCF785BD2DE9D4
:105E6000F04104460D4616461F46EFF30583C3F383
:105E700008030BB1FDF732F93B463246294620466E
:105E8000BDE8F041FCF7AABD08B5EFF30583C3F305
:105E900008030BB1FDF722F9BDE80840FDF7C1B9D1
:105EA00000207047704710B5044608B1FDF714FF95
:105EB0002046BDE81040FDF7FFBE10B50446406A1D
:105EC00010B1A16AFFF7EFFF0020C4E9090010BD7F
:105ED00038B50546FFF7F1FF2B7F0446012B0ED0A6
:105EE000023B012B0ED82B6A012B18BF6FF09604D2
:105EF0002C2200212846FFF760FF204638BD2B6A80
:105F0000002BF2E76FF09604F2E70020704770472D
:105F10000020704713B5002001AB1446FDF7D6FFF3
:105F200030B9019BA34218BF6FF0930002B010BDBF
:105F30006FF09200FAE7002070472DE9E04F274606
:105F4000A046A146A246A346A4462DED108B4FF0D5
:105F5000000545EC185B45EC195A45EC1A5A45EC1E
:105F60001B5A45EC1C5A45EC1D5A45EC1E5A45EC93
:105F70001F5AF1EE105A4FF66076C0F6FF763540A4
:105F8000E1EE105A84F3008825462646A447BDEC6E
:105F9000108BBDE8E08F0000F8B500BFF8BC08BC6E
:105FA0009E467047F8B500BFF8BC08BC9E467047D7
:105FB0007AFFFFFFFF8FFFFFFF8FFFFFFE8FFFFFC7
:105FC000FE8FFFFFFD8FFFFFFC8FFFFFFC8FFFFFAA
:105FD0004661696C20746F20616371756972652018
:105FE0006D757465780A00004661696C20746F20D5
:105FF000696E63726561736520504D20636F756EC5
:106000007465720A000000004661696C20746F209C
:10601000646563726561736520504D20636F756EB2
:106020007465720A000000004661696C20746F207C
:1060300072656C65617365206D757465780A000022
:10604000436F756C64206E6F74206C6F636B20708F
:106050006F7765722073617665206D757465780061
:106060006D757465785F667265652063616C6C65DB
:10607000642077697468204E554C4C2070617261C1
:106080006D6574657200000043616E277420696E4F
:10609000697469616C697A65206D757465782C2006
:1060A000776173204E554C4C0D0A00004661696CB7
:1060B00020746F20756E6C6F636B206D75746578DE
:1060C0000A0000000A637478206973204E554C4C16
:1060D0000A00000067E6096A85AE67BB72F36E3C92
:1060E0003AF54FA57F520E518C68059BABD9831FA3
:1060F00019CDE05BD89E05C107D57C3617DD703021
:1061000039590EF7310BC0FF11155868A78FF96484
:10611000A44FFABE0123456789ABCDEFFEDCBA98E8
:1061200076543210F0E1D2C33C11002054464D5F4A
:1061300043525950544F0054464D5F504C415446C1
:106140004F524D5F534552564943450000000000F1
:10615000000000000000000000000000000000003F
:107C00007FE97FE9FBF77EBE7FE97FE9FBF78CBE6A
:107C10007FE97FE9FBF7BEBE7FE97FE9FBF7ACBEFA
:107C20007FE97FE9FBF792BE000000000000000042
:107C30000000000000000000000000000000000044
:107C4000008000500000000010360000040000001A
:107C50000000000000000000000000000000000024
:107C600000000000FC1100209C11002044010000D5
:107C700090ED00E000A003507FA60350008000506C
:107C80006F850050A55E0000A15E0000BB5D000096
:107C9000D81000200811002000110020FC10002046
:107CA000F8100020614A0000554A0000494A0000CF
:107CB000000000006D4A0000341100202C1100204B
:107CC00024110020000000001C110020794B00004E
:107CD000C54A0000F94A0000414B0000542500202D
:107CE0003A00003A582500203A00003A5C2500206E
:107CF0003A00003A602500203A00003A00000000F7
:107D00000000000000000000000000000000000073
:107D10000000000000000000000000000000000063
:107D20000000000000000000000000000000000053
:107D30000000000000000000000000000000000043
:107D40000000000000000000000000000000000033
:0C7D500000000000000000000000000027
:10800000502B022015180200991A0300A517020030
:10801000A5170200A5170200A5170200A517020068
:10802000000000000000000000000000C119020074
:10803000A51702000000000029190200A517020080
:10804000191C0200191C0200191C0200191C020054
:10805000191C0200191C0200191C0200191C020044
:10806000191C0200191C0200191C0200191C020034
:10807000191C0200191C0200191C0200191C020024
:10808000191C0200191C0200191C0200191C020014
:10809000191C0200191C0200191C0200191C020004
:1080A000191C0200191C0200191C0200191C0200F4
:1080B000191C0200191C0200191C0200191C0200E4
:1080C000191C0200191C0200191C0200191C0200D4
:1080D000191C0200191C0200191C0200191C0200C4
:1080E000191C0200191C0200191C0200191C0200B4
:1080F000191C0200191C0200191C0200191C0200A4
:10810000191C0200191C0200191C0200191C020093
:10811000191C0200191C0200191C0200191C020083
:10812000191C0200191C0200191C0200191C020073
:10813000191C0200191C0200191C0200191C020063
:04814000191C020004
:1081480081F0004102E000BF83F0004330B54FEA00
:1081580041044FEA430594EA050F08BF90EA020F6D
:108168001FBF54EA000C55EA020C7FEA645C7FEA00
:10817800655C00F0E2804FEA5454D4EB5555B8BF23
:108188006D420CDD2C4480EA020281EA030382EA94
:10819800000083EA010180EA020281EA0303362D26
:1081A80088BF30BD11F0004F4FEA01314FF4801CF9
:1081B8004CEA113102D0404261EB410113F0004F0B
:1081C8004FEA03334CEA133302D0524263EB4303C2
:1081D80094EA050F00F0A780A4F10104D5F1200E60
:1081E8000DDB02FA0EFC22FA05F2801841F10001BB
:1081F80003FA0EF2801843FA05F359410EE0A5F18F
:1082080020050EF1200E012A03FA0EFC28BF4CF0BF
:10821800020C43FA05F3C01851EBE37101F0004575
:1082280007D54FF0000EDCF1000C7EEB00006EEB82
:108238000101B1F5801F1BD3B1F5001F0CD349080C
:108248005FEA30004FEA3C0C04F101044FEA445263
:1082580012F5800F80F09A80BCF1004F08BF5FEAEA
:10826800500C50F1000041EB045141EA050130BDCA
:108278005FEA4C0C404141EB0101013C28BFB1F5DC
:10828800801FE9D291F0000F04BF01460020B1FA27
:1082980081F308BF2033A3F10B03B3F120020CDAFA
:1082A8000C3208DD02F1140CC2F10C0201FA0CF0D8
:1082B80021FA02F10CE002F11402D8BFC2F1200C3D
:1082C80001FA02F120FA0CFCDCBF41EA0C019040F3
:1082D800E41AA2BF01EB0451294330BD6FEA04043C
:1082E8001F3C1CDA0C340EDC04F11404C4F1200227
:1082F80020FA04F001FA02F340EA030021FA04F339
:1083080045EA030130BDC4F10C04C4F1200220FA8F
:1083180002F001FA04F340EA0300294630BD21FACD
:1083280004F0294630BD94F0000F83F4801306BF93
:1083380081F480110134013D4EE77FEA645C18BF87
:108348007FEA655C29D094EA050F08BF90EA020F1E
:1083580005D054EA000C04BF1946104630BD91EA16
:10836800030F1EBF0021002030BD5FEA545C05D119
:108378004000494128BF41F0004130BD14F5800458
:108388003CBF01F5801130BD01F0004545F0FE41CC
:1083980041F470014FF0000030BD7FEA645C1ABF01
:1083A800194610467FEA655C1CBF0B46024650EA38
:1083B800013406BF52EA033591EA030F41F4002164
:1083C80030BD00BF90F0000F04BF0021704730B5EA
:1083D8004FF4806404F132044FF000054FF00001BF
:1083E80050E700BF90F0000F04BF0021704730B580
:1083F8004FF4806404F1320410F0004548BF404255
:108408004FF000013EE700BF42004FEAE2014FEAA9
:1084180031014FEA02701FBF12F07F4393F07F4F84
:1084280081F06051704732F07F4208BF704793F087
:108438007F4F04BF41F40021704730B54FF460749A
:1084480001F0004521F000411CE700BF50EA01029D
:1084580008BF704730B54FF000050AE050EA010246
:1084680008BF704730B511F0004502D5404261EBB6
:1084780041014FF4806404F132045FEA915C3FF4F7
:10848800D8AE4FF003025FEADC0C18BF03325FEA94
:10849800DC0C18BF033202EBDC02C2F1200300FA45
:1084A80003FC20FA02F001FA03FE40EA0E0021FA6A
:1084B80002F11444BDE600BF70B54FF0FF0C4CF458
:1084C800E06C1CEA11541DBF1CEA135594EA0C0F0A
:1084D80095EA0C0F00F0DEF82C4481EA030621EA45
:1084E8004C5123EA4C5350EA013518BF52EA033580
:1084F80041F4801143F4801338D0A0FB02CE4FF032
:108508000005E1FB02E506F00042E0FB03E54FF061
:108518000006E1FB03569CF0000F18BF4EF0010E59
:10852800A4F1FF04B6F5007F64F5407404D25FEA55
:108538004E0E6D4146EB060642EAC62141EA555108
:108548004FEAC52040EA5E504FEACE2EB4F1FD0C4A
:1085580088BFBCF5E06F1ED8BEF1004F08BF5FEAC8
:10856800500E50F1000041EB045170BD06F000467A
:1085780046EA010140EA020081EA0301B4EB5C0427
:10858800C2BFD4EB0C0541EA045170BD41F480111F
:108598004FF0000E013C00F3AB8014F1360FDEBF44
:1085A800002001F0004170BDC4F10004203C35DA20
:1085B8000C341BDC04F11404C4F1200500FA05F3A3
:1085C80020FA04F001FA05F240EA020001F0004244
:1085D80021F0004110EBD37021FA04F642EB0601BA
:1085E8005EEA430E08BF20EAD37070BDC4F10C04E4
:1085F800C4F1200500FA04F320FA05F001FA04F2A8
:1086080040EA020001F0004110EBD37041F1000193
:108618005EEA430E08BF20EAD37070BDC4F120059E
:1086280000FA05F24EEA020E20FA04F301FA05F206
:1086380043EA020321FA04F001F0004121FA04F2AE
:1086480020EA020000EBD3705EEA430E08BF20EA7E
:10865800D37070BD94F0000F0FD101F000464000B8
:1086680041EB010111F4801F08BF013CF7D041EA3A
:10867800060195F0000F18BF704703F0004652003E
:1086880043EB030313F4801F08BF013DF7D043EA0F
:108698000603704794EA0C0F0CEA135518BF95EAC5
:1086A8000C0F0CD050EA410618BF52EA4306D1D14C
:1086B80081EA030101F000414FF0000070BD50EA6B
:1086C800410606BF1046194652EA430619D094EAF5
:1086D8000C0F02D150EA013613D195EA0C0F05D1DF
:1086E80052EA03361CBF104619460AD181EA030133
:1086F80001F0004141F0FE4141F470014FF00000EB
:1087080070BD41F0FE4141F4780170BD70B54FF085
:10871800FF0C4CF4E06C1CEA11541DBF1CEA135505
:1087280094EA0C0F95EA0C0F00F0A7F8A4EB0504E7
:1087380081EA030E52EA03354FEA013100F08880DE
:108748004FEA03334FF0805545EA131343EA1263A7
:108758004FEA022245EA111545EA10654FEA00265C
:108768000EF000419D4208BF964244F1FD0404F515
:10877800407402D25B084FEA3202B61A65EB030571
:108788005B084FEA32024FF480104FF4002CB6EB2E
:10879800020E75EB030E22BFB61A754640EA0C00AE
:1087A8005B084FEA3202B6EB020E75EB030E22BFEE
:1087B800B61A754640EA5C005B084FEA3202B6EB2F
:1087C800020E75EB030E22BFB61A754640EA9C00EE
:1087D8005B084FEA3202B6EB020E75EB030E22BFBE
:1087E800B61A754640EADC0055EA060E18D04FEA7C
:1087F800051545EA16754FEA06164FEAC30343EA1C
:1088080052734FEAC2025FEA1C1CC0D111F4801FE8
:108818000BD141EA00014FF000004FF0004CB6E7E1
:1088280011F4801F04BF01430020B4F1FD0C88BF80
:10883800BCF5E06F3FF6AFAEB5EB030C04BFB6EB8B
:10884800020C5FEA500C50F1000041EB045170BD7E
:108858000EF0004E4EEA113114EB5C04C2BFD4EBAB
:108868000C0541EA045170BD41F480114FF0000E2F
:10887800013C90E645EA060E8DE60CEA135594EAAB
:108888000C0F08BF95EA0C0F3FF43BAF94EA0C0FAE
:108898000AD150EA01347FF434AF95EA0C0F7FF423
:1088A80025AF104619462CE795EA0C0F06D152EA77
:1088B80003353FF4FDAE1046194622E750EA41065B
:1088C80018BF52EA43067FF4C5AE50EA41047FF46C
:1088D8000DAF52EA43057FF4EBAE12E74FF0FF3CD1
:1088E80006E000BF4FF0010C02E000BF4FF0010CA2
:1088F8004DF804CD4FEA410C7FEA6C5C4FEA430C1B
:1089080018BF7FEA6C5C1BD001B050EA410C0CBF69
:1089180052EA430C91EA030F02BF90EA020F0020CB
:10892800704710F1000F91EA030F58BF994208BF32
:1089380090422CBFD8176FEAE37040F001007047EF
:108948004FEA410C7FEA6C5C02D150EA013C07D146
:108958004FEA430C7FEA6C5CD6D152EA033CD3D091
:108968005DF8040B704700BF8446104662468C468B
:108978001946634600E000BF01B5FFF7B7FF0028BE
:1089880048BF10F1000F01BD4DF808EDFFF7F4FFE7
:108998000CBF012000205DF808FB00BF4DF808ED72
:1089A800FFF7EAFF34BF012000205DF808FB00BF95
:1089B8004DF808EDFFF7E0FF94BF012000205DF8B7
:1089C80008FB00BF4DF808EDFFF7CEFF94BF01206C
:1089D80000205DF808FB00BF4DF808EDFFF7C4FF65
:1089E80034BF012000205DF808FB00BF4FEA410CAE
:1089F8007FEA6C5C02D150EA013C0AD14FEA430C91
:108A08007FEA6C5C02D152EA033C02D14FF00000CD
:108A180070474FF0010070474FEA410212F500120B
:108A280015D211D56FF47873B3EB625212D94FEAAD
:108A3800C12343F0004343EA505311F0004F23FA97
:108A480002F018BF404270474FF00000704750EAEC
:108A5800013005D111F0004008BF6FF000407047A9
:108A68004FF00000704700BF4A0011D212F5001203
:108A780011D20DD56FF47873B3EB62520ED44FEA6E
:108A8800C12343F0004343EA505323FA02F07047EE
:108A98004FF00000704750EA013002D14FF0FF302C
:108AA80070474FF0000070474FEA4102B2F1E043CF
:108AB80024BFB3F5001CDCF1FE5C0DD901F0004CBD
:108AC8004FEAC0024CEA5070B2F1004F40EB83000D
:108AD80008BF20F00100704711F0804F21D113F139
:108AE8003872BCBF01F00040704741F480114FEA72
:108AF8005252C2F11802C2F1200C10FA0CF320FAFB
:108B080002F018BF40F001004FEAC1234FEAD32317
:108B180003FA0CFC40EA0C0023FA02F34FEA430381
:108B2800CCE77FEA625307D150EA01331EBF4FF00A
:108B3800FE4040F44000704701F0004040F0FE4025
:108B480040F40000704700BF7BB972B90029BEBF6E
:108B580000204FF0004106E008BF00281CBF6FF05E
:108B680000414FF0FF3000F075B8ADF1080C6DE929
:108B780004CE002909DB002B1ADB00F096F8DDF89B
:108B880004E0DDE9022304B07047404261EB410193
:108B9800002B1BDB00F089F8DDF804E0DDE9022397
:108BA80004B0404261EB4101524263EB430370471A
:108BB800524263EB430300F078F8DDF804E0DDE9A6
:108BC800022304B0404261EB41017047524263EB1B
:108BD800430300F06AF8DDF804E0DDE9022304B09D
:108BE800524263EB4303704753B94AB9002908BF9F
:108BF80000281CBF4FF0FF314FF0FF3000F02AB8BB
:108C0800ADF1080C6DE904CE00F04FF8DDF804E092
:108C1800DDE9022304B07047D0B500220B4B0646AD
:108C28000F46FFF749FCFFF71FFF0446FFF7CAFB93
:108C38000022074BFFF740FC02460B4630463946F8
:108C4800FFF782FAFFF710FF2146D0BD0000F03D84
:108C58000000F041704700BF10F8012B11F8013BEC
:108C6800012A28BF9A42F7D0D01A7047034613F852
:108C7800012B002AFBD1181A0138704738B5002299
:108C8800002304460D46FFF789FE28B920462946E9
:108C9800BDE83840FFF7C0BF204605F10041FFF7A7
:108CA800BBFF404261EB410138BD2DE9F0478646E4
:108CB8008C460846089E154674461946002B40F017
:108CC800C1808542B2FA82F245D94AB1C2F1200385
:108CD80000FA02FC954094402EFA03F343EA0C0C88
:108CE8004FEA154EA8B2230CBCFBFEF80EFB18CCBD
:108CF80008FB00F943EA0C43994528D9EB1808F119
:108D0800FF3704D2994502D9A8F102072B44A3EBF7
:108D18000903A4B2B3FBFEFC0EFB1C330CFB00F0F2
:108D280044EA0344A04214D92C190CF1FF3304D2AD
:108D3800A04202D9ACF102032C44241A43EA0740AA
:108D48001EB1D440002334607360BDE8F087474605
:108D5800DDE76346F1E792BB431B01214FEA154E5D
:108D6800AFB2200CB3FBFEFC0EFB1C330CFB07F868
:108D780040EA0343984561D9EB180CF1FF3004D25F
:108D8800984502D9ACF102002B44A3EB0803A4B226
:108D9800B3FBFEFC0EFB1C330CFB07F744EA034451
:108DA800A7424DD92C190CF1FF3304D2A74202D99E
:108DB800ACF102032C44E41B43EA0040C0E7C2F1D3
:108DC80020039540944020FA03F12EFA03F34FEA6A
:108DD800154E9040AFB20343B1FBFEFC0EFB1C10D6
:108DE800190C0CFB07F841EA0041884522D969189B
:108DF8000CF1FF3004D2884502D9ACF102002944B5
:108E0800A1EB08019BB2B1FBFEFC0EFB1C110CFB95
:108E180007F743EA01439F420ED9EB180CF1FF31E3
:108E280004D29F4202D9ACF102012B44DB1B41EA78
:108E3800004193E76046E3E76146F7E76046A4E749
:108E48006346B8E7834206D916B9002108467CE78D
:108E5800C6E900E0F9E7B3FA83F78FB9834201D393
:108E6800724508D8BEEB020460EB030301209C4660
:108E78001EB9002169E73846FAE7C6E9004CF8E769
:108E8800C7F1200CBB400EFA07F522FA0CF42EFAB3
:108E98000CF1BA401C4320FA0CF3B8404FEA1449CD
:108EA80001431FFA84FEB3FBF9F809FB18300B0CD9
:108EB80008FB0EFA43EA00439A4540D9E31808F143
:108EC800FF3004D29A4502D9A8F102002344A3EB4B
:108ED8000A0389B2B3FBF9F809FB183308FB0EFE45
:108EE80041EA03418E452CD9611808F1FF3304D2B9
:108EF8008E4502D9A8F10203214443EA0040A1EBC0
:108F08000E01A0FB02984145CE46434602D306D146
:108F18004D4504D20138B9EB020E68EB0403002E6C
:108F2800A7D0B5EB0E0261EB030101FA0CFC22FAA3
:108F380007F3F9404CEA0303C6E9003199E74046D4
:108F4800C5E74346D9E700002DE9F04F82461746AA
:108F58001C4600259FB00391387810B9284600F0C8
:108F6800A9BD252809D00399D0470028C0F2A285B9
:108F78007B1C01350593059FEEE71822002110A8F8
:108F880029F060FD7B78252B00F0BC8000239846F3
:108F98009E469C461846791C0E4611F8012B2B2A32
:108FA80000F0E38000F2DA80202A00F0E180232A32
:108FB80000F0E1802BB19DF8483043F040038DF874
:108FC8004830B8F1000F05D09DF8483043F0200331
:108FD8008DF84830BEF1000F05D09DF8483043F0B9
:108FE80010038DF84830BCF1000F05D09DF84830CB
:108FF80043F008038DF8483028B19DF8483043F015
:1090080004038DF848309DF8483003F044014429A2
:1090180003D16FF386138DF848309DF848302A2A1B
:1090280043F080030E968DF8483040F0A9809DF8F3
:10903800493043F001038DF84930731C1A782E2A01
:109048000CBF012100219DF8492061F341028DF8F0
:1090580049200CD15A1C0E925A782A2A40F0A08036
:109068009DF84920023342F004028DF849201A780D
:109078006C2A00F0C18000F2A380682A00F0A98061
:109088006A2A00F0C2804C2A00F0C78013F8012B2E
:10909800782A05938DF84B2000F209816D2A00F299
:1090A800C980692A00F20381572A00F2E280412A26
:1090B80004D0A2F14503022B00F2F98004219DF8A7
:1090C8004A3002F0DF02A2F1410961F30203D9F14B
:1090D80000029DF8491042EB090262F3C7110A0623
:1090E8008DF84A308DF84910CBB200F11F8103F09A
:1090F8007802182A40F009816FF3C6038DF84930C9
:109108000023F8E08DF84B30BB1C05939DF84930DF
:109118009DF84A20DE0702F0070040F1098154F863
:10912800041B0029049108DA9DF8481041F0040155
:109138008DF84810049949420491590740F100817B
:1091480054F8046B002E80F2FF809DF849306FF3CD
:1091580041038DF849304FF0FF36F5E02D2A0DD048
:10916800302A7FF427AF012316E74FF0010C13E7ED
:109178004FF0010E10E74FF001080DE701200BE753
:109188000EA812F0FDFD0E9BB3423FF457AF9DF8B9
:1091980048201390C00F60F341028DF848204DE736
:1091A8000EA812F0EDFD9DF848301490C3F340026C
:1091B80042EAD07262F341038DF848300E9B56E7BD
:1091C800742A26D07A2A7FF461AF06219DF84920B7
:1091D8000CE05A78682A9DF8492006D1012161F3EC
:1091E800C6028DF84920023350E7022161F3C60216
:1091F8008DF84920013349E75A786C2A9DF84920AF
:1092080001D10421EBE70321F0E705219DF849206E
:10921800ECE707219DF84920E8E7BDF8482022F44B
:10922800F04222F0020242F4804242F00202ADF81B
:109238004820DFE76E3AD3B201229A4040F28243D7
:109248001A429DF8493039D112F0240F61D1D10763
:109258002DD503219DF84A2003F07803A3F1400897
:1092680061F30202D8F100038DF84A2043EB0803AA
:1092780041E00120A2F15801C9B200FA01F111F44C
:10928800624F7FF41BAF40F6010319429DF8493045
:109298001AD111F4043F0AD09DF84A2060F3020263
:1092A80003F07803402B8DF84A207FF429AF9DF80E
:1092B800483043F001038DF8483021E702219DF83A
:1092C8004A2061F30202EBE702209DF84A1003F0FE
:1092D800780360F30201402B8DF84A1002BF9DF815
:1092E800481041F001018DF84810632A7FF408AF57
:1092F800003B18BF01239DF84820C2F340010B43EF
:1093080063F341028DF8482000E713F0380FCED1FF
:10931800F6E603219DF84A2013F0780F61F3020264
:1093280014BF012300238DF84A20E4E70123E2E774
:109338009DF948100029ACBF4FF0FF311399FBE6A7
:109348009E077FF508AF149E00230428CDE9133348
:109358009DF8493007D1990705D49DF9491000298E
:10936800ACBF06260D2602F00702012AC3F3C30389
:1093780032D1DA1E042A04D8DFE802F0204545205D
:1093880020002268012B4FEAE271CDE910211BD1A0
:109398009DF94020D117CDE9102104349DF84820CB
:1093A800069292074FD03A465046059B039926F0FD
:1093B80041FE0028C0F27E830544DCE554F8042B06
:1093C800D117CDE91021E9E7022BE6D111B242F31A
:1093D800C032CDE91012E0E7022A24D1DA1E042AAD
:1093E80004D8DFE802F0181010181800012B4FF00D
:1093F800000154F8042B14D0022BCDE91021CDD153
:1094080092B21092CAE7073424F00704F4E8020184
:10941800CDE91001C2E754F8042B109200221192F2
:10942800BCE7D2B2CDE7042A08D1073424F00704F8
:10943800D4E900010834CDE91001AFE7032AADD122
:1094480054F8042BDDE79DF84B80B8F1780F3FF610
:1094580092ADB8F1570F5CD8B8F1250F00F0A48091
:10946800B8F1240F7FF687ADB8F1410F04D0A8F109
:109478004503022B3FF67FADDDE91023002BC0F238
:109488004D810699080700F14C81C1F300194FEA94
:109498004919C3F30A51C3F31303002940F0448167
:1094A80052EA030014BF4FF0010C4FF0000CD80231
:1094B80040EA5250D702CDE90C70B8F1460F47EA9E
:1094C800010740EAE17008BF4FF06608384300F032
:1094D800B781BCF1000F10D01B0343EA12531703E6
:1094E8003A4618464FF0000C002880F25681BCF12D
:1094F800000F40F05981CDE90C730D9BA1F2FE3BA2
:1095080043F000430D930021DDE90C230F460520AD
:1095180060E1A8F15802202A3FF62DAD01A151F8CB
:1095280022F000BFF79600007F8F00007F8F0000B9
:109538007F8F00007F8F00007F8F00007F8F0000EB
:109548007F8F00007F8F0000819400007F8F0000D4
:10955800A3960000B7960000819400008194000053
:10956800819400007F8F0000B79600007F8F000075
:109578007F8F00007F8F00007F8F0000FD96000026
:10958800F7960000479600007F8F00007F8F00004D
:10959800C19500007F8F0000F79600007F8F0000C4
:1095A8007F8F0000F796000040460399D0470028B7
:1095B800C0F280820135DEE4002E109F3BDB31468D
:1095C800384629F011FC002F3FF4D5AC4FF00009C4
:1095D8003E18F31B9DF84A2012F01001069100F086
:1095E8005E82023312F04002DDF84C80089218BF08
:1095F800149A434418BF9B18049ACDF81C80002A7B
:1096080040F36882D31A9DF8482004935007C2F3A8
:10961800800B00F15F82510640F14F82B9F1000FD3
:1096280007D048460399D0470028C0F24382D9465C
:109638000135302242E23846FFF718FBC6E710989A
:10964800002800F027820DF175030093002117AB65
:1096580012AA12F0ABFB4FF000090746BDF84A30DA
:1096680003F0EF0343F4F04343F01003ADF84A303E
:10967800002E0CDB9DF848200DF17503DB1B6FF302
:1096880086129E428DF8482001D9F31A1393002FB1
:109698003FF471AC0DF175066DE0109B4FF00009B9
:1096A8008DF85C300DF15D06012317AF92E7069B3C
:1096B8001F0754BFC3F300194FF02B09DDE910232E
:1096C80058BF4FEA4919002B06DA4FF02D095242CC
:1096D80063EB4303CDE91023DDE910010DF17503B8
:1096E800009312AA17AB12F061FB0746C0E74FF0D0
:1096F8000009F1E7109A072B3FF63DACDFE803F0CD
:109708000C04060C08080C0C157034E4158032E4BF
:10971800EB17C2E900532EE415602CE44FF02D0935
:10972800B7E64FF02B09B4E640F2FF70814231D121
:10973800A34908F101085FFA88F811F808101343E3
:1097480001F003011ED101290BBF492369234E21D2
:109758006E210CBF462266228DF85C309DF8483099
:109768008DF85D106FF386138DF85E208DF8483004
:109778000DF15F0617AFF31BB9F1000F3FF42AAFE5
:10978800013327E7012915BF6E234E2361214121AB
:109798001A46E1E74FF0000C89E692184FF0010CE9
:1097A80001F1FF3140419FE6CDE90C20A5E65208C2
:1097B80042EAC3725B08B3F1333F59460BF1010B20
:1097C800F5D201F1020B012100FB03FCA2FB0023EF
:1097D800013F63441BF1020FE9DB09B1CDE90C231A
:1097E800DDE90C32BBF1000F2DDCCBF10401A1F156
:1097F80020000BF11C0B02FA0BFB22FA00F0CA4006
:10980800CB40079208F0DF0243EA0B03472A43EAFA
:1098180000037BD1F91C01DBBE422ADAA8F1020859
:10982800002E5FFA88F87ADD9DF84820013E9206FE
:1098380075D4B6F1000B18BF4FF0010B721C26E06F
:109848004FF0000B5FE6023342F100020CA80BF167
:10985800FF3B0137CDE90C3226F0BDFBDDE90C32C8
:10986800DB185241002A0BF1FF3BF9DACDE90C3243
:10987800B6E79DF84820F61B90064DD4B6F1000BCC
:1098880018BF4FF0010BF2194FF066084AD4102A9E
:10989800A8BF10229FED487B10208DED0E7B0B900A
:1098A800DDE90E01002A3FD1079A1B1842EB01019E
:1098B800B1F1805F47D2CDE90C31069BB8F1660F54
:1098C80003F0200240F0C680002F47DC30238DF8DB
:1098D8005C30002A76D1002E40F3BD812E238DF80E
:1098E8005D3087B17B42B342A8BF3346002B139348
:1098F800A6EB0306D4BF002301239DF84A2063F397
:1099080045128DF84A200DF15E0340E0B8F1660F6C
:109918004FF0000BB7D091E74FF0000BB3E74FF0D3
:10992800000B8BE70022B5E7400840EAC170490800
:10993800CDE90E010EA8CDE9082326F04CFB089AC4
:10994800099B013AACE75B0843EAC1730CA84908D4
:10995800CDE90C31013726F03EFBAEE717AB0B998A
:1099680000290BDD0BA90CA8CDE9063226F04BFB2C
:10997800069B013F079A03F8010BF0D11397AAB988
:10998800002E40F366812E2103F8011B0027002ECC
:1099980021DD0B9A002A1EDD0BA90CA8069326F0E0
:1099A80032FB069B013E03F8010BF0E72E2203F879
:1099B800012BEBE7AFF30080000000000000000877
:1099C80018D304002E238DF85D30002F9BD0002E75
:1099D80088DC0DF15E03BBF1000F4FD114961E46D3
:1099E80008F0DF03452B24D1002FBABF7F422D2377
:1099F8002B23632FC8BF64227370C4BFB7FBF2F375
:109A080002FB13774FF00A02C8BF03F13001B7FB1E
:109A1800F2F3C8BFB17003F1300102FB137386F88B
:109A2800008003F13003D4BF0236033631707370FF
:109A38000236139B002B2BDC149B002BD4BF002376
:109A480001239DF84A2063F3861200238DF84A20EB
:109A580033708FE60BA90CA8069226F0D4FA069A62
:109A680030288DF85C0018BF07F1FF3712B9002EB7
:109A780040F3F1802E238DF85D3044E71E4616F83A
:109A8800012C013B302AF9D02E2A08BF1E46A7E731
:109A98000123D6E7714E81460523771F9AE5110702
:109AA80048BF01339EE5104609920399D047002824
:109AB800099A05DA1FB0BDE8F08F2022DDF810B052
:109AC800594600290BF1FF3BEDDC049BCDF810B0A3
:109AD8002B445D1AB9F1000F05D048460399D047C9
:109AE8000028E7DB0135089B002B77D09DF949302A
:109AF800002B28DB3B46DFF8689118789B4619F85D
:109B08000020013352073FD49DF84A30EF1B9806D6
:109B18005F4407D44246002A08F1FF383BDC079B24
:109B28003B449F1A9BF800002E280AD10399D0477E
:109B38000028BFDBB8F1000F07F1010731DC0BF19A
:109B4800010B5D4638E0B94699F80000C846702810
:109B580009F1010913D1EF1B149D47443D44EB1B48
:109B6800002B33DC334642465046039926F062FA0E
:109B780000289FDB3844049E0546064464E00399A8
:109B8800D0470028E0DA95E706930399D0470028E4
:109B9800069BB2DA8EE730200399D0470028B9DA5D
:109BA80088E730200399D04708F1FF38C0E70399C8
:109BB800D0470028FFF67EAF2878A84619F800306D
:109BC80001355907F3D4A7EB0B07C5E730200399F4
:109BD800D0470028FFF66EAF0137C0E79DF84A303E
:109BE800DA0601D41B0706D530200399D047002890
:109BF800FFF660AF0135069B3BB103999DF84B001A
:109C0800D0470028FFF656AF0135A84406E03020BB
:109C18000399D0470028FFF64DAF0135A8EB05039F
:109C2800002BF4DC33463A465046039926F002FAF4
:109C38000028FFF63FAF28449DE720200399D0472E
:109C48000028FFF637AF0135731B002BF5DCFFF753
:109C580092B91746BFE60DF15D03BCE6978A04008A
:109C680019D30400000000002DE9F04706460F460E
:109C7800904688B028F09CFD4FF47A73A0FB03450A
:109C880003FB0155E40B012F44EA45444FEAD5355F
:109C980007D122462B463046274927F07EF9002077
:109CA80012E0D8F8047025483946FEF7D5FF70B1A0
:109CB80039462348FEF7D0FF48B130463A46214995
:109CC80027F087F96FF0040008B0BDE8F087204658
:109CD80017A3D3E900232946FEF736FF05460C46AD
:109CE80010461946184A0023FEF72EFF80460F46F5
:109CF800104619464EF660220023FEF725FF8246DD
:109D08008946104619464FF47A720023FEF71CFF65
:109D1800CDE902A9CDE90623CDE904012A46234667
:109D28003046CDE90087094927F037F9B7E700BF82
:109D3800005C2605000000003E9004004F900400DF
:109D4800529004005B90040080EE3600739004008B
:109D580001282DE9FF41884608D027F010FF162377
:109D680003604FF0FF3004B0BDE8F08109B918F086
:109D7800D9FA8A683E4B9A42EFD828F019FD054671
:109D88000F4628F015FD3B4CD8F80030D8F80420D1
:109D9800A3FB043604FB0266D8F808209B1846EBA0
:109DA800E276EA0B42EA4742A2FB0421FF0B9B1A28
:109DB800C0F30E0204FB0711A2FB04244FEAD232BF
:109DC80042EA444266EB0101981A61F1000126A3B8
:109DD800D3E90023FEF7B8FE6D46CDE90001284619
:109DE800029218F0B3FA18B927F0C9FE8B23B7E727
:109DF8004FF0FF324FF0FF331F4826F0A2F8041E41
:109E080020DA1E491E4877231E4A26F03BF92146D0
:109E18001D4811E01D4C95E80F0084E80F00164816
:109E280026F08AF80446E0B1194915487723154AFF
:109E380026F028F92146174826F024F977211148F9
:109E480026F017F9E6D0012C0BD013499523134AB5
:109E58000B4826F017F9124826F014F995210F48F7
:109E6800EEE700207FE700BF00CA9A3B0000000031
:109E7800FFC99A3B00CA9A3BACEE00201BAE040017
:109E880006530300C4AD040025AE04003831012098
:109E9800F8AD040002AE04006AAE04003EAE040051
:109EA80073AE0400000000002DE9F04F1F469DB07E
:109EB80000230C4682460F9218934FF00008984BE7
:109EC8004FF000091D682846FEF7D0FE224683465B
:109ED800179213782B2B3BD02CD80D2B26D8082B78
:109EE80026D8002B2FD000230D93179E3378302BC4
:109EF80074D1737803F0DF03582B65D10D9B17A934
:109F0800884A5046019318AB0297009319AB23F087
:109F180027FC10F00705044635D0062D1AD10F9BF3
:109F28000BB101361E6042464B4637E0202BDAD192
:109F38000132CDE72D2BD6D101230D93531C179356
:109F48005378002BD1D10F9B002BECD01C60EAE793
:109F58000023F2E7189A3AB135211AA829F0F2FA43
:109F68001899504623F0CEFE013D199A042D06D8C3
:109F7800DFE805F0190322251900DDE91A89210710
:109F880001D549F000490F9B13B1179B0F9A136035
:109F98000D9B002BC7D0424609F1004343EC102B20
:109FA8001DB0BDE8F08FDDE91A8302F2334223F4D5
:109FB800801343EA0259E2E7DFF86C91DFE76FF0BC
:109FC80000494FF0FF38DAE7179B5A1C17925B7865
:109FD800302BF9D0002BD6D0012300E00023002736
:109FE80004930A22179BCDE905770A9317980678F8
:109FF800A6F13003D9B2092924D95A46294628F0AE
:10A00800CEFE00282DD000203246059D834603460B
:10A01800652A01D0452A13D11DB9049A024392D06A
:10A028000025179C621C179262782B2A6ED02D2A65
:10A0380072D04FF0000CA2F1300109297AD9179497
:10A04800002699E00599013008291790D7BF06998D
:10A0580002FB073702FB01330693059B0133059387
:10A06800C4E7179B03EB0B02179213F80B20059B11
:10A07800A3B383461D46A2F13003092B12D901234D
:10A08800C6E7179B01305A1C17925A78302AF8D025
:10A09800A2F13103082B00F2EF8483460020179BBE
:10A0A80005460A93303A00F1010311D09B4400EBB6
:10A0B800050C2B460A21634512D12B180135082BB4
:10A0C800054419DC06990A2303FB012306930023A0
:10A0D800179A1846511C17915278CCE70598D5E77E
:10A0E800082B03F1010303DC069E4E430696E2E7C4
:10A0F800102BD8BF4F43DEE70F2BDCBF0A2303FB2F
:10A108000727E4E74FF0000B012386E74FF0000C28
:10A11800A21C1792A2788EE74FF0010CF8E700BF57
:10A1280078510300045103000000F07F179A511C76
:10A1380017915278302AF9D0A2F1310108293FF657
:10A148007FAF303A0792179A0C92179A561C1796B7
:10A158005278A2F1300EBEF1090F38D90C99761A4F
:10A16800082E44F61F6603DC07998E42A8BF0E46E8
:10A17800BCF1000F00D07642002D4FD1049908435E
:10A188007FF401AF002B7FF4DEAE692A29D026DCEC
:10A19800492A26D04E2A7FF4D6AE9B4917A829F023
:10A1A8004FF800283FF4CFAE179B1B78282B2FD1F0
:10A1B8001AAA964917A829F057F8052828D11B9BF1
:10A1C800DDF8688043F0FF4949F4E009DBE6079EC3
:10A1D8000A2101FB0621A1F130020792B5E76E2A98
:10A1E800D9E78B4917A829F02BF800283FF4ABAE24
:10A1F800179B17A88749013B179329F021F810B935
:10A20800179B01331793DFF81C924FF00008BAE64A
:10A21800814801F079FA59EC108BB4E6A6EB0B03F0
:10A2280006982C460C93059B002B08BF2B46102D37
:10A238000593A8BF1024FEF7C5F8092D8046894666
:10A2480013DC0C9B002B3FF49EAE0C9B78DD162B89
:10A2580045DC7249424601EBC3014B46D1E9000196
:10A26800FEF72AF9804689468DE66C4B03EBC4035A
:10A2780053E91223FEF720F9804689463846FEF74F
:10A28800A1F802460B4640464946FDF75FFF0F2DF1
:10A2980080468946D5DD2C1B0C9B1C44002C25DCF4
:10A2A80000F0A280644214F00F020AD05B4B4046D3
:10A2B800494603EBC203D3E90023FEF727FA804699
:10A2C8008946241100F090801F2C40F3B18022238E
:10A2D8004FF000084FF00009CAF8003053E6C5F106
:10A2E80025030C9A934219DA2C1B144414F00F031B
:10A2F8000AD04A49424601EBC3014B46D1E9000165
:10A30800FEF7DAF88046894634F00F046CD0B4F5CD
:10A318009A7F41DD2223CAF8003074E7C5F10F05A2
:10A328003E4C42464B4604EBC501D1E90001FEF71D
:10A33800C3F80C9B5D1B04EBC504D4E900238FE72D
:10A348001633A8DBABEB0602344B4046494603EB19
:10A35800C203D3E90023FEF7D9F983E70023069364
:10A368002223DFF8C0904FF00008CAF8003018998F
:10A37800504623F0C7FC0699504623F0C3FC0599C4
:10A38800504623F0BFFC1099504623F0BBFC0799B8
:10A39800504623F0B7FCF6E5002324114046494611
:10A3A8001F4F0493012C22DC0BB180468946049B85
:10A3B800A9F154791A49424601EBC3014B46D1E948
:10A3C8000001FEF779F8174B0A4680460B401649FC
:10A3D8008B429FD8A1F580118B4286BFDFF84C9045
:10A3E8004FF0FF3802F15479002304934BE0E20761
:10A3F80004D5D7E90023FEF75FF80123049A641017
:10A40800083701320492CDE73F580400F0500300AA
:10A41800558F040060D4040000C80400A846030057
:10A42800804603000000F07F0000A07CFFFFEF7F64
:10A4380014F0100340464946AA4F18BF6A230493F4
:10A448000023E20704D5D7E90023FEF735F80123F6
:10A45800641007F10807F4D10BB180468946049BC4
:10A4680043B1C9F30A524946C2F16B03002B4EDCD3
:10A478006A2304930022002340464946FEF784FAE3
:10A4880000287FF424AF069B5046059A00932B467C
:10A498000A9923F0A1FC109000283FF43BAF0C9BD5
:10A4A800ABEB060B002BB4BF5B46002311930C9B50
:10A4B80023EAE3731393002307930593109B5046F5
:10A4C800596823F0DFFB069000283FF449AF109B42
:10A4D8000C301A6903F10C010232920028F08BFA51
:10A4E8001AAA19A9504649EC108BCDE90A8923F01C
:10A4F8004FFF189000283FF433AF0121504623F056
:10A50800B5FC03460590D0B90023059328E71F2B17
:10A518000EDD342B4FF00008DBBF4FF0FF33C2F1E4
:10A528004B024FF05C799340D8BF03EA01099FE7DB
:10A538004FF0FF3202FA03F303EA080898E7199C80
:10A548001A9A002CA9BF119B139BE718139EB8BF3A
:10A558001E1B049BB8BF119FE41A634B1444C2F13D
:10A568003602013C9C4280F2B0801B1B01251F2B48
:10A57800A2EB0302CDBFC4F17F449D40002404F543
:10A588007F04C2BF04F57B44E23405FA04F407EB08
:10A59800020B049B16445F451E443B46A8BF5B461E
:10A5A800B342A8BF3346002BC2BFABEB030BF61A6E
:10A5B800FF1A119B002B16DD1A460599504623F009
:10A5C80015FD059000289FD00146189A504623F0A3
:10A5D80063FC0E9000283FF4C3AE1899504623F050
:10A5E80091FB0E9B1893BBF1000F71DC0C9B002BA9
:10A5F80008DD139A5046069923F0F8FC06900028C7
:10A608003FF4ACAE002E08DD32460699504623F0E2
:10A6180047FD069000283FF4A1AE002F08DD3A461A
:10A628000599504623F03CFD059000283FF498AE6C
:10A63800069A5046189923F09FFD079000283FF48A
:10A648008FAEC36805990E930023C36028F02DFFD1
:10A6580000284BDA0E9B53EA080340F0BC80C9F38C
:10A668001303002B40F0B78029F000431B0D1B0596
:10A67800B3F1D66F40F2AF80079B5B6923B9079BA4
:10A688001B69012B40F3A78001220799504623F04C
:10A6980007FD0599079028F008FF002840F39B80E4
:10A6A80029F00043049A1B0D1B05002A79D0B3F149
:10A6B800D66F6DD8B3F15C7F46D84FF000084FF0E5
:10A6C80000092223CAF8003051E6002401255EE77C
:10A6D8005A461899504623F0E3FC1890002885D173
:10A6E8003EE600BF5846030002FCFFFFCB4640F0A1
:10A6F800A3800E9AC9F31303002A40D09C4A9342C0
:10A7080058D1049B42467BB9B8F1FF3F40F089809D
:10A71800984B99453FF424AE974BDDF8108009EA31
:10A72800030303F5801922E6934B09EA0303B3F107
:10A73800D46F16D918F101011BD18E4A91453FF407
:10A748000FAE03F5801980468C4B404649460022DF
:10A75800FDF7B2FE0B468046894603437FF407AEF9
:10A76800AFE71E0D4FF0FF31C6F16B06B1408845CB
:10A77800E7D0002C5ED014EA0B0FE5D01EE0002BCA
:10A788004AD1B8F1000F8BD064B314EA0B0F2BE059
:10A79800A3F580134FF0FF386FEA13596FEA095990
:10A7A800D2E7A3F580134FF0FF386FEA13596FEA29
:10A7B8000959DCE59CB114EA090F0CD0404649461A
:10A7C800049A28F033FBDDE90A0153EC102BFDF75E
:10A7D800BDFC80468946049B002BB5D1C7E515EA28
:10A7E800080FEAE718EA050FF5D0049A40464946EB
:10A7F80028F01CFBDDE90A0153EC102BFDF7A4FC43
:10A808000022002304460D46FEF7BEF800287FF418
:10A8180054AFA046A946DEE7002CB6D115EA080FCA
:10A82800E2E724B114EA090F3FF4A1ADC6E718EA3C
:10A83800050FF9E72A42A0E70599079828F050FE86
:10A8480000224FF0804355EC104B20462946FEF776
:10A85800AFF800286DD00E9B002B78D1B8F1000F0F
:10A8680056D1C9F31303002B59D10022444B20467B
:10A878002946FEF793F8002858D120462946002299
:10A88800404BFDF719FE04460D4605F100430894B8
:10A898000993394B0BEA03031293129A3A4B9A42E3
:10A8A800DDE9086740F0A980ABF1547949EC108BD9
:10A8B80023F0FAFCDDE9082351EC100BFDF7FCFD51
:10A8C80042464B46FDF742FC0B462B4980462F4A31
:10A8D800194091425CD90B9A264B9A4203D10A9BA4
:10A8E80001333FF43DADDFF88C904FF0FF381899F5
:10A8F800504623F007FA0699504623F003FA0599C3
:10A90800504623F0FFF90799504623F0FBF9D5E5A7
:10A91800B8F1010F03D1B9F1000F3FF4CEAE002416
:10A92800174D9FED0F7B8DED087BB2E70024154D89
:10A93800ABE7144B204629460022FDF7BDFD0E9BD0
:10A9480004460D46002BA0D0CDE90845A1E79FEDB0
:10A95800067B55EC174B8DED087B9AE7AFF300802B
:10A96800000000000000F0BF000000000000F03F01
:10A97800FFFF0F00FFFFEF7F0000F07F000050395E
:10A988000000F03F0000E03F0000E07FFFFF9F7CF9
:10A9980003F15479049B4E46002BA8D129F00043BB
:10A9A800129A1B0D1B059A42A1D120462946FEF793
:10A9B80065F9C9F31306FDF751FD0B460246294612
:10A9C800204646EA0806FDF7BFFB0E9B04460D46E7
:10A9D8001E434BD02EA3D3E90023FDF7DFFF002849
:10A9E8007FF4C5AC204629462BA3D3E90023FDF705
:10A9F800F3FF00283FF47BAFB9E4049B13B3129B29
:10AA0800B3F1D46F1ED82046294625A3D3E90023E5
:10AA1800FDF7CEFF90B129462046FEF725F801281C
:10AA280038BF0120FDF7CEFC0E9B04460D46D3B976
:10AA380001F1004314901593DDE9146707F1D6631B
:10AA4800129A9F1A9DED0A0B23F02EFC30463946C8
:10AA580053EC102BFDF730FDDDE90A23FDF776FBFB
:10AA68008046894696E7CDE91445E5E70EA3D3E984
:10AA78000023FDF793FFBCE7652A3FF443AB452A63
:10AA88003FF440AB0123FFF779BB00BFAFF3008071
:10AA98009535A094FFFFDF3F35E5AF350000E03F77
:10AAA8000000C0FFFFFFDF419535A094FFFFCF3FB7
:10AAB8002DE9F04F476A97B08346209E08910C9283
:10AAC800129355EC104B8DED000B7FB9102021F03F
:10AAD800E9FA0246CBF8240020B9A74BEA21A74897
:10AAE80024F08CF8C0E901770760C760DBF82430F0
:10AAF800196859B15A680123584693404A608B60D7
:10AB080023F000F9DBF8243000221A602B1EB7BFAF
:10AB180023F00043002301220193A8BF3360019F63
:10AB2800974BB8BF3260BB4319D142F20F73129AE8
:10AB38001360C7F31303234300F0DB85219B53B94C
:10AB4800904B21E0904B03930833219A13600398AC
:10AB580017B0BDE8F08F8B4B03930333F5E79DEDFA
:10AB6800007B0022002351EC170B8DED0A7BFDF7CB
:10AB78000BFF804650B10123129A1360219B13B139
:10AB8800824B219A1360824B0393E0E7C7F30A567E
:10AB980014AA15A958469DED0A0B23F0F9FB02905B
:10ABA800002E76D00B9BA6F2FF36CDF84C80C3F36F
:10ABB800130343F07F53DDE90A0143F440131946B8
:10ABC8000022744BFDF7C0FA65A3D3E90023FDF713
:10ABD80073FC65A3D3E90023FDF7B8FA04460D46D4
:10ABE8003046FDF7FFFB62A3D3E90023FDF764FCC1
:10ABF80002460B4620462946FDF7A8FA04460D46AC
:10AC0800FDF70AFF00220746002320462946FDF7E4
:10AC1800C5FE40B13846FDF7E5FB22462B46FDF759
:10AC2800B3FE00B9013F162F52D85B4B03EBC703A5
:10AC3800DDE90A01D3E90023FDF7B0FE002849D079
:10AC4800013F00231193149B9B1B5A1E4CBFC3F159
:10AC580001030023079245BF069300230693079339
:10AC6800002F39DB079B10973B4407930023099378
:10AC7800089B092B66D8052BC5BF043B002401247B
:10AC88000893089B023B032B67D8DFE803F02D3AB3
:10AC98003859DDE914631E4406F23243202BC9BF3C
:10ACA800C3F14003C3F120039F4006F21243D8BF0B
:10ACB80004FA03F006F1FF36C4BF24FA03F347EAA7
:10ACC8000300FDF77FFB0122A1F1F873139276E7E9
:10ACD8000123B7E71190B6E7069BDB1B06937B427F
:10ACE800099300231093C3E700230D930C9B002BBB
:10ACF80056DC012399461A4604930C920CE0012372
:10AD0800F3E700230D930C9BFB1803F1010904934F
:10AD18004B46012BB8BF0123DBF824000021042295
:10AD280002F114059D423FD94160584622F0AAFF1E
:10AD3800039000283BD1194B02464FF4D571CEE65B
:10AD48000123DFE7012400230D9408934FF0FF331C
:10AD58000022994604931223CFE701230D93F5E7C8
:10AD680061436F63A787D23FB3C8608B288AC63F09
:10AD7800FB799F501344D33F6AD4040081D4040064
:10AD88000000F07F66D404005DD404002FBB0400EB
:10AD98002EBB04000000F83FA8460300DDD40400E1
:10ADA8000C9B99460493B7E701315200B8E7DBF8EA
:10ADB8002430B9F10E0F039A1A606FD8002C6DD0A9
:10ADC800002F36DD07F00F02A04BF8054FEA2714D5
:10ADD80003EBC20393ED007B8DED0E7B17D59C4BE7
:10ADE80004F00F044FF00308D3E90823DDE90A0152
:10ADF800FDF78CFCCDE90001954D5CB9DDE90E232A
:10AE0800DDE90001FDF782FCCDE900012BE04FF000
:10AE18000208F1E7E10709D508F10108DDE90E01AB
:10AE2800D5E90023FDF748FBCDE90E01641008358C
:10AE3800E3E700F007817C42844B854D4FF0020820
:10AE480004F00F02241103EBC203DDE90A01D3E980
:10AE58000023FDF731FB0023CDE90001002C40F071
:10AE6800E580002BD0D1119BDDE90045002B00F0D7
:10AE78004C810022774B20462946FDF78FFD00289C
:10AE880000F04381B9F1000F00F03F81049B002BD3
:10AE980000F3E480DDE90A34CDE90034159B002B8A
:10AEA80002DB0E2F40F342820D9A002A40F067829F
:10AEB800099C0025DDF81880B8F1000F0DD0079B1C
:10AEC800002B0ADD4345069AA8BF4346D21AA8EBD1
:10AED80003080692079AD31A0793099B0BB30D9B95
:10AEE800002B00F0A682002C00F0A1822946224601
:10AEF800584623F07BF8029A01460546584622F048
:10AF0800CBFF02990646584622F0FCFE099B1B1B04
:10AF1800099300F09182099A3146584623F066F861
:10AF280002900121584622F0A1FF109B0446002BF5
:10AF380000F084821A460146584623F057F8089BC9
:10AF48000446012B03DC009B002B00F07C820026CA
:10AF5800236904EB8303186928F058FAC0F120002C
:10AF68001096079B184410F01F0000F09182C0F162
:10AF78002003042B40F38182C0F11C00069B03448C
:10AF880080440693079B03440793069B002B05DD2B
:10AF98001A460299584623F083F80290079B002B23
:10AFA80005DD21461A46584623F07AF80446119BD7
:10AFB800002B00F076822146029828F076FA0028C5
:10AFC80080F26F8200230A220299584622F0BCFEC2
:10AFD8000D9B7E1E0290002B00F05C820023294608
:10AFE8000A22584622F0B0FE049B0546002B03DCDB
:10AFF800089B022B00F35E82B8F1000F05DD29469D
:10B008004246584623F04CF80546109B002B00F0AA
:10B01800D0826968584622F035FE0746002840F07D
:10B028007F820D4B024640F2EA2158E5E20706D539
:10B0380008F10108D5E90023FDF73EFA0123641061
:10B0480008350BE74FF002080DE700BFA8460300DC
:10B05800804603000000F03FDDD4040020460022B3
:10B06800AC4B2946FDF728FA7E1E08F10108049C1E
:10B07800CDE900014046FDF7B5F9DDE90023FDF70C
:10B088001BFAA54B0022FDF761F8A1F15073CDE939
:10B098000E010F93002C3BD10022A04BDDE90001EB
:10B0A800FDF752F802460B46CDE90023DDE90E23F1
:10B0B800FDF792FC002840F05781DDE90E2101F1EF
:10B0C8000043DDE90001FDF769FC00283FF4E2AE2A
:10B0D800002425460C9BDDF80CA0DE434FF0000849
:10B0E8002146584622F00EFE002D00F0A980B8F146
:10B0F800000F05D0A84503D04146584622F002FE6D
:10B108002946584622F0FEFD9AE03E464C46B1E7F5
:10B11800834B03EBC40353E90201039B1C440D9BBF
:10B12800002B4AD002460B4600207E49FDF7EEFA76
:10B13800DDE90E23FDF708F8DDF80CA0CDE90E01D6
:10B14800DDE90001FDF768FC0546FDF74BF902460D
:10B1580030350B46DDE90001FCF7F6FF0AF8015B24
:10B1680002460B46CDE90001DDE90E01FDF734FC8E
:10B17800002865D100206C49DDE90023FCF7E4FFD5
:10B1880002460B46DDE90E01FDF726FC002840F0DB
:10B198000D81A24500F0EA8000225E4BDDE90E0138
:10B1A800FDF78AF900225B4BCDE90E01DDE90001CC
:10B1B800FDF782F9CDE90001C2E7DDE90E23FDF7CD
:10B1C8007BF9A046DDF80CA0CDE90E01DDE9000110
:10B1D800FDF722FC0546FDF705F9024630350B461A
:10B1E800DDE90001FCF7B0FF0AF8015B02460B46F7
:10B1F800A245CDE900234FF0000223D1494BDDE9F8
:10B208000E01FCF7A3FF02460B46DDE90001FDF73E
:10B21800E3FB002840F0CA8000204249DDE90E2304
:10B22800FCF792FF02460B46DDE90001FDF7B6FB8D
:10B2380070B1C24608F1FF381AF8013C302BF8D03B
:10B24800374655E0334BFDF737F9CDE90001BDE747
:10B25800DDE90A34CDE90034159B002BFFF628AE52
:10B268000E2F3FF725AE2E4B03EBC70393ED007B64
:10B278000C9B002B8DED047B02DAB9F1000F64D032
:10B28800DDF80CA0DDE90045DDE904232046294668
:10B29800FDF73CFAFDF7C0FB0646FDF7A3F8DDE92C
:10B2A8000423FDF709F90246204606F130040B464F
:10B2B8002946FCF749FF0AF8014B039C02460B4656
:10B2C800AAEB0404A14540F08280FCF73FFF044646
:10B2D8000D46DDE90423FDF77FFB002865D12046F4
:10B2E8002946DDE90423FDF74FFB08B1F3075CD4D9
:10B2F8000299584622F006FD002301378AF80030EB
:10B30800129B1F60219B002B3FF421ACC3F800A0C7
:10B318001DE400BF0000244000001C400000144051
:10B32800A84603000000E03F0000F03FA24B03EBFB
:10B33800C70393ED007B0C9B002B8DED047B9FDAFC
:10B34800B9F1000F9CDC7FF4C3AE00229B4BDDE912
:10B358000401FDF7B1F8DDE90023FDF733FB0446EE
:10B3680000287FF4B5AE3E462546B4E0DDE90A3450
:10B37800CDE90034159B002B01DB0E2FD6DD089A92
:10B38800012A36DC139A82B303F23343099CDDF8B1
:10B398001880069A012158461A440692079A1A44B8
:10B3A800079222F063FD054686E53E4653469A46D7
:10B3B80013F8012D392A06D1039A9A42F7D130227F
:10B3C800039901360A701A7801321A7038E7002298
:10B3D8007B4BFDF771F80022002304460D46FDF76C
:10B3E800D3FA00283FF450AF82E7149BC3F1360329
:10B3F800CCE709F1FF34099BA34208DBB9F1000F40
:10B40800A3EB04040EDBDDF818804B46C1E7099B6B
:10B41800109AE31A0994DDF8188000241A444B4660
:10B428001092B6E7069BA3EB09080023B1E7029E3A
:10B4380071E5099A029970E5029672E5089B012B5D
:10B4480017DC009BABB9019BC3F313039BB9019BAA
:10B4580023F00046360D360536B1069B012601332A
:10B468000693079B01330793109B002B7FF470AD65
:10B478001096012075E50026F6E73FF486AD1C33EB
:10B48800069A1A4498440692079A1A4407927CE549
:10B498000346F4E7049B002B2BDC089B022B09DCFA
:10B4A80027E0B9F1000F1DDC089B022B1ADD3E4690
:10B4B800CDF81090049B002B7FF40CAE214605229A
:10B4C800584622F041FC01460446029827F0EDFF59
:10B4D80000287FF7FFADDDF80CA0312301360AF80C
:10B4E800013BFBE50D9B3E46CDF81090002B7FF409
:10B4F80083AD039F2146029827F0E5FC039B00F1EA
:10B508003009049A07F8019BFB1A9A4240F3CB8052
:10B5180000230A220299584622F016FC0290E9E715
:10B528002A6905F10C010C300232920027F063FA07
:10B5380001223946584622F0B3FD039BA84605462A
:10B5480003F1010ADDE9032313440793009B03F089
:10B55800010309930AF1FF3321460298049327F067
:10B56800B2FC4146069000F13009029827F09DFF91
:10B578002A4621460746584622F0FEFDC268014683
:10B5880002B3584622F0BEFB002F3ADA0122029994
:10B59800584622F085FD2146029027F086FF0028B4
:10B5A80003DC29D119F0010F26D0B9F1390F1DD1CB
:10B5B80032E02846C1E700BFA84603000000144057
:10B5C800000024400A90029827F06FFF0A990C9017
:10B5D800584622F097FB0C9A5ABB089B53B9099B13
:10B5E80043B9B9F1390F17D0002F05DD069B03F1D8
:10B5F800310901E0002F2ADADDF810A00AF8019BD2
:10B608006EE5089B3B4304D1009B03F00103002B2C
:10B61800BCD0B9F1390F36D1049F392307F8013B63
:10B62800BA46013F1AF8013C392B5AD001333B7016
:10B6380056E5002F06DB089B3B4306D1009B03F031
:10B64800010313B9002AA1DCD6E7002AE1DC079B35
:10B6580057460AF8019C53452ED000230A22029926
:10B66800584622F071FBA84502904FF000034FF0B6
:10B678000A02414658460BD122F066FB8046054631
:10B688000AF1010A66E7DDF810A009F10109B5E73A
:10B6980022F05AFB2946804600230A22584622F007
:10B6A80053FB0546ECE7049B4FF00008002BCCBF8A
:10B6B8001F460127039B1F4401220299584622F086
:10B6C800EFFC2146029027F0F0FE0028A8DC02D10A
:10B6D80019F0010FA4D1BA4617F8013D302BFAD062
:10B6E800FEE4039BBB429BD13123039A01361370BE
:10B6F800F6E4219B002B7FF425AA014BFFF744BAFF
:10B708005DD40400000000009FED010B704700BFEE
:10B71800000000000000F87F08B501684B1E142BDC
:10B7280096BF0A4A0A4A52F823204368094824F077
:10B73800E9FB09497023094A094824F0A3FC094890
:10B7480024F0A0FC7021054824F093FC7047030006
:10B75800B2520300C15203002EBB0400EA52030098
:10B76800065303002353030070B5A2B013F0E8FB9F
:10B77800404E306060B94049AB23404A404824F00D
:10B7880081FC404824F07EFCAB213C4824F071FC4D
:10B798003D4B02ACD3F80054C3F80054002315F015
:10B7A800010F8DF8083003D02046384927F0D3FA26
:10B7B800AA0703D52046364927F0CDFA6B0703D5EB
:10B7C8002046344927F0C7FAE80603D5204632490F
:10B7D80027F0C1FAE90303D52046304927F0BBFA20
:10B7E800AA0303D520462E4927F0B5FA6B0303D5E3
:10B7F80020462C4927F0AFFA2046FDF737FA00BB60
:10B808002046294927F0C3FA2146284824F07AFB24
:10B8180000230393264B27494FF48052264802936E
:10B82800009405231DF07EFC18F064FB014680B1EE
:10B83800224824F067FB224824F064FB002022B051
:10B8480070BD00F188030DEB0300002300F8833C72
:10B85800DAE70FF0B5FB18F05FFF014610B11948A1
:10B8680024F050FB1849306814F0D4FB00F084F938
:10B87800E4E700BF783B012059530300EA52030074
:10B888000653030073530300005000409153030014
:10B898009E530300AA530300C3530300DD53030060
:10B8A800E9530300F75303000E5403001D5403002B
:10B8B8003054030010680120E0EE002042540300D9
:10B8C8006E5403007B5403009D54030010B58EB0E2
:10B8D8001E4801A924F09CFA044630B3024602200F
:10B8E8001B4923F0D1F904A820F0E4FB00201949F2
:10B8F80023F0CAF9184A0020C2F10052174902F58C
:10B90800802223F0C1F9049A0020154923F0BCF9DC
:10B918000C9A0020134923F0B7F900200B9A12491A
:10B9280023F0B2F900200EB010BD104923F0ACF995
:10B938002046019A0B4923F0A7F92046029A0A49A2
:10B9480023F0A2F92046039A0949CAE700EC00202F
:10B958009855030024560300800803203C56030032
:10B9680050560300E7550300FB550300CF5503006D
:10B978000F560300134670B50A220021586821F0BB
:10B9880051FC002814DD4FF47A73002503FB00F402
:10B998004FF40046294640F2E7304FF47A7200230C
:10B9A800E4FB0601FDF720F91EF050FE284670BDA5
:10B9B8000020034923F068F96FF01500F7E700BF8E
:10B9C8006456030010B50024034B204603491C703D
:10B9D80023F05AF9204610BD58560120FA560300A4
:10B9E800012208B5034B002003491A7023F04CF9D3
:10B9F800002008BD585601200E57030030B595B0F9
:10BA0800242204460D460BA8002127F01BF806A99E
:10BA1800012026F0C4F80BA906A820F09FFA089B7D
:10BA28000D4A294693FBF2F305930B9B204604939A
:10BA38000C9B0A4A03930D9B02930E9B01930F9B49
:10BA480001330093109B03F26C7321F0C7FAC043D3
:10BA5800C00F15B030BD00BF40420F00CA570300E9
:10BA6800F8B505460E4617464FF0FF334FF0FF3244
:10BA780021481CF05DFC214B1C785CB11E2120483C
:10BA8800FFF7BCFF4FF480611D4B1E4A1E4821F092
:10BA9800A5FA04461C48C4F5806120443B4632465A
:10BAA80010F0D2F90444B4F5806F184C03D3184948
:10BAB800206825F08EFA012D206807D0022D0ED0BF
:10BAC80095B9114A134925F068FA03E00E4A11495D
:10BAD80025F071FABDE8F84007481CF0F9BC0A4A9D
:10BAE8000C4925F076FAF5E70B4925F072FA064A73
:10BAF80008492068E7E700BF80EC0020585601207D
:10BB08003A5601201CEF03003A520120783B0120ED
:10BB1800F05703009ABE04001B580300024B02466C
:10BB28000249186825F039BA783B01209ABE04000A
:10BB3800012938B5054616D954680C492046FDF741
:10BB48008BF880B120460A49FDF786F858B122469D
:10BB58000220084923F098F86FF01504284625F0CC
:10BB680046FA204638BD0124F8E700BFEA69030019
:10BB78004D5803005458030008B50020074B084AE5
:10BB8800084923F081F80020074923F07DF8BDE833
:10BB980008400020054923F077B800BF6D5803001E
:10BBA8007A580300805803009B580300B6580300D6
:10BBB800012938B504460AD95268064925F009FA18
:10BBC8004FF0FF35204625F012FA284638BD0125EA
:10BBD800F8E700BFCE58030008B502F077F902462F
:10BBE80028B1BDE808400220014923F04DB808BD3E
:10BBF800E858030001232DE9F04F00259146DFF8AE
:10BC080058B3B14ADBB0994206460F46CDE907550D
:10BC18001360CBF8003040F26D82A846AA460AA805
:10BC280005F01AFA60220AA922A826F0E4FECDE956
:10BC3800045508AB00934946A44B3846A44A26F05D
:10BC48007FFA431C04460BD1DBF80030BB4280F07E
:10BC5800458307F18047013F59F827209D490BE0AC
:10BC68000C2C1FDC002C0BDADBF800309A4903F1AE
:10BC78008043013B59F82320022023F005F839E2DC
:10BC8800013C0B2C00F25E82DFE814F062026C02C9
:10BC9800740225023B024E024702550212021802A4
:10BCA8001E027F02742C2DDC612CDDDD623C122C1F
:10BCB800DAD801A353F824F05DC0000071BC00007D
:10BCC800A9C0000071BC000071BC000071BC00007C
:10BCD800FDC0000071BC000071BC000071BC000018
:10BCE80071BC000001C00000D1BF000071BC0000A1
:10BCF80071BC000071BC00005DBD000071BC00009B
:10BD08003FC000006FF47A7023180E2BACD80E2BAE
:10BD1800AAD801A252F823F09FC10000CFC10000A9
:10BD2800EFC100006DC2000071BC000071BC0000D2
:10BD380071BC000071BC000071BC000083C200002F
:10BD480083C2000083C2000083C2000083C20000D7
:10BD580083C2000000240AA805F07EF97C2221464F
:10BD68003BA83A9426F06EFE20465C4922F08CFFF0
:10BD78000A9B20461A465A49049322F085FF0B9BDA
:10BD880020461A465749049322F07EFFBDF8343006
:10BD980020461A46544922F077FF2046BDF8302045
:10BDA800524922F071FF9DF83200002800F0878088
:10BDB8003AA99DF8330004F061F84D49024620463F
:10BDC80022F062FF00204B4922F05EFF149A002007
:10BDD800494922F059FF0020484922F055FF002028
:10BDE800129A474922F050FF9DF84C2000204549FF
:10BDF80022F04AFF0020444922F046FF00200F9A13
:10BE0800424922F041FF0020119A414922F03CFFAB
:10BE1800DDE9103200203F4922F036FF0020109A59
:10BE28003D4922F031FF9DF8392000203B4922F09E
:10BE38002BFF00203A4922F027FFDDE918230020D4
:10BE4800384922F021FF0020374922F01DFF002049
:10BE58009DF85820354922F017FF0020159A3449DB
:10BE680022F012FF00209DF85920324922F00CFFE1
:10BE780000209DF85A20304922F006FF9DF85B20EB
:10BE880000202E4922F000FF00202D4922F0FCFE60
:10BE98009DF868102B4B2C4A0020012908BF1A4630
:10BEA8002A4922F0F1FE9DF86830012B56D0002077
:10BEB800274922F0E9FE00205BB0BDE8F08F254954
:10BEC80022F0E2FE7EE700BF444E0120A0DB002006
:10BED800FF6103000C620300DF61030020590300C7
:10BEE800315903006E590300AB590300E8590300A8
:10BEF8001C5A03008A5A03009E5A0300D25A0300B0
:10BF0800E65A03001A5B03004E5B03006D5B0300F7
:10BF1800A15B0300E45B03002D5C0300715C03007C
:10BF2800A85C0300C35C0300015D0300175D030008
:10BF3800555D0300935D0300D15D03000F5E0300B0
:10BF48004D5E0300085903000E5903006E5E03009E
:10BF5800A25E0300505A0300F4E700209DF8693000
:10BF6800012B2FD0A54AA649022B18BF0A4600204C
:10BF7800A44922F089FE9DF86930022B05D10020E2
:10BF88009DF86B20A04922F07FFE00209DF86A20D2
:10BF98009E4922F079FE00249D4E0AAD9DF86A3034
:10BFA8009C4288DA062C05F1040584D0B5F84430A3
:10BFB80001340093224631460020B5F8423022F081
:10BFC80063FEEBE7934AD2E7934B0A21186807AA66
:10BFD80025F0D9F8079B044643B1234622460220A0
:10BFE8008E4922F051FE6FF0150065E722F05FFFE1
:10BFF8000028F2D022941CE6874B186826F0D9FC5A
:10C008000123984202468DF8923003D100238DF81F
:10C0180093300EE60228FAD0032801D10223F6E76E
:10C02800042803D100238DF8923002E67C490220CF
:10C0380022F02AFED7E7784B0A21186807AA25F0CC
:10C04800A2F8079B23B17749022022F01DFECAE718
:10C058002390EEE5704B186826F0ABFC431E012BCD
:10C0680002460BD8BDF83030ADF89000042B7FF4B1
:10C07800E0AD01206C4922F007FEDAE5011F122924
:10C088000CD86A4BCB40D90708D50428BDF8303006
:10C09800ADF89000EAD1042BEBD1CAE56449C6E7B4
:10C0A8005D4B186826F085FCC317CDE93003C0E561
:10C0B800594B186826F07DFC2C90BAE5564B186849
:10C0C80026F077FC2A90B4E5534B186826F071FCEB
:10C0D8008DF8AC00ADE5504B186826F06AFC0828CE
:10C0E80004D86FF48B730341DA0707D5514902204E
:10C0F80022F0CAFD5048FFF711FDDCE68DF8B800C4
:10C1080097E5454B186826F054FC4C4B421E9A4262
:10C1180001D94B49EBE72D908BE53F4B186826F08A
:10C1280048FC8DF8B90084E53B4B186826F041FCC3
:10C138008DF8BA007DE5384B186826F03AFC8DF882
:10C14800BB0076E5344B186826F033FC279070E581
:10C15800314B186826F02DFC002801DB394973E7BC
:10C16800289066E52C4B186826F023FC0028F5DAA1
:10C1780029905EE5284B186826F01BFC642801D935
:10C18800314961E78DF8990053E504F03FFF062037
:10C1980001F016FA8FE6204B2C491C682046FCF764
:10C1A8005BFD18B901238DF8C83042E520462849BF
:10C1B800FCF752FD10B98DF8C8003AE5254930461C
:10C1C80024F007FF0FE7144B23491C682046FCF7AF
:10C1D80043FD002879D020462049FCF73DFD002882
:10C1E8007AD01F49EBE70C4B4FF00108186826F08E
:10C1F800E0FBCDF814808DF8CB001AE51559030043
:10C2080018590300D55E03000E5F0300425F030068
:10C21800765F0300835C0400404E0120AE5F03009C
:10C22800446003006C600300846003002100040084
:10C23800C3600300DE600300E06F03003F4B4C0067
:10C24800FC6003002C6103004A61030008590300E5
:10C258000E59030064610300826103000E99040013
:10C26800856103008A4B4FF00108186826F0A1FB8E
:10C27800CDF810808DF8CA00DBE4854B186808B942
:10C2880084499CE784493AAB09AA20F0FBFE0228BE
:10C29800F6D1099A172A04D83A9B172B01D89A4243
:10C2A80005D917227D49304624F093FE9BE60021EC
:10C2B80001250791A4F2E2345AA901EB8404A846A7
:10C2C80024F8DA2C24F8D83CB3E401234FF0010811
:10C2D8008DF8C930C246ACE40223F7E79DF8C830B0
:10C2E800DBB9B8F1000F00D11DB101206C4922F073
:10C2F800CBFC002319468DF8C930ADF8CA3022AA04
:10C308000133062BA2F84610A2F8481002F10402E5
:10C31800F6D122A804F054FE39E7012B0FD19DF87D
:10C328006830012B04D0BAF1000F08D15D4946E707
:10C33800BAF1000F03D19DF869308DF8C9309DF826
:10C34800C930022B29D1049B03B90DB1564936E7F0
:10C35800059B43B99DF86930022B0CD19DF86B30D1
:10C368004BB18DF8CB309DF8CB30013B052B05D96F
:10C3780006224E4997E701238DF8CB300023194652
:10C388008DF8CA3022AA0133062BA2F84610A2F86B
:10C39800481002F10402F6D1BBE7012BC6D1059B78
:10C3A8000BB143490BE7049B63B940F20113BDF895
:10C3B80068209A420ED19DF86A305A1E052A09D87B
:10C3C8008DF8CA309DF8CA00431E052B04D90622F1
:10C3D800384968E70423F3E79DB1002222A9B1F8A0
:10C3E8004630B1F84850172B02F1010203D8172D37
:10C3F80001D8AB4249D9172330462F4924F0E9FD2B
:10C40800F1E51821B1FBF0F12B4600FB01F422AA5B
:10C41800C4F118049C42D4BF8C4601F1010C2F468C
:10C4280001336544A2F84670834205F1FF37A2F84C
:10C43800487002F10402EDDB0246002122AB03EB57
:10C448008003062A03F10403C7D0A3F84210A3F817
:10C4580044100132F5E7B7F84AC0013465450CD3FA
:10C46800B7F84CE0734508D83046CDE902CECDE99F
:10C478000054124924F0ADFDB5E504378442EADBE7
:10C48800824201F10401AADB43E70F461446F5E7AF
:10C49800404E012096610300A85F0300AF610300CE
:10C4A80034620300676203009F620300D6620300E0
:10C4B800EB6203000F630300266303005563030068
:10C4C8002DE9FF47012300250C461646244F254A2F
:10C4D800DFF8A4A0DFF8A480039513603B600DF19A
:10C4E8000C095346424631462046CDF8009025F0C7
:10C4F80027FE431C09D13B68A34224D204F180449F
:10C50800013C56F8242018490DE0332815D00EDCDC
:10C51800312814D0322814D03B68144903F18043E1
:10C52800013B56F82320022022F0AEFB01E06828E8
:10C53800F2D10F48FFF7F2FA0EE00225D1E7002505
:10C54800CFE70125CDE7284602F028FB024618B1BF
:10C558000220084922F098FB04B0BDE8F08700BF2C
:10C56800F4E70020444E01200C620300DF61030061
:10C57800469E03009163030070DE00208C63030075
:10C588002DE9FF47012300250C461646244F254A6E
:10C59800DFF8A4A0DFF8A480039513603B600DF1D9
:10C5A8000C095346424631462046CDF8009025F006
:10C5B800C7FD431C09D13B68A34224D204F180443F
:10C5C800013C56F8242018490DE0332815D00EDC1C
:10C5D800312814D0322814D03B68144903F1804321
:10C5E800013B56F82320022022F04EFB01E0682888
:10C5F800F2D10F48FFF792FA0EE00225D1E70025A5
:10C60800CFE70125CDE7284602F0FEFA024618B129
:10C618000220084922F038FB04B0BDE8F08700BFCB
:10C62800F4E70020444E01200C620300DF610300A0
:10C63800259A03009163030070DE00208C630300D9
:10C648002DE9F0478AB00C46164604F00FFD00238A
:10C6580005460393002C61D001236C4A6C4FD6F831
:10C66800048013603B60B8F1000F12D0404669495E
:10C67800FCF7F2FA28B902F0A3FE00200AB0BDE8E0
:10C68800F08740466449FCF7E7FA10B901F0ACFEC0
:10C69800F3E740F28163059301238DF81E306B693F
:10C6A800DFF894910693B5F81130DFF89081ADF872
:10C6B8001F30EB690DF10C0A8DF81230AB698DF85B
:10C6C80013300023ADF81C30ADF820308DF824303D
:10C6D8008DF811304B46424631462046CDF800A031
:10C6E80025F02EFD431C09D13B68A3426FD204F10B
:10C6F8008044013C56F8242048490CE0742843D073
:10C7080028DC613808280DD93B68454903F1804386
:10C71800013B56F82320022022F0B6FA4148FFF7E1
:10C72800FDF9AAE70828EFD801A353F820F000BFC5
:10C73800A5C7000011C7000077C7000011C7000097
:10C7480011C700009DC7000011C7000025C70000E1
:10C7580083C700006FF47A728318032BD4D8A0F231
:10C76800EA30022821D8DFE800F01D242B002E4BE8
:10C77800186826F01EF90590ACE72B4B186826F0D0
:10C7880018F9ADF81C00A5E7274B186826F011F931
:10C7980006909FE701238DF810309BE701238DF861
:10C7A800113097E701238DF8203002238DF81E30D1
:10C7B80090E71D4B186826F0FCF88DF8130089E700
:10C7C800194B186826F0F5F88DF8120082E70599DC
:10C7D80069B19DF81120288989B222F009FB30B986
:10C7E80002202B89059A114922F04EFA96E700217A
:10C7F80004A801F0BBFD024620B102200C4922F03A
:10C8080043FA3AE70B4922F03FFA36E7444E012053
:10C81800F4E70020B86303003C3804000C6203000E
:10C82800DF610300C78F0300404E0120C763030088
:10C83800F56303001464030000DE0020BD630300F9
:10C848002DE9F0478AB00C46164604F00FFC002389
:10C8580005460293002C75D04FF00109614B624FD9
:10C86800C3F800900223D6F804803B60B8F1000FAB
:10C8780068D040465D49FCF7EFF928B901F092FB12
:10C8880000200AB0BDE8F08740465949FCF7E4F9B2
:10C89800002857D1EB6932228DF81F30AB69ADF80B
:10C8A80022908DF8203040F28163CDE903230A23DA
:10C8B800DFF85891DFF8588105900693ADF81C0011
:10C8C8008DF81E0009900DF1080A4B464246314684
:10C8D8002046CDF800A025F033FC431C09D13B6865
:10C8E800A3426FD204F18044013C56F82420414908
:10C8F80025E0742810DC60281ADD6138132817D861
:10C90800DFE800F024162816382E162059161616B9
:10C91800161616161616163240F2EA33984237D013
:10C9280040F2EB3398423AD040F2E933984228D0AB
:10C938003B68314903F18043013B56F8232002202C
:10C9480022F0A2F92D48FFF7E9F899E701238DF8BD
:10C958001E30BAE72A4B186826F02BF80490B4E783
:10C9680001238DF81D30B0E7254B186826F021F813
:10C978000690AAE7224B186826F01BF88DF81C00D1
:10C98800A3E71F4B186826F014F88DF820009CE7E1
:10C998001B4B186826F00DF88DF81F0095E72B68DB
:10C9A800059301238DF825306B68ADF826302B6888
:10C9B8008DF8243089E7124B186825F0FAFFADF896
:10C9C800220082E7002103A801F0FCFA024620B108
:10C9D80002200C4922F058F952E70B4922F054F989
:10C9E8004EE700BF444E0120F4E700203C38040025
:10C9F800F73704000C620300DF610300918603002F
:10CA0800404E0120336403004B64030080DD0020A6
:10CA1800276403002DE9F0430D4691B0164604F053
:10CA280025FB0023012D0446039340F2CA8001230D
:10CA38009C4A9D4F706813603B6060B19B49FCF74E
:10CA48000BF940B99A4922F01FF922F055F9002054
:10CA580011B0BDE8F083236A26208DF81C3094F8C5
:10CA68002430DFF884928DF81D300223ADF81E3093
:10CA78008DF820308F4BDFF87482CDE90503A36A67
:10CA88008DF830300023ADF810308DF8313094F83F
:10CA980030308DF83830E36A0D9394F832308DF8E1
:10CAA8003A3094F831308DF83B3003238DF8393023
:10CAB80094F83330804C8DF83C3004238DF83D30A9
:10CAC80003AB009342464B463146284625F038FBD7
:10CAD800431C0AD13B68AB4280F0C28005F1804517
:10CAE800013D56F8252075492BE074281DDC602887
:10CAF80020DD613813281DD8DFE800F0311C2B2712
:10CB08003C1C1C631C1C1C1C1C1C1C1C1C1C2F35CA
:10CB1800A0F2D2700C2845D8DFE800F04A666C72A3
:10CB2800785A60383E337E978D006FF4FA61431867
:10CB38000D2BEDD93B68624903F18043013B56F860
:10CB48002320022022F0A0F83BE001238DF81130C9
:10CB5800B6E701238DF81030B2E70223FAE7012384
:10CB68008DF83130ACE7544B186825F022FFADF84A
:10CB78001A00A5E7504B186825F01BFF8DF8300008
:10CB88009EE7206825F015FF059099E7206825F0B5
:10CB980010FF8DF81C0093E7206825F00AFF8DF838
:10CBA8001D008DE7206825F004FFADF8180087E721
:10CBB800206825F0FEFE002807DC4249022022F00A
:10CBC80063F84148FEF7AAFF41E78DF81E0077E7B2
:10CBD800206825F0EEFE8DF8200071E7206825F02A
:10CBE800E8FE8DF81F006BE7206825F0E2FE8DF85F
:10CBF8003A0065E7206825F0DCFE8DF83B005FE72A
:10CC0800206825F0D6FE8DF83C0059E7206825F00D
:10CC1800D0FE8DF83D0053E7206825F0CAFE0828AD
:10CC280004D86FF48B730341DA0701D52749C5E7A8
:10CC38008DF8380044E7206825F0BBFE072801D9A5
:10CC48002349BBE78DF839003AE7206825F0B1FEA3
:10CC5800204B421E9A4201D91F49AFE70D902FE79A
:10CC68009DF810300BB91D49A8E79DF81F307BB11E
:10CC78004FF46152A3FB023204A8CDE90A3201F055
:10CC8800C3FE024648B10220154921F0FDFFDEE649
:10CC98004FF4E1429DF82030ECE7124921F0F4FF0F
:10CCA800D5E600BF444E0120F4E700203C380400DC
:10CCB8005764030081060500404E01200C62030002
:10CCC800DF6103006E64030058C30300DE600300E5
:10CCD800996403003F4B4C00FC600300C3640300ED
:10CCE800EE64030011650300F0E00020B96403005E
:10CCF80000232DE9F04F8DB016460C46039300290A
:10CD080000F0A28001239C4ADFF8BC82706813609F
:10CD1800C8F8003058B19949FBF79EFF054630B96D
:10CD280021F0FAFF2846964921F0AEFF79E104F098
:10CD38009DF92622934B0F21CDE90423036A002590
:10CD48008DF8183090F82430A9468DF81930836A88
:10CD5800DFF878A28DF81A300523CDE908138A4B3D
:10CD68008DF81B500A9340F204638DF81C50ADF8FF
:10CD78002C300DF10C0B534631462046834ACDF832
:10CD880000B025F0DDF9431C0BD1D8F80030A342E0
:10CD980080F01E8104F18044013C56F824207C492F
:10CDA8004FE074281ADC62281CDD6338112819D872
:10CDB800DFE800F064186B18184A181818182518B6
:10CDC800187818182172A0F6BA3009287FD8DFE839
:10CDD80000F091703F7799A4ADB6C1CAA0F6B933F7
:10CDE8000A2BF0D9D8F800306A4903F18043013B97
:10CDF80056F8232025E001238DF81B30BBE7664B4E
:10CE080066491F683846FBF727FF18B901238DF8D4
:10CE18001630B0E738466249FBF71EFF08B902230F
:10CE2800F5E738465F49FBF717FF08B90323EEE734
:10CE380038465D49FBF710FF08B90423E7E73A468F
:10CE48005A49022021F020FF5948FEF767FEE8E022
:10CE5800514B54491D682846FBF7FEFE20B90323B1
:10CE680001258DF8173086E728464F49FBF7F4FE71
:10CE780008B90423F4E72A464E49E2E7464B186806
:10CE880025F097FDADF8140075E7434B186825F0B9
:10CE980090FD8DF81A006EE73F4B186825F089FD64
:10CEA800049068E73C4B186825F083FD8DF818005E
:10CEB80061E7414823F026F801238DF81C305AE732
:10CEC800354B186825F075FD8DF8190053E7324B7E
:10CED800186825F06EFD071E04DC3849022021F091
:10CEE800D3FEB1E7322F03DD0120354921F0CCFE16
:10CEF800089740E7284B186825F05BFD0028ECDD13
:10CF0800099038E7244B186825F053FD002801DA0A
:10CF18002C49E3E78DF828002DE71F4B186825F00A
:10CF280048FD0028D9DD8DF8290024E71A4B186838
:10CF380025F03FFD0028EBDB8DF82A001BE7164B98
:10CF4800186825F036FD0028E2DB4FF001098DF85E
:10CF58002B0010E7104B186825F02BFD0028D7DBB5
:10CF68008DF82C0007E70C4B186825F022FD0028E7
:10CF7800CEDB8DF82D00FEE6444E01203C3804003F
:10CF880027650300810602000005050AF86503000D
:10CF98000C620300DF610300404E0120416503007D
:10CFA80044650300804E04004C650300526503008D
:10CFB800B0AE0300636503007D6503009765030059
:10CFC800AF650300DF650300F4E70020D0DF002031
:10CFD80004F04CF801220446BDF81410008921F031
:10CFE80007FF38B902202389BDF814201B4921F016
:10CFF8004BFE29E7B9F1000F06D19DF81630032B37
:10D0080013D100238DF82B3015B101238DF81B3077
:10D0180004A801F041FD0246E8B10220104921F0C0
:10D0280033FE00200DB0BDE8F08F042B08D19DF829
:10D0380029209DF8283013449DF82A201344E1E75D
:10D04800022BE1D19DF81730002BDDD0032BD8D06F
:10D05800042BD9D1EBE7034966E600BF0566030058
:10D068002D6603005366030000232DE9F0430129D0
:10D078008BB00C461546029340F208810123AE4A54
:10D08800AE4E68681360336060B1AD49FBF7E4FDEC
:10D0980040B9AC4921F0F8FD21F036FE00200BB074
:10D0A800BDE8F08303F0E2FFC26901238DF81F2079
:10D0B8002622A5498DF82030CDE9031202F1C0627D
:10D0C800A2F1241205920522836A06928DF8213076
:10D0D800036A4FF444428DF81C3090F82430DFF88E
:10D0E800A0828DF81D300023984F8DF81E30ADF8C2
:10D0F8002220ADF824300DF1080943463A46294666
:10D108002046CDF8009025F01BF8431C0AD133685F
:10D11800A34280F0F18004F18044013C55F82420BA
:10D128008B490AE074283BDC60280ADC33688949AB
:10D1380003F18043013B55F82320022021F0A4FD90
:10D14800A4E061381328F1D801A353F820F000BFF8
:10D1580047D2000035D10000EDD10000E5D1000034
:10D168001DD2000035D1000035D1000095D2000055
:10D178000FD2000035D1000035D100002BD20000BD
:10D18800F5D1000035D1000035D1000035D10000BF
:10D1980035D1000035D10000FDD1000001D20000DA
:10D1A8006FF4FA6210440928C0D80928BED801A330
:10D1B80053F820F0C9D20000D7D2000035D10000C2
:10D1C8005BD2000069D2000077D20000A3D2000031
:10D1D8004FD20000F9D20000EBD2000001238DF8F5
:10D1E8000D308AE701238DF80C3086E701238DF88E
:10D1F800243082E70223F6E7574B186825F0D9FB5D
:10D20800ADF8160079E7544B186825F0D2FBADF855
:10D21800140072E7504B186825F0CBFB8DF82100FD
:10D228006BE74D4B186825F0C4FB002804DC4B491C
:10D23800022021F029FD29E08DF820005DE7012377
:10D248008DF8253059E7444B186825F0B2FB049057
:10D2580053E7414B186825F0ACFB8DF81C004CE7F0
:10D268003D4B186825F0A5FB8DF81D0045E73A4BA6
:10D27800186825F09EFB831E6C2B02460AD96E2384
:10D28800009302233649184621F0FEFC3548FEF784
:10D2980045FC03E78DF81E002FE72F4B186825F093
:10D2A80088FB00F180037F2B024606D96FF07F03CD
:10D2B80002202D4921F0E8FCE8E78DF81F001CE763
:10D2C800254B186825F075FBADF80E0015E7224BC5
:10D2D800186825F06EFB002801DC2449A8E70690B1
:10D2E8000BE71D4B186825F064FB8DF8230004E755
:10D2F80001238DF8223000E79DF80C300BB91C494A
:10D3080096E74FF47A71BDF81430BDF9162013FB77
:10D3180001F39A4201DB17498AE703A801F098FB59
:10D32800024620B10220144921F0AEFCB6E61349AA
:10D3380021F0AAFCB2E600BF444E0120F4E7002029
:10D348003C3804006C66030000018106096703008D
:10D358000C620300DF610300404E01206E6403008D
:10D368008366030080A20300AA660300DE6603004A
:10D37800C364030018670300406703006367030082
:10D38800B0DE002008B501F021FC024628B1BDE856
:10D3980008400220034921F077BC0349BDE8084052
:10D3A80021F072BC79670300A267030008B50F4B30
:10D3B80093F8F0202AB10E49012021F065FC0120E4
:10D3C80008BD93F8AE200AB10A49F5E793F8AF20F3
:10D3D8000AB10949F0E793F8B0200AB10749EBE729
:10D3E80093F8B1000028EBD00549E5E7F0F00020FC
:10D3F80007D403001AD4030034D4030042D4030032
:10D4080059D4030010B503F031FE0446C36A13482B
:10D41800C0F8A43094F8303080F8A13023891A1F5E
:10D428005342534100F8A03F19F07EFE034620B155
:10D4380002200B4A0B4921F027FC4FF4203200232D
:10D4480009481BF00FFB30B10220054A0749BDE827
:10D45800104021F019BC22890549F8E7F0F00020B6
:10D468008CE8030073D403001CEE0020A1D4030051
:10D47800CFD40300104B37B54FF49C7200211846E7
:10D4880025F0E0FA40F2E7320024A0F8EC2001226F
:10D498000A4D80F8D5206FF006034FF480522846D5
:10D4A800074900941BF03EFE064928461BF0B6FFCC
:10D4B800204603B030BD00BFF0F0002028F2002065
:10D4C80010880120F2D40300014608B520B1BDE858
:10D4D8000840134822F016BD124B1B78FBB91248BE
:10D4E8001BF03AFB114819F0FBFB014680B11048CC
:10D4F80022F008FD4FF4803200230B481BF0B2FAEB
:10D5080068B1BDE8084002200A4A0B4921F0BCBBBB
:10D5180019F0F0FB01460028ECD00848E8E708BD00
:10D528000AD50300F0F000201CEE002079DB000093
:10D5380030D50300D4E7030089D5030063D5030081
:10D5480070B5A0B0064619F0F5FB002104467C2210
:10D5580001A8009125F076FA3CB123460220124A30
:10D56800124921F091FB20B070BD00234FF4203206
:10D578000F481BF077FA0F4B054638B102200A4ACC
:10D588000D4983F8A84021F07FFBECE701226946AA
:10D59800304683F8A82083F8A96002F06FFC074999
:10D5A80002462846EFE700BF6FE80300B2D5030044
:10D5B8001CEE0020F0F00020E1D503000ED6030099
:10D5C800002307B58DF80000019300220023694667
:10D5D80005481AF0EDFC20B1019825F0D2F96FF05A
:10D5E800680003B05DF804FB18ED002073B505462C
:10D5F80010460E4614461EF071FC019098B1224662
:10D60800314625F0F8F98DF80050002200236946CC
:10D6180006481AF0CDFC20B1019825F0B2F96FF058
:10D62800680002B070BD6FF00B00FAE718ED00203B
:10D63800F0B50746ADF2CC5DB6ADB0F9046004466E
:10D648000FCF0FC53B6806EBD6762B60314DC093E4
:10D65800D5E93823CDE9BE23B5F8D6307610ADF834
:10D66800063395F8D8300DF106018DF808330023FC
:10D67800ADF80463ADF8EC3202F016FC18B9BDF849
:10D688000630ADF8EC3295F8E83021698DF8EE32C5
:10D69800B5F8EA30B1F52F7FADF8F032B5F8EE30D5
:10D6A800ADF8F2322AD80A460DF20930E16825F0C1
:10D6B800A2F9D5F818310BB1B6A898474FF43C72C7
:10D6C8000920B6A9FFF792FFD5E938232169CDE9EA
:10D6D8000223B5F8D630B1F52F7F0591ADF8123099
:10D6E800ADF8106010D80A4606A8E16825F083F95D
:10D6F80002A821F0B6FC0DF2CC5DF0BD4FF42F72FC
:10D70800054822F0FFFBDFE74FF42F72034822F0B1
:10D71800F9FBF0E7F0F0002036D603008DD60300C1
:10D728002DE9F04F0025A1B04C4C7C22294601A8D8
:10D73800009525F087F994F8313033B9022048492B
:10D7480021F0A2FA21B0BDE8F08F2846454921F022
:10D758009BFA2846444921F097FA2646DFF8489173
:10D76800DFF848A16946284602F088FBB046024621
:10D778004946002021F088FA51460020726B21F0BA
:10D7880083FA002058F8382F384921F07DFA00270D
:10D79800DFF81CB16946384602F070FB01370246D3
:10D7A8005946002058F8043F21F06EFA032FF1D1B2
:10D7B8000135032D06F11406D4D100202C4921F09F
:10D7C80063FA00202B4921F05FFA226F00202A49D2
:10D7D80021F05AFA626F0020284921F055FAA26F09
:10D7E8000020274921F050FAD4F88020002025494C
:10D7F80021F04AFA0020244921F046FAD4F884207E
:10D8080000201D4921F040FAD4F8882000201F4943
:10D8180021F03AFA00201E4921F036FAD4F88C207B
:10D8280000201C4921F030FAD4F8902000201A4931
:10D8380021F02AFAD4F894200020184921F024FA7B
:10D84800D4F898200020164921F01EFA0020D4F8B8
:10D858009C20144921F018FA74E700BFF0F000206A
:10D86800E9D603000CD7030025D703007DD70300B2
:10D87800CBD70300E1D70300E7D70300FDD70300A8
:10D8880018D8030031D8030047D803004DD8030047
:10D8980063D8030089D80300B0D80300D9D803009F
:10D8A800FFD8030022D9030045D7030056D7030049
:10D8B800A1D703000C4B0022194630B45C6894428F
:10D8C80002DC0A2030BC70479D890132854208D8A5
:10D8D800DD89854205D301EBC201C87830BC21F04F
:10D8E800FFBA0833EBE700BFF0F000202DE9F8435A
:10D8F8001D4C00201D4921F0C7F9002526461C4F64
:10D90800DFF88080DFF880907368AB4201DCBDE807
:10D91800F883627A3946002021F0B6F9227A414626
:10D92800002021F0B1F9A2894946002021F0ACF984
:10D93800E28900200F4921F0A7F9E27A0E49002078
:10D9480021F0A2F9E07A21F0CBFA0C490246002036
:10D9580021F09AF994F90A200020094921F094F954
:10D9680001350834D0E700BFF0F0002047D90300A4
:10D978005DD90300A2D90300B9D90300D0D90300A7
:10D98800EAD9030074D903008BD9030010B5044603
:10D99800044821F092F92146BDE8104006221420DF
:10D9A800FFF724BE1CEE002008B5018811B1044819
:10D9B80022F0A8FABDE80840024821F07EB900BF6D
:10D9C80002DA03001CEE002010B50446044821F0DA
:10D9D80074F92146BDE8104008221620FFF706BE5C
:10D9E8004CEE0020014821F068B900BF34EE002059
:10D9F80070B5124D0C4695F8D43086B0CBB101887D
:10DA080029B10F4806B0BDE8704022F07BBA02F099
:10DA18002DF9D4E90023161A63EB0104002CCDE993
:10DA28000464ACBF074C084C8DE81300074822F08B
:10DA380069FA002385F8D43006B070BDF0F00020F4
:10DA48001CDA030070DA030077DA03003BDA03001C
:10DA58002DE9F047018821B1BDE8F047324822F0AE
:10DA680051BA324F97F8AC4054B94668304866B955
:10DA780022F048FA2F4822F045FA012387F8AC3003
:10DA88002D48BDE8F04721F018B922F03BFA31786B
:10DA98002A4822F037FA7178294822F033FA3546B5
:10DAA800DFF8C080DFF8C090DFF8C0A07378A34229
:10DAB800E3DD2A792146404622F024FA6A79214694
:10DAC800484622F01FFAAA792146504622F01AFA4F
:10DAD800AA6821461B4822F015FA2A7B21461A48D3
:10DAE80022F010FA6A7B2146184822F00BFA0C350E
:10DAF800AA782146164822F005FAAB78012B0BD0FC
:10DB08001449154840F2DF33144A22F0BBFA40F2B8
:10DB1800DF31124822F0ADFA2146EA78104822F0A7
:10DB2800F1F90134C2E700BF7DDA0300F0F000200C
:10DB3800A4DA0300BADA03001CEE0020D7DA0300E7
:10DB4800EFDA030079DB03009DDB0300C1DB030090
:10DB5800E5DB030033DC03000653030009DC0300A4
:10DB680052DC03000DDB030031DB030055DB03004F
:10DB7800F0B5044600F10805284693B002F08AF88B
:10DB88002278102A00F24981DFE812F011002800FB
:10DB98003B0042002D00340049005E0064007C0018
:10DBA800E000F000F70005010D0114013701238A98
:10DBB80004F110053BB99C4BB3F8AA200132A3F835
:10DBC800AA2001221A70994821F077F808222946DC
:10DBD800104613B0BDE8F040FFF708BD0022924B95
:10DBE8001A7013B0F0BD04F1100013B0BDE8F04096
:10DBF800FFF7CCBE04F1100013B0BDE8F04021F0EF
:10DC080076B804F1100013B0BDE8F040FFF7CCBEC1
:10DC180004F1100013B0BDE8F040FFF7D5BED4E919
:10DC28000223CDE90023236968460293E38AADF80D
:10DC38000C30A38AADF80E3021F00EFA1022694696
:10DC48000720FFF7D3FCCCE7794813B0BDE8F040D4
:10DC580021F033B8744B04F1100193F8F02012B995
:10DC680093F8B2202AB1002013B0BDE8F04001F0CB
:10DC78003BBAD3F81C31002BB3D0084613B0BDE82B
:10DC8800F0401847684FD4E90423C7E93823237FB5
:10DC9800BBBB94F82200000902F030F8238CE57F22
:10DCA8005BBAB4F8232087F8E850A7F8EA30A17FD8
:10DCB800ADF83E30C1F3030187F8EE10A17FA7F855
:10DCC800D600C1F3001187F8EF1094F8221052BA69
:10DCD800C1F3020187F8D81094F82230ADF840203B
:10DCE800C3F302038DF84230A37F8DF83C50C3F391
:10DCF8000302C3F30013ADF844008DF830208DF80B
:10DD0800313004AD04F110060FCE0FC596E80F00B0
:10DD180085E80F00D4F81E30CDF83230D4F8223020
:10DD2800CDF83630E38CADF83A30D4E90223CDE9AA
:10DD38000023D4E90423CDE90223D7F810310BB12D
:10DD480068469847482269460C207AE7D4E90223B6
:10DD580002AD1034CDE900230FCC0FC594E80300C1
:10DD6800202285E8030069460A206AE704F11000CA
:10DD780013B0BDE8F040FFF75BBCD4E902231034D0
:10DD8800CDE9002394E8070002AB83E807001822D6
:10DD980069460B2055E7294604F1100013B0BDE889
:10DDA800F040FFF725BE04F1100013B0BDE8F040C5
:10DDB800FFF74EBE1C4B00221E4601275A6083F80F
:10DDC8003020A1698A4201D2052A01D117483CE7CF
:10DDD800E16903F1080501EBC20C51F83200DCF8E7
:10DDE8000410083303C57168013201317160597834
:10DDF800042908BF86F83070E3E7238A0A4D53B92F
:10DE0800616941B16C2205F1340024F0F4FD01236D
:10DE180085F83130DAE70023FAE70649064813B0F7
:10DE2800BDE8F04022F06EB8F0F000201CEE0020B3
:10DE380034EE002051E8030076DC030008B54FF00B
:10DE4800FF324FF0FF3312481AF072FA11481AF0F5
:10DE580083FE4FF0FF3019F0D9F9034648B102208C
:10DE68000D4A0E4920F010FFBDE8084008481AF096
:10DE78002FBB4FF42032002306481AF0F3FD002888
:10DE8800F2D00220044A064920F0FEFEECE700BF6B
:10DE98006CEC002034EE002031E8030098DC03002D
:10DEA800C1DC030008B5FFF7C9FF064818F018FFE2
:10DEB800024628B1BDE808400220034920F0E4BE2C
:10DEC80008BD00BF79DB0000EADC030008B5084B99
:10DED8001A7832B1012283F8D420BDE8084019F03D
:10DEE80075B90220034920F0CFFE6FF00C0008BD81
:10DEF800F0F00020984B0400014BB3F9EC00704798
:10DF0800F0F0002008B5074B1A7832B9022006490C
:10DF180020F0BAFE6FF00C0008BD93F8A93003702A
:10DF28000020F9E7F0F00020984B0400074B93F825
:10DF380031203AB1142193F8A92001FB0233586B20
:10DF4800002170474FF4E140FAE700BFF0F00020ED
:10DF580070B50646FFF7EAFF0E4A054692F83130DB
:10DF68000C46A3B1142192F8A93001FB0323986B46
:10DF78005EB1D2F8843018440023A842A3414FF080
:10DF880000013CBF2846214670BD136FF3E74FF4EC
:10DF9800E140F2E7F0F00020014B93F8B20070473F
:10DFA800F0F00020002208B5054BD3F8B80083F83C
:10DFB800B22019F02BF9BDE8084021F047B800BF9E
:10DFC800F0F000202DE9F0413F4F05463B780E4622
:10DFD80086B04BB902203D4920F056FE6FF00C0484
:10DFE800204606B0BDE8F08197F8B23039B173B970
:10DFF8000120374920F048FE6FF01504F0E733B1EF
:10E008000220344920F040FE6FF07704E8E76B7C8B
:10E018001BB1FFF713FF21F016F803F027F86C681F
:10E02800002C41D1008976B1AA7CB7F8B41082F0EF
:10E03800010220F00CFF044640B9274920F024FED5
:10E048006FF03C04CCE701F0E1FE04461822002101
:10E058006846A7F8B44024F0F5FCEB7CAC468DF894
:10E0680002302B7D4FF001088DF803304FF47A739E
:10E07800EA8A1A4E5343ADF80C200293BCE80F000D
:10E088000FC69CE8070086E807006C6068460194A4
:10E098008DF80E8000F090FF044648B10246104902
:10E0A800022020F0F1FD9BE7002EA5D1A4B2CDE718
:10E0B8001C222946022001F089FD044600288FD140
:10E0C80087F8B2808CE700BFF0F00020984B04007E
:10E0D8001CDD030047DD030060DD0300A8F100201C
:10E0E8007EDD030070B50025A0B07C22294601A87A
:10E0F800009524F0A7FC02F0B9FF224B2249044600
:10E108002846B3F9EC6020F0BFFD6A461F49204855
:10E1180018F006FDA84203DC68461E4924F037FEC5
:10E12800002062681C4920F0AFFD6A4600201B49A8
:10E1380020F0AAFD6A461A491A4818F0F1FC00288E
:10E1480003DC6846134924F022FE6A46002016497B
:10E1580020F09AFD40F2E7339E420CD168460D4903
:10E1680024F015FE6A460020104920F08DFDFFF7C7
:10E17800BDFB20B070BD324668460D491EF062FFF7
:10E18800F0E700BFF0F000209EDD03001CEF030065
:10E19800B4DD03003D110400BCDD0300D4DD030041
:10E1A800ECDD030003DE030010DE030028DE0300BD
:10E1B8001B2D040070B5C0B0064611A800F01CFE67
:10E1C800054640B102202D4920F05EFD6FF03C0469
:10E1D800204640B070BD00F087FE044626B90028EE
:10E1E80023DC00202649EFE72846264920F04CFD8D
:10E1F8009DF8FE30284600939DF882209DF8C03097
:10E20800214920F041FD002CEBDD284622461F491C
:10E2180020F03AFD06A9A0B200F02EFE054658B13E
:10E2280001201B4920F030FDD2E706A980B200F09A
:10E2380023FE0028CCD0F3E703A99DF81A0001F0CB
:10E2480095F82846134903AA20F01EFD124B93F8AF
:10E258000231022BBCD12846BDF820200F4920F0FE
:10E2680013FD2846BDF822200D4920F00DFD284653
:10E27800BDF824200B4920F007FDA9E741DE030083
:10E2880062DE03007CDE0300CADE03000CDF03004D
:10E2980020DF03004ADF0300F0F000205FDF030007
:10E2A80076DF030091DF0300F0B50446A3B0012038
:10E2B800FFF780FF002C37D1274820F0FEFC20F024
:10E2C800C5FE0023254D85F8F030D5F80C310BB18B
:10E2D8002046984795F8F130002B3BD0B5F800411F
:10E2E800002C37D000264FF47A734FF4004731469C
:10E2F80040F2E7305C434FF47A720023E4FB0701F5
:10E30800FAF772FC02460B4600210020CDE9000115
:10E3180013481DF0EFF83046B5F80021114923B035
:10E32800BDE8F04020F0B0BC00217C2203A8029197
:10E3380024F088FB40F2E731204602AA01F018FDDC
:10E3480005481AF009FC23460120074902AA20F0D3
:10E358009BFCB4E723B0F0BD94EE0020F0F0002061
:10E3680058EB0020C3DF0300A8DF03002DE9F041CC
:10E37800194E0746337888463BB90220174920F0E2
:10E3880083FC6FF00C00BDE8F08196F8F03033B1F3
:10E398000220134920F078FC6FF00F00F3E71148D2
:10E3A8001AF0DAFB40F201133D46A6F8F03006F108
:10E3B800F4040FCD0FC495E8030084E80300C6F801
:10E3C8000C813B781BB1FFF739FD20F03CFE0D2096
:10E3D800FFF7F6F80020D6E7F0F00020984B04008D
:10E3E800EBDF030094EE0020002208B5074BA3F8EA
:10E3F800F020074824F02FFA00F0D2FD05481AF063
:10E40800ABFBBDE8084020F021BE00BFF0F00020C3
:10E4180058EB002094EE00202DE9F043AD4FAE4CB0
:10E42800A9B04FF0FF324FF0FF33384606A919F074
:10E438009DFE9DF81820531E152B00F2BC82DFE8C4
:10E4480013F095009900BA02BA02BA029B00300292
:10E45800A100EE017B018F01A0018302A6027600D4
:10E4680081008B00700074001600340053000025F2
:10E47800079E7C22294609A80DF12008089524F05A
:10E48800E1FA4246B6F90210308801F071FC33888F
:10E498003BB1924A9249CDF80080022020F0F4FB6B
:10E4A80000E0012584F8A85015E00021079E7C2291
:10E4B80009A808AD089124F0C5FA2A4640F2E731C8
:10E4C800308801F055FC33884BB10220834A8549D6
:10E4D800009520F0D9FB079824F053FAA1E7824968
:10E4E800184620F0D1FBF6E70025DDF81C807C22D9
:10E4F800294609A808AE089524F0A4FA324640F245
:10E50800E731B8F8040001F033FCB8F804301BB167
:10E51800724A76490096C0E70122754984F8A82016
:10E52800DEE7012384F8AD30D5E70023FAE70025BC
:10E53800012084F8AE50FFF743F8FFF7B3FC6D49AC
:10E548002846CEE70025012084F8AF50FFF738F8B9
:10E55800FFF7A8FC6849F3E70025012084F8B050CC
:10E56800FFF72EF8FFF79EFC6449E9E7012384F8DA
:10E57800D530B0E70023FAE7D4F82831002BAAD029
:10E588009847A8E700217C2209A8079D089124F054
:10E5980059FA40F2E732B5F90230934218BFA4F8AD
:10E5A800EC302E88002E66D00DF120084246B5F9D1
:10E5B8000210304601F0DCFBB5F90230CDF80880D6
:10E5C8002A8802200192EA884D490092434A20F0A5
:10E5D8005BFB002140F6CD401CF038F818F0ECFB4E
:10E5E800014610B1474821F08DFC4FF4203200233A
:10E5F80045481AF037FA20B10220384A434920F03A
:10E6080043FB002140F6CD401CF020F818F040FEF6
:10E61800024618B102203E4920F036FB4FF4203262
:10E62800002339481AF01EFA002838D002202B4A55
:10E63800384920F029FB02F019FD054618F008FEBC
:10E64800034620B10220344A344920F01DFB4FF420
:10E65800203200232C481AF005FA18B302202E4A5B
:10E668002F4920F011FBFEF7CDFEAE7A56B3E87ABB
:10E67800FEF766FF2FE740F6CD4000211BF0E6FFCE
:10E68800B4F8AA30012BA4D83046264920F0FCFA69
:10E698003046B5F90220244920F0F6FA99E7FFF749
:10E6A8003FF8C8E7FFF722F994F83030002BDAD1A9
:10E6B8002B89042BD7D102201C4920F0E5FA01232D
:10E6C8002B81D0E730461A4920F0DEFA3046194946
:10E6D80007E700BF18ED0020F0F00020EBE803008A
:10E6E80008E003002FE0030058E003006BE003009C
:10E6F8009AE00300B1E00300C4E00300D7E00300A0
:10E70800EDE0030061E103001CEE002091E103004D
:10E71800C4E10300F0E10300B6E8030020E20300CF
:10E728004DE2030028E1030040E103007AE2030020
:10E73800B6E20300D0E20300079BB3F9142002EB12
:10E74800D2714910CDE90221B3F916209C490192F2
:10E758001A690092D3E90023012020F095FABAE65D
:10E76800079BB3F90C2002EBD2714910CDE90221C5
:10E77800B3F90E20934901929A680092D3E90023D5
:10E78800EAE70026079D7C22314609A80DF12008FA
:10E79800089624F057F94146287F01F059FB94F870
:10E7A800D53093B1B5F92830304603EBD372521007
:10E7B800CDE90332B5F92A308349CDE90183AB6944
:10E7C8000093D5E9022320F05FFA2E7FFEB994F872
:10E7D800D530E3B195F83C30EA8F304600927B495A
:10E7E8001A4620F051FA6B7F012B05D13046B5F857
:10E7F8004020774920F048FAB5F9441095F842309E
:10E8080095F8302000200091724920F03DFAD4F8A4
:10E818001431002B3FF45FAE284698475BE6079D0E
:10E8280028460BF0D9FE00287FF455AED4F82031E5
:10E838008BBBB5F90430AA6A0020039203EBD372AC
:10E848005210CDE90132B5F9063063490093D5E994
:10E85800082320F019FA0026DFF8A89105F13008FE
:10E86800AB6AB34209D908AB9819494618F8012F81
:10E8780001361EF0E7FB802EF2D106F1A0030DEB66
:10E888000306002306F87F3C0120AA6A534908AB17
:10E8980020F0FAF91FE62846984700287FF41BAEB7
:10E8A800C7E740F2E732079DB5F90C30934218BF2D
:10E8B800A4F8EC30B5F80E80B8F1000F22D000268D
:10E8C8007C22314609A8089624F0BCF8B5F90C104A
:10E8D800E88908AA01F04CFAAB683C2B03D1E88917
:10E8E80000F00CFEF7E5D4F8B820934229D120F0C7
:10E8F800ADFB02203A4A3B4908AB20F0C5F984F841
:10E90800B260E8E5AB68D4F8B820934215D1364E2A
:10E9180008AD0FCE0FC596E8070085E8070001216E
:10E9280008A8FFF74FFB00283FF4D5AD84F8B28064
:10E9380020F08CFB40462D49D3E53C2B01D14046C5
:10E94800CEE7D4F8243164E794F8F0304BB994F862
:10E95800F130002B3FF4BFADB4F80031002B3FF489
:10E96800BAAD94F8F4301BB1FFF768FA20F06BFBEE
:10E978001F49204800F07EFB024600283FF4ABAD5B
:10E9880002201D4920F080F9FFF72EFDA3E5D4F8F9
:10E99800B03023F07F4323F0FF03002B3FF49BADFF
:10E9A800002000F0ABFD00F049FB00283FF493ADD8
:10E9B8000220124995E50120114920F065F98AE500
:10E9C80014E3030058E303009CE30300F5E30300AA
:10E9D8002EE40300E60E040040E4030084E4030090
:10E9E800EBE80300B1E40300A8F10020C9E4030048
:10E9F800B1E20000E4F10020D2E40300EDE40300FA
:10EA08000AE503007EE4030010B50446FEF7CEFCD9
:10EA180038B102200C4920F037F96FF00F04204676
:10EA280010BDFFF70BFA0220FEF7CAFD0122074BC3
:10EA3800204683F8AE2005F02DFD04460028EED0D0
:10EA48000F20FEF7BDFDEAE72FE50300F0F00020F8
:10EA580010B50446FEF7AAFC38B102200C4920F094
:10EA680013F96FF00F04204610BDFFF7E7F90220F5
:10EA7800FEF7A6FD0122074B204683F8AF2004F0DD
:10EA8800A1FA04460028EED01020FEF799FDEAE727
:10EA980077E50300F0F0002010B50446FEF786FC89
:10EAA80038B102200C4920F0EFF86FF00F0420462F
:10EAB80010BDFFF7C3F90220FEF782FD0122074BC4
:10EAC800204683F8B02007F0E1F904460028EED08C
:10EAD8001120FEF775FDEAE7BAE50300F0F0002023
:10EAE800014B1878704700BFF0F0002084B0F8B5EB
:10EAF800164F06AC84E80F003B7853B90220144A3D
:10EB0800144920F0C1F86FF00C00BDE8F84004B0DB
:10EB1800704797F8F03013B9B7F8AE603EB10220ED
:10EB28000B4A0D4920F0B0F86FF00F00EDE707F53C
:10EB3800887406AD0FCD0FC495E80F0084E80F0068
:10EB48000123304687F8B130DFE700BFF0F000203E
:10EB580011E8030000E603001EE60300002110B5DB
:10EB6800084C202204F5887084F8B11023F06AFF5D
:10EB7800D4F83031C4F81431D4F83431C4F8203121
:10EB880010BD00BFF0F00020034BD3F82C3103B1C7
:10EB980018470BF053B800BFF0F0002010B5094B30
:10EBA80004461B7833B90220074920F06DF86FF04E
:10EBB8000C0010BDFEF726FC2046FEF7C1FC002025
:10EBC800F7E700BFF0F00020984B040010B50B4B9E
:10EBD8001B783BB902200A4920F056F86FF00C0464
:10EBE800204610BD18F0C8F804460028F8D00246A0
:10EBF8000449022020F048F8F2E700BFF0F00020B6
:10EC0800984B04006EE603002DE9F0473F4E074697
:10EC18003378A4B04BB902203D4920F035F86FF0A5
:10EC28000C04204624B0BDE8F087FEF7BFFB28B1EE
:10EC38000120384920F028F8FFF700F901F016F80C
:10EC48008946804602F012FA82460120FFF780F9D1
:10EC58004FF4873C0446DAF838000D46A0FB0C0E4A
:10EC6800DAF83C104FF47A7200230CFB01E1F9F753
:10EC7800BBFF462314EB080445EB0905001945EBD7
:10EC88000105CDE90005684602938DF80C7018F06F
:10EC980073FA0023024686F8A83018B102201E49EC
:10ECA8001FF0F2FF4FF4203200231C4819F0DAFE5F
:10ECB800044640B102201A4A1A491FF0E5FF002312
:10ECC80086F8A830ADE701467C22049005A823F019
:10ECD800B9FE384604A901F0D1F896F8A8303BB13E
:10ECE800114986F8A97004AA20461FF0CDFF98E7BD
:10ECF80004AA02200D491FF0C7FF04A996F8A9002D
:10ED080001F0BCF80A490246EEE700BFF0F0002027
:10ED1800984B04009DE6030006E703004CEE002034
:10ED2800F4E7030037E7030068E703008BE7030015
:10ED3800B7E7030038B50025054CA37C2570022BE6
:10ED480005D1A06B18B123F01CFEA563A58738BDBB
:10ED580040F30020002200232DE9F04186B0CDE9E0
:10ED680000233C23214F0293FB8DADF80C303B6A06
:10ED7800049318238DF8143002F078F90646002021
:10ED8800FFF7E6F84FF4873C0446B06B0D46A0FB4E
:10ED98000C01D6F83CE04FF47A7200230CFB0E11FC
:10EDA800F9F722FF8846064600F060FF241845EB75
:10EDB8000105A41945EB08056846CDE9004518F09A
:10EDC80085F9024650B1022009491FF05DFFFFF79F
:10EDD800B1FFD7F8AC3523B10420984706B0BDE899
:10EDE800F081184603491FF04FFFF7E740F3002072
:10EDF80052FB030023E9030070B51B4D04462E782F
:10EE080076BB48B919491A487F231A4A21F03AF9BA
:10EE18007F21184821F02DF9AB8B05F2F2410380D0
:10EE280095F8F024023080F83C20520023F0E3FDEE
:10EE380095F82E2505F5A66184F87C2004F140009C
:10EE4800520023F0D8FD95F86C2505F26E5184F830
:10EE5800BA2004F17E00520023F0CDFD304670BD8B
:10EE68006FF00F00FBE700BF40F300205DE90300EF
:10EE78000653030033E9030070B5174C0D46237899
:10EE880033BB31B12246E18F99420CDC6FF03C0074
:10EE98001BE0124912489823124A21F0F3F89821EE
:10EEA800104821F0E6F8B2F84060283286420DD1C9
:10EEB800282202FB034440340FCC0FC50FCC0FC5EA
:10EEC80094E8030085E80300002070BD0133DBE708
:10EED8006FF00F00F9E700BF40F300205DE9030081
:10EEE8000653030033E90300F0B52C490A78002AD9
:10EEF8004DD10C4608467F261346CD8F954202DC3D
:10EF08007BB11846F0BD90F84270012F06D190F9F8
:10EF18004370B742BCBF3E46B0F84030013228309B
:10EF2800ECE78A7C022A35D118461F464FF47A72DC
:10EF38001A4EBD4218DC0026184FB5421EDC012BC4
:10EF4800E0D90023B1F84A109D42DBDDB4F84C60EB
:10EF5800964206D1B4F84A608E423CBF3146B4F8B6
:10EF6800400001332834EFE7B6F84CC00137944528
:10EF78003CBFB6F8400062462836DAE7B7F84CC01E
:10EF88000136944504BF01339BB22837D5E76FF0AB
:10EF98000F00B7E74FF0FF30B4E700BF40F30020A1
:10EFA80008B5FFF7C7FEBDE80840002001491FF07B
:10EFB8006BBE00BF6CE90300F8B51D4F0446B86B83
:10EFC80008B123F0DEFC4FF4B6620021184823F0A4
:10EFD80039FD40F28113BB850CB90020F8BD4FF014
:10EFE8000A0EA3684FF0300CB3FBFEF326460CFB69
:10EFF80003F33B6263680F4DFB850FCE0FC596E8A0
:10F00800030085E80300A57B022DE6D1A0686146D0
:10F01800B0FBFEF01E30B88723F0BAFCB8630028B6
:10F02800DBD1284604491FF02FFE6FF00B00D5E70F
:10F0380040F3002044F3002080E9030030B587B096
:10F048006C460A4D0FCD0FC495E8030084E8030011
:10F058006846FFF7B1FF044620B102460449022082
:10F068001FF012FE204607B030BD00BF44F3002059
:10F07800CCE903002DE9F0410546884601F0F6FF8A
:10F0880007462846FFF798FF044638B1024610495C
:10F0980002201FF0F9FD2046BDE8F08101230D4E46
:10F0A800C6F8AC8533706B681BB9388900F0AEFEC2
:10F0B800F085094800F064FD034628B10220074A9C
:10F0C80007491FF0E1FDE6E7336AAA680549F8E752
:10F0D800F2E9030040F3002044F3002042F003006B
:10F0E80016EA03004BEA03002DE9F843574B0028C2
:10F0F80040F0A68059B9564940F2EA23554A564885
:10F1080020F0C0FF40F2EA21524820F0B2FFD3E9D4
:10F118000C20024304BFD1E90245C3E90C454A8AE1
:10F12800F02A40F283804D4940F2F623494A4A4882
:10F1380020F0A8FF40F2F621E6E74A6993F812E0CA
:10F148009257002A1EDDB3F8269009F10109A3F8A9
:10F158002690BEF1020F3BD03A46174601364A8A3E
:10F16800B242EADC9A8C013292B29A841B8A002B52
:10F178006AD064214B439A4266D1BDE8F8430E2019
:10F18800FEF71EBA06D1B3F8289009F10109A3F8D1
:10F198002890DEE793F92C90914593F92D90B8BF0C
:10F1A80083F82C209145C8BF83F82D20BEF1020FAB
:10F1B800D2D1052811DD3A462F2D17DD284940F216
:10F1C8002133244A244820F05DFF40F221319BE797
:10F1D8000528F0DC4FF0010C04E0A242B8BF22463B
:10F1E80054B23A4601300628B7D1E5E7986BBCF12E
:10F1F800000F18BF144648B91A4940F22D33154A72
:10F20800154820F03FFF40F22D317DE79F8CB3F881
:10F218003CC0BC4588BF08FB07004FF0000C88BF06
:10F22800445501206FF07F04013596E70025012041
:10F238002E46AC461E276FF07F044FF030088EE74D
:10F248005A8D01325A858DE7BDE8F88340F30020D6
:10F258007DEA030033E903000653030095EA03003F
:10F26800C1EA0300D2EA03002DE9F04704468EB054
:10F278002822002104A823F0E5FB2368374D0693D4
:10F28800A3680793237C8DF826306368ADF828308F
:10F29800E3686B430B9301F0E9FE824600F0E6FC5D
:10F2A800E38A0646894613B118238DF82130607C1D
:10F2B800F8B1751949F10003CDE90453A369002099
:10F2C80027490C931FF0E0FCE36800200093626874
:10F2D80094F9103023491FF0D7FC04A800F0FAFD78
:10F2E800024618B1022020491FF0CEFC0EB0BDE83E
:10F2F800F087FEF72DFE4FF487358046DAF83800A0
:10F308000F46A0FB0501DAF83CC04FF47A720023DF
:10F3180005FB0C11F9F768FC031841EB01021B18F7
:10F3280041EB02010DF10F009E1949EB0105FEF7B3
:10F33800E9FD30B118EB060647EB0507CDE9046790
:10F34800BCE79DF80F90B9F1000FF3D100F03EFE35
:10F358000028EFD04E464F46F0E700BF00B01E042D
:10F368007CDE0300F6EA030030EB0300012810B549
:10F378000A4B0C4606D10A4A0A4920461DF062FE8D
:10F38800204610BD022802D1074A0849F5E703289C
:10F3980007BF074A0749084A0849EEE750EB030048
:10F3A80055EB03005BEB030064EB03006AEB03001F
:10F3B80077EB03007DEB030086EB03008CEB030087
:10F3C8002DE9F04F8FB001F051FE3D4D0746E88F13
:10F3D80028B93C490FB0BDE8F04F1FF055BC0020DC
:10F3E80039491FF051FC2C460026DFF80091DFF860
:10F3F80000A1DFF800B1EB8FB34206DC00203349EF
:10F408001FF042FC0FB0BDE8F08F49460020B4F869
:10F4180040201FF039FCB4F84620514600201FF068
:10F4280033FC94F9433095F906209A4241DA284989
:10F43800DFF8C48007A823F0AAFCCDF8008094F96F
:10F4480043300020234907AA1FF01EFC002094F92E
:10F45800442021491FF018FCAB7C022B26D10AA9B5
:10F4680094F84200FFF782FF00201C491FF00CFCB3
:10F47800B4F84C3000200193B4F84A30184900938E
:10F48800B4F848302A6A1FF0FFFBD4E91823CDE905
:10F498000423D4E91623CDE902237B7C0020CDE99F
:10F4A800008310490AAB07AA1FF0EEFB0136283487
:10F4B800A1E795F907209A42B4BF59460A49B7E728
:10F4C80040F3002098EB0300B2EB0300FAEC0300D2
:10F4D80077EB0300FEEB030019EC030031EC0300AB
:10F4E8004EEC0300A1EC030055EB0300D0EB030046
:10F4F800E7EB030064EB030050EB03002DE9F04F4A
:10F50800B04CADF26C4D0790A083002840F0B48257
:10F5180001F0ACFD0F90E08DFFF736FB2822054681
:10F52800E38FA94902FB0343E28D0798A3F8402023
:10F5380094F82C2083F8432094F82D2083F8442055
:10F54800A28CA3F846201FF09FFBD4E90C239F4907
:10F5580007981FF099FBE28D9D4907981FF094FBCF
:10F568001DB19C4907981FF08FFBA28C00209A4977
:10F578001FF08AFBE28C1AB1002098491FF084FB27
:10F58800228D1AB1002096491FF07EFB628D1AB1B8
:10F59800002094491FF078FBE08DFFF7F5FA94F905
:10F5A8002C3094F9062005469A4270DA8E491AA83A
:10F5B80023F0EDFBA37C012B57D04FF00009CDF8C9
:10F5C80028908A4B0020009389491AAA94F92C3074
:10F5D8001FF05AFB002094F92D2086491FF054FB98
:10F5E800B9F1000F40F09C80A37C022B00F0A080B2
:10F5F800744AD38F0133D387724C2378002B00F0E1
:10F608004C820A9B002B40F04882A368002B40F0F4
:10F6180044820F9BE58D188900F0ECFB854200F0D1
:10F628003C8200220023C4E90C230A9B6279C4E9C6
:10F63800093340F28113A3850F9BE18D18891FF0D0
:10F6480006FCE085002800F02882201D00F098FACA
:10F658000346002800F037820220674A67490DF206
:10F668006C4DBDE8F04F1FF00FBB2822E38F02FB63
:10F678000343032283F8422094F86C355A1C84F81B
:10F688006C25E28D04EB4303A3F86E2595E794F906
:10F6980007209A422ADB5A491AA823F078FB637D8F
:10F6A800E28D0A93E38A934202D055B1237E43B197
:10F6B800002054491FF0E8FA00234FF001090A938B
:10F6C8007FE7A17C01290ED12820E38F00FB0343AB
:10F6D80083F8421094F8F034591C04EB430384F87F
:10F6E800F014A3F8F2244FF000096AE746491AA873
:10F6F80023F04DFBA37C012B7FF45FAF2822E38F1F
:10F7080002FB0343022283F8422094F82E355A1C48
:10F7180084F82E25E28D03F5267324F813204CE790
:10F72800002038491FF0B0FAA37C022B7FF464AFA5
:10F738004FF0000A89F001030D9301F097FCD046C1
:10F748005746204C1090CDF838A0CDF830A0A38CA7
:10F75800984504DAA38F984501DA257865B90C9B9A
:10F76800002B40F0DE80012028491FF08DFAB9F106
:10F77800000F3FF43DAF3FE7002330229B461E4673
:10F7880002FB08F28DF868301192A36B119A33448A
:10F798009B56002B0B933DDD1D4913A823F0F7FA68
:10F7A8002822E38F02FB0343B3F84E200132A3F86B
:10F7B8004E20B3F84C200132A3F84C202F46089570
:10F7C80039E000BF40F300207CDE030025ED030094
:10F7D80054ED03007FED0300AAED0300D5ED03000F
:10F7E80000EE03002BEE030077EB030050EB030061
:10F7F80069EE030098EE03001FF0030016EA030009
:10F8080055EB030056EE030064EB03001FEF030003
:10F8180086EB03002ED1AE4913A823F0B8FA2822AC
:10F828002F46E38F02FB0343B3F850200132A3F8BD
:10F8380050200B9B08931AA8F9F718FAA54B0DF15D
:10F84800680C0193A24BA449009313AA0B9B604434
:10F858001DF0F8FB172E3AD11AA8F9F707FA1AABD8
:10F8680018449E4923F093FA089B0BB10BF1010B46
:10F8780018268AE794F906200B99E38F8A424FF0FD
:10F8880028020BDA02FB0343B3F84C2094490132F7
:10F89800A3F84C2013A823F07AFA8FE794F90710FD
:10F8A8000B9802FB034381420ADBB3F848208D49D9
:10F8B800013213A8A3F8482023F069FA0895BAE79B
:10F8C800B3F84A2088490132A3F84A20E2E7089BA6
:10F8D8000BB10BF1010B0136302E7FF456AF08F156
:10F8E80001088FB1237D83B11AAB0E990293D4E935
:10F8F8000C321AEB030341EB0202CDE9003200207F
:10F9080042467A491FF0C0F900270C9B5B440C93D0
:10F91800774B1AEB03039A460E9B43F100030E93B1
:10F9280015E72823E58F0C9803FB0545F8F74AFDF2
:10F9380006460F46B5F848804046F8F743FD32467C
:10F948003B46F8F7E3FE00226A4BF8F7B5FD82461E
:10F95800B5F84A008B464044F8F744FD32463B462A
:10F96800F8F7D4FE0022634BF8F7A6FD109B064675
:10F97800587C0F46F8F736FDCDE9080102460B46DC
:10F9880050465946F9F71EF800284DD00D9B63B133
:10F99800012385F8423094F8F0345A1C84F8F02496
:10F9A800E28D04EB4303A3F8F22401202825524CEE
:10F9B80016A9FFF7DBFC002050491FF065F9E38F1B
:10F9C800002005FB0343B3F84E204D490392B3F8DA
:10F9D80050200292B3F84C200192B3F84A200092CA
:10F9E800B3F84830226A1FF04FF9E38FA28C05FB69
:10F9F8000343C3E916ABC3E91867A38F9A4203D937
:10FA0800012040491FF040F9CDE90467CDE902AB78
:10FA1800109B00205B7C3C4901932E4B13AA00935A
:10FA280016AB1FF031F9A2E6DDE908233046394666
:10FA3800F8F7C8FF0D9B78B163B1022385F842300F
:10FA480094F82E355A1C84F82E25E28D03F526737A
:10FA580024F813200220A9E763B1032385F8423074
:10FA680094F86C355A1C84F86C25E28D04EB43033A
:10FA7800A3F86E25032099E700217C221BA81A9180
:10FA880022F0E0FF40F2E7311AAA079800F070F977
:10FA980001201E491AAA1FF0F7F8FFF74BF9164A7A
:10FAA800D2F8AC352BB107980DF26C4DBDE8F04F8C
:10FAB800184712783AB1184615490DF26C4DBDE851
:10FAC800F04F1FF0E1B80DF26C4DBDE8F08F00BFAC
:10FAD80086EB030050EB0300C3EE0300CEEE0300F9
:10FAE80077EB030055EB030064EB0300D2EE030051
:10FAF800008C0A000000594040F3002031EC03005C
:10FB080035EF0300BCEF0300A1EC030006F003008F
:10FB180023E9030073B5174C174D184E4FF0FF3209
:10FB28004FF0FF336946204618F020FB9DF800206F
:10FB3800022A07D0032A0CD0012A18D10198FFF70E
:10FB480009F902E00198FFF78FFB019822F019FFED
:10FB5800E4E7019A1368002BF7D0506898470246EB
:10FB68000028F2D0294601201FF08EF8EDE7314633
:10FB7800F9E700BFE8ED00205BF0030080F0030028
:10FB880013B5044618201CF0A9F90190C8B1234602
:10FB980004F1180253F8041B934240F8041BF9D1EE
:10FBA80001238DF80030002200236946064818F02A
:10FBB800FFF920B1019822F0E4FE6FF0680002B06E
:10FBC80010BD6FF00B00FAE7E8ED002073B50546AD
:10FBD80010460E4614461CF081F9019098B1224651
:10FBE800314622F008FF8DF80050002200236946B4
:10FBF800064818F0DDF920B1019822F0C2FE6FF036
:10FC0800680002B070BD6FF00B00FAE7E8ED002065
:10FC180038B51BF069FB04460D461BF065FB124A1C
:10FC2800C0F30E03A3FB0231E00B40EA4540DB0BB7
:10FC380043EA4143A0FB0201ED0B02FB0511181832
:10FC48004FF47A724FF0000341F10001F8F7CCFF4E
:10FC58004FF48734A0FB04054FF47A72002304FBA9
:10FC68000151F8F7C1FF38BD00CA9A3B38B5FFF714
:10FC7800CFFF064D064AD5E90045D2E900321B1BE5
:10FC880062EB0502181842EB010138BDE8F90020C3
:10FC9800F0F9002010B5084BD0E90012D3E9004074
:10FCA8008C42904106D2C3E90012FFF7B1FF034B23
:10FCB800C3E9000110BD00BFF0F90020E8F90020F9
:10FCC8000129034611D1072813D84000431C042AF0
:10FCD8000FD803EB0213084A32F91300431C0AD069
:10FCE8000028B8BF0730C0107047042A01D80F2871
:10FCF800EEE74FF0FF307047E85103000F28014648
:10FD080008B503D9034820F0FDF80F21024B5856D7
:10FD180008BD00BFB2F00300D9F403000023064A6F
:10FD280012F9011B814201DBD8B270470133102B55
:10FD3800F6D10F20704700BFD9F4030010B5144660
:10FD480003680246B3F1FF3F05D10A46204607493A
:10FD58001DF078F907E08B4200F10800F0D1204649
:10FD6800516823F014F8204610BD00BFD5F00300F9
:10FD780070B506461446CAB00D464FF484720F4952
:10FD880008A822F038FE2246314608A8FFF7D6FF19
:10FD980040F2E7339D420AD16846094922F0F7FF4D
:10FDA8006946204622F0D7FF20464AB070BD2A4651
:10FDB800684604491DF046F9F2E700BF20420300F7
:10FDC80001F103001EF10300F0B587B06C4606464A
:10FDD8000F46074D0FCD0FC495E803003A4684E857
:10FDE800030031466846FFF7A9FF07B0F0BD00BF22
:10FDF80028430300013880B215289ABF024B33F814
:10FE080010000020704700BFBC510300013880B2C9
:10FE180015289ABF024B33F810000020704700BF26
:10FE280090510300F0B589B06C4606460F46074D61
:10FE38000FCD0FC495E80F0084E80F003A4631460D
:10FE48006846FFF77BFF09B0F0BD00BF40430300E1
:10FE5800F0B589B06C4606460F46074D0FCD0FC466
:10FE680095E80F0084E80F003A4631466846FFF7E8
:10FE780065FF09B0F0BD00BF60430300F0B589B06D
:10FE88006C4606460F46074D0FCD0FC495E80F0088
:10FE980084E80F003A4631466846FFF74FFF09B03D
:10FEA800F0BD00BF80430300002330B5084A32F894
:10FEB800235002EB8304854203D1002063880B8022
:10FEC80030BD01331E2BF2D14FF0FF30F8E700BFF1
:10FED800BE510120F0B4114C0022238885681E2BE6
:10FEE80004BF00232380068B21880D4B33F822C0E2
:10FEF80003EB820765450CD001321E2AF6D123F8A0
:10FF0800215003EB810301315E802180F0BC16F0A3
:10FF180073BF23F822507E80F8E700BFBC51012050
:10FF2800BE5101200020044BC3E90033034BC3E951
:10FF38000033034B18707047843B01207C3B012041
:10FF48005956012073B5054610460E4614461BF057
:10FF5800C5FF019098B12246314622F04CFD8DF83C
:10FF68000050002200236946064818F021F820B105
:10FF7800019822F006FD6FF0680002B070BD6FF0C6
:10FF88000B00FAE7E4EC002002460B46014818F0A3
:10FF9800CFB900BFD0EC0020014818F099BA00BFD3
:10FFA800D0EC0020002307B58DF800000193002253
:10FFB80000236946044817F0FBFF002818BF6FF0BC
:10FFC800680003B05DF804FBE4EC0020024B1868FD
:10FFD800C31A584258417047843B012010B54FF06E
:10FFE800FF3104464FF0FF30FFF7CEFF0B4A106891
:08FFF800904209D1FFF7D0FF90
:020000040001F9
:10000000002010BDA04206D0014610461EF077FF2A
:100010000028F7D1F2E71EF078FFFFF7C1FF0120BB
:10002000EFE700BF843B012038B54FF0FF310546B4
:100030004FF0FF30FFF7ACFF0B4A146894420CD12D
:100040000024FFF7ADFF204638BDE368AB4207D080
:10005000214610461EF053FF0446002CF5D1F0E770
:1000600020461EF052FFECE7843B01204FF0FF31A9
:1000700010B504464FF0FF30FFF78AFF0A4A1168B7
:1000800091420BD10024FFF78BFF204610BDCB68B7
:10009000A34206D010461EF032FF01460029F6D1D9
:1000A000F0E70124EFE700BF843B012073B505466C
:1000B0000E464FF0FF304FF0FF311446FFF768FF58
:1000C000164A116891420DD12B460220144A154957
:1000D0001EF0DEFD10E0CB68AB4212D010461EF0E1
:1000E0000EFF01460029F6D1EEE7D1F88C0058B199
:1000F0002246314622F083FC02B0BDE87040FFF793
:100100004FBFB4F52F7FF0D94FF42F730220009327
:10011000034A234604491EF0BBFDEDE7843B012062
:10012000DBFD030022F50300E9F4030070B5064689
:100130000C464FF0FF304FF0FF311546FFF728FF18
:10014000194A116891420AD1BDE87040FFF728BFF3
:10015000CB68B3421ED010461EF0D1FE01460029E6
:10016000F6D1F1E7012D0BD01049114840F2771379
:10017000104A1FF08BFF40F277110E481FF07DFFF1
:100180002368C1F879306368C1F87D302389A1F80C
:100190008130D9E7002DE5D12368C1F87930237982
:1001A00081F87D30D0E700BF843B012091F503004A
:1001B0000653030057F5030070B54FF0FF310646B4
:1001C0004FF0FF3015461C46FFF7E2FE0C4A11685F
:1001D00091420AD1BDE87040FFF7E2BECB68B3425E
:1001E00006D010461EF08BFE01460029F6D1F1E73D
:1001F000D1E914325B1944EB0204C1E91434E9E794
:10020000843B012038B5E8210546012022F0C4FBDB
:10021000044628B9074908481FF078FE204638BD33
:10022000082303720023C0F88C30037400F1180314
:100230002B60F3E784FD0300B6F5030038B5E82131
:100240000546012022F0A8FB044628B907490848C2
:100250001FF05CFE204638BD052303720023C0F862
:100260008C30037400F118032B60F3E750FD03009A
:10027000B6F50300F0B506460D4685B089B9244AA7
:1002800087681468944209D105B0F0BDE3689F42C5
:1002900008D0214610461EF032FE0446002CF5D14F
:1002A000F2E70C46237A03F0FD02012A01D0062B67
:1002B0000ED1D4F894305BB1012300932046D4E9E9
:1002C00014231EF047FEC8B9022012491EF0E0FCBC
:1002D000E16A19B1D4E9142330468847236B1BB176
:1002E000226C0AB9B0689847002DCDD120461EF087
:1002F0000CFE05B0BDE8F0401EF089BE94F89130C8
:1003000002908DF80C3002A8D4F894309847DFE7BB
:100310007C3B0120EAF503002DE9F0411B4A002651
:10032000116891421DD11A4F00253C68BC4229D169
:10033000002018491EF0ACFC3246002016491EF081
:10034000A7FC002015491EF0A3FC2A46BDE8F04199
:10035000002011491EF09CBC10461EF0D0FD014645
:1003600001360029F8D1DEE741460020E2681EF0A0
:100370008FFC214638461EF0C2FD04460135002C94
:10038000F2D1D5E7DFF81880F9E700BF843B012000
:100390007C3B01203CF6030053F6030069F60300A2
:1003A0001CF603002DE9F04F91B00446FDF7C2FDA5
:1003B0000F90002C41D0236D94F858700D93636D0D
:1003C000266E0E93002F3CD0002E40D000274FF415
:1003D000615994F85A80A8FB09890D9B94F808B0DC
:1003E00018EB03080E9B49EB03090F9B9E1947F17D
:1003F000000716EB080649EB0707BBF1010F34D0E5
:10040000BBF1080F05D84FF4CA7323FA0BF3DB07CF
:100410002BD40D9AAE4BD3180E9A42F100029E4295
:1004200077EB020121D3CDE90232CDE9006702204A
:10043000E368A84AA8491EF02BFC002011B0BDE8D3
:10044000F08F5EB14FF4E14994F85980C3E74FF45F
:100450006157B4F85E60A6FB0767B8E74FF4E14761
:10046000B4F85C60A6FB0767ECE74FF4004000219E
:10047000FFF78EFD18B1012098491EF009FC984B3A
:100480001A689A420C9240F0B580954B5A68C4E9BC
:10049000003214605C6007E14FF4E14095F8593098
:1004A000B5F85C20A3FB003113EB0C034EEB01010C
:1004B000B8E094F810C0BCF1000F4FD10A9ACDE912
:1004C000063108920B9A87490992EB68CDE90267D9
:1004D000CDE900890493E3687E4A01201EF0D8FB31
:1004E0003CE0DDE90D20704508BF624548D19E42E1
:1004F00077EB010C2ED30A9A42450B9A72EB090C4A
:1005000028D395F808C0DC450FD80A9ACDE9063102
:1005100008920B9A74490992EB68CDE90267CDE91C
:1005200000890493E3686B4ABAE094F810C0BCF108
:10053000000F13D10A9ACDE9063108920B9A6B4944
:100540000992EB68CDE90267CDE900890493E3687D
:10055000604AC2E7984579EB010105D26B68C4E9AE
:1005600000531C606C609FE029465D481EF0C7FC8C
:1005700000288AD04368C4E900031C60446093E00B
:100580009E4277EB010C2ED30A9A42450B9A72EBEE
:10059000090C28D395F808C0DC450FD80A9ACDE994
:1005A000063108920B9A52490992EB68CDE902672D
:1005B000CDE900890493E368464A71E094F810C0DD
:1005C000BCF1000FCAD10A9ACDE9063108920B9A04
:1005D00048490992EB68CDE90267CDE900890493A7
:1005E000E3683C4A79E729463D481EF088FC054609
:1005F00028B94AE70C9B002B3FF447AF0C9D95F8B8
:100600005830D5E914CE002B3FF446AF4FF461507B
:1006100095F85A30B5F85E20A3FB003113EB0C03BC
:100620004EEB0101A2FB00A2286E0B92002818BF1E
:1006300082460B9A18BF00220F980B9210EB0C0009
:100640004EF1000210EB0A000A900B9840EB0202F8
:100650000B920D9A62450E9A72EB0E0ABFF441AFEF
:100660009E4277EB010CFFF479AF0A9A42450B9A50
:1006700072EB090CFFF472AF95F808C0DC453FF649
:1006800018AF0A9ACDE9063108920B9A1A490992D5
:10069000EB68CDE90267CDE900890493E3680D4A70
:1006A00001201EF0F5FA0024FFF77AFC0C4B0C9A9F
:1006B0009A4203D11EF0D1FC2046BFE6002200235F
:1006C0000E48CDE90023A42200231AF017FFF3E718
:1006D000008C0A00B6FD030085F60300E3F6030074
:1006E000843B0120ABF7030040F80300DAF8030075
:1006F0006FF9030009FA030011F70300C8EB0020AB
:100700002DE9F04FBDB04FF0FF334FF0FF3292486C
:1007100015A917F02FFD9DF854300793013B082BC6
:1007200000F2B483DFE813F009004B0350036E03BB
:10073000A10339034703A603AC034FF0FF304FF08A
:10074000FF31FFF725FC85480468844200F0918062
:10075000002C00F08E804FF000094FF0010B214675
:100760001EF0CDFBCA46D8460390CDF81890002C59
:100770007FD0FFF77FFA236DCDE908010493636D05
:100780000A460593049B181A059B63EB0101002997
:1007900062DAE368616A1C93089B1B921A93704BA0
:1007A0001D9319B1DDE904231AA88847E36A1BB138
:1007B00021461AA8FFF75EFD1AA81EF0BFFA236CA7
:1007C000002B0DDD013B236453B9E363236B1BB1A5
:1007D00021461AA8FFF74EFDA36A0BB1E0689847BF
:1007E000E56B15B3049B2046ED18059B43F100060D
:1007F000FFF7F8FB94F84430C4E9145633B1E368CA
:10080000E26C0133934288BFA36CE360237A2046F5
:10081000052B08BFC4E93256FFF7C4FD002840F09D
:10082000B782504950481FF071FBB8F1000F02D059
:100830002046FFF7D7FBBBF1000F02D020461EF089
:10084000E6FB039B002B00F0A682194643481EF0EE
:1008500056FB039C03908AE7B9F11E0F12D10022C8
:100860000023CDE900234FF4A47200233F481AF07F
:1008700045FEFFF795FB169800283FF444AF22F0A1
:1008800084F840E7F7F7EEFD0022394BF7F742FF17
:100890000022384BF8F7A4F830B100220023CDE94C
:1008A000002340F6CD42E0E794F85850002D44D0A4
:1008B0004FF4615294F85A30A3FB02320499CB18DA
:1008C0000A93059B43EB02030B932B4B1B78012BE5
:1008D00000F09281237A03F0FD02012A02D0062B58
:1008E00040F037810022254B94F878101A77228F38
:1008F0005A82E2689A60A269DA600A9A1A600B9AD0
:100900005A6004F17902E9B9D4F8790019741379BD
:1009100017908DF86030194D17ABAB61D4F88C305F
:10092000A3BB174940F2F333164A17481FF0AEFB3A
:1009300040F2F33113481FF0A0FB4FF4E14294F86A
:100940005930B9E70121D4F879001974516817AB0F
:1009500003C312891A80DEE7E4EC0020843B012007
:10096000E7030A1A18FD03009EFA0300C8EB0020F3
:1009700000E0F04000407F4059560120F8F9002087
:10098000D7FA030057F5030006530300B4F88A2092
:1009900094F89870C5E90832D4F884306B6194F803
:1009A00088306B74002F40F0A28094F89030002BB8
:1009B00000F0C7801822394622A822F047F800F03C
:1009C00059FB4FF4615390F83220D4F818C05A43C1
:1009D0000F9290F83120B4F81CE0A2FB032313938C
:1009E0005FFA8CF310936B8A12920E93079B02228C
:1009F000119340F29B23CDE90C32CDF88A70B04EB2
:100A000028AD0FCE0FC50FCE0FC596E80300129B81
:100A100085E803001E93139B8DF88E701F930C9B2B
:100A200032ADCDE9203C0D9B1EAE8DF888300E9B7B
:100A3000ADF890300F9BADF89AE02593109B8DF8A0
:100A40009830119B8DF899300FCE0FC50FCE0FC582
:100A500096E8030085E8030028A816F0C7FA0546C3
:100A6000002872D0964B02469B68964996481FF024
:100A70004DFA616A79B1E3681AA81C930A9BADF834
:100A800076501A930B9B1B9340F2E733ADF874300A
:100A9000D4E914238847E36A227A002B40F0AF8020
:100AA000636B002B40F0AB80531E012B00F2A9803A
:100AB000012A236C04D1D4F89410002940F0AA80B4
:100AC000002B40F3AC804FF0010A013B2364002B64
:100AD00040F0C6800023226BE363A36A002A00F083
:100AE000FD80002B00F09B80E068984797E01EADEA
:100AF00004F1A0060FCE0FC50FCE0FC596E8030078
:100B0000D4F8A03085E803001293D4F8A430D4F8C8
:100B1000ACC01393D4F8A83094F9B6700C9394F841
:100B2000B0300D93B4F8B8300E93D4F8BC30B4F8AC
:100B3000C2E00F9394F8C030109394F8C130119331
:100B40005DE7284616F0A0F989E70620FFF72EFAA0
:100B50008FE7052B16D128AD04F1C8060FCE0FC5BF
:100B600096E8030085E8030028A816F0B3FA0546C6
:100B700000283FF47EAF0346524A544902201EF03B
:100B800087F876E7182200212CA821F05FFF002DBE
:100B90002DD04FF46152B4F85E30A3FB0232226EC6
:100BA00028A8002A18BF1346A26E2B92E26E30923C
:100BB000228F2F93ADF8B820E3682A9394F8703011
:100BC0008DF8B0300023CDF8B23094F864308DF851
:100BD000B6300A9B28930B9B2993FFF77FF90546B4
:100BE00000283FF446AF02462A9B3949C6E74FF436
:100BF000E142B4F85C30D0E76FF00A0539E74FF016
:100C0000010A02F0FD03012B01D0062A24D1D4F8F9
:100C100094300BB3236C002B15DC01230693069B49
:100C200020460093DDE904231EF094F906460028CF
:100C300059D10220274A28491EF02AF800234FF0F4
:100C4000010A06930FE0013B2364002BE5D14FF02E
:100C5000010ACDF818A03DE7236C002B3FF735AF14
:100C6000BAF1000FDBD1E66B002E00F08680D4E9EC
:100C700014372046F61847F10007FFF7B3F994F848
:100C80004430C4E9146733B1E368E26C0133934242
:100C900088BFA36CE360237A2046052B08BFC4E914
:100CA0003267FFF77FFB002833D0002D6CD109F1AC
:100CB00001031FFA83F94FF0010BD846C1E500BFCD
:100CC000F8F90020F1FC030015FB03004CFB0300C6
:100CD00074FB030018FD0300A4FB0300002BBFD02E
:100CE000E0689847BCE76F4F3968B9420ED17B681E
:100CF000C6E900731E607E60A0E7CB68F26893428D
:100D000000F0CA8038461EF0FAF801460029F4D1F6
:100D1000EDE7E3680220644A64491DF0B9FFA36A65
:100D20000BB1E0689847236B23BB41F60B25E368C2
:100D300015F10B0F1C93089B1AA81A93099B4FF0EF
:100D40001E091B9340F2E7331D9318BFADF8765090
:100D50001EF086F91AA81DF0F1FFB8F1000F02D0BD
:100D60002046FFF73FF9BBF1000FA4D020461EF04C
:100D70004EF9A0E7E0689847D7E7002DD7D109F1F1
:100D800001031FFA83F9E8E74FF0000BD846CEE7DE
:100D90004FF0000B91E703985BE5002021F0E5F9A7
:100DA000002200234248CDE9002342F2676200237B
:100DB0001AF0A4FB5FE5002021F0DAF95BE50021E1
:100DC0001698FFF757FA56E5364E169D3468B4422A
:100DD0003FF451AD05F11008002C3FF44CAD676BAA
:100DE00057B1B5F90A3042460193B5F9083000937E
:100DF000EB68D5E90001B847214630461EF07FF880
:100E00000446E9E74FF0FF304FF0FF31FFF7C0F83D
:100E1000284C2368A34208D16460FFF7C1F8214C35
:100E20002368A34210D1646025E5606838B922497F
:100E3000D023224A22481FF029F9D0217AE51EF05A
:100E400064F81EF0E4F8E4E7606848B91A4940F233
:100E500056331A4A1A481FF019F940F2563169E51B
:100E60001EF053F81EF0D3F8DAE7169B18681EF050
:100E7000DCF800E50122134B1A701DF059FFFAE46B
:100E80000022104B1A701DF056FFF4E40120079A5F
:100E90000D491DF0FDFEEEE401200C4A0C491DF049
:100EA000F7FE24E77C3B012018FD0300C0FB030094
:100EB00090EB0020843B012027FC030057F5030042
:100EC000065303005956012057FC0300C7FC0300DA
:100ED00084FC030070B50B4915461E46F7F7C0FEAB
:100EE000044660B9602230460749A847051E04DA67
:100EF000294606481FF00AF82C46204670BD6FF0C0
:100F00000104FAE7E3FE030040DB002037FE0300A4
:100F1000262313B5244A254C4FF00111C4E90023C0
:100F20000023C4E9021302210DF1060020F059FE4E
:100F30004FF6FE72BDF8063044F60130B3FBF2F115
:100F400002FB11330133A38141F288320023C4E94B
:100F50000E2340F2DA736FF0540CC4E904036FF00F
:100F60004603C4E906C30DF0B3FA044628B10246AD
:100F70000F4910481EF0CAFF08E00F481FF023FE7B
:100F8000044630B101460D481EF0C0FF204602B0B5
:100F900010BD0B480DF0DEF804460028F6D00246DE
:100FA00003490848E6E700BF7856341240DB0020CA
:100FB00078FF030068FE030040E20020538604002F
:100FC000A1FE0300B3FE030070B501460546602292
:100FD0000C480DF08DF80C4B04469E8930B102464A
:100FE0000A4902201DF054FE204670BD29466022A9
:100FF000184621F004FD0649868120461DF048FE72
:10100000F2E700BFD1FE030040DB0020F3FE030047
:101010001DFF030038B560220C490D480DF068F83B
:101020000C4B04469D8930B102460B4902201DF04D
:101030002FFE204638BD60221846044921F0DFFC0F
:101040000649858120461DF023FEF2E7F84503009E
:10105000D1FE030040DB002038FF030062FF0300E5
:1010600008B56022024921F0CAFC002008BD00BF7B
:1010700040DB00200048704740DB002030B50446CC
:101080000D4695B050226846044921F0B8FC2A4626
:1010900021466846FEF756FE15B030BDA04303005A
:1010A0000022044B9A601A605A6040F281121A8141
:1010B000704700BF44EA002038B505460B4C482273
:1010C0000021204621F0C2FC094BE36195F9100094
:1010D000FEF728FE0F23638442F20F73E3844DF67C
:1010E000F10384F82100238538BD00BF40FE0020B5
:1010F0008101C4C42DE9F041ADF53E7DFFF7BAFF93
:101100000446244E2022002104A821F09FFC4FF425
:101110002F7200210FA8D4F80080758AA78821F0CB
:1011200095FC68238DF83C30636806F1BA040FA97A
:101130002046ADF83E301DF0C7FF40F29A23CDE9BE
:10114000063801238DF820308DF82C300423ADF8BB
:1011500022500C9406F1880504AC0D930FCC0FC5FA
:101160000FCC0FC594E8030000230DEB0102536080
:10117000138130237FBA137006F1B00385E80300B2
:1011800082F80180578007CA03C31A800DF53E7D9F
:10119000BDE8F08100FE002038B5104D95F86100E3
:1011A00095F95F40FEF7AEFD95F95E309C420DDA91
:1011B0001B1B002BB8BF5B42C01A04B2688AFCF745
:1011C0007DFBA042A8BF204680B238BDE41A002CA7
:1011D000B8BF6442044424B2F0E700BF00FE002020
:1011E0002DE9F04FADF5617DFFF744FF0022634E1E
:1011F000B0F8049090F800B006AC824696F9200052
:10120000C4E900222281FEF78DFD718A1DF065FD83
:1012100071690590C1F3072302935FFA81F8FEF725
:1012200029FD05460F46564999FA99F96B1896F823
:101230002610039347F10003049300295FD1059A18
:1012400002F00F0284F806800DF12408C4462178CC
:10125000029B01F00F0141F0300121702179A4F8C7
:10126000029062F30711637184F801B0217194E870
:101270000700ACE80300ACF80020662200248DF8DB
:10128000C420DAF804200DF18409ADF8C62096F8E0
:10129000272031A948468DF8C52032941DF014FF4F
:1012A000728A8DF84C40ADF842200822CDE91492A4
:1012B000DAF81C2011948DF84120DAF80020CDF8DE
:1012C00048800F924FF0010843F69822039B0CA828
:1012D0000C93049B8DF840800E920D9315F0D4FD75
:1012E0000446A0B10E9B274A0093274903460220DB
:1012F0001DF0CEFC20460DF5617DBDE8F08FFFF7B7
:101300004BFF40B2FEF70EFD00F00F029AE71C22E1
:10131000014619A821F09AFB1C4AAD1843F69A22FF
:1013200047F10007CDE916571892DAF800208DF83A
:101330007980199296F825208DF86E20728AADF882
:101340007020DAF800208DF87820DAF80430ADF853
:101350007A300F4B1D9396F8283013B118238DF86F
:10136000693016A8FEF7BAFD04460028C2D002462E
:10137000189B022007491DF08BFCBBE700FE0020F4
:1013800000603D08E11404003600040080B13E080E
:1013900000709914712704002DE9F04FADF5437DDD
:1013A000FFF768FE9D4D064695F82430013BDBB201
:1013B000089303780993838895F920005BBAADF808
:1013C0003E3095F821300A93FEF7ACFC6B690B9028
:1013D000C3F30722DBB20C920D93FEF74BFC884659
:1013E0004FF487310746B06BF46BA0FB010C4FF450
:1013F0007A72002301FB04C1F7F7FAFB0522A0FB78
:10140000020302FB0133C21995F8240043EB0803E1
:10141000013895F82110C0B2109211931DF0CCFC48
:101420000FFA80F9B9F1000F804609DC02207C49EF
:101430001DF02EFC4FF0FF300DF5437DBDE8F08F21
:1014400095F82920002A00F0E4804FF0010B4FF0BE
:10145000000A744B9F7887F001079F70B5F91A3026
:10146000714C0E93714B95F821C0002A18BF23468A
:101470006A4C95F822E094F9252095F82410B5F9E6
:101480001800CDE906320E9BFF000593EB69CDE90C
:10149000010CCDE903E300916A8A4B4600206449C0
:1014A0001DF0F6FB089B0B9A03F00F0343F01003AB
:1014B00043EA4A1384F8A836099B012584F8A93623
:1014C000BDF83E3067F07F07A4F8AA360A9B1FFAE2
:1014D00088F803F00F0343EA021384F8AC360C9B40
:1014E00084F8AF7684F8AD360D9BA8F1080184F836
:1014F000AE3645F2011343EA0B13A4F8B036642369
:101500008DF84C3094F8273089B28DF84D307368DF
:1015100004F57B7715A8ADF84E30ADF85210ADF854
:1015200050501DF0AAFC384613A91DF0CDFD1DF04A
:10153000BDFD1022C4E90201002104F1300021F0B8
:1015400085FABDF850304FF43462A4F8E83343F222
:10155000C823A4F8EA834FF00008C4F8C03694F812
:101560002230618A5343C4F8CC3694F82330A4F86F
:10157000CA16C4F8D87684F8D486C4F8DC9684F801
:10158000C936336884F8C856C4F8C43604F5D56340
:10159000C4F8D03643F2BC43C4F8E8364FF4615384
:1015A00096F8312012A8A2FB0323C4F8E0264FF4DA
:1015B0008732C4F8E436336884F80157C4F8EC364F
:1015C000336884F800377368A4F8F816A4F8023773
:1015D000B4F91A3084F8F0865343C4F8FC36C4F8E2
:1015E000F28694F8253084F8F63694F8283043458E
:1015F0000CBF4346182384F8F1361DF0EAFC074679
:10160000FFF738FDC7B902200A491DF041FB002051
:1016100012E701279346BA4620E700BF00FE0020EC
:101620002B27040010FC0020690004006D0004005A
:1016300070000400280104000268129B1A604268CE
:10164000129B5A60626983F841809A60628AC3F88B
:101650007C801A84109A83F878809A63119ADA63EE
:1016600094F829201AB1314AA3F87850DA674FF07C
:1016700000082F4A2F495A61B4F91820A3F8468070
:101680004A435A62E2694FF001099A622A4A2B4E94
:101690001A6194F8242003F18805A3F84420D4F8B3
:1016A000CC26DA6694F9C92683F8702003223A72B0
:1016B00083F880900FCE0FC50FCE0FC596E80300BC
:1016C00085E80300D4F8DC26D7F88C00A7F88A2038
:1016D000D4F8D81692B221F092F9583E87F8789053
:1016E00003CEC7F87900C7F87D1033883846A7F8CD
:1016F0008130D4F8C036FB60FEF754FE40B90220BA
:101700000F4A10491DF0C4FA38461DF080FC7EE7F0
:10171000B7F88A20236B13442363129BD3E90E236B
:1017200084F8DA83C4E9F82371E700BF611D010082
:10173000891A010000B01E04C1200100E00401204C
:10174000C0140400850104002DE9F04FB94CADF23E
:10175000DC7DA06CD8B9B8491DF09AFA00250022AA
:101760000023B44C04F11000C4E9EE23C4E9EC23D7
:10177000E562A4F8CA53FFF79FFC1022294604F142
:1017800030000DF2DC7DBDE8F04F21F05FB9D4E907
:10179000EC32D4E9EE01C01A61EB020100234FF4F0
:1017A0007A72F7F7D5F9F6F75DFE4FF4F072064658
:1017B0000F4620A8002121F049F9B4F8CA239F4917
:1017C00020A81BF043FC20A8F7F754FA20AD3B46B5
:1017D00032469B4928441BF039FC2846F7F74AFA61
:1017E000A26B984928441BF031FC2846F7F742FACF
:1017F000226C954928441BF029FC2846F7F73AFA51
:10180000A26C924928441BF021FC2846F7F732FAD3
:10181000E26C8F4928441BF019FC2846F7F72AFA96
:10182000226D8C4928441BF011FC2846F7F722FA58
:10183000626D894928441BF009FC2846F7F71AFA1B
:10184000A26D864928441BF001FC2846F7F712FADE
:1018500094F95C3094F95D20814928441BF0F6FB33
:101860002846F7F707FA054694F86100FEF74AFAAA
:1018700020AB02467B4958191BF0E8FB20A8F7F77C
:10188000F9F9054694F86200FEF73CFA064694F82A
:101890006300FEF737FA034620A83246724928440F
:1018A0001BF0D4FB20A8F7F7E5F920ADB4F96830B8
:1018B000B4F966206D4928441BF0C8FB2A466C49E0
:1018C00000201DF0E5F9FFF7D5FB4FF000088388F5
:1018D000074690F800B05BBA618A94F86100ADF8F1
:1018E0000E30CDE90688ADF820801DF0F6F9B4F889
:1018F000CAA30490FEF7BEF989464FF487310590DC
:10190000B86BFD6BA0FB010C4FF47A7201FB05C1B3
:101910000023F7F76DF90122059B00184941C5180E
:1019200049EB01034FF4F270114605931DF04CFA98
:10193000BDF80E3000F00F09ADF81A30049B49F0E5
:1019400030028DF818201A0142F001028DF81C2097
:101950008DF81EA04FEA1A220DF1240AD4468DF804
:1019600019B006AE8DF81D2096E80700ACE803001C
:10197000ACF80020672243F6992B8DF860227A6834
:101980000DF21C56ADF8622294F8272020A999A8E0
:101990008DF8612221F0FFF9304698A91DF094FBE3
:1019A000386897F91C10628A059B0C95149616AD41
:1019B00004F56076CDE90EB00D938DF84110ADF8C9
:1019C00042200FCE0FC50FCECDE9118A8DF84C8085
:1019D00001274FF4F2780FC50023264A8DF8407096
:1019E000CDF8548096E8030085E803000CA8CDE903
:1019F000162315F0FBFA054650B103461E49022096
:101A00001E4ACDF800B01DF043F902201C49A3E6A0
:101A10001DF04CFBB4F8A833C4E9DE010133A4F88F
:101A2000A833424628461749009709F101031DF0E3
:101A30002FF993E600FE0020B8010400EE01040037
:101A40001502040041020400630204008502040040
:101A5000AD020400CF020400F102040013030400ED
:101A600035030400550304006B03040089030400DC
:101A70001CEF0300805101003600040071140400C3
:101A8000A7030400CB030400C18939B90449C1E9A3
:101A9000F4230B6BB1F8EA2313440B63704700BFC8
:101AA00000FE002000B5094A7346117831B90220C2
:101AB000074A08495DF804EB1DF0EAB800231370EB
:101AC00010205DF804EBFBF77FBD00BF00FE002097
:101AD000A9140400050404002DE9F04F0D468BB055
:101AE000044692469946FFF7C5FA012D83465E4E9D
:101AF000DFF8988122D1F36A0133F3624FF0010CD1
:101B000027465A4D86F800C00FCF0FC597E807004B
:101B100085E807002378DBF804106345626829D064
:101B2000022B29D052494FF48973524A52481EF071
:101B3000ADFA4FF489714F481EF09FFA4FF4E162FD
:101B40000021304620F082FF1DF0B0FAC6E9020104
:101B50002046FFF7B1FA0023012288F8053088F803
:101B60000120A8F8023088F8FD2088F8F920A8F8AC
:101B7000FA30C3E74FF0000CF823002503FB0CFC00
:101B800008EB0C03C3E9021208F80C50DD701D715C
:101B9000FFF7B0FA2778012F04D10BB0BDE8F04F62
:101BA000FFF7FABB022F09D0344940F21443314AFF
:101BB00031481EF06BFA40F21441BCE794F915303D
:101BC00062882F4928461DF063F8FFF753FA1C225C
:101BD0000446294603A820F039FF43F2B063CDE95B
:101BE00000A9029323688DF81070039396F82530AE
:101BF0008DF81630738AADF8183001238DF8213036
:101C000023688DF820306368ADF822304FF0FF3341
:101C1000079396F8283013B118238DF811306D46CC
:101C2000184C0FCD0FC40FCD0FC495E8030084E806
:101C300003006846FEF752F9044650B10146029A85
:101C400011481EF063F90023337020460BB0BDE845
:101C5000F08F1DF02BFAB6F8A833C6E9DE01013388
:101C6000A6F8A833F1E700BF00FE002010FE002018
:101C7000650404002E040400065303005D04040000
:101C80008904040080010120C104040010FC00202C
:101C900073B5054610460E4614461AF023F9019016
:101CA00078B12246314620F0AAFE8DF8005000227D
:101CB00000236946044816F07FF910B1019820F01E
:101CC00064FE02B070BD00BF80ED00202DE9F04140
:101CD0000446ADF53C7D6D4626468846B0F9043095
:101CE0004FF43C7203EBD373002168465F1020F081
:101CF000ADFE0FCE0FC533682B60174D0A9395F8D4
:101D00006100D8E90023CDE90823FDF7FBFF95F832
:101D1000603021698DF830306B8AB1F52F7FADF8D6
:101D20002E00ADF82C70ADF814300FD80A460DF126
:101D30003100E16820F063FE4FF43C7269460320F5
:101D4000FFF7A6FF0DF53C7DBDE8F0814FF42F7243
:101D500002481EF0DBF8F5E700FE0020F204040064
:101D6000F82213B50379046817488DF8073002FB91
:101D700003005BB1154940F23913154A15481EF0AE
:101D800085F940F2391112481EF077F9B4F88A301B
:101D9000B3F52F7F09D910494FF49D730C4A0D48B4
:101DA0001EF074F94FF49D71EDE721461DF0BBF86C
:101DB00020461DF02CF901220A200DF10701FFF742
:101DC00067FF02B010BD00BF20FC002049050400E1
:101DD0002E0404000653030067050400002307B522
:101DE0008DF800000193002200236946044816F094
:101DF000E3F810B1019820F0C8FD03B05DF804FBD2
:101E000080ED002008B5074A074B1068516803C3EE
:101E100090681860FFF744F9BDE808400920FFF713
:101E2000DDBF00BF44EA002078FE0020F0B5044684
:101E300000F108052846A3B0FDF730FF2278D31E35
:101E4000092B00F22B81DFE813F00D0114011B01B7
:101E50001B0022010A003100CE00DE00E600002156
:101E6000608C924B8142C0F2E4801A88013292B2B7
:101E7000C82A1A8018D123B0BDE8F040FFF7C2BFCE
:101E8000D4E90223CDE91023236910A81293E38A31
:101E9000ADF84C30A38AADF84E301DF0E1F81022B9
:101EA000012010A9FFF7F4FE23B0F0BD14AD04F13A
:101EB00010060FCE0FC596E80F0085E80F00D4F886
:101EC0001E30CDF87230D4F82230CDF87630E38C65
:101ED000ADF87A30D4E90223CDE91023D4E9042304
:101EE000CDE91223A38BB3F5807F78D1704D2B7C85
:101EF000022B74D1A37F1F2B71D8E27F95F8B130EC
:101F00009A426CD194F8232095F8B2309A4266D167
:101F100094F8242095F8B3309A4260D1FFF7AAF8DC
:101F200006AE883507460FCD0FC60FCD0FC695E814
:101F300003006B46083586E8030095E8070003C3F5
:101F400094F82200BDF82A100009A67F1CF0C5FEF7
:101F50004FF0010E9DF8002094F825306EF34712E3
:101F60008DF800209DF80720990961F387128DF8FC
:101F700007206A4603F0070394F820C094F8215024
:101F800003FA0EF3000143F48873ADF808308DF8BE
:101F900004008DF805C08DF8065003AB07CA03C3D3
:101FA0004FF4E1414FF4615006F00F061A800136FC
:101FB00003AB0C93D4E90432E1FB063297F83310FB
:101FC000A1FB00105B1842EB000206A8CDE9063227
:101FD00014F09EFF014610B136481DF097FF4822CD
:101FE000062010A95EE7D4E9022312AD1034CDE932
:101FF00010230FCC0FC594E80300202285E80300CE
:10200000042010A94EE7294604F1100023B0BDE8D2
:10201000F040FFF75BBED4E902231034CDE9102372
:1020200094E8070012AB83E807001822052010A9E6
:1020300038E7626A5256002A04DD5A8801325A8013
:1020400001310FE703D19A8801329A80F8E793F9BA
:102050000850954293F90950B8BF1A729542C8BF0B
:102060005A72EDE704F1100023B0BDE8F040FBF731
:10207000AFBC04F1100023B0BDE8F040FBF78ABC10
:1020800004F1100023B0BDE8F0401CF034BE04F1B0
:10209000100023B0BDE8F040FBF7A8BC0649074894
:1020A00023B0BDE8F0401DF031BF00BF44EA00207E
:1020B00000FE0020B10504003114040076DC0300AA
:1020C00008B543F2C82398420BD00849084840F2AB
:1020D000EE23084A1DF0DAFF40F2EE2105481DF01C
:1020E000CCFF0820BDE80840FFF778BEDA05040001
:1020F000065303002E04040038B501214FF42F705D
:1021000020F04AFC012105464FF42F7020F044FCDA
:10211000044605B120B90220084A09491CF0B8FD5F
:102120004FF4E1620021074820F090FC064B0020AC
:10213000C3F89C50C3F8944138BD00BF1E1404007E
:10214000EA05040000FE002010FC0020F8B54B4C0E
:10215000D4E902561CF0AAFF401B61EB06014FF4C4
:102160007A720023F6F7F4FCF6F77CF90F46064680
:1021700043F2C8201CF059FF43F2BC401CF055FF4D
:1021800000203F491CF084FD3B46324600203D497B
:102190001CF07EFD0020226B3B491CF079FD0020E5
:1021A000626B3A491CF074FD0020E26B38491CF068
:1021B0006FFD0020626C37491CF06AFD0020A26CA4
:1021C00035491CF065FD0020626D34491CF060FD4E
:1021D0000020E26C32491CF05BFD0020226D314989
:1021E0001CF056FD0020A26D2F491CF051FD94F902
:1021F0005C3094F95D202D4900201CF049FD94F8D5
:102200006100FDF77FFD2A49024600201CF040FDD9
:1022100094F86200FDF776FD054694F86300FDF73B
:1022200071FD2A460346234900201CF031FD0020A1
:10223000B4F96830B4F966201F491CF029FDFEF797
:10224000CFFF054690B102461C4902201CF020FD3C
:10225000FFF728FC00261A48E662FEF72DFF102241
:102260003146184820F0F2FB2846F8BD01231649F4
:1022700084F8D8331CF00CFDECE700BF00FE002012
:102280002B0604004C06040084060400B806040073
:10229000E606040014070400420704007607040061
:1022A000A4070400D2070400000804002E0804005C
:1022B0004D080400620804007F0804009C08040024
:1022C00010FE002030FE0020D108040038B5F823AD
:1022D0004343084D0446EB5C1BB1012006491CF04A
:1022E000D7FCF82301225C432A5500222B19DA700F
:1022F00038BD00BF10FC0020FB0804002DE9F04FA2
:10230000434E85B0F0781CF0C9FD031E039309DA33
:10231000404901201CF0BCFC00233370F37005B071
:10232000BDE8F08FFDF7A6FC4FF487398346884659
:102330003949B1F91A20D1E9F43709FB02F2D3186F
:1023400047EBE277B3EB0B0567EB0807012D77F15D
:10235000000301DA3149DCE70123009306F11000A4
:10236000D6E918231CF0F6FD044630B902202C49AA
:1023700005B0BDE8F04F1CF08BBCFEF77BFED0E94A
:102380000E01A0FB090C4FF47A72002309FB01C176
:10239000F6F72EFC234A10EB0B0043F2C92348EB5F
:1023A0000101954277F1000738BF15464FF0000A4A
:1023B000039AE36094F88030C4E9140194F87D0036
:1023C00062F3051384F88030C4E90FAA218FC4F8A2
:1023D0002CA0C4F8BC50C4F828A000091CF07DFC57
:1023E00094F87D3060F3071384F87D302046FDF7C4
:1023F000D9FF50B902200C4A0C491CF049FC204678
:1024000005B0BDE8F04F1CF002BE0123337186E732
:1024100010FC00204B09040000FE00208E0904007F
:10242000CA0904000078690002150400200A0400AB
:102430002DE9F0478C4C0546237888B0002B5ED000
:1024400043F2C8228368934244D1C08900283BD01C
:10245000236BD4F8DC260020934228BF9B1A8349C3
:1024600028BF23631CF014FC636B0133636394F88F
:10247000293083B17E4A43F2C82093787D4983F0A6
:102480000103937094F8AF2663F3C30284F8AF2678
:102490000122FDF74BFE0023B4F8E8137648013122
:1024A00089B284F8DA33A4F8E8131CF070FC94F8CD
:1024B000D93323BB43F2C820B4F8EA236F4908B0EC
:1024C000BDE8F047FDF7F2BDB4F8E8236C491CF015
:1024D000DFFBC9E743F6A402934213D1C08930B1B0
:1024E0000020684908B0BDE8F0471CF0D1BBB4F843
:1024F000C82365491CF0CCFBA36B0133A36308B070
:10250000BDE8F08743F2BC42934223D1FFF77AFC47
:1025100094F8DA334BB9564B1B7933B9B4F8E82346
:1025200001205A49013A1CF0B3FB94F8D933002B2F
:10253000E5D04F4B1B79002BE1D1E269636B9A42E6
:10254000DDD194F8D833002BD9D108B0BDE8F047DD
:10255000FFF7FCBD43F2C922934209D10022444B4C
:10256000C0891A7110B14A490120BBE74949B9E74E
:1025700043F69822934205D1C08908B94649B1E78C
:102580004649F1E743F69922934205D1C08908B93B
:102590004349A7E74349E7E743F69A2293420CD120
:1025A000C08938B940491CF073FB08B0BDE8F0475A
:1025B000FFF778BA00203D49F5E743F2B062934255
:1025C0009DD1D4E9DE671CF071FDB0EB060961EB2B
:1025D0000708FDF74FFB0E468246FEF74BFD4FF412
:1025E0008737C16B806B0023A0FB070C4FF47A7216
:1025F00007FB01C1F6F7FCFAB4F8A83310EB0A0A9E
:1026000046EB010613B1013BA4F8A833EA89237C09
:10261000DAB9022B7FF473AFB4F8A83333B14FF2B9
:102620003123994578F10008FFF669AF204D01ACE0
:102630000FCD0FC495E80700334684E807005246E3
:10264000012101A8FFF748FA59E7022B08D1B4F895
:10265000A8332BB940F2F513994578F10008E5DA73
:10266000022014499FE700BF00FE0020520A040028
:1026700010FC0020A8040120F0010120EC01012041
:10268000620A04007A0A04008F0A0400AC0A0400FB
:10269000C80A0400F20A04001A0B0400300B0400FC
:1026A000500B0400670B0400880B0400A20B04000D
:1026B00010FE0020BE0B04002DE9F04F824CADF659
:1026C000EC0D4FF0FF324FF0FF33804810A915F0AA
:1026D00051FD9DF84020531E092B00F24B84DFE88A
:1026E00013F06C00FA031502B400DB001F011404A0
:1026F00061000A00440494F82830002B59D0B4F843
:102700007830002B55D0FEF7B5FC054670490DF228
:102710002C6020F040FB00206E491CF0B9FA00202C
:10272000628A6D491CF0B4FAB4F8782000206B4935
:102730001CF0AEFA94F98120EB699A422ADD6849CF
:102740000DF22C6020F027FB664B002066490093B9
:102750000DF22C6294F980301CF09AFA94F98120E1
:10276000002062491CF094FAB4F87A201AB10020D3
:102770005F491CF08DFAB4F87C201AB100205D4945
:102780001CF086FAB4F87E209AB100205A491CF059
:102790007FFA0EE094F98020AB699A42D4BF4C498D
:1027A0005649CDE7002056491CF072FA012384F8FF
:1027B000D933119820F0E9F883E7119DEB8983B9AB
:1027C000AA6810461CF057FC18B12846FFF730FEE7
:1027D000EFE740F29A239A42EBD14A491CF058FAAB
:1027E000E7E741F209029342E3D000217C220DF297
:1027F0002C6631600DF5C66020F028F93246B5F937
:102800000C10E889FDF7B8FAAA6810461CF033FCF2
:1028100098B1E889012808D13B4A3C491CF038FAB4
:10282000294AD36B0133D363CFE7009233460120AB
:10283000354A37491CF02CFAC7E7022013463549C0
:10284000314A00961CF024FAB3E72378119E13B1A5
:10285000E36C0133E364637C002BAAD0D4E91C75DC
:102860001CF024FCC71B61EB0505642F75F1000506
:102870009FDBC4E91C01B6F91430274903EBD3727E
:102880005210CDE90132B6F916300093D6E9002393
:1028900001201CF0FDF98CE72278119B12B1226D0A
:1028A00001322265627C002A83D0B3F90C2002EB4E
:1028B000D2714910CDE90121B3F90E2017490092D8
:1028C000D3E90023E4E700BF00FE002080ED0020F4
:1028D00055EB0300EE0B0400100C0400310C040057
:1028E00077EB030050EB0300520C0400780C04005B
:1028F000990C0400BA0C0400DB0C040064EB030028
:10290000FC0C0400160D0400911404002A0D0400B0
:102910005A0D0400890D0400BA0D0400F90D0400DD
:102920000021119D7C22CDF82C160DF5C66020F0FB
:102930008DF895F836000DF22C690009FDF7E2F9E3
:10294000B5F928B049460746287FFDF785FA0BEB15
:10295000DB7B94F95C204FEA6B0B94F95D105A45D0
:10296000AB8E95F833A0B5F837804FFA8BF2B8BF2D
:1029700084F85CB05945C8BF84F85D2084F85E20B7
:1029800095F836205BBAC2F3020284F86020A4F8FE
:1029900064309EB295F8363094F86310C3F3031395
:1029A00084F8613095F83630B1EB131FC3F303128E
:1029B000B8BF84F8632095F8363094F86210C3F3FA
:1029C0000312B1EB131FC8BF84F86220B5F92A3097
:1029D000B4F968209A42B8BFA4F86830B5F92A3033
:1029E000B4F966209A42C8BFA4F86630637C93B3FA
:1029F000D5E90423CDE90623CDF810B0B5F9283088
:102A000000200393B5F92A30B849CDE90193AB69A9
:102A10000093D5E900231CF03BF90020B4491CF0D9
:102A200037F9334652460020B2491CF031F998FA82
:102A300098F20020B04992B21CF02AF995F836308D
:102A400095F832200020AD49009703F0070302F00B
:102A50000F021CF01DF994F82930002B3FF4A9AEA9
:102A6000AB8BB3F5807F7FF4A4AE95F8323003F0E2
:102A7000E003202B7FF49DAE95F83A2002F0F0039E
:102A8000102B7FF496AE12F00E0F3AD19C49DCA8C1
:102A900020F081F995F83A30DCA8DA074CBF984964
:102AA000984920F078F995F83A30974A13F0010FD9
:102AB000964B974900934FF00000964B08BF134682
:102AC000DCAA1CF0E5F8944AD36899B2B14205D06B
:102AD0003246022091491CF0DBF86AE61378002B9D
:102AE0003FF467AE95F83A30DB0703D50023137047
:102AF000D3705EE643F2BC4014F08CFBFFF7FEFBA4
:102B000057E68749C2F34202012040E6119D0020AA
:102B1000D5E9086AB5F90430AA6A95F830B0B5F974
:102B20002E800992049203EBD3725210CDE9023247
:102B3000B5F90630324601932B687A490093534623
:102B40001CF0A6F8AB6A002B3FF433AE95F8319039
:102B500009F07F09A9F16403042B00F2E0812078D9
:102B6000002800F0DA8105F131012DA81CF0DEFA11
:102B7000024628B1A36D6C490133A365022006E625
:102B80002DA800F097FA9DF8B4209DF8B530642A7E
:102B900084F85F3040F02881FFF734F9A36C002BF4
:102BA00040F08A801CF082FAC4E9EC01BDF82430C0
:102BB000099A0C93A36C12AD13FA82F3A364236CED
:102BC00001332364BDF8B830A4F8C833BDF8B6307B
:102BD000A4F8CA331CF06AFAC4E9EE01FEF74AFA17
:102BE0000023C5E900332B81037806460A938388C6
:102BF0004FFA88F05BBAADF83630FDF793F8B4F8C9
:102C0000CA330E901A0A0B925FFA83F9FDF732F875
:102C100088464FF487318246B06BF76BA0FB010CFE
:102C20004FF47A7201FB07C10023F5F7E1FF10EBC7
:102C30000A030F934FF065038DF8703373680BF040
:102C40000F0A48EB010852460121BDF82400ADF8F7
:102C500072331CF0B9F894F826300746002B3CD1AB
:102C60000E9B03F00F000A9B4AEA001A6B70BDF836
:102C7000363085F804A06B800B9B0DF1540A6B7104
:102C8000534607F00F0747F030072F7085F806907E
:102C900095E8070003C31A809DF8B430642B4DD02B
:102CA0002249234840F24B53224A1DF0EFF940F2EB
:102CB0004B5120481DF0E1F9B4F8C813BDF8B83005
:102CC0004A1C93423FF472AF626D009101320120C1
:102CD000194962651BF0DCFF68E7FEF75DFA40B258
:102CE000FDF720F800F00F00BDE700BF380E04002C
:102CF0009C0E0400AA0E0400D00E0400E40E040092
:102D000055EB030077EB0300FA72040050EB03006D
:102D1000070F04007272040010FC00203B0F040037
:102D2000830F0400B80F0400011004008810040091
:102D3000065303002E040400251004002E9B8E4F22
:102D4000DD9397F82730BDF8BA200DF22C652FA936
:102D5000DEA88DF871331FF052FE2846DCA91CF066
:102D6000B3F90F983168CDE9180843F6A4087B8AB7
:102D7000CDE91A81ADF872300023012196F91C20AB
:102D8000CDE91D3A8DF87C300C9B209507F56076D7
:102D900022AD8DF870108DF8712021930FCE0FC5E4
:102DA0000FCE0FC596E803000023744A85E80300A0
:102DB00018A8CDE9222314F019F9054650B10346AD
:102DC0006F4A70490220CDF800801BF061FF2A464F
:102DD0006D49D3E61CF06AF9B7F8A833C7E9DE01FC
:102DE0000133A7F8A833E4E4A2F16503032B00F252
:102DF0009280DFE803F00266848DFFF703F894F811
:102E0000263083B1FEF7C8F940B2FCF78BFF94F887
:102E1000AC36012260F307135C4943F2C82084F802
:102E2000AC36FDF783F9B4F8E833BDF8B820013BC0
:102E30009A4238D100217C220DF5C660CDF82C16BF
:102E40001FF004FED4E9F402012872F1000124DB32
:102E5000301A6AEB0201F5F7FDFA00224C4BF5F748
:102E600059FCF5F70FFF4B4902460DF22C601AF0A2
:102E7000EDF80DF22C630020BDF8B82046491BF098
:102E800007FF012384F8DA33A36C099A13FA82F757
:102E9000636CA764013363648BE440490DF22C60DA
:102EA0001FF079FFE5E701203D491BF0F1FE4FF0EF
:102EB000FF334FF0FF32C4E9F423636D01336365E0
:102EC000E2E7BDF8B620B4F8CA339A4206D1002032
:102ED00034491BF0DDFEFEF737FC6AE4B4F86410F9
:102EE0008A4209D1134601202F491BF0D1FEB4F8C4
:102EF0006430A4F8CA33EEE701202C49EBE500204A
:102F00002B4984F8D8031BF0C3FEFEF7CBFD50E439
:102F10000020284962E42849F6E528495EE40026B5
:102F20003C223146DDA8DC961FF090FDDFF898A02A
:102F300005F130080DF22C67AB6AB34208D9B81915
:102F4000514618F8012F01361AF080F8402EF3D1BF
:102F500000233E447370DCA94846FEF78FF80097C3
:102F60000246AB6A012016496CE4119B1878FFF702
:102F7000ADF91EE41349C7E500FE002080510100B1
:102F80004F140400D010040009110400A80401200B
:102F900000E0F0402B110400471104003811040038
:102FA00069110400A0110400C71104009D1204005F
:102FB000F812040011130400291304003113040053
:102FC00073130400B11304007EE403002DE9F04103
:102FD0001F4F06463B783BB102201E491BF058FEAE
:102FE0004FF0FF30BDE8F081FEF744F80446FCF7EF
:102FF00041FE4FF4873C8046A06B0D46A0FB0C01C0
:10300000D4F83CE04FF47A7200230CFB0E11F5F774
:10301000EFFD021841EB0103121841EB03010E48CA
:1030200012EB080845EB010513F05EFE014610B1F6
:103030000A481CF06BFFFEF733F8002142462B468E
:103040003046FEF749FD0028CCD000233B70C9E78D
:1030500000FE0020D61304002D1E010030D5030011
:1030600010B5124C207820B9BDE8104010491BF073
:103070000FBE237C012B09D194F8D833A3B9FFF7F5
:1030800065F888B1BDE81040FEF70CBD0220FEF7E0
:10309000A5FEB4F8A83313B1013BA4F8A833072068
:1030A000BDE81040FEF79ABE10BD00BF00FE002034
:1030B000F31304002DE9F04300240546ADF53F7DF0
:1030C0003C22214601A800941FF0C0FC69462878E4
:1030D000FDF7D4FF2849024620461BF0D9FD6A8837
:1030E000204626491BF0D4FD204625491BF0D0FD83
:1030F00095F90120204623491BF0CAFD2B78A3F146
:103100006402012A32D82046AA881F491BF0C0FD5C
:103110002046EA881D491BF0BBFDEB88B3F52D7FE7
:1031200012D8DFF8809005F1070810AEEB88671C15
:10313000A34213DC002032461549F0551BF0A8FDD0
:103140000DF53F7DBDE8F083124913486023134A13
:103150001CF09CFF602111481CF08FFF301949467C
:1031600018F8012F19F072FF3C46DFE7672BE7D113
:1031700020460B492A1DE1E73815040053150400C9
:103180006E1504007F150400A4150400BF1504008B
:10319000B31604000D16040006530300DA150400EC
:1031A000C6160400339C0400054AD2F8B030D2F8A9
:1031B00084178B4224BF5B1AC2F8B030704700BF3F
:1031C000000601202DE9F041ADF53E7DFDF752FFEF
:1031D0000446244E2022002104A81FF037FC4FF49F
:1031E0002F7200210FA8D4F80080358BA7881FF01C
:1031F0002DFC32238DF83C30636806F1FA040FA9E8
:103200002046ADF83E301BF0BFFF40F29A23CDE9D7
:10321000063801238DF820308DF82C300423ADF8CA
:1032200022500C9406F1C80504AC0D930FCC0FC5C9
:103230000FCC0FC594E8030000230DEB010253608F
:10324000138130237FBA137006F1F00385E8030081
:1032500082F80180578007CA03C31A800DF53E7DAE
:10326000BDE8F081000601202DE9F04FADF55F7D4E
:10327000FDF700FF4F4F02780646B0F804A097F91B
:103280001C000392FCF74EFD398B1BF026FDD7F88E
:1032900014B08146FCF7EEFC039A00248DF811204F
:1032A0004FF000028846302169F307120DF11C0926
:1032B000CC4605949AFA9AFA8DF814204FEA1B220C
:1032C000ADF81840ADF812A004AB8DF810108DF8D1
:1032D00015208DF816B0054693E807003323ACE8B7
:1032E00003003094ACF800208DF8BC300DF17C0A5E
:1032F00073682FA95046ADF8BE301BF045FF3B8BDD
:103300008DF84440ADF83A300823CDE912A30F946C
:103310003368CDF840900D9342F6F8234FF0010941
:103320000C93254B0AA8EB1848F10002CDE90A32AC
:103330008DF8389013F0A8FD044660B10C9B1F4A2D
:1033400000931F49034602201BF0A2FC20460DF506
:103350005F7DBDE8F08F01461C2217A81FF076FBA9
:10336000184B14A8ED1848F10003CDE9145342F6A8
:10337000FA23169333688DF87190179397F83030CD
:103380008DF866303B8BADF8683033688DF870305F
:103390007368ADF872300C4B1B93FCF79FFD04462D
:1033A0000028D3D00246169B022008491BF070FC6F
:1033B000CCE700BF0006012000603D08A524040002
:1033C0003600040080B13E08007099147127040093
:1033D00013B50C4C6846D4E90223CDE900231BF059
:1033E00037FF4FF47A720023F5F7B2FB83B2B4F9DA
:1033F0001A00421C04D09842D2BF0020C01A00B26A
:1034000002B010BD0006012008B5094B7022184615
:1034100000211FF01BFB40F28113A0F84C300F235A
:1034200080F84E30034B4038C0F8903008BD00BFE4
:10343000400601200F27F1D870B58AB00C46064629
:10344000FDF718FE1C220546002103A81FF0FEFA16
:1034500042F6E063CDE9006402932B68204C0393AD
:1034600094F830308DF81630238BADF818300123E6
:103470008DF821302B688DF820306B68ADF8223044
:1034800094F8313023B1FFF79DFE02238DF8103000
:10349000B4F91A305A1C09D01249D817A3FB0132CB
:1034A00001FB0022002A18BF4FF0FF336846079344
:1034B000FCF714FD054648B10146029A0A481CF083
:1034C00025FD0023237028460AB070BD1BF0B2FE14
:1034D000B4F84830C4E910010133A4F84830F2E7E9
:1034E0000006012000B01E04C10404002DE973434E
:1034F00000254FF000084FF00009214CA4F5D266DA
:103500002378ABB3D4E90432CDE9003213430BD1B5
:103510001C4940F24F131C4A1C481CF0B7FD40F2F6
:103520004F1119481CF0A9FD68461BF091FEB0F53B
:10353000FA6F71F100011BDBD6F8B8300133C6F821
:10354000B830E378072B09D911494FF4A1730E4A1B
:103550000E481CF09BFD4FF4A171E2E7182202FB1C
:103560000363002203F5D46303F8102CC3E9008938
:103570000135082D04F11804C2D102B0BDE87083F2
:10358000900C012008170400D9160400065303000C
:103590002417040000B5094A7346117831B9022096
:1035A000074A08495DF804EB1BF072BB0023137057
:1035B0000F205DF804EBFAF707B800BF0006012002
:1035C0004C240400341704002DE9F74305464C4C05
:1035D0006846D4E90223CDE900231BF039FE0DB182
:1035E000D5E90001F4F73EFF06460F46D4F8B000D7
:1035F000F4F7ECFE32463B46F5F78CF8414B0022DF
:10360000F4F75EFF8046894600203F491BF040FBEF
:103610000020D4F8B0203D491BF03AFB0020D4F83C
:10362000B4203B491BF034FB00223A4B304639466C
:10363000F5F770F802460B46002037491BF028FBCF
:103640000022344B40464946F5F764F80B460246E3
:10365000324900201BF01CFB94F83130002B39D08C
:103660000020D4F8B8202E491BF012FB0020D4F81B
:10367000A0202C491BF00CFB0020D4F8A4202A49E0
:103680001BF006FB0020D4F8A82028491BF000FB03
:103690000020A26F26491BF0FBFA0020E26F2549AB
:1036A0001BF0F6FA002094F98C3094F98D20224911
:1036B0001BF0EEFA0020B4F99230B4F990201F49C3
:1036C0001BF0E6FA002094F88F3094F88E201C4905
:1036D0001BF0DEFAFFF7C8FD054650B10246194956
:1036E00002201BF0D5FAFFF755FF284603B0BDE8CE
:1036F000F0830123144984F8B8331BF0C9FAF4E7C6
:10370000000601200040BF40681704008517040030
:10371000AB17040000408F40CB170400F5170400DE
:10372000251804005318040081180400AF18040081
:10373000DD1804000B1904003919040054190400A1
:103740006E19040088190400CC1904002DE9F04F0B
:103750008D4C97B002AD04F5EC66074688460FCE57
:103760000FC50FCE0FC596E8030004F5F16685E896
:1037700003000FCE0CAD0FC50FCE0FC596E80300AA
:10378000002685E80300FFF7B1FE2346324693F892
:10379000901621B993F8911609B10136F6B20132AB
:1037A000082A03F11803F2D196B9002200237748C2
:1037B000CDE9002300234FF4803217F09FFE637C95
:1037C0001BB1012072491BF063FA17B0BDE8F08FFE
:1037D00042F24173049A4FF000099A4284BF42F2C8
:1037E0001073049342F273730E9A9A4284BF42F2AA
:1037F00042730E93049BA4F8C83342F24172049BB7
:103800004FF0000A934284BF42F21073049342F2D5
:1038100073730E9A9A4284BF42F242730E93FFF77B
:1038200065FE234693F890B6BBF1000F54D193F890
:103830009126002A50D01825012305FB0A4585F85A
:1038400090361BF0F7FC05F5D463C3E9000195F849
:10385000923683F0010385F8923695F893369A45AF
:103860002ED1089A02A8D3796BF30513D37195F87A
:103870009216DBB261F3C303D37195F8931661F32B
:103880000203D371137A6BF307131372B4F8CC33BA
:10389000CDE90278A5F894364FF4615594F83B30A1
:1038A000A3FB0532CDE90C3213F0A0FB034668B34D
:1038B000049A022000923749374A1BF0E9F917E0D1
:1038C0003649374840F27313364A1CF0DFFB40F2AA
:1038D000731134481CF0D1FB0AF1010ABAF1080F48
:1038E00003F118039ED102202B4A2F491BF0D0F977
:1038F000049AD4F86837C4F868271344013B5B087E
:10390000A4F8CA330E9BC4F890375EE7D4F8B03001
:103910000B9AB4F8CC131344C4F8B030D4F8B430D4
:103920000131013389B22148C4E9F078C4F8B430D8
:10393000A4F8CC131BF02BFAD4E90A124FF4E1409F
:10394000049B09F10109013304930E9B01330E938B
:10395000139B5B18A17F42F10002A1FB00105B18D2
:1039600094F83B1042EB0002A1FB05155B1842EBFB
:103970000502DB191F465FFA89F348EB0208B342E0
:10398000FFF43BAFB4E700BF0006012020EB0020AE
:10399000F11904006F1A0400832404000E1A0400B5
:1039A00006530300D91604004A1A0400D409012062
:1039B0002DE9F347354C054694F831300E4623B1D6
:1039C00002B0BDE8F047FFF7C1BE42F24173D4F840
:1039D000682707279A4288BF42F2107342F2417A61
:1039E00088BFC4F86837D4F86837DFF8A480A4F833
:1039F000C833A8F56379D4F868372548534588BF9C
:103A000042F21073C8E9005688BFC4F8683713F053
:103A10003BFA034650B1D4F86827022000921D49B2
:103A20001D4A1BF035F902B0BDE8F087D4F8B0307C
:103A3000D4F88427B4F8CC131344C4F8B030D4F8C5
:103A4000B4300131013389B24846C4E9F056C4F8B4
:103A5000B430A4F8CC131BF09AF94FF4E142D4F837
:103A60006837013F0133C4F86837A37FA3FB0230F6
:103A7000D4E90A125B1840EB02025B1946EB02061E
:103A800017F0FF071D46B6D1CDE700BF00060120A5
:103A9000600D0120A51A0400632404002DE9F04FF5
:103AA000ADF5437DFDF7E6FA4FF0000A03788A4C46
:103AB0000993838805465BBAADF83A30637F94F981
:103AC0001C00A67F0A93CDE910AAADF848A0FCF728
:103AD00029F963690B90C3F30722DBB20C920D93B3
:103AE000FCF7C8F84FF407330746A86B8846A0FBDD
:103AF0000301EA6B013E03FB0211784B4FF47A722B
:103B0000C01841F100010023F5F772F8C719A07F32
:103B100048EB01080138617FC0B21BF04DF903B2D8
:103B200053458146F6B209DC02206D491BF0B0F81E
:103B30004FF0FF300DF5437DBDE8F08F94F8312054
:103B4000002A00F0C480674A4FF0010BBA181746EC
:103B500048F1000894F930200F930692B4F91A2026
:103B600006F00F060592627F46F010060492D4E933
:103B70000A01CDE90201A27F00200092228B5A495E
:103B80001BF086F8099BBDF848008DF84130BDF860
:103B90003A3020F47F60ADF842300A9B20F00100FB
:103BA00003F00F010B9B46EA4A1641EA03118DF818
:103BB00044109DF847100C9B01F0370161F077012C
:103BC0008DF8471040F201118DF8453041EA0B1194
:103BD0000D9B0143DFF814A18DF846308DF840604D
:103BE000ADF8481010AA07CAAAE80300AAF80020F6
:103BF00035224FF0010B1FFA89F9A9F1080C1FFAC1
:103C00008CFC8DF84C206A68614615A8ADF852C04E
:103C1000ADF84E20ADF850B01BF02FF9AAF5627246
:103C2000104613A91BF0B0FA1BF004FB0026C4E9F0
:103C30000201AAF5D561C4F8B060C1E90166BDF81A
:103C400050100F9BA4F8CC13218BAAF56272A4F834
:103C50007217C4F88027A4F8CE9384F87C67C4F860
:103C60008437C4F874672B684FF46152C4F86C371A
:103C7000AAF10803C4F8783742F21073C4F8683721
:103C800042F2427384F870B7C4F890372B6884F816
:103C9000A9B7C4F894372B68384684F8A8376B68FE
:103CA000A4F8A017A4F8AA3794F83A30C4F89A6791
:103CB0005343C4F8A437022384F8983794F830307B
:103CC000414684F89E37FFF773FE304632E793464D
:103CD0004FF0010A3EE700BF0006012000C07A1045
:103CE0002B27040000580F02DE1A0400500D01209B
:103CF000F0B501290646444C85B01BD1B4F87430A8
:103D000023B1D4F888300133C4F888300123354614
:103D100023703E4C0FCD0FC40FCD0FC495E80F009C
:103D200084E80F003378012B2AD105B0BDE8F040BC
:103D3000FFF7B4BE4FF4F662002120461EF086FE67
:103D40001BF078FAC022C4E90201002104F5D26018
:103D500096F829501EF07AFE2246002301219D424A
:103D600082F8933603F10103C8BF82F89116082B3D
:103D700082F8921602F11802F1D1FFF745FBC5E770
:103D8000022B0BD02249234840F29933224A1CF0DF
:103D90007DF940F2993120481CF06FF90DF10F00C8
:103DA000FAF7B4F80446B6F90A300020009396F901
:103DB0002030328919491AF06BFF14BB9DF80F00AF
:103DC00000B3FBF757FF0C460546FDF753F94FF4D8
:103DD0008736C76B806B4FF47A72A0FB0601002315
:103DE00006FB0711F4F704FF031841EB01021B184F
:103DF00041EB0201581944EB0101FFF71DFB05B02F
:103E0000F0BD00200146F8E7000601201006012061
:103E10005D04040006530300D91604006F1B040060
:103E200073B5054610460E46144618F05BF801902F
:103E300078B1224631461EF0E2FD8DF80050002296
:103E400000236946044814F0B7F810B101981EF039
:103E50009CFD02B070BD00BF4CED0020F0B5ADF58B
:103E60003D7D6C4605468C46B0F90430064603EBB2
:103E7000D3735F100FCD0FC42B68ADF82C701946AB
:103E800023600A93DCE90023CDE908230023ADF881
:103E90002E300E4BB1F52F7F1B8BADF814300ED8A2
:103EA0000A460DF13100F1681EF0A9FD4FF43C7295
:103EB00069460320FFF7B4FF0DF53D7DF0BD4FF4DB
:103EC0002F7203481CF022F8F6E700BF000601201D
:103ED000B41B04002DE9F047044600F1080528460C
:103EE000A2B0FBF7DBFE22780026D31E0B2B00F2DC
:103EF0006881DFE813F04A01510158010C005F01AD
:103F00006601200011012101290166014601D4E961
:103F100002230120CDE910231022236910A9129356
:103F2000E38AADF84C30A38AADF84E30FFF778FF46
:103F300022B0BDE8F08714AD04F110070FCF0FC514
:103F400097E80F0085E80F00D4E90401D4F81E308B
:103F50009F4FCDF87230D4F8223094F81EC0CDF8BF
:103F6000763097F83150E38CCCF303080CF00F0E49
:103F7000CCF3001CADF87A30CDE91201D4E902236C
:103F80008DF87080CDE910238DF871C0002D59D0C7
:103F90003B7C022B55D14FF4615297F83C500EF107
:103FA0000103A5FB02522D1841EB02084FF4E14238
:103FB000E2FB035897F8F06006F00F061BF03AF9A1
:103FC000C7E91A01237F002B40F08580B4F820E078
:103FD0009EFA9EFEA7F876E094F82230C3F303130E
:103FE00087F870303B7C022B75D194F81D90B9F1A5
:103FF000010F70D1774E0DF1180C0FCEACE80F0009
:104000000FCEACE80F0096E803006B4608368CE84C
:10401000030096E8070003C3A37F97F8F06013F04E
:10402000100F6A4606F00F060ED16B496B484FF42D
:10403000EA736B4A1CF02AF84FF4EA7168481CF0E6
:104040001CF80025A846B9E71F2BCDE9065842D831
:10405000E17F97F8F13099423DD194F8231097F819
:10406000F230994237D194F8241097F8F3309942FE
:1040700031D194F8211094F8253094F822A094F8C6
:1040800020C098099DF800408DF8061003F0070342
:104090009DF807105B0060F3871143F4887369F3A0
:1040A0004714ADF80830A7F874E08DF800408DF89B
:1040B00004A08DF805C08DF8071003AB07CA03C331
:1040C00006A81A8003AB0C9312F022FF0146E0B160
:1040D00044481BF01BFF97F8313093B13B7C022B17
:1040E0000FD14FF4615397F83D000136A0FB030355
:1040F000401948EB03014FF4E143C6FB0301FFF70E
:104100009BF94822062010A910E7D7F8B0300F9A83
:104110001344C7F8B030DEE7D4E9022312AD1034FF
:10412000CDE910230FCC0FC594E80300202285E8C9
:104130000300042010A9F9E6294604F1100022B07A
:10414000BDE8F047FFF78ABED4E902231034CDE979
:10415000102394E8070012AB83E80700182205201B
:1041600010A9E3E606FB0533197B082903D00822D2
:1041700038461BF0CBFE013563695A789542F1DB76
:10418000D6E600250C26184FF6E704F1100022B001
:10419000BDE8F047F9F71CBC04F1100022B0BDE8FF
:1041A000F047F9F7F7BB04F1100022B0BDE8F04783
:1041B0001AF0A1BD04F1100022B0BDE8F047F9F7F4
:1041C00015BC0A490A4822B0BDE8F0471BF09EBE64
:1041D00000060120C80601200B1C04000653030042
:1041E000D9160400B10504004F1C0400F623040096
:1041F00076DC0300002307B58DF800000193002250
:1042000000236946044813F0D7FE10B101981EF050
:10421000BCFB03B05DF804FB4CED00202DE9F04140
:10422000924C064623788EB0FBB18368A3F51C52EE
:10423000103A312A6DD8D4E902236846CDE900232B
:104240001BF006F82378CDE9020143B14FF47A72EE
:10425000638B13FB02F3DA179842914108DB94F861
:10426000B83313B902A8FFF7AFF90EB0BDE8F0817B
:1042700094F831503DB194F83A3094F83B50ED1831
:104280004FF461535D43F38933B1FEF78DFFD4F8EA
:10429000B430013BC4F8B430B368B4F8C8239342D7
:1042A00003D0B4F8CA239342DFD1FCF7E3FE0746FC
:1042B000FBF7E0FC4FF4873C8046B86B0E46A0FB52
:1042C0000C01D7F83CE04FF47A7200230CFB0E117E
:1042D000F4F78EFC4FF4E142A37F10EB0807A3FB39
:1042E000023246EB0106D4E90A011B1842EB010237
:1042F0005B1942F10002D4E9F001181842EB010108
:10430000B84271EB0604F8D30EB0BDE8F041FFF7F8
:104310004FBB42F6E062934262D1FFF759F8D4E90D
:10432000102307466846CDE900231AF091FFB4F840
:10433000483013B1013BA4F84830F38973BBBEB2D7
:104340002EB90220FFF756FF4949002041E094F8BA
:10435000C030002B89D1237C022B86D1B4F84830A1
:1043600033B14FF23123984271F10001FFF67DAF76
:10437000404D02AC0FCD0FC40FCD0FC495E80F0018
:1043800084E80F00324600203B49ADF812701AF065
:104390007FFC012102A8FFF7ABFC66E7237C022B20
:1043A00015D1B4F8483093B940F2F513984271F141
:1043B00000010CDB2F4D02AC0FCD0FC40FCD0FC48D
:1043C00095E80F0084E80F00ADF81270E1E70220D5
:1043D0002A491AF05DFC0EB0BDE8F041FFF7DAB8EB
:1043E00042F6F82293420AD1C08928B924490EB076
:1043F000BDE8F0411AF04CBC01202249F7E742F633
:10440000F922934227D1002384F8C030C089F8B93B
:104410001D491AF03DFCFEF7DBFF82B20646002A7A
:10442000D9D0002019491AF033FCB4F91A30002B06
:104430003FF41BAF0F4D02AC0FCD0FC40FCD0FC417
:1044400095E80F0084E80F000221ADF81260A1E7A3
:1044500001200F49DDE742F6FA2293427FF405AFCF
:10446000C08908B90B49B4E70B496EE70006012083
:10447000981C040010060120AD1C0400EA1C040076
:104480001F0B0400350B0400550B04001A1D04001B
:104490006C0B0400591D0400731D040038B50E4D4B
:1044A00004462B7833B102200C491AF0F1FB4FF08F
:1044B000FF3038BD0A4812F017FC014610B1094818
:1044C0001BF024FD00212046FFF712FC0028F0D04D
:1044D00000232B70EDE700BF000601208F1D0400B4
:1044E000D53E010030D5030010B5134C23782BB90D
:1044F000BDE81040022011491AF0CABB237C012BF1
:104500000CD194F8B80330B9FFF75EF818B1BDE8E4
:104510001040FFF73FB80023638310BD0220FFF770
:1045200069FEB4F8483013B1013BA4F848300820C4
:10453000BDE81040FFF75EBE00060120AC1D040080
:104540002DE9F04FADF2DC7D4FF0FF324FF0FF333D
:1045500061480AA913F00EFE9DF82820531E072B70
:1045600000F23784DFE813F05900C80052032A0232
:10457000780291020E000800FFF70CF80B981EF06D
:1045800004FAE1E7554C2378002BF7D0FEF720FF23
:1045900028B953491AF07CFBFFF7A6FFEEE7FCF7BA
:1045A00069FD8046FBF766FB4FF487360746D8F86F
:1045B00038000D46A0FB060CD8F83C104FF47A7278
:1045C000002306FB01C1F4F713FB4FF4E142A37F84
:1045D000C619A3FB023045EB0105D4E90A125B18AA
:1045E00040EB020094F83A1094F83B2052184FF434
:1045F00061514A439B1840F10002D4E9F0011818B8
:1046000042EB0101B04271EB050402D3FFF79EF8C3
:10461000B4E7C01841EB0201F4E70B9CE389002BDF
:1046200048D000217C220DF21C5529600DF5A460B4
:104630001EF00CFA2A46B4F90C10E089FBF79CFB3B
:10464000A268A2F51C53103B312B08D942F6E06357
:104650009A4204D0A2F52B53383B022B0AD8009281
:104660002B4601201F4A20491AF012FB2046FFF773
:10467000D5FD83E740F29A239A4206D12B46194A88
:104680001A4902201AF004FB78E7A2F51D510239FD
:1046900031298CBF002101218A4203D12B46114AC6
:1046A0001349EEE70220134612490E4A00951AF00C
:1046B000EFFA63E7A368A3F51C52103A312AD5D963
:1046C00042F6E0629342D1D0A3F52B53383B022B44
:1046D0003FF654AFCAE700BF4CED002000060120B2
:1046E000C61D040034240400ED1D04001C1E04003B
:1046F0003C1E0400890D0400BE4CE36C1BB9012074
:10470000BD491AF0C5FAD4E91623D4E91801801A74
:1047100061EB0301F3F7A6FE06460F46E06CF3F7E4
:1047200055FE32463B46F3F7F5FFB44B0022F3F754
:10473000C7FE40F2EB12804689461DA800211EF0FC
:1047400085F9B4F87420AE491DA818F07FFC1DA8A7
:10475000F4F790FA1DABE26CAA49184418F076FC05
:104760001DA8F4F787FA1DAB226DA749184418F06D
:104770006DFC1DA8F4F77EFA00220546A34B3046D7
:104780003946F3F7C7FF02461DA80B462844A04947
:1047900018F05CFC1DA8F4F76DFA002205469B4B4F
:1047A00040464946F3F7B6FF02461DA80B4628448B
:1047B000984918F04BFC1DA8F4F75CFA1DABD4F82F
:1047C00088209549184418F041FCD4F8B05045B100
:1047D0001DA8F4F74FFA1DAB2A469049184418F06B
:1047E00035FC1DA8F4F746FA1DABA26F8C4918449E
:1047F00018F02CFC1DA8F4F73DFA1DABE26F8949B7
:10480000184418F023FC1DA8F4F734FA1DABD4F8B3
:1048100080208549184418F019FC1DA8F4F72AFADD
:104820001DAB94F895208149184418F00FFC1DA881
:10483000F4F720FA1DAD94F98C3094F98D207C4961
:10484000284418F003FC2846F4F714FA064694F8B6
:104850008E00FBF757FA054694F88F00FBF752FAE3
:1048600003461DA82A467349304418F0EFFB1DA8E3
:10487000F4F700FA1DADB4F99230B4F990206E4906
:10488000284418F0E3FB2846F4F7F4F92B46421CC1
:104890006A4900201AF0FCF942F6E06012F0BAFC16
:1048A000FCF7E8FB002703788046B0F804A0218BD2
:1048B00094F870000693CDE90C77ADF838701AF0D3
:1048C0000CFAB4F874B00790FBF7D4F9CDE90801FD
:1048D0001DA8F4F7CFF934230122461D8DF860326C
:1048E000D8F80430B6B211463046ADF862321AF04C
:1048F0006BFA00F00F0949F030038DF83030069B59
:104900009AFA9AFA8DF83130079BADF832A01B0164
:1049100043F001038DF834300DF13C0A4FEA1B23BC
:104920008DF8353053460CAD8DF836B095E807005C
:1049300003C30DF21C551DA999A81A801EF02BFA6D
:10494000284698A91AF020FCCDE91A56238B8DF839
:104950006470ADF85A301797D8F8003001251593D8
:1049600042F6F923089A1493354B12A8D318099AE2
:10497000CDF860A042F10002CDE912328DF8585016
:1049800084F8C05012F080FA034678B1149A0220DD
:104990002C4984F8C07000922B4A1AF079F9022051
:1049A0002A491AF075F9FEF72FFDE7E53246284946
:1049B000009509F101031AF06BF9F4E70D4B0B9A1E
:1049C000197811B1996F013199675B7C002B3FF425
:1049D000D5ADB2F9143003EBD3714910CDE90131F3
:1049E000B2F916301B490093D2E9002301201AF0D6
:1049F0004FF9C3E500060120601E04000040BF40DF
:104A0000861E0400AF1E0400D31E040000408F4029
:104A1000F11E0400161F0400411F04005F1F040064
:104A20007D1F0400931F0400A91F0400BF1F040082
:104A3000D51F0400FB1F04002120040045200400B2
:104A400000603D083600040014240400A70304009D
:104A5000CB03040080200400B34B0B9A197811B1EA
:104A6000D96F0131D9675B7C002B3FF487ADB2F978
:104A70000C3003EBD3714910CDE90131B2F90E309E
:104A8000AA490093D2E90023B0E70B9CA64E94F804
:104A90003620B4F92830C2F3020286F8942096F941
:104AA0008C2003EBD3735D10B2EB630F96F98D305E
:104AB000B8BF86F88C50AB42C8BF86F88D5094F8CA
:104AC000363096F88F10C3F30312B1EB131FB8BF43
:104AD00086F88F2094F8363096F88E10C3F30312C0
:104AE000B1EB131FC8BF86F88E20B4F92A30B6F98F
:104AF00092209A42B8BFA6F89230B4F92A30B6F99B
:104B000090209A42C8BFA6F8903096F831306BB327
:104B1000337C012B2AD1A38BB3F5807F26D194F867
:104B2000323003F0E003202B20D1182294F83A30E1
:104B3000C3F3420002FB006292F89026B2B103F088
:104B4000F002102A58D1DB074ED5D6F8A030013339
:104B5000C6F8A0301823002203FB006300210020C8
:104B600083F8902603F5D463C3E90001737C002B1E
:104B70003FF404ADD6E9262398A8CDE998231AF08E
:104B800067FB41F28833984271F10001FFF6F6AC01
:104B90004FF000087C2241460DF21C590DF5A4602F
:104BA000CDF81C851DF052FF4946207FFBF73EF9EA
:104BB000DDE99823C6E9262394F83600D4E9006796
:104BC0000009D4F818A0B4F92AB0FBF79BF83246D4
:104BD000CDE903503B464046CDE9019B5449CDF811
:104BE00000A01AF055F8C9E4D6F8A4300133C6F88D
:104BF000A430FEF7D9FAADE7602AB7D1D6F8A830CD
:104C00000133C6F8A830FEF7CFFAAFE70B9DAF6AC5
:104C1000002F3FF4B3AC95F8316006F07F06A6F1A3
:104C20003303022B00F298803F4C2078002876D086
:104C300005F131010DF21C501AF0D3FA054650B1BE
:104C400002460220D4F884303A490133C4F8843053
:104C50001AF01EF892E49DF81C25352A32D194F8FA
:104C6000943084F89530E36CBBB91AF0E3FAC4E9E8
:104C70001601E36C13FA87F7236DE76401332365AC
:104C8000BDF82035A4F87230BDF81E35A4F8743094
:104C90001AF0D0FAC4E9180170E4B4F87210BDF843
:104CA00020354A1C9342E4D0D4F88020607C013245
:104CB000C4F880200028DCD0009101201E4919F0A2
:104CC000E7FFD6E7332A1DD1BDF81E25B4F87430AE
:104CD0009A4206D1194919F0DBFF0220FFF78AFA40
:104CE0004CE4B4F876108A4209D1134601201449E5
:104CF00019F0CEFFB4F87630A4F87430EDE7012057
:104D00001049BFE4342A07D10F4919F0C1FF2846E2
:104D10000E490DF5A4629BE70D49012098E70D4966
:104D200019F0B6FF2AE400BF00060120BF200400EE
:104D3000FE2004006021040084210400A511040069
:104D4000DB210400B2220400382304001CEF03001E
:104D50002913040051230400322E3FF40FAC002429
:104D60003C22214699A898941DF070FEB5F90430B4
:104D7000AA6A2046049203EBD3725210CDE90232A4
:104D8000B5F90630144901932B68DFF85890009369
:104D9000D5E9082319F07CFF05F130080DF21C5706
:104DA000AB6AA34208D93819494618F8012F0134D3
:104DB00018F04CF9402CF3D1002339194B703046D0
:104DC00098A9FCF75BF900970246AB6A01200349FA
:104DD0006DE40349A1E700BFB80F0400932304006A
:104DE000D12304007EE40300013808B5244B0328D6
:104DF0000CD8DFE800F002171B2593F8340093F875
:104E0000352093F836301044184408BD1D4940F24F
:104E1000B6431D4A1D481BF039F940F2B6411A4805
:104E20001BF02BF993F82300032807D193F83700E0
:104E300093F8382093F839301044E5E7042813D16B
:104E400093F8351093F8342093F838000A4493F817
:104E500036100A4493F8371093F8393018448A42D0
:104E6000ACBF80184018D0E70028CED008494FF4D6
:104E70009963054A05481BF009F94FF49961CEE79B
:104E8000A80E0120A82D0400D72404000653030017
:104E90000C2504002DE9F743804601A80F469146F2
:104EA0001AF097F8064640B90220314919F0F0FE91
:104EB0006FF00B0003B0BDE8F083FCF7DBF80025D2
:104EC0000268019B2B4C1A604268019B04F16A0145
:104ED0005A60E2695D619A60274AC3E90E87DA6029
:104EE000264A01279A61E26AA3F84070C3E9099251
:104EF000228CA3F844501A8494F83720DD6683F896
:104F0000422094F83820A3F8462003223272B4F8E5
:104F10006820586FA3F872201DF071FD019B304688
:104F200083F86070D4F82623C3F86120D4F82A23CC
:104F3000C3F86520B4F82E2383F82C70A3F86920F9
:104F400044F26822F2601A6344F24F625A63FBF73C
:104F500029FA50B902200A4A0A4919F099FE304646
:104F60001AF055F86FF00F00A4E72846A2E700BF3B
:104F70003C250400A80E01201D52010055570100D8
:104F8000D9310400850104002DE9F743804601A8CA
:104F90000F469146FBF736F9054640B902203649DF
:104FA00019F076FE6FF00B0003B0BDE8F083002629
:104FB000FCF760F8019B314A314CDA60314A5E619E
:104FC0009A61E26AC3E90E87C3E90992228C83F8E9
:104FD00041601A8494F8342094F8351083F8422004
:104FE000A3F846100122042183F84020A3F844606E
:104FF0009E64297243F68261E96083F82C200222C4
:10500000196344F2672183F8582094F826205963E5
:1050100083F84C2094F82220022A17D14FF0FF3257
:105020009A6494F82320A3F846601AB12269E16AD1
:105030004A439A64002243F68161C3E909221A6156
:105040009A6183F82C20E96083F8582000240268D4
:1050500028461A655C65FBF7A5F950B902200A4A93
:105060000A4919F015FE284619F0D1FF6FF00F001C
:105070009AE7204698E700BF6A250400F551010031
:10508000A80E012055570100B931040098250400ED
:105090002DE9F34780460F46464EFAF7EBFD58EAF6
:1050A0000703326914D1444D451941F1000996F8BE
:1050B00022A0BAF1030F14D128464946FFF7EAFEB1
:1050C000044640B102463D49022019F0E1FD23E0CB
:1050D0004546B946EBE758EA07071CD1C6E9F0593F
:1050E00019E0BAF1010F1BD128464946FFF74CFFE2
:1050F000044610B102463249E6E758EA070796F837
:10510000343008D14FF46152A3FB02325B1949EBF2
:105110000202C6E9D6320024204602B0BDE8F0877C
:10512000BAF1040F2AD1284649460192FFF72CFF15
:10513000019A044610B102462249C5E758EA07071A
:1051400096F8343009D028464946FFF7A3FE0446B6
:105150000028E0D022461C49B6E74FF46151A3FB7A
:1051600001315B1949EB0101C6E9D63128464946B0
:10517000FFF790FE04460028B0D0EBE7BAF1020F2B
:105180000BD01249124840F21E43124A1AF07EFF19
:1051900040F21E410F481AF070FF0022284649468F
:1051A000FFF7F2FE04460028B5D002460A495046F1
:1051B0008BE700BFA80E012000F0D200D12504002B
:1051C0000B260400452604007D260400B5260400B5
:1051D00006530300D7240400ED26040008B54FF45D
:1051E0007272002102481DF031FC002008BD00BF92
:1051F000A80E0120C089084940B9D1F8800308B938
:10520000C1E9DC230130C1F880037047D1F8843351
:105210000133C1F884337047A80E0120C0890549C5
:1052200010B9C1E9F0237047D1F8B0330133C1F8A8
:10523000B0337047A80E01202DE9F0438DB005462C
:105240008946FBF717FF8046B9F1000F05D14FF4EF
:1052500072724946B5481DF0F9FB0026B34C314641
:10526000202204F56A7066601DF0F0FB3146502282
:1052700004F556701DF0EAFB40F28113A4F89C334C
:105280000F2384F89E33AA4B2F46C4F8A033012382
:1052900004F11C0623760FCF0FC697E80F0086E8AF
:1052A0000F00A879FFF7A0FD2081A879FFF79CFDEA
:1052B00010B34FF4615380FB0330C4E90430B9F1FB
:1052C000000F40F0D180AB79DA1E012A00F2C880CD
:1052D000287F697A013886B2C0B219F071FD87B2B1
:1052E0006FB90220934A944919F0D2FC4FF0FF3570
:1052F00028460DB0BDE8F0834FF0FF33DDE7B7F58A
:105300002F7F83B205D902208A4A8C4919F0C0FC4C
:10531000ECE719468A4819F0B0FD8A4BC4F8269389
:10532000C3F80490A3F8089094F8263306F00F060B
:1053300003F0100346F020061E43A4F8687084F8BA
:105340002663D8F8003084F82733D8F804301B0AD5
:1053500084F828332B6884F829336A7A94F82A333E
:1053600062F3030384F82A3395F90800FAF7DAFCAC
:1053700094F82A3360F3071384F82A332B681B0A46
:1053800084F82B332B6884F82C33EB7A2BB1AB7970
:105390005A1E012A2FD9042B2DD002A8F8F7B6FDEA
:1053A000002840F0BF809DF80800002800F0BB8076
:1053B000FAF760FC4FF487360546D8F838000C46FB
:1053C000A0FB0601D8F83C704FF47A72002306FB6C
:1053D0000711F3F70DFC031841EB01021B1841EB19
:1053E0000201581944EB010153E0AB795A1E012A1E
:1053F00001D9042B3BD12822002102A81DF026FB55
:105400004FF47A53022701260493D8F800308DF820
:1054100018700593AB7A8DF829608DF81E30AB8833
:1054200002A8ADF82030D8F800308DF82830D8F830
:105430000430ADF82A304FF0FF330993FAF74EFDF0
:10544000054658B3049B3B4A00933F490346384600
:1054500019F01EFCD4F884333344C4F8843347E78E
:10546000EA7A002A94D198E7EB7A002BBDD1FAF7BB
:1054700001FCD4E90427354BC31894F8220041F10C
:105480000006032816D1D4E9F001984271EB060416
:105490000CD30DB0BDE8F043FFF7FABDD4F880336C
:1054A00084F868630133C4F8803321E7101841EBB6
:1054B0000701EAE7012801D0042827D194F8271032
:1054C00009B34FF4615194F83450A5FB015CD4E961
:1054D000D60150EA01040BD11D4940F29A231D4A1E
:1054E0001D481AF0D3FD40F29A211A481AF0C5FD62
:1054F000401B61EB0C01984271EB0604C9D21018F5
:1055000041EB0701F7E7D4E9F001F4E7022809D0FD
:10551000124940F2A5230F4A0F481AF0B7FD40F296
:10552000A521E2E700200146B3E700BFA80E012055
:105530000F27F1D8A2310400272704004C270400CC
:10554000120F0120CE1101206B27040000603D08DE
:105550009E270400D724040006530300B526040048
:1055600073B5054610460E46144616F0BBFC019076
:1055700078B1224631461DF042FA8DF800500022E3
:1055800000236946044812F017FD10B101981DF080
:10559000FCF902B070BD00BFB4ED0020F0B5ADF570
:1055A0003D7D6C4605468C46B0F90430064603EB5B
:1055B000D3735F100FCD0FC42B68ADF82C70194654
:1055C00023600A93DCE90023CDE908230023ADF82A
:1055D0002E300E4BB1F52F7F1B8CADF814300ED84A
:1055E0000A460DF13100F1681DF009FA4FF43C72E2
:1055F00069460620FFF7B4FF0DF53D7DF0BD4FF481
:105600002F7203481AF082FCF6E700BFA80E0120B3
:10561000B41B040070B5044600F10805284692B09A
:10562000FAF73CFB2278D31E092B00F28880DFE8D2
:1056300003F06A7178577F860531414904AD04F162
:1056400010060FCE0FC596E80F0085E80F00D4F8BE
:105650001E306946CDF83230D4F822300520CDF81E
:105660003630E38CADF83A30D4E90223CDE900239B
:10567000D4E90423CDE90223A37FC3F303028DF809
:1056800030204822C3F300138DF83130FFF768FF54
:1056900012B070BDD4E9022302AD1034CDE900236D
:1056A0000FCC0FC594E80300202285E8030069466B
:1056B0000320EBE7294604F1100012B0BDE870406A
:1056C000FFF76CBFD4E902231034CDE9002394E83E
:1056D000070002AB83E80700182269460420D5E7DB
:1056E000D4E90223CDE90023236968460293E38AC3
:1056F000ADF80C30A38AADF80E3019F0B1FC1022D1
:1057000069460220C2E704F1100012B0BDE8704003
:10571000F8F75EB904F1100012B0BDE87040F8F778
:1057200039B904F1100012B0BDE8704019F0E3BAC5
:1057300004F1100012B0BDE87040F8F757B9034902
:10574000034812B0BDE870401AF0E0BB8531040098
:1057500076DC030040F2CD7307B50190A0F57A50D6
:10576000023898420BD90A490A484FF453730A4A3F
:105770001AF08CFC4FF4537107481AF07EFC042297
:1057800007200DEB0201FFF7EBFE03B05DF804FB11
:10579000AB27040006530300D7240400012307B5F8
:1057A0008DF800300023019300220023694605484C
:1057B00012F002FC10B101981DF0E7F803B05DF89B
:1057C00004FB00BFB4ED00202DE9F347AC4CFBF720
:1057D00051FCD4F8B833E66A94F83820B34228BFB5
:1057E0003346054694F8220002FB03F894F83590FE
:1057F000D4F88CA3FFF7F8FA94F82220E16A032A80
:1058000001FB00F740F0F1804046F2F7EFFD8046E3
:1058100038468946F2F7EAFD02460B4640464946BD
:10582000F2F778FF0022974BF2F74AFE06460F4642
:1058300000206A68944919F02BFA002200233046B0
:105840003946F3F7A5F8002800F00B8100208F49B6
:1058500019F01EFA94F82230033B012B1DD80020CA
:10586000D4F8AC238A4919F013FA0020D4F8A823FD
:10587000884919F00DFA0020D4F8B823864919F0A8
:1058800007FA0020D4F8B023844919F001FA002067
:10589000D4F8B423824919F0FBF994F822305A1E47
:1058A000012A02D9042B40F0E880638CD4F87C23D1
:1058B000022B08BF00256668E76A18BFB5184FF0CD
:1058C0000000784918BF7D1B19F0E2F90020D4F8D8
:1058D0007823754919F0DCF900206268734919F0E2
:1058E000D7F90020D4F88C23714919F0D1F90020A0
:1058F000D4F884236F4919F0CBF90020D4F8882319
:105900006D4919F0C5F9002D22DD2846F2F76EFD2C
:10591000A7EB0608064640460F46F2F757FD02463B
:105920000B4630463946F2F7F5FE564B0022F2F7A9
:10593000C7FD06460F462A460220604919F0A8F91D
:1059400032463B460220CDE900585D4919F0A0F9E6
:10595000D4F894235B49002A00F08980022019F0D2
:1059600097F9D4F890235849002A00F08280022049
:1059700019F08EF9D4F898235449002A7BD00220DC
:1059800019F086F994F99C230020514919F080F907
:1059900094F99D234F49002019F07AF994F89F0358
:1059A000FAF7B0F94C490246002019F071F994F861
:1059B0009E03FAF7A7F949490246002019F068F951
:1059C000B4F9A2230020464919F062F9B4F9A023E2
:1059D0000020444919F05CF9002094F8A4234249BE
:1059E00002B0BDE8F04719F053B9564528BF5646F6
:1059F000012A09FB06F03FF408AF042A01D1404414
:105A000003E794F82330032B0DD194F83800022AD1
:105A100023D0364940F20F13354A36481AF036FB88
:105A200040F20F1111E0042B05D194F8353094F8B1
:105A300038001844EBE75BB12F4940F2E2432C4AAF
:105A40002C481AF023FB40F2E24129481AF015FBDA
:105A5000022ADED100260027EAE60028FAD04843D1
:105A6000D3E632463B46254919F012F9F2E61046D4
:105A700075E710467CE7104682E702B0BDE8F08784
:105A8000A80E012000005940F82704001E28040039
:105A90008C280400C0280400F428040028290400ED
:105AA0005C29040090290400C4290400F82904009A
:105AB0002C2A0400602A0400942A0400C82A040046
:105AC000FC2A0400422B0400762B0400AA2B0400BD
:105AD000DE2B0400122C0400462C04007E2C040053
:105AE000B62C0400EA2C04001E2D0400B526040088
:105AF000D7240400065303000C2504005328040097
:105B00002DE9F341B94DBA4C4FF0FF324FF0FF335E
:105B10006946284612F02EFB9DF80020531E062BE6
:105B200000F2AD81DFE813F00700120061006A00A7
:105B300073004A017401FFF747FE1120F7F744FD97
:105B40000023237601981CF020FFDDE7237E0199D6
:105B5000002BF7D08B68A3F58442683AB2F57A7FC0
:105B600026D2CB89F3B9D4F8AC33B4F8682001332A
:105B7000C4F8AC33D4F8A8331344C4F8A833D4F829
:105B8000B8330133C4F8B83394F868238B6812B380
:105B9000B3F57A5F1FD10020964919F079F8FFF725
:105BA000FDFDCFE7D4F8B4330133C4F8B433EBE7E9
:105BB000A3F57A53B3F57A7FE6D2CB892BB9D4F823
:105BC0008C330133C4F88C33DEE7D4F888330133E7
:105BD000C4F88833D8E743F681629342B2D10422F5
:105BE00007200831FFF7BCFCACE7237E002BA9D0CF
:105BF000D4F890330133C4F89033A3E7237E002B0D
:105C0000A0D0D4F898330133C4F898339AE7019BB5
:105C100094F99C03B3F9282002EBD2725110B0EB37
:105C2000620F94F99D23B8BF84F89C138A42C8BFC1
:105C300084F89D1393F8362094F89F03C2F3031160
:105C4000B0EB121FB8BF84F89F1393F8362094F876
:105C50009E03C2F30311B0EB121FC8BF84F89E135A
:105C6000B3F92A20B4F9A2139142B8BFA4F8A22331
:105C7000B3F92A20B4F9A0139142C8BFA4F8A02315
:105C800093F83620C2F3020284F8A423D3E9020178
:105C9000C4E9D6011B7F2BB1D4F894330133C4F887
:105CA00094334FE7237E13B95349022098E094F8C8
:105CB0002730002B6ED0D4F87C33002B5BD194F8C6
:105CC0006823C4E9D801002A3FF43CAF84F8683364
:105CD000FBF7D0F90746F9F7CDFF4FF4873C0646AE
:105CE000B86B8846A0FB0C01D7F83CE04FF47A7201
:105CF00000230CFB0E11F2F77BFF821948EB010326
:105D000094F82210D4E9046C03290CD1D4E9F001F1
:105D1000904271EB030702D3FFF7BAF912E730188C
:105D20004CEB0101F4E7012901D0042912D14FF411
:105D3000615194F83470A7FB017ED4E9D601C01BF1
:105D400061EB0E01904271EB0307E5D230184CEB8A
:105D50000101F7E702290BD0284929484FF4347391
:105D6000284A1AF093F94FF4347126481AF085F94D
:105D700010461946D0E7012B7FF4E4AED4E9D823CE
:105D8000801A61EB0301D4E90423F2F731FF0138F3
:105D90006060D7E694F82230042B7FF4D3AED4F8B9
:105DA0007C33002B7FF4CEAED4E9DC36C01A61EB35
:105DB0000601D4E90423F2F71BFFE9E7019B9B6A84
:105DC0008BB1207E58B1D4F8782312FA83F3C4F84B
:105DD0007833D4F87C330133C4F87C33B2E60A4913
:105DE00018F056FFAEE609495FE700BFB4ED0020AA
:105DF000A80E0120522D0400692D0400902D0400EE
:105E000006530300D7240400D42D0400142E0400EC
:105E1000019B1E68237E002B3FF494AE3246002087
:105E2000194918F035FFA6F58443683BB3F57A7F2E
:105E30000BD340F2E532A6F57A53023B934215D8D4
:105E400094F82230012B7FF47DAE236894F828204B
:105E5000013323601AB9226B9342BFF4A0AEFFF75F
:105E6000B3FC01210948FFF7E7F96BE643F68163CC
:105E70009E427FF467AE94F82230022BE3E70120C4
:105E8000034918F005FF5DE6422E0400C40E012010
:105E9000652E0400F8B56B4C0546237E3BB102200D
:105EA000694918F0F5FE4FF0FF352846F8BD674800
:105EB00010F01AFF014610B165481AF027F828467D
:105EC0000021FFF7B9F9054610B100232376ECE76E
:105ED000604918F0DDFE94F822300020013BDBB26F
:105EE000032B96BF5C4A5D4A52F823205C4918F0A8
:105EF000CFFE0020228C5B4918F0CAFE5A4F94F85E
:105F000028205A4E0020002A0CBF3A4632465849F3
:105F100018F0BEFE94F82230022B42D194F82720CC
:105F20000020002A0CBF3A463246524918F0B0FE13
:105F3000002094F92620504918F0AAFE94F8233046
:105F4000002BB2D0013BDBB2032B96BF424A434A3F
:105F500052F823200020494918F09AFE0020E26AF6
:105F6000474918F095FE00202289464918F090FE16
:105F7000D4E904230020444918F08AFE94F837201D
:105F80000020424918F084FE94F83820002040494F
:105F900018F07EFE002094F839203E4918F078FE73
:105FA00083E70020E2693C4918F072FE0020E26AB3
:105FB000334918F06DFE00202289324918F068FE3E
:105FC000D4E904230020304918F062FE94F822300E
:105FD000042B01D0012B22D1002094F834202F492A
:105FE00018F056FE002094F835202D4918F050FE88
:105FF000002094F836202B4918F04AFE002094F92E
:1060000026201D4918F044FE94F82710164A174B15
:106010000020002918BF1A46164918F039FE94F8D6
:106020002230033B012B3FF640AF94F9242000209F
:106030001D4918F02DFE0020B4F868201B4918F007
:1060400027FE9BE7A80E0120932E040015560100A1
:1060500030D50300B32E0400944803001859030000
:10606000CD2E0400EF2E04008D2E0400B86C040029
:10607000112F0400332F0400552F0400772F040044
:10608000992F0400BB2F0400DF2F0400033004000D
:106090002530040047300400693004008B300400D0
:1060A000AD300400CF300400F1300400133104009F
:1060B000034B187E10B9034918F0EABDFFF76EBB19
:1060C000A80E012035310400012938B504460AD94B
:1060D000526806491AF081FF4FF0FF3520461AF04A
:1060E0008AFF284638BD0125F8E700BFCE580300D7
:1060F00010B5044604F0A8FC204602491AF051FFEE
:10610000002010BDF931040038B5054619F036FC01
:1061100018B119F03CFC044610B90024204638BDE3
:106120000246024928461AF058FFF7E717320400E2
:106130002DE9F0431546012200230C46384E39491B
:1061400032600A60262287B0CDE90233DFF8FC8096
:10615000354F0492ADF814300DF10C0943463A4620
:1061600029462046CDF800901BF0EEFF431C09D1D4
:106170003368A3423ED204F18044013C55F8242008
:106180002A490DE0702827D011DC68280BD06D2833
:1061900029D03368264903F18043013B55F8232079
:1061A000022018F075FD2348F5F7BCFC32E0742896
:1061B000EFD1214B0A21186802AA1AF0E8FF029BCE
:1061C0000490002BCAD002201C4918F061FD6FF02A
:1061D000150007B0BDE8F083174B18681CF0EDFB05
:1061E0008DF81500BAE7144B18681CF0E6FB8DF823
:1061F0001400B3E70020049A114918F049FD04A8DF
:1062000000F026FE0346029030B10220049A0D49A8
:1062100018F03EFD0020DCE70B4918F039FDF9E7E6
:10622000F4E70020444E0120663204000C620300B3
:10623000DF6103003C3C0400404E01206C60030021
:106240006E320400AC320400F6320400CCE20020CE
:1062500008B50020054918F01BFD01F061FD02F0B2
:10626000CBFFBDE8084003F077BC00BF1633040045
:1062700038B505460C4619F081FB08B9002038BD39
:10628000FAF7F8FE90F84130A342F7D0054B064AE2
:106290002846012C08BF1A4604491AF09EFE4FF00A
:1062A000FF30ECE7835C0400155903002B33040036
:1062B00000232DE9F04FADF5377D0C46022107464E
:1062C000164602930393FFF7D3FF0DF10C08054622
:1062D000002861D13846FFF717FF054600285BD13B
:1062E00019F04CFB18B1384660491AF068FE012CD1
:1062F00040F29080706858B15D49F2F7B1FC0746F2
:1063000030B918F0BDFF38465A4918F0C1FC43E0D7
:106310000123594A594F13603B6026220023DFF8BE
:1063200088A1DFF88891ADF818300492ADF81430E8
:106330008DF8163053464A4631462046CDF8008047
:106340001BF002FF431C09D13B68A34266D204F153
:106350008044013C56F82420494958E0643810280C
:106360004ED8DFE800F01E4D4D4D5742494D4D3B94
:106370004D4D344D4D4D0900424B0A21186802AA7B
:106380001AF005FF029B0490002BD3D002203E4957
:1063900018F07EFC6FF0150528460DF5377DBDE839
:1063A000F08F384BD3F800B05846F2F763FC40F258
:1063B000BA23984205D95A460220344918F068FC9D
:1063C000E8E759460DF11A001CF0E5FCB2E72D4B49
:1063D00018681CF0F2FA8DF81600ABE7294B186824
:1063E0001CF0EBFA8DF81500A4E7264B18681CF09A
:1063F000E4FAADF818009DE701238DF8143099E711
:106400003B68234903F18043013B56F823200220D7
:1064100018F03EFC1F48F5F785FBBDE79DF81430EA
:106420006BB10DF11A00F2F725FC40F2BA231E30D1
:10643000984204D90220184918F02AFCEAE7002003
:10644000049B16490DF11A0218F022FC04A800F072
:106450007FFD029040B10090049B022010490DF195
:106460001A0218F015FC97E70E494EE75133040065
:106470003C38040091330400444E0120F4E700202E
:106480000C620300404E01206C600300A233040044
:10649000DF61030056390400CB33040016340400D6
:1064A00048340400863404005CE20020BE3304005B
:1064B0002DE9F04F164601220C46DFF878814E494F
:1064C00000230A60C8F80020262287B00221054672
:1064D000CDE902330492ADF81430FFF7C9FE20BBBA
:1064E000FAF7C8FD0746D0B1DFF84CA1DFF84C91B0
:1064F0000DF10C0B53464A4631462046CDF800B00C
:106500001BF022FE431C13D1D8F80030A34241D225
:1065100004F18044013C56F82420384917E03849FA
:1065200028461AF05AFD6FF0150007B0BDE8F08F4D
:10653000702821D012DC68280CD06D2823D0D8F820
:106540000030304903F18043013B56F823202846B0
:106550001AF043FD2C48F5F7E5FAE4E77428EED18C
:106560002A4B0A21186802AA1AF011FE029B049015
:10657000002BBFD02649D3E7244B18681CF01DFA26
:106580008DF81500B6E7214B18681CF016FA8DF847
:106590001400AFE797F84030012B19D100201D49B6
:1065A00018F076FB0020049A1B4918F071FB04A830
:1065B00000F09CFC0346029030B1049A1749022077
:1065C00018F066FB0298B0E7154918F061FBF9E78F
:1065D0000120144918F05CFB0020049A124918F0BD
:1065E00057FB04A800F0E6FB0346029010B1049AA2
:1065F0000E49E4E70E49E8E7444E0120F034040078
:10660000A1340400CF340400F43D0400404E0120C6
:10661000B93404001935040034350400773504001A
:10662000AE350400D435040037360400713604005A
:10663000BB360400F4E700200CE3002066320400BF
:106640002DE9F04740F2816300250C46042188B013
:10665000CDE9031380461646CDE905550795FAF7AF
:1066600009FD01235E4A5F4F1360C26902218DF864
:106670001A208269404602953B608DF81B20ADF8D8
:106680001C30FFF7F5FD0546002840F0A18040468C
:10669000FFF73AFD0546002840F09A80DFF8609148
:1066A000DFF860810DF1080A4B464246314620462C
:1066B000CDF800A01BF048FD421C034609D13B6801
:1066C000A3427CD204F18044013C56F82420464980
:1066D0000CE0742B3CDC622B0FDC442B59D03B6864
:1066E000424903F18043013B56F82320022018F071
:1066F000CFFA3F48F5F716FA6AE0633B112BEED864
:1067000001A252F823F000BF6F670100DF660100AD
:10671000876701009B670100DF660100F3660100E7
:10672000B1670100DF660100DF660100DF6601007E
:10673000DF660100DF660100DF660100DF66010041
:10674000DF660100DF660100DF6601007B67010094
:1067500040F2E932934224D040F2EA329342BED171
:10676000244B18681CF029F98DF81A009CE7214B7E
:1067700018681CF022F9049096E71E4B18681CF06C
:106780001CF9039090E71B4B18681CF016F9059054
:106790008AE701238DF8183086E701238DF8193038
:1067A00082E7144B18681CF008F98DF81B007BE792
:1067B000104B18681CF001F9ADF81C0074E703A831
:1067C00000F0BAFA024638B102200B4918F060FA1C
:1067D000284608B0BDE8F087084918F059FAF7E7ED
:1067E000444E0120F4E700200C620300DF61030047
:1067F00059420400404E0120E736040008370400E7
:106800006CE30020DB3604002DE9FF4700230D4632
:106810000121ADF808308DF80A3003933F4F404B0B
:106820008046164619603960FFF722FD0446A0B97C
:106830004046FFF769FC044678B9FAF71BFC90F86C
:106840004030012B42D190F84130012B3ED04046E0
:1068500034491AF0C2FB4FF0FF34204604B0BDE8C3
:10686000F08768282ED070281BD0632820D12E4BAB
:1068700018681CF0A2F8ADF808004B4642463146B5
:106880002846CDF800A01BF05FFC431CE9D13B6813
:10689000AB4222D205F18045013D56F8252023491F
:1068A0000DE0214B18681CF088F88DF80A00E4E729
:1068B0003B681F4903F18043013B56F82320022027
:1068C00018F0E6F91B48F5F72DF9C6E7DFF87490E4
:1068D000DFF874800DF10C0ACFE7FAF7CBFBBDF8B7
:1068E0000810054661B10122008918F085FA38B90F
:1068F00002202B89BDF808200F4918F0C9F9E1E7FB
:1069000002A800F09BF9024620B102200B4918F0C2
:10691000BFF9A2E70A4918F0BBF99EE7F4E70020A7
:10692000444E01201D370400404E01200C6203003C
:10693000DF610300A43F0400056603004D37040037
:10694000693704004CE300204737040038B50121C3
:106950000546FFF78DFC044650B92846FFF7D4FBE7
:10696000044628B9034918F093F9204600F0DAF9F3
:10697000204638BD7937040070B5C6890446A2B0F8
:10698000002E61D000217C2203A802911CF05EF849
:1069900041F209039E420FD002ADB4F90C102A4611
:1069A0003046F9F7E9F9A16864291BD12B463A4A28
:1069B0003A49022018F06CF900F036FF50B940F265
:1069C000E932A368934203D0A3F57B73012B01D86E
:1069D000F8F7C8F8A368642B5CD122B0BDE870401A
:1069E00000F028BF6FF47A700B18012B0AD8E389E6
:1069F000012B03D1284A2A490120DBE72B46264AEE
:106A00002849D6E740F2EE33994203D12B46224A79
:106A10002549F1E7632903D12B461F4A2349EBE7B8
:106A200040F28233A1F165029A4207D82B46012039
:106A30000091194A1E4918F02BF9BDE70B460220B8
:106A4000154A1C490095F6E76FF47A7283689A1824
:106A5000012A04D81849002018F01AF9ACE7A3F568
:106A60007A73052BA8D801A252F823F08D6A010091
:106A7000B9690100B9690100856A0100896A0100EC
:106A8000916A01000D49E6E70D49E4E70D49E2E7A7
:106A90000D49E0E722B070BD254E0400FC4904001A
:106AA000154A04004C4A04006A4A0400934A040050
:106AB000B64A0400890D0400DC4A0400F64A0400CA
:106AC0001C4B0400434B04006D4B040008B5094BFC
:106AD0002422184600211BF0B9FF074A07498261AA
:106AE000074812F08DFA0749074812F089FA00208A
:106AF00008BD00BFB43B0120796901000D6B0100A6
:106B0000A03B0120D16C01008C3B0120F0B5C9B045
:106B10000546F7F7E9FF38B902203B4A3B4949B03F
:106B2000BDE8F04018F0B4B8FAF7A4FA1022044611
:106B300000210DEB02001BF089FF40F20113022738
:106B40000126ADF80830E36900218DF80A30A36909
:106B500002A88DF80B302B8A8DF8167003936369A9
:106B60000493637C8DF81C608DF81730F7F702FCF6
:106B7000024628B12649384618F08AF849B0F0BDD7
:106B8000244918F085F84FF470120023224811F0C0
:106B90006DFF10B11C4A2149EDE7F7F70FFB041E0A
:106BA0001F4F0FDC1F4908A81CF0F5F800241E49F0
:106BB000204608AA3C7018F06BF820461B4918F0D4
:106BC00067F8DBE722461A4908A816F03FFA2B6956
:106BD00001A80193ADF8044000F0B6FC044628B1CA
:106BE0000246144908A816F031FADFE708AA0E4950
:106BF0003E7018F04DF820460F4918F049F830461D
:106C00001BF0B3FABAE700BFF94D0400934B040040
:106C1000B04B04001464030094EE0020CF4B04003A
:106C2000B43B0120044C04001CEF03007C4C040026
:106C3000214C0400474C0400694C040030B5134C4F
:106C40000546237885B043B10220114918F020F899
:106C50006FF07704204605B030BD0E4B23610E4B1C
:106C6000E36004F114030FCB8DE80F00043494E8C3
:106C70000F00F7F73FFF04460028EBD128680749CB
:106C8000086107481BF0F9FCE4E700BFB43B0120B2
:106C90009B4C0400B97401007DF20200A03B01206E
:106CA00028F20020F0B589B06C4606460F46074D25
:106CB0000FCD0FC495E80F0084E80F003A46314627
:106CC0006846F9F73FF809B0F0BD00BFF043030094
:106CD00070B500240546A0B00F4E7C22214601A8C5
:106CE00000941BF0B3FE00F08DFDF460F7F73AFF5F
:106CF000012034701BF03CFA287C20B9074917F0BA
:106D0000C7FF20B070BD6946FFF7CCFF04490246BB
:106D1000012017F0BDFFF4E7B43B0120B24C0400A2
:106D2000CD4C04000249087402481BF0A6BC00BF09
:106D30008C3B012028F2002030B589B00446FAF7D8
:106D400099F914220546002103A81BF07FFE322387
:106D500001936368029323680493A3688DF8143049
:106D6000637B8DF81530A37B8DF81730E37B8DF8AE
:106D70001830238AADF81A30237B0BB102F0F4FDF2
:106D800001238DF81D302B6800218DF81C306B68B5
:106D900001A8ADF81E30F7F719F9044620B10246F4
:106DA0000349022017F074FF204609B030BD00BF30
:106DB0003364030070B50546A6B0006802F0B4FD68
:106DC000064648B902202A681D4917F061FF6FF096
:106DD0001504204626B070BD1A4C94E80F008DE8CB
:106DE0000F0014E90F00F7F785FE04460028F0D1E4
:106DF0000DF11700F7F78AF8014688B99DF817409A
:106E0000022C0DD17C22069007A81BF01FFE06A9BC
:106E10002046F9F737F801200B4906AA17F038FF8A
:106E20002946304601F0C0FD04460028D1D0024674
:106E30000649022017F02CFFF7F794FEC9E700BFC0
:106E4000C65B0400C83B0120EB4C04006C4D040001
:106E500070B50546A6B0006802F066FD064648B962
:106E600002202A681D4917F013FF6FF01504204611
:106E700026B070BD1A4C94E80F008DE80F0014E99D
:106E80000F00F7F737FE04460028F0D10DF1170088
:106E9000F7F73CF8014688B99DF81740022C0DD150
:106EA0007C22069007A81BF0D1FD06A92046F8F722
:106EB000E9FF01200B4906AA17F0EAFE29463046F1
:106EC00001F054FF04460028D1D0024606490220B2
:106ED00017F0DEFEF7F746FEC9E700BFC65B040009
:106EE000C83B0120EB4C04008E4D04007FB50546E5
:106EF000006802F019FD064648B902202A681149C7
:106F000017F0C6FE6FF01504204604B070BD0E4C9D
:106F100094E80F008DE80F0014E90F00F7F7EAFD81
:106F200004460028F0D12946304601F06DFA0446A7
:106F30000028E9D002460549022017F0A9FEF7F71C
:106F400011FEE1E7C65B0400C83B0120B14D04001F
:106F500070B50546A6B0006802F0E6FC064648B9E2
:106F600002202A681D4917F093FE6FF01504204691
:106F700026B070BD1A4C94E80F008DE80F0014E99C
:106F80000F00F7F7B7FD04460028F0D10DF1170008
:106F9000F6F7BCFF014688B99DF81740022C0DD1C9
:106FA0007C22069007A81BF051FD06A92046F8F7A1
:106FB00069FF01200B4906AA17F06AFE29463046F0
:106FC00001F000FA04460028D1D00246064902200A
:106FD00017F05EFEF7F7C6FDC9E700BFC65B040009
:106FE000C83B0120EB4C0400D94D0400C18911B904
:106FF0000149C1E9BA237047701201202DE9F04F11
:1070000095B004460E469046FAF734F883460028B9
:1070100000F0BB80002C00F0B8803268002A00F03D
:10702000B48094F90200F8F77DFE00254FF00109C5
:107030009BF80030BBF80C20029353BA2946142267
:10704000ADF8123000F00F030FA803930895ADF8C8
:1070500018508DF81A9009951BF0F8FC4FF00112AA
:107060000F92DBF804204FF436711192DBF8002008
:107070004846120A0AAFCDE90A7713921BF08CFC3E
:107080000DF1200A044630B340F6011202810522B8
:1070900082817C4A80F81490527880F819900276A8
:1070A0004FF4C0624583C2830577856280F8205023
:1070B0001320F8F737FE0B9A84F82100C4E9007218
:1070C0004FF43671146048460B941BF065FC40B9D0
:1070D000384618F0DCF86FF00B09484615B0BDE8EB
:1070E000F08F9BF8423000215A1E052A98BF1825C0
:1070F0004FF0060294BFB5FBF3F50423027540F28E
:10710000011288BF4FF0060984460F469FBF5FFA01
:1071100085F95D43C5F11805EDB202838376C1762A
:10712000CAB2AA422CBFCE4609F1010E7A1E7244A1
:10713000D2B2182F08BF1727172A28BF17220131EC
:107140008CF81D2001328CF81C70D7B2CAB29A425A
:107150008CF81EE00CF1030CE2D341F6022203EBA3
:107160004303043383810B9B0AAFC0E900730281A0
:10717000186031680B9006A8079118F0BAF801461C
:10718000079028B9384618F082F86FF01509A4E77F
:107190000FA818F003F907900028F3D0394602F041
:1071A000FFF807900028EDD033680022C51A1FFAB7
:1071B00085F90121484617F007FE9DF8202000F0D0
:1071C0000F0363F30302D2B242F010021846059394
:1071D00013078DF82020D5D0002117F0EDFD01B266
:1071E0000029CFDDA0EB0900059B82B200B2002888
:1071F00099460DDACDE900310220234A2349ABB28A
:1072000017F046FD384618F042F86FF0790964E748
:107210000BD03946D2B207A818F034FB034620B190
:107220000120194A1A4917F033FD079B039A33606E
:107230000023CDF835308DF83930029B154D8DF88F
:107240002130BDF812301834ADF822309DF82430CA
:1072500062F307138DF824309AE803000CAB8DF825
:1072600034100C9003CB1B88C8F80000C8F8041039
:10727000A8F808300FCC0FC5236838462B6018F0EB
:1072800006F82AE770120120F35204009D4E040014
:10729000E44E0400301501202DE9F04F8DB0054675
:1072A0008B469246F9F7E6FE0446002800F0CF80B0
:1072B000002D00F0CC80DBF80030002B00F0C78000
:1072C00095F90200F8F72EFD10238DF80C30236895
:1072D0004FF000098DF80D30A3894FF001085BBA1B
:1072E000ADF80E304FF00003142260F30713494647
:1072F00007A8CDF81090ADF804908DF810308DF8F7
:1073000006801BF0A3FB4FF00113079363684FF453
:1073100036710993236840461B0A05AECDE9056620
:107320000B931BF039FB044620B96FF00B000DB036
:10733000BDE8F08F40F601130381464B05275B78CB
:10734000878103764FF4C06380F81480C38380F88C
:107350001980A0F81A9080F81C90C0F8289080F846
:1073600020901320F8F7DEFC069B84F82100C4E986
:1073700000634FF436711C60404606941BF00CFB12
:10738000054618B9304617F082FFCEE741F20133C7
:1073900003810723304A8381304B0775C0E90723F7
:1073A00040F207238384642380F82630069B80F80C
:1073B0001880C0E900631860DBF80010069001A88F
:1073C000029117F096FF0146029007A817F0E6FF1A
:1073D0003146029001F0E4FFDBF800300290C01A61
:1073E00087B24A464146384617F0EEFC9DF80C300D
:1073F00000F00F0868F30303404649468DF80C304F
:1074000017F0DAFCC01B82B200B2002804DD31465E
:10741000D2B202A818F036FA029B114FCBF8003016
:1074200003AB03CB1834CAF80000CAF804100FCC21
:107430000FC723683C46183544F8043B0FCD0FC4F2
:107440002B683046236017F022FF40466FE76FF04D
:1074500015006CE7701201200C010A010400010AFA
:107460003015012038B50446F9F704FE104B0546E7
:1074700040F2D222002118461BF0E8FA0346EA69DE
:1074800001210270AA6903F8012F0A225443002245
:10749000A24206DB6422BDE83840012105481BF00A
:1074A000D5BAF02AF6D003F8011F0132F0E700BF89
:1074B0005A560120C357012000222DE9F041114600
:1074C00015464FF0010C4FF0020E4FF003081A4B17
:1074D00093F9006093F90170448A944213DC2DB350
:1074E000642017F06BFD0120BDE8F041FFF71ABCE6
:1074F000A742B4BF83F8E2E183F8E2C1013201336D
:10750000EAE72546FAE7F02AE9D04469A456002CB8
:10751000F4DAA642ECDA9C7883F8E281002CF0D110
:1075200093F8F240002C18BF2146E7E709B102208A
:10753000DAE7BDE8F08100BF5A560120014BD3E9DC
:10754000BA017047701201202DE9F04F9E4D804620
:107550002C78ADF53B7D5CB102209C4A9C4917F02C
:1075600097FB6FF0150420460DF53B7DBDE8F08FCD
:10757000F9F780FD4FF42F72214681460BA8049045
:107580001BF064FA4FF43E72214628461BF05EFA67
:10759000F9F770FD90F8403008AA012B404604A985
:1075A0000AD1FFF72BFD0028044608DA0220874A9B
:1075B000884917F06DFBD6E7FFF76EFEF3E7D8F8C2
:1075C00000000134E4B2C5F8F0022046FFF74AFF9C
:1075D000F8F750FB804D0746451941F1000305A817
:1075E0008A460293F8F72AFE064630B902207B4904
:1075F00017F04EFB6FF00B04B5E763234FF0000E5E
:10760000774AC360BA18059B4AF1000CB8F800101D
:1076100083F841E0C3E90E2CC3E92C2CDFF8CCE160
:107620001984C3F824E0C268A3F8BC10C3F8B820DA
:107630003022C3F8C020182283F8C420F8F7B2FE25
:1076400038B90220614A674917F022FB304617F02B
:10765000DEFC06A817F0BDFC06460028C6D0D9F807
:107660000000069A4FF0000B1060D9F8042006982D
:10767000049B42604FF0FF3282605B4AC0F814B056
:10768000C260B8F800200BA90284029AA3EB010C97
:10769000C263564A1FFA8CF342620322A0F84440A8
:1076A0001C46856380F841B0A0F846B0C0F86CB0C5
:1076B000D6F88C00A6F88A3032721A4603931BF073
:1076C0009EF922464A480BA91BF099F9039B3E4AB2
:1076D0000898A2F8BE329DF82430C6F8790086F8E2
:1076E0007D306423304686F878B0F360F8F75AFEB0
:1076F00050B90220354A3F4917F0CAFA304617F010
:1077000086FC6FF00F042EE76526384BFF184AF110
:10771000000A029BAF427AEB030238D307A8F8F7BE
:1077200071FD8346002832D0002307994B61B8F8D9
:1077300000208D630A84029A81F85830CA632B4A6C
:107740004A62062281F841200A224A64D9F8282098
:107750008B6481F84C20D9F800200A65012281F859
:107760005520D9F8002081F85420B9F80C20A1F850
:1077700056200722C6600272F8F714FEC0B9022034
:10778000124A1D4917F084FA584617F040FC0123AD
:107790000D4A002013700194B8F800304FF4FA62DB
:1077A000009398F90230154917F072FA0024DAE6CE
:1077B000134B0136ED18029B43F10003B6F57A7FB7
:1077C00008BF65260293A4E770120120205304002D
:1077D000134F0400304F040000B01E044E4F04004D
:1077E00000980904A74F0400ED6F010000603D08F8
:1077F0007212012085010400FA4F04003550040084
:107800000018150008B5632017F00FFC642017F06E
:107810000CFC40F2E731652017F00EFC0022014B12
:107820001A7008BD70120120014B1878704700BF14
:107830007012012030B5184D85B015F8023C009546
:10784000AC1E3BB3637801336370F9F713FC90F817
:1078500040306946012B01AA04F53C700BD1FFF7BB
:10786000CDFB00280ADA02200C4A0D4905B0BDE81C
:10787000304017F00DBAFFF70FFDF2E76420009AD1
:107880000549521B92B2A4F8BE2205B0BDE83040B3
:10789000F8F70CBC05B030BD72120120D0520400C4
:1078A0008F5004002DE9F04FAF4B05461B780F4673
:1078B000ADF5577D43B98A68AC4811460DF5577D43
:1078C000BDE8F04F18F022BB27AB4FF42F72002118
:1078D00018461BF0BBF8F9F7CDFB00260446B0F8BC
:1078E0000C9090F800A095F92E00CDE90D6695F862
:1078F0003080ADF83C60F8F715FA2A8B4FF0010B99
:10790000130A0393D3B20222B9888DF85C20ADF834
:1079100060106168ADF85EB01991B96804931A916E
:10792000216827AB02901B9106A819468DF81A20F2
:107930000793ADF8186017F0DCFC0146079017A814
:1079400017F02CFD4FF43671079058461BF024F8C1
:1079500099FA99F98446002856D040F6013002225F
:10796000CDE91002CDF84D601296CDF85160CDF8FA
:10797000556010A90CF1080607C986E80700032224
:107980008CF8142007228DF84CB013AB8DF84F20E3
:107990000CF118060FCB07C6337008AECCE90066B1
:1079A00094F840B0C6E900CCBBF1010F0FD1D5E986
:1079B0000823CDE90023B86895F92E20298B03F020
:1079C00053F9021E24DA5846694917F061F9314625
:1079D000079801F0E5FC27AC0790001B83B208F084
:1079E0000F073A4618460121059317F0EDF900F00C
:1079F0000F0B3946584617F0DFF902B2002A059BF3
:107A000045DC5C4818F082FA0DF5577DBDE8F08F33
:107A100040F201138DF87220ADF8703094F842B046
:107A20001CAF87F803B0B4F8443004EB8B023B7111
:107A30003B46A24203F1020321D14FF436710120EB
:107A40001AF0AAFF04460028C1D041F602210181A4
:107A5000A121817207210DF1750303EB4B02D21BAB
:107A600093B28381017503831A4639461A301AF09E
:107A7000C6FF7368C4E900631C607460A7E7B4F8CC
:107A800046100434D970B4F844101971D1E7C01A03
:107A9000C2B2314607A817F0F5FE034620B1012017
:107AA000354A364917F0F4F8029A4BF0300B47EAA2
:107AB00002178DF838700AAFBC46039A0DAB8DF8EB
:107AC0003920049A8DF834B08DF835A0ADF8369091
:107AD0008DF83A2093E80700ACE8030008A8ACF85A
:107AE0000020079E17F0D3FBD5E90810EB7EAA7E95
:107AF000012B0CBF4FF4E1434FF46153A2FB03236E
:107B00001F4D361B491940F1000011EB020843EBF1
:107B10000005F9F7AFFA00238DF88C30124BB6B29E
:107B2000B3F8F032CDE92446ADF882304FF4B453C7
:107B30002193C3698DF8813003681CA81F9301232A
:107B40008DF880304FF47A73CDE91C8522971E930F
:107B50000FF09AF9024600283FF456AF1E9B0949E0
:107B6000094818F0D3F94FE770120120B050040013
:107B7000F25004002751040065520400E44E040052
:107B8000004605009D520400360004002DE9F04F28
:107B9000614B05461B780F46ADF54F7D002B00F07D
:107BA000B780F9F767FA06464FF000080DF17C0A36
:107BB0004FF42F72002150461AF048FF336895F9B0
:107BC0002E000293B389CDE90C885BBAADF8123070
:107BD00095F830B0ADF83880F8F7A4F82B8B4FF05B
:107BE000010901930223BA888DF83C30ADF840209A
:107BF0007268ADF83E901192BA685146129232689E
:107C0000059006A88DF81A301392ADF8188017F079
:107C100070FB01460FA817F0C1FB07AF03904FF4AC
:107C200036714846C7E900770CAC1AF0B5FE00285B
:107C30006ED002238381032340F6013203757B68F3
:107C40000281C0E90073C0F8188039461860786076
:107C5000039801F0A5FB0BF00F08A0EB0A074246C2
:107C60004946B8B217F0B0F8029B00F00F008DF84B
:107C70003130BDF8123040F03000ADF83230059BA5
:107C80008DF8300048EA0318019B8DF834801B0AF8
:107C90008DF83530019B0DF1240C8DF8363094E8C9
:107CA000070000248DF86C401B4C6346B4F8F0428A
:107CB000BFB2ADF862401FAC1C944FF4B45403C380
:107CC0001D971994F4691A808DF861403468EB7E31
:107CD00017940124D5E908204B450CBF4FF4E1432C
:107CE0004FF46153A97ECDF868C08DF860404FF421
:107CF0007A74A1FB03131694084C121940F100008A
:107D0000521843EB000314A8CDE914230FF0BCF87C
:107D10000DF54F7DBDE8F08F701201200046050083
:107D200010B5164C0020164916F0B2FF2178154BFD
:107D3000154A0020002918BF1A46144916F0A8FF5A
:107D40002378CBB1B4F8F0220020114916F0A0FF3F
:107D500094F9F22200200F4916F09AFF4FF4FA62CC
:107D600000200D4916F094FFB4F8BE220020BDE8B3
:107D700010400A4916F08CBF10BD00BF70120120E0
:107D800049510400690004006D00040060510400C2
:107D90007551040099510400C1510400E8510400D8
:107DA000F8B51D46DDE90667B24275EB07031446D8
:107DB0000BD31449144840F2BE43144A18F066F934
:107DC00040F2BE41114818F058F901F065FD4FF43A
:107DD00087335843C31722460419294643EB050548
:107DE000B44275EB070CF6D3B01A67EB0101A21B86
:107DF00065EB0703904271EB030302D3301B67EB83
:107E00000501F8BD48520400065303000C5204005B
:107E1000094900220B4610B5CC68844204D14821A0
:107E200001FB0230083010BD0132102A01F1480177
:107E3000F2D10020F7E700BFB018012008B50B49C8
:107E40000B4811F0E3F940F2EE32002140F2FE302F
:107E5000084BC3E903120132824219729961197504
:107E600003F14803F5D1002008BD00BFD18D01000A
:107E700068150120B01801202DE9F04F9DB004468F
:107E80001E4691460591DDF898A0F9F7F3F84FF0FA
:107E900000088389049094F90500257993FA93FBEF
:107EA000CDE90B88ADF83480F7F73CFF330A029335
:107EB000F3B2012602270190674803930388049ACE
:107EC000ADF8483003EB060C05995368A0F800C0E4
:107ED000139315912368DAF8001007A814930891FA
:107EE000ADF81C808DF81E708DF84470ADF84660BA
:107EF00017F0FFF90146089011A817F04FFA4FF458
:107F00003671089030461AF047FD044600283CD0F0
:107F100040F601220523CDE90E23CDF8408000F183
:107F200008030EAA07CA83E80700182241462775EE
:107F300016A81AF08BFD494B04F1180E17934FF455
:107F400041730DF1580CADF86030BCE80F00AEE89D
:107F50000F009CE8030009AB8EE80300C4E900337E
:107F6000CDE90944F9F786F890F840203046911B96
:107F70004A424A41B2404FF436718DF818608DF88C
:107F800019201AF009FD09AB20B96FF00B001DB0E4
:107F9000BDE8F08F41F602220281A12282720922FD
:107FA0000275BDF81820878142830A9A0783C0E9C9
:107FB0000032106019460A90089801F0F1F9DAF8D9
:107FC00000200890801A05F00F0884B2424631461E
:107FD0002046CDF8108016F0F7FE049A00F00F0549
:107FE0001146284616F0E8FE02B2002A09AB06DC6C
:107FF00038461B4916F04CFE6FF01500C7E7001B12
:108000001946C2B208A817F03DFC034620B130461D
:10801000144A154916F03CFE089B8DF82D90CAF8BD
:10802000003045F030038DF82C30019BADF82EB0B8
:1080300048EA0318029B8DF830808DF83130039B9D
:10804000279A8DF832300BAB03CB1B881060516040
:10805000284613819BE700BFB018012001010401ED
:108060002B270400465F0400E44E04002DE9F04F86
:108070002DED028BADF5477D04468846F8F7FAFFF3
:10808000814694F82F0094ED068B01F005FC4FF427
:108090002F7200210E9017A811AD11901AF0D6FC86
:1080A00014ABCDE9005340462389227CE168FFF7F9
:1080B000E3FE051E0BDA0220854A864916F0E8FD2C
:1080C00028460DF5477DBDEC028BBDE8F08F0135EC
:1080D000EBB20D93F8F7CEFF0F90F7F7CBFDD4E995
:1080E0000656074601208A46F5F736FF4FF4873CCF
:1080F0000F9B0C90986B8B46A0FB0C0ED96B4FF42A
:108100007A7200230CFB01E1F0F772FD0C9BFB1867
:108110004AEB0B0AC7184AEB010AFFF785FB20B1AF
:108120006D4BFB181F464AF1000A6C4BBD4276EBC3
:108130000A020AD355EA06030BD10220644A6849B1
:1081400016F0A6FD6FF01505BAE7ED1846F100062A
:10815000ECE712A816F03DFF074638B95C4A6149C2
:10816000022016F095FD6FF00B05A9E74FF0000B0C
:10817000119B17A96269A3EB010A129B1A60D9F837
:108180000430129A5360D8F80030C2F814B09360EB
:108190006388C2E90E561384534B82F841B043E919
:1081A00002560D9BC2F824B0A2F844304FF4B453E9
:1081B000A2F846B0D366D9F81C3082F878B082F8BD
:1081C00070301FFA8AF3A0F88AA01A46D0F88C0003
:1081D0000C931AF014FC14AA03CA12884FF0010A77
:1081E000A7F8812040F2EB32C7F8790087F878A031
:1081F0003846C7F87D1087F808A0FA60F8F7D2F87B
:1082000050B90220324A394916F042FD384616F07C
:10821000FEFE6FF00F0553E713A8F7F7F3FF0746CD
:1082200010B92B4A32499BE713990D9BC1F814B042
:10823000628881F841B00A844FF4E142A3FB022C2A
:1082400002F52842C032521946F10006C1E90E2655
:10825000284A81F858B081F84CB08A64626981F884
:1082600055A00A65237C022581F85430B9F80C30FA
:10827000A1F856304FF47B730572C360F8F792F89B
:1082800038B92846124A1C4916F002FD384616F045
:10829000BEFED8F80030228961698DED0A8B1298F4
:1082A0000025D0E90E670E98CDE9086707900C9875
:1082B00006906088059098F90500CDE90121CDE987
:1082C0000310009200201A460C4916F0E1FCF7E674
:1082D000F55E04004553040000580F02008C0A00AC
:1082E00074530400A0530400401D0120E753040010
:1082F0000D540400001815003354040059540400B0
:1083000073B5856806462846FFF782FD044640B9E6
:108310002B460120154A164902B0BDE8704016F000
:10832000B7BC3378012B09D12B4600200F4A1149E5
:1083300016F0AEFC0023237302B070BD022B0BD0ED
:108340000D490E484FF486630D4A17F09FFE4FF417
:1083500086610B4817F091FE0A4B01200093034AF7
:108360002B46094916F094FCE4E700BFCB5E0400FD
:10837000515504008A5504000E56040006530300AC
:10838000DA55040020BF02005556040070B510F8FD
:10839000186C0446012E12D1002540F8085C00F844
:1083A000185C50F8100C01F0C7FD04F80C5C304666
:1083B00054F8142C0249BDE8704016F069BC70BD39
:1083C000B256040038B505460A4C4FF4327204F137
:1083D00030001AF014FB2946502204F53E701AF0C2
:1083E0000EFB002200232146034810F03BFF002033
:1083F00038BD00BF6815012028F20020014810F0A8
:10840000B5BF00BF68150120F8B50D6806462846BF
:108410000F46FFF7FDFC044618BB204B1A46197A9D
:1084200089B9482303FB042202F108043946304687
:10843000FFF71CFE0546E0B10346194A0220194920
:1084400016F026FC0BE00134102C03F14803E6D1B2
:108450000220134A144916F01BFC6FF0150528463C
:10846000F8BD2B4601200E4A104916F011FC26617A
:10847000DCE7012323703B68183444F8143C44F8CB
:10848000086C0B49204610F0C1FE4FF4C0320023A7
:108490002146084810F0E6FEE1E700BFB0180120D1
:1084A000225F04005D570400F956040020570400C1
:1084B0008D83010028F20020F0B58768054687B05B
:1084C00038460E46FFF7A4FC044640B93B4601205F
:1084D0001B4A1C4907B0BDE8F04016F0D9BB183064
:1084E00010F044FF337853B923703379012000939F
:1084F000AB68134A144916F0CBFB07B0F0BD02235A
:1085000023700020AB680E4A104916F0C1FB104BD7
:1085100005932369039363680493A068237B029007
:108520000BB101F009FD02A801F020FC28B10120E7
:10853000034A084916F0ACFBDFE701232373DCE7AD
:10854000A15E04009B570400D157040007580400A3
:1085500001830100425804000022094B197A0139B5
:10856000012903D899690989814206D00132102A6C
:1085700003F14803F2D1002070470120704700BF8B
:10858000B01801202DE9F04F87B08246F8F772FD50
:108590000746F7F76FFBDAE90645804601208B4670
:1085A000F5F7DAFCBB6B03900493FB6B9AF82F0092
:1085B00089461E4601F070F9071EC0F2BE804FF4D6
:1085C0008731049B4FF47A72A3FB010C002301FB5B
:1085D00006C1F0F70DFB039B13EB080649EB0B09F3
:1085E00010EB060849EB0109FFF71EF928B1544BBF
:1085F00018EB0303984649F100094FF4873303FB56
:1086000007F0C31707469B46444575EB09024ED356
:108610009AF83C20002A61D0012A4A4B4BD19AF8A3
:108620004970A7FB037B9AF84A20A2FB0323121987
:1086300045EB030303920493434A52E902329845FF
:1086400079EB020103D213F1010842F10009FFF7AF
:10865000EBF80646002848D0FEF770FF06460B46AA
:108660003A4A464573EB09013BD34FF461519AF8FE
:108670004020BAF8080002320593C2FB0145FFF71B
:108680006BFF059B10B13C194BEB0505DFF8CCA047
:10869000444575EB090205D2039A9442049A75EB9E
:1086A000020224D32046294607B0BDE8F08F2418E3
:1086B00043EB0505A8E7022A09D025492548D72319
:1086C000254A17F0E3FCD721234817F0D6FC4FF4D6
:1086D000615B9AF84970A7FB0B7BA4E7CDE90345E2
:1086E000AAE7B61843F10003BBE70346BDE7E41968
:1086F0004BEB050556EA0302CAD016EB0A0143F11B
:108700000002CDE90012204632462946059316F0B4
:10871000DCFB059B0028BBD03C194BEB0505444511
:1087200075EB0902BED2039A9442049A75EB0202D9
:10873000B8D23C194BEB0505DFE700242546B1E72D
:1087400000580F02008C0A00401D012000603D0807
:108750006E58040006530300DA5504000046050075
:108760002DE9F04F2DED028BADF5477D044689468E
:10877000F8F780FC824694F82F0094ED068B01F008
:108780008BF80DF15C0B4FF42F7200210F905846BF
:1087900011AFC7F800B01AF059F914ABCDE9007366
:1087A00048462389227CE168FFF766FB051E0BDA49
:1087B0000220734A734916F06BFA28460DF5477D7F
:1087C000BDEC028BBDE8F08F0135EBB220460E9375
:1087D000FFF7D8FE50EA010380460E4607D102207B
:1087E000674A694916F054FA6FF01505E5E712A8D3
:1087F00016F0EFFB054630B90220644916F048FA3E
:108800006FF00B05D9E76269129B3F681A60DAF8CE
:108810000430129AA7EB0B075360D9F8003093602D
:1088200000235361618882F8413011845849C2E9BC
:108830000E8641E902860E995362A2F844104FF465
:10884000B451A2F84630D166DAF81C1082F87830BC
:1088500082F87010BBB259461A46A0F88A70D0F858
:108860008C000D931AF0CBF814AA03CA12884FF0AB
:10887000010BA5F8812040F2EB32C5F8790085F8AC
:1088800078B02846C5F87D1085F808B0EA60F7F79B
:1088900089FD50B902203A4A3E4916F0F9F92846B6
:1088A00016F0B5FB6FF00F0587E713A8F7F7AAFCE2
:1088B0000023054638B90220314A374916F0E8F955
:1088C0004FF0FF3579E713990E9F4B61628881F86D
:1088D00041300A844FF4E142A7FB022C02F5284202
:1088E000C03212EB080246F10006C1E90E2681F8FB
:1088F000583081F84C30294B02268B646269129BF8
:108900000A651A60DAF80430129A5360636893605B
:10891000139B83F855B0227C83F85420BAF80C20BE
:10892000A3F856204FF47B730672C360F7F73AFD45
:1089300038B93046124A1A4916F0AAF9284616F0F4
:1089400066FBD9F80030228961698DED0A8B129897
:108950000025D0E90EAB0F98CDE908AB07900D9834
:1089600006906088059099F90500CDE90121CDE9CF
:108970000310009200201A460A4916F089F91CE7F4
:10898000755F0400AF580400D8580400FE58040076
:10899000401D0120200A0400605904000018150041
:1089A000FA4F04009F590400F8B50D6806462846A2
:1089B0000F46FFF72DFA044618BB204B1A46197ACA
:1089C00089B9482303FB042202F1080439463046E2
:1089D000FFF7C6FE0546E0B10346194A02201949D1
:1089E00016F056F90BE00134102C03F14803E6D1E0
:1089F0000220134A144916F04BF96FF0150528466A
:108A0000F8BD2B4601200E4A104916F041F92661A7
:108A1000DCE7012323703B68183444F8143C44F825
:108A2000086C0B49204610F0F1FB4FF4C0320023D4
:108A30002146084810F016FCE1E700BFB0180120FD
:108A40009C5F0400945A0400F95604002057040067
:108A50008D83010028F200202DE9F04F2DED028BCF
:108A6000ADF5577D04460D46F8F704FB814694F8B2
:108A70002F0094ED068B00F00FFF0DF19C0A4FF4D0
:108A80002F7200210D90504619F0E0FFE168237C21
:108A9000278913910E93F8F7EDFA4FF0000802467C
:108AA00080892E7943BA95F905001292ADF84630C7
:108AB000CDE91C88ADF87880F7F734F900F00F03A2
:108AC0000C933B0A4FF0020B0F93FBB2012710935C
:108AD0009B4B129A18888DF888B0ADF88C00ADF8D1
:108AE0008A70526800EB070EA3F800E013992492F5
:108AF0002A68269115A851462592ADF854808DF824
:108B000056B0CDF858A016F0F4FB0146169022A8F6
:108B100016F044FC4FF436711690384619F03CFFBD
:108B200006F00F06844600287DD040F60141CDE9CD
:108B30001F1700F1080ECDF884801FAA07CA8EE81F
:108B40000700042217ABCCE900338CF81420194637
:108B50008CF818801698CDE917CC00F021FC1690FF
:108B6000A0EB0A0083B2324618463946129316F03B
:108B70002BF900F00F0A3146504616F01DF902B2EB
:108B80004245129B11DC58466E4916F081F86FF091
:108B9000150602206C4A6D4916F07AF830460DF53C
:108BA000577DBDEC028BBDE8F08FC01AC2B217A989
:108BB00016A816F067FE034620B13846644A654998
:108BC00016F066F84AF030028DF870200E9A0C9973
:108BD0008DF87120BDF846201CABADF872209DF8D1
:108BE0007420169F66F3030261F307128DF8742058
:108BF0000F9A19AE8DF87520109A8DF8762093E8AB
:108C0000070003C620463280FFF7BCFC03460A4635
:108C100053EA02010AD102204B4A4F4916F038F8B4
:108C20006FF01506BAE76FF00B06B2E722A8CDE9A0
:108C30000E3216F0CEF9DDE90E32834630B902204D
:108C4000464916F025F86FF00B06A7E766692298EB
:108C50000AF1010A06600026D9F80400DDF888C090
:108C600027A9CCF804002868CCF81460CCF80800D8
:108C70006088CCE90E32ACF8200039488CF84160AD
:108C800040E902324FF4B453CCF82460ACF844A06D
:108C9000ACF84660CCF86C30D9F81C307F1A8CF8F0
:108CA00070308CF87860ABF88A70BFB23A46DBF867
:108CB0008C0019F0A4FE01230C9A8BF878309DF8F3
:108CC000683062F307138DF8683019AB03CB1B884B
:108CD000CBF87900ABF8813003238BF8083040F2F1
:108CE000ED335846CBF87D10CBF80C30F7F75AFB34
:108CF00050B90220144A1B4915F0CAFF584616F015
:108D000086F96FF00F0649E72B68218962698DEDBE
:108D10000A8B2298D0E90E890D98CDE90889CDE912
:108D200006706088059095F90500CDE90112CDE93E
:108D3000032000911A4630460B4915F0A9FF2DE794
:108D4000B01801202B2704005A5E0400CC5A0400FE
:108D50002B5E0400E44E0400D8580400FB5A0400C3
:108D6000401D0120200A04009F590400F8B54768FF
:108D7000054638460E46FFF74BF8044648B93B46D1
:108D80000120104A104915F083FF6FF015042046AA
:108D9000F8BD183010F0EAFAA06801F0CDF8002311
:108DA000314623732370236163602846FFF754FE26
:108DB00004460028EBD00346024A0220034915F07E
:108DC00067FFE4E7825E0400655B0400945A0400D8
:108DD0002DE9F04F2DED028B0446ADF6DC0D00F1D0
:108DE00030014FF4327226A819F009FE94F834309D
:108DF0000BB3002140F27452D9A8D89119F026FE85
:108E0000F5F77EF840F2E732904203460DF1A202F8
:108E100022D1CA49D8A814F019F94FF42F720021B1
:108E20000DF1A20019F012FE40F2BB22D8A90DF1FB
:108E3000A20019F0CAFF269800F076FD014680B91D
:108E40000120269BBE4ABF4915F022FF0DF6DC0D1E
:108E5000BDEC028BBDE8F08FBB49D8A814F0F6F842
:108E6000DBE704F53E73184650220E9319F0C7FD58
:108E7000F8F700F9814694F8270394EDC48B00F0CD
:108E80000BFD0DF5587A4FF42F7200210F905046CC
:108E900019F0DCFD94F80833B4F80083D4F804B377
:108EA0001093F8F7E7F80026838905465BBA9DF929
:108EB0009E009DF89D70ADF84E30CDE91B66ADF873
:108EC0007460F6F72FFF00F00F030D934FEA18239D
:108ED00011935FFA88F34FF001081422314621A85C
:108EE0001293ADF850608DF8526019F0AFFD974ABB
:108EF000ADF88680138814A8ADF8883003EB08011C
:108F00006B68118051462393CDF894B0CDF854A0EE
:108F100016F0EFF90146159021A816F03FFA4FF42C
:108F200036711590404619F037FD07F00F070546DA
:108F3000002800F097800DF1A200EFF79BFE0223BE
:108F4000032180B200EB080B184405F1080CCDF8A2
:108F50007A60CDF87E60ADF882608DF878301FFAC7
:108F60008BFB8DF87910ADF87C001EAA07CA8CE83F
:108F700007005A462E750DF1A20105F11C0019F0EB
:108F80003EFD16ABC5E900331946A5F81AB085F8C1
:108F900018801598CDE9165500F002FA1590A0EB4F
:108FA0000A0086B23A464146304615F00DFF00F001
:108FB0000F053946284615F0FFFE02B2002A4FF091
:108FC000020311DC1846624915F062FE6FF01504C9
:108FD0000220604A604915F05BFE23460220584A91
:108FE0005E4915F055FEE5E0801BC2B216A915A832
:108FF00016F048FC034620B14046594A594915F03D
:1090000047FE45F030028DF86C20109A0D998DF8CE
:109010006D20BDF84E201BABADF86E209DF8702082
:10902000159E67F3030261F307128DF87020119A01
:1090300018AF8DF87120129A8DF8722093E807000E
:1090400003C70E983A80FFF79DFA50EA0103824663
:1090500088460AD102203F4A434915F019FE6FF0B5
:109060001504BAE76FF00B04B2E721A815F0B1FFC1
:10907000074630B902203D4915F00AFE6FF00B0497
:10908000ABE7D8A9721A0026D4F80C03219B01354E
:109090001860D9F8043021984360269B46618360AC
:1090A000B4F8FA32C0E90EA80384314B80F841606D
:1090B00043E902A84FF4B453A0F844504662A0F824
:1090C0004660C366D9F81C3095B280F8703080F8DD
:1090D0007860D7F88C00A7F88A202A4619F08FFC10
:1090E00001229DF864300D993A7261F307138DF8EF
:1090F000643018AB03CB1B8887F87820A7F8813041
:1091000040F2EA3240F2E933C7F87D10BDF8A01012
:10911000C7F87900B14218BF13463846FB60F7F72D
:1091200041F948BB02200B4A124915F0B1FD3846FF
:1091300015F06DFF6FF00F044FE700BF895B04006F
:10914000085E0400C05B0400A55B0400B0180120A9
:109150002B270400EC5D0400025C0400785D040031
:10916000C85D0400E44E0400D8580400295C0400E3
:10917000401D0120200A0400B4F80023D4F80C1389
:109180008DED0A8B2198269BD0E90E890F98CDE9A9
:109190000889CDE90650B4F8FA02CDE9012105901D
:1091A0009DF99E000092CDE903101A4630460F4902
:1091B00015F06EFDBDF8A040002C3FF447AE4FF413
:1091C0007A734FF4004540F2E73000215C434FF4DE
:1091D0007A720023E4FB0501EFF70AFD02460B4615
:1091E0000348044910F03EF830E600BF865C0400F6
:1091F00028F200206815012070B50020094915F0FB
:1092000047FD0024084D094E2B7A01342BB122462C
:1092100031460020EB6815F03BFD102C05F14805A8
:10922000F2D170BD985D0400B0180120A75D040064
:10923000F0B58DB06C4606460F46084D0FCD0FC4F5
:109240000FCD0FC495E80F0084E80F003A46314671
:109250006846F6F777FD0DB0F0BD00BF104403007F
:10926000F0B58DB06C4606460F46084D0FCD0FC4C5
:109270000FCD0FC495E80F0084E80F003A46314641
:109280006846F6F75FFD0DB0F0BD00BF4044030037
:109290001E289DBF034B23FA00F000F001000020C0
:1092A000704700BF070001402DE9F043164CCBB0DA
:1092B000814616468846D822144914A808AD1F4690
:1092C00019F09DFB0FCC0FC50FCC0FC594E80F0014
:1092D00085E80F006D4610340FCC0FC594E80F00E1
:1092E000B9F1030F85E80F003A4631460AD1B8F1CB
:1092F000000F05D108A8F6F725FD4BB0BDE8F083B7
:109300006846F8E714A8F6E74845030070440300F0
:1093100003289ABF014B185C00207047EC680400DA
:10932000024608B5137808469B01DBB20B70117832
:1093300003290CD191885278003918BF012102F01D
:109340000302134343EA411300F8013B08BD00291F
:10935000FCD0517801F03F010B4303701378012BCF
:1093600004D19388023000F8013CEFE7022B0BD0C8
:109370000849094840F21523084A16F087FE40F2D2
:109380001521064816F079FE91880130BDE80840A5
:1093900015F0FDBCEB5F040006530300BA5F040048
:1093A000F8B50E46054600273468A64201D1284686
:1093B000F8BDD4E900322946136004F108005A6070
:1093C000C4E90077FFF7ACFF227D062A00F2B080E7
:1093D000DFE802F004202A30363C8F00227E012A8A
:1093E0000BD05749574840F25E43574A16F04EFE9D
:1093F00040F25E41544816F040FE1023054605F841
:10940000013B2846628B04F11C0119F0F8FA638BCA
:109410001D4405E0014604F1180016F0B8F80546B1
:10942000204619F0B2FABFE7014604F1180016F021
:10943000F9F8F4E7014604F1180016F092F9EEE7A6
:109440000546237E1B0105F8013BE9E7A27E617E0C
:10945000520002EB8102E17E0A44217EC90001F044
:1094600018010A440270227F4270A27F617F02F0DD
:109470007F0202EBC112827094F82120E17F02F09A
:10948000070202EBC11294F82010C90001F0780124
:109490000A44C27094F8242094F8221002F00702C3
:1094A00002EBC11294F82310C90001F078010A44BC
:1094B0000271227EAAB9451D637E1BB194F8273044
:1094C00005F8013BA37E23B12846218D15F05FFCF2
:1094D0000546E37E002BA3D02846618D15F057FC8E
:1094E0009DE794F82520C51D427194F826208271CD
:1094F000E2E70021227E051D0270627E4270A27E9C
:109500008270E27EC270A07ECBB2984205F1030267
:1095100086D903EB43032344187F154602F8030C56
:10952000587F013102F8020C9B7F02F8013CEAE708
:10953000228B04F11A0119F062FA258B034667E7C2
:109540002060040006530300BA5F04002DE9F04FC9
:109550000746904685B000EB010A0DF10409574516
:1095600001D3012008E04A46384615F043FF30B9E0
:10957000A94816F0CBFC002005B0BDE8F08F4FF4F1
:10958000367012F0AFFC044608B9A448F1E700F1C8
:10959000080399E8070083E80700637ABDF80860CC
:1095A0001A2B039D1ED81A2B1FD8DFE813F05E017B
:1095B0002000200020002000200020001E001E00AF
:1095C00037001F012A0143011E001E001E001E005D
:1095D0001E001E0045001E001E001E001E001E0074
:1095E0001E00C5003E2B00F0488109233EE115F81E
:1095F00001BB4FEA1B1BBBF1010F02D0884816F0DC
:1096000085FC00232946721E92B284F818B0237597
:10961000628304F11C0019F0F2F912E13146284688
:1096200004F1180215F045FF18B97E4816F06EFCDB
:10963000DBE70123237504E1042E6BD92978C1F3FC
:10964000C10121762B78C3F3800B84F819B02A78F6
:109650005B464FEA520EC2F34002A27695F800C074
:109660000CF00100E076002949D1002B54D1002AEA
:1096700056D1002856D16B782377AB78DB09637716
:10968000AB7803F07F03A377EB78DB09E377EB7824
:10969000C3F3C30384F82030EB7803F0070384F8A6
:1096A00021302B79DB0984F822302B79C3F3C303F3
:1096B00084F823302B7903F0070384F8243099BB16
:1096C0006B1DBBF1000F03D013F8012B84F827208A
:1096D0001EF0010F07D01A785978120202F4F852DE
:1096E0000A43228502331CF0010F06D01A785B78FA
:1096F000120202F4F8521343638505239AE76BB113
:10970000072301330AB102339BB208B102339BB283
:10971000B342B0D9444889E70523F2E70723F1E7CC
:109720000523F0E70523F1E76B7984F82530AA7962
:10973000EB1D84F82620C4E7002D00F08280032E64
:109740007FD92B7823766B786376AB78A376EA782B
:10975000591E0529E27674D8934272D3321FB2EBB8
:10976000430F18B24FEA43011BD121462A4495F812
:1097700004C06879BCF1170F63D8431E172B60D85B
:109780000CEB0003013BDBB2172B5AD80235AA427F
:1097900081F81CC04B77887701F10301E7D10623DC
:1097A00048E701448A424CD122460021073515F88A
:1097B00003EC15F802CCBEF1170F15F8010C40D8D8
:1097C000BCF1170F3DD800F1FF3BBBF1170F38D8A4
:1097D00001319077C8B2984282F81CE082F81DC02F
:1097E00005F1030502F10302E1D3D8E7314628462B
:1097F00004F1180215F059FF08B90C4816E70223C6
:1098000018E73146284604F1180215F0ECFF08B9B4
:1098100007480BE703230DE77F600400A060040006
:10982000BB600400D4600400F56004000F61040014
:109830003D610400A6B9124816F068FB092326838F
:109840002375D8F804304846C4E900831C60C8F882
:10985000044015F023FE30440744AAEB07017EE6DE
:109860002B781B0923760423E4E608233246294695
:109870002375268304F11A00CDE60723F6E700BF1F
:109880006C61040006289ABF024B33F910004FF0B8
:10989000FF3070479E5203000A289ABF024B33F9EB
:1098A00010004FF0FF3070478852030003289ABF22
:1098B000024B53F820000248704700BF004A0300E3
:1098C0009A61040006289ABF024B53F82000024810
:1098D000704700BFE44903009A6104000E289ABF54
:1098E000024B53F820000248704700BFA84903000C
:1098F000A26104000D289ABF024B53F820000248D1
:10990000704700BF704903009A61040002460B468D
:1099100001480EF011BD00BF94EC002001480EF08C
:10992000DBBD00BF94EC002038B54FF0FF31054699
:109930004FF0FF30FFF7EAFF0A4B00221C46197870
:1099400049B15968A94206D1502303FB0244FFF7ED
:10995000E5FF204638BD0132102A03F15003EED155
:109960000024F4E7401D012008B54FF0FF304FF010
:10997000FF31FFF7CBFF4FF4A0620021034819F03D
:1099800065F8BDE80840FFF7C9BF00BF401D0120D2
:109990002DE9F04FB9B0429F1E469DF8183115468B
:1099A000814638460F938A46BDF80C81FFF7BCFF0D
:1099B00046EA052304460E93002864D10146282276
:1099C00010A819F043F899ED007BDDF810C11AAC2E
:1099D000BCE80F000FC4DCF800301FAA2360459BD1
:1099E00003F1100C144618685968083303C4634522
:1099F0002246F7D11868502220600E9B10A924A897
:109A000015938DED167B1395ADF842A01197ADF827
:109A100048808DF8506018F0F2FF4FF0FF304FF0A3
:109A2000FF31FFF773FF00235022464D02FB03F680
:109A300015F806907019B9F1000F17D101245022C2
:109A400024A918F0DCFFAC55FFF768FF3B463A4607
:109A50004846CDE9018A3C49CDF8008015F018F957
:109A6000FFF75CFF204639B0BDE8F08F0133102BC3
:109A7000DCD1FFF753FF3B460220344A344915F04E
:109A800007F90024ECE7D9E9002390F82F00CDE98D
:109A90000023D4E90623FEF783F983460D91BAF13A
:109AA000000F01D0A4F802A00E9BA4F80880E56086
:109AB00026746361D9E90023C4E906230D9BC4F829
:109AC00020B06362CDE900B33846D9E9002315F030
:109AD00026FFDDF810C104F1280EBCE80F00AEE847
:109AE0000F00DCF8003004F13C02CEF80030459B5A
:109AF00003F1100E9446186859680833ACE8030067
:109B000073456246F6D11868CCF800000F9BB3B1DC
:109B10000D9BCDF828B00B93D4E90623CDE908239B
:109B200063883A46CDE9056300203B46CDE90356FC
:109B3000CDE901850749CDF8008015F0A9F8012489
:109B40008EE700BF401D0120F0680400626B040036
:109B50004F690400866904002DE9F84FF6F78AF88A
:109B600006460F464FF0FF304FF0FF31FFF7CEFEB5
:109B70000020294915F08CF80025284CDFF8BCA0FE
:109B8000DFF8BCB023780135002B3DD0D4E90601C5
:109B9000301A67EB0101EEF75DFC214B0022EEF776
:109BA000B9FDEFF76FF8814688462A4651460020F6
:109BB00015F06EF8E36859461A46002015F068F86B
:109BC000237C00201A46174915F062F863690020CB
:109BD0001A46154915F05CF800206268134915F023
:109BE00057F800202289124915F052F800206288A7
:109BF000104915F04DF800204A4643460E4915F02D
:109C000047F8606800F0BCF9102D04F15004B9D198
:109C1000BDE8F84FFFF782BE466A0400401D0120F0
:109C200000E0F040926A0400B96A0400E06A0400AF
:109C3000FE6A04001C6B04003A6B04005C6A0400BA
:109C40006B6A040038B54FF0FF3105464FF0FF3026
:109C5000FFF75CFE1023074A147814B15188A9421B
:109C600004D0013B02F15002F6D11C46FFF756FE2C
:109C7000204638BD401D0120094B00211A4610B571
:109C80001C7834B15C68844203D1382303FB012083
:109C900010BD0131102903F13803F1D10020F7E79D
:109CA00040220120094B00211A4610B51C7834B11E
:109CB000DC68844203D1382303FB012010BD01314D
:109CC000102903F13803F1D10020F7E740220120E9
:109CD0007FB5866805463046FFF7CEFF044640B99B
:109CE000334602201D4A1E4904B0BDE8704014F0FE
:109CF000CFBFF5F7BFFFD4E90C3253EA02061FD0FD
:109D0000C01A61EB0201EEF7A5FB0022154BEEF73E
:109D100001FDEEF7B7FF0023134A824273EB010106
:109D20000EDA2370A868F6F77FF9236943B102229F
:109D30008DF80420AA6801A80292E268039298476D
:109D40000120F3F741FCEB8923B9A3690133A36137
:109D500004B070BDE3690133E361F9E7296E0400E3
:109D6000876B040000E0F04020BF02002DE9F04FB7
:109D7000044687B008B143684BB96149CA23614AB8
:109D8000614816F083F9CA215E4816F076F9056835
:109D90002846FFF771FF48B1012022685B4914F0A3
:109DA00077FF6FF00F0007B0BDE8F08F2846F6F799
:109DB0005DF905460028EFD13823DFF878B103FBC1
:109DC00005FA1BF80A204AB963688BB94C4982230B
:109DD0004C4A4D4816F05AF98221D5E70135102D2D
:109DE000EDD102204A4914F053FF6FF00B00DAE77F
:109DF000F5F740FF88460746F7F73CF945490390D9
:109E000060687F18D0E9066390F82F00029348F14C
:109E100000030093FFF740FD4FF4873101FB00F88A
:109E200005A84FEAE8710191F6F7ECF9DDE90113B5
:109E30008146039A48B90220374A384914F028FF6E
:109E4000D3E718EB060641EB03030098BE4273EB21
:109E50000000F6D304204FF0010C0027216889F898
:109E60000800059889F810C0C9F80C1080F85870DF
:109E7000116880F855C00165116880F85410526867
:109E80004764A0F85620264A80F84170B61863F15E
:109E90000003C0E90E63234B836463685B88C7617A
:109EA00003840A2303FB08F343621F4B43611F4BE8
:109EB000C3604846F6F776FA4FF0010C40B902202D
:109EC000154A1B4914F0E4FE484615F0A0F868E76F
:109ED00038235D430BEB05060BF805C0351D94E8F0
:109EE0000F0085E80F00002200230AF11800C6E9E0
:109EF0000C2339461822584418F0A8FD384652E77A
:109F0000E96B0400B06B040006530300066C040008
:109F1000346C040000B01E045C6E04006059040040
:109F200080CDFDFF80970600D19C010013F902004F
:109F3000200A04004022012030B585B00546FFF715
:109F40009BFE044640B901202A460C4914F0A0FEAD
:109F50006FF0150005B030BD002303702846F6F7FA
:109F600063F823690BB90020F4E701228DF804207F
:109F7000E2680295039201A89847F4E74E6C04004A
:109F80002DE9F041FFF78EFE04462D49002014F024
:109F90007FFE2CB92046BDE8F0412A4914F078BE76
:109FA000F5F768FED4E90C7805460E4600202649F0
:109FB00014F06EFE62680020244914F069FED4E9B2
:109FC0000C32134323D10020214914F061FE0020FC
:109FD000204914F05DFE226A00201F4914F058FE4B
:109FE000A26900201D4914F053FEE26900201C49BB
:109FF00014F04EFE626A00201A4914F049FED4E9BA
:10A000000A23BDE8F0410020174914F041BEE81BC7
:10A0100066EB0801EEF71EFA0022144BEEF77AFB0E
:10A02000EEF730FE02460B460020114914F030FED8
:10A03000D4E90C2300200F4914F02AFEC7E700BF23
:10A040007A6C0400956C0400AA6C0400BD6C0400DA
:10A05000D56C0400336D0400416D04006F6D040085
:10A060009D6D0400CB6D0400F96D040000E0F0402C
:10A07000EB6C04000F6D0400F0B50C46ADF5337DBC
:10A08000092800F22982DFE810F02200E5003B00F9
:10A09000A400DA00B5013402640261020A0000255E
:10A0A000A64F4E1C2388AB420ADD03AB5819394634
:10A0B00016F8012F013512F0C9FFB5F52F7FF1D148
:10A0C000002003AB1D4422889D49687015E00025DF
:10A0D0004F8803AE3A460431304618F090FC2078A1
:10A0E000F555FFF7FBFB237802469649284614F006
:10A0F000CFFD334628466288934914F0C9FDEBE151
:10A100009249002014F0C4FDE078FFF7DBFBE37810
:10A1100002468F49002014F0BBFD002022798D49B2
:10A1200014F0B6FD637A00201A468B4914F0B0FD96
:10A130002078002847D00020884914F0A9FD6078D5
:10A14000002842D08649002014F0A2FDA07AFFF733
:10A1500099FB84490246002014F09AFDE07AFFF74B
:10A160009BFB81490246002014F092FD0020A28949
:10A170007E4914F08DFD002022697D4914F088FD90
:10A18000A37823B10020A28A7A4914F081FD637973
:10A1900000201A46784914F07BFDA37900201A4666
:10A1A000764914F075FDE37900201A46744914F0DD
:10A1B0006FFD237A1A46734900200DF5337DBDE803
:10A1C000F04014F065BD7049B7E7704914F060FDC8
:10A1D000D6E700206E4914F05BFD25783DB30020E2
:10A1E0006C4914F055FDE278072A1BD100206A491A
:10A1F00014F04EFD6378002B00F06E81237A00206E
:10A200001A465D4914F044FD637A00201A465B4902
:10A2100014F03EFDA37900201A46594914F038FD88
:10A22000E379C7E700205D4914F032FDE2E72846F4
:10A230005B4914F02DFD284622795A49F4E75A4922
:10A24000002014F025FD2078FFF754FB2378024608
:10A250005649B1E7C879FFF71FFB4FF487365449D9
:10A2600046430546002014F013FD00202278514992
:10A2700014F00EFD6078F71700284DD0607AF5F7DE
:10A2800041FD4D490246002014F002FDA07800284F
:10A2900046D00020494914F0FBFCE078002841D06A
:10A2A00000206289464914F0F3FC207900283DD053
:10A2B0000020A289434914F0EBFC6079002839D0D2
:10A2C00000202269404914F0E3FCA079FFF7DAFA94
:10A2D0003E490246002014F0DBFC2A4600203C499F
:10A2E000CDE9006714F0D4FC227A0020394902F04D
:10A2F0000F0214F0CDFC227A3749C2F3011200207C
:10A3000014F0C6FC227A3549920900200DF5337D00
:10A31000BDE8F04014F0BCBC314914F0B9FCB5E71D
:10A320003049B8E7304914F0B3FCBEE72F4914F0C8
:10A33000AFFCC2E72E4914F0ABFCC6E77EE4030095
:10A34000907C0400F56E0400166F0400616F040039
:10A350008D6F0400B36F0400D06F0400F66F04002B
:10A360005770040092700400B9700400E07004009B
:10A37000047104007071040094710400BA71040047
:10A38000E0710400067204002770040035710400B7
:10A390002C7204005972040076720400CA72040020
:10A3A000E1720400FF7204001C730400487304008F
:10A3B0006F7304008E730400AF7304000D74040007
:10A3C000B97404001C7504009D75040088760400AF
:10A3D000AC760400E1760400107704003F770400B7
:10A3E000D47304005E740400E37404006675040012
:10A3F000CB75040000257C22294604A8039518F09B
:10A4000025FB5A49284614F043FC2078FFF74EFA02
:10A4100057490246284614F03BFC23784BB12846A6
:10A42000627B544914F034FC2846A27B524914F054
:10A430002FFC6078E27B002851D000204F4914F0B7
:10A4400027FCA07800284CD00020228A4C4914F028
:10A450001FFCE078002848D00020628A494914F0A7
:10A4600017FC22790020484914F012FC03A96079F6
:10A47000F5F7AEFC45490246002014F009FCA2792C
:10A480000020434914F004FC03A9E079F5F7A0FC8F
:10A4900040490246002014F0FBFB0020227A3E498E
:10A4A00014F0F6FB0020627A3C4914F0F1FBA17A2B
:10A4B0003B4B3C4A0020002908BF1A463A4914F099
:10A4C000E7FBE27A00203949013214F0E1FB002079
:10A4D000227B374914F0DCFB0DF5337DF0BD3549A7
:10A4E000ADE7354914F0D4FBB3E7344914F0D0FBA1
:10A4F000B7E70020324914F0CBFB00202278314925
:10A5000014F0C6FB002062782F4914F0C1FB002034
:10A51000A2782E4914F0BCFB0020E2782C4914F0FC
:10A52000B7FB00252B4EA378EAB29342D4D902EBB5
:10A530004203234499790020019159790132009115
:10A540001B79314614F0A4FB0135ECE70A88224957
:10A55000DBE631F8025B03AB2A46184618F04FFAE7
:10A56000034600202A461D495855C6E56E7704006B
:10A570008B770400AC770400CD770400EE770400FD
:10A580009578040048790400EA7904000B7A040005
:10A590002C7A04004D7A04006E7A04008F7A04004D
:10A5A0007E6E0400BD6E0400B07A0400D17A04000F
:10A5B000FB7A040042780400EA78040091790400F0
:10A5C0001C7B04004E7B04006F7B0400907B040026
:10A5D000B17B0400D37B04000D7C0400497C0400A3
:10A5E0002DE9F04FD0F82880B1B000F131090446D0
:10A5F0004146484608AA14F063FE0746002875D075
:10A60000FDF712F90646208BFDF7A6FF04F1320A8A
:10A61000002871D09DF82230012B40D0F3F7C0FC08
:10A62000B4F9043003EBD3756D100026A26A0293CF
:10A63000CDE90352B4F906300020019323689E4906
:10A640000093D4E9082314F023FB7C22314611A89F
:10A65000109618F0FBF93046984914F019FB304673
:10A66000974914F015FB30469DF82020954914F0C9
:10A670000FFB10A99DF82000FEF7F2FD924902465B
:10A68000304614F005FB10A99DF82200FEF7D0FD1E
:10A690008E490246304614F0FBFA3E4609E0F3F7D5
:10A6A0007FFC06460028BBD1B4F9045005EBD575F4
:10A6B0006D1050460BAB08AA08F1FF3114F03CFEB8
:10A6C00030BB7EB9A36A7C49CDE90353B4F90430A9
:10A6D0000293B4F90630019323680093D4E9082368
:10A6E00014F0D6FA02207A4914F0D2FA0023079324
:10A6F000079831B0BDE8F08FF3F752FC00288FD1F6
:10A70000B4F9043003EBD3756D10002ED1D08CE773
:10A710009DF822307EB3012B0CD10F9B6D491A4658
:10A72000002014F0B5FA0D9B6B491A46002014F076
:10A73000AFFA20E0694BBDF82E10694A00200029CD
:10A7400018BF1A46674914F0A3FA0020BDF830205C
:10A75000654914F09DFA9DF82230022B09D10E9B19
:10A7600000201A46614914F093FA0D9B60491A467D
:10A77000DCE7032BF9D09DF82200FEF7C9FDA16AA2
:10A780000DF12408091A42464844CDE90988FEF72C
:10A79000DDFE079080B90220564914F079FA0024B2
:10A7A00009984045A4D0D0E9003213605A60C0E94E
:10A7B000004418F0EAF8F3E70027099DBB46454539
:10A7C00008BF0025B946069715BB069BC3B110AB61
:10A7D00014220021184618F039F9B9F1000F08BF0A
:10A7E0008146069BCDE903960293238B0F9A019332
:10A7F0000D9B04F120000093A37DA18AFFF7C8F808
:10A80000BBF1000FCBD059460BA8FDF755FEC6E7AC
:10A810003EB34FF0000A01373A460020364914F0A3
:10A8200037FA7C22514611A8CDF840A018F00EF955
:10A830005046324914F02CFA10AB6A7AA989287A6A
:10A84000FEF732FD2E490246504614F021FA5046DA
:10A850002C49AA8914F01CFA287D05F11801FFF78C
:10A860000BFC2B7D042B11D1F6F704FC70B190F892
:10A870004130012B0AD1DDF834A0504600F034F904
:10A8800026B152460020204914F002FA2B7D012BFC
:10A8900007D105F1180306930A9BAB4295D02D68AA
:10A8A00092E7052B02D105F11809F5E7032B08BF44
:10A8B00005F1180BF0E700BFC77C04001A7D040007
:10A8C0002D7D04003B7D04004B7D04005C7D040075
:10A8D000697D04008C7D0400B77D040069000400DC
:10A8E0006D000400E27D0400F27D0400047E04009B
:10A8F000207E04003F7E0400597E0400637E040035
:10A90000777E0400897E0400A27E04002DE9F04FCA
:10A9100005468BB020B9002630460BB0BDE8F08F5D
:10A92000846A002CF7D000F131082146404602AA83
:10A9300014F0C6FC0028EED0012CECD005AB02AA26
:10A94000611E05F1320014F0F7FC06460028E2D043
:10A95000F6F790FB88B190F84130012B0DD1D5E985
:10A960000801B5F90420CDE9000102EBD272298B70
:10A97000079842F3470200F077F99DF80A00FEF7C6
:10A98000C7FC0028C7D0A042C5D8211AC4D003AF45
:10A990003A464044CDE90377FEF7D8FD064660B954
:10A9A00000240398B842B7D0D0E9003213605A604F
:10A9B000C0E9004417F0E9FFF3E7039CBC42EFD085
:10A9C0004FF00009DFF878A0C846DFF878B027E03C
:10A9D000A36803EA0A035B450AD1238B012B07D93D
:10A9E000A37E012B02BFB14694F81B80C8F3400838
:10A9F000237D022B10D1F6F73DFB68B190F8403073
:10AA0000012B10D1B9F1000F02D0B8F1000F10D115
:10AA1000284605A9FDF7BAF8049BA342C0D02468D4
:10AA2000002CD5D1BCE7B9F1000F02D0B8F1000F6E
:10AA3000EED1284604F1180205A9FCF733FFEBE735
:10AA400000FFFF00001AA10010B5EFF311842023CE
:10AA500083F31288BFF36F8F1A4810F011F968B9A9
:10AA60008823194A19491A4815F010FB1549194845
:10AA700015F00CFB8821144815F0FFFA114810F06E
:10AA800023F990220021144817F0E0FF0D4810F040
:10AA900005F968B940F231130B4A10490C4815F01A
:10AAA000F5FA08490E4815F0F1FA40F23111E2E7E3
:10AAB00084F31188BFF36F8F0020BDE8104009496F
:10AAC00014F0E6B8D83B0120D47E0400017F0400D6
:10AAD00006530300167F0400C02501202C7F0400CC
:10AAE000437F0400587F0400F8B50546002853D082
:10AAF000EFF31186202383F31288BFF36F8F28486A
:10AB000010F0BEF868B98823264A2749274815F06F
:10AB1000BDFA2349264815F0B9FA8821214815F0D5
:10AB2000ACFA1F4810F0D0F814F01CFF214B0024A1
:10AB30001F4684420ADB1A4810F0B0F8A8B186F329
:10AB40001188BFF36F8F6FF0010021E01A7802B314
:10AB50005A68AA421DD11822002102FB047017F086
:10AB600075FF0F4810F09AF868B940F231130D4A9A
:10AB700011490E4815F08AFA0949104815F086FA6D
:10AB800040F23111CAE786F31188BFF36F8F0020BE
:10AB9000F8BD01341833CCE76FF01500F8E700BFBB
:10ABA000D83B0120D47E0400017F0400065303003B
:10ABB000167F0400C02501202C7F0400437F040081
:10ABC00070B5EFF31185202383F31288BFF36F8FE5
:10ABD0001D4810F055F868B988231C4A1C491D48C7
:10ABE00015F054FA18491C4815F050FA88211748F6
:10ABF00015F043FA144810F067F814F0B3FE002380
:10AC000018221C461549834211DB0F4810F046F804
:10AC1000A0B940F231130D4A11490E4815F036FA29
:10AC20000949104815F032FA40F23111DFE702FB12
:10AC300003F68E5D06B101340133E4E785F3118834
:10AC4000BFF36F8F204670BDD83B0120D47E040037
:10AC5000017F040006530300167F0400C025012075
:10AC60002C7F0400437F04002DE9F84FDDE90AAB97
:10AC70000D461646804600287FD0FFF7A1FF044608
:10AC8000F6F7F8F990F84220A24206DC01203C4990
:10AC900013F0FEFF6FF00B006BE0EFF31187202342
:10ACA00083F31288BFF36F8F36480FF0E9FF68B95E
:10ACB0008823354A3549364815F0E8F93149354891
:10ACC00015F0E4F98821304815F0D7F92D480FF038
:10ACD000FBFF14F047FE304A0023944683420DDB0D
:10ACE00000234FF0180E83422ADB26480FF0D6FFD0
:10ACF000A8B187F31188BFF36F8FCBE711785C1C85
:10AD0000D9B15168414518D1182202FB03C3C3E9E8
:10AD100004AB1D819E721B480FF0C0FF20BB40F2A8
:10AD20003113194A1D491A4815F0B0F915491C4844
:10AD300015F0ACF940F23111C5E723461832CDE7E2
:10AD40000EFB03F11CF801900CEB01025C1CB9F145
:10AD5000000F10D10123C2E904AB0CF80130C2F896
:10AD6000048015819672D6E787F31188BFF36F8F41
:10AD70002046BDE8F88F2346B5E76FF01500F8E7E9
:10AD8000707F0400D83B0120D47E0400017F0400C2
:10AD900006530300167F0400C02501202C7F040009
:10ADA000437F04002DE9F04786B0F6F763F90646C5
:10ADB000EFF31189202383F31288BFF36F8F31489B
:10ADC0000FF05EFF68B988232F4A3049304815F0EC
:10ADD0005DF92C492F4815F059F988212A4815F0BA
:10ADE0004CF928480FF070FF14F0BCFD2A490246C8
:10ADF0000546002013F04CFF37460023274CDFF8B0
:10AE0000A8A0AB4211DB1F480FF048FF98BB40F2EF
:10AE100031131D4A22491E4815F038F919492148B5
:10AE200015F034F940F23111D8E7227803F1010826
:10AE3000D2B196F84020012A1AD1062B18D0B7F8C3
:10AE40004620B7F84830CDE90423D4E90423CDE9FE
:10AE5000022394F90A304246019323895146009314
:10AE60000020636813F014FF434618340437C8E722
:10AE700000231A46E7E789F31188BFF36F8F06B006
:10AE8000BDE8F087D83B0120D47E0400017F040098
:10AE900006530300167F04009F7F0400C025012095
:10AEA0002C7F0400437F0400B87F040070B5C4B059
:10AEB000044690F8301001A800F0D0F994F8306002
:10AEC000054638B133460220224A234913F0E0FEFA
:10AED00044B070BD03A8EDF7CDFE50B128461F4920
:10AEE00003AB324613F0D4FE1D4B03A9186805F0DE
:10AEF00095F894F830301B4C052B27D894F8300087
:10AF00004FF47A750130C0B284F8300000F078F95F
:10AF1000684318D094F8300000F072F9002105FB66
:10AF200000F44FF4004540F2E7304FF47A7200230A
:10AF3000E4FB0501EDF75CFE02460B4609490A48B1
:10AF40000EF090F9C4E700221346F7E7002384F8D7
:10AF50003030BDE751800400F67F040029800400F2
:10AF6000783B012050260120E0EE00202DE9F04141
:10AF700000F064F9114E04463578EDB900F0A4F9FB
:10AF8000D0B14FF47A734FF4004C012740F2E73010
:10AF900029465C43DFF82C804FF47A720023E4FBEF
:10AFA0000C0188F83070EDF723FE02460B4604488A
:10AFB00041460EF057F93770BDE8F0812C59012059
:10AFC000E0EE00205026012008B5044904480EF0A8
:10AFD0001DF9BDE8084000F0C3B900BFADAE0100E7
:10AFE000502601202DE9F04F01290D461746ADF6F8
:10AFF000A44D53D901230026544ADFF8849102A8B6
:10B000001360C9F8003000F01FF940F24C6202A949
:10B010000DF2546017F0F3FC3446B2464FF00508C9
:10B02000B3464B4B394628464A4ACDF800B017F094
:10B030008BF8431C0AD1D9F80030AB425CD205F141
:10B040008045013D57F82520434924E074282DD040
:10B050000EDC682822D0722824D064283AD0D9F88F
:10B0600000303E4903F18043013B57F8232012E0B2
:10B0700040F2E933984235D040F2EA339842EED1BB
:10B08000374B1E683046EDF7F5FDB0F5807FC8D927
:10B090004FF480723349022013F0FAFD3248F0F782
:10B0A00041FD01E000F01EF900240BE02C4B186874
:10B0B00017F083FC00280ADA2C49022013F0E8FD7F
:10B0C0006FF0150420460DF6A44DBDE8F08FCDF8C5
:10B0D0005406A6E7224B4FF0010A186817F06DFCE2
:10B0E00080469EE71E4B186817F067FC431E052B31
:10B0F000044696D91E49E0E72EB13CB91D4902200D
:10B1000013F0C6FDCAE7ACB11B49F8E74FF48673EC
:10B11000013C5C430DF2546304F10C0031461844C9
:10B1200017F039FEBAF1000F04D00DF254631C443D
:10B13000C4F808800DF2546000F0A2F8044600281C
:10B14000C0D10E4913F0A4FDBCE700BF444E01205E
:10B15000DCE30020DA8004000C620300DF610300FE
:10B16000404E0120AF8004009481040064800400FC
:10B1700083800400E1800400F9800400148104004D
:10B18000F4E7002070B50C4915461E46EDF768FD42
:10B19000044668B940F24C6230460849A847051E8B
:10B1A00004DA2946064814F0B1FE2C46204670BD4C
:10B1B0006FF00104FAE700BF689C0400DC3B01204B
:10B1C000D084040008B5431EDAB2052A09D908491B
:10B1D00008483023084A14F059FF3021064814F07B
:10B1E0004CFF4FF48670054A00FB032008BD00BFEA
:10B1F000388504000653030000850400E83B012065
:10B200000138052808B509D9084909483623094AEB
:10B2100014F03CFF3621074814F02FFF4FF48672DC
:10B22000054B02FB0033986808BD00BF3885040059
:10B230000653030000850400DC3B0120014B186825
:10B24000704700BFDC3B012008B540F24C62024968
:10B2500017F0D5FB002008BDDC3B01200139052992
:10B2600008B508D84FF48672044B02FB013117F081
:10B27000C6FB002008BD6FF01500FBE7E03B012096
:10B2800038B50146054640F24C620B4802F030FFEB
:10B29000044630B102460949022013F0F9FC204669
:10B2A00038BD294640F24C62054817F0A8FB2046FD
:10B2B000044913F0EDFCF2E75785040068850400AB
:10B2C000DC3B0120928504000023054A107B28B94D
:10B2D0000133062B02F58672F8D1704701207047C2
:10B2E000DC3B0120F8B5174B00201C68164913F011
:10B2F000CFFC22460020154913F0CAFC0124144D4E
:10B30000144E154F22462946002013F0C1FCE0B22E
:10B31000FFF758FF0246007878B13946002013F055
:10B32000B7FC2046FFF76CFF0C490246002013F0E3
:10B33000AFFC0134072CE5D1F8BD314613F0A8FC71
:10B34000F7E700BFDC3B0120AD850400C1850400A8
:10B35000D285040005860400E1850400F38504001D
:10B36000194B10B540F24C620021184617F06EFBE5
:10B370000122026005228260C0F81421C0F8202258
:10B38000C0F82C23C0F83824C0F8442503F0A0F8F6
:10B39000044638B103460D4A0D49022013F078FCEB
:10B3A000204610BD0B4815F00EFC044618B10346AC
:10B3B000064A0949F1E715F0DFFB04460028EFD003
:10B3C0000346024A0549E8E7DC3B01209586040074
:10B3D000148604003CE400204D86040077860400B7
:10B3E00010B5094C0A44914200D110BD11F8013B3F
:10B3F00058400309E35C0001C0B243401809205CD7
:10B400001B01DBB25840EEE7AF860400F8B50F46EB
:10B4100000294AD004680122204614F038FB014676
:10B420000546204614F0FBFAC3070DD4AF231F4A8C
:10B430001F49204814F02AFE39461F4814F026FE02
:10B44000AF211A4814F019FE2946204614F0FDFADF
:10B450002E1831460022204614F0E1FA361AB54281
:10B460000BD0B723114A1549124814F00FFE394684
:10B47000134814F00BFEB721E3E72946204614F0E9
:10B48000EAFA294614F0E1FAA3682946B3F5004F19
:10B4900034BF042208226369A3EBC0031344636131
:10B4A0002046BDE8F84014F032BCF8BDBF86040069
:10B4B000E286040006530300F38604002B87040091
:10B4C00051870400B2F5802F2DE9F04110D2042AF3
:10B4D00028D845494FF40773444A454814F0D6FD2F
:10B4E000444814F0D3FD4FF40771404814F0C5FDF3
:10B4F0000823D21ACC1D114424F0070421F00701BF
:10B50000091B27294FEAD1070ED83B4940F22523D2
:10B51000364A374814F0BAFD364814F0B7FD40F209
:10B520002521E2E70423E4E7002504603946384694
:10B53000C4E90355C4E90555A76014F0BBFA01211D
:10B5400000F108028046384614F0ABFA9200D61D8E
:10B55000F6083044B8423AD8B8F1FF3F2946A2F184
:10B560001C0204F11C00B8BF2A4617F06FFA3246DD
:10B570002946204614F087FA2B462A4629462046BB
:10B5800014F058FAA7EB060820462946012214F0C9
:10B5900062FA4246314614F076FA33462A4631467C
:10B5A000204614F047FA3946204614F06CFA434618
:10B5B0002A463946204614F03DFA394620460122F3
:10B5C00014F049FA3146BDE8F04114F053BB0B4981
:10B5D00040F23A23054A064814F058FD054814F095
:10B5E00055FD40F23A2180E78D870400BF860400B4
:10B5F00006530300AE870400C7870400F0870400E9
:10B600002DE9F04F97B000AF89460446D7F880B0D7
:10B61000FA623B6258B9AB4940F29933AA4AAB4847
:10B6200014F034FD40F29931A74814F026FDCBF315
:10B63000C00390F802A07B6141B9457800780AEB1D
:10B64000800020444D4517D8A0EB0409E378FB6146
:10B65000BAF1000F02D01BF0010F16D1FB6953BBEA
:10B66000FB6A1BB1494620463A6A98474D46284630
:10B670005C37BD46BDE8F08F461C3046EDF7FAFA60
:10B680000130304409F10109DCE7626823787A620D
:10B69000FA6A9900B96104EB8301002A40F006813F
:10B6A0000E464FF000084D4601EB0A09B14550D156
:10B6B00001EB0A0610E01BF0020FD1D023789A00AC
:10B6C000BA61626804EB83017A62FA6A002A7BD16C
:10B6D0004D46904601EB0A061BF0050F0CBF0223F6
:10B6E0000123FB62FB6906EB430A0BF00203BB621A
:10B6F0005645BCD016F8021B16F8013C54F82390AE
:10B70000734B994502D3734B99453AD37B69002B10
:10B7100044D0786A14F0C1FB00283FD06E4803681B
:10B7200013F0060F13D0E9468AB06A466B4B53619B
:10B730007B6AC2E906314FF400731384684B42F808
:10B74000103F00234FF4125102F0C6F9CD46023DDE
:10B75000CEE716F8013BF96254F82300EDF78AFAB8
:10B76000D7F88430F96A01304BB1D7F88830984562
:10B770003EBFD7F8843023F8180008F101080544CB
:10B7800094E77B6923B1786A14F087FB0028C5D160
:10B790001BF0010F05D1FB6AED1AA9E7BB6A002B6C
:10B7A000A6D04846EDF766FAD7F8843053B1D7F8FB
:10B7B000883098453FBFD7F88420431C22F81830C2
:10B7C00008F10108054493E7BAF1000F74D01BF0AB
:10B7D000040674D0D046002607F1480052463B616B
:10B7E000B96217F00CF9B96A3B6901EB0A02BA6257
:10B7F000FA69F9695200FA60BA6A02EB41023A61E9
:10B800000BF00202BA60BA6A39698A426AD1627878
:10B810001BF0020F18BF00217A6208BF4FEA5801DF
:10B82000B2181BF0010FD2B240F0E5801BF0040FFC
:10B8300014BF404600207B616270A070E17020461A
:10B840003A6AB969FB6A9847051EFFF610AF7B6933
:10B85000414623707B6A3A6A6370FB6984F802A0F0
:10B86000E37007F14800FB6A9847B0F10008C0F2A6
:10B87000F680BB69A9EB0A01C91AFB683A6AC91AC2
:10B88000D7E90A0398470028C0F2EB804FF0000B7D
:10B89000A84408EB000507F1380AB345C0F0AD80B5
:10B8A00000213A6A0846FB6A9847E0E656464FF0A0
:10B8B000000807F1380091E75646D04695E7B046B4
:10B8C00093E700BFB08804001B8804000653030000
:10B8D000B438030024D60400B8EA0020CB88040062
:10B8E00004000001BA6A12F8021B12F8015CBA6285
:10B8F00054F825005C4A904202D35C4A904218D327
:10B900007A693AB1786A7B6014F0C7FA7B680028DC
:10B910007FF479AFBA68002A4CD00F2E40D9544931
:10B9200040F24D43534A544814F0B0FB40F24D41AD
:10B930007AE67A693AB1786A7B6014F0AEFA7B688D
:10B9400000287FF460AF1BF0010F0BD00F2E27D91A
:10B95000474940F24343474A474814F097FB40F2B7
:10B96000434161E61BF0040F3FF44DAFB8F10F0FF8
:10B9700009D9424940F246433E4A3F4814F086FB0B
:10B9800040F2464150E608F1280207F1300008F184
:10B99000010102EB000808F8105C5FFA81F832E759
:10B9A00006F1280207F13000711C161806F8205C19
:10B9B000CEB228E7B8F10F0F09D930494FF48A63A6
:10B9C0002C4A2D4814F062FB4FF48A612CE608F1F2
:10B9D000280207F1300C08F10100944407F15802E5
:10B9E00008F1020852FA80F00CF8101C5FFA88F88F
:10B9F00000F8105C07E700201DE71BF80A3054F838
:10BA0000239087F83730D7F884302BB3D7F88830B5
:10BA10009B4521D2D7F8843033F81B8001213A6A44
:10BA2000FB6A07F13700984700281ADB0544B8F194
:10BA3000000F06D14846EDF71DF900F101081FFA85
:10BA400088F8414648463A6AFB6A9847002808DB6E
:10BA500005440BF1010B20E74FF00008DEE74546F7
:10BA600005E6054603E600BFB438030024D604000B
:10BA70006E8904001B880400065303008D890400AE
:10BA8000014B1B68184700BF58E40020014B1860A9
:10BA9000704700BF58E4002007B50B46002102465E
:10BAA00000910348EDF754FA03B05DF804FB00BFC2
:10BAB00081BA010030B5002587B0CDE90301044605
:10BAC000009503A905480595EDF742FADDE9043034
:10BAD0009842B8BF255407B030BD00BFE9FE020050
:10BAE0000F2808B506D916F04EF8092303604FF069
:10BAF000FF3008BD3022044B02FB0033D3E8AF3FD8
:10BB0000002BF0D00020F4E764E400200EB40F28EE
:10BB10002DE9F74106460BD9214922484FF4E57338
:10BB2000214A14F0B3FA4FF4E5711F4814F0A5FA56
:10BB3000302545431D4C05F10C0727444FF0FF32DB
:10BB40004FF0FF33384604EB050814F034FAD8F808
:10BB5000043060590AAA40F20111DB68019298474B
:10BB6000051E10DBD8F82C3003F47042B2F5E04F1C
:10BB700005D011D803F45043B3F5804F03D13023DF
:10BB800003FB0644A562384614F017FA284603B0B2
:10BB9000BDE8F04103B07047B2F5004FEEE700BFDB
:10BBA000E289040006530300BE8904005CE400201F
:10BBB0002DE9F74F0C9E0546884691460193FFF705
:10BBC0008FFF002855DB302101FB05FB2A4C0BF1D0
:10BBD0000C0727444FF0FF334FF0FF32384614F084
:10BBE000EAF904EB0B03DB6A03F47043B3F5E04FAF
:10BBF00014D11EBB4FF0010A0BF128012144302063
:10BC00006843019A23185B68E2B1D3F804B0BBF132
:10BC1000000F1AD115F0B7FF052303E066B115F048
:10BC2000B2FF86234FF0FF380360384614F0C5F9A1
:10BC3000404603B0BDE8F08FB246DDE731464FF035
:10BC4000010ADCE7D3F800B0E1E70B684A46414659
:10BC50002058D84700288046E7DDBAF1000FE4D02D
:10BC6000002EE2D1302303FB0544A36A0344A36200
:10BC7000DBE74FF0FF38DBE75CE400203023434391
:10BC800030B50D4908330B44D3E8AF2F92B1541EA1
:10BC9000D3E8EF5F954204D1C3E8EC4FBCF1000F4D
:10BCA000F6D1F1D1012A05D13023584300230A18D7
:10BCB0000B50536030BD00BF5CE40020F8B5054672
:10BCC000FFF70EFF002824DB30246C43124F04F1F1
:10BCD0000C063E444FF0FF324FF0FF33304614F075
:10BCE0006AF93A1953689B688BB1D26A385912F4D1
:10BCF000404F0AD0294698470446304614F05DF973
:10BD00002846FFF7BBFF2046F8BD9847F4E71C46DE
:10BD1000F3E74FF0FF34F6E75CE4002070B504462B
:10BD20000D46FFF7DDFE00280DDB302303FB04F09A
:10BD300006492B460C184FF4837209586068BDE819
:10BD4000704014F029B94FF0FF3070BD5CE4002062
:10BD500073B504460D461646FFF7C2FE00280EDBFB
:10BD60003022084B40F2011102FB04339B6A2A4641
:10BD7000009320463346FFF7C9FE02B070BD4FF076
:10BD8000FF30FAE75CE40020F0B5024601680A27BC
:10BD90000020074E0B461C780131355D6D0701D43C
:10BDA0001360F0BD07FB0043A3F13000F2E700BFD2
:10BDB00019D304002DE9F84F15469A46D378234A43
:10BDC0006F2B12F803B081460F460BF0030B2BD0FC
:10BDD00026D8582B0CBF10260A26DDF828803246BC
:10BDE000002348463946ECF703FF092A08F1FF38DB
:10BDF000D4B21ED83034B145E4B277F1000788F8E8
:10BE0000004001D3D04511D82B789B0605D5082ECC
:10BE100015D1AB7843F00803AB704046BDE8F88F0E
:10BE200003F0F703702BD5E70826D6E781460F46C7
:10BE3000D5E7BBF1010F0CBF37345734DBE7102EC9
:10BE4000EBD1AB7843F01003E6E700BF19D3040051
:10BE50001FB50024029008440390009402A90648EC
:10BE6000EDF776F8DDE90232934234BF1C7003F837
:10BE7000014C04B010BD00BF6B00030038B50D4687
:10BE800004462022002116F0E1FD0022EB68E36168
:10BE9000AB68A3612B6823626B68A26263622A6944
:10BEA00023B1591E194208BF42F00102226101224A
:10BEB000002104F12C0016F07BFB48B1054906482F
:10BEC0002F23064A14F0E2F82F21044814F0D5F885
:10BED00038BD00BFBE8A040006530300988A0400E0
:10BEE0002DE9F04F002789B0CDE90123436A0446CC
:10BEF0008B428846BA460597079754D300F114063B
:10BF0000EFF31185202383F31288BFF36F8F304640
:10BF1000A9460EF0B5FE58B988234D4A4D494E4802
:10BF200014F0B4F831464D4814F0B0F8882163E0BD
:10BF300030460EF0C9FE079A2AB13946204614F061
:10BF40008EF90023079306A9204614F0ACF8069951
:10BF50008346414530D32268236A204613F82210D5
:10BF600003EB820A21F0030103F822102168424604
:10BF700014F0BDF8E3682060984218D04FF0000B31
:10BF800030460EF08BFE50B389F31188BFF36F8FEC
:10BF9000059929B1A2690AB120469047002305936B
:10BFA000BBF1000FACD1504609B0BDE8F08F23695A
:10BFB00043F008032361E1E718B1204614F0B1F81B
:10BFC000DEE7DDE90132134339D0039116F069FB56
:10BFD0000399A0BB9DBB30460EF060FE78B940F2DD
:10BFE00031131B4A1E491C4814F050F831461D48B5
:10BFF00014F04CF840F23111154814F03EF885F376
:10C000001188BFF36F8F04F12C00DDE901230CF0E0
:10C010002DFD8346EFF31189202383F31288BFF3AC
:10C020006F8F30460EF02CFE00283FF475AFBBFA40
:10C030008BFB30460EF048FE4FEA5B1BA0E7204624
:10C0400007AB05AA276814F08BF8834698E700BF72
:10C05000D47E0400017F040006530300167F040011
:10C060002C7F0400437F04002DE9F0410446C3699E
:10C0700008460E46984704F114050746EFF3118869
:10C08000202383F31288BFF36F8F28460EF0F8FD4C
:10C0900068B988231A4A1B491B4813F0F7FF294641
:10C0A0001A4813F0F3FF8821154813F0E6FF2846DD
:10C0B0000EF00AFE33783A4643F0010333706168AC
:10C0C000204614F014F86060204614F0E3F8284687
:10C0D0000EF0E4FD68B940F23113094A0C490A48F0
:10C0E00013F0D4FF29460B4813F0D0FF40F2311172
:10C0F000DAE788F31188BFF36F8FBDE8F08100BFE6
:10C10000D47E0400017F040006530300167F040060
:10C110002C7F0400437F04002DE9F843044600F11E
:10C120001407EFF31188202383F31288BFF36F8F76
:10C1300038460EF0A5FD054668B98823344A3549CE
:10C14000354813F0A3FF3946344813F09FFF882188
:10C150002F4813F092FF38460EF0B6FD2369A2680F
:10C1600013F0080F02D163689A4200D9636A9B1AE0
:10C17000002B3FD0216A11F8223001EB820913F025
:10C1800003003AD0022803D151F82260B60805D145
:10C19000D8071FD44846E36998470646A168324647
:10C1A000204613F0A4FF3146A060204613F0ADFFF7
:10C1B00038460EF073FD10BB40F23113144A184993
:10C1C000154813F063FF3946164813F05FFF40F23D
:10C1D0003111BDE743F0020301F82230E36948461C
:10C1E000A568984729460246204613F080FF00259F
:10C1F000A060DDE71D46A946DAE70546FBE788F3C0
:10C200001188BFF36F8F002D8BD14846BDE8F883AE
:10C21000D47E0400017F040006530300167F04004F
:10C220002C7F0400437F04002DE9F0410446C369DC
:10C2300008460D46984704F114060746EFF31188A7
:10C24000202383F31288BFF36F8F30460EF018FD62
:10C2500068B98823274A2849284813F017FF314630
:10C26000274813F013FF8821224813F006FF3046B9
:10C270000EF02AFD2B786FF300032B7023699B07C8
:10C2800005D5E268236A03EB82039D4222D12B7815
:10C290006FF341032B70D4E90231994204D13A463D
:10C2A000204613F024FFA0603946204613F02DFFEE
:10C2B00030460EF0F3FC90B940F231130D4A1149AB
:10C2C0000E4813F0E3FE31460F4813F0DFFE40F254
:10C2D0003111C9E72B6867F39F032B60E8E788F308
:10C2E0001188BFF36F8F04F12C00BDE8F0410CF012
:10C2F00039BB00BFD47E0400017F04000653030055
:10C30000167F04002C7F0400437F040070B50446B0
:10C3100000F11405EFF31186202383F31288BFF395
:10C320006F8F28460EF0ACFC68B988231A4A1B4967
:10C330001B4813F0ABFE29461A4813F0A7FE8821CC
:10C34000154813F09AFE28460EF0BEFC2369A0683B
:10C3500013F0080F02D16368984213D9646A241A53
:10C3600028460EF09BFC78B940F231130A4A0E4978
:10C370000B4813F08BFE29460C4813F087FE40F261
:10C380003111DDE71C1AEBE786F31188BFF36F8FDD
:10C39000201E18BF012070BDD47E0400017F040060
:10C3A00006530300167F04002C7F0400437F040023
:10C3B0002DE9F84340F26C7344690569E1170135D2
:10C3C000E41841F10001022D8CBF00230123E41A7F
:10C3D000C76861F100010029064607F1FF374EDA10
:10C3E0006FF4C7704FF4C8720023201861F1000188
:10C3F000ECF7AEFB244B4FF03C0E03FB0044D6E9B8
:10C4000000834FEAE37C99466346022D02468CBFC7
:10C410006FF002000920B6680544C6FB0E93A9FB25
:10C420000EC60EFB036640F26D1E9920A3080EFB9C
:10C4300004333B44642745430520B4FBF7F402353D
:10C44000B5FBF0F51B1B114C1CEB080CA2FB0420E8
:10C4500004FB01012B4446EBE87698180C4A41F1A5
:10C46000000380180B4A63F10003A0FB020102FBEA
:10C47000031110EB0C0041EB0601BDE8F8834FF40B
:10C48000C87200232046B3E770FEFFFFB13A0200F6
:10C490009405F5FF805101002DE9F84F0446A38B68
:10C4A00008461907154612D4022803F0070165D182
:10C4B000204613F008FF88B10138042800F23781C4
:10C4C000DFE810F05C0035018200D400040101288F
:10C4D0000CBF43F0100143F02001A1831434204627
:10C4E0000EF0DCFB002840F09D819A4940F23113A8
:10C4F000994A9A4813F0CAFD2146B1E003F00702B9
:10C50000501F01281ED80020062A2768C4E9000011
:10C5100014D13A4603E0E08B0130E0831268002A30
:10C52000F9D123F0070343F002022046A28313F05F
:10C53000CAFE90B342F02002A2832EE023F007034C
:10C540009AB2F2E7042A33D123F007039AB22046C5
:10C55000A28313F0B8FE10B142F02002A283A38B95
:10C5600003F00709894540F0EC80A18BCA0640F131
:10C57000508121F01003A38301F00701D4F8188043
:10C58000A38BB8F1000FB9DA0022276823F0070364
:10C59000C4E9002243F00103A383A38B03F007093E
:10C5A000894540F0CF80002FDFD00026B24644E01E
:10C5B0006B4940F21B136B4A684813F067FD40F269
:10C5C0001B11684813F059FD49B167494FF4AB732B
:10C5D000644A624813F05AFD4FF4AB71F1E72368E7
:10C5E0004BB9624940F257135E4A5C4813F04EFD66
:10C5F00040F25711E5E723691E684EB95C494FF4D4
:10C60000AD73584A554813F041FD4FF4AD71D8E76A
:10C610000F4688464FF00609A38B23F0070343F02B
:10C6200006039BB2A383A268002A40F08D80002FEE
:10C6300040F08D80002E98D0BA4643F0080304F1F4
:10C64000140B5846A3830EF029FB002840F09A8073
:10C65000404940F23113404A404813F017FD594613
:10C66000444813F013FD40F23111ADE0022909D026
:10C67000414940F25D133B4A384813F007FD40F250
:10C680005D119EE7E78B4FB13C494FF4AF73354ADC
:10C69000324813F0FBFC4FF4AF7192E723695E68F8
:10C6A0004EB9334940F261132E4A2C4813F0EEFC88
:10C6B00040F2611185E7A38BB84623F0070343F0EE
:10C6C00004039BB24FF00409A383ACE7012909D00E
:10C6D0002B494FF4B273234A204813F0D7FC4FF490
:10C6E000B2716EE723684BB9204940F265131D4AC9
:10C6F0001A4813F0CBFC40F2651162E723699E688B
:10C700004EB91B494FF4B473164A144813F0BEFCDB
:10C710004FF4B47155E70027A38BB84623F0070305
:10C7200043F005039BB24FF00509A3837BE70C4957
:10C7300040F26B130B4A094813F0A8FC40F26B114E
:10C740003FE7002700266EE74FF0010A75E79246A3
:10C7500073E700BF2C7F0400D47E0400065303005F
:10C760002EBB0400C78A0400EC8A0400F88A040087
:10C770001B8B0400437F0400328B0400488B0400B1
:10C78000578B040085F31188BFF36F8FBAF1000F48
:10C790001CD177BB16B120462549B047EFF3118570
:10C7A000202383F31288BFF36F8F58460EF068FA88
:10C7B00038BB88231F4A2049204813F067FC59469C
:10C7C0001F4813F063FC88211A48FBE6A168002982
:10C7D000DFD00D680029DCD043464A462046D1F818
:10C7E00004A0D0471DB12B6829461D46F2E72B4611
:10C7F000FAE7394643464A4620463F6813F08FFD24
:10C80000C7E758460EF060FAA38B23F00803A38312
:10C81000ABE68B067FF562AE21F02003A38301F027
:10C82000070145E685F31188BFF36F8FBDE8F88FE8
:10C8300045C80100D47E0400017F040006530300B4
:10C84000167F0400F8B504460D4600F11406EFF318
:10C850001187202383F31288BFF36F8F30460EF0C9
:10C860000FFA68B988230C4A0C490D4813F00EFCE6
:10C8700031460C4813F00AFC8821074813F0FDFBF1
:10C8800030460EF021FAA5613A462046BDE8F84050
:10C890000121FFF701BE00BFD47E0400017F040028
:10C8A00006530300167F04002DE9F04704460F46A7
:10C8B00013F025FD051E68DB04F11409EFF3118A5E
:10C8C000202383F31288BFF36F8F48460EF0D8F908
:10C8D000804660B98823384A3849394813F0D6FB76
:10C8E0004946384813F0D2FB8821334842E0484695
:10C8F0000EF0EAF94FF6FF72E38BA68B934206F037
:10C90000070645D0022E15D135460133E38348464C
:10C910000EF0C4F9002841D140F23113264A2A49C9
:10C92000274813F0B3FB4946284813F0AFFB40F209
:10C930003111DAE7062E13D8DFE806F0092D1212BE
:10C94000090409006FF085054FF00008DFE70023B8
:10C950003B60636883B9C4E9007786B13546F3E785
:10C960001B4917484FF4E4731A4A13F08FFB4FF436
:10C97000E471184813F081FB1F606760EDE75246D1
:10C9800002212046FFF788FD35462846BDE8F0879E
:10C990006FF00A05D8E76FF00405D5E78AF3118830
:10C9A000BFF36F8FB8F1000FEFD000233246394646
:10C9B000204613F0B4FCE8E7D47E0400017F0400B5
:10C9C00006530300167F04002C7F0400437F0400FD
:10C9D000578B0400C78A040008B54268034602F07A
:10C9E0000302022A81600AD0032A4FF0000103D01B
:10C9F000012A0AD1596006E01868596008BD186814
:10CA000000225A6058B90020F8E706490648452335
:10CA1000064A13F03BFB4521044813F02EFB0FF0B0
:10CA20006BF9F0E72EBB0400065303006D8B040086
:10CA30002DE9F34106460F4615464FF000082A46F9
:10CA4000304601A913F0C0FC044640B10246394605
:10CA5000019815F0D4FF2D1BA0442744EFD1424686
:10CA60003046311D13F0CEFC48B107490748482332
:10CA7000074A13F00BFB4821054813F0FEFA404625
:10CA800002B0BDE8F08100BFBE8A04000653030077
:10CA9000938B04002DE9F34107460E4615464FF0EF
:10CAA00000082A46384601A913F09DFC044648B107
:10CAB0002EB102460199304615F0A1FF26442D1BE8
:10CAC000A044EED14246384607F10A0113F09AFC21
:10CAD00048B1074907486323074A13F0D7FA63218F
:10CAE000054813F0CAFA404602B0BDE8F08100BF25
:10CAF000BE8A040006530300938B04002DE9F7431C
:10CB00000F4606460821C06A13F002FD80463C68C5
:10CB1000DFF84890241A3C6004EA0905AC4203D8C7
:10CB2000002003B0BDE8F08308236A462146304662
:10CB300013F082FC0028F4D16946304613F0F2FC71
:10CB400040B1BDF80230BDF8042005EA09051344E0
:10CB50001D443C60A4EB0804E0E700BF0000FFFFB9
:10CB600073B504464FF6FF72C06A082113F0D0FC7B
:10CB7000002563680F4EADF800208DF80620A289CD
:10CB8000191833401344181A60606846ADF8021053
:10CB9000ADF8045013F0AFFC6946204613F082FD57
:10CBA0002046211D13F081FC284663683340A360B2
:10CBB00002B070BD0000FFFF2DE9F047044688B0C9
:10CBC00000F11407384615F0D5FCA06A8368DB68CD
:10CBD0009847E06260B9964803685D0702D09549BE
:10CBE00013F092FC6FF01505284608B0BDE8F087F9
:10CBF000A06A8368DB6898470368013B1F2B05D94F
:10CC00008B4803685C07EDD08B49E9E7A06A21688F
:10CC100005AA15F074F828B1854803685907E1D0D2
:10CC20008649DDE7A5892DB1069BB5FBF3F203FB31
:10CC300012552DB17E4803685A07D3D08049CFE7FB
:10CC4000E389012B05D87A4803685B07CAD07D4980
:10CC5000C6E7E36A009593F805904FF0FF334FF075
:10CC6000FF3238460BF068FB0821E06A13F050FCF5
:10CC7000A8460646E3891FFA85FA534508D8E38992
:10CC8000434523D138460BF027FC6FF02C05ABE76A
:10CC9000A1892B04891B13FA81F14A4608232046F7
:10CCA000009113F0D7FB78B16946204613F0FDFBE5
:10CCB00008F1010808234A46204600991FFA88F81F
:10CCC00013F0C8FB0028DAD00135D3E753450BD168
:10CCD000009908234A462046891B13F0BBFB18B96C
:10CCE0006946204613F0E1FB69462046FFF706FF40
:10CCF000054618B138460BF0EFFB75E7009B4FEA8D
:10CD000013484FEA08486360C4F80880D4E9011367
:10CD100099420FD30823204601AA13F08DFB054644
:10CD20000028E7D101AB13F8012B914535D101352E
:10CD3000082DF8D1636869461B0C1B04204600933C
:10CD400013F0B3FB4A462046A389009913F082FBF7
:10CD5000051ECFDB636800F087804FF6FF7906EB96
:10CD60000308A3891FFA88F29B1B9A42CDF8008022
:10CD70002FD300236168002B44D0090C09042046FE
:10CD80000091694613F091FB2046009913F09AFB3D
:10CD90000546002D00F08480ACE7204601A913F081
:10CDA000C1FB626810B9921B6260AFE7BDF8085022
:10CDB000BDF80610E06AC4F80880294413F0A8FB07
:10CDC00040449042A060EED1002DECD06FF01C05E5
:10CDD00077E008234146204603AA13F02DFB0546C1
:10CDE000002887D1204603A913F09CFB30B1BDF881
:10CDF0000C304B4502D1BDF810300BB1B044B0E758
:10CE00000123B7E7204613F05DFB054600287FF4B9
:10CE100071AF63680C4AA18913400B44A3EB46032E
:10CE2000636013402046A36013F064FCB0E700BFCA
:10CE3000D0EA0020D28B0400F48B0400118C040093
:10CE4000298C04003D8C04000000FFFF4A46204668
:10CE50005B1A13F0FFFA051EFFF64CAF08D0E26A2A
:10CE6000A36812681344A360D4E901318B42EDD862
:10CE70006168A38901EB46029A428AD1DFF85080AB
:10CE8000A26801EA08039A4283D0204613F01AFBF5
:10CE9000054600287FF42EAF636803EA0803A36009
:10CEA000A389A288A3EB46039A4206D038460BF02A
:10CEB00013FB01230025237496E6204613F003FCA0
:10CEC000054638460BF008FB002DF2D08CE600BF7B
:10CED0000000FFFF2DE9F04F1D46037C91B0044692
:10CEE0000291009263B9654803685B0702D0644908
:10CEF00013F00AFB6FF00C06304611B0BDE8F08F5E
:10CF0000C26A0821104613F003FB2946019010461F
:10CF100013F0FEFAA389019A0746A3EB8203AB4202
:10CF2000C0F0A8801DB1009B002B00F0A3806368B7
:10CF30000593204606AA05A9DDF814A013F02FFBDF
:10CF400006460028D8D1BDF81830029A934206D080
:10CF50006268059B9A42ECD1002D35D1CCE7204682
:10CF600006A913F0DFFA0028F2D0BDF81A90BDF838
:10CF70001C303DB39D4227D14FEA1A4A4FEA0A4A74
:10CF8000D144AA46E36ADDF800B01B685B4203F0B7
:10CF900020030393039B4946534528BF534620462D
:10CFA00008AA984613F048FA00284AD14246584643
:10CFB00008A915F014FD38B9BAEB080AC144C344F6
:10CFC000E8D199E7002B97D0002F3DD1B94604F165
:10CFD000140A4FF0FF324FF0FF3350460BF0ACF91C
:10CFE000E3899E4243D0A168626809EB01039A423B
:10CFF0002FD3029B2046ADF82030FF23009A8DF8F6
:10D0000026302B46ADF82210ADF8245013F011FB5A
:10D0100029460746E06A13F07BFAA3680344A3603D
:10D0200057B908A813F067FA204608A913F03AFB8D
:10D03000002814BF07462F4650460BF04DFA3E46D7
:10D040005AE7C1DC064657E7019B1F441FFA87F9E0
:10D05000BDE72046FFF784FD07460028ECD12046B7
:10D0600013F048FB07460028E6D10136B8E76FF019
:10D070001B07E1E76FF015063EE700BFD0EA00208E
:10D08000BE8B04002DE9FF471E46037C04460F4675
:10D090009046BDF830905BB92D4803685B0702D01D
:10D0A0002C4913F031FA6FF00C0004B0BDE8F087A2
:10D0B0000821C06A13F02CFAA389A3EB4003B34202
:10D0C00043D30025D4F804A0CDF804A04D45514623
:10D0D000DDF804A009D9636853451ED1BDF80830B6
:10D0E000BB421AD06FF00100DFE7204602AA01A977
:10D0F00013F055FA0028D8D1BDF80830BB4206D14C
:10D10000204602A913F00EFA08B10135ADB26268EB
:10D11000019B9A42DAD15146E0E7BDF80C30002B72
:10D12000E0D0A945DED8BDF80A00090CB3424FEAA9
:10D13000014128BF334601444246204613F07CF9A2
:10D140000028B2D1BDF80C00AFE76FF01500ACE7D6
:10D15000D0EA0020BE8B040030B5002289B00F4910
:10D160000F4815F070FB002200230024CDE90623B0
:10D170000E230C4DCDE903344FF400622846CDE96F
:10D180000144094B094900940CF058FA0849284613
:10D190000CF048F9204609B030BD00BFFDD20100B7
:10D1A000882B01208826012069D6010010E4012087
:10D1B000678C04002DE9F047044607464FF001094B
:10D1C000DFF8508014B93846BDE8F08794FAA4F52A
:10D1D000B5FA85F509FA05F32E0108EB05156FEA96
:10D1E000030A24EA03042B7B002BEBD058F806300B
:10D1F0001B694BB94644736804222846196807EA3C
:10D200000A0713F082FBDDE7284698470028D9D1AA
:10D21000F0E700BFFC3E03002DE9F047DFF8D890AF
:10D220002E4C8046A9EB04038F2B0F460BD92C49BB
:10D230004FF4A7732B4A2C4812F028FF4FF4A77124
:10D24000284812F01AFF294813F040FB064678B32D
:10D2500000252846BDE8F087237B83B12368DB687F
:10D260000BB120469847636883F806A023681B69C2
:10D27000B3B9636804222046196813F046FB0136EF
:10D2800010344C4518D91A494FF4AD73154A164855
:10D2900012F0FCFE174812F0F9FE4FF4AD71CFE723
:10D2A000204698470028E4D00AFA06F31D43E6E733
:10D2B00005464FF0010AE4E7CED3B8F1000FC8D01D
:10D2C000002DC5D02846FFF775FF0546002FF7D083
:10D2D00000214FF4A4700DF0BDF9F1E7FC3E03000E
:10D2E0009C8C04006F8C0400065303003C42012018
:10D2F000CC8C0400ED8C04000C3F030001480BF0C3
:10D3000031BB00BF7CEE002008B5034608462BB1B8
:10D31000044A136000F090FE002008BD6FF0150075
:10D32000FBE700BF5CE7002010B5044C237813B97D
:10D3300003480BF017FB0123237010BD2D5901206A
:10D340007CEE002010B50446094813F0BFFA3CB14A
:10D35000084BD3E8EF1F0139C3E8E21F002AF8D1D8
:10D36000054815F07CFABDE8104004480BF0FABA05
:10D370003442012038420120882B01207CEE00201D
:10D3800000200146034BD3E8EF0FC3E8E21F002A59
:10D39000F9D170473442012070B5FFF7F1FF05461F
:10D3A0000F4C104EB44219D90F4940F20E230F4AC8
:10D3B0000F4812F06BFE0F4812F068FE40F20E218B
:10D3C0000A4812F05AFE63685B792BB123685B68E8
:10D3D00013B12946204698471034E3E7F3D370BDD4
:10D3E000FC3E03000C3F0300CC8C04006F8C040057
:10D3F00006530300ED8C040010B5044C044920468C
:10D40000FEF73CFD034B1C6010BD00BF6CEA002022
:10D41000344A0300284201200023164A10B5137035
:10D42000154A4FF400411360144A15481360FFF782
:10D430006BFFFFF7E1FF00F035FA124B1249184677
:10D440008B4215D9114940F22913114A114812F0A3
:10D450001DFE114812F01AFE40F229110C4812F07C
:10D460000CFE1A1A5C681211013222711033E7E7C0
:10D47000F7D310BD2E59012034420120384201203B
:10D48000C9080300FC3E03000C3F0300CC8C0400E1
:10D490006F8C040006530300ED8C0400014600224B
:10D4A00000230148FEF71CBD6CEA00200148FEF78E
:10D4B00033BE00BF6CEA0020024B01461868FEF73D
:10D4C000B3BE00BF284201200148FEF71FBF00BFC6
:10D4D0006CEA00202DE9F0413C4B1878002872D00E
:10D4E000FFF7E4FF044600285CD1394B394C1B6838
:10D4F000002B19DD15F060F94FF47A72A0FB0203DE
:10D5000002FB0131C30B43EA4143D4E900209B1ADB
:10D5100040F2E9324FEAD13161EB0001934271F1FF
:10D52000000101D3FFF738FFD4E9003213F57A7315
:10D5300042F10002C4E90032BDE8F041FFF7C4BF88
:10D540006B685B793BB121784B0716D52B68214678
:10D5500028461B6898471035454527D91E4940F293
:10D5600002231E4A1E4812F091FD1E4812F08EFD45
:10D5700040F20221194812F080FD20462688C1F3AE
:10D58000C20700F043FBC6F382160246002EDDD030
:10D590000028DBDB01233946284600F065FAB0425B
:10D5A000D9D3D3E7104DDFF84880D5E7C8D320465C
:10D5B000FFF782FF0D4BD3E8EF1F0139C3E8E21FED
:10D5C000002A92D0F7E7BDE8F08100BF2D59012075
:10D5D00034420120802B0120CC8C04006F8C04008D
:10D5E00006530300ED8C0400FC3E0300384201208A
:10D5F0000C3F030070B5154D297829BB0120FFF7BA
:10D600000BFE134C134EB44217D9134940F2C71303
:10D61000124A134812F03AFD124812F037FD40F258
:10D62000C7110E4812F029FD63685B791BB12368AE
:10D6300020469B6898471034E5E7F5D3FFF74AFF8B
:10D640000028FBD101232B7070BD00BF2E59012093
:10D65000FC3E03000C3F0300CC8C04006F8C0400E4
:10D6600006530300ED8C04002DE9F0472F4B304F9B
:10D67000FB1A1B090BD12F4940F2AB332E4A2F481E
:10D6800012F004FD40F2AB312B4812F0F6FC002101
:10D690000846FFF7C1FD044640B340F267684FF00B
:10D6A00000090DF073F8264B186030B1254B1B684C
:10D6B000092B02DD24480BF055F90025DFF888A07E
:10D6C00044B12046FFF776FD044618B94FF0FF3805
:10D6D0004FF0FF39FFF7FEFE064628B95DB9424616
:10D6E0004B4650460BF0C2F93546E9E74FF0FF389C
:10D6F0004FF0FF39D5E70D4D08E0F0D22B689B695C
:10D700001BB100222846114698471035BD42F4D976
:10D710000E4940F29F33084A084812F0B7FC0C4803
:10D7200012F0B4FC40F29F31AEE700BFFC3E0300B4
:10D730000C3F03000C8D04006F8C040006530300A3
:10D7400030420120384201207CEE0020CC8C0400C5
:10D75000ED8C040013B52C4813F0B8F82B4B1B7854
:10D76000002B35D0EFF31184202383F31288BFF30D
:10D770006F8F27480DF084FA68B98823254A264917
:10D78000264812F083FC2249254812F07FFC8821AC
:10D79000204812F072FC1E480DF096FAFFF79AFE30
:10D7A0001B480DF07BFA68B940F23113194A1D4944
:10D7B0001A4812F06BFC16491B4812F067FC40F245
:10D7C0003111E5E784F31188BFF36F8F02B010BD0C
:10D7D000164B1B68002BF9D050B9002200231448C7
:10D7E000CDE900234FF4004200230DF087FEEDE762
:10D7F0000928EBD10E4815F032F80E4802B0BDE80A
:10D8000010400BF0AFB800BF384201202E59012064
:10D810002C420120D47E0400017F04000653030043
:10D82000167F04002C7F0400437F04003042012057
:10D83000882B01207CEE002010B5064B04461B68A7
:10D8400098472146A0600448FEF70EFCBDE8104052
:10D85000FFF780BF5CE700206CEA002008B548B9FC
:10D8600006490748EF23074A12F010FCEF2105484C
:10D8700012F003FC4368187908BD00BFAC8D0400AA
:10D8800006530300748D0400044A054B9B1AB1EB48
:10D89000D30F34BF52F8310000207047243E0300FC
:10D8A000FC3E030000210B480B4B30B51B1A0B4C00
:10D8B000DB080430994200D130BD10F831202568D2
:10D8C00002F0070225F007052A4344F8042B013132
:10D8D000F0E700BF243E0300FC3E0300B4EA002052
:10D8E000F8B5064600240A4F0A4DED1BED08AC4280
:10D8F00003D14FF0FF342046F8BD57F8340020B173
:10D900003146EBF7ADF90028F5D00134EFE700BF61
:10D91000243E0300FC3E03002DE9F04715461F4658
:10D920002D4A2E4B8846D21AB5EBD20F0BD32C4979
:10D930002C484FF4DE732C4A12F0A8FB4FF4DE7132
:10D94000294812F09AFB00281CDA4FF0000A5446CE
:10D95000DFF8A090254EA6EB09063609B24502D1A4
:10D960002046BDE8F08709EB0A10FFF777FF3B463A
:10D970002A464146FFF7D0FF844238BF04460AF1E9
:10D98000010AEBE703EBC5031C7914B1BC4228BFC5
:10D990003C460722164EC3B203EB430356F825005C
:10D9A0009A4020EA020004F0070202FA03F3184347
:10D9B0000022032320FA03F101F007018A4203F158
:10D9C000030338BF0A461E2BF4D120F00700104392
:10D9D00046F82500C4E700BFFC3E0300243E0300D8
:10D9E000C38D0400065303002C8D04000C3F03007C
:10D9F000B4EA0020FC3E0300F8B506460F460024BA
:10DA0000074D084BED1AED08AC4200D3F8BD0021DC
:10DA100022B23B463046013412F066FFA4B2F3E76F
:10DA2000FC3E0300243E030010B5044658B90B49E0
:10DA30000B4840F235130B4A12F028FB40F2351127
:10DA4000084812F01AFB43685B7913B10021FFF715
:10DA5000D3FF002263685A7110BD00BFAC8D040073
:10DA600006530300748D040038B514461D4698B162
:10DA7000FFF7F4FE124A134B9B1AB4EBD30F0ED3ED
:10DA8000114912484FF4D473114A12F0FFFA4FF4BF
:10DA9000D4710F4812F0F1FA4FF0FF30EAE755B1B8
:10DAA0000C4BC0B253F8243000EB400023FA00F0D6
:10DAB00000F0070038BD02EBC4021079FAE700BF9E
:10DAC000243E0300FC3E0300C38D04000653030004
:10DAD0002C8D0400B4EA00202DE9F04F8FB0C1F383
:10DAE0004A2804AF0D469146B8607B600C0DB8F132
:10DAF000000F6CD000264FF0040B4FF00A0A07F11C
:10DB00001403C7F80C80C7E907667E620193CDF85D
:10DB100008B0CDF800A007F11C0332464846F9686A
:10DB2000FDF76EFDB0F5006F034620D33048036863
:10DB300013F0060F17D06C468AB0D9F8041004AB66
:10DB40002C4D1A46C3E9055140F2FF71D9614FF4DB
:10DB500000711984284B42F8103F4FF4125133469C
:10DB6000FFF7BAFFA5462C37BD46BDE8F08FC0F3DE
:10DB70000A0804F11700184420F0070080083B60F1
:10DB8000FFF78CFC68F35325044640B33B6800F173
:10DB90001001C7E9083607F11403F961CDE900A3C4
:10DBA000CDF808B04846154AF96807F11C03FDF79F
:10DBB00027FD002813DA124912484FF4A373124AC2
:10DBC00012F064FA4FF4A3710F4812F056FA04F100
:10DBD000170020F007008008FFF760FC044668F398
:10DBE00053252A4620467B68B96812F0B5FEBAE78D
:10DBF000D4EA0020F38D0400040000012D09030085
:10DC00005E8E040006530300328E0400406820B18B
:10DC1000034BC01A40F38F0070474FF0FF3070473E
:10DC2000B4EA00200EB403B503AB53F8042B01464D
:10DC30000448019312F01AFF02B05DF804EB03B040
:10DC4000704700BF65DC0100CA0605D48B064CBFD7
:10DC500002490349FFF7E6BF704700BFFFC7040052
:10DC600099C5040038B54B6805461A68CB680C4660
:10DC70009A4202D1084612F0ECFE6368D3E8EF2F17
:10DC8000511CC3E8E01F0028F8D1A3689D546368C5
:10DC90001A68E3689A4209D9054906487223064A78
:10DCA00012F0F4F97221044812F0E7F9002038BDAF
:10DCB000968E040006530300678E04002DE9F04F92
:10DCC0008BB09A46169B9DF854B00693179B04465A
:10DCD0000593189B0D469046199E0493BBF1000FC7
:10DCE00000F0AE80BBF1040F0BD9A44940F24623EB
:10DCF000A34AA44812F0CAF940F24621A04812F003
:10DD0000BCF906F00103089306F00803079306F434
:10DD10008073099312F0E6FD06F00209024600281E
:10DD20003CD020469849FFF77DFF0746B9F1000F28
:10DD300008D016F0440F33D12A4620469349FFF706
:10DD400071FF0744089B53B1914B204653F82B2099
:10DD5000904B9149002A08BF1A46FFF763FF099BC1
:10DD6000002B49D0079B002B63D1B8F1000F65D081
:10DD7000424620468949FFF755FF0546069B3D442C
:10DD8000002B6CD1049B002B40F08180F30700F145
:10DD9000EF8031462046FFF757FFE3E00746C5E72F
:10DDA0007F4B18680028CCD07E4B4FF47A791B68E3
:10DDB0004FF03C0CB5FBF3F5B5FBF0F14FF46163AC
:10DDC00000FB115509FB05F5B1FBF3F2B5FBF0FEC5
:10DDD00003FB121100FB1E55B1FBFCF309FB05F51B
:10DDE000B5FBF0F50CFB131120460091CDE901E5E0
:10DDF0006D49FFF717FFA4E7079BEBB16B4B20467C
:10DE000053F82B206A49FFF70DFF0546B8F1000FC4
:10DE100005D0424620466149FFF704FF0544BAF1A8
:10DE2000000FABD0524620466249FFF7FBFE054487
:10DE3000A4E74FF0000AE1E7079DE7E745469DE7C5
:10DE4000BAF1010F069B06D1DBB9049B002B00F051
:10DE5000898000251BE0002BF7D0574812E0574877
:10DE60002246069B564911F0E7FF00280CDA554977
:10DE70004FF42873424A434812F008F94FF42871CE
:10DE80003CE74E485D46EBE7049B002B66D0DFF88D
:10DE90004881DFF84891049F3146102F204628BF63
:10DEA00010274FF0000AFFF7CFFE554543DC059BD6
:10DEB000494620461A78FFF7B5FE4FF0010A1AF0DE
:10DEC000070F03D141462046FFF7ACFE574539D92D
:10DED000059B4946204613F80A20FFF7A3FE0AF1E6
:10DEE000010ABAF1100FEAD14FF0000A2046364974
:10DEF000FFF798FE5246059B20469A5C334B995C8F
:10DF000011F0970F08BF2E223149FFF78BFE0AF15F
:10DF1000010ABAF1100F1AD01AF0070F03D14146C7
:10DF20002046FFF77FFE57455246E4D8414620463B
:10DF3000FFF778FEEBE741462046FFF773FE0AF154
:10DF4000010AB2E720462349FFF76CFEC7E7059BAD
:10DF50003B440593049BDB1B04939CD1BBF1000F56
:10DF60007FF414AF20460BB0BDE8F04F12F071BD46
:10DF70002046084A0849FFF755FE0AE7C68E040006
:10DF8000678E040006530300D18E0400D58E040072
:10DF9000484A030050EB03001CEF0300FA8E040014
:10DFA0004442012040420120DE8E04005C4A03000E
:10DFB000FE8E0400048F04007B0A030065DC010070
:10DFC0006D0A0300098F0400168F040019D30400A2
:10DFD000339C0400128F0400D0EE03007EE40300A3
:10DFE00042F20F7373B58B4228BF0B460568044697
:10DFF000052168460D4A11F096FF064663682846DB
:10E000000B225B680A4912F016FD636832466946C6
:10E0100028465B6812F00FFD63681B2228465B6888
:10E02000044912F008FD02B070BD00BF1B2D0400B2
:10E03000348F0400188F040000210123064A904207
:10E0400006D8064A01B901231360054B18607047D2
:10E05000012140085B00F2E740420F0040420120EE
:10E0600044420120014B036000207047704A0300C6
:10E0700070B5104B0D461C68B4B10F4B19680023E6
:10E080008B4202DB6FF0010070BD224612F8106B6C
:10E09000864202D014460133F2E7E06814F00FFA2A
:10E0A00028B100202C60EFE76FF00C00ECE76FF078
:10E0B0001200E9E7B0E700207C4E030010B543688A
:10E0C00088B0029383680C46CDE9033200230A68C6
:10E0D000C068CDE90623054901AA059313F013FE94
:10E0E000079808B9059B236008B010BD030B030017
:10E0F0002DE9F0410C4B05461C680E4617467CB1D5
:10E1000000F086F963682046D3F8108032463B461B
:10E110002946C047044600F085F92046BDE8F08155
:10E120006FF00104F9E700BF4842012000230360BB
:10E13000044B5A6812B9C3E9000070471060586078
:10E14000704700BF4C420120014B1860704700BF70
:10E1500048420120002330B585B0CDE902330546A1
:10E16000019000F055F9094B1C6844B9284600F0AD
:10E17000D7F8044600F056F9204605B030BD636874
:10E1800020461B6801A998472468EEE74C4201200D
:10E190000022024BC3E90022704700BF4C4201201D
:10E1A0000022024BC3E90022FFF7F2BF54420120D4
:10E1B0002DE9F74307460C4609B100230B60002602
:10E1C000254DDFF8AC904D4524D924499D23244AA0
:10E1D000244811F05BFF244811F058FF9D2120488E
:10E1E00011F04BFFD5F800803846414601AA12F0E5
:10E1F000C6FC50B116B954B92E4606E0002240467E
:10E20000316812F0BCFC0028F5D11835DBE7019B22
:10E210002360F1E7E6D3154B1D68C5B155F8188C9E
:10E220003846414601AA183D12F0A9FC50B116B972
:10E2300054B92E4606E000224046316812F09FFC99
:10E240000028F5D1AD69E8E7019B2360F1E730468E
:10E2500003B0BDE8F08300BF503F03008E8F040081
:10E260005C8F040006530300ED8C0400544201202F
:10E27000503F03002DE9F04784B002AFD7F8289053
:10E2800004460D46164698467860B9F1000F07D04F
:10E29000D9F8001051BBD9F804A0BAF1000F2CD165
:10E2A0002046391DFFF784FF28B34346D0F80C9071
:10E2B000324629467868C8470346E0B115480268E7
:10E2C000520718D06D468AB002AAD3614FF400738A
:10E2D00011491384114BC2E9051442F8103F002381
:10E2E0004FF41151FFF7F8FBAD4604E03A1D12F070
:10E2F00046FC0028CFD1002007E0D9F8083032468C
:10E300000093294643467868D0470837BD46BDE8A4
:10E31000F08700BF08EB0020B68F04000400000166
:10E320002DE9F04780464FF000470026DFF8D890EF
:10E33000DFF8D8A03D462F4C4C4530D92E494FF43C
:10E3400089732E4A2E4811F0A1FE2E4811F09EFE30
:10E350004FF48971294811F090FE2F46EAE7B8F191
:10E36000000F03D122694AB91834E5E7002241467B
:10E37000206812F004FC0028F4D1F5E76368BB4282
:10E3800005DDAF4209D09D42A8BF1D46ECE7EBD1A9
:10E390009047002E08BF0646E6E71D46E4E7DED3B9
:10E3A000DAF8004004B3183CB8F1000F03D1226939
:10E3B0004AB9A469F6E700224146206812F0DFFB63
:10E3C0000028F4D1F5E76368BB4205DDBD4209D002
:10E3D0009D42A8BF1D46ECE7EBD19047002E08BF39
:10E3E0000646E6E71D46E4E7AF42B6D13046BDE853
:10E3F000F08700BF503F03008E8F04005C8F040045
:10E4000006530300ED8C0400503F030054420120EA
:10E410004FF0FF324FF0FF33014809F08DBF00BFCE
:10E42000A8EC002001480AF057B800BFA8EC002073
:10E43000F8B505460F461F4C1F4EB44213D91F496D
:10E440002D231F4A1F4811F021FE1F4811F01EFE08
:10E450002D211B4811F011FE21682868EAF700FC05
:10E4600020B31834E9E7F7D3184EFFF7D1FF34682B
:10E4700044B1286854F8181C183CEAF7F1FB90B135
:10E48000A469F5E700226F60AA61726805F11803BC
:10E4900032B9C6E900330024FFF7C4FF2046F8BDB7
:10E4A00013607360F7E76FF01004F5E76FF0100486
:10E4B000F4E700BF503F0300503F03008E8F04007D
:10E4C0005C8F040006530300ED8C040054420120CD
:10E4D00038B5094DFFF79CFF2B783BB9FFF760FE7D
:10E4E00000F06AF8044610B901232B700024FFF7EE
:10E4F00099FF204638BD00BF2F5901202DE9F04774
:10E5000006468946048FDFF8ACA0013498B0A4B267
:10E5100000F10807651EADB2B5F5004F47D04A239C
:10E52000294605AA384612F0B6F904F57F543F345F
:10E53000A4B280462146012338460DF10B0212F0A9
:10E54000AAF9B8F1000F014610DC002810DC338F67
:10E55000AB4209D132466B1E22F8383F4FF40041DE
:10E5600002233846FEF7B6FC2C46D3E7002808DC29
:10E570002946384612F08BF92146384612F087F9C1
:10E58000E5E708F160030DEB03080023524608F8A5
:10E590004C3C05A8CDF8009003AB0397ADF81040B4
:10E5A000FFF768FE0028DFD018B0BDE8F087002034
:10E5B000FAE700BFD10B03007FB5012369460520B0
:10E5C0000193FFF755FD044660BB052002AA01A98F
:10E5D00012F0B9FA044610B110F10C0F22D10399D0
:10E5E000B1F5803F23D200231846009A946808446E
:10E5F00084421AD30133082BF9D10E4DA982EB8244
:10E6000053682846AB60D368EB6312F079FB04468D
:10E6100040B9094E28466E60FFF788FD28466E60B7
:10E62000FFF792FD204604B070BD9BB2E5E76FF0A6
:10E630002004F7E75C42012060E7002010B50446A3
:10E6400013F04AFD03490246204612F0AAFC0020BE
:10E6500010BD00BFF28F04001346002273B50446BC
:10E6600001920A21586801AA12F091FD019D95B905
:10E6700020EAE0744FF40046294640F2E7304FF4B8
:10E680007A720023C4FB0601EAF7B2FA0BF0E2FF4C
:10E69000284602B070BD2A462046024912F09DFC71
:10E6A000019DF5E71E90040008B5034A034912F0E6
:10E6B00078FC002008BD00BF059104000C91040007
:10E6C00030B585B0054601A90F4811F0A5FB0446F9
:10E6D00048B102460D49284612F07FFC6FF007044E
:10E6E000204605B030BD2846019A094912F059FC70
:10E6F0002846029A074912F054FC2846039A064914
:10E7000012F04FFCECE700BF00EC00202F9104005A
:10E71000669104007B91040090910400F7B51746C0
:10E72000002305460A2101AAB868019312F02FFDC3
:10E730001749C6B2284612F042FC019C44B1224659
:10E740002846144912F049FC019C204603B0F0BD54
:10E75000042E09D9324628460F4912F03EFC2846BD
:10E7600012F049FC0124F0E77868FFF7B9F8021EBF
:10E7700007DA28467A68094912F02FFC6FF0150471
:10E78000E3E733462146204612B212F0ADF8DCE74B
:10E79000C39104002992040050920400679204007F
:10E7A000002307B50090694604488DF8043013F043
:10E7B000E2FF9DF8040003B05DF804FB430D030085
:10E7C00010B5044605F00EF907490246204612F03E
:10E7D000E8FB2046054912F0E4FB2146044813F00B
:10E7E000CDFF002010BD00BFBF920400DE920400E8
:10E7F000F5E70100F0B58FB004460D46D0F8A070E3
:10E8000013F055FF06460BF0C1FF204B2049002EA8
:10E8100008BF1E461F4A2346844218BF0A46009678
:10E8200028461D4912F0BDFBD4E90A23CDE9002397
:10E83000284694F90E30227B184912F0B2FB06A943
:10E84000202220460AF0FEFD636E02461449284647
:10E8500012F0A7FB204605A913F037FF024628B1A6
:10E860002846104912F09DFB0FB0F0BD6422059BB5
:10E870002846F91A4A43B2FBF7F20091CDE901723A
:10E8800009493A4612F08DFBEEE700BFE89204001A
:10E89000D0EE030050A90400EB920400F7920400AC
:10E8A000239304003A9304006793040070B505466F
:10E8B00090B01C22002109A808AE14F0C7F81A2253
:10E8C0002021304614F0C2F82946164813F056FFAE
:10E8D0004FF48051144807AA13F0EBFE044648B1E8
:10E8E000124913485023134A11F0D0FB502111480C
:10E8F00011F0C3FB6423079A0096C2F580514B4385
:10E900001B0B05934FF48053CDE90313CDE901327E
:10E9100009490346044A284612F043FB204610B03A
:10E9200070BD00BF3DE9010010120220BE8A040044
:10E9300006530300B3930400FA93040070B5044631
:10E940000D46D0F8A06088B007A913F0BEFE0246BD
:10E9500028B128460E4912F024FB08B070BD2046AD
:10E9600013F0A5FE6422079B0096F11A4A43B2FBFE
:10E97000F6F2CDE90131074BCDE90362002818BF5B
:10E98000034622462846044912F00BFBE5E700BF88
:10E990003A930400E89204004394040038B5134607
:10E9A00005461022002158680EF0BCFC0446FFF713
:10E9B000F7FE38B9224628460C4912F00EFB6FF0DC
:10E9C000150038BD0BF0E2FE844204D12846084908
:10E9D00012F003FBF3E720460BF038F828462246F6
:10E9E000044912F0DEFA0020EBE700BFA794040010
:10E9F000C2940400EA94040038B513460546102278
:10EA0000002158680EF08EFC0446FFF7C9FE38B9A5
:10EA1000224628460C4912F0E0FA6FF0150038BD86
:10EA20000BF0B4FE844204D12846084912F0D5FA0E
:10EA3000F3E720460BF088FB28462246044912F0F3
:10EA4000B0FA0020EBE700BFA7940400299504006A
:10EA50004F95040038B5134605461022002158682A
:10EA60000EF060FC0446FFF79BFE38B922462846AC
:10EA70000C4912F0B2FA6FF0150038BD0BF086FEAB
:10EA8000844204D12846084912F0A7FAF3E7204649
:10EA900002F034FF28462246044912F082FA002090
:10EAA000EBE700BFA79404008A950400AF9504002B
:10EAB0002DE9F04F87B00446684608F0DBFE2423BA
:10EAC000009F082103FB0077264A204612F05CFADB
:10EAD000DFF8ACA0009DDFF8ACB0BD4203D300204E
:10EAE00007B0BDE8F08F2B680BB11A7832B92B460E
:10EAF00014211D4A01A80EF075FA01AB52460821F7
:10EB0000204612F041FA284613F0D9FC174B082191
:10EB1000002808BF5B46164A204612F035FA2B6AD9
:10EB2000A3B11E6896B1336883B108212046114A0B
:10EB300012F02AFAB1464FF0000833680E4A4345F6
:10EB400006D8082120460D4A12F01EFA2435C4E7E3
:10EB50000821204659F8043F12F016FA08F101087E
:10EB6000EBE700BFF695040000960400E79504006B
:10EB7000329D04000A9604001BEF0300FFC7040047
:10EB800005960400ED9504001FB50C68D1E9043228
:10EB900003944C68013302948C6802F26C72019405
:10EBA000C9680091024912F0FCF904B010BD00BF21
:10EBB0004B960400F7B5137806463A2B0F461546D8
:10EBC00014D1541C23783A2B28D101340A22204630
:10EBD00001A90EF02BFB019A0346A242386017D020
:10EBE0001078A8B93C2B15D915490EE00A22284601
:10EBF00001A90EF01BFB019CB860AC4208D0237841
:10EC00003A2B05D1172807D90E49304612F0E5F9FD
:10EC10006FF0150003B0F0BD0134D3E70A2220469F
:10EC200001A90EF003FB019B7860A342F0D01A7893
:10EC30003A2AEDD13B2801D90349E6E75C1CC5E738
:10EC40008A9604006C9604007A9604002DE9F0413F
:10EC50000D4690B002A904460120174612F0A3FF0A
:10EC600007A902A80DF07EF9032D55D17D680A226F
:10EC7000284601A90EF0DAFA019E8046B54215D069
:10EC800032782D2A12D101360A22304601A90EF01F
:10EC9000CDFA019B9E4209D01A782D2A06D1451E35
:10ECA0000B2D0CD92849204612F097F9204612F076
:10ECB000A2F96FF01505284610B0BDE8F0815E1C82
:10ECC0000A22304601A90EF0B1FA019B9E42EDD016
:10ECD0001B78002BEAD1431E1E2B01D91B49E2E70A
:10ECE000A8F26C73CDE90B53BA680A90204607A9C5
:10ECF000FFF760FF0028D9D107A811F0D8FAB1F1C9
:10ED0000FF3F08BFB0F1FF3FCDE9020108D1204627
:10ED10000F4912F062F9CCE7022DC7D17A68E5E716
:10ED20000023012002A9049312F03FFF054628B1F9
:10ED300002460849204612F050F9BAE7204607A9D2
:10ED4000FFF722FFB7E700BF9A960400A9960400D8
:10ED5000B6960400DF96040007B50A4813F0AFFB2F
:10ED600060B10423084A009312680123054907484B
:10ED700001F0ACF8002003B05DF804FB6FF0120066
:10ED8000F9E700BF103A0300184B0300503F03009F
:10ED900010B54468C4E90012A36042684FF40071E2
:10EDA000134653F8404B51635362002302F138017C
:10EDB000C2E904130821C2E90A33C2E90633136326
:10EDC0001162C2F87832A36823B11B6C13B12046DC
:10EDD00004499847A3681B6A0BB120469847002056
:10EDE00010BD00BFE9ED01002DE9F34705460C46D3
:10EDF0008368DB6B03B19847AB68DB6A002B31D1CA
:10EE0000002704F1240804F12809218E238D626B68
:10EE10005B1A9BB2D31A934228BF13464946404619
:10EE200001AA11F0B9FA8246002845D0AB680199D1
:10EE30001B69002B3CD0024628469847061E18BF87
:10EE4000012732464946404611F0DCFA00284BD0F3
:10EE500038496E23384A394811F018F96E2136487E
:10EE600011F00BF9284698470028C9D1AB68DB6937
:10EE7000002B3ED1628BE38A04F110079B1A226AB1
:10EE80009BB2934204F11A0828BF13464146384604
:10EE900001AA11F081FA0646002831D1284611F066
:10EEA00078FFC4F878620120D4E90131984724E062
:10EEB0006FF057060127C4E72148036813F0060FD7
:10EEC00003D002211F4A11F097FDAB681B6923B1E3
:10EED000012228460DF103019847002FC6D0D4E93E
:10EEE000013100209847C1E7002EF6D056458CD05E
:10EEF000F3E7284698470028BCD102B0BDE8F08768
:10EF0000AB680199DB688BB10246284698470246F8
:10EF10004146384611F076FA0028C4D00549BA2394
:10EF2000054A064811F0B2F8BA2198E76FF0570287
:10EF3000EEE700BFBE8A04002497040006530300D6
:10EF400010EB00205A97040000487047503F030020
:10EF500010B504468168183101F038FEA1682046DA
:10EF6000BDE81040014A183101F0BEBD9C97040075
:10EF7000014911F0A1BF00BFFFC70400F7B5044667
:10EF800080680D46D0F878385A0705D5002111F071
:10EF9000B1FFE06812F0A1FCE368DB6873B9002DF3
:10EFA0003BD0A66806F15607384611F092FF0028BC
:10EFB00035D0394606F2564013F0EDFEA2682946D8
:10EFC000E0680DF10603563212F08AFC58B9A068C9
:10EFD00000F25641563013F0DEFEA068563011F0B4
:10EFE00078FFADF80600204612F090F9A368D3F838
:10EFF00074389B0603D50B49606911F05DFF20460C
:10F0000001F05CFAA268BDF806302046A2F8523042
:10F01000A268A2F8503012F01CF903B0F0BD86F8D7
:10F020005604CBE7B04503002DE9F04FB9B00446D4
:10F03000A42200210FA813F009FD00230493A36864
:10F0400020465633039312F068F9204612F0EAF88E
:10F0500010B96069FFF78CFF00274FF0FF38B94601
:10F060003D463E46BA46A06814220021183013F0EF
:10F07000EDFC204601F068F9A168E068B1F8502085
:10F08000563112F064FC0DF13C0B0297049B012BEE
:10F0900000F09C80282D40F09580022B40F0968057
:10F0A0000121764B764A0FE059460223039A04A8C1
:10F0B00001F020F85BF8042F04990346039231B164
:10F0C00001290AD148B16F4A204601F0E3FA6FF0F6
:10F0D0000705284639B0BDE8F08F2DB35BF8040C66
:10F0E00012F066FB98B167B1A5680B9718350AAEA8
:10F0F0000FCE0FC533682B602046FFF729FF01258F
:10F10000E7E701212046604A01F0C4FADFE7029BED
:10F11000C3B108F1FF38FEB9049BB8F1000F01D16B
:10F12000022BB3D10135B1E7029B5BB108F1FF3887
:10F1300096B9A368DB6A002B3BD0DB68002B38D084
:10F14000002633E050465BF8041C05AA11F0D1FFFD
:10F1500008F1FF38064638B3F368ABB1B646A3688A
:10F1600003F1180CBEE80F00ACE80F00DEF8003029
:10F17000CCF80030B36833B9737CFE2B04BF96F82B
:10F18000108008F1FF38A946D6F804C0BCF1000F82
:10F1900008D0B6460AAFBEE80F000FC7DEF8003051
:10F1A0003B606746B246B7E7002DC2D00123029309
:10F1B000B2E7364B0121009320460F9B344A01F001
:10F1C00069FABDE7B8F1000F7FF46EAFBAF1000F36
:10F1D0000AD09AF81130FE2B06D138AB03EB850329
:10F1E00053F8A43C03B10135A068436A53B9002F1A
:10F1F0003FF46DAFC369BB423FF47EAF0B9700F1A4
:10F20000180574E790F82830A5EB0905BBB14FF657
:10F21000FF7290F82910FF2918BF0A469D4202D3B9
:10F2200013449D420BD9836901212046194A01F0FC
:10F2300031FA2046FFF78CFE6FF0150549E70121F2
:10F2400011F04DFEA06800F60C1011F06CFEA368E2
:10F250000FAA294602EB890220465B6A98470546B9
:10F26000A0684FF0FF324FF0FF3300F60C1011F0A2
:10F270000BFE0021A06811F032FE2AE7F09704008F
:10F280009ABE0400AA970400BE970400DC9704000D
:10F29000F99C04001498040040F2FF332DE9F04F6C
:10F2A00004468068C3B0B0F850209A4273D000255D
:10F2B000B0F8522000F1560100F2564013F09FFBC7
:10F2C000A36819A9B3F8522009A8134483F8565427
:10F2D000A268282302F2564200F00CFF099928295F
:10F2E00059D842AB03EB810343F8A45CA368B3F89D
:10F2F0005220002A38D100293FD100250895089BCB
:10F3000042AA02EB830353F8A4AC0026504611F046
:10F31000E0FDB3468146B04637463946284614AA32
:10F3200000F0C4FF0346002838D1012E7DD1089B90
:10F3300042AA02EB830353F8A40C11F0CAFDA268A1
:10F34000064641462846183200F0B0FF00283CD15E
:10F35000A44940F27113A44AA44810F097FE40F269
:10F360007111A14810F089FE0029C6D0134493F80A
:10F3700055309F4AD35C1A0702D40129BDD0013908
:10F3800000200AAB0093019008AB19AA11F0DCFE33
:10F3900005460028B3D143B0BDE8F08F1B684A464C
:10F3A00051461846039313F0FEFC60B9039B1846C0
:10F3B000E9F760FC584538BF5846002E08BFB846EC
:10F3C0001FFA80FB01360137A7E70568284611F0D0
:10F3D00080FD864205D0821B92B22046A91912F008
:10F3E00045F8A068824AB0F85230034493F856308A
:10F3F000D15C11F0080113D1D0F87438DB070AD5BD
:10F4000011F082FD2046202101F07EFA0121A06842
:10F4100011F07AFDBFE72021204601F075FABAE726
:10F420000121204611F049FFB5E70490B3D9089AAD
:10F4300042AB03EB820252F8A43C1846039311F04E
:10F4400048FD049BA268CDE904860690A2F84030EE
:10F45000A26828460499183200F028FF48B961498B
:10F460004FF4DD73604A614810F010FE4FF4DD7117
:10F4700077E7049BD0F800A001330493039BD4F8F2
:10F480000890FBB1BAF1000F1FD019465046069AFA
:10F4900013F089FC0028DBD1564811F01AFDB9F8A9
:10F4A0003A2000EB0B07BFB2121A92FBF7F292B2AE
:10F4B000002A33D1504991234B4A4C4810F0E6FDC5
:10F4C00091214EE7BAF1000FE6D10023A9F84030B0
:10F4D000059B013B0593BBD16069FFF749FD2046C1
:10F4E00001F04AFA089B42AA02EB830353F8A40CEA
:10F4F00011F0EFFC414681460FAA284600F0D6FEE7
:10F5000008F1010A074678BB3C494FF4EB73364AD1
:10F51000364810F0BBFD4FF4EB7122E750460792DE
:10F5200011F0D7FCB9F84010079A3F1A481CA9F807
:10F530004000B1FBF2F002FB101189B2BFB261B919
:10F54000062120462B4B2E4ACDF800A001F0A2F850
:10F550003946204600F05EFFBAE7534606212046B2
:10F56000284A01F097F8F3E7A068396840F2FF32C3
:10F5700000F2564013F029FC3B684FF6FF77B8467F
:10F5800003935146284614AA0AF1010B00F08EFE9F
:10F59000D8B10022A168036801F2554111F801EFCA
:10F5A000985C704503D110B101324245F6D1B9F1F2
:10F5B000000F01D04A4506DBBA42A8BF3A46013ED9
:10F5C000012E97B201D0DA46DBE7002F3FF4E3AE1D
:10F5D0000399A7EB0902204692B2494411F046FF75
:10F5E000D9E600BF579804002F9804000653030083
:10F5F00019D30400CFEE03006C9804007F98040038
:10F60000799804001CEF030038B5044658B91E4928
:10F6100040F2F9431D4A1E4810F038FD40F2F9410E
:10F620001A4810F02AFD83680BB142684AB919499B
:10F6300040F2FA43154A164810F028FD40F2FA410C
:10F64000EEE7D3F87838DB071BD4C06912F035F841
:10F65000606803685B689847054620B9E06812F067
:10F660006AF9A3681D75A3685B6C13B1294620462F
:10F6700098470022A368C3F820290BF087F802F00E
:10F680003DF96FF00F05EEE7026603002F980400C6
:10F690000653030085980400022210B583680446CF
:10F6A0001A7583689B6CBBB911F0CDFB8368D3F8E6
:10F6B0007838DB040BD50321084B094A00F0EAFF38
:10F6C000A0686FF4805100F6780011F0D2FB20465C
:10F6D000BDE8104001F050B910BD00BF9A98040079
:10F6E0001CEF030070B5044686B058B9AF4940F22C
:10F6F000DD53AF4AAF4810F0C9FC40F2DD51AC48D1
:10F7000010F0BBFC806848B9AB4940F2DE53A84A10
:10F71000A84810F0BBFC40F2DE51F0E7012100F6F2
:10F72000780011F09BFBA3681B7D022B20D10023E6
:10F730000193A36860689E6C03681D6901AB0EB3FA
:10F74000102202A9A847019B93B10121A06811F0E2
:10F75000C6FB2046019A02A9B0470021A06811F01B
:10F76000BEFBA3689B6C002BE3D12046FFF794FF00
:10F770006FF00101A06800F6780006B0BDE87040A7
:10F7800011F077BB01220DF10301A847019B002B6B
:10F79000EED09DF903109DF803300029A268C8DB64
:10F7A000517D032900F2AD81DFE811F004002B0147
:10F7B0004301AB010D2B56D00A2B32D0B2F878188A
:10F7C000092B6FF3CA01A2F8781864D014D8002B63
:10F7D0005DD0082B6BD079495A1CD2B28A5CA068E4
:10F7E00012F0970F6FD0012111F084FB20469DF895
:10F7F000031001F089F84AE01B2BA06845D07F2B4D
:10F80000E9D1D0F874389D0741D5012111F072FB80
:10F81000A368D3F87438190751D4204611F028FE94
:10F8200035E0D2F87818C1F3C70129B1D2F87818B9
:10F83000C1F3C7010A29CED1B2F8781863F3CA011F
:10F84000A2F87818A568B5F85010C1B9284611F08B
:10F8500051FBE06812F041F86069FFF789FB204630
:10F86000FFF71AFF65E7D2F87818C1F3C70100293E
:10F87000E2D0D2F87818C1F3C7010D29DBE72046A2
:10F88000FFF7D2FBC5F82409E9E701234375606956
:10F8900011F0CFFB4DE7A068D0F874389B07F6D580
:10F8A000012111F027FB2046FFF7F6FCEFE7A068E7
:10F8B000D0F874389E07EAD5012111F01BFB2046D1
:10F8C00011F0F5FDE3E7D0F874289207DFD5013B8E
:10F8D000162BDCD801A252F823F000BFD1FA0100A8
:10F8E00039F9010041F901001BF80100C5FA0100D6
:10F8F00065F901008FF801008FF801008FF8010011
:10F900008FF801006DF9010075F901008FF8010011
:10F910009FF901008FF80100A9F901008FF801009B
:10F920008FF801008FF801008FF80100C9F901007C
:10F930008FF80100F3F90100204611F0F7FCA6E76B
:10F94000204611F0EAFC204611F06CFC10B9606909
:10F95000FFF70EFBA068012111F0CCFA2046FFF75B
:10F960009BFE94E7204611F0EAFC90E7204611F058
:10F97000F1FC8CE7D0F874389B0603D51049606918
:10F9800011F09AFAA368D3F874389E0603D50D498E
:10F99000606911F091FA204600F0EEFF77E7002150
:10F9A0002046FFF7EBFA72E70121F9E70266030050
:10F9B0002F98040006530300DE98040018D30400B7
:10F9C000B5450300BA450300204611F09FFC2046D0
:10F9D00011F039FA0121A06811F08CFAA368D3F86C
:10F9E00074389D067FF553AF4749606911F064FA9A
:10F9F0004DE7204600F0B4FE0121A06811F07AFA2C
:10FA000045E75B2B02D10223537540E7D2F87428F7
:10FA1000900706D5622B08D14FF0FF31204600F049
:10FA20000FFD0022A3685A7531E7662BF9D1012139
:10FA3000F4E700215175A268D2F8741889077FF5A0
:10FA400078AE313B1B2B3FF622AF01A151F823F0DA
:10FA5000CDFA0100D9FA0100F1FA0100C1FA010062
:10FA60008FF801008FF801008FF801008FF8010076
:10FA70008FF801008FF801008FF801008FF8010066
:10FA80008FF801008FF801008FF801008FF8010056
:10FA9000A9F901009FF9010065F9010039F9010098
:10FAA0008FF80100C5FA01008FF80100D1FA0100BA
:10FAB0008FF801008FF801008FF80100DDFA0100D6
:10FAC00003235375204611F028FCE0E60323537509
:10FAD000204611F01BFCDAE603235375A068D0F82A
:10FAE000741801F0010181F0010111F00DFACEE668
:10FAF00003235375A368D3F874389B077FF5C7AE0B
:10FB00008BE6002380E700BFB045030038B504460C
:10FB100058B9284940F29F53274A284810F0B6FAAE
:10FB200040F29F51244810F0A8FA83681BB1426844
:10FB30000AB102684AB922494FF4B4631E4A1F4809
:10FB400010F0A4FA4FF4B461ECE71A7D012A2DD12C
:10FB5000D3F87828510408D5D3F87428520704D470
:10FB60000146DA6CC06911F091FDA06840F267624D
:10FB7000002300F60C1011F087F9054618B16FF05C
:10FB80000F05284638BD0821204600F045FD606974
:10FB9000FFF7EEF92046FFF77FFD204600F004FF57
:10FBA000A06800F60C1011F0BEF9EAE76FF08505C9
:10FBB000E7E700BF026603002F9804000653030026
:10FBC000E69804002DE9F04104468068154600F6E9
:10FBD0007800002937D04FF4804111F03FF9A36835
:10FBE0000021DD64606803689B689847002851D154
:10FBF0002046FFF78BFF00284CD1274E274FDFF818
:10FC0000A480A06800F6BC004FF0FF324FF0FF3335
:10FC100003210BF039FF0546A068CDB140F26762C1
:10FC2000002300F60C1011F02FF998BB20462B464C
:10FC300001211B4A00F02EFDA068BDE8F04100F64E
:10FC40000C1011F070B96FF4804111F012F9C6E791
:10FC50004FF0FF334FF0FF3200F60C1011F014F9A3
:10FC600032460221204611F011F93A462946204633
:10FC700011F00CF920464246012111F007F96068A5
:10FC800003685B6903B19847A06800F60C1011F097
:10FC90004AF9B6E7BDE8F08109F60100E5F6010092
:10FCA000119904002B0F03002DE9F0410F46164671
:10FCB0009846044658B94A4940F20563494A4A48B9
:10FCC00010F0E4F940F20561464810F0D6F912F060
:10FCD000E8FC60B1454940F20663424A424810F0F0
:10FCE000D5F9434810F0D2F940F20661ECE7A56877
:10FCF0004DB9404940F207633A4A3B4810F0C6F913
:10FD000040F20761E0E7D5F878381B050FD40AF018
:10FD10003DFDD5F82039834209D137494FF4C163FD
:10FD2000304A314810F0B2F94FF4C161CCE7636951
:10FD30004BB9324940F20A632A4A2B4810F0A6F91F
:10FD400040F20A61C0E74EB92D4940F20B63254AE3
:10FD5000254810F09BF940F20B61B5E72B7D022B93
:10FD600008D0A0684FF48051BDE8F04100F678005B
:10FD700011F074B840F26762002305F60C1011F020
:10FD800083F858BBA368D3F87828100508D49A6C78
:10FD900032B9D3F87438990602D5204611F0E8FA42
:10FDA000434632463946204611F000FBA368D3F89B
:10FDB0007828120508D49A6C32B9D3F874389B06A7
:10FDC00002D5204600F0D8FD606911F032F9A06834
:10FDD000BDE8F04100F60C1011F0A5B8BDE8F081C7
:10FDE000026603002F98040006530300AD9C040034
:10FDF00028990400DE980400439904007F990400C8
:10FE00008F99040010B504460A4911F0CAF820463B
:10FE1000094911F0C6F82046084911F0C2F82046F9
:10FE2000074911F0BEF820460021064A00F05CFEAA
:10FE3000002010BD93990400D1990400309A040069
:10FE4000849A04001E9B0400F8B50F46044658B976
:10FE50001B491C4840F297631B4A10F017F940F207
:10FE60009761194810F009F9D1B1084611F031F83D
:10FE70000646A06840F26762002300F60C1011F0FD
:10FE800003F8054618B16FF00F052846F8BD731C3E
:10FE9000142BA06800D836B900F60C1011F043F806
:10FEA0006FF01505F1E7394612F075FFA36883F886
:10FEB0003C60A06800F60C1011F035F8E5E700BFD3
:10FEC00002660300065303002F9804002DE9F04753
:10FED000894615469846044688B058B9484940F2C4
:10FEE0006C53484A484810F0D1F840F26C514548EC
:10FEF00010F0C3F8806818B163680BB123684BB980
:10FF0000424940F26D533F4A3F4810F0BFF840F27B
:10FF10006D51ECE7D0F8201900296ED1237C013B0C
:10FF2000012B09D93A4940F2BD43364A364810F010
:10FF3000ADF840F2BD41DAE740F6281212F086FD36
:10FF4000E06811F07CFDA06800F60C1040F6BC07DC
:10FF500012F010FB40F67C06BA46A068304412F05E
:10FF600007FDA068002283190121384410360BF0E8
:10FF700049FD564507F11407EFD10026A369022178
:10FF80001E60A06866F3820500F6780010F066FF38
:10FF90005022A36820465A871822A3681A8721682E
:10FFA000FFF752FFA3684946C3F874586068194ABE
:10FFB00003681D682346A8470546D0B90122A368F7
:10FFC0001A75D4E90A0100220023CDE906230E2385
:10FFD0000393109B4FF41052CDE9018304950E4B0F
:10FFE000009409F02BFBA368C3F82009616A09F0AB
:10FFF00019FA284608B0BDE8F0876FF07705F8E7F2
:020000040002F8
:10000000026603002F98040006530300E6980400DC
:10001000349B0400750F0300C5FB010070B5044656
:1000200008460E4610F055FF05465EB3B0F5806FEA
:1000300039D2002C3AD0A068D0F878381B050ED5FC
:100040001C4940F2D2631C4A1C4810F01FF81C489F
:1000500010F01CF840F2D261174810F00EF831464B
:10006000563012F098FEA36840F26762A3F8505031
:10007000A368A3F85250A068002300F60C1010F0FB
:1000800003FF18B16FF00705284670BD2046FEF744
:10009000CBFF0546A06800F60C1010F044FF204688
:1000A00010F0D1FEF0E76FF00B05EDE76FF01505EE
:1000B000EAE700BF8B9B04002F980400065303005F
:1000C000A39B04001346002213B5044600920A467F
:1000D00001460748E8F73CFF23691B792BB120460E
:1000E00002B0BDE8104010F0A4BF02B010BD00BFC8
:1000F0004B1003002DE9F04F0026074614469946A1
:10010000B34685B0DFF8A0A1019106602378002BEB
:1001100000F0C6801AF8033013F0080304D004F886
:1001200001BBF3E70026F1E73A68511C39600199F9
:1001300041F822403A684A4500F0B2801E462178D4
:100140000029E3D0A6B90E4623461C46272E04D02C
:100150005C2E20D0222E40F09780204610F093FF96
:10016000611C0246204612F057FC21780029CDD0B0
:10017000B142A04604F101041BD1404610F083FFB8
:1001800021460246404612F047FC98F8006044467B
:10019000002ED9D1BAE7204610F075FF651C024643
:1001A0002946204612F038FC66782C46002ECDD128
:1001B000ACE75C2998F80110D8D1B1428C4608D13F
:1001C000404610F060FF21460246404612F024FCF3
:1001D000B5E7302925D10025022218F802C0ACF17C
:1001E0003000C0B2072819D8ED000132EDB2052A5F
:1001F00045EA0005F1D1511E414440460392029167
:1002000010F041FF039A0299023A821A404612F016
:1002100003FC98F8011088F80050A7E7D2B2022A30
:10022000E9D1BCF1780F2AD10025022018F800206E
:10023000A2F1300C5FFA8CFCBCF1090F09D82D013A
:10024000EDB24CEA0505022801D00422D3E70320D1
:10025000ECE7A2F1610CBCF1050F05D82D01EDB260
:10026000573A1543EDB2EEE7A2F1410CBCF1050F90
:1002700003D82D01EDB2373AF3E7022802D108F195
:10028000010473E70322B6E71AF806301B073FF5AF
:1002900049AF6678631C002E7FF457AF1C4635E7E4
:1002A000304605B0BDE8F08F19D3040038B50B46D1
:1002B000154648B91B491C4A521AB3EB920F12D289
:1002C00051F82350284638BD5AB91849184840F209
:1002D0002913184A0FF0DAFE40F2291115480FF0E1
:1002E000CCFE84680CB90025ECE7134A94420AD38B
:1002F000124A944207D218462946226890472B6832
:10030000002BDFD1EFE70E4A944202D30D4A94420C
:1003100005D3246814225343E518E358F0E701336A
:10032000F8E700BF803F0300C43F03001B9C0400AC
:1003300006530300ED9B04001C4203001C42030013
:10034000C43F03001C420300F8B58468054694F8D6
:1003500056306BB9AB68B3F85020A3F85220F8BD03
:10036000013A92B2A4F850202AB984F85620F1E755
:10037000134E04F15600B4F85020831813F8013CD2
:10038000F35C13F00803EBD183549AB210F802C067
:100390001F4616F80CC010FA83F11CF0080F03F189
:1003A0000103F2D1BFB2002FD4D0B4F85060731C57
:1003B0009A1AF61B12F030FBA4F85060CAE700BF8F
:1003C00019D304008368D3F874389B0603D5024917
:1003D000406910F008BF7047C0450300014910F0A4
:1003E00002BF00BFFFC704000A1E0DDC0ED042236F
:1003F0008168D1F87418890608D5002A0449406933
:10040000B8BF524210F0EFBE4123F1E7704700BF82
:100410002F9C04000A1E0DDC0ED044238168D1F805
:100420007418890608D5002A04494069B8BF5242A9
:1004300010F0D9BE4323F1E7704700BF2F9C0400A2
:100440002DE9F0410C1E064633DA4FF0FF356442C9
:1004500024B2DFF86480A4B2AFB214E0B368002025
:10046000B3F8522003F1560C1146B3F8503071B96D
:10047000B5F1FF3F00D073B9891A304609B210F0C8
:100480001CFF013CA4B2002CE8D1BDE8F0818B42F6
:1004900001D1012DF0D01CF801E018F80EE01EF09B
:1004A000070F04D10028E7D1394489B2DFE70120E2
:1004B000FAE70125CDE700BF19D304002DE9F04785
:1004C0008568044605F15600E8F7D4FB00239846FA
:1004D00095F83C70DFF8589086B2A268558FED1BF6
:1004E000B54209DB002E1FDD563360690F491A44FF
:1004F000BDE8F04710F077BE1D442A4492F856A09C
:1005000082F85680A26856331A444946606910F052
:100510006AFEA3682B4483F856A0A3685B8FDB1B9D
:10052000F61A00272B46D8E7BDE8F0871CEF03003A
:100530009ABE04002DE9F0410E461446054686B0E9
:1005400008B1002958D12F494FF4E3732E4A2F48A0
:100550000FF09CFD4FF4E3712B480FF08EFD009AD5
:10056000944209D22A4940F2D113274A27480FF072
:100570008DFD40F2D111EFE71744A41A002A3CD1B7
:10058000AB68197D032914D0022926D8012103F66E
:10059000AC0301A80BF036FA4FF0FF324FF0FF33F7
:1005A000012101A80BF070FAA86800F6AC0012F067
:1005B000E4F9686822460368F119D3F80C806B46A9
:1005C000C0470028CBD013494FF4E8730E4A0F48B8
:1005D0000FF05CFD4FF4E871BEE7D3F8782892077E
:1005E000FBD503F67803D3E8EF1F21F00201C3E83F
:1005F000E21F002ADDD0F6E70027002CD9D106B093
:10060000BDE8F081629C0400369C040006530300A0
:100610006D9C0400BE8A040008290A4617D8836826
:1006200093F83E10914212D083F83E208368082A46
:10063000D3F8743805D0990609D50549406910F0FA
:10064000D2BD9B0603D50349406910F0CCBD70476D
:100650007F9C0400C545030038B50D460978044663
:10066000FFF7DAFF6A78072A11D8A36893F83F10DA
:1006700091420CD083F83F20A368D3F874389B06CE
:1006800005D560690249BDE8384010F0ACBD38BD01
:10069000889C04000CB473B5069E0D46044658B9F8
:1006A000274940F22F23274A27480FF0EFFC40F25A
:1006B0002F2124480FF0E1FC83684BB923494FF404
:1006C0000C73204A20480FF0E1FC4FF40C71F0E766
:1006D00042694AB91E4940F231231A4A1A480FF0BA
:1006E000D5FC40F23121E4E74EB91A4940F23223F9
:1006F000144A15480FF0CAFC40F23221D9E7D3F86A
:1007000078389B040FD411F0CCFF60B1124940F24D
:1007100033230C4A0C480FF0B9FC10480FF0B6FC1C
:1007200040F23321C5E707AB324629462046019304
:1007300010F03CFE02B0BDE8704002B0704700BF50
:1007400002660300369C040006530300DE98040092
:100750007F9904008F990400919C0400289904005B
:10076000F8B583680446B3F85020002A55D0B3F892
:100770005210002951D0553103F156050B4418464B
:10078000A84206D3014611F80169202E3CD0A842A8
:100790003CD286B29DB2AB1B9BB2591C471CD21AED
:1007A0000144384612F038F9A268711BB2F8503093
:1007B000204613FA81F3A2F85030A36809B2B3F8C7
:1007C00050201344002283F8562010F076FDA368D1
:1007D000D3F874389A0603D51049606910F003FD08
:1007E0003B46082120460E4AFFF754FF2046FFF7FC
:1007F000E9FDA368D3F874389B060ED560690949F2
:10080000BDE8F84010F0EFBC0846B9E7014611F822
:100810000169202EBDD00846B9E7F8BDCA450300DE
:100820001CEF0300CE4503002DE9F84F04460F46A8
:1008300090460AB1FFF7C6FDA668D6F87438B6F838
:1008400052505B0724D505F156003044E8F712FA00
:1008500005462A4EB5B9A368B3F85020A3F8522034
:10086000A06810F0CDFC30B1B8F1000F00D017B186
:100870006069FFF7B3FD79422046BDE8F84F09B241
:1008800010F01BBD3146606910F0ADFC013DE1E7A1
:100890003046E8F7EFF9B6F85090738F19FA80F9FF
:1008A00015FA80F0B0FBF3F2B9FBF3F39A42AA46D3
:1008B0001BD0134D4845A368CDDA5A8F461CB0FBB8
:1008C000F2F302FB130313B96069FFF787FDA36816
:1008D000204653442A46082193F856300AF1010B6A
:1008E000FFF7D8FEDA463046E4E7563508212046C1
:1008F000044A7319FFF7CEFEADE700BF50A904000C
:10090000339C04001CEF030013B583688DF80710B7
:10091000D3F874280446D00725D5B3F85210B3F89D
:1009200050208A421FD0481C9DF80720A3F852008F
:100930000B4483F85620A368D3F87418890710D5A0
:10094000D3F87438606913F0040F18BF2A220949DC
:1009500010F049FC204610F065FC10B16069FFF70B
:100960003DFD02B010BD012220460DF1070110F03F
:1009700042FDF6E7339C040010B50446836802216B
:10098000084AFFF787FEA368D3F874389B0707D59A
:100990002046FFF793FD2046BDE8104010F068BCEC
:1009A00010BD00BF1CEF030070B5044692B058B9EB
:1009B0000E490F4840F23F230E4A0FF067FB40F20A
:1009C0003F210C480FF059FB00234FF47A75019337
:1009D00060684022036802A91E6901ABB047019B11
:1009E00013B108B9013DF3D112B070BD0266030026
:1009F00006530300369C0400014910F0CCBE00BF32
:100A0000FFC704002DE9F047054690460E46002931
:100A100065D00024DFF8CC90335D19F803301A0755
:100A20001ED43046E8F726F9AB6880B25A8F001B17
:100A3000A2EB0803984206EB040A13D9514600279B
:100A400011F8010B19F800C01CF0080F02D00A2899
:100A50002DD03B4608EB0700824227D90137EFE74C
:100A60000134D9E753460027B84214D013F8012BBC
:100A70000A2A19D1686910F0DCFA51463A4628462C
:100A8000FFF758FD6869FFF7B7FF01344146284674
:100A90003C44FFF7BFFC6869311910F07CFE6869BF
:100AA000BDE8F047FFF7A8BF0137DDE71F466869DB
:100AB00010F0BFFA3A4651462846FFF73BFD3C444A
:100AC000335D19F803301B0707D46869FFF794FFFB
:100AD00041462846FFF79EFCA3E70134F0E7BDE856
:100AE000F08700BF19D304002DE9F04F0F46002115
:100AF000044616460D4689B0384603AA01F101089E
:100B0000FFF7D4FB98B97DB126B1324608212046C3
:100B1000FFF7C0FD0021DFF8B080384603AA01F1DD
:100B2000010AFFF7C3FB60B909B0BDE8F08F0068A8
:100B300010B1E8F79FF880B2854238BF05464146BC
:100B4000DAE7D0F800B0BBF1000F1AD09BF8002014
:100B5000BAB1D0F804905846E8F78CF820222E1A43
:100B60008DF80B20434608212046154ACDF800B0E9
:100B7000B6B2FFF78FFDB9F1000F1DD16069FFF725
:100B80003BFF5146C9E7012220460DF10B01FFF75B
:100B9000D1FC0BF1010B1FFA8BF29642F3D82046E1
:100BA00043460821074AFFF775FDAA1D494620461E
:100BB00092B2FFF727FFE4E74FF0000BEBE700BF2F
:100BC0007A980400048F0400C09C0400F7B50F68F5
:100BD00005460E46A7B13846E8F74CF884B2094BF3
:100BE0002846009308213B46074AFFF753FD284655
:100BF000E21C716892B203B0BDE8F040FFF702BF9B
:100C00003C46ECE7BC9C04007A98040010B583686D
:100C10000446D3F874389B0603D50649406910F0A2
:100C2000CFFD5022A36800205A871822A3681A8794
:100C300010BD00BFD245030008B5836902491A6898
:100C400010F0AFF9002008BDC39C040008B50249AC
:100C5000FFF7FAF8002008BD00C8040073B5044689
:100C600000250D4EA2680DF106030121E06802F295
:100C7000564210F035FEBDF80600A36840B12A4682
:100C80003146204603F2564310F08BF90135E9E76F
:100C900083F8560402B070BDD39C040010B504461E
:100CA00010F0BFF903490246204610F07AF90020FF
:100CB00010BD00BF05DC0300022907B50BD1536846
:100CC0000C49009312680C4B10F087F96FF0150077
:100CD00003B05DF804FB8368084AD3F87438084908
:100CE00013F0020F074B18BF1A4610F05AF90020F4
:100CF000EEE700BFF69C0400E19C0400DD9C0400CC
:100D0000FF9C0400E4C804002DE9F34114490546A2
:100D100010F047F90022134C134FDFF86080BC42FB
:100D200017D91249E623124A12480FF0AFF91248B8
:100D30000FF0ACF9E6210E480FF09FF9636A92B20A
:100D40000093A3684146284610F02BF93034324610
:100D5000E5E702F10106F1D3002002B0BDE8F08121
:100D6000109D0400503F0300803F0300669D040077
:100D7000399D040006530300ED8C0400289D0400F7
:100D800010B583680446D3F874389A0603D507492A
:100D9000406910F015FDA368D3F874389B0603D59D
:100DA0000349606910F00CFD002010BDD945030017
:100DB000DE450300F0B50129044685B00AD053682A
:100DC0005F49009312685F4B10F007F96FF0150050
:100DD00005B0F0BD8368D3F87438990603D55A4935
:100DE000406910F0EDFC00256FF0F9012046FFF797
:100DF000FBFAFA212046FFF70DFBA0684FF4806252
:100E0000294600F256408DF80B5011F01FFE4F4955
:100E1000606910F0D5FC606910F00BF94FF47A7638
:100E20006068012203680DF10B011F6903ABB8472D
:100E3000039BEBB9013E4FF47A70B6B211F03BFB65
:100E4000002EEDD1A368D3F874389B0603D5404932
:100E5000606910F0B5FC5022A36820465A8718221A
:100E6000A3683C491A8710F0AAF86FF00700AFE7B3
:100E70009DF80B20A3681B2A55D093F856141B2904
:100E8000CED1522A4FD15A19002382F85634A6687F
:100E900096F857245B2A2DD1022506F2574010F808
:100EA000011F2A463B2905F10105ADB225D140F2CB
:100EB000FF318A42C6D002F2564216FA82F100226F
:100EC00011F8010F18BBFA2A28BFFA22FA2B28BF03
:100ED000FA2386F85604A1684A87A2681387A36894
:100EE000D3F874389A0603D51949606910F068FC84
:100EF00000206DE786F85634A4E703EB830330390E
:100F000001EB4301B5F5806F8BB2C8D19AE701358B
:100F100002EB8202ADB2303800EB4200B5F5806FD3
:100F200082B2CDD18EE72B440135ADB2092D83F8C5
:100F300056247FF675AF0022A36883F8562481E714
:100F4000F69C0400E19C0400E4450300B79D040006
:100F5000E84503007D9D040008B504480EF0D6FF67
:100F6000BDE8084002480EF0D1BF00BF6BA20400EC
:100F7000A0A204002DE9F04F83B081460C4600AFDB
:100F8000002900F0CE80724D2B68580736D0D1E989
:100F900000016E468AB06A46A3684FF00508DFF884
:100FA000CCC1C2E90713C2E905C042F8108F002383
:100FB0004FF421512846FCF78FFD2B68B5465907A1
:100FC0001CD0D4E903018AB06A466369DFF8A0C186
:100FD000C2E90713C2E905C042F8108F00234FF49D
:100FE00021512846FCF778FD2B68B5465A0705D0F5
:100FF000E36901212846574A0FF007FDA046002665
:101000004FF00A0BDFF86CA12B685B071FD0D8E903
:1010100008E0D8E90A13C7F804D08EB06A46C2F8CF
:101020001CE006F1010EC2E908E0B01CC2E90A01A9
:10103000F11CC2E905A6C2E90C1342F810BF002357
:1010400045F240014248FCF747FDD7F804D004368A
:10105000102E08F11008D7D12B68580705D0236E41
:1010600001213D4A3A480FF0D0FCA66E2B68002EB5
:1010700045D0590755D0D6E90001E8468AB06A46FE
:10108000B3684FF0050ADFF8F0C0C2E90713C2E900
:1010900005C042F810AF00234FF421512C48FCF753
:1010A0001BFD2B68C5465A073BD0D6E903018AB021
:1010B0006A467369DFF8C4C0C2E90713C2E905C014
:1010C00042F810AF00234FF421512148FCF704FDF2
:1010D0002B68C5465B0724D0D6E906018AB0336A7F
:1010E0006A461E4EC2E90713C2E9056042F810AF16
:1010F00000234FF421511648FCF7EEFCC5462B683F
:1011000058070ED0236F0121154A11480FF07DFCBE
:101110002B68590705D0A3690121124A0C480FF02A
:1011200074FCB9F1010F0AD1EFF305830848026896
:10113000520704D00C4A4946103B0FF066FC21468A
:10114000484606F0BDFB0C37BD46BDE8F08F00BF3A
:10115000E8EA00202CA304007EA30400EBA3040013
:101160001AA404002CA404005AA40400CEA2040073
:10117000FDA204003BA304008DA30400BCA3040053
:1011800030BFFFF7FDBF00BF054B9A699B689A42CD
:101190001FBF044A536843F080535360704700BF39
:1011A0002C51012000ED00E0F8B5414C0D462368BC
:1011B0000646590703D020463E4910F074FC3E4BCA
:1011C0009B6ADA0662D523685B0703D03B4938483F
:1011D00010F069FC1120384B9B6A1F0707D5236864
:1011E000590703D03649324810F05DFC1220324FC7
:1011F000BB6A9A0719D523685B0703D031492C488D
:1012000010F051FC7B6BBA6A17060DD522685007A7
:1012100004D001212C4A26480FF0F7FB26B1264ABC
:10122000936A23F0800393621320234B9B6AD907B0
:1012300007D523685A0703D024491D4810F033FC12
:1012400014201D4B9B6A9B0607D523685F0703D0BC
:101250001F49174810F027FC1520174B9A6AD6062D
:1012600002D49A6A940713D59B6AD90610D51949F6
:101270004FF49573184A19480EF008FF18480EF0FD
:1012800005FF4FF4957114480EF0F7FE1020A2E709
:10129000094B9A6A920642BF5A6A22F400525A6275
:1012A0009A6A42F0FF029A6200232B70F8BD00BFD9
:1012B000E8EA00206DA4040000ED00E083A404002F
:1012C000B6A40400C9A40400E1A40400F7A4040027
:1012D00016A5040077A5040045A5040006530300E5
:1012E000C1A5040010B5334C2368580703D020462D
:1012F000314910F0D8FB314B9B6A990157D52368CF
:101300005A0703D02E492B4810F0CDFB1E202B4B43
:101310009B6ADB0107D52368580703D02949254874
:1013200010F0C1FB1F20254B9B6AD90207D523680B
:101330005A0703D024491F4810F0B5FB02201F4B69
:101340009B6A1B0307D52368580703D01F49194818
:1013500010F0A9FB2120194B9B6A590307D523687C
:101360005A0703D01A49134810F09DFB2220134B53
:101370009B6A9B0307D52368590703D015490D487D
:1013800010F091FB23200D4B9B6ADA0307D52368ED
:101390005B0703D01049074810F085FB2420074A5B
:1013A000936A6FEA03436FEA1343936210BD1D20F3
:1013B000ADE700BFE8EA002025A6040000ED00E04C
:1013C0003DA6040050A604006AA6040094A60400EA
:1013D000B2A60400D7A60400F1A60400F8B5374C65
:1013E000064623680D465B0703D02046344910F0BB
:1013F0005AFB344B9B6ADF0451D52368580703D04E
:1014000031492E4810F04FFB17202E4B9B6A1905CF
:1014100007D523685A0703D02C49284810F043FB0E
:101420001820284FBB6A9B0519D52368580703D09D
:101430002749224810F037FBBB6BBA6A11040DD55F
:101440002268520704D00121224A1C480FF0DDFA1D
:1014500026B11C4A936A23F4004393621920194B66
:101460009B6A5B0507D523685F0703D01A491348B9
:1014700010F019FB1A20134B9A6AD60511D5236870
:10148000590703D015490D4810F00DFB1B200D4ADC
:10149000936A43F47F43936200232B70F8BD1620B8
:1014A000B3E79B6A9A04F2D523685B0703D00C4923
:1014B000024810F0F8FA1C20E9E700BFE8EA002033
:1014C0001CA7040000ED00E032A70400B6A404004D
:1014D00043A704005CA7040071A704008CA70400C4
:1014E00016A504002DE9F04FA1B000AF7B60914B31
:1014F0001646D3F804B081460D460022CBF3080A05
:1015000082F31188BFF36F8F06F07F42B2F17F4FF5
:101510000ED0894940F21143884A89480EF0B6FD41
:1015200088480EF0B3FD40F2114184480EF0A5FD4D
:1015300016F00104EDD1710605D432070DD405462D
:101540004FF001080BE080480268530702D07F4942
:1015500010F0A9FA16F0040811D04FF00008002D81
:10156000D7D00022FA72AAF10302092A00F2BD8044
:10157000DFE802F007ADB190BBBBBBBBBBB54D46CE
:10158000EDE7DFF8C4B1DBF80030580703D0584668
:101590006F4910F088FA0023FB72664BDA6A9107F4
:1015A00008D5DBF800305A0745D06A49664810F084
:1015B0007AFA40E0DA6A002A05DADBF800305B07E5
:1015C00039D06549F2E7DB6A5C0073D5DBF800309F
:1015D000580703D061495C4810F065FA554BA9697A
:1015E0005A6942F480725A61BFF34F8FBFF36F8F15
:1015F0005A6931F8021C22F480725A61BFF34F8F8E
:10160000BFF36F8F4DF60272914209D09A6AD2B23F
:1016100092B3012007F10B01FFF7C6FD04460AE073
:10162000DBF80030590705D02B6801214C4A4648A9
:101630000FF0EBF92C68FB7AD3B96822294607F141
:101640000C0011F0DCF97B68FE67C7E91D39BB6A45
:10165000B8F1000F69D0C3F3080222B96FEA53232F
:101660006FEA4323BB62204607F10C01FFF782FCBF
:101670008437BD46BDE8F08F9A6A12F47F4F05D0DB
:10168000012007F10B01FFF7A9FEC7E79B6AB3F53D
:10169000803F02D3FFF726FEC0E7324940F2EA233B
:1016A000264A27480EF0F2FC2F480EF0EFFC40F2DD
:1016B000EA213AE72B4940F2ED23204A20480EF078
:1016C000E5FC2A480EF0E2FC40F2ED212DE7002077
:1016D00007F10B01A0E7002007F10B01D3E71A483F
:1016E00003685A07A7D0224961E7174802685307E1
:1016F000A1D0204A1BF4F87FEB468AB01E4918BFE0
:1017000011466A461D4BC2E90531AAF11003D361A7
:101710004FF4007313841A4B42F8103F00234FF428
:101720001151FCF7D9F9DD4685E723F4FF7323F067
:10173000010397E700ED00E0D2A7040045A50400EF
:1017400006530300E5A70400E8EA002023A80400EC
:1017500046A804005DA804007EA804008CA804002C
:10176000ABA804002EBB0400C7A80400EBA804002B
:101770001BA90400B9A70400A4A704003FA9040002
:1017800004000001064B5A6942F010025A615A697E
:1017900042F480625A615A6922F008025A61704725
:1017A00000ED00E0EFF30880EFF3098101B506B426
:1017B0002DE9F00F6B467246FFF794FE0AB001BDAB
:1017C00008B548B9104911481423114A0EF05EFCBF
:1017D00014210F480EF051FCEFF314835A0712D571
:1017E00000F1400280EC100A82EC108AF1EE102A1F
:1017F000C0F88020012223F0040380F8842083F3C2
:101800001488BFF36F8F08BD82A90400065303003C
:1018100052A90400002080F31488BFF36F8F0020CA
:1018200080F30A8880F30B88144880F3088800202E
:101830001349087003F0E8FB002012490860BFF369
:101840004F8F00F035F8202080F311880E484FF0BC
:10185000AA014FF4805210F05CFE0B484FF4805107
:10186000401880F30988EFF314800221084380F3C5
:101870001488BFF36F8F00F02BF90000502B02206B
:101880000768012094ED00E01012022000231846A2
:101890000649D1F89020C2F30722934200DB70473B
:1018A000C1F89830C1F8A0000133F6E700ED00E080
:1018B00010B572B6002484F31388FFF7E7FF2346C0
:1018C0004FF0FF300C4A03F120010133102B42F896
:1018D0002100F8D100234FF0FF30074A03F16001E7
:1018E0000133102B42F82100F8D162B6BFF34F8FBD
:1018F000BFF36F8F10BD00BF00E100E0084B9B6895
:1019000083420BD1EFF3058343B1064B5A6842F093
:1019100080525A605A6A22F400425A6208F03CBF70
:101920002C51012000ED00E023498A6882F8F5E09F
:101930004FF030001044EFF3098C80E8F01F1EF0E8
:10194000100F03D102F1B40080EC108A202080F344
:101950001288BFF36F8F194F4FF000668A698A6053
:101960003E6092F9F5E0D2F8AC000023C2F8AC304A
:1019700080F311881EF0100F03D00023E1EE103A1F
:1019800003E002F1B40090EC108AEFF3148323F02B
:10199000040383F31488BFF36F8F02F1300090E8E3
:1019A000F01F8CF3098802F1000004B510F099F8DB
:1019B000BDE80440704700002C51012004ED00E018
:1019C0001EF0040F0CBFEFF30880EFF3098081696C
:1019D00011F8021C0229FFD001B5EFF3098106B40A
:1019E0002DE9F00F6946724610F043F80AB001BDC8
:1019F00040B2002807DB01234109034A00F01F0021
:101A0000834042F82130704700E100E040B20028F6
:101A10000CDB01220649430900F01F0082402033FD
:101A200041F82320BFF34F8FBFF36F8F704700BF84
:101A300000E100E0054B420953F82220012300F0A9
:101A40001F0003FA00F01040704700BF00E100E003
:101A500038B54B1C072B04460D460FD96B23104A93
:101A6000104911480EF012FB294610480723224660
:101A70000EF00CFB6B210A480EF0FFFA40B2002872
:101A8000ACBF00F160400A4A4FEA4313DBB2ABBF80
:101A900000F5614000F00F0080F80033135438BDAA
:101AA00098A90400CFA9040006530300EAA9040082
:101AB00014ED00E0044B054A23F07F039360BFF36D
:101AC0004F8FBFF36F8F70470080000000ED00E084
:101AD00008B5FFF7EFFF104BD3F8882022F470020F
:101AE000C3F88820D3F8882042F4A002C3F88820E5
:101AF0004FF04042C3F83422BFF34F8FBFF36F8FD4
:101B00000023E1EE103A06F017F809F0C1F900F0F1
:101B100077F806F055F800BF00ED00E042F8203CF1
:101B2000009B0D4942F81C3C019B21F0010142F849
:101B3000183C029B42F8081C42F8143C4FF080739A
:101B400042F8043C0023C0F8AC304FF43C43203A48
:101B50000265C0F8F430704769FF0200104B9B68C3
:101B600083421AD1EFF30580B8B9EFF31181202237
:101B700082F31288BFF36F8F1A7B22F002021A736E
:101B8000EFF3148323F0040383F31488BFF36F8F00
:101B900081F31188BFF36F8F70476FF015007047A6
:101BA0002C5101200E461546002300B5E1EE103AF7
:101BB000EFF3148323F0040383F31488BFF36F8FD0
:101BC000BFF36F8F084B9860D0F89C3083F30B887D
:101BD0002C4686F309880020044B984720460021B4
:101BE00000220023024C20472C510120ED1A030053
:101BF00069FF02001022014B1A61704700ED00E0FE
:101C0000002320210348C2180133412B82F800131E
:101C1000F9D1704700E100E008B5EFF30583064A0B
:101C2000103B02EBC30152F8330049688847BDE816
:101C30000840FFF7A9BA00BF583A03001FB5094C86
:101C4000094A23460121094800F01CF900230393A7
:101C5000074B0121E41A01A80193029400F036F920
:101C600004B010BD0000042040DB0020F04E030053
:101C7000E0EE002010B50C7A0B6804F01F0223F090
:101C80001F031A43CB68640923F01F03054943EA85
:101C9000440343F00103C1F89800C1F89C20C1F847
:101CA000A03010BD00ED00E010B50C4B0446D3F899
:101CB0009030C3F30723013B98420BD908480368CF
:101CC0005B0704D001212346064A0EF09EFE6FF00A
:101CD000150010BDFFF7CEFFFBE700BF00ED00E0F1
:101CE000E0EA00202EAA04002DE9F04F89461446B0
:101CF00006464FF00008544D85B0C8452EDAD6F898
:101D000004A0BAF1000F4BD0BAF11F0F1BD91AF083
:101D10001F0F18D1D6F800B01BF01F0F13D1584673
:101D20000FF007FF07460AEB0B0001380FF001FF29
:101D3000874217D06FF01507444803685B070BD044
:101D4000434A3B4605E0414803685A0704D04346EE
:101D5000404A01210EF059FE6FF01504204605B0EF
:101D6000BDE8F08F17F1160FE6D0BC42E4DDC5F8F0
:101D70009870D5F89C10C5F89870D5F8A03021F06F
:101D80001F0143F01F0BD6E900321A44994202F1B9
:101D9000FF3A1DD1D34507D13146F8B20FF0D2FE3C
:101DA00008F101080C36A8E73146C5F89870D5F857
:101DB0009C3022F01F0203F01F031343C5F89C3030
:101DC000E0B20FF0BFFE10F1160FC5D0441CE7E7DC
:101DD000C5F89870D5F8A020013B23F01F0302F04E
:101DE0001F021343D3453146E0B2C5F8A030E8D016
:101DF0000FF0A8FE10F1160FAED0C5F89870D5F808
:101E00009C209DF808300BF1FF3B62F304038DF832
:101E10000830D5F8A0309DF808205B0863F347121E
:101E20008DF80820D6E900321344009323F01F03F5
:101E30005B44A3EB0A03013023F01F036946C0B2E1
:101E40000393FFF731FFBEE700ED00E0E0EA00207A
:101E500077AA040054AA04000522044BC3F8942076
:101E6000BFF34F8FBFF36F8F704700BF00ED00E0EF
:101E7000BFF35F8F0022024BC3F89420704700BF6E
:101E800000ED00E038B50C4D0C462A78FFF72CFF2A
:101E9000287016300FD14FF4BB73084A084909481F
:101EA0000EF0F4F8214608480EF0F0F84FF4BB713C
:101EB00002480EF0E2F838BD4E5901209AAA0400FB
:101EC0002EBB040006530300C9AA04002DE9F74FF6
:101ED000314E894605464FF00008B3462F4FC8459E
:101EE00002DB03B0BDE8F08FD5F804A0BAF1000F13
:101EF0004CD02968084601910FF01BFE0199044659
:101F00000AEB010001380FF014FE84424FF0140276
:101F1000234B15D002FB08F36FF015024BF803209A
:101F20004FF4C3731F4A204920480EF0AFF84946CA
:101F30001F480EF0ABF84FF4C3711A480EF09DF82D
:101F400014F1160F3460EBD01978A142E8DD02FBE2
:101F500008B0C7F89840C7F89840D7F89C4000F1FF
:101F60000801007B64F304000871D7F8A0000C7925
:101F7000400860F347140C71D7F89C1021F01F0142
:101F80007160D7F8A01021F01F01316108F101083C
:101F900014360C35A3E700BF284C012000ED00E00B
:101FA0004E5901209AAA04002EBB040006530300D8
:101FB000F5AA04002DE9F041574C584ED4F8903062
:101FC0003568C3F307239D4286B013D940F2AD13A1
:101FD000534A544954480EF059F8D4F890202946F1
:101FE0005248C2F307220EF051F840F2AD114C48AE
:101FF0000EF043F80020FFF73BFF4D4BC4F8C03014
:1020000085421AD14B4C01A82570FCF72BF800250E
:1020100006464FF04108484FAE4215D100202378C4
:102020003D49D1F89020C2F3072293426DDB002096
:10203000FFF712FF06B0BDE8F081716801EB0011F7
:10204000FFF718FE0130DBE7019A290102EB0513C7
:10205000D3F80CC00CEA0700B0F5001F27D0B0F58C
:10206000800F40D0B0F5801F4DD1586852589B6802
:10207000CDE902022122013B20F01F010B4423F095
:102080001F038DF810200593207802A9FFF70CFE9E
:10209000002835DA234940F2D713214A22480DF0AF
:1020A000F5FF26480DF0F2FF40F2D7119FE7586880
:1020B0009B685258013B20F01F010B4423F01F0383
:1020C0001CF0010FCDE902028DF810800593DBD0E2
:1020D0001B497B23124A14480DF0D8FF19480DF014
:1020E000D5FF7B2183E758689B685258013B20F05D
:1020F0001F010B44CDE9020223F01F030222C0E7B7
:10210000237801332370013586E7C1F89830C1F890
:10211000A000013385E700BF00ED00E0FC4E0300A6
:102120009AAA04002EBB04000653030024AB04004B
:10213000AAFF44004E5901200000F0FFADAB04009F
:1021400058AB04007EAB040008B50B4BC3F1005341
:1021500003F58023B3F5006F0CD208499223084A97
:1021600008480DF093FF08480DF090FF92210448B5
:102170000DF083FF002008BD8008032016AC04008A
:10218000E6AB0400065303005FAC0400014B18608B
:10219000704700BFB4E70020F8B50D46094F461E52
:1021A000C0F10104A3199D4201DC2846F8BD7378F3
:1021B0000A2B02D10D203B6898473B6816F8010FA7
:1021C0009847EFE7B4E7002010B5074C2368C21822
:1021D0000648C0F1005101F580218A4236BF2260D5
:1021E0004FF0FF30C01810BD3C4C01208008032088
:1021F00010B5044658B9114940F29713104A1148D6
:102200000DF044FF40F297110D480DF036FF1420F9
:1022100009F04CFF206060B90B4940F29F13084A57
:1022200008480DF033FF09480DF030FF40F29F11D0
:10223000EAE7BDE8104010F09DB900BFE7AC04002C
:10224000E6AB040006530300E6AC040022AD040034
:1022500010B558B909490A4840F2C713094A0DF0A8
:1022600015FF40F2C71107480DF007FF4FF0FF328E
:10227000BDE810404FF0FF3306F05EB8E7AC040055
:1022800006530300E6AB040008B558B907490848EF
:1022900040F2E313074A0DF0F9FE40F2E31105485E
:1022A0000DF0EBFEBDE8084006F016B9E7AC0400FF
:1022B00006530300E6AB040008B505480DF026FE02
:1022C000002383F31188BFF36F8F0423184602DFC6
:1022D00045AD040038B50025104C204610F04AF9F1
:1022E00048B10F49D0230F4A0F480DF0CFFED0213F
:1022F0000C480DF0C2FE04F1140010F0CEF938B114
:102300000749D223074A08480DF0C0FED221EFE763
:102310000135052D04F12404DFD138BD404C0120E6
:10232000BE8A04004EAD040006530300064C08B5F7
:102330000649074840F2531322460DF0A7FE40F22B
:10234000531120460DF099FE7DAD04001BD2040010
:1023500006530300F8B558B92E494FF4BF732E4AFF
:102360002E480DF093FE4FF4BF712B480DF085FE03
:1023700083682B4DAB4220DDD0E90017294A0129A3
:1023800093FBF2F277F100064FEAE2742DDA891836
:1023900044EB0704C0E90014234901FB02328260C8
:1023A0008368AB4234D921494FF4DE731A4A1B4883
:1023B0000DF06CFE4FF4DE71D7E7002BF0DAB3F1CD
:1023C000004F1EBF1749EA1AB2FBF1F2D0E90041F3
:1023D00008BF032200294FEAE2770FDA01F1004635
:1023E0009442BE410ADA0020F8BDCE4396426FF017
:1023F0000046A6EB0706A641C9DAF4E7A41A61EB8A
:102400000701C0E90041074901FB02338360C7E7C8
:102410000120E9E71BD204007DAD04000653030050
:10242000FFC99A3B00CA9A3B003665C4AEAD0400B2
:10243000012838B50C4609D0042840D100230022D9
:10244000C1E9002300238B60002038BD4FF0FF322C
:102450004FF0FF331D480DF078FD051E20DA1C49B2
:102460001C4827231C4A0DF011FE29461B4811E089
:102470001B4B0FCB84E80F0014480DF061FD0446A0
:102480000028E1D0174913482723134A0DF0FEFD19
:10249000214615480DF0FAFD27210F480DF0EDFDFE
:1024A000E6D0012DD0D011499523114A09480DF0ED
:1024B000EDFD10480DF0EAFD95210D48EEE70FF017
:1024C00062FB162303604FF0FF30BEE7ACEE002046
:1024D0001BAE040006530300C4AD040025AE040087
:1024E00038310120F8AD040002AE04006AAE0400E9
:1024F0003EAE040073AE0400F0B5002200260027B3
:1025000085B001280C46CDE90067029209D0042865
:102510000AD00FF038FB162303604FF0FF3005B0F0
:10252000F0BD6946FFF784FF10F046F9314AC30B4E
:10253000C0F30E00A0FB0202C00B43EA414340EA95
:102540004240C90BA060C4E900312046FFF702FFFA
:1025500018B90FF018FB8B23DEE7A568264B9D42C8
:102560000BD926494FF4EA73254A26480DF08EFD13
:102570004FF4EA7122480DF080FD029F9F4209D975
:10258000214940F2D5131E4A1E480DF07FFD40F24E
:10259000D511EFE7D4E90032002ADDE9000119DAAC
:1025A000002909DA4FF00046D3F1000C66EB020671
:1025B000604571EB0606CCDB1B1842EB01023D4483
:1025C0002046C4E90032A560FFF7C4FE0028C0D051
:1025D0000020A4E753EA0206EED0012871F10006BC
:1025E000EADBDE4386426FF00046A6EB02068E4130
:1025F000E1E700BF00CA9A3BFFC99A3BC5AE0400A1
:102600007DAD040006530300F0AE04002DE9F8434D
:102610000D46064608B301B33D2110F0AFFBE0B90B
:102620000F4BD3F80090B9F1000F04D0C8464446D0
:1026300058F8047B17B96FF001000CE02A463146C8
:10264000384610F0B0FB0028F1D17B5D3D2BEED178
:10265000A4EB09008010BDE8F8836FF01500FAE7DD
:10266000F44C012070B50646A0B1E6F703FB044622
:102670004FF0FF324FF0FF3322480DF066FC051E8D
:102680002CDA214921484B23214A0DF0FFFC294631
:1026900020481DE00446EBE721463046FFF7B6FF31
:1026A0000028A3BF1C4B01341B682C46A8BF53F85D
:1026B00020301448A8BFE4180DF042FC0546F0B1E4
:1026C000164912484B23124A0DF0E0FC29461448E3
:1026D0000DF0DCFC4B210E480DF0CFFCDCD0012DC1
:1026E0004FF000040BD00F4995230F4A07480DF017
:1026F000CDFC0E480DF0CAFC95210B48ECE72046B6
:1027000070BD00BF64EE00201BAE04000653030042
:102710001BAF040025AE0400F44C0120F8AD04000A
:1027200002AE04006AAE04003EAE040073AE0400C4
:1027300038B500240A4D28460FF0AFFF48B10949CB
:102740000948F123094A0DF0A1FCF12107480DF0D9
:1027500094FC0134052C05F10C05ECD138BD00BF0B
:10276000F84C0120BE8A04000653030072AF040037
:1027700038B500240B4D28460FF0FCFE58B10A492D
:102780000A4840F2D3130A4A0DF080FC40F2D311FC
:1027900007480DF072FC0134052C05F11405EAD14F
:1027A00038BD00BF344D0120BE8A0400065303002B
:1027B000B7AF04000B4B30B51C4600250A4A191B65
:1027C000B1F5986F01D9002030BD506803F58071D4
:1027D000C3E94020016003F5987303F8085C516079
:1027E000EDE700BF48310120B8E700200122024B8D
:1027F0000020C3F8402570470090034020B1034BF0
:10280000800143F001031847704700BFF045030003
:10281000F7B506460D4614461E4F38460FF04FFEDC
:1028200068B914231C4A1D491D480DF02FFC396856
:102830001C480DF02BFC142117480DF01EFCAAB209
:10284000BB681B685BB918495B23184A14480DF034
:102850001DFC17480DF01AFC5B211448EDE73146CA
:1028600038469847002802DB002003B0F0BD002C5A
:10287000FBD1AC42F8D22F1B042F28BF04270FF046
:102880002BFC3A46019001A9301910F0B8F83C44ED
:10289000EFE700BFEC39030014B004004DB00400B2
:1028A000065303006AB00400BCB0040088B0040002
:1028B000DCB0040037B540230C460A490093411AA6
:1028C000491105462346084A08480FF08DF9011EB4
:1028D00005DA2846234603B0BDE83040184703B068
:1028E00030BD00BFAC4D0120511C0300A4390300D2
:1028F000C9B2012908B509D9084909487F23094AFD
:102900000DF0C4FB7F2107480DF0B7FB0C220369D3
:1029100001FB0233986C00F0070008BD3FB10400D2
:102920000653030002B1040070B5C9B2012903695E
:102930000BD91849184840F2D113184A0DF0A6FBDC
:1029400040F2D11115480DF098FBEFF311852024CA
:1029500084F31288BFF36F8F0C2606FB0134A46C3E
:1029600014F0C00408D0A24206D085F31188BFF34A
:102970006F8F4FF0FF3070BD012271430B449A649A
:1029800085F31188BFF36F8F43680B445B689847EA
:102990000020F0E73FB104000653030002B1040039
:1029A00070B50D4606490446411A491140220548B2
:1029B000FFF7BAFF2B4601462046BDE87040184796
:1029C000AC4D0120A439030070B50022012104465A
:1029D0000520FFF73DF80F4802F016FC0E4B984219
:1029E00015D102F021FC26690C4930460DF0ADFCF2
:1029F00000280BDB0125B5642469084904F1200097
:102A00000DF0A3FC002801DB0020656570BD6FF0B0
:102A10000400FBE7DD2A02000000AD0B244F030099
:102A20007FB500220123CDE9022304ABCDE90433B5
:102A3000094A6B46CDF800D0CDF804D00FF001F96B
:102A4000002805DB4FF480420023684606F00EF8AC
:102A500007B05DF804FB00BF691C030010B5EFF37D
:102A60001184202383F31288BFF36F8F074A136802
:102A700023F00201DB07116002D4012002F076FC92
:102A800084F31188BFF36F8F10BD00BF044E012087
:102A90000C22104B014602FB0033002030B4D3E976
:102AA00010521864EFF31180202484F31288BFF3CE
:102AB0006F8F9C6C04F0C00444F002049C6480F3AB
:102AC0001188BFF36F8F1DB12B4630BC02481847E9
:102AD00030BC7047AC4D0120A439030008B568B183
:102AE00001280FD00A490B484FF441730A4A0DF0F0
:102AF000CDFA4FF4417108480DF0BFFA074B9B6CBB
:102B00005B0703D1BDE80840FFF7C2BF08BD00BFA7
:102B10002EBB04000653030002B10400AC4D01209B
:102B200010B4EFF31182202383F31288BFF36F8F69
:102B30001848016841F002040460C80708D482F311
:102B40001188BFF36F8F01205DF8044B02F094BB36
:102B50001149D1F80C04D1F80C14C907EFD5EFF3E3
:102B6000118083F31288BFF36F8F0C498B6C03F0D5
:102B7000C00343F002038B6480F31188BFF36F8FAF
:102B800082F31188BFF36F8F00205DF8044BFFF7CD
:102B90007FBF00BF044E012000500040AC4D01201B
:102BA0002DE9F041012206464149D1E8EF3FC1E855
:102BB000E02F0028F9D1A3B93E493F484B60CB60D4
:102BC0008A60F9F771FE00280BDA3C494FF429734B
:102BD0003B4A3C480DF05AFA4FF4297138480DF041
:102BE0004CFA5EB3731E012B57D8012E06D1364B1B
:102BF000D3F81C3403F00303022B1FD00FF051FD58
:102C00000546E8B9314B1B78D3B1022207462E4B5B
:102C1000C3F808232C4CDFF8BC80D4F81824D4F86F
:102C20001834D20315D503F00303022B01D0012E73
:102C30000FD16DB387F31188BFF36F8FBDE8F081BB
:102C4000EFF31187202383F31288BFF36F8F0125E1
:102C5000E0E7C5B138460EF05DFFD4F81835DBB2B9
:102C6000012BDAD1D4F80421002AD6D00022C4F8EE
:102C70000421D4F804210222C4F818252022C8F81F
:102C80008021A360C9E70021212007F0E3FCE4E7ED
:102C900002220D4BC3F80423D0E70D4940F2B623BE
:102CA000074A08480DF0F2F940F2B62196E700BF56
:102CB000A84D0120984D0120CC4D0120098F040022
:102CC00002B10400065303000050004007680120D1
:102CD0002EBB040000E100E008B507480FF0EFFB51
:102CE00038B10648FFF752FA0448F8F7CFFE002043
:102CF00008BD6FF01200FBE7103A0300012D02003F
:102D00000A2838B50446074D04D1AB680D21284682
:102D10005B689847AB6803485B68E1B29847204618
:102D200038BD00BF103A0300024B0B600123136053
:102D3000704700BF084E0120004870476C4F0300E9
:102D400007B5034606480268520704D0054A0091B9
:102D500001210DF064FE6FF0150003B05DF804FB77
:102D6000C8EA00209EB1040010B5012206481146B1
:102D70000FF01EFC0FF0E3FA044C20600FF0DCFAB9
:102D80006060002010BD00BF104E0120084E0120E1
:102D9000F7B50E4614460FF0CFFA214605463046E9
:102DA0000EF0E6FF80B3B6FBF5F305FB1363374681
:102DB00023B9B4FBF5F305FB134363B1164803686D
:102DC0005A0705D03346154A009401210DF027FE1D
:102DD0006FF0150002E0A54202D9002003B0F0BD5B
:102DE0004FF0FF324FF0FF330D4805F03FFE0FF07C
:102DF000A3FA0546384603F097F8641B2F44F9D12F
:102E0000074805F0AFFDE8E7034803685B07DFD03C
:102E1000044A33460094D8E7C8EA0020BBB1040056
:102E2000104E01209EB10400F7B50E4619463046FB
:102E300017461D460EF09CFF68B91C4803685907E9
:102E400005D033461A4A009501210DF0E8FD6FF0D8
:102E5000150003B0F0BD45EA060414F0030407D0E2
:102E6000124803685A07F2D0124A33460095EBE73E
:102E70009DB14FF0FF324FF0FF330F4805F0F6FDE4
:102E80002B19032BA6EB040009D80C4AD2F8003406
:102E9000DB07FBD5084805F065FD0020D9E73B1BA3
:102EA000196803F073F8043CEAE700BFC8EA0020A1
:102EB0009EB10400DAB10400104E012000900340DE
:102EC00010B5036961B920493F23204A20480DF01D
:102ED000DDF820480DF0DAF83F211C480DF0CDF860
:102EE000486850B91C494023184A19480DF0CEF8DB
:102EF0001A480DF0CBF84021EFE75868F8B1884246
:102F000019D19C680868A142586000D198600020DF
:102F100008602AB15A680A609A68596002B99960D3
:102F2000002010E0814206D1086820609868814244
:102F3000EDD19C60EBE7044600680028F2D1002A3E
:102F4000E8D16FF0150010BD66B204002AB204008B
:102F5000065303006FB204007EB2040090B2040076
:102F600008B50268530904D14FF0FF33D340DB07A3
:102F70000BD40749074840F2CA33074A0DF086F8D8
:102F800040F2CA3104480DF078F8044808BD00BF8B
:102F9000DAB2040006530300A7B2040000258440FF
:102FA000F0B5406801F01F04057B87B044EA451482
:102FB0000569002D77D0B2F5001F00F1100506D18C
:102FC000214628460FF0B3F9002007B0F0BD0027D6
:102FD000B2F5800F01AE0197776033D1B3F1007F76
:102FE00014BF052304238DF804300023CDE90463C6
:102FF00003938368CB40D90739D4B2F1A07F36D18F
:1030000068460094FFF7ACFF04F1800350F82330CA
:10301000DB072CD46A462146284602F0B3FC254B38
:1030200098421AD0CDF808D02146284603AA02F0CB
:103030006FFB214B984239D101222146284602F0EC
:1030400031FDC1E7B3F1C06F05D0B3F1007F14BF0C
:1030500001230223C7E70323C5E76946284602F098
:1030600019FD154B9842DDD06FF00B00ADE76A46B5
:103070002146284602F086FC0F4B06469842D3D1E3
:1030800028469DF8001002F0FDFCB042CCD00B4960
:103090000B4840F2E1130B4A0CF0F8FF40F2E1114B
:1030A00008480CF0EAFF6FF085008EE76FF015001E
:1030B0008BE700BF0400AD0B0000AD0B29B304008B
:1030C00006530300FDB20400430970B507D1124B4B
:1030D000596821B101250C68104E854001B970BDB9
:1030E0008A682A4010D04B6863B90D4964230D4AA1
:1030F0000D480CF0CBFF0D480CF0C8FF64210948C7
:103100000CF0BBFF304698471CB1236821461C4693
:10311000E4E72346FAE700BF284E0120C839030040
:103120003DB304002AB204000653030090B2040029
:103130002DE9F043466840F20635337BD00601F0B6
:103140001F0747EA431748BF032302EA050558BF94
:10315000C2F3401387B0B5F5837F14468DF8033072
:1031600042D00FD8062D18D007D8B5B1022D3DD0CA
:103170006FF0150007B0BDE8F083B5F5807FF7D19B
:1031800001250AE040F20222954231D0B5F5407F98
:1031900030D0B5F5007FEBD1022522032CD50123D9
:1031A00072688B40936033696BBB03A80397FFF78A
:1031B000D7FE84F4803300EB8700C3F30043C4F3ED
:1031C0004044D0F8002244EA43049DF8033022F43E
:1031D000E16244EA830422F0070244EA0523134330
:1031E000C0F800320020C5E70725D6E70425D4E75C
:1031F0000525D2E70325D0E7630341BF01237268A9
:103200008B40D360CFE71036394630460DF10202CD
:1032100002F0B8FB14F4403F804617D139463046DF
:103220000FF083F8244B9845DCD130469DF802100E
:1032300002F028FC4045D5D020492148DE23214A10
:103240000CF024FFDE211F480CF017FF4FF000099F
:1032500001AB3946304603AACDE90439CDE90199DD
:10326000CDF80C9002F054FA134B984280D114F42C
:10327000003315D09DF8033084F48034C4F3004447
:103280008DF80E3039464B46304603AA8DF80C5067
:103290008DF80D4002F0F2FA074B9842C2D067E772
:1032A000CDE9043339460DF10303304603AA0393F5
:1032B00002F02EFAF0E700BF0000AD0B29B30400C6
:1032C00006530300FDB2040038B545682B69B3B15D
:1032D0001035284602F0CCFB044680B9014628464A
:1032E00002F07AFB084B98420BD122462846074948
:1032F00002F042FB224605213120FEF7A9FB002007
:1033000038BD6FF00400FBE70000AD0BC9300200D0
:1033100008B50268530904D14FF0FF33D340DB07EF
:103320000BD40749074840F2CA33074A0CF0AEFEF7
:1033300040F2CA3104480CF0A0FE044808BD00BFAA
:10334000DAB2040006530300A7B20400002584404B
:103350002DE9F04F1546824640F2FF19DFF84CB1D7
:1033600085B000EB8108D04503D1002005B0BDE851
:10337000F08FDAF800305A04C3F3C321C3F3080412
:1033800000F18C80484A1B0E4C4508BF4FF0FF34BB
:10339000575C192B00F28580DFE803F00D141A1D2D
:1033A00020261D8383838334608383838383838385
:1033B000838363777A7DC5F80C45631C5BD10AF182
:1033C000040AD0E7C5F81445661CF8D000265AE078
:1033D000C5F80845F1E7C5F81045F5E7601CC5F8E4
:1033E0000845ECD0002604E0611CC5F80C45E6D089
:1033F000012603A80394FFF78BFF012101FA04F3D0
:10340000C36008E0C5F80845002FDDD1631CD6D0A5
:10341000002606273146DAF80030039403F4004012
:10342000002818BF002103A818BF012601930091AE
:10343000FFF76EFF019B00EB8400D0F80042C3F35E
:10344000412C00993B0243EA8C030B4304EA0B0432
:10345000234343EA4603C0F80032B0E7C5F80C4501
:10346000D2E7C5F86045621CDAF80030A7D0C3F394
:103470000043002BBCD0012603A80394FFF748FFAC
:1034800006FA04F383603146C5E7C5F86445EAE708
:10349000C5F86845E7E7C5F86C45E4E76FF0150047
:1034A00064E76FF0850061E75BB30400F0F8FCFFB0
:1034B0002DE9F04104460D4647680FF0F2F84FF051
:1034C000200888B9264B1B7873B1642660680EF01B
:1034D00059FDF0B901200EF0AAFE013EF6D10021FF
:1034E000212007F0B7F8F0E7EFF31186314688F3B3
:1034F0001288BFF36F8F60680EF044FDA8B986F3A1
:103500001188BFF36F8FEFE786F31188BFF36F8FDA
:10351000E5E7EFF31186314688F31288BFF36F8F2A
:1035200060680EF02FFD0028EED0BB6900201D70F2
:103530006368BA691B68C3F844250122C3F84825AB
:10354000C3F82001D3F82041C3F85801D3F858013B
:103550009A6081F31188BFF36F8FBDE8F08100BFDF
:1035600007680120F8B50546002201210820FEF772
:103570006FFA0820FEF73CFA6C680121E0680EF053
:1035800057FD6B681A682369C2F82435617D237D75
:103590000B43A17D0B43C2F86C356E68D6E900433E
:1035A00013F001034DD02F6907F10C0001F0ACFDC1
:1035B000314B98420AD0314803685B0703D00121A0
:1035C0002F4A0DF019FA6FF00400F8BD387B04F1B2
:1035D0000C0204F590710EF02CFE387B012707FADF
:1035E00000F001F05BFD0823C4F80035B369C4F8AE
:1035F00044350023C4F84835A760D4F85831002B6F
:10360000FBD00026C4F800656B683146D8680EF020
:103610000FFD6D683146E8682C680EF009FD08233F
:10362000C4F800352A7A52B9EB69C4F8343501235D
:10363000C4F83835C4F81021D4F8102123600020D4
:10364000C3E70822C4F80025B269C4F84425C4F8C9
:1036500048350123A360D4F82031002BFBD0002390
:10366000C4F82031D4F820310123E3604FF4807393
:10367000C4F80433C1E700BF0000AD0B18EB002015
:1036800063B3040070B40E4922F07F46D1E90034E0
:10369000D01AC31844F10004C1E90034A6F50013A0
:1036A000B3F5400F09D2074B1B681A0A1B069C1979
:1036B000054B42F10005C3E9004570BC07F074BD3D
:1036C000483701203C4E0120503701200D4B18682F
:1036D000010A0006BFF35F8F0B4BD3F804351818AF
:1036E00041F10001B3F5801F0AD2084BD3E9002352
:1036F000904271EB030303D210F1807041F100019D
:10370000704700BF3C4E012000500140503701205F
:103710002DE9F7432E4BD3F8042390070BD5D3F8AC
:10372000042142B10022C3F804212A4AD3F804310B
:10373000136801331360264AD2F80433D90326D51F
:10374000254BD3E8EF1F21F00100C3E8E40F002C64
:10375000F7D1CB0702D4D2F84031C3B100251C4CBD
:10376000C4F84051D4F84031FFF7B0FFEFF31182B5
:10377000202383F31288BFF36F8F184BD3E90267BE
:10378000B042B94106D282F31188BFF36F8F03B004
:10379000BDE8F0834FF0FF38D3E900104FF0FF3958
:1037A0001D60C3E902894FF48033C4F84833C4F87C
:1037B0004051D4F8403182F31188BFF36F8F002954
:1037C000E5D0009032463B4628468847DFE700BFF9
:1037D000005001403C4E0120344E0120383701207A
:1037E0002DE9F84F04460D46434FD7E8EF8F28F0F8
:1037F0000103C7E8E23F002AF7D14FF480393F4E7A
:10380000C6F80893BFF35F8FBFF36F8FFFF75EFFBC
:10381000A04271EB050308F0010840D2384B201A92
:1038200065EB0101984271F1000148D2354BD3E9B3
:1038300002239D4208BF94423AD04FF0000C24F07E
:103840007F40834603216FF0020EC6F84893C6F806
:1038500040C1D6F84031DFF8BCA02BF07F43C6F85A
:103860004035C6F84493D6F80425AEEB02035B441A
:1038700023F07F4353451BD9D6F840315BB1D6F8CE
:103880000425131A23F07F43B3F5000F10D9C6F8AF
:1038900040C1D6F8403101EB020B0131DDE71A4B94
:1038A000D3E8EF1F41F00101C3E8E21F002AF7D17E
:1038B000144B164AC3E902451A6000225A60B8F157
:1038C000000F16D0D7E8EF3F43F00103C7E8E23F0F
:1038D000002AF7D14FF48032084BC3F804230A4B77
:1038E000D3E8AF3FDB0742BF4FF40012084BC3F8E9
:1038F0000021BDE8F88F00BF384E01200050014084
:103900000100800038370120344E01208536020046
:1039100000E100E0FDFF7F0070B54FF0FF300025B3
:103920004FF0FF31164C174B0226C4F80833C4F889
:103930004833154BC4F80855C3E902014FF48033EE
:103940004FF40012C4F80433104B0121C4F804638F
:103950001520C3F880212A46FEF77AF81520FEF7D5
:1039600047F801230A4AA360002123600948136035
:10397000FFF736FF3046FFF713F9284670BD00BF4A
:103980000050014003000F003837012000E100E043
:10399000384E0120FFFF7F00431C10B50F4C05D0AF
:1039A0008442A8BF0446012CB8BF0124FFF78EFE55
:1039B0000B4AD2E90031C01AB0F5000F074A0AD20B
:1039C0002044904228BF1046BDE81040C01841F185
:1039D0000001FFF705BF1046F6E700BFFFFF7F00BD
:1039E0004837012008B5FFF771FE024B1B68C01A6B
:1039F00008BD00BF483701202DE9F04F89B004937E
:103A0000534B1546D3F800A0524B05901A6803910A
:103A100001923D210132504602921A600FF0AEF938
:103A20000646F8B1A0EB0A0901360027A8464FF078
:103A3000FF34BB46139A02F004030693D8F8001033
:103A4000A9B9002F43D0444B1B6833B1039B1B78AB
:103A50003A2B02D00022414B1A603F24204609B085
:103A6000BDE8F08F5046E5F705F98146DDE74A46A7
:103A7000504607910FF097F900BB07990846E5F704
:103A8000F9F8484530D0129B13B1B9F1010F15D0A8
:103A9000621C18D0069BC3B905EB0410D8F80410BB
:103AA0004268914211D1D8F80810826891420CD135
:103AB000D8F80C20C1688A4218BF01270BF1010B0E
:103AC00008F11008BAE75C46F8E70127F6E7631C3F
:103AD00036D005EB04156B6843B96EB1AB68002BAB
:103AE000B8D1EA681D4BB7E75C46F2E75A1E012AD7
:103AF00002D85EB11A4B1E60049B03B11C60D5E96D
:103B00000234002BAAD01C600024A7E7012BF3D1BC
:103B1000019A104B023202991A60059A52F821203C
:103B20000F490A60002AE7D1AA6802B9EE680B4A79
:103B30001660029A1A60039B1C783A2C8DD18DE78F
:103B4000129B002B86D0034B019A1A6086E700BFB8
:103B500008E80020F4E70020F8E70020484E0120A4
:103B6000404E01202DE9F04F87B00E461446DDF897
:103B7000448004900393002A63D0974FDFF874A227
:103B80003B681BB90123CAF800303B60934D2B689A
:103B9000013302D0DAF8003033B191480EF001F869
:103BA000003818BF0120286023782D2B03D148F05E
:103BB000020801340AE02A6822B92B2B06D128F02A
:103BC0000108F6E72B2B28F00108F2D00023854AE4
:103BD0001360DAF800302BB14FF0FF33824A1360E4
:103BE000824A1360824DDFF8F091824B1B6823B943
:103BF0002B681B78002B40F08B800023D9F8002025
:103C0000CAF80030049B9A421EDB7B4B2B60764B3C
:103C10001968764B4C1C0BD01C68334620460EF0BE
:103C20005FFAD9F80030091B5B1AC9F8003002E0CE
:103C30001B68581CF9D14FF0FF336B4A13606B4A75
:103C400013604FF0FF3A16E056F8223019782D290C
:103C500004D193F801C0BCF1000F35D1664B18F0C8
:103C6000020F2B600BD04FF0010A531C3B6056F83B
:103C700022205C4B1A60504607B0BDE8F08F18F068
:103C8000010FDED0DFF864B1DBF80000411C07D182
:103C9000CBF80020D9F800300133C9F80030A4E790
:103CA000514B19684B1CF5D0334605900EF018FAAD
:103CB0000598D9F80030091A5B1ACBF800304FF09C
:103CC000FF33494A1360E5E74849D1F80090B9F15C
:103CD000FF3F04D044490868013008BF0A60591CFE
:103CE000BCF12D0F296013D19B788BB9424B013267
:103CF0002B603D4B3A6019684B1C9CD033464846BC
:103D00000EF0EEF93B68A1EB09015B1A3B6092E70C
:103D10002B68039A19784AB13A6856F822209A42D9
:103D200004D02D2927D018F0040F3CD1D5F800B0CD
:103D30009BF800A00BF10109BAF13A0FC5F8009009
:103D40003FD0BAF12D0F37D19BF80130002B3FD176
:103D5000514620460FF012F800283FF472AF437826
:103D60003A2B7ED09BF80130002B84D11A4A13687D
:103D7000013313607FE75A1C5B782A60002B58D010
:103D80000020CDE9000821463046109B039AFFF73A
:103D900033FEB0F1FF3F8246C8D0174B2B606AE775
:103DA0004FF03A0A67E73A29EAD020460EF0E6FFDC
:103DB000003818BF0120E4E7514620460EF0DEFF30
:103DC000F0B99BF801301BB9034A13680133136043
:103DD0000A4BC3F800A02FE0F4E70020FCE7002026
:103DE000A2B30400404E012000E8002004E80020B7
:103DF00008E80020444E012000C80400484E01207D
:103E0000039B002BABD0BAF1570FA8D143783B2BC3
:103E1000A5D19BF80130DFF890909BB93B68049ADC
:103E2000013393423B600ADBC5F800901B4BC3F89B
:103E300000A023783A2BB3D04FF03F0A1BE756F887
:103E400023302B600023214600933046109B039AB9
:103E5000CDF80480FFF7D0FD114B8246C3F80090E7
:103E600009E700230F4A13609BF801103B680E4AD4
:103E700029B10C4BC3F80090094B1A6076E78178A2
:103E80003A29F9D00499013399423B6001DC2A6058
:103E9000CCE756F8233003490B60EDE7484E01208C
:103EA00008E80020404E012000C8040070B5054617
:103EB0000C4C0D4EB44212D90C49A2230C4A0D48A9
:103EC0000CF0E4F80C480CF0E1F8A22108480CF0E2
:103ED000D4F8D4E90031284698470834EAE7F8D303
:103EE00070BD00BF0CD604000CD60400E4B304007F
:103EF000B2B3040006530300ED8C040070B5002239
:103F000001212A20FDF7A4FD134802F0A9F8044678
:103F100040B1124803685B0704D001212346104AD0
:103F20000CF073FD0F4D104EB54212D90F49C82346
:103F30000F4A10480CF0AAF80F480CF0A7F8C82157
:103F40000B480CF09AF8D5E900312046984708351F
:103F5000EAE7F8D3204670BDE84F0300E4EA00200A
:103F600008B404000CD6040024D6040034B40400C1
:103F7000B2B3040006530300ED8C0400F0B50F4B00
:103F800001461A680E4B0B25002618461F46B842FC
:103F900001D3013D04D11846013A19605A60F0BDC1
:103FA00004688C42FBD03CB14468141BA642BCBFE1
:103FB000034626460830EAE70346ECE7204F012097
:103FC0002C4F01200020054BC3E90000044BD3E82F
:103FD000EF2FC3E8E10F0029F9D17047244F0120EA
:103FE000204F01202DE9F04788B005460E460EF01F
:103FF000ABF920B96FF06D0008B0BDE8F0870EF0A6
:10400000DBFB33680446002B0F4604D106F008FAA8
:104010006FF00A00F0E7BCBF4FF0FF3333600122BE
:10402000002101A80EF0C4FAE8460795EFF3118AC3
:10403000202383F31288BFF36F8F06F0A7FBFFF7EF
:104040009DFFDFF81C914268D9F800309A426CD18C
:104050000023424D00936B68002B6DD1C5E90088A9
:104060008AF31188BFF36F8F33685A1C69D04FF4FD
:10407000004E40F2E730002123EAE37C4FF47A72ED
:104080000023CCFB0E01E4F7B3FD02460B4601A86A
:1040900004F0ECFCEFF3118A202383F31288BFF3C2
:1040A0006F8F00222B685BB1434554D10099002AE1
:1040B0004BD16A6829609A4200D16960002300935D
:1040C00006F064FBFFF75AFFD9F8003043608AF32B
:1040D0001188BFF36F8F0EF037F900288AD035684A
:1040E0006B1C27D00EF068FB4FF47A7EA0FB0E32DB
:1040F0000EFB0121A4FB0E420EFB0722DB0BE40B9F
:1041000043EA414344EA42441B1B4FEAD1314FEAA0
:10411000E57C61EBD231ED1A6CEB010CBCF1000FC8
:10412000B8BF002535602DB972E743608AF3118866
:10413000BFF36F8F00205FE7C3F80080C5F80480ED
:104140008EE74FF0FF321346A1E71160696899428C
:1041500008BF6A60B2E71A461B68A4E7244F012033
:10416000204F012070B50368134C2BB1A34203D339
:1041700004F1C005AB4219D3104D2B78072B0ED993
:104180000F4940F207130F4A0F480BF07FFF0F480B
:104190000BF07CFF40F207110A480BF06EFF5E1C2B
:1041A00003EB430304EBC3042E7004600068BDE816
:1041B00070400EF0FDB900BF604E01207259012021
:1041C000BEB4040059B4040006530300C7B404008D
:1041D00008B528B10C4A904202D3C03290420ED3A7
:1041E0000A494FF48B730A4A0A480BF04FFF0A48FA
:1041F0000BF04CFF4FF48B7105480BF03EFFBDE810
:10420000084004F0AFBB00BF604E0120EDB40400D5
:1042100059B404000653030073B6040070B5054694
:1042200028B1194B984202D3C03398420ED3174994
:104230004FF49073164A17480BF028FF16480BF0FE
:1042400025FF4FF4907112480BF017FF4B1C17D04D
:1042500021EAE1744FF4004640F2E73000214FF4C8
:104260007A720023C4FB0601E4F7C2FC02460B4647
:10427000284604F0FBFB002818BF6FF00A0070BD51
:104280004FF0FF321346F3E7604E0120EDB4040017
:1042900059B404000653030073B6040008B502685D
:1042A000104B2AB19A4203D303F114018A4214D36A
:1042B0000D4A117871B10D494FF49D730C4A0D48A8
:1042C0000BF0E4FE0C480BF0E1FE4FF49D71084842
:1042D0000BF0D3FE0121036011700068BDE80840B7
:1042E0000EF048B94C4E0120715901208DB60400E2
:1042F00059B404000653030096B6040008B528B16B
:104300000C4A904202D3143290420ED30A4940F232
:1043100049130A4A0A480BF0B9FE0A480BF0B6FEE8
:1043200040F2491105480BF0A8FEBDE8084004F032
:10433000D3B800BF4C4E0120B9B6040059B40400F4
:10434000065303005DB8040070B5054628B1194B4B
:10435000984202D3143398420ED3174940F25313B4
:10436000164A17480BF092FE16480BF08FFE40F2EB
:10437000531112480BF081FE4B1C17D021EAE17457
:104380004FF4004640F2E73000214FF47A720023E8
:10439000C4FB0601E4F72CFC02460B46284603F05A
:1043A000CBFF002818BF6FF00A0070BD4FF0FF323E
:1043B0001346F3E74C4E0120B9B6040059B404008B
:1043C000065303005DB8040038B505460A4BD3E830
:1043D000EF1F0131C3E8E21F002AF8D1074B1C6828
:1043E00004B938BDE369AB4201D005B113B9201D52
:1043F00004F0B8FA2468F3E7204F0120244F01208D
:10440000014600220023014803F008BD944F01201B
:104410000146014803F010BD944F012008B54FF448
:104420008062064906480EF078F8BDE808404FF46F
:104430007052044904480EF070B800BF735901204F
:104440007C4F012028870020944F012010B5044B99
:104450001C6804B910BD201D04F084FA2468F8E734
:10446000244F012070B505460C4C0D4EB44212D9B4
:104470000C4913230C4A0D480BF008FE0C480BF0B6
:1044800005FE132108480BF0F8FDD4E90031284659
:1044900098470834EAE7F8D370BD00BF0CD6040093
:1044A0000CD60400ACB804007DB804000653030029
:1044B000ED8C0400014802F0E5B900BF654402003C
:1044C000034638B105480268520705D00121044A65
:1044D0000CF09BBAFFF7EEBF704700BFE4EA002084
:1044E000D4B804002DE9F04112F0FC6F1346D0E976
:1044F000014706690ED0424940F2DF33414A424843
:104500000BF0C4FD41480BF0C1FD40F2DF313D48E6
:104510000BF0B3FD02F03002302A0CD13C4940F2DE
:10452000E233384A38480BF0B1FD3A480BF0AEFDA3
:1045300040F2E231EBE7384A384D1A40AA420CD13A
:10454000374940F2E6332F4A2F480BF09FFD35489C
:104550000BF09CFD40F2E631D9E703F00602042A95
:1045600009D1314940F2E933264A27480BF08EFD44
:1045700040F2E931CBE713F4402216D09D030CD46E
:104580002A494FF47B731F4A1F480BF07FFD2848D0
:104590000BF07CFD4FF47B71B9E7B2F5402F18D0DA
:1045A000244A9A4301D183F44023012524688D4095
:1045B000254223F4801219D11F494FF47F73114A09
:1045C00011480BF063FD1D480BF060FD4FF47F7147
:1045D0009DE71B494FF47C730A4A0B480BF056FDCC
:1045E00018480BF053FD4FF47C7190E73468DB07FB
:1045F0004CBF2C43AC4334603B68BDE8F0411847E6
:104600002AB90400F9B804000653030087B904006E
:10461000ABB90400E4B90400020003000200010089
:1046200021BA040068BA0400B7BA0400EABA040068
:1046300030BB040001001000D8BB040016BC04000D
:104640006BBB0400ACBB0400012310B503FA01F1FD
:10465000436804691B6819420ED10E4940F28D630C
:104660000D4A0E480BF012FD0D480BF00FFD40F205
:104670008D6109480BF001FD2368194203D022B176
:1046800083681B6903E0002AFAD08368DB68BDE811
:1046900010401847D8BB0400F9B8040006530300C3
:1046A00016BC040008B5054803685B0702D004493E
:1046B0000DF057FD6FF0150008BD00BFC0EA0020E7
:1046C00028BC04002DE9F041074688460025114E1C
:1046D00027FA05F212F0010213D128FA05F3D907DF
:1046E00011D531793068FFF7AFFF044658B10A4859
:1046F00003685B0702D009490DF033FD2046BDE891
:10470000F0810122EDE70135042D06F10806DFD125
:104710000024F3E714500300C0EA002043BC040067
:1047200070B500260E4CE2882068217942F40032F0
:10473000FFF7D8FE054640B10A4803685B0702D080
:1047400009490DF00EFD284670BD0136042E04F116
:104750000804E8D1BDE870400F21FFF7B3BF00BFE8
:1047600014500300C0EA002059BC040003280A4684
:1047700010B503D9BDE81040FFF794BF094B03EB18
:10478000C001097953F83000FFF75EFF044630B1ED
:10479000054803685B0702D004490DF0E2FC20469F
:1047A00010BD00BF14500300C0EA002043BC040049
:1047B00008B5074802F060F8034638B105480268BA
:1047C000520703D00121044A0CF01FF9002008BD54
:1047D000ED480200B4EA002087BC04002DE9F8434C
:1047E00004460026334DDFF8009100AF4D4521D936
:1047F00031493923314A32480BF048FC31480BF03B
:1048000045FC39212D480BF038FC95F8088018F04C
:10481000010F0BD1296819B120460EF0F5FA28B125
:1048200018F0020F04D020466B6898470C35DDE77E
:104830000126FBE7E9D3002E38D02046E4F71AFA28
:104840000022411D0023204803F0E8FA054610BB72
:104850001E48036813F0060F11D06E4688B06A46F2
:104860001B4BC2E905344FF400739383194B42F894
:10487000103F4FF4E4512B46F9F72EF9B5464F237C
:104880000E4A15490E480BF001FC214613480BF067
:10489000FDFB4F21B6E7214604300EF07CFA1048AC
:1048A00029460DF07AFE0F4804F03AFCBD46BDE8FB
:1048B000F88300BF54EA0020E0BC0400B4BC04004C
:1048C00006530300ED8C040018EC0020B4EA00202D
:1048D00000BD0400030000012CBD040035BD040030
:1048E000C4EE00200CE8002060EA002008B548B9BA
:1048F000064907483623074A0BF0C8FB362105480E
:104900000BF0BBFBBDE80840FFF768BF63BD0400C8
:1049100006530300B4BC04002DE9F8431A4E1B4FA4
:10492000DFF8808000220023304603F08FFF054629
:10493000F8B9BDE8F883237ADA070AD49B0708D4CC
:10494000216819B148460EF05FFA10B14846636815
:1049500098470C34BC4210D90D4960230D4A0E48CB
:104960000BF094FB0D480BF091FB602109480BF014
:1049700084FB0B4C05F10409ECE7DCD329464046E7
:1049800003F05AFACEE700BFC4EE002060EA002030
:10499000E0BC0400B4BC040006530300ED8C04002A
:1049A00054EA002018EC002038B5204B01290446B9
:1049B000186004D81E4A1F490CF0F3FA0EE055683F
:1049C0001D492846E4F74CF958B91C4B1C491A7A82
:1049D00060F300021A7220460CF0E3FA0025284624
:1049E00038BD28461749E4F73BF930B9134A164950
:1049F000137A43F001031372EDE72B4640F68D2145
:104A0000124A134801F0A8FF051E05DA2A4620467F
:104A100010490CF0C6FAE2E720460D4A0549CBD012
:104A20000CF0BFFA6FF01505D9E700BFAC4F0120BD
:104A3000B7BE04009ABE040083BD040054EA0020FF
:104A400091BD0400B3BD0400C2BD04001CEF03000F
:104A5000735D0120E5BD040008B50B4B02461868E4
:104A600060B90A4922230A4A0A480BF00FFB0A4898
:104A70000BF00CFB222106480BF0FFFA0749BDE8BA
:104A800008400CF08EBA00BFAC4F01203BBE0400C2
:104A900013BE04000653030057BE040088BE040082
:104AA000014610B5074801F0F3FE034648B1064839
:104AB0000268520705D0BDE810400121034A0BF0FF
:104AC000A4BF10BD1CEF0300DCEA00209EBF040061
:104AD00010B50C4C20460DF04EFB20460DF04BFB64
:104AE00020460DF048FB20460DF045FB20460DF01A
:104AF00042FB20460DF03FFB2046BDE810400DF084
:104B00003ABB00BF00C80400034638B1054802683C
:104B1000520705D00121044A0BF077BFFFF7D8BF39
:104B2000704700BFDCEA0020D4B8040010B5084983
:104B300008480DF038FB044640B1074803685B079E
:104B400004D001212346054A0BF05FFF204610BD2B
:104B5000314E0200B04F0120E8EA0020D2BF04002D
:104B60002DE9F843DFF8C492954DD9F870402B68D1
:104B7000072C0E4600AF00F0080803F0070372D0C0
:104B8000132C00F0D080052C40F0F580D9F854901B
:104B90001BB128468B490DF002FB19F4805F54D0FD
:104BA0002B68590703D0884985480DF0F8FA172477
:104BB00019F4006F07D02B685A0703D08349804847
:104BC0000DF0EDFA182419F4007F14D02B685B0760
:104BD00003D07F497A480DF0E2FA7E4B19F4004F7A
:104BE0009B6B07D02A68540704D001217A4A744885
:104BF0000BF00BFF192419F4806F07D02B685807AE
:104C000003D076496E480DF0CAFA1A2419F4807F51
:104C10001DD02B68590703D0714969480DF0BFFAC0
:104C20001B24F369B8F1000F40F0C480C3F30802FD
:104C300022B96FEA53236FEA4323F36131462046DA
:104C4000FCF798F9BD46BDE8F8831624B0E719F4DF
:104C5000005FE6D02B685A0703D0624958480DF030
:104C60009EFA1C24DDE7D9F85C401BB128465E495A
:104C70000DF095FA630609D52B68580706D0D9F8C8
:104C800068300121594A4E480BF0BFFEE10708D5B4
:104C90002B685A0703D0564949480DF080FA26245C
:104CA000BFE7A30708D52B68580703D051494448EC
:104CB0000DF075FA2724B4E7610708D52B685A0769
:104CC00003D04D493E480DF06AFA2824A9E723078E
:104CD00008D52B68580703D0484939480DF05FFACA
:104CE00029249EE7E10608D52B685A0703D04449DA
:104CF00033480DF054FA2A2493E7A30608D52B680D
:104D00005D0703D03F492E480DF049FA2B2488E770
:104D100024064DD52B68580703D03B4928480DF091
:104D20003EFA2C247DE7D9F86C901BB12846374910
:104D30000DF035FA19F0020F06D02B68590703D091
:104D400033491F480DF02BFA19F0010F06D02B68DC
:104D50005A0703D02F491A480DF021FA19F0040F11
:104D60003FF45FAF2B685B073FF45BAF2A49144801
:104D70000DF015FA55E7CBB1284A294BE9468AB020
:104D80000F2CC8BF13466A462649103CC2E90513DA
:104D90004FF400731384244BD46142F8103F002376
:104DA0004FF411512846F8F797FECD46002438E716
:104DB000252436E723F4FF7323F001033DE700BF0A
:104DC000E8EA00201CA7040032A70400B6A40400EF
:104DD00043A7040000ED00E05CA7040071A70400F5
:104DE0008CA7040016A504000CC0040025C0040014
:104DF00035C004004BC0040069C0040084C0040036
:104E0000A1C00400B6C00400D0C00400E3C0040088
:104E1000FDC004002DC104005BC10400B9A704005B
:104E2000A4A704003FA9040004000001B04F012022
:104E300000B5244BA7B01A7872B923494FF4927386
:104E4000224A23480BF022F922480BF01FF94FF4B5
:104E500092711E480BF011F95A6AD86C09929A6A3D
:104E6000CDF88CD00A92DA6A20F005000B921A6B0A
:104E700009A90C925A6B0D929A6B0E92DA6B0F92F3
:104E80001A6C10921A6D92075A6C48BF40F00400D9
:104E900024929A6C08925A6800929A680192DA6891
:104EA00002921A6903925A6904929A6925900592AE
:104EB000DA691B6A06920793FFF752FE27B05DF886
:104EC00004FB00BFB04F0120C2C104008FC1040029
:104ED00006530300D2C104002DE9F041A2B00546FB
:104EE0000E46174698460DF0DCFB70B9114B1B7847
:104EF0005BB14FF0FF324FF0FF330F4803F01CFA65
:104F0000044618B16FF0830510E001246846FCF7F1
:104F100057FC424639463046289BA8470546684616
:104F20000CF0C5FD14B9044803F0D6FA284622B0A7
:104F3000BDE8F08107680120BCEC0020002300B52B
:104F400089B0CDE9063303AB0493042303900593A2
:104F5000A9B10B6806934B6807930223111E18BF73
:104F600001210848CDE9002140F2F53104AA00F002
:104F70002FF80028B8BF012009B05DF804FB012319
:104F8000ECE700BF0501004070B5402696B006ABC7
:104F900005460C463246002118460DF057FD4FF4E9
:104FA0008072CDE90206CDE90454ADF8402054B139
:104FB000012304AA009200210448019302AA00F0F0
:104FC00007F816B070BD2046FBE700BF00010040A7
:104FD00010B4B1F5004F029C0FD2042B0DD8042C55
:104FE0000BD8240444EA0364134644EA0102014650
:104FF0005DF8044B0348FFF76FBF6FF080005DF86A
:10500000044B7047217C0000054AD2F8883043F4F5
:105010007003C2F88830BFF34F8FBFF36F8F7047B4
:1050200000ED00E030B50468ACB1B4FA84F30122BD
:10503000C3F11F03DBB29A4024EA0202D0E8EF5F1B
:10504000A54204D1C0E8EC2FBCF1000FF6D1EAD1A3
:1050500002480B7030BD0248FCE700BF0000AD0BFA
:105060000200AD0B10B50368CB40DB0710D4012361
:105070008B40026843EA0201D0E8EF4F944204D12A
:10508000C0E8EC1FBCF1000FF6D1F2D1014810BD11
:105090000148FCE70000AD0B0400AD0B014BC3F869
:1050A000040570470070014008B549B90749084830
:1050B0004823084A0AF0EAFF482106480AF0DDFFC3
:1050C00040F00040C1F8800008BD00BFE156030079
:1050D000065303005EC2040008B549B907490848F1
:1050E0004E23084A0AF0D2FF4E2106480AF0C5FFB7
:1050F00040F00040C1F8800008BD00BF9BC2040022
:10510000065303005EC204000146014800F098B94E
:105110001CE80020F7B5064668B1012836D03549AD
:1051200035484FF48673354A0AF0B0FF4FF4867164
:1051300032480AF0A2FF0C224FF482730221304859
:105140000025C0F80813012142F2107402F18042D8
:1051500003F1804303F5A04302F5A04211601D60F6
:105160008E421B68264F8DF8071008BF0DF107050A
:1051700046B3012E15D01F491F4840F2EE43214A85
:105180000AF084FF40F2EE411E48D2E704224FF4B9
:1051900080730146D3E70BB301200DF048F8013CC2
:1051A0001CD0D7F80C3403F48033002DF3D0D7F89B
:1051B0000C2402F001020FE083B101200DF037F85A
:1051C000013C0BD0D7F8183403F48033002DF3D012
:1051D000D7F8182402F003022A700BB903B0F0BD0F
:1051E0009DF807000128F9D10DF021F8013CBFD14D
:1051F000F4E700BF2EBB0400065303009FC2040067
:1052000000500040DCC20400044B1A7922B901228C
:1052100018601A71024870470248704724500120F4
:105220000000AD0B0C00AD0B08B50E4B1A795AB946
:105230000D490E484FF4B6730D4A0AF027FF4FF49C
:10524000B6710B480AF019FF1B6833B10520FCF753
:10525000F1FB10B90520FCF7CBFB0122054BC3F88D
:10526000182508BD2450012010C304000653030074
:105270009FC204000050004038B5364C23795BB91A
:10528000354940F2C113354A35480AF0FFFE40F275
:10529000C11132480AF0F1FE58B101284FD031490E
:1052A00040F21D232D4A2E480AF0F0FE40F21D2147
:1052B000EFE72D4BD3F81814D3F81824C90323D5DE
:1052C00002F00303022B05D0012B02D00020FFF7D0
:1052D00021FF0123244A0220C2F8183508224FF486
:1052E0008273002103F1804303F5A04319601D6818
:1052F000012502F1804202F5A0421560226812B336
:10530000194BC3F804030FE0D3F81424D207E0D5F7
:10531000D3F81C2402F00302013A012AD6D82268ED
:105320001AB10222C3F8042338BDD3F80421002A9D
:10533000FBD00022C3F80421D3F80431F4E70022A3
:105340004FF48073CDE71A68002AFCD019601B68FF
:10535000EAE700BF2450012010C304009FC20400EC
:10536000065303002EBB04000050004008B5094B53
:105370001B795BB90849094840F23723084A0AF00B
:1053800085FE40F2372106480AF077FEBDE8084066
:10539000FFF7C0BE2450012010C3040006530300D1
:1053A0009FC20400F8B50126204C214FD4F80453C5
:1053B00005B9F8BDB5FA85F0C0F11F00830003F50B
:1053C00080739BB203F1804303F5A04306FA00F219
:1053D0001968D2B225EA02050029E9D00021012A84
:1053E00019601B68C4F808231BD0022A0DD1D4F819
:1053F0001834D4F8183403F00303012B11D1C4F886
:105400001825C4F80423A360D2E70A490A484FF4D8
:105410006F730A4A0AF03AFE4FF46F7107480AF0B8
:105420002CFE3B68C0B29847C2E700BF0050004066
:10543000245001202EBB0400065303009FC2040029
:105440000079024B03EB0010FFF7ECBD24E80020CD
:1054500008B50268014610460CF0F6FE58B90E4930
:1054600040F2CA330D4A0E480AF010FE40F2CA312B
:105470000A480AF002FE02F01F0352090B6009D02D
:10548000084940F2D333054A05480AF0FFFD40F2CF
:10549000D331EDE7044808BDDAB20400A7B2040036
:1054A000065303002EBB040000258440072808B5DE
:1054B0000BD90849084840F2D133084A0AF0E6FD02
:1054C00040F2D13105480AF0D8FD800000F5807027
:1054D00008BD00BF63C30400065303002EC30400CD
:1054E00070B5C3B20C4C083334F813300546DA05F6
:1054F0000E4607D5C3F3432304EBC302526854F8A6
:1055000033309847A3682BB131462846E268BDE89E
:105510007040184770BD00BF2C500120034BC0B233
:10552000083033F81000C0F3400070472C500120C1
:10553000034BC0B2083033F81000C0F3401070477E
:105540002C500120024611F0010004D003490B6ADF
:1055500013600B6203B90020704700BF0025844030
:1055600010B5194AC0B2083032F81030D9051DD52F
:10557000C3F3432123F4F85322F81030002002F142
:105580000E0434F8023F13F4807F03D0C3F34323A7
:1055900099420BD001302028F3D100230B4842F868
:1055A0003130FFF75FFD0A4B984200D110BD094929
:1055B000094840F2EB13094A0AF068FD40F2EB118A
:1055C00006480AF05AFD00BF2C50012084500120EB
:1055D0000000AD0B29B30400065303006DC30400A3
:1055E0002DE9F8430024074625464FF00108A1465F
:1055F000CEB2B4420DD1124BD3F87C2132B100228D
:10560000C3F87C21D3F87C3145F000452846BDE83D
:10561000F8832046FFF74AFFA0F58072920808FA47
:1056200002F2174209D000F1804303F544331968B0
:1056300019B1C3F800901B6815430134E4B2D8E7F0
:105640000010034010B5044608460A46FFF770FFF5
:10565000C0B10846FFF762FFA0B90D4BCAB20832CD
:1056600033F812200123520B21689340C1F808330C
:10567000236803EB8203D3F8102522F00302C3F85A
:10568000102510BD0021BDE8104010460CF033BEBF
:105690002C500120F7B51A4ECDB2083536F815302A
:1056A0000746DB070C4628D5FFF7CCFF2046FFF75F
:1056B0003FFF50B136F815203B68520B03EB8203D5
:1056C0000022C3F81025C3F810252046FFF748FF35
:1056D000002301A826F815300194FFF7B9FE019BBD
:1056E00000EB8300D0F80022064B134043F0020386
:1056F000C0F80032044803B0F0BD0448FBE700BF27
:105700002C500120F0F8FCFF0000AD0B0400AD0BA5
:105710002DE9FF410C46116806461546E1B12046C9
:105720000CF0F8FD08BB0B46CDE900008DF80E002B
:105730008DF80F000DF10F020DF10E0120460CF057
:105740008DFD4A49E3B2083331F8132022F00202FA
:1057500042F0010221F813206B687BB320461A78CF
:105760005968FFF7DBFE10B1E9B1414829E03F4F2E
:10577000E0B2083037F8103023F02003DB04DB0CF4
:1057800027F8103079B1032AEFD86968D1F804E01E
:1057900031689EF800C0E64601EB8C01A2B9C1F861
:1057A0001025C1F810253148E3B2083330F8131042
:1057B00021F01C0141EA820220F81320AB6853BBA0
:1057C0002C4804B0BDE8F081D1F8108543EA4C3391
:1057D00028F00308C1F81085366843F0200306EB73
:1057E0008C06D6F8101527F8103021F4473121F433
:1057F0004071C6F810152102D6F810E501F4F851F1
:1058000041EA024141EA0E01C6F8101507EB4C01CE
:10581000A1F85C40C7E72046D3E90067FFF7A0FE88
:10582000002ECDD0114DD5E90023964203D19F42E1
:1058300001D1002209E010480DF10F01FFF7F2FB42
:105840000C4B9842BDD19DF80F20E4B205EBC2038A
:1058500008345F6035F8143045F8326043EA42237B
:1058600043F4807325F81430AAE700BF2C500120C0
:105870000400AD0B0000AD0B845001202DE9FF4169
:1058800007460C461E4632B30846FFF747FE18B9D6
:105890000846FFF74DFE20BBDFF8D480E5B208359F
:1058A00038F8153013F01C0F02D05378012B18D0A4
:1058B00001238DF80F3000232046CDE900230DF1A0
:1058C0000F01931C01320CF0C9FC38F8153043F07D
:1058D000030328F81530002E46D02046FFF71EFEA1
:1058E00018B9224804B0BDE8F081002296F800E023
:1058F0003B681F4DE1B203EB8E030831C3F810255E
:10590000C3F8102535F811204FEA8E0822F0200246
:10591000D204D20C25F8112096F801C0BCF1000F7A
:1059200022D03868B6784044D0F810354FEA0C4C95
:1059300023F4981323F4F853C0F81035230203F42A
:10594000F8530CF4403C3605D0F8107543EA0C03CC
:1059500006F48016334342EA4E323B4342F02002C3
:10596000C0F8103525F811200248BBE70400AD0B44
:105970002C5001200000AD0B014BC3E9021270470F
:105980002C50012008B55AB90D490E4840F24D334C
:105990000D4A0AF07BFB40F24D310B480AF06DFBDB
:1059A0000846FFF7C5FD40B1084BC9B2083133F8CE
:1059B000113007485B0B137008BD0648FCE700BFB9
:1059C000EAC30400065303006DC304002C500120F9
:1059D0000000AD0B0400AD0BF8B51E4B0268054688
:1059E0009A420BD01C491D4840F25E331C4A0AF013
:1059F0004DFB40F25E311A480AF03FFB194E96F813
:105A00006C402CBB27464022214606F110000DF0C9
:105A10001DF82D68E0B2FFF749FDA0F580739B08E3
:105A20001F2B08BF2F5004F1010408BF2B58082C6E
:105A3000F0D1002345F30730C5F87C31D5F87C312F
:105A4000FBF7D6FF0123084886F86C30B365F8BD34
:105A50000648FCE700100340F4C3040006530300AB
:105A60006DC304002C5001200000AD0B0C00AD0BE9
:105A7000034B93F86C00003818BF0120704700BF3B
:105A80002C5001200079024B03EB8000FFF7EABAAB
:105A900034E800200079024B03EB8000FFF7C2BA24
:105AA00034E800202DE9F341CBB21646324A0833E0
:105AB00032F813200C4612F01C0F0546C2F3820187
:105AC0000BD12E4940F253432D4A2E480AF0DEFAFC
:105AD00040F253412A480AF0D0FA2046FFF728FD49
:105AE0002F68E8B12046FFF719FD8046C0B9540B76
:105AF0002046FFF7DBFC47F800803B582B6803EBA0
:105B00008403D3F8102542F00102C3F8102526B112
:105B100001232A68A340C2F8043302B0BDE8F08133
:105B2000D7F80433002BA4BF4FF00043C7F8043369
:105B30004EB9154940F26D43114A12480AF0A6FACF
:105B400040F26D41C6E7042911D0052911D001A802
:105B50000194FFF77DFC019A0369D34003F0010330
:105B6000991C204602B0BDE8F0410CF0C4BB0321F3
:105B7000F7E70221F5E700BF2C500120C9C304005C
:105B80006DC30400065303002BC404002DE9F74F36
:105B90004F4F0821D7F80403C0B240F00040FFF790
:105BA0001FFD051E15DA00230121684600934FF002
:105BB0000108FFF7C7FC009991B94FF00040FFF7CB
:105BC0000FFD01216846FFF7BDFC0028F3D125F049
:105BD000004501243F4E002D65D103B0BDE8F08F94
:105BE00091FAA1F4B4FA84F43A4AE00804F1080303
:105BF00032F813A004F007011DF8002008FA01F1A3
:105C000022EA01020DF8002001A80194FFF720FC10
:105C1000019A4FEA9A09803250F82260CAF3820B47
:105C200019F0040FDA46C6F3014621D05946204642
:105C3000FFF756FC01A80194FFF70AFC019BF6B29E
:105C4000803350F82330C3F301439E4207D1002133
:105C500020460CF050FB314620460CF04CFB01A8CE
:105C60000194FFF7F5FB019B08FA03F30362A2E737
:105C7000022E0CD1032120460CF03DFB0BF0050356
:105C8000012BECD151462046FFF72AFCE7E7022121
:105C900020460CF030FBBBF1030FF3D0032EDED116
:105CA000BBF1020FEDE795FAA5F3B3FA83F304FA1B
:105CB00003F225EA020503F5A27257F8221006EB5B
:105CC0004303B3F85C00C1F30141FFF709FC82E72D
:105CD000001003402C50012070B516460D4649B9FE
:105CE0000B490C4837230C4A0AF0D0F937210A48EF
:105CF0000AF0C3F9094C237943B92A20FBF778FE4F
:105D00000123074823712560A66070BD0548FCE7A4
:105D100041B304000653030036C404009C50012024
:105D20000000AD0B0C00AD0B38B548B918494A233B
:105D3000184A19480AF0AAF94A2116480AF09DF9AA
:105D4000164B1B79012B07D015494B23114A1248DA
:105D50000AF09CF94B21F0E70023124A50F8234047
:105D600003F5A2710133082B42F82140F6D100233C
:105D70000C4A00F11C0103F5B27451F8045F0133C1
:105D8000082B42F82450F6D1036CC2F8043338BD16
:105D900071C4040036C40400065303009C50012063
:105DA0007AC4040000A0024070B51C4E3379012B68
:105DB00009D01B491B485F231B4A0AF067F95F2182
:105DC00019480AF05AF90024184D2A20C5F8104540
:105DD000C5F81445C5F81845C5F81C45C5F8204553
:105DE000C5F82445C5F82845C5F82C45C5F89045A3
:105DF000C5F89445C5F89845C5F89C45C5F8A04533
:105E0000C5F8A445C5F8A845C5F8AC45FBF7FEFDA7
:105E10004FF0FF33C5F80833347170BD9C5001203A
:105E20007AC404000653030036C4040000A00240F4
:105E300008B5094B1B79012B09D0084908487A237A
:105E4000084A0AF023F97A2106480AF016F9064AA8
:105E50008340C2F8043308BD9C5001207AC404007A
:105E60000653030036C4040000A0024008B5094BE5
:105E70001B79012B09D0084908488223084A0AF0F7
:105E800005F9822106480AF0F8F8064A8340C2F86C
:105E9000083308BD9C5001207AC404000653030057
:105EA00036C4040000A00240F8B501260027124BBA
:105EB000124DD3F80C4304B9F8BD94FAA4F0B0FA2B
:105EC00080F006FA00F3072824EA03040BDD0C49EE
:105ED0000C4840F217230C4A0AF0D8F840F2172178
:105EE00009480AF0CAF8094B82009F502B68002B22
:105EF000E1D0A9689847DEE700A002409C5001204D
:105F000063C3040006530300A3C4040000A10240BD
:105F1000044AD2F80834DB07FBD50160BFF35F8F7A
:105F2000704700BF00900340B0F5801F08B50BD349
:105F30001049114840F20713104A0AF0A7F840F23E
:105F400007110E480AF099F8C0F30B037BB902223F
:105F50000B4BC3F884254FF0FF320260D3F80024C6
:105F6000D207FBD500220748C3F8842508BD0648A0
:105F7000FCE700BF31C5040006530300D5C404008C
:105F8000009003400000AD0B0A00AD0BB0F5801F80
:105F900038B50BD3104940F29513104A10480AF057
:105FA00075F840F295110D480AF067F810F00304F7
:105FB00009D00C494FF4CB73084A09480AF066F837
:105FC0004FF4CB71EFE70123074DC5F88435FFF798
:105FD0009FFFC5F8844538BD4BC50400D5C40400F7
:105FE0000653030065C504000090034037B5012542
:105FF000074C4FF4FA7065610CF0AFF80023636151
:106000000193256123690193019B03B030BD00BF5B
:106010000056004030B5036A87B08DF808300A4B4F
:1060200003AC019093E8070084E8070001A80CF096
:1060300099F938B9054654F8043B984710B9013529
:10604000032DF8D107B030BD98450300034BD3E8CA
:10605000EF2FC3E8E10F0029F9D17047A8500120C4
:1060600038B50546002850D0436A002B50D0836ACB
:10607000002B4DD00124294BD3E8EF2F002A03D168
:10608000C3E8E14F0029F7D145D1686A00F04EF826
:10609000FEF7C4F9224BC8209C660CF05EF8284637
:1060A000FFF7B8FF044640B901221D4B0220DA6613
:1060B000FFF7CCFF0024204638BDFFF797FF002CE8
:1060C00011DBAB6A20469847164B9C421AD013DC72
:1060D000A4F18864033C012C11D82846FFF79AFFED
:1060E00004460028E0D001220D4BDA66FEF7AEF937
:1060F0000020FFF7ABFFDEE70B4B9C42EDD06FF0CB
:106100000404F0E76FF00A04EDE76FF00D04D2E746
:106110006FF01504CFE74FF0FF34CCE7A850012013
:10612000005000400500400401005005014B18607C
:10613000704700BFAC50012007B5044BCDE900010A
:106140001B686846984703B05DF804FBAC5001201B
:10615000014B1870704700BF00680120024B18788F
:10616000431E5842584170470068012070B50368CB
:106170000446033BDBB2072B03D8094A52F82350ED
:106180002DB9A06858B1BDE8704000F017B80CF008
:106190002DF921682B46BDE87040090C184770BDE9
:1061A00048500300014B5B69184700BF38E80020E6
:1061B000014B1B68184700BF38E80020014B1B69E2
:1061C000184700BF38E80020014B9B68184700BF04
:1061D00038E80020014B1868704700BFB05001201C
:1061E000002230B50B4B19680C6894420FD001EBBC
:1061F000C2039D68A8420BD14FF003020433D3E8D9
:10620000CF1F002903D1C3E8C02F0028F7D130BD2C
:106210000132EAE7D05001202DE9F0410024064682
:106220000F462046DFF854803368A34201D8BDE80A
:10623000F08106EBC4056B68DBB2012B16D16A68EE
:10624000B8F80030B3EB124F10D1022FA8680FD16D
:10625000FFF78CFF01206B6823F0FF0343F003037B
:106260006B60B8F800300133A8F800300134DBE788
:106270000168090C0CF06AF8ECE700BF3652012007
:1062800010B5074C02216068FFF7C6FF0028F9D15E
:1062900001212068FFF7C0FF0028F3D110BD00BF27
:1062A000D850012070B5072860D8DFE800F00B5FF8
:1062B000475F435F3C0401F061FA0320BDE8704092
:1062C000FEF782B803202A4BD3F81446D3F8186699
:1062D000284B1D781870EDB2FFF73AFF012D10D151
:1062E000254B264A9C4212D0230C1B04B3F1886F25
:1062F0000DD0A4F58033203B022B0FD96FF004039F
:1063000013603146C4F30B00FFF716FF00E0146082
:106310001B4B1868FDF75CFF0020CFE7194931F9E6
:1063200013301360F4E70024124B20461C70FFF773
:106330000FFFEDE7FFF7A4FF0220BFE70D4B1A7830
:10634000012AD0B20ED1104A1168104A8C685460EC
:106350004968116002221A70FFF7FAFE084B1868AC
:10636000FDF736FFFFF78CFF0120A7E770BD00BFE8
:1063700000A002400268012001005005D450012015
:10638000C0500120AC520300BC500120D850012065
:106390000A23F7B54FF47A750C4E0D4F019331680F
:1063A00038680BF0FEFF044640B90BF0D8FE40B948
:1063B000012001A9FDF716FE6E30F0D1204603B092
:1063C000F0BD019868430BF0C8FEE8E7C450012017
:1063D000CC500120054B1B782BB9054B1968054B98
:1063E00018680BF0DEBF0020704700BF0168012075
:1063F000C8500120D0500120642270B5164B1B6894
:10640000C31A9BB2B3FBF2F3426822F0FF0242F0E0
:10641000020242601148124A0168D2E8DF4F651C4F
:10642000C2E8D65F002EF8D101EBC3014A6892B2F0
:1064300042EA04424A600268032002EBC302536846
:1064400023F0FF0343F0010353600BF086FE0122AB
:10645000044BDA6070BD00BFC8500120D05001204D
:106460003852012000A002402DE9F04F95B03822AB
:106470000021064603A80CF0E9FA0223049308233E
:1064800006932023089304230D93102340250F9394
:1064900080230122CDE91153D52300215A480B92C4
:1064A0001393FDF75FFE0546002840F0A9800246E1
:1064B00056493079FFF710FC03A8FFF735FC346824
:1064C0006268B2F5E56F40F098806169E3680B445B
:1064D000E16903F5E5630B44B3F5003F00F28D80FD
:1064E000206829460CF0B2FA33681C68D3F81C9077
:1064F00004F1E802009204F58162019204F1600760
:10650000434A04F1A40804F1200BB9F1000F5ED155
:10651000C2F800B000254FF0010A2570657084F8BC
:1065200002A0E570336840461B69636033685B69AD
:10653000C4F814B0A360374BC4F81890C3F80080B7
:10654000354BE7601F600823C4F8108084F8A4303E
:1065500088F8015088F8025088F8035084F86030B9
:106560007D70BD70FD700BF0FFFE38460BF0FCFE39
:10657000019A2A4B31681A60009A294BC8681A6040
:10658000284B294E18600869496958609960274B63
:106590002749C3F81046C3F81456264B264C1D80D5
:1065A000264B86F800A01D80254B029525601D61B5
:1065B0001B690293029B144B1868FDF72FFE98B1DC
:1065C00003236FF073043370FFF7EEFB11E09B6958
:1065D00004F14009636433684846DB69C2F800B0DF
:1065E000236401F0A3F895E72468002CECD1154B47
:1065F0001C70204615B0BDE8F08F6FF01504E3E77E
:106600006FF02D04F5E700BFC0500120A562020025
:10661000BC500120D0500120CC500120C850012096
:10662000C4500120B05001200268012000A00240A7
:10663000F049020038520120D45001203652012086
:106640000056004001680120642270B5164B1B689B
:10665000C31A9BB2B3FBF2F3426822F0FF0242F08E
:10666000010242601148124A0168D2E8DF4F651CFE
:10667000C2E8D65F002EF8D101EBC3014A6892B29E
:1066800042EA04424A600268032002EBC3025368F4
:1066900023F0FF0343F0010353600BF05EFD012282
:1066A000044B5A6070BD00BFC4500120CC50012083
:1066B0003852012000A0024010B5FFF769FE012406
:1066C00000220321047081704270C270FFF7BCFF8A
:1066D000054B1C700BF05BFEBDE81040034B47F20E
:1066E00030511868FDF79ABD01680120C0500120A3
:1066F00038B50A4B04461B78022BDDB20DD1FFF7EB
:1067000047FE50B100220121846001704270857003
:10671000C270BDE83840FFF797BF38BD026801205E
:10672000034A126812B1002800DB1047704700BF0F
:10673000EC5001202DE9F743002581460F46104813
:10674000294690461E46019306F0F6FD041E11DB15
:10675000013420460BF075FEC9F8000068B13346DD
:1067600042462146019606F0E7FD28463C6003B00C
:10677000BDE8F0836FF01500F9E76FF00B00F6E766
:10678000EC45030010B50E4B04461B68A3B1E2F7BD
:1067900071FA082810D9237A3F2B0DD00949082215
:1067A000204606F09DFC014630B904F108000A229B
:1067B000BDE8104006F0B6BD4FF0FF3010BD00BF81
:1067C000EC5001208EC50400F7B504460F460420A6
:1067D000002116461D460BF00BFE024638B914B1D7
:1067E00020460BF030FE6FF00B0003B0F0BD002030
:1067F0006FF0580314600D4C137350739073D07383
:1068000020703146032057600BF012FE4FF0FF332B
:1068100001932378AB4201D10020E6E7022001A9D1
:10682000FDF7E0FB0028F4D0DFE700BF036801209C
:10683000F8B5054600240F4F57F8046B284631463B
:106840000CF0E2FA28B90134042CF5D14FF4803071
:106850000DE06CB1A31E012BF8D83046E2F70AFA1E
:106860000A220021284406F0E1FC40EA0440F8BD79
:106870002046FCE768500300014B18600020704779
:10688000F0500120014B1860704700BFEC50012010
:106890000FB42DE9FF410A9CFFF760FC00284AD0A5
:1068A000002C4BD0284E294F31683868FDF74CFD3D
:1068B000002846D1264D31682868FDF7AFFC002836
:1068C00036D122460BAB03A902A80193FFF732FF92
:1068D000044658B12868FDF77BFC3868FDF70EFDCB
:1068E000204604B0BDE8F04104B07047029C204649
:1068F000FFF748FF02230646012220460399FFF7CF
:1069000063FF04460028E5D1DFF84880D8F800008E
:10691000FFF78EFF0446D8F800000BF090FD2868C2
:10692000FDF756FC002CD8D13046FFF7F9FED4E72E
:106930006FF00A04D1E74FF0FF34D1E76FF00D0498
:10694000CEE76FF00A04CBE704510120FC50012090
:1069500000510120F45001200CB42DE9F04F8BB010
:1069600007460E46149CFFF7F9FB002800F0C38091
:10697000002F00F0C380002C00F0C080002E00F03B
:10698000C080DFF89C81624BD8F800101868FDF7D2
:10699000DBFC002840F0B8805E4DD8F80010286875
:1069A000FDF73CFC002840F0A380224615AB09A966
:1069B00008A80793FFF7BEFE044618B12868FDF744
:1069C00007FC3CE0DDE908830393534B1C68002C73
:1069D0005AD0C246DDF80C90CDF804809AF8003009
:1069E000202B36D0093B042B33D90C224FF0000B5F
:1069F0004A4BCDF808B01B6802FB03430493049B89
:106A00009C422ED1029B002B3ED02868FDF7E0FB74
:106A1000019A114611F8013B202B0191F8D0093B56
:106A2000042BF5D931463846029B9847044618B9DD
:106A30003846FFF7FDFE044640460BF004FD344B9C
:106A40001868FDF75BFC20460BB0BDE8F04F02B0C4
:106A50007047B9F1000FC8D00AF1010A09F1FF39F6
:106A6000BCE7A3685B450DD94B451A46504628BF85
:106A70004A462168059306F033FB18B96368029310
:106A8000059B9B460C34BAE74046FFF77BFE02238A
:106A90008146012240460399FFF796FE04460028EE
:106AA0008CD1DFF880803846D8E9004AB24552469A
:106AB000214628BF32460BF0A2FFB245204607D937
:106AC0000BF0BDFC2868FDF783FB6FF00604B6E70A
:106AD000FFF7AEFE0446D8F800000BF0B0FC2868C3
:106AE000FDF776FB002CAAD14846FFF719FEA6E772
:106AF0006FF00A04A3E74FF0FF34A4E76FF00D0432
:106B0000A1E76FF015049EE76FF00A049BE700BF52
:106B1000FC50012000510120E4500120E0500120F0
:106B200004510120F45001200EB42DE9F343DDF8A7
:106B300024808146FFF712FB00285FD0B9F1000FD7
:106B40005FD0B8F1000F5CD0314C324F216838680B
:106B5000FDF7FAFB002857D12F4E21683068FDF76A
:106B60005DFB002847D14846E2F784F8451C2846DB
:106B70000BF067FC044668B93068FDF729FB6FF03D
:106B80000B043868FDF7BAFB204602B0BDE8F043BD
:106B900003B0704749462A460CF017F92046FFF724
:106BA000F1FD02238146012220462946FFF70CFE13
:106BB000044618B13068FDF70BFBE2E7174B30686D
:106BC0001D68FDF705FBB9F1000F06DB2846FFF74E
:106BD0002FFE10B94846FFF7A3FD0AAA41462846F2
:106BE000019206F0DBFB041E284608BF6FF04C0440
:106BF0000BF025FCC5E76FF00A04C2E74FF0FF3445
:106C0000C2E76FF00D04BFE76FF00A04BCE700BFF6
:106C100004510120FC50012000510120F4500120BA
:106C200038B5C3680446A72B01D0206810E00329BB
:106C300007D0042926D0022902D10122154B1A704F
:106C400038BD144B00681A78022A05D10028F7D005
:106C5000BDE838400BF0F3BB0F4D2A6862B12B68DA
:106C60009847002320682B600BF0E9FB0B4B18685A
:106C7000BDE83840FDF7ACBA094A10606168516060
:106C80000222DCE7074B1B68002BCED00068984738
:106C9000CBE700BF03680120E8500120005101202C
:106CA000F4500120F0500120012210B511460B488C
:106CB000FDF758FA70B90A48FDF7F0FA014648B9ED
:106CC0004FF0FF32074B1A60BDE810400123052248
:106CD000FFF77ABD6FF02D0010BD00BF00510120FD
:106CE000FC5001200451012018B1034B1860002012
:106CF00070476FF00D0070470851012008B5FFF78D
:106D00002DFA78B10C4B1B687BB1002101200BF0F0
:106D10006FFB024660B10A2043F201010BF088FBD1
:106D2000002008BD4FF0FF30FBE76FF00D00F8E7E3
:106D30006FF00B00F5E700BF0851012010B50446C5
:106D4000FFF70CFA80B10D4B1B6883B100210120C5
:106D50000BF04EFB024668B1047343F220010A2097
:106D60000BF066FB002010BD4FF0FF30FBE76FF02B
:106D70000D00F8E76FF00B00F5E700BF08510120A8
:106D800008B5FFF7EBF978B10C4B1B687BB100211C
:106D900008460BF02DFB024660B10A2043F22201A7
:106DA0000BF046FB002008BD4FF0FF30FBE76FF013
:106DB0000D00F8E76FF00B00F5E700BF0851012068
:106DC00008B5FFF7CBF978B10C4B1B687BB10021FC
:106DD00001200BF00DFB024660B10A2043F21601C0
:106DE0000BF026FB002008BD4FF0FF30FBE76FF0F3
:106DF0000D00F8E76FF00B00F5E700BF0851012028
:106E000010B50446FFF7AAF990B3A4B31D4B1B6855
:106E10008BB3002128200BF0EBFA024670B3A36875
:106E20004361D4E90013C1600361237C43F206018E
:106E30000377238B8384E3688361E369836294F936
:106E4000163080F82230637C4377A37C8377A38A53
:106E50000384638CC38594F8213080F82D3094F836
:106E6000203080F82C300A200BF0E2FA002010BD10
:106E70004FF0FF30FBE76FF00D00F8E76FF00B000D
:106E8000F5E700BF0851012038B50546FFF766F960
:106E900090B3A5B31D4B1B688BB32820696A0BF018
:106EA000A7FA044670B3AB684361D5E90023C2601A
:106EB00003612B7C037695F9113043766B8A43830B
:106EC000EB6803626B69C361002380F82E30AB6905
:106ED0001A6842625A6882621B898385296A19B1DD
:106EE0006A6A00680BF08BFD0A20224643F20C010F
:106EF0000BF09EFA002038BD4FF0FF30FBE76FF03B
:106F00000D00F8E76FF00B00F5E700BF0851012016
:106F100070B50546FFF722F900285CD0002D5DD042
:106F2000304B1B68002B59D02F4E33683BB1326871
:106F30006B6A516899420DD26FF006004AE04FF437
:106F40002F7128200BF054FA30600028EFD16FF039
:106F50000B003FE04FF0FF3343F20C01137153710C
:106F60009371D371137253729372D3720B200BF01F
:106F70005FFAAB6834686361D5E90023E26023619E
:106F80002B7C237695F9113063766B8A6383EB68EB
:106F900023626B69E3612B7F84F82E30AB691A683A
:106FA00062625A68A2621B892822A385002322728A
:106FB0006372A372E372296A19B16A6A20680BF0DE
:106FC0001EFD6B6A4FF42F71282063600BF010FADE
:106FD0003060002070BD4FF0FF30FBE76FF00D0018
:106FE000F8E700BF085101200C51012038B50546D3
:106FF000FFF7B4F8002862D0002D63D0344B1B6833
:10700000002B5FD05020696A0BF0F2F9044600288B
:107010005BD0AB684361D5E90023C26003612B7C80
:10702000037695F9113043766B8A4383EB680362EC
:107030006B69C361002380F82E30AB691A68426225
:107040005A6882621B898385296A19B16A6A006855
:107050000BF0D5FC2B6B0A20E363D5E90A236263AE
:10706000A36395F83830224684F84430B5F84030B0
:1070700043F21B01A4F84C306B6B23646B6C2365EB
:1070800095F93E3084F84A3095F8393084F8453027
:1070900095F83A3084F84630AB8FA4F84830B5F80C
:1070A0004A30A4F8563095F8493084F8553095F8B0
:1070B000483084F854300BF0BBF9002038BD4FF055
:1070C000FF30FBE76FF00D00F8E76FF00B00F5E71E
:1070D0000851012010B50446FFF740F8E0B1F4B1C3
:1070E000124B1B68DBB1002118200BF081F902461E
:1070F000C0B1A3684361D4E90013C1600361A389EF
:1071000043F20301838323698361237D83770A200C
:107110000BF08EF9002010BD4FF0FF30FBE76FF051
:107120000D00F8E76FF00B00F5E700BF08510120F4
:1071300010B50446FFF712F8B0B1C4B10F4B1B688D
:10714000ABB1002108200BF053F9024690B123782F
:1071500043F20E01037363784373636803610A208B
:107160000BF066F9002010BD4FF0FF30FBE76FF029
:107170000D00F8E76FF00B00F5E700BF08510120A4
:1071800010B50446FEF7EAFFC0B1D4B1104B1B683E
:10719000BBB1002110200BF02BF90246A0B1A3686F
:1071A0004361237B0376D4E90013C160036143F29A
:1071B0001C010A200BF03CF9002010BD4FF0FF30FD
:1071C000FBE76FF00D00F8E76FF00B00F5E700BF8D
:1071D0000851012008B5FEF7C1FF78B10C4B1B68C0
:1071E0007BB1002101200BF003F9024660B10A20B7
:1071F00043F212010BF01CF9002008BD4FF0FF30E4
:10720000FBE76FF00D00F8E76FF00B00F5E700BF4C
:107210000851012010B50446FEF7A0FF80B10D4BC8
:107220001B6883B1002104200BF0E2F8024668B12C
:10723000C46043F21E010A200BF0FAF8002010BDD2
:107240004FF0FF30FBE76FF00D00F8E76FF00B0039
:10725000F5E700BF0851012008B5FEF77FFF78B1C0
:107260000C4B1B687BB1002101200BF0C1F80246DA
:1072700060B10A2043F224010BF0DAF8002008BDC7
:107280004FF0FF30FBE76FF00D00F8E76FF00B00F9
:10729000F5E700BF0851012008B5FEF75FFF78B1A0
:1072A0000C4B1B687BB1002101200BF0A1F80246BA
:1072B00060B10A2043F226010BF0BAF8002008BDA5
:1072C0004FF0FF30FBE76FF00D00F8E76FF00B00B9
:1072D000F5E700BF0851012043F2270330B599427A
:1072E00004468DB030D843F20103994231D9A1F55B
:1072F0004051023925292CD8DFE811F02D002B0050
:10730000D90108012B00D901280168019301B801B6
:107310002B00D9012B008F002B00F0002B00FA016D
:107320002B002B002B00DB002B0056002B002B002A
:107330002B00F7002B00F0012B0069002B008800C8
:107340002B0096002B00C00043F60423994200F066
:10735000D6810DB030BD3022002168460BF076FB9F
:10736000E2682369CDE90223627D237D43EA02239B
:10737000ADF81030E27DA37D43EA0223ADF8123070
:10738000627E237E43EA0223ADF81430A37EE27EC0
:1073900043EA0223ADF81630D44B68461B68984781
:1073A0002068002862D1D4E73022002168460BF023
:1073B0004DFB01238DF80030E2682369CDE90223FB
:1073C000237D627D43EA0223ADF81030F9E03022DC
:1073D000002168460BF03AFB04238DF80030E26888
:1073E0002369CDE90223627D237D43EA0223ADF8C0
:1073F0001030E27DA37D43EA0223ADF81230237EF4
:10740000627E43EA0223ADF81430DAE03022002134
:1074100068460BF01BFB0523CCE7302200216846B1
:107420000BF014FB0223D8E73022056800216846E0
:107430000BF00CFB0F238DF80030E2682369CDE9D7
:107440000223627D237D43EA0223ADF81030A36955
:107450000593A64B1A6815B96846904779E715F861
:10746000021B6846CDE90615904720680AF0E7FF41
:10747000002323706370A370E3706AE7056830220D
:10748000002168460BF0E2FA10238DF80030E26824
:1074900023696846CDE90223237D627D059543EA91
:1074A0000223ADF81030914B1B689847002DDCD1BA
:1074B0004FE73022002168460BF0C8FA0E238DF802
:1074C0000030E2682369CDE90223237D627D43EA2F
:1074D0000223ADF81030236805935DE730220021C8
:1074E00068460BF0B3FA112364E7302200216846A6
:1074F0000BF0ACFA03238DF80030E2682369CDE984
:107500000223A3690493237D627D7AE73022002160
:1075100068460BF09BFA08238DF80030E268236977
:10752000CDE90223E36904936269A369CDE90623E7
:1075300094F8203094F8212043EA0223ADF820305B
:107540006368ADF822302368099325E730220021D3
:1075500068460BF07BFA09238DF80030E268236956
:10756000CDE902236269A369CDE90423E3690693A7
:1075700094F821308DF81C3094F820308DF81D30AF
:1075800094F8232094F8223043EA0223ADF82830FF
:1075900094F8252094F8243043EA0223ADF82A30E9
:1075A00094F8263094F8272043EA0223ADF82C30D3
:1075B000A36ACDF81E30E36ACDF82230238EADF8F1
:1075C00026304A4B68461B689847C2E630220021A5
:1075D00068460BF03BFA0A238DF80030E268236915
:1075E000CDE902236269A369CDE90423E369069327
:1075F00094F8212094F8203043EA0223ADF81C309F
:1076000094F8232094F8223043EA0223ADF81E3088
:1076100094F8243094F8252043EA0223ADF8203072
:10762000CFE73022002168460BF010FA0B238DF8CB
:107630000030E2682369CDE9022363690493627E26
:10764000237E43EA0223ADF81430E27EA37E43EAB0
:107650000223ADF81630237F627F43EA0223ADF8A0
:107660001830236807936368089395E63022002159
:1076700068460BF0EBF90C238DF80030E2682369C3
:10768000CDE9022363690493627E237E43EA0223E9
:10769000ADF81430A37EE27E43EA0223ADF8163043
:1076A000237F627F43EA0223ADF8183089E7302256
:1076B000002168460BF0CAF906238DF80030E26815
:1076C0002369CDE90223A3690493627D237D43EA04
:1076D0000223ADF81430A37DE27DDDE730220021E6
:1076E00068460BF0B3F9072305E700BF08510120F6
:1076F0003022002168460BF0A9F90D235AE630220A
:10770000002168460BF0A2F9122353E608B54FF4A6
:107710002F7128200AF06CFE034B002818600CBF64
:107720006FF00B00002008BD0C5101200021012248
:10773000074B1970074B1A70074B1970074B1960EC
:10774000074B1960074B18600748FCF70BBD00BFDB
:1077500004680120066801200568012014510120F9
:10776000185101202851012010510120024B1868A6
:1077700008B1FCF72DBD70471051012070B4284BA3
:107780001B68196958691A7C00221A745C7C5A7447
:107790009C7C9A74DC7CDA741C7D1A755C7D5A754D
:1077A0009C7D03299A75DC7DDA7529D0042929D0BE
:1077B00001290FD185681B4E954210D11A7A0121FB
:1077C00000221972597A5A72997A9A72DA7A6FF09B
:1077D0005F02DA72144B70BC1868FCF7F9BC911C9C
:1077E00000EB81014C682178622907D0633918BF0A
:1077F0000121490046F821400132DDE70121F9E786
:10780000187ADEE7187A1972597A5A72997A9A7246
:10781000DA7A6FF05F02DA720122044B1A70D9E74C
:10782000285101201C510120105101200568012020
:1078300008B50A4A0A4B93420ED90A4919230A4A43
:107840000A4808F023FC0A4808F020FC19210648E1
:1078500008F013FC2433EEE7FCD308BD583A0300CC
:10786000A4390300DFC50400BCC5040006530300AF
:10787000ED8C0400034A044B026024209B1AB3FBE6
:10788000F0F07047A4390300583A0300014B9868A0
:10789000983070472C51012010B50446F5F7AAFE28
:1078A000054803685B0703D00121044A09F0A4F8E6
:1078B00020460AF00FFE00BFE8EA0020F7C50400EA
:1078C0002DE9F04704460D4600AFEFF31189202360
:1078D00083F31288BFF36F8FDFF800813A4AD8F83C
:1078E0000030966859076BD0042898BF374BEA469A
:1078F0008AB0117C98BF53F820306A4688BF344B59
:10790000C2E9073140F2013332489384324BC2E975
:10791000050442F8103F00234FF431512F48F6F789
:10792000DBF8D54665B1EB69D8F80020C3F308034E
:1079300033B152071ED00121294A284809F05CF8CA
:10794000D8F800305B0715D03EBB2648E8468AB021
:107950006A46254BD061C2E9053640F201331384F3
:10796000224B42F8103F00234FF411511B48F6F709
:10797000B3F8C54629462046FFF78EFF042C15D1E3
:107980001B4987231B4A1C4808F080FB1B4808F052
:107990007DFB8721174808F070FB30460AF087FE10
:1079A0000028D2D00378002BCFD0CFE789F31188FD
:1079B000BFF36F8F3046F9F7A1FFBD46BDE8F087F2
:1079C000002DB0D1D6E700BF2C5101207850030024
:1079D00006C604001CC6040005000001E8EA0020F9
:1079E00044C6040014C6040065C604000400000177
:1079F0009FC604007DC6040006530300BCC60400F5
:107A000038B50A4B53F82040013053F82050A542B6
:107A100000D838BD606830B1037FDB0701D40AF0BD
:107A200061FD0834F3E723689847FAE78C500300B8
:107A3000012270B5374B032086B01A70FFF7E0FFC4
:107A4000F9F78AFA0420FFF7DBFF334C334DAC42E1
:107A5000264628D932494223324A334808F016FBD9
:107A6000324808F013FB42212E4808F006FB54F878
:107A70000C3C059354F8103C049354F8143C0393C5
:107A800054F8183C029354F81C3C019354F8203CE1
:107A9000009354E90A2354E90C0101F015FD54F850
:107AA000303C5E65D3E7AE4204F13004DFD302F030
:107AB000B1FB194C1E4EAC421FD919496623194A15
:107AC000194808F0E3FA194808F0E0FA6621CBE714
:107AD000D4E90A23B3F1FF3F08BFB2F1FF3F05D05D
:107AE00052EA0301206803D102F0F8FD3034E2E7E6
:107AF0003146183003F016FAF8E7E9D302F0F8FB44
:107B0000E3F736FE0B4A137B23F00103137306B031
:107B100070BD00BF07680120603C0300803D03008A
:107B20005CC704003BC7040006530300ED8C04004F
:107B3000352703005038012008B50348034A0021C7
:107B4000121A0AF0E6FC08BDE0EE00200C680120E5
:107B5000F82370B5144E86B003FB0066134B012268
:107B600005930F23CDE903320023CDE90133182318
:107B70004FF4A0720E4D0F4903FB0055044602FB63
:107B800000110D4B3046009501F09EFC737B2C7468
:107B900023F004037373094B013403EB0433EE60E9
:107BA0006B6006B070BD00BF5837012089C7040064
:107BB0002C51012010220220317F020010120220DD
:107BC000BFB50020FFF71CFF2A4B03F5805282F35C
:107BD000088883F30A880024E023274D274F85F87F
:107BE0002230EC772C766C76AC7685F820406B6A88
:107BF00043F4E0236B6285F82340F9F7C3FDF9F7FE
:107C0000F9FF4FF0FF33AB62EB62FAF7D3F9FAF703
:107C100015F8F5F701FC1A4801F056FDFFF708FECC
:107C20000120FFF7EDFE0220164DFFF7E9FE02F0FE
:107C3000EFFB154B15499D61154B4FF40062059301
:107C400001232846CDE90343CDE901443B46009496
:107C500001F03AFC06466A7B284622F004026A7369
:107C600001F0AEFE2046FFF773FF3A463146284644
:107C7000F9F798FF1012022000ED00E0317A0200BF
:107C800048390120503801202C5101205023022076
:107C90008EC704002DE9F04F064689B0CDE90412E5
:107CA000DDE9122306A8994690460AF087FDDDE932
:107CB0000634CDE9023406F11404EFF311852023D4
:107CC00083F31288BFF36F8F204602F0D9FF60B9AB
:107CD0008823354A3549364808F0D8F921463548D1
:107CE00008F0D4F98821304831E0204602F0ECFF5A
:107CF000EFF30583EBB94FF0200B06F10C0A304689
:107D0000DDE90412149B9847074610B3204602F0A1
:107D1000C5FF00283FD140F23113234A26492448A9
:107D200008F0B4F92146254808F0B0F940F23111C5
:107D3000D9E758EA0903DED021494D23214A1C48DE
:107D400008F0A4F9204808F0A1F94D211D4808F0D9
:107D500094F958EA0908D9D0DDE9022306A80AF007
:107D600051FDDDE906232946CDE900239046204652
:107D70005246994601F0F8FFEFF311858BF3128814
:107D8000BFF36F8F204602F07BFF0028A0D0204673
:107D900002F09AFFB3E785F31188BFF36F8F38467F
:107DA00009B0BDE8F08F00BFD47E0400017F04005D
:107DB00006530300167F04002C7F0400437F040059
:107DC000B8C7040096C70400FEC7040038B50D4CC0
:107DD0000D4DAC4213D90D491A230D4A0D4808F038
:107DE00055F90D4808F052F91A21094808F045F9EB
:107DF0002046D4E901120AF090FB1834E9E7F7D3E2
:107E0000002038BD00EC002030EC002001C8040048
:107E100096C7040006530300ED8C04001FB5054C03
:107E2000CDE9002302940A460021FFF733FF04B096
:107E300010BD00BF13FE0200F8B505460E4600F166
:107E40001404EFF31187202383F31288BFF36F8F9D
:107E5000204602F015FF68B988231B4A1B491C48BD
:107E600008F014F921461B4808F010F9882116483B
:107E700008F003F9204602F027FF28463146F3F7C1
:107E8000C5FA05F10C000AF063FC28B1394620461A
:107E9000BDE8F84002F012B9204602F0FFFE68B9D2
:107EA00040F23113084A0C49094808F0EFF821461E
:107EB0000A4808F0EBF840F23111D8E787F311884F
:107EC000BFF36F8FF8BD00BFD47E0400017F0400B4
:107ED00006530300167F04002C7F0400437F040038
:107EE000002038B50C4C0D4DAC4213D90C499423ED
:107EF0000C4A0D4808F0CAF80C4808F0C7F894215D
:107F0000084808F0BAF820460AF012FB002802DB05
:107F10002034E9E7F7D338BD00EC002000EC002066
:107F20003FC804001AC8040006530300ED8C040087
:107F300008B50D4B9B6893F90E30002B09DB20240C
:107F4000EFF3118384F31288BFF36F8F09F0D5FD2F
:107F5000F6E7064906481C23064A08F097F81C2154
:107F6000044808F08AF800BF2C5101207DC80400A5
:107F7000065303005CC8040008B583684BB90B497D
:107F80000B4899230B4A08F081F89921094808F019
:107F900074F8D0E9003213605A600023427BC0E9D4
:107FA000003322F002024273836008BDD0C804008F
:107FB00006530300A5C804002DE9F347044689468B
:107FC00090461E46EFF3058373B152EA06030BD0C9
:107FD0005B4982235B4A5C4808F058F85B4808F02C
:107FE00055F88221574819E004F10805EFF311878D
:107FF0004FF0200A8AF31288BFF36F8F284602F0F1
:108000003FFE68B98823524A52494F4808F03EF86B
:108010002946514808F03AF888214D4808F02DF8D3
:10802000284602F051FE626A23699A426DD2EFF34C
:1080300011838AF31288BFF36F8F83F31188BFF324
:108040006F8F5BB94549B023454A3F4808F01EF899
:108050003E4808F01BF8B0214148DFE72668B442EB
:1080600018D0BEB13046FFF787FF06F1180003F0C5
:108070003DF84946E26830690AF0C1FC0023304609
:10808000C6F8B03001F09CFC3946284602F016F8DC
:10809000002449E0206A6369984202D3A3699842A8
:1080A00007D330499A23274A274807F0EFFF9A2140
:1080B00098E7E26849460AF0A2FC236AE26804F104
:1080C00028001344A2692362934208BF63694FF0FA
:1080D000100108BF2362636A0133636203F0B4FDD9
:1080E00004460028D0D1284602F0D8FD18BB40F243
:1080F0003113174A1C49144807F0C8FF29461B488A
:1081000007F0C4FF40F2311187E758EA06030FD0A9
:10811000174B22469B683946C3F810902846CDE994
:10812000008601F021FE0446204602B0BDE8F0873B
:108130006FF02204D7E787F31188BFF36F8FF3E75F
:10814000B8C70400E7C8040006530300FEC70400D4
:10815000D47E0400017F0400167F040009C90400D6
:10816000A5C8040021C904002C7F0400437F04003B
:108170002C5101202DE9F7430446884617461D4639
:10818000EFF3058373B152EA05030BD05D49DE239B
:108190005D4A5E4807F07AFF5D4807F077FFDE2111
:1081A000594818E004F10806EFF31189202383F3FE
:1081B0001288BFF36F8F304602F062FD68B98823E2
:1081C000544A5549514807F061FF3146534807F07A
:1081D0005DFF88214F4807F050FF304602F074FDE4
:1081E000636A002B62D0E2684046E1690AF007FC4E
:1081F000E369E2681344A269E361934204BF6369DF
:10820000E361636A013B6362EFF31183202282F32F
:108210001288BFF36F8F83F31188BFF36F8F5BB941
:108220003F49B0233F4A394807F030FF384807F04C
:108230002DFFB0213B48CEE72568AC4246D0002D4B
:1082400045D02846FFF798FE05F1180002F04EFFD2
:10825000206A6369984202D3A369984207D33249DE
:10826000F823294A294807F011FFF82198E72969DE
:10827000E2680AF0C4FB236AE26828461344A26954
:108280002362934204BF63692362636A01336362BA
:108290000024C5F8B04001F093FB4946304601F098
:1082A0000DFF2546284603B0BDE8F08357EA0503D5
:1082B0001FD01E4B22469B684946C3F810803046AB
:1082C000CDE9007501F050FD0546EBE7002530468D
:1082D00002F0E4FC80B940F231130E4A14490B4815
:1082E00007F0D4FE3146134807F0D0FE40F23111BA
:1082F00070E76FF02205EAE789F31188BFF36F8F0B
:10830000D0E700BFB8C70400E7C804000653030065
:10831000FEC70400D47E0400017F0400167F040021
:1083200009C90400A5C8040021C904002C5101207A
:108330002C7F0400437F04002DE9F34104461746D7
:108340001E46EFF3058565B158496F23584A5948D1
:1083500007F09CFE584807F099FE6F21544807F03B
:108360008CFEEFF31188202383F31288BFF36F8F05
:10837000524802F085FC60B98823514A51494D4862
:1083800007F084FE4D49504807F080FE88214C4894
:10839000E5E74A4802F098FCE3684C4A9BB1A068C4
:1083A0009168884229D057EA06032ED1434802F04B
:1083B00075FCA0B188F31188BFF36F8F6FF00F00C9
:1083C00002B0BDE8F081916891F90E100133E360CD
:1083D00093683A482161A36002F060FC78B940F2EA
:1083E0003113374A3A49334807F050FE3349394888
:1083F00007F04CFE40F23111C9E72169E6E788F346
:108400001188BFF36F8F0020DAE791F90E1090F911
:108410000E306FF07E029942A8BF19469142B8BF54
:1084200011468B4202DD0AF09DF805462246414680
:10843000CDE90076214801F097FC0028E3D0EFF366
:108440001186202383F31288BFF36F8F1B4802F03D
:1084500017FC002890D0194802F036FCA068C0B183
:10846000236821699C420AD04BB193F90E3099429E
:10847000A8BF19466FF07E039942B8BF19460AF0AB
:1084800071F830B131460D4801F018FE6FF00A0066
:1084900096E7002DF6D1094802F000FC00289ED096
:1084A00086F31188BFF36F8FF0E700BF8FC9040018
:1084B0006DC9040006530300A1C9040054510120F2
:1084C000D47E0400017F0400167F04002C5101209B
:1084D0002C7F0400437F0400F8B50546EFF30583C5
:1084E00063B15549D723554A554807F0CFFD554844
:1084F00007F0CCFDD721514807F0BFFD8368002B62
:1085000000F09380504A9268934240F09180C36893
:108510003BB94E49EF23494A494807F0B7FDEF21DF
:10852000E9E7012B03D0013BC3600020F8BDEFF366
:108530001187202484F31288BFF36F8F444802F020
:108540009FFB60B98823434A43493D4807F09EFD9D
:108550003F49424807F09AFD88213E48CCE73C4815
:1085600002F0B2FB2969A86809F0FCFFEFF3118360
:1085700084F31288BFF36F8F83F31188BFF36F8F7B
:108580005BB93749B023374A2D4807F07FFD36489D
:1085900007F07CFDB0213348AEE72C68AC4215D122
:1085A00000232B48C5E9023302F078FB002837D1BD
:1085B00040F23113274A2D49214807F067FD24492D
:1085C0002B4807F063FD40F23111C6E7002CE7D0DD
:1085D000A3683BB927499923224A194807F056FD59
:1085E0009921D8E70026D4E9003213605A60637BF2
:1085F000C4E9006623F002036373A66004F1180067
:1086000002F074FDAC6094F90E3020462B61C4F882
:10861000B06001F0D5F939460D4801F04FFD84E70F
:1086200087F31188BFF36F8F7FE76FF015007DE749
:108630004FF0FF307AE700BF8FC904006DC9040016
:1086400006530300A1C904002C510120C6C904002F
:1086500054510120D47E0400017F0400167F0400E1
:1086600009C90400A5C80400FEC704002C7F04004B
:10867000437F0400D0C8040008B583684BB90B4998
:108680000B4899230B4A07F001FD9921094807F08F
:10869000F4FCD0E9003213605A600023427BC0E949
:1086A000003322F002024273836008BDD0C8040088
:1086B00006530300A5C804002DE9F04704460F4601
:1086C00091469A469DF8208000F10805EFF3118647
:1086D000202383F31288BFF36F8F284602F0D0FA6D
:1086E00060B98823504A5149514807F0CFFC2946C8
:1086F000504807F0CBFC88214B481DE0284602F08B
:10870000E3FAB8F1000F00D06768EFF3118320227D
:1087100082F31288BFF36F8F83F31188BFF36F8FDB
:1087200063B94549B023454A414807F0AFFC444886
:1087300007F0ACFCB021414807F09FFC234653F8FA
:108740000C8F984519D0B8F1000F16D04046FFF7AE
:1087500093FF08F1180002F0C9FC00234046C8F856
:10876000B030C8F8109001F02BF93146284601F0DE
:10877000A5FC00242046BDE8F087BAF1000F14D014
:10878000082003F0BFFB002846D00122C0F8049067
:108790000260016801F003015FB922680A430260C8
:1087A000626820606AB960600BE04846C9F800A0C2
:1087B000EFE73A68032A24D801606168D9B9C4E9AF
:1087C000000004F11400042103F03EFA04460028DE
:1087D000CBD1284602F062FA08BB40F23113124AAC
:1087E0001849134807F052FC2946174807F04EFC79
:1087F00040F2311180E70A6802F0030202430A6086
:10880000D1E722F003020A4302603A6802F0030251
:1088100040EA02033B60D4E76FF00B04D9E786F32C
:108820001188BFF36F8FA5E7D47E0400017F040099
:1088300006530300167F040009C90400A5C80400FC
:10884000FEC704002C7F0400437F04002DE9F7439A
:10885000064690461F4600F10805EFF311892023D4
:1088600083F31288BFF36F8F284602F009FA68B9C4
:108870008823254A2549264807F008FC294625482B
:1088800007F004FC8821204807F0F7FB284602F097
:108890001BFA3468FCB12368726823F00303944226
:1088A00020464FF00101336008BF736009F069FE94
:1088B0000446284602F0F2F9E8B940F23113124AB0
:1088C0001549134807F0E2FB2946144807F0DEFB80
:1088D00040F23111D7E758EA0703EAD04946284663
:1088E000CDE9008706F10C0201F03EFA38B90C4BD5
:1088F0009B681C6903E089F31188BFF36F8F2046E2
:1089000003B0BDE8F08300BFD47E0400017F040003
:1089100006530300167F04002C7F0400437F0400ED
:108920002C51012008B583684BB90B490B4899239A
:108930000B4A07F0ABFB9921094807F09EFBD0E9F1
:10894000003213605A600023427BC0E9003322F0FA
:1089500002024273836008BDD0C8040006530300BE
:10896000A5C8040070B50446EFF31186202585F3F1
:108970001288BFF36F8F334802F082F960B9882301
:10898000314A3249324807F081FB2E49314807F01D
:108990007DFB88212C4818E02A4802F095F9EFF376
:1089A000118385F31288BFF36F8F83F31188BFF3B0
:1089B0006F8F63B92849B023284A254807F066FB22
:1089C000274807F063FBB021244807F056FB2568D1
:1089D000AC4213D095B12846FFF7A4FF05F118006B
:1089E00002F084FB00232846C5F8B03000F0E8FF11
:1089F0003146BDE87040134801F060BBD4E9023253
:108A00009A4218BF01330221A36004F1100003F061
:108A10001BF90028ECD10B4802F040F968B940F28C
:108A20003113094A0F490A4807F030FB05490E483F
:108A300007F02CFB40F23111ACE786F31188BFF34D
:108A40006F8F70BD58510120D47E0400017F040057
:108A500006530300167F040009C90400A5C80400DA
:108A6000FEC704002C7F0400437F0400F7B50446D2
:108A700016461D46EFF305837BB152EA05030CD081
:108A80002D4988232D4A2E4807F000FB2D4807F07A
:108A9000FDFA8821294807F0F0FAEFF31187202327
:108AA00083F31288BFF36F8F274802F0E9F860B9AB
:108AB0008823264A2649224807F0E8FA2249254811
:108AC00007F0E4FA88212148E5E71F4802F0FCF8A6
:108AD000A368D3B1013B1C48A36002F0DFF868B97A
:108AE00040F23113194A1C49154807F0CFFA1649CC
:108AF0001A4807F0CBFA40F23111E4E787F3118806
:108B0000BFF36F8F002003B0F0BD56EA05030BD111
:108B10000D4802F0C3F80028E2D087F31188BFF3B4
:108B20006F8F6FF00F00EEE722463946CDE9006502
:108B3000054801F019F9E6E7FDC90400DDC90400A4
:108B400006530300FEC7040058510120D47E0400E0
:108B5000017F0400167F04002C7F0400437F040083
:108B60002DE9F0470446EFF31188202787F3128898
:108B7000BFF36F8F354802F083F8064660B988234B
:108B8000334A3449344807F081FA3049334807F012
:108B90007DFA88212E481CE02C4802F095F84FF011
:108BA00000096FF00A0AEFF3118387F31288BFF30D
:108BB0006F8F83F31188BFF36F8F63B92849B02398
:108BC000284A254807F062FA274807F05FFAB021E3
:108BD000244807F052FA2568AC420ED06DB1284601
:108BE000FFF7A0FE05F1180002F080FA2846C5F84C
:108BF000B0A000F0E5FEB146D5E700230221A36056
:108C000004F1100003F020F8A0B9B9F1000F11D160
:108C10000E4802F043F898B940F231130C4A134958
:108C20000D4807F033FA0949114807F02FFA40F2CE
:108C30003111AFE74146BDE8F047044801F03EBAC4
:108C400088F31188BFF36F8FBDE8F087585101207A
:108C5000D47E0400017F040006530300167F040045
:108C600009C90400A5C80400FEC704002C7F040045
:108C7000437F04002DE9F0430446764E764F85B0DD
:108C8000EFF31188202383F31288BFF36F8F3046F0
:108C900001F0F6FF68B98823704A7149714807F0FE
:108CA000F5F96C49704807F0F1F988216B4807F035
:108CB000E4F9304602F008F8D4F8FC50F5B9022186
:108CC00004F58A7009F084FC002840D004F586750C
:108CD00000220121284601F08BFE0028F8D1002354
:108CE0004FF0FF3202934FF0FF334146CDE90023AE
:108CF000304604F5827201F0D9FEC1E7D4F80021B4
:108D00002B68954208BFC4F80031C4F8FC30D4F891
:108D10001431304643F00203C4F81431EB68D5F83F
:108D2000049023F0040343F00103EB6001F0B6FF6D
:108D3000F8B940F23113494A4C494A4807F0A6F9BC
:108D400044494B4807F0A2F940F23111AEE7D4F89C
:108D50001431DD06C3D5C4F814013E4801F09EFF6E
:108D60000028E6D088F31188BFF36F8F05B0BDE807
:108D7000F08388F31188BFF36F8FB9F1000F0AD128
:108D80003C49384840F2AB233B4A07F07FF940F2B8
:108D9000AB2139488BE72846C847EFF311882023D9
:108DA00083F31288BFF36F8F304601F069FF00280C
:108DB0003FF471AF304601F087FFEB68D90623F02E
:108DC000010231D4EA60EB689A0716D5386823F0BF
:108DD0000203EB6088B10021036870B142689542DC
:108DE00030D1036841BB7A683B60824200D17B602E
:108DF000002340F8083BFFF7B5FDD4F814313046A6
:108E000023F00203C4F81431C3F3002501F046FF38
:108E100000288ED088F31188BFF36F8F002D7FF468
:108E20002FAF01F0FDFA2BE723F01103EB6005F102
:108E30001000FFF797FDC6E70B607B68834208BF11
:108E40007960D5E723B11A68014618461346C4E78E
:108E50001A46F9E7645101205C510120D47E0400D8
:108E6000017F040006530300167F04002C7F0400DA
:108E7000437F04008DCA04004BCA0400F8B5C368E0
:108E800004469A070F46C3F340063BD45B0727D43A
:108E90000B680BB983680B60E368DD0723D5A36813
:108EA0005BB9294929484FF4AA73294A07F0EEF81B
:108EB0004FF4AA71264807F0E0F802263B603D68AF
:108EC000002D3ED0234B9A68D5F8F8309A420CD04A
:108ED000D5F81431D807C3F3800216D46FF0120608
:108EE00000233B6027E00126E9E709F0DAFBD5F82B
:108EF00014310028EED1D907C3F3C002EED552B128
:108F00005B0708D46FF00F06EAE7002AFAD1C3F333
:108F1000C003002BF6D100232360D5F8003163B9DC
:108F2000C5E93F44284609F06DFBE36843F00403BC
:108F3000E3603B68A3603046F8BD1C60C5F80041A3
:108F4000F0E76FF01506CBE76CCA04000653030088
:108F50004BCA04002C51012073B50446EFF3118570
:108F6000202383F31288BFF36F8F1E4801F088FE21
:108F700068B988231C4A1D491D4807F087F819491C
:108F80001C4807F083F88821174807F076F8154841
:108F900001F09AFE00230321201F0193A4F1100683
:108FA00009F016FB28B1A369304601A90193FFF728
:108FB00065FF0C4801F072FE68B940F231130A4AAD
:108FC0000D490B4807F062F806490C4807F05EF8B7
:108FD00040F23111D8E785F31188BFF36F8F02B0EB
:108FE00070BD00BF64510120D47E0400017F0400E5
:108FF00006530300167F04002C7F0400437F040007
:1090000038B50D46044648B90C4999230C4A0D4819
:1090100007F03CF899210A4807F02FF839B90A49B6
:109020009A23074A074807F031F89A21F3E71022FC
:10903000002109F00BFD656038BD00BFE5CA0400E2
:109040004BCA0400065303008DCA040037B50C4612
:10905000019059B928494FF4BD73284A284807F0B0
:1090600015F84FF4BD71254807F007F84B684BB968
:10907000244940F27B13214A214807F007F840F2C7
:109080007B11F0E7EFF31185202383F31288BFF300
:109090006F8F1D4801F0F4FD60B988231B4A1C49FD
:1090A000174806F0F3FF18491A4806F0EFFF882129
:1090B0001648D9E7144801F007FE204601A9FFF73A
:1090C000DDFE0446104801F0E9FD68B940F23113B5
:1090D0000E4A11490A4806F0D9FF0B490F4806F01D
:1090E000D5FF40F23111E3E785F31188BFF36F8FAD
:1090F000204603B030BD00BFE5CA04004BCA0400DF
:109100000653030087CA040064510120D47E040082
:10911000017F0400167F04002C7F0400437F0400BD
:109120000146014809F0A9BA603A0120F0B589B0BA
:1091300004460E9D58B92F4940F2F1232E4A2F487C
:1091400006F0A4FF40F2F1212B4806F096FF49B942
:109150002B4940F2F223284A284806F097FF40F2B4
:10916000F221F1E7D0F8140110F0010009D02549EF
:1091700040F2F323204A214806F088FF40F2F32111
:10918000E2E7C4E93F0004F58270C4E9410004F558
:109190008670C4E9430055B32879002840F20110D5
:1091A00008BF0120C4F8140100204FF0FF364FF033
:1091B000FF37CDE90330CDE90100CDE90667204650
:1091C000114B009400F03AFA55B1296811B12046CC
:1091D00000F028F96B791BB1237B43F00103237363
:1091E000204601F07BFAC4F8F84009B0F0BD012038
:1091F000D8E700BFD8CA04004BCA040006530300D6
:10920000DECA0400A4CA0400758C020038B50D46FD
:10921000044658B90F4940F292330F4A0F4806F0FE
:1092200035FF40F292310C4806F027FF49B90C494E
:1092300040F29333084A094806F028FF40F2933180
:10924000F1E73022002109F001FC4FF480736560E2
:10925000E36038BDE4CA04004BCA040006530300AF
:109260008DCA0400F7B50C4616461D46019058B944
:10927000334940F20D43334A334806F007FF40F2CA
:109280000D41304806F0F9FE49B9304940F20E432D
:109290002C4A2D4806F0FAFE40F20E41F1E7EFF3BA
:1092A0001187202383F31288BFF36F8F284801F0C2
:1092B000E7FC60B98823274A2749234806F0E6FEE1
:1092C0002349264806F0E2FE88212248DAE72048B2
:1092D00001F0FAFCE36813F01E0F27D155EA0602ED
:1092E00016D1204601A9FFF7C9FD0446184801F030
:1092F000D5FCE8B940F23113164A1949124806F074
:10930000C5FE1349174806F0C1FE40F23111DCE7F3
:1093100043F00803E360019B04F11000A3623246AE
:109320002B46114901F0FEFD0124DFE70024DDE7B3
:1093300087F31188BFF36F8F204603B0F0BD00BFE5
:1093400072CA04004BCA040006530300E4CA0400B6
:1093500064510120D47E0400017F0400167F0400C4
:109360002C7F0400437F0400598F020038B5044667
:1093700058B92349234840F25243234A06F086FE57
:1093800040F25241204806F078FEEFF31185202389
:1093900083F31288BFF36F8F1C4801F071FC60B932
:1093A00088231B4A1B49174806F070FE17491A48C4
:1093B00006F06CFE88211648E5E7144801F084FCAD
:1093C000204609F010F9204609F024F904460F4818
:1093D00001F064FC68B940F231130D4A0F490948A5
:1093E00006F054FE09490E4806F050FE40F23111D5
:1093F000E1E785F31188BFF36F8F204638BD00BFCA
:10940000E4CA0400065303004BCA0400645101205F
:10941000D47E0400017F0400167F04002C7F04002A
:10942000437F040010B5044608B9054B9C681F2211
:1094300004F1780009F0C9FC002084F8970010BD01
:109440002C5101202DE9F84F0C46A1B39AB390F8A6
:109450000D90DFF86C800846571EB9F1000F25D03B
:109460000025DFF860A0B8F804B019EA0B0F19D096
:10947000B8F806307E1B9E4228BF1E46D8F8001062
:10948000324609F0BCFA2E4439EA0B0904EB060017
:109490000CD0BD1B012D28BF012551462A4609F0DD
:1094A000AEFA354408F108086019DCE700230370C0
:1094B0002046BDE8F88F0148FBE700BF00C8040064
:1094C000A4500300F9CA04002DE9F04F85B0119FA4
:1094D00004460F2F0E469946DDF838B0DDF84C8073
:1094E00048D14A498B4249D104F15801C4E91611C7
:1094F0001299002521730421073222F0070A5246EF
:109500006173A773AA213046C4E90655A560E573C7
:1095100009F09CFA109BC4E9276AC4F8A45002938E
:109520000F9B06EB0A07CDE900B33A464B4631469E
:109530002046F8F7F3FA0F9BC4E9199BE366109BEA
:1095400065652367EFF31189202383F31288BFF346
:109550006F8F2F4801F094FB18BB88232D4A2E49AA
:109560002E4806F093FD2A492D4806F08FFD8821EC
:10957000284814E007F110011E29B5D940F205234F
:10958000284A2949254806F081FD394627486FF0C9
:109590000F030E2206F07AFD40F20521214806F065
:1095A0006CFD234E1A4801F08FFB736A18486367FD
:1095B000746201F073FB68B940F23113154A1D491A
:1095C000164806F063FD12491B4806F05FFD40F2A5
:1095D0003111CDE789F31188BFF36F8FB8F1000F18
:1095E00011D01F22414604F1780009F0EEFB84F807
:1095F0009750B3680BB1D3F8A8303846C4F8A830F8
:1096000005B0BDE8F08F84F87880F2E7317F020082
:1096100074510120D47E0400017F0400065303002E
:10962000167F0400FBCA04001ECB04009ECB04007E
:109630002C5101202C7F0400437F0400F0B587B03B
:109640000446DDE91276EFF3058575B1194940F25C
:109650009223194A194806F019FD194806F016FD1B
:1096600040F29221144806F008FD0595109D0495DE
:109670000F9D03950E9D02950D9D01950C9D0095E6
:10968000FFF722FFB6F1FF3F08BFB7F1FF3F05D05C
:1096900056EA070305D1204601F020F8204607B01E
:1096A000F0BD3A46334604F11800064901F03AFC91
:1096B000F4E700BF8FC90400FBCA0400065303008F
:1096C000CFCB04003527030040F201138381002330
:1096D00010B50446C0E9273302F00EFC014B9C6034
:1096E00010BD00BF2C5101206FF00A01094A936898
:1096F000C3F8B0100849C3F8AC004B6843F080537E
:109700004B60002383F31188BFF36F8F9368D3F806
:10971000B00070472C51012000ED00E038B590F901
:109720000D200146002A437B11DA03F07F034373C7
:109730001B4B984209D11B491B4856231B4A06F074
:10974000A5FC5621194806F098FC08F0C3FF184DF7
:109750002A4652F81C4FAB68944200D004B9EC681A
:109760008B4214D05BB91349D523134A0E4806F037
:109770008DFC124806F08AFCD5210F48E3E75A7B9E
:10978000D20604D1DA897F2A01D9A2692AB1A3427B
:1097900002D0204601F0E8F92346AB6138BD00BF96
:1097A000583701204FCC0400065303002DCC040091
:1097B0002C5101209CCC040070CC0400FEC7040096
:1097C00008B583684BB9094909489923094A06F045
:1097D0005DFC9921074806F050FC08F07BFF437BB5
:1097E00023F0020343730023836008BDD0C8040044
:1097F00006530300A5C8040070B590F90D20437B03
:10980000002A50DBD9064ED163F07F034373274B08
:10981000984209D1264927484F23274A06F036FCAB
:109820004F21254806F029FC244C224652F81C3FC3
:10983000216A934207D1C0E900210860206211E04B
:109840009942F8D01B68002BF5D090F90E5093F98F
:109850000E60B542F4D0AE42F2DD5968C0E9003185
:1098600008605860E569954200D005B9E568A368CD
:109870005BB91349D523134A0E4806F007FC12487A
:1098800006F004FCD5210F48CCE75A7BD20604D160
:10989000DA897F2A01D9AA6932B1AB4202D02846BF
:1098A00001F062F9A56170BDA361FCE758370120A2
:1098B0004FCC0400065303002DCC04002C51012092
:1098C0009CCC040070CC0400FEC7040070B590F975
:1098D0000D200146002A437B314C10DA03F07F0350
:1098E000A042437309D12F4956232F4A2F4806F02F
:1098F000CDFB56212C4806F0C0FB08F0EBFE4B7B5D
:10990000A14263F07F034B7307D126494F23264AB8
:10991000264806F0BBFB4F21ECE7254C224652F8C7
:109920001C3F206A934207D1C1E9002001602162F7
:1099300011E09842F8D01B68002BF5D091F90E5039
:1099400093F90E60B542F4D0AE42F2DD5868C1E939
:10995000003001605960E569A368954200D005B9FF
:10996000E5688B4214D05BB91249D523124A0F48DF
:1099700006F08CFB114806F089FBD5210E48BAE7AA
:109980005A7BD20604D1DA897F2A01D9AA692AB181
:10999000AB4202D0284601F0E7F82B46A36170BD28
:1099A000583701204FCC04002DCC0400065303008F
:1099B0002C5101209CCC040070CC0400FEC7040094
:1099C00038B50446EFF31185202383F31288BFF3E3
:1099D0006F8F174801F054F968B98823154A164962
:1099E000164806F053FB1249154806F04FFB882134
:1099F000104806F042FB0E4801F066F92046FFF7DA
:109A0000FBFE0B4801F04AF968B940F23113094AEC
:109A10000C490A4806F03AFB05490B4806F036FBAC
:109A200040F23111E4E785F31188BFF36F8F38BD41
:109A300068510120D47E0400017F04000653030016
:109A4000167F04002C7F0400437F0400F8B56C4DA2
:109A50000446AE68864259D1EFF30583002B55D1F9
:109A6000EFF31187202383F31288BFF36F8F6548CC
:109A700001F006F960B98823634A6449644806F036
:109A800005FB6049634806F001FB88215E4813E04E
:109A90005C4801F019F9737B03F07F0343F0100376
:109AA00073735D4B9E4209D15C49594856235C4A09
:109AB00006F0ECFA56215A4806F0DFFA304608F074
:109AC00009FE2B4653F81C4F9C4200D004B9EC68A9
:109AD000AB689C4202D0204601F046F84948AC6190
:109AE00001F0DCF868B940F26B13474A4D49484829
:109AF00006F0CCFA43494C4806F0C8FA40F26B1124
:109B0000C4E73846BDE8F840FFF7EEBDEFF3118635
:109B1000202383F31288BFF36F8F3A4801F0B0F827
:109B20000028A8D0374801F0CFF8637BDA0612D5B9
:109B3000344801F0B3F800285DD140F23113324AC5
:109B40003849334806F0A2FA2E49374806F09EFA03
:109B500040F231119AE7D90943F010023ED1627305
:109B6000EF69324B9F4200D007B9EF68AB68BB4248
:109B700002D0384600F0F8FFAB68AF619C42D7D105
:109B8000EFF30585002DD3D1237BDB071FD51D48BF
:109B900001F084F80028D0D086F31188BFF36F8FCE
:109BA00085F31188BFF36F8F0423184602DFEFF3AC
:109BB0001186202383F31288BFF36F8F114801F0C1
:109BC0005FF800283FF457AF0E4801F07DF80D48CC
:109BD00001F064F8002886D0304693E703F07F0355
:109BE00043F0100363730C4B9C423FF45DAF20467F
:109BF00008F070FDB4E786F31188BFF36F8FF8BDEE
:109C00002C51012068510120D47E0400017F040002
:109C100006530300167F0400583701204FCC040080
:109C20002DCC04002C7F0400437F04004851012008
:109C300038B50446EFF31185202383F31288BFF370
:109C40006F8F184801F01CF868B98823164A174925
:109C5000174806F01BFA1349164806F017FA882130
:109C6000114806F00AFA0F4801F02EF8A36813B164
:109C70002046FFF7A5FD0B4801F010F868B940F247
:109C80003113094A0C490A4806F000FA05490B4805
:109C900006F0FCF940F23111E2E785F31188BFF3D9
:109CA0006F8F38BD68510120D47E0400017F04000D
:109CB00006530300167F04002C7F0400437F04003A
:109CC00038B50446EFF31185202383F31288BFF3E0
:109CD0006F8F1E4800F0D4FF68B988231C4A1D49C5
:109CE0001D4806F0D3F919491C4806F0CFF9882120
:109CF000174806F0C2F9154800F0E6FF637B13F041
:109D0000280F0BD1A36813B12046FFF759FD637BE1
:109D1000204623F004036373FFF76EFD0B4800F049
:109D2000BDFF68B940F23113094A0D490A4806F0EF
:109D3000ADF906490B4806F0A9F940F23111D7E711
:109D400085F31188BFF36F8F38BD00BF68510120C4
:109D5000D47E0400017F040006530300167F040034
:109D60002C7F0400437F04002DE9F047DFF800A1B9
:109D7000344D1746DDE90898DAF80820324BA8423E
:109D800004460E461A600BD13049314840F2722326
:109D9000304A06F07BF940F272212E4806F06DF948
:109DA000EFF31183202383F31288BFF36F8F2846CC
:109DB00000F066FF60B98823274A2849244806F046
:109DC00065F92946264806F061F988212248E5E729
:109DD000284600F079FFDAF808503946284608F09E
:109DE00081FCB8F1FF3F08BFB9F1FF3F06D04A46FA
:109DF00043461C4905F1180001F094F8204600F094
:109E00004DFF68B9184940F26B13134A104806F029
:109E10003DF92146154806F039F940F26B11D5E7B6
:109E2000084800F03BFF40B90F4940F26B130A4A63
:109E3000074806F02BF90349ECE73046BDE8F04748
:109E4000FFF752BC685101206C510120C3CC0400C3
:109E5000065303002DCC0400D47E0400017F0400CF
:109E6000167F0400352703002C7F0400437F040085
:109E70002C51012070B50546EFF31186202383F3A2
:109E80001288BFF36F8F1B4800F0FAFE68B9882371
:109E9000194A1A491A4806F0F9F81649194806F0FD
:109EA000F5F88821144806F0E8F8124800F00CFF95
:109EB0002C68A54215D014B12046FFF781FC0D484F
:109EC00000F0ECFE78B940F231130B4A0E490C4811
:109ED00006F0DCF807490D4806F0D8F840F23111D9
:109EE000E0E70024EBE786F31188BFF36F8F20468D
:109EF00070BD00BF68510120D47E0400017F0400C2
:109F000006530300167F04002C7F0400437F0400E7
:109F10002DE9F04104460D46EFF31187202383F32A
:109F20001288BFF36F8F584800F0AAFE60B98823EB
:109F3000564A5749574806F0A9F85349564806F07B
:109F4000A5F88821514818E04F4800F0BDFE637B1A
:109F500003F01F02002A0CBF012600265DD103F08A
:109F60007F0363734D4B9C4209D14D4949485623A9
:109F70004C4A06F08BF856214A4806F07EF8DFF886
:109F80003881204608F0A6FB4246637B6DB263F041
:109F90007F03A573637352F81C3F93423AD1D8F8FC
:109FA0002010C4E900210C60C8F820400FE099425D
:109FB000F7D01B68002BF4D093F90E008542F6D041
:109FC000A842F4DD5968C4E900310C605C60D8F83F
:109FD0001C40944200D00CB9D8F80C40D8F8083096
:109FE0009C4202D0204600F0BFFDC8F81840264829
:109FF00000F054FE00283FD140F23113234A2A4991
:10A00000244806F043F82049284806F03FF840F27B
:10A01000311197E7D8F82010CCE79B072AD5A16823
:10A0200041B923491B489923224A06F02FF8992168
:10A030002048A2E720466DB208F04CFBA5730B68E0
:10A04000994209D14B68C4E900131C604C60CEE70B
:10A050004A689342F6D01B68002BF3D093F90E2088
:10A060009542F5D0AA42F3DD5A68C4E90032146083
:10A070005C60BCE7A573BAE787F31188BFF36F8F05
:10A080003046BDE8F08100BF68510120D47E040055
:10A09000017F040006530300167F04005837012097
:10A0A0004FCC04002DCC04002C7F0400437F04001F
:10A0B000D0C80400A5C804002C51012070B5044686
:10A0C0000D46F9B9EFF30586E6B91A4B9A699B6814
:10A0D0009A4217D000F0E2FD78B940F26B13164AAD
:10A0E0001649174805F0D2FF2146164805F0CEFF65
:10A0F00040F26B11104805F0C0FF3046BDE87040DB
:10A10000FFF7F2BA204600F0C9FD68B940F23113FA
:10A11000094A0A490A4805F0B9FF2146094805F0ED
:10A12000B5FF40F23111E5E785F31188BFF36F8F7A
:10A1300070BD00BF2C510120D47E04002C7F040090
:10A1400006530300437F040038B50446EFF311853E
:10A15000202383F31288BFF36F8F1D4800F090FD1A
:10A1600068B988231B4A1C491C4805F08FFF184911
:10A170001B4805F08BFF8821164805F07EFF144828
:10A1800000F0A2FD637BDA0616D4114800F086FDCC
:10A1900068B940F231130F4A1249104805F076FFB2
:10A1A0000B49114805F072FF40F23111E4E785F3E5
:10A1B0001188BFF36F8F38BD23F0100320466373FF
:10A1C000FFF71AFB2946BDE838400148FFF776BF84
:10A1D00068510120D47E0400017F0400065303006F
:10A1E000167F04002C7F0400437F0400034648B917
:10A1F000EFF3058232B9064A91699268914201D023
:10A20000FFF772BA83F31188BFF36F8F704700BFF7
:10A210002C51012010B5EFF31184202383F3128811
:10A22000BFF36F8F264800F02BFD60B98823254AC5
:10A230002549264805F02AFF2149254805F026FF33
:10A240008821204810E01E4800F03EFDEFF3058312
:10A2500063B120498F23204A1C4805F017FF1F488F
:10A2600005F014FF8F211C4805F007FF1C4B9A686E
:10A27000D37B012B0AD11B499023174A134805F0C1
:10A2800005FF164805F002FF9021ECE7013BD37370
:10A290000B4800F003FD68B940F23113094A124936
:10A2A0000A4805F0F3FE0649104805F0EFFE40F2BB
:10A2B0003111C6E784F31188BFF36F8F10BD00BF63
:10A2C00068510120D47E0400017F0400065303007E
:10A2D000167F04008FC90400A5C80400FEC704004F
:10A2E0002C510120FCCC04002C7F0400437F04008F
:10A2F00070B5EFF31186202383F31288BFF36F8FBD
:10A30000374800F0BDFC60B98823364A36493748E3
:10A3100005F0BCFE3249364805F0B8FE88213148C8
:10A3200013E0344D2E4800F0CFFCAB68DA7B72B9F5
:10A33000314940F20D33314A2C4805F0A7FE304830
:10A3400005F0A4FE40F20D312C4805F096FEEFF327
:10A35000058161B12B4940F20E33284A234805F0AC
:10A3600095FE274805F092FE40F20E31ECE70132EF
:10A37000DA732A4652F81C4F944200D004B9EC68B4
:10A380005A7BD20604D1DA897F2A01D9A2692AB17F
:10A39000A34202D0204600F0E7FB23461048AB6101
:10A3A00000F07CFC68B940F231130E4A16490F48A0
:10A3B00005F06CFE0A49154805F068FE40F23111BF
:10A3C000ADE786F31188BFF36F8FEFF31180202381
:10A3D00083F31288BFF36F8FBDE87040FFF706BFAD
:10A3E00068510120D47E0400017F0400065303005D
:10A3F000167F04002C5101202DCD04002DCC04002B
:10A40000FEC704008FC904002C7F0400437F0400B2
:10A41000024B03F11C02C3E9072270472C510120B3
:10A4200070B5EFF3058373B1394940F22443394ADB
:10A43000394805F02BFE394805F028FE40F224414A
:10A44000344805F01AFEEFF31186202383F31288B7
:10A45000BFF36F8F324800F013FC60B98823314A94
:10A4600031492D4805F012FE2D49304805F00EFE09
:10A4700088212C48E5E72E4C294800F025FCA168EE
:10A48000206A0B68814214BF1A46002249680B609B
:10A490005960A368216A2AB9264AC3E900210B60E2
:10A4A00023620CE093F90E0092F90E50A84225D0D9
:10A4B000854223DD5168C3E900210B605360E569E3
:10A4C0001C4B9D4200D005B9E568A3689D4202D0AF
:10A4D000284600F049FB1248A56100F0DFFB88B96F
:10A4E00040F26B130F4A14490B4805F0CFFD0C499D
:10A4F000124805F0CBFD40F26B11BAE78A42CBD08F
:10A500001268C8E73046BDE87040FFF7EDB800BFFD
:10A510008FC904002DCC040006530300FEC70400BD
:10A5200068510120D47E0400017F0400167F0400DE
:10A530002C510120485101202C7F0400437F04004E
:10A540002DE9F04106460C46EFF3058777B1344913
:10A5500040F23C43334A344805F098FD334805F057
:10A5600095FD40F23C412F4805F087FD50EA01037C
:10A5700004D1FFF755FF0020BDE8F081EFF311880B
:10A58000202383F31288BFF36F8F294800F078FBF4
:10A5900060B98823274A2849234805F077FD2449D4
:10A5A000264805F073FD88212248DDE7244D204828
:10A5B00000F08AFBA868234B1860FFF7AFF8A86883
:10A5C000234632462049183000F0ACFCAA68044605
:10A5D000537B174843F00403537300F05FFB68B9E3
:10A5E00040F26B13134A19490F4805F04FFD10490B
:10A5F000174805F04BFD40F26B11D5E74046FFF7D9
:10A6000073F8AB68D3E90A23B3F1004F08BFBA422D
:10A61000B1D108F0CDF8201A20EAE070ACE700BF15
:10A620008FC904002DCC040006530300FEC70400AC
:10A6300068510120D47E0400017F0400167F0400CD
:10A640002C5101206C510120352703002C7F040080
:10A65000437F040070B504460E46EFF3058575B1DF
:10A660001A4940F266431A4A1A4805F00FFD1A4883
:10A6700005F00CFD40F26641154805F0FEFCFFF7C1
:10A680005FFFB6F1FF3F08BFB4F1FF3F024620462F
:10A6900016D047F6FF704FF47A7403462946C2FB82
:10A6A0000431B3F5004F71F100020AD36FF4004298
:10A6B0009A4243F6FF728A4105D3D80B40EA4140E3
:10A6C00070BD2846FCE76FF00040F9E78FC9040031
:10A6D0002DCC040006530300FEC7040038B5044621
:10A6E000EFF31185202383F31288BFF36F8F204887
:10A6F00000F0C6FA68B988231E4A1F491F4805F0B2
:10A70000C5FC1B491E4805F0C1FC8821194805F00D
:10A71000B4FC174800F0D8FA637B5B0710D504F14E
:10A72000180000F0E3FC637B204623F0040363730E
:10A73000FFF762F82946BDE838400D48FFF7BEBC78
:10A740000B4800F0ABFA68B940F23113094A0D49E1
:10A750000A4805F09BFC06490B4805F097FC40F2BF
:10A760003111D3E785F31188BFF36F8F38BD00BF78
:10A7700068510120D47E0400017F040006530300C9
:10A78000167F04002C7F0400437F0400014B98686F
:10A79000704700BF2C5101202DE9F8430446077B88
:10A7A000EFF31185202383F31288BFF36F8F7F4867
:10A7B00000F066FA68B988237D4A7E497E4805F034
:10A7C00065FC7A497D4805F061FC8821784805F0F0
:10A7D00054FC764800F078FA637B190717D5734864
:10A7E00000F05CFA68B940F23113714A744972485A
:10A7F00005F04CFC6D49734805F048FC40F23111FE
:10A80000E4E785F31188BFF36F8FBDE8F883D909BA
:10A8100043F0080240F086806273A36813B12046BB
:10A82000FEF7CEFF04F1180000F060FCA66D04F105
:10A830005808B04511D04FF0000976B13046FEF708
:10A84000BFFF06F1180000F051FC3046C6F8B0908A
:10A85000FEF7D2FFA66DB045EFD1DFF89081D8F8B2
:10A8600008309C4273D1EFF30589B9F1000918BF94
:10A870004FF00109D8F81C60534A964200D00EB937
:10A88000D8F80C60B34202D0304600F06DF9204693
:10A89000C8F81860F7F762F9204600F0A5FAB9F198
:10A8A000000F02D04948FEF70FFFD8F808309C424D
:10A8B00060D1EFF30586002E5CD1237BDA071FD52C
:10A8C0003A4800F0EBF900288DD085F31188BFF3EA
:10A8D0006F8F86F31188BFF36F8F0423184602DF52
:10A8E000EFF31185202383F31288BFF36F8F2F4876
:10A8F00000F0C6F900283FF45EAF2C4800F0E4F900
:10A900002A4800F0CBF928BB40F26B13284A2C49A7
:10A91000294805F0BBFB25492A4805F0B7FB40F262
:10A920006B1153E703F07F0343F008036373284B75
:10A930009C4208D127495623274A1F4805F0A6FB09
:10A940005621254843E7204607F0C4FE65E74FF04F
:10A9500000098FE72846FEF7C7FE20494FF4DD7354
:10A960001D4A154805F092FB1D4805F08FFB4FF47A
:10A97000DD71E6E70D4800F091F900283FF433AFB0
:10A9800085F31188BFF36F8FFB077FF53EAF40F271
:10A990003D53114A1349084805F078FB21461248F7
:10A9A00005F074FB40F23D51CBE700BF6851012038
:10A9B000D47E0400017F040006530300167F0400C8
:10A9C0002C7F0400437F04004851012048390120B6
:10A9D000583701204FCC04002DCC04005ECD04007C
:10A9E00069CD04008BCD040096CD04002C510120CC
:10A9F0002DE9F843064688461746EFF311892023D0
:10AA000083F31288BFF36F8F214800F039F90546B0
:10AA100068B988231F4A2049204805F037FB1C49A4
:10AA20001F4805F033FB88211A4805F026FB18481B
:10AA300000F04AF93468A6421FD004B32046C4F897
:10AA4000B0802761FEF7BCFE04F1180000F04EFB59
:10AA50002046FEF7D1FE0E4800F020F988B940F2FA
:10AA600031130C4A0F490D4805F010FB08490E48F8
:10AA700005F00CFB40F23111D6E70025EBE7254647
:10AA8000E9E789F31188BFF36F8F2846BDE8F883A3
:10AA900068510120D47E0400017F040006530300A6
:10AAA000167F04002C7F0400437F0400D3B5DDE94A
:10AAB0000667089CCDE90067FFF756F91CB1034B08
:10AAC0009B681B69236002B0D0BD00BF2C510120E0
:10AAD00008B568B10F4B98420AD303F118029042AF
:10AAE00006D21822C01AB0FBF2F302FB13034BB1DB
:10AAF00009490A4838230A4A05F0C8FA38210848A3
:10AB000005F0BBFA0122074BC0105843064B1A54FC
:10AB100008BD00BF403A0120DCCD0400065303000D
:10AB2000B4CD0400ABAAAAAA08680120C3897F2B70
:10AB300012D80A4B1B6863B1094B90F90E201B68B1
:10AB40009A4209DB437BDB0606D1064BC31A18BFCA
:10AB5000012303F0010070470023FAE760E80020BA
:10AB6000705101205837012070B50E4B0E4C1E7CE1
:10AB7000054606EB460304EBC304204600F0B6FA94
:10AB800000220A4B28469A55FFF7D0FF48B1084BE0
:10AB90002046BDE870401A680649013AD31700F014
:10ABA000C1B970BD2C510120403A01200868012034
:10ABB00060E80020D1AA020038B5EFF31185202308
:10ABC00083F31288BFF36F8F234800F059F868B9F8
:10ABD0008823224A2249234805F058FA1E49224870
:10ABE00005F054FA88211D4805F047FA1A4800F08C
:10ABF0006BF81E4B1E4A9C681068A04213D1FFF7E9
:10AC0000B3FF154800F04AF808BB40F23113134A6D
:10AC10001849144805F03AFA0F49174805F036FA72
:10AC200040F23111DFE700211B7C1160134AD35C35
:10AC3000002BE6D02046FFF779FF0028E1D0637BA8
:10AC4000DB0602D12046FEF741FE2046D7E785F31A
:10AC50001188BFF36F8F38BD68510120D47E040086
:10AC6000017F040006530300167F04002C510120CD
:10AC70006C5101202C7F0400437F040008680120F0
:10AC8000006838B1044B00F003001B7CC01A18BFE9
:10AC900001207047012070472C51012000230268D9
:10ACA0000360EFF30581074B19B19968497BC90728
:10ACB00006D4197C98680843831A58425841704753
:10ACC000012070472C510120024B1A7C9B681343D2
:10ACD000036070472C5101202DE9F8430F46904640
:10ACE000064660B935492E23354A364805F0CEF977
:10ACF000354805F0CBF92E21314805F0BEF9EFF3C8
:10AD00001185202383F31288BFF36F8F2F48FFF73D
:10AD1000B7FF60B988232E4A2E492A4805F0B6F9B4
:10AD20002A492D4805F0B2F988212948E5E7274846
:10AD3000FFF7CAFF294B5C6A84B3B8F1000F38D023
:10AD40004FF02009DFF884804046FFF7A7FF68B97D
:10AD500040F231131E4A22491A4805F097F91B495F
:10AD6000204805F093F940F23111DEE785F31188B0
:10AD7000BFF36F8F39462046B047EFF3118589F353
:10AD80001288BFF36F8F4046FFF77AFF0028C1D0CB
:10AD90004046FFF799FF646F002CD5D10B48FFF7B1
:10ADA0007DFF0028D4D085F31188BFF36F8FBDE8F5
:10ADB000F88320463946B047646FBDE7B8CF04003A
:10ADC0008DCF040006530300CFCF0400745101203F
:10ADD000D47E0400017F0400167F04002C51012062
:10ADE0002C7F0400437F040038B50446EFF311853F
:10ADF000202383F31288BFF36F8F1D48FFF740FFB6
:10AE000068B988231B4A1C491C4805F03FF91849BA
:10AE10001B4805F03BF98821164805F02EF9144827
:10AE2000FFF752FF174A536AA34214D15B6F536274
:10AE30000F48FFF733FFB0B940F231130D4A124902
:10AE40000E4805F023F90A49104805F01FF940F2B1
:10AE50003111E1E71346002BEAD05A6FA242F9D133
:10AE6000626F5A67E4E785F31188BFF36F8F38BDCF
:10AE700074510120D47E0400017F040006530300B6
:10AE8000167F04002C5101202C7F0400437F040016
:10AE9000074808B5074A0849121A07F03CFBBDE805
:10AEA00008400648064A0749121A07F034BB00BF9B
:10AEB00040DB0020E0EE00203CD6040028DB002030
:10AEC00040DB002024D60400024B1868984208BFDB
:10AED0000020704764E80020034B1B680BB9F8F7AB
:10AEE00081BD0020704700BF7851012030B570B19E
:10AEF0000B4B5B6898420AD0036843B1D3E9042145
:10AF0000D0E90445121941EB0501C3E90421D0E958
:10AF1000003213605A600023C0E9003330BD00BF27
:10AF200064E80020B3F1FF3F08BFB2F1FF3F2DE915
:10AF3000F74F044690469B4615461F4600F0B880E2
:10AF4000D0F80090B9F1000F0CD05B4972235B4A36
:10AF50005B4805F09BF85B4805F098F8722157486C
:10AF600005F08BF88160EFF311830193202383F3C5
:10AF70001288BFF36F8F5448FFF782FE824660B994
:10AF80008823524A52494E4805F080F84E495148AC
:10AF900005F07CF888214D48E2E74B48FFF794FE26
:10AFA000B8F1FF3F7BF1FF334B4A1FDBFFF794FF04
:10AFB000064601354BF1000B474A2D184BEBE07369
:10AFC000D2E90017C4E904536D1843EB0707FFF7F4
:10AFD0007BFF0346DFF810E1DEF80490F3B9C4E923
:10AFE00000E9C9F80040CEF8044029E06FF0010301
:10AFF000D2E900125B1A4FF0FF3161EB0202B3EBB2
:10B00000080362EB0B02012B72F10001BCBF0123AC
:10B010004A464FF0000AC4E90432D8E7D3E9041CD9
:10B02000D4E904208A4270EB0C0B2EDA891A5A6894
:10B030006CEB0000C3E90410C4E9003214605C60EA
:10B04000FFF742FF84420ED1244B1B685BB9BAF173
:10B05000000F02D1FFF740FF0646304607F091FB94
:10B060000021F8F799FC1848FFF718FEB0B940F234
:10B070003113164A1A49124805F008F812491948BE
:10B0800005F004F840F2311185E7521A60EB0C002C
:10B090009945C4E90420A2D01B689FE7019B83F374
:10B0A0001188BFF36F8F2846394603B0BDE8F08F93
:10B0B00000252F46F7E700BF0DD00400E9CF0400BC
:10B0C00006530300FEC704007C510120D47E040017
:10B0D000017F0400167F0400583A012078510120B6
:10B0E0002C7F0400437F040064E8002070B5044610
:10B0F000EFF31186202383F31288BFF36F8F234869
:10B10000FFF7BEFD68B98823214A2249224804F08E
:10B11000BDFF1E49214804F0B9FF88211C4804F0F6
:10B12000ACFF1A48FFF7D0FD236833B3FFF7CCFE1E
:10B1300005462046FFF7DAFE00224FF00043A54205
:10B14000C4E9042306D1FFF7C7FE07F01AFB00216C
:10B15000F8F722FC00240D48FFF7A0FD80B940F26B
:10B1600031130B4A0E490C4804F090FF07490D4873
:10B1700004F08CFF40F23111D0E76FF01504EAE7DC
:10B1800086F31188BFF36F8F204670BD7C5101207C
:10B19000D47E0400017F040006530300167F0400E0
:10B1A0002C7F0400437F04002DE9F04D0446EFF3AB
:10B1B0001186202383F31288BFF36F8F4348FFF774
:10B1C0005FFD68B98823424A4249434804F05EFF64
:10B1D0003E49424804F05AFF88213D4804F04DFFA3
:10B1E000DFF808813948FFF76FFDC8F80040FFF726
:10B1F0006BFE4FF0000A04464FF0000B384FD8F8B2
:10B200000030D7E9001CD81754B1D4E90452AB423E
:10B2100070EB020E1EDAED1A62EB0002C4E9045272
:10B2200000245B184CEB0000C7E900302046C8F84A
:10B23000004007F0A6FA2146F8F7AEFB2348FFF7D7
:10B240002DFDA8B186F31188BFF36F8FBDE8F04DD7
:10B25000FFF7B2BC69184CEBE5732046C4E904ABB8
:10B26000C7E90013FFF742FE1848FFF717FD68B95A
:10B2700040F23113164A1B49174804F007FF1349DF
:10B28000194804F003FF40F23111A6E786F3118854
:10B29000BFF36F8F2046A3689847EFF311862023F2
:10B2A00083F31288BFF36F8F0848FFF7E9FC00288B
:10B2B00088D00648FFF708FDD8F800305B1BC8F8B7
:10B2C0000030FFF701FE044699E700BF7C510120E2
:10B2D000D47E0400017F040006530300167F04009F
:10B2E000583A01202C7F0400437F0400785101204C
:10B2F00070B5EFF31186202383F31288BFF36F8FAD
:10B300001A48FFF7BDFC68B98823194A19491A4839
:10B3100004F0BCFE1549194804F0B8FE8821144811
:10B3200004F0ABFE1148FFF7CFFCFFF7D5FD144A40
:10B33000D2E90045041945EBE0750C48FFF7AEFC77
:10B3400068B940F231130A4A0E490B4804F09EFED8
:10B3500006490D4804F09AFE40F23111DFE786F30A
:10B360001188BFF36F8F2046294670BD7C510120A4
:10B37000D47E0400017F040006530300167F0400FE
:10B38000583A01202C7F0400437F0400F8B504469E
:10B39000EFF31187202383F31288BFF36F8F4F4899
:10B3A000FFF76EFC68B988234D4A4E494E4804F0B9
:10B3B0006DFE4A494D4804F069FE8821484804F072
:10B3C0005CFE4648FFF780FC226892B14348FFF7D5
:10B3D00065FC00287DD140F23113414A444942487E
:10B3E00004F054FE3D49434804F050FE40F2311150
:10B3F000E4E7D4E90A36581C46F10001022871F14D
:10B40000000127D3012B76F10001BCBF01231646B2
:10B410005D1E46F1FF3607F0CFF9013041F1000122
:10B42000401946EB0101012871F100014CDB07F0E6
:10B43000C3F9013041F100016FF00102401946EB00
:10B4400001034FF0FF31121A61EB030320462A4932
:10B45000FFF768FD236B01332363236AD3B11F48D1
:10B46000FFF71CFC0028B6D087F31188BFF36F8F5D
:10B470002046236A9847EFF31187202383F312882D
:10B48000BFF36F8F1548FFF7FBFB00288BD01348E5
:10B49000FFF71AFC54F8185FA54297D0002D95D0FD
:10B4A0002846FEF7C5FB00230C48C5F8B030FFF76F
:10B4B000F5FB00288FD087F31188BFF36F8F2846E4
:10B4C000BDE8F840FEF77CBA6FF001024FF0FF33A1
:10B4D000BCE787F31188BFF36F8FF8BD805101205F
:10B4E000D47E0400017F040006530300167F04008D
:10B4F0002C7F0400437F04008DB302002DE9F84344
:10B50000064614461D4691469846EFF311872023C0
:10B5100083F31288BFF36F8F2848FFF7B1FB68B938
:10B520008823274A2749284804F0B0FD23492748A3
:10B5300004F0ACFD8821224804F09FFD1F48FFF76E
:10B54000C3FBB5F1FF3F08BFB4F1FF3F11D11B486A
:10B55000FFF7A4FB60BB40F23113194A1C491A489B
:10B5600004F094FD15491B4804F090FD40F23111A0
:10B57000E1E7631C75F1FF330ADB012C75F1000371
:10B580002246BCBF0122002512F1FF3945F1FF38E8
:10B590003046FFF7ABFDDDE90823C6E90A230023A7
:10B5A0004A463363304643460B49FFF7BBFCCEE7C0
:10B5B00087F31188BFF36F8FBDE8F88380510120B6
:10B5C000D47E0400017F040006530300167F0400AC
:10B5D0002C7F0400437F04008DB302002DE9F74F58
:10B5E00000261546044637464FF0200AB146DFF8DC
:10B5F000108200910193009B9E4203DB384603B00A
:10B60000BDE8F08FEFF3118B8AF31288BFF36F8FD1
:10B610004046FFF735FB60B98823764A764977487C
:10B6200004F034FD7649774804F030FD88217148F4
:10B6300072E04046FFF748FB637B03F03F03102BAB
:10B640005CD8DFE803F03148095B2D5B5B5B4E5B48
:10B650005B5B5B5B5B5B540023699B6823B30223EA
:10B66000E268C4F80890C2F386310B4363F3943266
:10B67000E26085F800904046FFF710FB1434002884
:10B6800040F0B18040F231135A4A5F495B4804F000
:10B69000FDFC5B495D4804F0F9FC40F23111C6E75E
:10B6A00023691B68002B39D1019B002BE3D12B7838
:10B6B000002BE0D0637B03F03F03102B00F2888067
:10B6C000DFE803F040542E864386868664868686AD
:10B6D00086868686750023699B68002BE4D001234B
:10B6E000BEE723695B6A002BDED01023B8E723692D
:10B6F000DA895B899A42D7D02023B1E76723444A8D
:10B7000044493E4804F0C2FC617B434801F03F01DC
:10B7100004F0BCFC67213E4804F0AFFC04239FE723
:10B72000206950B93D499123394A344804F0AEFCB0
:10B730003B4804F0ABFC9121EDE72A46214610304E
:10B7400007F0A9F8A560013795E7206950B9354998
:10B7500095232F4A294804F099FC334804F096FCBD
:10B760009521D8E72A4621461430E9E7206950B9E7
:10B770002E499923264A214804F088FC2C4804F0DD
:10B7800085FC9921C7E72A462146D9E7206950B9A7
:10B7900028499D231E4A194804F078FC264804F0E5
:10B7A00075FC9D21B7E72A4621462830C8E7206965
:10B7B00050B92249A123164A104804F067FC2048DA
:10B7C00004F064FCA121A6E72A4621463030B7E701
:10B7D0001049A8230E4A094804F058FC194804F0FF
:10B7E00055FCA82197E78BF31188BFF36F8F0136C3
:10B7F00001E700BFD47E0400017F0400065303006C
:10B8000084510120167F04002C7F0400437F040034
:10B810002DD004002EBB04004ED004006BD00400D9
:10B8200085D004009AD00400B6D00400C7D004002C
:10B83000E4D00400FBD0040016D104002FD1040092
:10B840004AD104005AD104002DE9F84314231546C7
:10B850000C4600264FF0200803FB0100554F0CB9A1
:10B86000BDE8F88310F8073CA0F1140903F03F038A
:10B8700040F80C6C102B55D8DFE803F06829095408
:10B880001A5454543854545454545454460050F890
:10B89000043C002B51D14849B823484A484804F099
:10B8A000F5FB484804F0F2FBB821444804F0E5FBFE
:10B8B00050F8043C002B40D14349BC233F4A404848
:10B8C00004F0E4FB414804F0E1FBBC21EDE750F853
:10B8D000043C002B31D13E49C023384A384804F09B
:10B8E000D5FB3C4804F0D2FBC021DEE750F8043C15
:10B8F0001BBB3949C423314A314804F0C7FB3748E0
:10B9000004F0C4FBC421D0E750F8043CABB934497F
:10B91000C8232A4A2A4804F0B9FB324804F0B6FB8F
:10B92000C821C2E73049CF23244A254804F0AEFBA2
:10B930002E4804F0ABFBCF21B7E750F8143C2BB1F5
:10B9400050F8102C13605A6040E905663846FFF73E
:10B95000A5F970B940F23113254A2649184804F078
:10B9600095FB1449244804F091FB40F23111204822
:10B970009CE785F31188BFF36F8FEFF3118588F390
:10B980001288BFF36F8F3846FFF77AF9013C58B938
:10B990008823174A19490A4804F078FB05491848D2
:10B9A00004F074FB8821E2E73846FFF78DF948463A
:10B9B00055E700BF845101206BD004002DD0040056
:10B9C0000653030085D004009AD00400B6D00400CA
:10B9D000C7D00400E4D00400FBD0040016D104005A
:10B9E0002FD104004AD104002EBB04005AD1040018
:10B9F000D47E04002C7F0400437F0400017F0400F8
:10BA0000167F040008B562B117492E23174A18485B
:10BA100004F03CFB174804F039FB2E21134804F0D6
:10BA20002CFB3F290AD914493023104A104804F04E
:10BA30002DFB124804F02AFB3021EFE753B91049DF
:10BA400031230A4A0A4804F021FB0E4804F01EFB89
:10BA50003121E3E782600902027B01F47C5111434A
:10BA6000C0E9031308BD00BF70D104002DD004004D
:10BA70000653030090D10400B6D10400DAD10400CB
:10BA8000EAD10400FDD104002DE9F04F1E465E4BC3
:10BA900017469C680123054685B004F1600284F8CE
:10BAA000603084F86130EFF3058BBBF1000F0ED0EE
:10BAB000564940F22913564A564804F0E7FA5648C8
:10BAC00004F0E4FA40F22911514804F0D6FA60B9C2
:10BAD00052494FF495734E4A4E4804F0D7FA5048F5
:10BAE00004F0D4FA4FF49571EEE700290CDA4D49D1
:10BAF00040F22B13464A474804F0C8FA4A4804F07B
:10BB0000C5FA40F22B11DFE757EA06030CBF012309
:10BB10000023FFF763FD8046EFF311894FF0200A01
:10BB20008AF31288BFF36F8F4048FFF7A9F860B916
:10BB300088233F4A3F49374804F0A8FA3B493E482A
:10BB400004F0A4FA88213A48BFE73848FFF7BCF868
:10BB500094F860300BBB4A46414628460393FFF7F2
:10BB600073FE3248FFF79AF8039B68B940F231132D
:10BB70002F4A3249274804F089FA2C49304804F00A
:10BB800085FA40F23111DEE789F31188BFF36F8F38
:10BB90001C46204605B0BDE8F08F57EA060384F83E
:10BBA00060B00BD12148FFF779F80028DED089F387
:10BBB0001188BFF36F8F6FF00A04EAE74946CDE9B9
:10BBC0000076204A1948FEF7CFF80446EFF31186B5
:10BBD0008AF31288BFF36F8F1448FFF751F80028DB
:10BBE000A6D01248FFF770F8284632464146FFF7C4
:10BBF0002BFE0E48FFF752F80028B7D086F31188C5
:10BC0000BFF36F8FC5E700BF2C5101208FC904001F
:10BC10002DD0040006530300FEC7040017D2040011
:10BC20002DD204003CD204004CD2040084510120E7
:10BC3000D47E0400017F0400167F04002C7F0400E2
:10BC4000437F04006CE80020F8B505460E46EFF38C
:10BC50001187202383F31288BFF36F8F1F48FFF7EC
:10BC60000FF868B988231E4A1E491F4804F00EFACF
:10BC70001A491E4804F00AFA8821194804F0FDF90F
:10BC80001648FFF721F82C68A5421CD0D4E90032F1
:10BC900013605A60002331462046C4E9003306F0A1
:10BCA00024FE0E48FEF7FAFF78B940F231130C4A31
:10BCB0000F490D4804F0EAF908490E4804F0E6F986
:10BCC00040F23111D9E70024EBE787F31188BFF385
:10BCD0006F8F201E18BF0120F8BD00BF84510120C6
:10BCE000D47E0400017F040006530300167F040085
:10BCF0002C7F0400437F040070B504460D46EFF32B
:10BD00001186202383F31288BFF36F8F2148FEF73B
:10BD1000B7FF68B98823204A2049214804F0B6F9C2
:10BD20001C49204804F0B2F988211B4804F0A5F909
:10BD30001848FEF7C9FF01212068E5608442A16030
:10BD400011D11448FEF7AAFFE8B940F23113124AA4
:10BD50001549134804F09AF90E49144804F096F96D
:10BD600040F23111E1E7D0E9003213605A6000235C
:10BD7000C0E9003306F0B9FD314604460548FEF738
:10BD80009DF9204670BD86F31188BFF36F8F0024A4
:10BD9000F7E700BF84510120D47E0400017F040036
:10BDA00006530300167F04002C7F0400437F040029
:10BDB0002DE9F84F4F1E0F4206460D469A460BD00E
:10BDC0002F4917232F4A304804F060F92F4804F018
:10BDD0005DF917212B481CE0141D4DD241F0040BD6
:10BDE00000F11408EFF31189202383F31288BFF3C5
:10BDF0006F8F4046FEF744FF68B98823244A2549DF
:10BE0000214804F043F94146234804F03FF98821D2
:10BE10001F4804F032F94046FEF756FF22465946C5
:10BE20003046D04704464046FEF738FF68B940F236
:10BE30003113174A1949144804F028F941461848A3
:10BE400004F024F940F23111E2E789F31188BFF3DD
:10BE50006F8F8CB144F8046B7DB13C420DD034231C
:10BE6000084A1049084804F011F921462A460E48AC
:10BE700004F00CF93421ADE700242046BDE8F88F2A
:10BE80007DD2040059D204000653030098D2040066
:10BE9000D47E0400017F0400167F04002C7F040080
:10BEA000437F0400B5D20400E7D204002DE9F0413D
:10BEB00005460E46174606F0F4FB30B9074B9B6863
:10BEC000D3F8A84014B9BDE8F081054C3B46324692
:10BED00029462046BDE8F041FFF76ABF2C510120FA
:10BEE00000EC002002460021014B0248FFF760BF32
:10BEF00013FE020000EC0020014BC0F8A830704790
:10BF000000EC00200146024A0020FFF7CFBF00BF2F
:10BF100013FE020007B5074B4FF400720093064969
:10BF20004FF0FF330548FDF701F9002003B05DF83D
:10BF300004FB00BFE450030050CB0220603A012014
:10BF40000EB403B503AB0146054853F8042B006853
:10BF5000019300F095F902B05DF804EB03B070476F
:10BF600074E800202DE9F0414C4A0C460023D0E94A
:10BF70000001DCF7EDFD002A4FF4616100F52F2090
:10BF8000B7BF02F5A83200F66C2000F66B2002F570
:10BF9000C072B2FBF1F301FB13223C21A360B2FBA0
:10BFA000F1F301FB13223E496360C31C22600722A8
:10BFB00093FBF2F2C2EBC2029B1A55D50733A36181
:10BFC000A0F50E33A3F52C7393FBF1F1354B40F242
:10BFD000B45C40F26D17642603FB010048F6AC63C5
:10BFE0004FF00508B0FBF3F3B0FBFCF203449B1ADF
:10BFF0002D4AB0FBF2F29B1AB3FBF7F2B3FBFCF352
:10C00000B2FBF6F5EB1A0344992007FB123303EB5E
:10C01000830703F1010E0237B7FBF0FC00FB0CF0C5
:10C020000230B0FBF8F0AEEB000040F2F95E77456D
:10C030008CBF6FF00907022767444FF4C87C0CFBE4
:10C040000121012F98BF0131B3F5997F12D3A3F5D8
:10C050009973A1F26C71E3610023E06020462362D2
:10C06000C4E90471BDE8F0810028A361A8DB90FB5E
:10C07000F1F1ABE712F0030F02D106FB15255DB914
:10C080004FF4C875B2FBF5F605FB1622B2FA82F240
:10C0900052093B331344DCE70122FAE780510100E7
:10C0A000B13A02004FC5FDFFB03A0200024B014613
:10C0B000186800F08BB800BF74E80020034B10B57F
:10C0C0000446196800F04EF8204610BD74E80020C0
:10C0D00038B50546002941D051F8043C0C1F002B0F
:10C0E000B8BFE41801F0C6FD1D4A136833B9636098
:10C0F00014602846BDE8384001F0C2BDA34208D90B
:10C10000206821188B4201BF19685B6809182160FB
:10C11000EDE71A465B680BB1A342FAD911685018D3
:10C12000A0420BD120680144501811608342E0D135
:10C1300018685B68084453601060DAE702D90C2382
:10C140002B60D6E7206821188B4202BF19685B6814
:10C150000918636008BF21605460CAE738BD00BF9A
:10C16000B451012070B5164C054608460E4601F044
:10C1700081FD236843B10021304600F01DFF421CC1
:10C1800003461CBF2268831A0E4A1168002291B927
:10C190000D4C30462E4623609B1A2262E36101F06B
:10C1A0006FFD0FCC0FC60FCC0FC694E8030086E8D6
:10C1B0000300284670BD086849680244E7E700BFED
:10C1C000B0510120B451012088510120F8B5CD1C97
:10C1D000064625F0030508350C2D38BF0C25002D2B
:10C1E00001DBA94203D90C2333600020F8BD01F024
:10C1F00041FD21490A6814469CB9204F3B6823B988
:10C200002146304600F0D8FE38602946304600F01E
:10C21000D3FE431C23D10C233046336001F030FDA4
:10C22000E3E723685B1B17D40B2B03D923601C4463
:10C23000256004E06368A2420CBF0B605360304687
:10C2400001F01EFD04F10B00231D20F00700C21AAF
:10C250001CBF1B1AA350C9E722466468CCE7C41C64
:10C2600024F00304A042E3D0211A304600F0A4FEDB
:10C270000130DDD1CFE700BFB4510120B051012022
:10C280002DE9F04F0D469DB014469846064618B16C
:10C2900083690BB901F0EAF9874B9D421BD17568A0
:10C2A0006B6ED90705D4AB899A0502D4A86DF5F752
:10C2B000CFFFAB891B0701D52B69EBB92946304667
:10C2C00001F0DAF8C0B16B6EDC070ED54FF0FF302D
:10C2D0001DB0BDE8F08F794B9D4201D1B568DFE715
:10C2E000774B9D4208BFF568DAE7AB899805EDD436
:10C2F000A86DF5F7C9FFE9E70023CDF80C804FF0F2
:10C300000109DFF8C081099320238DF829303023FB
:10C310008DF82A3023469A4613F8012B0AB1252AB4
:10C32000F9D1BAEB040B0BD05B46224629463046C6
:10C3300006F0ABFB013000F0A680099A5A4409923E
:10C340009AF80030002B00F09E8000234FF0FF325F
:10C350000AF1010A049307938DF853301A93CDE93B
:10C36000052354460522574814F8011B06F029FB03
:10C37000049BD0B9D90644BF20228DF853201A0758
:10C3800044BF2B228DF853209AF800202A2A14D07B
:10C39000079A544600204FF00A0C214611F8013B41
:10C3A000303B092B4AD970B914E0A0EB0800A24633
:10C3B00009FA00F018430490D3E7039A111D12689C
:10C3C000002A039101DB079204E0524243F002038A
:10C3D0000792049323782E2B0AD163782A2B32D12B
:10C3E000039B02341A1D1B6843EAE373039205930F
:10C3F000DFF8E0A003222178504606F0E2FA38B1D7
:10C40000A0EB0A004022049B0134824013430493B2
:10C4100014F8011B06222C488DF8281006F0D1FADA
:10C4200000283FD0294B1BBB039B073323F0070396
:10C4300008330393099B3B4409936BE70CFB0232DF
:10C440000C460120A9E7002301344FF00A0C1946DD
:10C450000593204610F8012B303A092A03D9002B06
:10C46000C6D00591C4E70CFB012104460123F0E787
:10C4700003AB2A4604A930460093154B00F02CF874
:10C480000746781CD6D16B6ED90705D4AB899A05BF
:10C4900002D4A86DF5F7F8FEAB895B063FF516AF41
:10C4A000099815E703AB2A4604A930460093084BC8
:10C4B00000F046FAE4E700BF58510300385103008A
:10C4C0001851030019D4040023D40400D9C4020075
:10C4D0008B2A03001FD404002DE9F04F8DB00C46C9
:10C4E00016461F46DDF85880054601F06DFB0368CF
:10C4F00018460493DCF7BEFB002305900A93D8F896
:10C50000003094F818A00733D4F800B023F00703E4
:10C5100003F10802C8F800204FF0FF32D3E9008988
:10C5200029F00043CDF8188007939C4BDDE9060104
:10C53000C4E91289DCF75EFA70BB4FF0FF32974B0B
:10C54000DDE90601DCF738FA30BB00220023404663
:10C550004946DCF727FA10B12D2384F84330904A7E
:10C56000904BBAF1470F94BF9046984603234FF083
:10C57000000923612BF00403236033460BAA2146F4
:10C580002846009706F034FB013040F096804FF0CB
:10C59000FF300DB0BDE8F08F42464B46404649465D
:10C5A000DCF728FA40B14B467F4A002BBCBF2D2355
:10C5B00084F843307D4BD4E763685A1C26D10623A8
:10C5C00063604BF4806200232846226003930AAB29
:10C5D000CDE901A309AB49EC108B00930DF12303C6
:10C5E000616806F064FABAF1670F8046099915D1BF
:10C5F000CB1C3BDB6368994238DC0A9B994255DBD4
:10C6000023682161D80745D54B1C42E00AF0DF02C0
:10C61000472AD6D1002BD4D10123D1E7BAF1470F55
:10C6200007D1C81C25DB63688B4222DB4FF0670A09
:10C63000E3E7BAF1650F1FD80139524604F1500003
:10C64000099106F09CFA0A9A81461318012A23617F
:10C6500002DC2268D20701D5013323619DF8233023
:10C66000002B8AD02D2384F8433086E74FF0650AEB
:10C67000E2E74FF0450ADFE7BAF1660FBDD10029C6
:10C6800063680BDD216113B92268D00702D501333D
:10C690000B4423614FF00009A165DFE713B922685D
:10C6A000D20701D50233F4E70123F2E70029D4BF12
:10C6B000C1F1020201221344EBE723685A0507D4B3
:10C6C0002369424631462846B84701302BD15EE700
:10C6D000BAF1650F40F2DD8000220023D4E9120197
:10C6E000DCF756F9002833D00123314A3146284679
:10C6F000B84701303FF44BAFDDE90938434502DB71
:10C700002368D8070FD531462846DDE90423B8470A
:10C7100001303FF43CAF4FF0000908F1FF3804F15D
:10C720001A0AC84509DC23689B0700F10381E06809
:10C730000B9B9842B8BF18462BE70123524631465F
:10C740002846B84701303FF422AF09F10109E8E774
:10C75000099B002B39DC0123154A31462846B8478E
:10C7600001303FF414AFDDE9093959EA030302D17E
:10C770002368D907D7D531462846DDE90423B847D1
:10C7800001303FF404AF4FF0000A04F11A0B099B8B
:10C790005B4253450EDC4B4693E700BFFFFFEF7F44
:10C7A0002AD40400548F04002ED4040032D4040090
:10C7B0002EBB040001235A4631462846B8470130B3
:10C7C0003FF4E5AE0AF1010AE1E7A36DDDF828A028
:10C7D0005345A8BF5346002B994636DC4FF0000B5B
:10C7E00029EAE97904F11A02A36D0693A3EB090380
:10C7F0005B4531DC099B9A453ADC2368DA0737D47C
:10C80000099BAAEB0309069BAAEB03039945A8BF62
:10C810009946B9F1000F33DC4FF0000829EAE979B5
:10C8200004F11A0B099BAAEB0303A3EB090343458D
:10C830007FF779AF01235A4631462846B847013081
:10C840003FF4A5AE08F10108ECE742463146284620
:10C85000B8470130C2D19AE60123314628460692F4
:10C86000B84701303FF493AE0BF1010B069ABBE7DA
:10C87000DDE9042331462846B8470130C0D186E6B9
:10C88000069A4B46314628464244B8470130C3D148
:10C890007DE6DDF828A0BAF1010F01DCDB0736D513
:10C8A0000123424631462846B84701303FF46FAE77
:10C8B00031462846DDE90423B84701303FF467AE2E
:10C8C000002200230AF1FF3AD4E91201DCF760F8F4
:10C8D000C0B9534608F1010231462846B847013035
:10C8E0000CD154E601235A4631462846B847013058
:10C8F0003FF44DAE08F10108D045F3DB4B4604F19F
:10C900005002DFE64FF0000804F11A0BF4E70123B0
:10C910004246E1E701234A4631462846B8470130FE
:10C920003FF435AE08F10108E3680B995B1A434503
:10C93000F0DCFCE64FF0000804F11909F4E700BF51
:10C940002DE9FF470F7E914680460C46782F9A4688
:10C950000C9D01F1430207D8622F0AD8002F00F086
:10C96000E080582F00F0BB8004F1420684F842704A
:10C970003AE0A7F16303152BF6D801A151F823F093
:10C98000D9C90200EDC9020069C9020069C90200E3
:10C9900069C9020069C90200EDC9020069C9020043
:10C9A00069C9020069C9020069C9020009CB020015
:10C9B0007DCA0200BFCA020069C9020069C902003B
:10C9C0002BCB020069C902007DCA020069C90200BE
:10C9D00069C90200C7CA02002B6804F142061A1D89
:10C9E0001B682A6084F842300123ABE02368296881
:10C9F0001F0601F10400286001D50D6803E05E0602
:10CA0000FBD5B1F90050002D61687ADA2D2000299C
:10CA1000A16084F843002DDA6D425E480A23164671
:10CA2000B5FBF3F103FB1157C75D06F8017D2F46F7
:10CA30000D46BB42F4D9082B0BD12368DF0708D57C
:10CA4000236961689942DEBF302306F8013C06F194
:10CA5000FF36921B22614B4603AA21464046CDF881
:10CA600000A006F0C5F8013071D14FF0FF3004B0DE
:10CA7000BDE8F08723F004032360CDE72B6820682E
:10CA8000191D2960050601D51D6802E04106FBD588
:10CA90001D886F2F3F4814BF0A230823002184F804
:10CAA00043106668002EA660B9DB216821F00401FE
:10CAB0002160002DB3D1002EB1D11646BBE723680B
:10CAC00043F0200323607827334884F845702968B1
:10CAD00023680E1D2E601E0603D50D6804E02D4848
:10CAE000F3E75D06F9D50D88D90744BF43F020036D
:10CAF00023600DB11023D1E7236823F020032360C6
:10CB0000F8E724480A23CCE72B682668181D6169DA
:10CB1000286035061B6801D5196002E07006FBD558
:10CB2000198000231646236195E72B6800211A1D02
:10CB30002A601E686268304605F043FF08B1801B1A
:10CB4000606063682361002384F8433083E72369CE
:10CB5000324649464046D047013086D023689B077D
:10CB600014D4E068039B9842B8BF18467FE70123BE
:10CB7000324649464046D04701303FF476AF013552
:10CB8000E36803995B1AAB42F1DCEAE7002504F1A4
:10CB90001906F5E736D4040047D404002DE9F04F18
:10CBA00087B0914680460C4603938B685A1EB2F5B7
:10CBB000AE7F0A4689BF6FF4AE754FF0000B03EBF2
:10CBC000050B40F25D134FF0000588BF8B600B68CA
:10CBD000AA462F46029543F4F06342F81C3B1646E2
:10CBE0000192CDE90455A2685AB1D9F800301B78FA
:10CBF0004E2B63D8402B3BD8A3F12B01C8B20E2893
:10CC000039D91FB1236823F4807323600AF1FF3AF6
:10CC1000BAF1010F00F21581019B9E4200F20681DC
:10CC2000012007B0BDE8F08FA3F161020D2AE8D81A
:10CC300001A151F822F000BF81CD020003CC020017
:10CC400003CC020003CC0200DDCD0200B7CD020010
:10CC500003CC020003CC02008FCD020003CC020003
:10CC600003CC020003CC020003CC02004BCD020037
:10CC7000A3F14102DAE70E29C3D801A050F821F050
:10CC80003BCD020003CC02003BCD0200CBCD020025
:10CC900003CC0200DDCC020021CD020021CD020038
:10CCA00021CD020021CD020021CD020021CD0200C4
:10CCB00021CD020021CD020021CD02006E2B09D82A
:10CCC000602BB1D8542B7BD0592B9AD1072D98D1FA
:10CCD00008252FE0742B73D0792BF6E72168C8055F
:10CCE0001ED521F0800101372160BBF1000F03D078
:10CCF00001320BF1FF3BA260A368013BA3602369F3
:10CD000001332361D9F80430013B002BC9F804300A
:10CD100040F38380D9F800300133C9F8003062E76E
:10CD20001AEB05017FF46DAF22680D468A4622F4A6
:10CD3000C072226006F8013BDEE7226810067FF52C
:10CD400060AF22F080022260F4E7BAF1000F0CD14C
:10CD500077B9226802F4E061B1F5E06F08D122F4FE
:10CD6000F0624FF0010A2260E4E7BAF1020F51D0FD
:10CD7000012D02D0042D7FF444AF0135EDB2D9E787
:10CD8000BAF1010F7FF43DAF4FF0020AD2E775B957
:10CD9000002F7FF437AF226802F4E061B1F5E06F55
:10CDA00040F0038122F4F06201252260C2E7032DE6
:10CDB000E3D0052DDFE7022D7FF423AF0325B9E78C
:10CDC000062D7FF41EAF0725B4E7226891057FF595
:10CDD00018AF22F4207202972260ABE7226802F4B7
:10CDE000A061B1F5806F05D050057FF50AAF002F27
:10CDF00000F0DB80910522F4F06258BF029942F402
:10CE0000C07258BF791A22604FF0000758BFCDE9B1
:10CE100004168FE74FF0030A8CE7D4F880314946B7
:10CE20004046984700283FF4DEAEEAE6D4F87C316D
:10CE30004A4616F8011D404698472369013B236185
:10CE4000EAE66B1E062B24D8022D36D8019B9E42A3
:10CE50007FF6E6AED4F87C314A4616F8011D40460E
:10CE600098472369013B2361F0E7D4F87C314A46B7
:10CE70001BF8011D404698472369013B23610AF1D5
:10CE8000FF3A5FFA8AFABAF1020FEED1033DEDB232
:10CE9000761B2368DA052FD55B0511D5019B9E42D1
:10CEA0007FF6BEAED4F87C314A4616F8011D4046E6
:10CEB00098472369013B2361F0E7AA46B346DEE7C2
:10CEC00016F8011C751E2369652903F1FF332361E0
:10CED0000CD045290AD0D4F87C314A464046B51ECC
:10CEE0009847236916F8021C013B23612E46D4F8AB
:10CEF0007C314A4640469847226812F0100201D021
:10CF000000208EE63270236803F4C063B3F5806FAF
:10CF100025D1029B9F420AD0DA1B04F26F132449E9
:10CF20009E4228BF04F5B776304600F08FF8002205
:10CF30000199404600F0F6F82168039B11F0020FBA
:10CF40001B6857EC106B03F1040215D003990A60BB
:10CF50001B68C3E90067E3680133E360D0E7049B23
:10CF6000002BE4D005990A234046013105F080FFEB
:10CF7000049B059EC21AD0E711F0040F03990A60C2
:10CF8000E6D11D6832463B4630463946DBF732FD76
:10CF900028B1084800F020F885ED000ADBE73046AC
:10CFA0003946DBF785FD2860D5E700272EE600BF70
:10CFB00058D4040000C8040038B50023054D0446C9
:10CFC00008462B60F5F700F9431C02D12B6803B12A
:10CFD000236038BDB85101209FED010A704700BFA2
:10CFE0000000C07F0CB4184B30B50C1E9DB01D68FE
:10CFF00008DA8B234FF0FF302B601DB0BDE83040C6
:10D0000002B070474FF402730290069002A9ADF887
:10D01000143014BF04F1FF332346209A28460493AA
:10D0200007934FF6FF73ADF8163021AB019301F073
:10D030000BFA431CBCBF8B232B60002CDDD0029B62
:10D0400000221A70D9E700BF74E800200EB400B5C2
:10D050009CB06FF000411DAB0290069007910491C7
:10D060000848094953F8042B059102A90068019367
:10D0700001F0EAF9029B00221A701CB05DF804EB83
:10D0800003B0704774E800200802FFFF0EB430B50B
:10D090009CB04FF401721FACADF81420029054F80C
:10D0A000045B0690DBF7E6FD0B4B2A46039002A9D2
:10D0B0000B93002307900F9314934FF6FF730748C9
:10D0C000ADF8163023460068019401F0B9FA1CB09F
:10D0D000BDE8304003B07047F72C030074E800202F
:10D0E00070B50A4405460E4E914201D1002011E070
:10D0F00015F8013B11F8014BF05C00F0030001282A
:10D10000305D00F0030008BF2033012803D1203434
:10D11000181BE9D070BD181BFCD1002CE4D1F9E735
:10D1200019D30400014BDCF7C3BE00BFD8E80020D0
:10D13000242B2DE9F0478646904601D8012B06D1D5
:10D1400004F021FD162303600020BDE8F0870D46A2
:10D1500035482A4615F8014B065D16F00806F8D149
:10D160002D2C24D12C780126951C2BBB302C30D0B3
:10D170000A2306F1004C00220CF1FF3C1046BCFBD8
:10D18000F3F903FB19CAA4F13007092F28D83C464C
:10D19000A34234DD571C07D081452DD301D1A245D0
:10D1A0002ADB00FB0340012215F8014BEBE72B2C97
:10D1B00004BF2C78951CD8E7102BDAD1302CD8D1AD
:10D1C0002A7802F0DF02582AD3D16C781023023576
:10D1D000CFE72B7803F0DF03582BF6D00823C8E7FE
:10D1E000A4F14107192F01D8373CD1E7A4F1610719
:10D1F000192F04D8573CCBE74FF0FF32D4E7531C2C
:10D2000008D122236046CEF80030B8F1000F9CD040
:10D21000691E06E006B14042B8F1000F95D0002A21
:10D22000F6D1C8F8001090E719D3040013460A4657
:10D23000014602480068FFF77BBF00BF74E800208A
:10D240002DE9F04386460D46354E284615F8014B2C
:10D25000375D17F00807F8D12D2C26D12C7801273F
:10D26000851C3BBB302C32D00A234FF0FF38002600
:10D27000B8FBF3F803FB08F930466FEA0909A4F19B
:10D28000300CBCF1090F29D86446A34237DDB6F152
:10D29000FF3F07D080452FD301D1A1452CDB00FBF8
:10D2A0000340012615F8014BE9E72B2C04BF2C782D
:10D2B000851CD6E7102BD8D1302CD6D1287800F099
:10D2C000DF005828D1D16C7810230235CDE72B78B8
:10D2D00003F0DF03582BF6D00823C6E7A4F1410C76
:10D2E000BCF1190F01D8373CCFE7A4F1610CBCF1B8
:10D2F000190F04D8573CC8E74FF0FF36D2E7731C2C
:10D3000006D122233046CEF8003032B9BDE8F08392
:10D3100007B14042002AF9D006B1691E1160F5E755
:10D3200019D3040013460A46014602480068FFF775
:10D3300087BF00BF74E8002007B5009313460A4674
:10D3400001460348006805F097FD03B05DF804FB53
:10D3500074E8002070B51E469AB04FF4017304467D
:10D3600008461546ADF80C3000910491DBF782FCBD
:10D37000094B2A46694601900993002305902046EF
:10D380000D9312934FF6FF73ADF80E30334601F054
:10D3900057F91AB070BD00BFF72C030013460A46B8
:10D3A000014602480068FFF7D5BF00BF74E80020BF
:10D3B000F8B50E461446054618B183690BB900F05E
:10D3C00055F9214B9C4210D16C68A369A360A389D5
:10D3D0001A0701D5236993B92146284600F04CF875
:10D3E00068B14FF0FF373846F8BD184B9C4201D169
:10D3F000AC68EAE7164B9C4208BFEC68E5E7236996
:10D40000F6B220683746C01A6369834205DC2146BC
:10D41000284600F0ADF80028E3D1A3680130013BB5
:10D42000A36023685A1C22601E706369834204D083
:10D43000A389DB07D7D50A2ED5D12146284600F08F
:10D4400097F80028CFD0CCE758510300385103009B
:10D450001851030038B50446064D0846114600220F
:10D460002A601A4604F096FB431C02D12B6803B1D4
:10D47000236038BDB8510120314B70B51D68064698
:10D480000C4625B1AB6913B9284600F0EFF82D4BD7
:10D490009C420ED16C68B4F90C301A072CD4DD060E
:10D4A00011D40922326043F040034FF0FF30A381D2
:10D4B0003DE0254B9C4201D1AC68ECE7234B9C42FC
:10D4C00008BFEC68E7E7580712D5616B41B104F17A
:10D4D0004403994202D03046FEF7FAFD002363630D
:10D4E000A38923F02403A3810023636023692360BD
:10D4F000A38943F00803A38123694BB9A38903F4EB
:10D500002073B3F5007F03D02146304600F072FB54
:10D51000B4F90C3013F001020AD00022A260626953
:10D520005242A261226942B913F08000BBD170BDA2
:10D53000990758BF6269A260F4E70020F7E700BFCF
:10D5400074E80020585103003851030018510300BB
:10D5500038B50023054D044608462B6004F015FB42
:10D56000431C02D12B6803B1236038BDB8510120A0
:10D5700038B50B6905460C4613B90025284638BD59
:10D5800018B183690BB900F071F8144B9C421BD1A0
:10D590006C68B4F90C30002BEFD0626ED00704D465
:10D5A000990502D4A06DF4F753FE2846214605F0F4
:10D5B0001BFD636E0546DA07E0D4A3899B05DDD425
:10D5C000A06DF4F761FED9E7054B9C4201D1AC6830
:10D5D000DFE7044B9C4208BFEC68DAE758510300D0
:10D5E0003851030018510300002310B5044683602E
:10D5F000818119464366C28108228361C0E90033F4
:10D60000C0E904335C3005F021FA054B2462636203
:10D61000044BA362044BE362044B236310BD00BFC1
:10D62000D52C0300FB2C0300332D0300572D0300E2
:10D63000014905F072BD00BF71D502000148F4F741
:10D6400007BE00BF44EC00200148F4F71DBE00BF38
:10D6500044EC00200148F4F7FBBD00BF58EC00206B
:10D660000148F4F711BE00BF58EC002010B5044685
:10D67000FFF7F0FFA3691BB1BDE81040FFF7F0BF53
:10D68000C4E9123323652046124B134A1B68A26279
:10D69000A34204BF0123A36100F020F8606020468C
:10D6A00000F01CF8A060204600F018F800220421C9
:10D6B000E0606068FFF798FF01220921A068FFF78A
:10D6C00093FF02221221E068FFF78EFF0123A3617E
:10D6D000D2E700BFEC50030031D60200F8B5074690
:10D6E000FFF7ACFF1E4B1E68B36913B93046FFF756
:10D6F000BDFF4836D6E90134013B03D533680BB38F
:10D700003668F7E7B4F90C50D5B9164B04F1580058
:10D710006566E360F4F76CFDFFF796FF0822294683
:10D7200004F15C002560A561C4E90155C4E9045514
:10D7300005F08CF9C4E90D55C4E912552046F8BD31
:10D740006834D9E70421384605F0D1FC044630603E
:10D750000028D5D1FFF778FF0C233B60EEE700BF30
:10D76000EC5003000100FFFF2DE9F04F8BB08B461A
:10D7700090460693AC4B02901B6818460393DBF768
:10D7800079FA039B0190034413F8013C0793DBF8FB
:10D7900000309A1C174612F8010B3028FAD0FB1AF9
:10D7A000A3F1020A05F029FD0446002838D1019AA8
:10D7B0003846039905F0F7FA0546002864D1019B25
:10D7C000F85CFE1805F019FD00285FD03346187884
:10D7D0001F4601333028FAD005F00FFDB0FA80F46F
:10D7E00035464FF0010A64093A4616460132307850
:10D7F00005F003FD0028F8D1019A3046039905F0A1
:10D80000D2FA80B94DB9019BF5182A461646013265
:10D81000307805F0F2FC0028F8D1AD1BAD0004E033
:10D8200000242546E0E7002DF7D1337803F0DF032D
:10D83000502B38D173782B2B2AD02D2B2CD0711C48
:10D840004FF00009087805F0D8FC431EDBB2182B16
:10D8500029D8A0F1100211F8010F05F0CEFC431EEB
:10D86000DBB2182B1BD9B9F1000F00D0524215447E
:10D87000CBF80010CCB1BAF1000F0CBF0626002681
:10D8800030460BB0BDE8F08F3E4625460124CCE77C
:10D890004FF00009B11CD5E74FF00109FAE70A2360
:10D8A00003FB0200D5E73146E2E7F31B2146013BCB
:10D8B000072B0ADC029800F0E9F9044640B95B4BFB
:10D8C0000246DE215A4801F09DF901315B10EFE775
:10D8D0004FF0000B019B00F11409C3F10103DA467C
:10D8E000CDF810900893B74238D3049E504646F8BE
:10D8F00004ABA6EB0906B6102661760105F08AFD99
:10D90000D8F80070361ABE4260DDF61B204631465C
:10D9100005F03FFE824678B1731E4FF0010A59119F
:10D9200003F01F0259F821100AFA02F20A4203D04A
:10D93000534542DC4FF0020A35443146204605F09B
:10D940000BFCD8F80830AB424EDA2146029800F0C2
:10D95000DDF90023149AA326136091E7731E079A3A
:10D96000059316F8013C934217D0BBF1200F06D166
:10D97000049B43F804AB4FF0000A0493D34616F817
:10D98000010C05F03AFC00F00F00059B00FA0BF0CB
:10D990000BF1040B4AEA000A0DE0059B089A1344B8
:10D9A000BB42E2D31846019A0399099305F0FBF9AB
:10D9B000099B0028D9D11E4695E7B11E204605F0E7
:10D9C000E8FD0028B6D04FF0030AB5E709DABE1B20
:10D9D000214602983246AD1B00F066FB044600F17A
:10D9E00014094FF0000AACE7D8F80430AB4270DD00
:10D9F0005D1BAF4235DCD8F80C30022B29D0032B4D
:10DA00002BD0012B1CD1AF421AD1012F12D1D8F843
:10DA100004306226069A136001232361C9F800309E
:10DA2000149B1C602CE700BF78510300DDD4040078
:10DA3000EED40400791E204605F0ABFD0028E6D1A7
:10DA40002146029800F062F90023149A50261360D0
:10DA500016E7159B002BF3D1D9E7159B002BD6D1E8
:10DA6000EEE76E1EBAF1000F30D126B131462046E6
:10DA700005F08FFD82467211012306F01F0629462C
:10DA800059F822202046B3407F1B0226134218BFBC
:10DA90004AF0020A05F060FBD8F80450BAF1000F12
:10DAA00047D0D8F80C30022B15D0032B17D0012B00
:10DAB00009D11AF0020F06D0D9F800304AEA030A59
:10DAC0001AF0010F0ED146F0100632E04FF0010AB5
:10DAD000D1E70126E2E7159BC3F101031593159BDE
:10DAE000002BF0D0D4F810B004F114034FF0000C68
:10DAF0004FEA8B0A03EB8B01184653F8042BB2F163
:10DB0000FF3F1BD001320260022E04F114033CD10E
:10DB1000D8F80020013ABA4209D17911012207F060
:10DB20001F0753F8213002FA07F71F423AD146F097
:10DB30002006149B1C60069B1D60A1E6994243F8D9
:10DB400004CCD9D8A3689B4517DB616802980131E2
:10DB500000F09CF8814618B91A4B02468421B1E6C0
:10DB6000226904F10C010C300232920004F047FFEC
:10DB700021464C46029800F0C9F823695A1C04EB70
:10DB80008303226101225A61BEE722695A450BDDF7
:10DB90000121204605F0E0FA0135D8F80830AB4203
:10DBA000FFF6D3AE0126C2E717F01F07FAD05344A1
:10DBB000C7F1200753F8040C05F02CFCB842E7DB52
:10DBC000F0E700BFDDD4040000487047C8E900203A
:10DBD00038B50446064D0846114600222A601A460A
:10DBE00003F0DBFF431C02D12B6803B1236038BD77
:10DBF000B85101208B89F7B59D0706460C4607D51D
:10DC000004F14703236023610123636103B0F0BD86
:10DC100001AB6A4605F0C7FB009F05463046394612
:10DC2000FEF7D4FA48B9B4F90C309A05EED423F0D3
:10DC3000030343F00203A381E2E70D4BB362A38920
:10DC4000206043F08003A381019BC4E904075BB11A
:10DC5000B4F90E10304601F005F828B1A38923F07D
:10DC6000030343F00103A381A3891D43A581CDE7ED
:10DC700031D602000148F4F7EBBA00BF30EC0020C7
:10DC80000148F4F701BB00BF30EC002070B5466AD4
:10DC900004460D4676B91020FEF708FA0246606287
:10DCA00020B9184B6621184800F0ACFFC0E90166A6
:10DCB0000660C660666AF36883B1636ADB6853F81E
:10DCC0002500B8B90121204601FA05F6721D92001F
:10DCD00005F080FC60B1C0E901560EE0212204216C
:10DCE000204605F077FC636AF060DB68002BE4D126
:10DCF000002070BD026843F825200023C0E90333EB
:10DD0000F7E700BF6AD4040058D5040070B5466A2E
:10DD100005460C4676B91020FEF7C8F9024668623F
:10DD200020B9094B8A21094800F06CFFC0E901665F
:10DD30000660C6603CB16B6A6268DB6853F822100B
:10DD4000216043F8224070BD6AD4040058D5040015
:10DD50002DE9F04101F1140C07460C461E460D69F1
:10DD60000020DCF80030013099B2854202FB0161ED
:10DD70004FEA13464FEA114389B202FB063301EB27
:10DD800003414FEA13464CF8041BEADC0EB3A368C8
:10DD9000AB4219DC616838460131FFF777FF8046F6
:10DDA00028B902460C4BB5210C4800F02BFF226924
:10DDB00004F10C010C300232920004F020FE2146E6
:10DDC00044463846FFF7A2FF04EB850301355E6148
:10DDD00025612046BDE8F081DDD4040058D504005B
:10DDE0002DE9F84315461F46092208330C4606461E
:10DDF000002193FBF2F301229A4209DB3046FFF740
:10DE000045FF40B90246194BCE21194800F0FAFEF1
:10DE100052000131F0E7089B092D43614FF00103E7
:10DE2000036116DD04F109092C44C84618F8013BCA
:10DE300001460A223046303BFFF78AFFA045F5D164
:10DE4000A5F108044C442D1B6319BB4204DBBDE85B
:10DE5000F8830A340925F6E714F8013B01460A2243
:10DE60003046303BFFF774FFEEE700BFDDD404001F
:10DE700058D5040010B50C460121FFF707FF0246F4
:10DE800028B9054B4FF4A071044800F0BBFE0123F4
:10DE90004461036110BD00BFDDD4040058D5040007
:10DEA0002DE9F04F14460A690F4685B023699A425E
:10DEB000A2BF23460C461F46D4F810A0A368D7F88B
:10DEC000109061680AEB0906B342B8BF0131FFF751
:10DED000DDFE30B90246454B40F25D11444800F08A
:10DEE00091FE00F11405002205EB86082B46434500
:10DEF00021D307F1140104F1140204F1150702EB18
:10DF00008A0201EB89030293131B153B23F00303E1
:10DF10000433BA4238BF04230193029B03918B421E
:10DF20000CD8002E03DD58F8043D002B5BD00661B1
:10DF300005B0BDE8F08F43F8042BD8E7B1F800A096
:10DF4000BAF1000F24D004F1140EA9464FF0000CD2
:10DF50005EF8047BD9F800301FFA87FB72459BB24C
:10DF60000AFB0B334FEA174BD9F8007063444FEAB2
:10DF7000174C0AFB0BC707EB13479BB24FEA174C32
:10DF800043EA074349F8043BE2D8019B45F803C044
:10DF9000039B0431B3F80290B9F1000F21D02B6834
:10DFA00004F1140CAE464FF0000ABCF800B09BB26E
:10DFB000BEF8027009FB0B77574443EA07434EF85B
:10DFC000043B5CF8043B4FEA134ABEF8003062455C
:10DFD00009FB0A3303EB17434FEA134AE5D8019FC5
:10DFE000EB51043599E7013E9BE700BFDDD4040007
:10DFF00058D504002DE9F843154612F003020746F0
:10E000000E4607D0013A254C002354F82220FFF792
:10E010009FFE0646AD103DD07C6A7CB91020FEF70D
:10E0200045F80246786228B91D4B4FF4D7711D4858
:10E0300000F0E8FDC0E901440460C460D7F8248022
:10E04000D8F808404CB940F271213846FFF712FF6A
:10E0500000230446C8F8080003604FF00009EB07EE
:10E060000AD5314622463846FFF71AFF8046314628
:10E0700038464646FFF74AFE6D100BD0206838B987
:10E08000224621463846FFF70BFF2060C0F800907B
:10E090000446E4E73046BDE8F88300BF845103003E
:10E0A0006AD4040058D504002DE9F0470C46074611
:10E0B00091464FEA621A2369496803EB6218A36824
:10E0C00008F10106B3420BDB3846FFF7DFFD0546DA
:10E0D00048B90246284B40F2D911284800F092FD79
:10E0E00001315B00EEE7002300F1140100F11002A2
:10E0F0001846534533DB2AEAEA7A04F1140320690F
:10E1000019F01F0901EB8A0103EB800C2BD0C9F138
:10E11000200E8A460022186800FA09F010434AF8D7
:10E12000040B53F8042B9C4522FA0EF2F3D8ACEB07
:10E13000040304F11500153B23F003030433844565
:10E1400038BF0423CA500AB108F10206013E38461E
:10E1500021462E61FFF7DAFD2846BDE8F08701333E
:10E1600042F8040FC5E7043953F8042B9C4541F8E5
:10E17000042FF9D8EAE700BFDDD4040058D5040025
:10E180002DE9F74F8946064611461446484605F0E4
:10E1900090F9051E12D129463046FFF777FD024659
:10E1A00028B9414B40F23221404800F02BFD0123B9
:10E1B000C0E90435104603B0BDE8F08FBCBF4B4644
:10E1C000A1463046B8BF0125D9F80410B4BF1C469B
:10E1D0000025FFF75BFD024618B9334B4FF4107171
:10E1E000E2E7D9F8107004F1140E266900F1140B5F
:10E1F000C56009F1140509F110030EEB860605EB65
:10E200008708D9464FF0000C0193019B5EF8040B80
:10E2100053F804AF764501931FFA8AF3194683B287
:10E220004FEA1040A1EB0303C0EB1A40634400EB3C
:10E2300023409BB24FEA204C43EA004349F8043B99
:10E24000E3D8331B1534153B23F003030433A642F4
:10E2500038BF04231D445B442C461E4644450ED360
:10E2600008F10301491B033D21F00301A84538BF14
:10E2700000210B4453F8041D99B117619AE754F833
:10E28000041BE6461FFA81FC080C7144F44489B271
:10E2900000EB2C4041EA00414FEA204C46F8041BB9
:10E2A000DCE7013FE6E700BFDDD4040058D50400F9
:10E2B00082B0114B8DED000B019A1340A3F1507306
:10E2C000002B08DC5B42B3F1A07F4FEA235204DA53
:10E2D0004FF400231341002208E0A2F114031E2B87
:10E2E000D6BF4FF000420122DA4000231946104603
:10E2F00041EC100B02B070470000F07F2DE9F041B7
:10E30000066900F1140808EB860656F8042C371F3E
:10E31000104605F07FF8C0F120030A280B601D4964
:10E3200016DCC0F10B0CB84500F1150022FA0CF315
:10E3300002FA00F043EA010534BF56F8083C002316
:10E3400023FA0CF303431C4645EC104BBDE8F08167
:10E35000B8453ABFA6F1080756F8083C00230B3829
:10E3600014D0C0F120018240474523FA01F403FA9A
:10E3700000F342EA040242F07F558CBF57F8042CA8
:10E38000002245F44015CA401343DCE742EA010588
:10E39000D9E700BF0000F03F2DE9F7430F46012108
:10E3A000164659EC108BFFF771FC044630B9024653
:10E3B000234B40F20A31234800F024FCC9F30A55EC
:10E3C000C9F313030DB143F480130193B8F10003B3
:10E3D00023D06846009305F03FF8DDE90012D0B184
:10E3E000C0F1200302FA03F3C2400B4301926361C0
:10E3F000019B002BA3610CBF012202222261A5B167
:10E40000A5F233450544C0F135003D60306020463B
:10E4100003B0BDE8F0836161EAE701A805F01CF8EC
:10E42000019B203001226361E8E7A0F2324004EB57
:10E4300082033860186904F0EDFFC0EB4210E5E795
:10E44000DDD4040058D504002DE9F04F98468B899F
:10E450009DB007461B060D46144610D50B6973B9CF
:10E460004021FDF7B3FE2860286130B90C233B60E2
:10E470004FF0FF301DB0BDE8F08F40236B610023EB
:10E48000CDF80C804FF00109DFF8A081099320231B
:10E490008DF8293030238DF82A3023469A4613F818
:10E4A000012B0AB1252AF9D1BAEB040B0BD05B463C
:10E4B00022462946384605F0C0F8013000F0A78012
:10E4C000099A5A4409929AF80030002B00F09F8074
:10E4D00000234FF0FF320AF1010A049307938DF8ED
:10E4E00053301A93CDE90523544605224F4814F8BA
:10E4F000011B04F066FA049AD8B9D00644BF202361
:10E500008DF85330110744BF2B238DF853309AF800
:10E5100000302A2B15D0079A544600204FF00A0CE1
:10E52000214611F8013B303B092B4BD9B0B1079282
:10E5300014E0A0EB0803A24609FA03F31343049383
:10E54000D2E7039B191D1B68002B0391BBBF5B42E5
:10E5500042F0020207930793B8BF049223782E2B50
:10E560000AD163782A2B32D1039B02341A1D1B680F
:10E5700043EAE37303920593DFF8C0A003222178F6
:10E58000504604F01EFA38B1A0EB0A004022049B6A
:10E59000013482401343049314F8011B06222448DB
:10E5A0008DF8281004F00DFA002836D0214B1BBB43
:10E5B000039B073323F0070308330393099B33447A
:10E5C00009936AE70CFB02320C460120A8E70023FE
:10E5D00001344FF00A0C19460593204610F8012B20
:10E5E000303A092A03D9002BC6D00591C4E70CFBA9
:10E5F000012104460123F0E703AB2A4604A938466B
:10E6000000930D4BFDF768FF421C0646D6D1AB893F
:10E610005B063FF52DAF09982CE703AB2A4604A90A
:10E6200038460093044BFEF78BF9EDE719D404004C
:10E6300023D40400D9C402003B3603001FD40400D5
:10E640002DE9F0470C46ADF5227D002106460DF17F
:10E650000408A74F0093CDF81881CDE94411A549CE
:10E66000A091A549A1911378002B00F05C81F95C81
:10E67000551C11F0080119D06368002B0FDD2368C9
:10E680001A78BA5C120701D42A46ECE7459A01339E
:10E690000132236045926268013A6260ECE7A19B17
:10E6A0002146304698470028E9D0EDE7252B12D0C7
:10E6B00099466368002B40F39480226813784B4599
:10E6C00040F0318163680132013B22606360459B09
:10E6D00001334593D8E74191439153782A2B04BFE6
:10E6E0001023951C4FF00A0208BF4193A94619F860
:10E6F000011BA1F13003092B1ED9DFF800A2032270
:10E70000504604F05EF938B1A0EB0A000123419AAB
:10E710004D4683401343419315F8013B782B06D8AF
:10E72000572B10D8252BC3D056D8002B64D00323E9
:10E7300047930A2342936AE0439B4D4602FB031131
:10E7400030394391D2E7A3F15802202AEFD801A132
:10E7500051F822F043E802002FE702002FE7020001
:10E7600065E802002FE702002FE702002FE7020012
:10E770002FE702002FE702002FE702002FE7020039
:10E780007BE8020061E80200DFE70200DFE7020049
:10E79000DFE702002FE7020055E802002FE7020042
:10E7A0002FE702002FE702002FE702008BE80200AC
:10E7B0005DE80200FFE702002FE702002FE70200FA
:10E7C00087E802002FE7020061E802002FE702005D
:10E7D0002FE7020043E80200453B022BA7D80523A0
:10E7E00014E0A19B21463046984700283FF465AFCE
:10E7F0004498002840F08F804FF0FF308FE0419B1D
:10E8000043F40873419310234293042347936368AE
:10E81000002B4ADD419B590604D423681A78BA5C60
:10E82000120749D4479B022B58DC6B46224641A96C
:10E83000304600F07DF8012875D002287FF424AF1F
:10E84000D6E7419A42F40072419210226E2B429216
:10E8500002D9DAE7002342930323D7E70823D3E75B
:10E860000A22F3E72946404604F09AFF419B0546F9
:10E8700043F0400341930123C8E7419B43F0400329
:10E8800041930023C2E70223C0E74198C3063FF546
:10E89000FBAE009B10F0010F459A03F104010091BB
:10E8A0001B6814BF1A801A60EEE6A19B2146304611
:10E8B00098470028AED09BE7459A0132459262689E
:10E8C000013A002A626002DD01332360A5E7A19BC3
:10E8D00021463046984700289FD089E7042B0FDC5B
:10E8E0006B46224641A9304600F07CF8A3E700BF02
:10E8F00019D30400F1360300673703001FD4040066
:10E900000A4B002B3FF4C0AE6B46224641A930466D
:10E91000FEF744F98FE7A3895B063FF56DAF0DF570
:10E92000227DBDE8F0874498F9E700BF9DCB020047
:10E930002DE9F84315468A6880460C4632B98A6943
:10E94000002A14BF4FF0FF3201228A60226800279C
:10E95000DFF88C90D1065FBF1A68111D1960166828
:10E96000A06988B1012807D12B681A7863699B5C7C
:10E9700053B9002F31D022E0022820D12B681B7818
:10E9800019F803301B071AD423680137DA065EBF73
:10E990002B681B7806F8013B2A686B680132013B43
:10E9A0002A60A2686B60013AA26042B1002BD7DCFA
:10E9B000D4F880312946404698470028D0D02368B3
:10E9C00013F0100305D1E2680132E260A26902B1DE
:10E9D0003370236900203B442361BDE8F88300BF06
:10E9E00019D304002DE9F04F984687B0784B0C46B8
:10E9F0008246164627464FF0000B93E8070003AB0C
:10EA000083E80700734BA169734A032908BF1A46BC
:10EA1000A36801925A1EB2F5AE7F89BF6FF4AE753E
:10EA20004FF0000903EB050940F25D1388BFA360B6
:10EA300057F81C3B43F450633D462360316803ABF9
:10EA40000222097853F82B0003F0BBFF002840D0C6
:10EA5000BBF1010F12D162682AB92268082142F481
:10EA6000007261602260226822F4A0622260A268C3
:10EA7000511EA160DAB94FF0020BDFE7BBF1020FC4
:10EA800006D0A268511EA1608AB94FF0010BD5E7EC
:10EA9000226802F4C061B1F5007F1FD142F4807298
:10EAA00010212260A2686160511EA160B2B132687B
:10EAB000511C3160127805F8012B7268013A002A66
:10EAC000726006DCD4F88021314650469047002819
:10EAD00074D10BF1010BBBF1030FAFD163680BB91C
:10EAE0000A23636063684FF0000B3C496069C91AF0
:10EAF00004F056FEA368226873B33168606991F828
:10EB000000C010F80C0038B3BCF1300F16D110055E
:10EB100014D50BF1010BB9F1000F03D0013309F14A
:10EB2000FF39A3607368013B002B73600DDD336810
:10EB300001333360A368013BA360DBE722F410627A
:10EB400022600B7805F8013BECE7D4F880313146C0
:10EB5000504698470028EDD02368D9050DD5BD4211
:10EB600009D905F1FF3915F8011CD4F87C3132467A
:10EB70004D4650469847BD4228D0226812F01002F8
:10EB800013D12A70394663685046019EB047D8F8C1
:10EB9000003021681A1D11F0200FC8F800201B68F2
:10EBA0000FD01860E3680133E360ED1B2369002098
:10EBB0005D442B44236107B0BDE8F08F4FF0000B9C
:10EBC000CAE7CA074CBF18801860EBE70120F2E7DC
:10EBD000A4450300712E0300752E0300C5D5040063
:10EBE00038B50446064D0846114600222A601A46EA
:10EBF00002F0CDFF431C02D12B6803B1236038BD66
:10EC0000B85101201FB514461A46094B05461B682A
:10EC1000D86854B9074B1C4600910749CDE9013427
:10EC20002B46FDF78DF9F3F747FB044BF4E700BFE4
:10EC300074E8002000C80400DAD50400CDD5040033
:10EC400038B50023064D0446084611462B6002F0F5
:10EC5000A6FF431C02D12B6803B1236038BD00BF5F
:10EC6000B851012038B50023054D044608462B60F5
:10EC700002F084FF431C02D12B6803B1236038BD2E
:10EC8000B8510120704708B5DCF77AFF002008BDB5
:10EC90000EB403B503AA52F8041B0192DCF7E4FE9C
:10ECA00002B05DF804EB03B0704708B5E1F734FB40
:10ECB000002008BD08B500F07EF9002008BDDFF790
:10ECC00015BAF9F74FBE0D20DEF77EBC08B5DEF7AA
:10ECD000F5FDBDE80840E1F725B838B5054608461A
:10ECE000FFF7F4FF0446284600F080F8A04228BF52
:10ECF0002046C0B238BD014602221520DEF77ABC9C
:10ED000008B50120DEF760FCBDE80840E5F7ECBB84
:10ED100008B50120DEF758FCBDE80840E4F7A0B9CB
:10ED200008B50120DEF750FCBDE80840E7F7C0B9A0
:10ED30001220DEF749BC1320DEF746BC30B58368ED
:10ED400085B00293C368D0E90045102269460720C8
:10ED5000CDE900450393DEF74DFC05B030BD0368F7
:10ED60009A1C0260188840BA80B270470268D31CAF
:10ED700003605378117890781B0203EB0143184429
:10ED8000704703681A1D0260186800BA70470B0AC2
:10ED900003704170023070470B0C03700B0A437014
:10EDA0008170033070470B0E03700B0C43700B0A1D
:10EDB0008370C170043070470A460121E0F784BFB8
:10EDC0000A460021E0F780BFF8B500240546164644
:10EDD00023462746AB4201D33846F8BDA0B232469F
:10EDE000E0F772FFE7B283B20134F3E70130C0B25B
:10EDF0000F2828BF0F20704709280AD850B30138C0
:10EE0000082808D8DFE800F00912071607070707E7
:10EE10001E0016281AD0002070476FF4CF600B1820
:10EE2000142BF8D8AAB101F001007047A1F5D26106
:10EE3000142903E06FF4037319441A298CBF0020CE
:10EE400001207047A1F2A7610829F7E7A1F29B61B1
:10EE5000EEE70120704710B56AB101280BD1CB074E
:10EE600009D502318CB22146FFF7C6FF002814BF36
:10EE70002046002010BD0131F4E771B100230144A8
:10EE800003F13002092B00F8012B0CBF00230133E2
:10EE90008842F5D1002300F8013C704738B10228C0
:10EEA00007D0032814BF4FF0FF3001207047022025
:10EEB00070470320704710F0FF0304D0FF2894BF71
:10EEC0000020012070471846704730B5904271EB22
:10EED0000303DDE9035405D385428C412CBF012097
:10EEE000002030BD0020FCE7431E022B9FBFC0EB7B
:10EEF000C0104000193040B288BF0A2070474368F4
:10EF0000994214BF086800207047D0E900321360AE
:10EF10005A600023C0E9003370470120E1F746B88A
:10EF20000720E1F743B870B50446D0F88C50E822CA
:10EF30000E4603F064FDC4F88C5045B12846B6F87F
:10EF40008A20D6F88C10BDE8704003F058BDA4F8B4
:10EF50008A5070BD2DE9F041E82105460120174691
:10EF60001E469DF8188003F017FD0446A8B1002046
:10EF7000C4F88C00B8F1000F13D02B7A03F0FD0217
:10EF8000012A01D0062B0DD101214FF42F7003F07F
:10EF900003FD38B9204603F0F8FC00242046BDE804
:10EFA000F0814046C4F88C0029462046FFF7BBFF9D
:10EFB000C4E91476F2E70420E0F7F8BF07B50422AD
:10EFC00001900DEB02010520E0F7C0FF03B05DF8F2
:10EFD00004FB38B5E8210546012003F0DDFC0446BA
:10EFE00040B101214FF42F7003F0D6FC28B9204620
:10EFF00003F0CBFC0024204638BD032323720023FA
:10F00000237404F11803C4F88C002B60F3E710B5E7
:10F01000044648B1D0F88C0008B103F0B6FC204695
:10F02000BDE8104003F0B1BC10BD08B5E0F7FCFF2F
:10F03000BDE80840FFF7EBBF38B50D460446A542D2
:10F0400000D238BD2046FFF7F0FF0134F7E7082073
:10F05000E0F7ACBF0920E0F7A9BF0120E0F7A6BFA9
:10F06000014610220220E0F771BF01464FF43472CE
:10F070000320E0F76BBFA0F54B53083B012B13D9DE
:10F0800043F2BC4398420FD043F2B06398420BD096
:10F0900043F6A403984207D0A0F56A501838022816
:10F0A0008CBF0020012070470120704708B503F095
:10F0B00083FB4FF47A72A0FB020302FB0131C00B09
:10F0C00040EA4140C90B08BD38B503460A780C46F2
:10F0D00062F07F0200F8022B4A785A704988FFF7E5
:10F0E00056FE23780546A3F16402012A0FD8A188B1
:10F0F000FFF74DFEE188FFF74AFEE288054604F17E
:10F10000080103F07CFC05F52D75284638BD662BFB
:10F1100004D16168BDE83840FFF745BE672BF4D1E4
:10F1200040F2DF12211D03F050FEEEE70B4613B54F
:10F1300013F8022B044602F07F02027001934B7811
:10F14000437001A8FFF70BFE23786080A3F16402EF
:10F15000012A10D801A8FFF702FEA08001A8FFF73E
:10F16000FEFD01990246E08004F1080003F047FC2F
:10F17000002002B010BD672BFAD140F2DF120199D6
:10F18000201D03F022FEF3E738B50B780C4663F040
:10F190007F0300F8023B4988FFF7F9FD2378054615
:10F1A000352B0FD1A188FFF7F2FDE188FFF7EFFDC6
:10F1B000E288054604F1080103F021FC05F52D75F0
:10F1C000284638BD332B04D16168BDE83840FFF7CD
:10F1D000EABD342BF4D14FF4F572211D03F0F5FD97
:10F1E000EEE713B511F8023B044603F07F0303700A
:10F1F00001A80191FFF7B3FD23786080352B10D172
:10F2000001A8FFF7ACFDA08001A8FFF7A8FD0199B8
:10F210000246E08004F1080003F0F1FB002002B098
:10F2200010BD342BFAD14FF4F5720199201D03F073
:10F23000CCFDF3E708B503F0BFFA4FF47A72A0FBF8
:10F24000020302FB0131C00B40EA4140C90B08BD7B
:10F2500010B50446FFF7EEFF03460A46D4E9000165
:10F26000C4E90032181A62EB010110BD0720E4F76F
:10F27000C1BF08B5EBF796FD002008BDEBF746BB14
:10F2800008B5E9F7BBF8DFF76DFC002008BD38B51D
:10F29000044600252068844200D138BDD0E9003200
:10F2A00013605A60C0E9005503F06FFBF2E70328D2
:10F2B00004D9A0F10F03584258417047012070470C
:10F2C00010B509B9002010BD0478A40914700378A2
:10F2D000C3F3011353700178002CF3D1032BF1D049
:10F2E00001F00F010846FFF7E2FF0028EAD0917015
:10F2F000E9E78378027803F00F0303EB8213427887
:10F300000846120102F03002134400F8013B704736
:10F31000012804D9A0F11E0358425841704701202A
:10F3200070471A2803D8073818BF01207047A0F18A
:10F330003E03584258417047012973B50D461646A1
:10F340001C4602D8002002B070BD93780190012BBA
:10F3500023700BD10629F5D901A8FFF707FD20611D
:10F3600001A8FFF70EFDA0600120ECE701A8FFF760
:10F37000F6FCC0F30033C0F30B006380A080B378C9
:10F38000022B06D1092DDDD901A8FFF7FAFCE060B8
:10F39000E6E7032BE8D1052DD4D9E1E710B5044603
:10F3A00023780846012B07D12169FFF7F5FCA168F6
:10F3B000BDE81040FFF7F7BC6388A1881B0303F486
:10F3C0008053C1F30B011943FFF7E1FC2378022BB3
:10F3D00003D1E168FFF7E7FCE9E7032BE7D010BDB5
:10F3E0000C2805D0103801288CBF0020052070475C
:10F3F00001207047F7B5064614460D4611B90020A6
:10F4000003B0F0BD01788A09032A19D1227002786D
:10F41000C2F34012A280017801F01F0108463AB9F8
:10F42000E9F736FF0028EAD00120A2606170E7E723
:10F43000FFF76EFF0028E2D0012DE0D0721CF3E749
:10F4400001F03F01471C617008460197FFF769FF13
:10F450000028D4D06AB90846FFF7C2FF0123A08074
:10F46000A088ED1AA8428CBF00200120A76022705E
:10F47000C6E7012A06D1012DC1D07378B71CA3803D
:10F480000223EDE7022DBAD9002301A8A370FFF7EC
:10F4900066FC0222019F1346A080E1E70378032B5C
:10F4A00005D023B1022B0CBF03200220704701209E
:10F4B00070470329F7B5144602D8002003B0F0BD09
:10F4C000431C0193037813704778C7F300175770F4
:10F4D0004378C3F3C00393704678831CC6F3800659
:10F4E000D67045780193C5F340051571427894F8BC
:10F4F00008C002F00102627183781B09A371C31C6A
:10F500000193837803F00F03E371C3781B0963F35E
:10F51000030C84F808C090F803C0237A4FEA9C0CCF
:10F520006CF3051300F1040C2372CDF804C090F8BD
:10F5300003C06CF3871323723B1D06B101330DB179
:10F5400002339BB20AB104339BB28B42B5D82FB1C0
:10F55000431D0193037903F00F03637226B1019BEE
:10F56000591C01911B7863814DB1019B1978587822
:10F57000090201F4F85101430233A18101930AB950
:10F5800001209BE701A8FFF7FCFB2061F8E7034699
:10F5900010B402780A70C27800799200400000F03E
:10F5A000020002F00402024358799C7800F0010046
:10F5B00002445878E400000104F0080400F0100050
:10F5C000204302444A70DA79987902F00F0202EB84
:10F5D00000128A70187AC0F30112C0F3030492007B
:10F5E00002EB041202EB9012CA705A788AB9081D15
:10F5F000DA7812B15A8900F8012B1A7912B19A8976
:10F6000000F8012B5A7952B119695DF8044BFFF7E4
:10F61000CABB5A7A481D02F00F020A71E8E75DF88A
:10F62000044B704710B504466378E27803F0010399
:10F6300003EB421322790846920002F01C021344A5
:10F640002278520002F0020213440B70A378DB010F
:10F650004B70A379627903F01F0303EB42138B70A5
:10F66000237AE27903F01F0303EB4213CB70637A32
:10F6700003F03F030B7163783BB90530A3789BB16E
:10F68000A18ABDE81040FFF782BBE37AA27A03F0BB
:10F690000F0303EB02134B71A1890630FFF777FBD1
:10F6A0002169FFF780FBE9E710BD37B5042914464F
:10F6B000019002D8002003B030BD03785B09D370FD
:10F6C0000378C3F382031371034613F8012B0193EC
:10F6D0000346C2F34002227013F8022B02F001022B
:10F6E000019362704378DB09A37085786D096571B9
:10F6F000C51C0195857805F01F05A571C5786D09B4
:10F70000E571051D0195C57805F01F052572451D9C
:10F710000195057905F03F05657242B92BB10629BF
:10F72000C8D901A8FFF71BFBA0820120C3E7B3B132
:10F730000D29BFD943791B09A372831D0193437916
:10F7400001A803F00F03E372FFF709FBA08101A8F2
:10F75000FFF717FBA3782061002BE6D0E1E70B2928
:10F76000E7E7034610B54278C0785201800000F008
:10F770001C0002F02002024398781C78400000F040
:10F78000020000EBC41002440A701A7842B91A79D8
:10F790005B79881C03F00F0303EB02134B7010BD61
:10F7A0005A7832B94A1C997A1170997889B9501CE3
:10F7B000F5E7DA79987902F01F0202EB40124A70FD
:10F7C000587A1C7A00F01F0000EB4410CA1C8870A5
:10F7D000E9E7D97AD01C01F07F0151701B7B03F05F
:10F7E0007F039370DBE7012910B501D8002010BD1D
:10F7F0000478E409147003783CB91B091371037889
:10F8000003F00F0353710120F1E7C3F3401353706A
:10F810000478C4F38204D4700478C4F34004947070
:10F82000ABB924B9437803F03F039372EBE70329A4
:10F83000DCD94178431C01F03F019172597801F005
:10F840007F01D1729B7803F07F031373DBE7BCB1B8
:10F850000529CBD943785B099371437803F01F03E3
:10F86000D37183785B091372837803F01F0353729B
:10F87000C37803F03F039372002CC4D0C31CDDE7B0
:10F880000329E6E7F0B5074614460E4685B0002981
:10F8900039D0002A34D04FF43671012003F07CF8BF
:10F8A0000546002832D00022022C01ABC3E9012218
:10F8B00001928BBF01220322023C04F1FF348CBF72
:10F8C000A4B2A4B28DF80420ADF8084000F1080CF1
:10F8D00093E8070008238CE807004FF42F720021FB
:10F8E0002B752C8305F11A0003F0B0F873683146CC
:10F8F000C5E900631D6075603868E9F751FD38603F
:10F90000002005B0F0BD6FF01500FAE76FF00B00B6
:10F91000F7E7C38913B90220DDF756BE70472DE91A
:10F92000F0411646DDE906871D46EAF7BBF90446B5
:10F93000B0B1D0E90C23B242AB4111D2036AC0E9A5
:10F940000C650133036258EA070309D03B4642467F
:10F950004068E0F731FC636AE7620133C4E90938C3
:10F96000BDE8F08108B5E1F785FB90F8420018B1D9
:10F970000628A8BF062008BD0120FCE708B5E1F76E
:10F9800079FB90F84000431E5842584108BDF8B535
:10F99000E1F770FBD8B390F84030012B26D190F8F6
:10F9A00041305A1E012A32D8022B08D190F8433038
:10F9B000013B052B94BF00206FF01500F8BD90F8B7
:10F9C00042104B1E052B22D80023B0F84670B0F829
:10F9D0004850AF421BD8172D19D8013302461C4698
:10F9E0008C4205DB8B4200F10400EEDB0020E5E7F2
:10F9F000B2F84AC0B2F84C60B44508D8172E06D801
:10FA0000B74201D8654502D201340432E8E76FF00D
:10FA10001500D3E708B5EBF7A9FA002008BD836805
:10FA200000EBC101B3F5004F2CBF51F8220031F8B3
:10FA30001200704700EBC1018068B0F5004F2CBF89
:10FA400041F8223021F812307047012208B5FFF743
:10FA5000E6FFD04008BD836800EBC101B3F5004F5D
:10FA600008D34B681AB143F001034B60704723F091
:10FA70000103FAE74B881AB143F001034B8070474A
:10FA800023F00103FAE753000122FFF7D3BF836895
:10FA9000B3F5004F34BF04230823C91A081AC0085D
:10FAA0007047B0F5004F34BF042308230731C8184E
:10FAB000C00870470A4608B50121FFF7F2FF01327E
:10FAC000121AB2FA82F0C0F11F0008BD2DE9F04110
:10FAD0001746032288460446FFF7A1FF80450546E6
:10FAE00007F106061AD10122E368BA4023EA0203AD
:10FAF000E360002304EB8606736041462046FFF76F
:10FB0000A4FFA368B3F5004F34BF04220822236981
:10FB1000A3EBC00313442361BDE8F08141460222F8
:10FB20002046FFF77CFF074604EB86062B4601467E
:10FB3000032220467560FFF77DFF3B4602222946DF
:10FB40002046FFF777FFD8E770B50D468668044674
:10FB5000FFF77BFFB6F5004F014601D3012809D01E
:10FB60003046FFF7A7FF294602462046BDE8704011
:10FB7000FFF7ACBF70BD2DE9F047054680688846A9
:10FB8000FFF798FF05EB800ADAF81C900646B9F1FA
:10FB9000000F1BD00327DAF81C4028462146FFF748
:10FBA00054FF404507D3324621462846FFF78EFFD3
:10FBB0002046BDE8F087032221462846FFF72FFFA5
:10FBC000013FCAF81C0001D08145E4D14FF0FF3459
:10FBD000EB680136B4401C40EAD094FAA4F2B2FAC1
:10FBE00082F205EB8203DC69DEE72DE9F041144681
:10FBF0000E460546FFF729FFA4EB0608371B07440E
:10FC0000424631462846FFF73EFF3A4621462846FF
:10FC1000FFF739FF4346002221462846FFF70AFF37
:10FC200021462846FFF711FF3B46211800222846AF
:10FC3000BDE8F041FFF7FEBE2DE9F041164604464F
:10FC40000F46FFF702FF314605462046FFF7FDFE4F
:10FC500005442A4639462046FFF715FF314620461F
:10FC6000FFF7F3FE2B46311800222046BDE8F04195
:10FC7000FFF7E0BEF8B50D4686680446FFF7E5FEDF
:10FC8000B6F5004F014601D3012826D03046FFF7D4
:10FC900011FF04EB8001CE6906BB0122E3688240BC
:10FCA0001343E3600222CD612B4629462046FFF72D
:10FCB000C1FE032229462046FFF7BCFE2946204606
:10FCC000FFF7C3FEA368B3F5004F34BF0422082238
:10FCD000236903EBC0039B1A2361F8BD022231465E
:10FCE0002046FFF79CFE0746034629462046FFF7BD
:10FCF000A1FE0322334629462046FFF79BFE3946E4
:10FD00002B462046FFF796FE02223146D3E7F8B590
:10FD10000C460546FFF799FE261801223146284673
:10FD2000FFF77DFEC3070CD431462846FFF70CFFD2
:10FD300021462846FFF789FE214622182846FFF76C
:10FD40007BFF002221462846FFF769FE271A012281
:10FD500039462846FFF763FE10EA020613D13946FA
:10FD60002846FFF7F1FE214632462846FFF757FEA8
:10FD70002246211A2846FFF75FFF214632462846D1
:10FD8000FFF74DFE241A21462846BDE8F840FFF74C
:10FD900071BFF8B5046811B900273846F8BDA068EE
:10FDA000B0EBD10FF8D9FFF77CFE0146064620469E
:10FDB000FFF7E1FE05460028EED001462046FFF79A
:10FDC00044FEB04209D92E44294620463246FFF768
:10FDD0000CFF31462046FFF74DFF01222946204601
:10FDE000FFF739FEA3682946B3F5004F34BF042658
:10FDF0000826FFF72AFE636906EBC507C6EBC006B7
:10FE00001E44A36927446661B3422CBFA361A66167
:10FE1000C3E71146FFF7BDBF58B151B103681B6975
:10FE20000B6003685B694B60036800209B698B6013
:10FE300070476FF0150070472DE9F04706460D46F4
:10FE4000174698462BB34FF0000A98F8004093F8F5
:10FE50000190DB78A40004EB430498F802301C44C2
:10FE60004444CA4509D339463046AC46D8F8042044
:10FE700008F10803BDE8F047604714F8013B0AF1B8
:10FE8000010A204648F82340D8F7F4FE0130044424
:10FE9000E7E76FF01500BDE8F08770B50025024672
:10FEA0002846144614F8013B0BB9184609E098B1EE
:10FEB0008D4207D1702B04D0A3F140023A2A0BD80F
:10FEC000002070BDA3F140063A2E05D853780135C5
:10FED000941C002BE9D00020252B224608BF80F07F
:10FEE0000100DEE70020704730B50C688B6814B164
:10FEF0004A689A4202DC01338B6030BD013A9A4273
:10FF000014BF05460025E5548B68F4E70FB407B528
:10FF100004A951F8040B0191EBF7BEFD03B05DF8A5
:10FF200004EB04B070470CB407B504AB53F8042BD2
:10FF30000193EBF7BFFD03B05DF804EB02B070472F
:10FF400008B5F8F70FFD002008BD08B5F8F78EFDDD
:10FF500010F10B0F05D010F1100F08BF6FF07300F8
:10FF600008BD6FF07300FBE7044608B5084611466C
:10FF70001A46A047FAF70AFCF1F7C0FC00207047C8
:10FF800008B501F000FE162303604FF0FF3008BDF6
:10FF900008461146F2F700B90CB4034607B504AAA7
:10FFA000084652F8041BDB680192984703B05DF8DD
:10FFB00004EB02B07047F8F7BFB9F8F78DBA07B590
:10FFC00000930023EBF7F4FD03B05DF804FB07B5E5
:10FFD00000930123EBF7ECFD03B05DF804FBD0E9DF
:10FFE000002130B54FF03333A2FB0324D51843EB87
:10FFF0000405A1FB0313521844EB0304521944F106
:020000040003F7
:100000000002891843F10003C0E9001330BD10B5A8
:100010000A680346002A0FDD013A0A6044680A2094
:100020001A68A2FB001200FB0422100F22F070429B
:10003000C3E90012303010BD3020FCE72DE9F0415B
:100040000746884615461E461446B44205D30EB1EF
:10005000601B08E02378002BFAD0414614F8010B0E
:10006000B8470028F1DABDE8F081D1E900329342C7
:100070003EBF5A1C0A6018707047002383F3118832
:10008000BFF36F8F0423184602DF70470FB407B524
:1000900004A951F8040B0191EBF7FEFC03B05DF8E5
:1000A00004EB04B0704710B50369024613F0080072
:1000B00009D11368D4689C429BBF0120526AE31A9D
:1000C000D31A0B6010BD00231846FAE713B501A937
:1000D0000446FFF7E8FF20B1019BE268013B1344AF
:1000E0000193606A019BC01A013802B010BD10B5BF
:1000F000044650182269636AD20702D5013B1840B2
:1001000010BD984228BFC01AFAE710B504460A4647
:10011000C168FFF7ECFF2369E06023F00803236167
:1001200010BD38B50D46026A8B00016843F002032A
:10013000044642F8213001682A46FFF7D8FFE368F9
:100140006168984208BF2369206008BF43F0080334
:100150002A46204608BF2361FFF7C9FF606038BD0B
:100160002DE9F74FC768066A9B4606EB87030093A5
:1001700016F82730044603F00303022B8846914605
:100180004FF000030BD01360CBF8003023699B07BE
:1001900013D44FF0000A504603B0BDE8F08F56F874
:1001A000271013608908CBF80030EFD0FFF7ADFFC0
:1001B000E368A3604FF0010AEDE7E3690098984710
:1001C00016F82720054612F0010AE2D012F00202CA
:1001D0001FD0B8F1000F03D041462046FFF7A1FF22
:1001E00061682A462046FFF782FFD4E90221914246
:1001F000606006D12A462046FFF779FF4FF0000ADB
:10020000A060A2682260E260226942F008022261D6
:10021000C1E7014620460192FFF777FFE368A3603C
:10022000B8F1000F04D02168236A019A43F8212015
:1002300005EB0802CBF8002021682046FFF757FFA6
:100240002369206043F00803236116F827306FF319
:10025000000306F82730009BC9F80030AAE770B504
:1002600004461546FFF743FF2368834205D12369FF
:10027000216023F00803236170BD226AAB0043F0C4
:10028000020342F8213061682A462046FFF72FFF1B
:100290006060F1E738B5036904465B0706D5856AF7
:1002A000FFF714FF85422CBFA562A06238BD38B5A8
:1002B000ECF77EF805460C4601F065FC0023036070
:1002C0002146284638BD838B13F0070305D1036808
:1002D000002B0CBF002003207047022B05D1C08BE0
:1002E000B0FA80F0400980007047012B05D1036807
:1002F000002B0CBF0020052070470020704710B570
:100300000C4600B111B96FF0150010BD081D00F0CA
:100310002FF80028F9D1A368032BF6D9F3E72DE9CC
:10032000F0410D4607461946281D90461E46ECF73B
:1003300053FB044638B13346424629463846A44664
:10034000BDE8F0416047BDE8F08138B50C46054690
:1003500058B151B10B6843B14B6833B12022002131
:1003600002F074FB00202C6138BD6FF01500FBE734
:10037000034640B1426802F00302022A06D0032A73
:1003800004D0012A05D06FF0150070471A68002AC2
:10039000F9D000209860704770B506460C888888B0
:1003A000241A3069A4B2844285B224BF641BA4B26B
:1003B0002D1BA8B2984228BF184633682344136007
:1003C0000B8803440B8070BD70B4838985880669EF
:1003D000ED1AADB2731B934228BF134670BC0A4698
:1003E000011DFFF7D9BF70B40E460146C58831F82C
:1003F0000A3FEC1AA3B2934228BF1346324670BCA0
:10040000FFF7CABF10B54B880C88E41AA4B2944217
:100410000ED31A4492B28B884A800A800069D21A9D
:1004200092B2824201D2002010BD03448B80FAE7D1
:100430006FF01500F8E7704770B4066884890D0CFA
:1004400016FA81F105FB0411806A84682468A446C9
:1004500070BC60472DE9F0430646884617461C46A7
:10046000C36A89B01D686D4205F020051CB920469D
:1004700009B0BDE8F083AC42A14628BFA9466A4650
:100480004B4641463046FFF7D7FF0028F0D16B4678
:10049000484502D1241A8044E8E713F8012BBA42F8
:1004A00001D10130F4E70120E2E70B6803F5803366
:1004B0000B60C0891A0CB0EB134F04BFA3EB0243CF
:1004C0000B60704738B5828903680D0C090C04462F
:1004D00002FB0131806A2D0401F0B7FA50B9E26ADB
:1004E00029462046A3895279FFF7B4FF002818BF98
:1004F0006FF0050038BD014610B507220446FF2005
:10050000EAF76EFFE07110BD0A46012100F074BAEF
:100510000368012B81BFC91801F1FF315B4219400B
:10052000084670472DE9F0410C4605460821C06A8F
:10053000FFF7EEFF072207462146FF206688B4F842
:100540000480EAF74DFFE379834208D1A889464445
:10055000C01BB04294BF00200120BDE8F081002004
:10056000FBE738B505460C46FFF7DCFFA0B1A088D5
:1005700098B94FF6FF7322889A420DD10821E86A94
:10058000FFF7C6FF6288AB899B1AB3FBF0F202FB50
:100590001030B0FA80F0400938BD0020FCE7F7B514
:1005A00004460D46C06A0821FFF7B2FF082307463C
:1005B00029682046FFF740FF0646002836D12B6801
:1005C0003B442B60A28999B2D21B91422ED11A0CC6
:1005D00009BFE289A3F5803102F1FF3203EB02414A
:1005E000204608236A462960FFF726FFE8B9E36A38
:1005F0005A796B4613F8011B8A420CD10130082846
:10060000F8D1636805E02B68BDF802201B0C1B04C1
:1006100013442B600AE069462046FFF7A2FF00283A
:10062000F1D129462046ECF769FA0646304603B078
:10063000F0BD2DE9F043074690461E4689B01BB930
:10064000002009B0BDE8F0833C688389080C14FAE7
:1006500081F100FB0314FB6A1D686D4235400CD02C
:10066000B86A83682146D3F804902B46C84700280F
:10067000E7D1761BE4D02C44A84432464146684674
:1006800002F0BDF9FD6A0DEB06002A686979921B3C
:1006900002F0DCF9B86A2B688268214655686A4620
:1006A000A847CEE710B50A46082341680446FFF77D
:1006B000C0FF08210246E06AFFF72AFF63681B1AA1
:1006C0006360104610BD4FF6FF7313B50022044659
:1006D000ADF800308DF8063083686846ADF8042028
:1006E000ADF80230FFF707FF69462046FFF7DAFF53
:1006F00002B010BD2DE9F04F082195B00446C06A44
:10070000FFF706FF0546636820461B0C1B0403A980
:100710000393FFF7CAFEDDF80CB0A68906AA5E4473
:10072000761B0823314620460496FFF785FE021EFD
:10073000C0F2A980E36A06AA5979002312F8010BD6
:10074000814240F08F800133082BF7D1A3686268A3
:100750002B449A427ED259462046FFF7B3FE02460A
:1007600091E0BDF81A30360C36041E44049608AAEF
:10077000204604A9DDF810A0FFF711FF024600286B
:1007800040F08180204608A9FFF7CCFE18B9019BF4
:100790009A45ECD1DAE7636805930AAA204605A9D1
:1007A000059EFFF7FCFE024600286CD1BDF828200C
:1007B000BDF820309A4227D06268059B9A42ECD15E
:1007C0005645E4D1BDF82430002BE0D0BDF82270AE
:1007D0004FEA1A431B041F44A36808A8ADF822304F
:1007E000FFF789FEE36ABDF824901E68764206F0A2
:1007F0002006B9F1000F0ED1204608A9FFF752FFDD
:1008000002460028C3D03EE020460AA9FFF78AFE30
:100810000028D1D0D4E74E45B04628BFC8460CAA20
:10082000434639462046FFF707FE024658BB43467B
:10083000A1680CAA2046FFF7FCFE41460246E06A8A
:10084000FFF766FEA3680344A360E2B9A9EB0809B9
:100850004744CEE72046FFF736FF024600283FF424
:100860007AAF10E0731B204606A90193FFF779FECB
:1008700000287FF476AF204604A9ECF73FF9024642
:1008800000283FF474AF104615B0BDE8F08F002388
:100890001A46ECF71FBB13B500240094ECF7F2FBEB
:1008A00002B010BD03785B075FBF03684288C3F3E3
:1008B0004A2303EB12105DBF173020F007008008B9
:1008C000002070470020704701F006BC0346D3E8C3
:1008D000EF0F421CC3E8E12F0029F8D17047012037
:1008E000ECF730BD0020704770B50C4615461E462B
:1008F00040B1ECF7B3FF33462A462146BDE87040CD
:10090000EDF70AB84FF0FF30F5E738B504460D466D
:1009100043681146DA71EDF76FF8012263681D60D4
:1009200063685A71BDE83840ECF7FEBC70B5D2E997
:1009300001369B1B8B420C4615460AD313680A46A8
:100940000146981902F05BF82046AB682344AB607F
:1009500070BD6FF01B00FBE770B50E4615461946DB
:10096000044618B9BDE87040ECF7ECBC33B1C2F3F3
:100970004A231030120D184402F041F8C4E9005621
:100980002046BDE87040ECF757BF2DE9F3415F1CEE
:100990004FEA8708064608F1170020F00700800894
:1009A0000C461546ECF77AFD00238DF80470ADF87F
:1009B00005308DF8073068B10346019AA8F10401AB
:1009C00043F8102F2A46294452F8045B8A4243F820
:1009D000045FF9D100233146A20102F4E07242EA39
:1009E000482222F07F4222F4700222F03F0202B03D
:1009F000BDE8F041FFF7B0BF07B50123019201AA9E
:100A0000FFF7C3FF03B05DF804FB07B5CDE9002392
:100A100002236A46FFF7B9FF03B05DF804FB1FB578
:100A2000CDE90123069B01AA03930323FFF7ADFF42
:100A300005B05DF804FBF8B506460D4614461F46A2
:100A400004B9F8BD214628463A46B047241A054461
:100A5000F6E710B542680446D2E9002381680068D1
:100A6000FFF7E9FF002263681A6010BD13B5002488
:100A70000094D8F76DFA02B010BD0A2838B50446C4
:100A80000D4602D10D20EDF7EDF829462046EDF791
:100A9000E9F8002038BD2DE9F043054687B0084647
:100AA0000E8891F800900C46D1F808801746EDF7B3
:100AB000ADF8011EC6F38216C9F3C2091EDB484613
:100AC000ECF7E2FE0346214651F8102B6088C2F392
:100AD0004A22002A01EB020408BF00210022C0F3D1
:100AE0000B10CDE90407CDE90214284641460196D2
:100AF0000092EDF7E3F807B0BDE8F0830023E2E7EA
:100B0000704770B54C680368A34201D2012070BDE4
:100B10008A682244934201D30020F8E74E69D1E964
:100B20000325B54203D36FF00B038B61F4E71B1B66
:100B300042F835304368086902EBC00253600B6924
:100B400001330B61E2E737B50C46C0B201A9154687
:100B5000EDF78EFA00280CDB019850B121462A46A9
:100B6000EDF7ACFA04460198FFF7CAFF204603B040
:100B700030BD6FF01504F9E70020EDF7EBBA03463E
:100B800010B508460AB10021116053B1D0B1411E21
:100B900011F8010F80B113F8014BA04201D13D289B
:100BA000F6D100200EE0013313600AE03D2808D0A2
:100BB000B0FA80F0400905E018782F28F6D1002A15
:100BC000F1D1012010BD0021EDF732BC0830704793
:100BD00010B5134614460A4681880068FFF75BFE8D
:100BE000A042A8BF204610BD2DE9F04F97B00446A3
:100BF0009A468946019200297CD0DAB1BAFA8AF67F
:100C00007609258F04F1080B0135ADB2A8466F1E99
:100C1000BFB2B7F5004F26D04A233946584603AA3B
:100C2000FFF739FE002807DA10F1020F08BFB846B7
:100C30003D46ECE70126E4E700F158030DEB030025
:100C4000002303A900F84C3C4846D8F709F80028CF
:100C5000EED126B339465846FFF719FE002805DACB
:100C600017B0BDE8F08FBEB30020F9E705F57F515E
:100C70003F31584689B2FFF70AFE0028F0DB238F88
:100C8000BB42F1D12246013B22F8383F4FF40041EC
:100C900002235846ECF71EF900EAE070E0E7B84698
:100CA000B8F5404F29D0238F04F10805434515D3EB
:100CB00008F5804153462846019A89B2ECF70AF9B3
:100CC0000028CDDB002ECFD04846D7F7D3FF4A46C9
:100CD000034641462846DDE70126E1E72246022396
:100CE0004FF40041284622F8388FECF7F3F800283B
:100CF000DEDAB5E76FF01500B2E76FF00B00AFE793
:100D000073B5C36B04460363C3B100F108063046F4
:100D1000EBF752FF054670B902234FF4004130460D
:100D20000DF10602FFF7B7FD0028B4BF4FF40043F2
:100D3000BDF806302387284602B070BD6FF012055B
:100D4000F9E70B68834204BF01230B71704710B5AC
:100D500004468EB06946012000F025FF05A96846CB
:100D6000FBF700F9204605A9EDF70EFF00200EB0B5
:100D700010BD03785B075FBF03684288C3F34A2353
:100D800003EB12105DBF173020F007008008002031
:100D9000704783689B6903B11847704708B543687B
:100DA000197311B11868FFF7F4FF002008BD10B5E2
:100DB00040681C462430EBF76DFE2060002010BD1B
:100DC00010B54068046800F5107001F048FD204639
:100DD000FFF7DFFFA3685B6A0BB12046984700204E
:100DE00010BD2DE9F04145681E462B7B0C46174689
:100DF00093B101EB0208A04507D137600120D5E986
:100E0000013198470020BDE8F081286814F8011BE3
:100E100083685B689847EEE705F11000EBF708FE82
:100E20000121306005F51E73D3E8EF2FC3E8E01F02
:100E30000028F9D1002AE5D1286883685B69002B76
:100E4000E0D09847DEE70023826882F85630826857
:100E5000A2F852308268A2F850307047034610B5AD
:100E6000D3E8EF0F40EA0102C3E8E42F002CF7D1EA
:100E700010BD034610B5D3E8EF0F00EA0102C3E846
:100E8000E42F002CF7D110BDF7F756BA73B509015E
:100E9000856801F67C01044616460D4469462846DD
:100EA00001AA01F06DFD009B23B1284601F065FD0C
:100EB0002046B04702B070BD0EB403B503AA52F885
:100EC000041B0192EFF7FEF802B05DF804EB03B0EB
:100ED000704708B510B1D7F7CDFE80B208BD00F657
:100EE000780019B14FF40061FFF7B8BF6FF40061EB
:100EF000FFF7BFBF00F6780011B10421FFF7AEBFC6
:100F00006FF00401FFF7B5BF08B500F6740029B112
:100F10000121FFF7A3FF00F0010008BD6FF0010100
:100F2000FFF7A7FFF7E7F7F7D7BA002373B5044633
:100F30000093204600F01CFAE06900F0FDFB054636
:100F40002046A668EFF718FDA36806F67C06B3F8FE
:100F5000503023B14FF4F6700021F9F77BFB69465E
:100F6000304601AA01F00CFD15B1009B002BE0D02A
:100F700002B070BD8B6820B903F67C000021FAF73F
:100F8000BBBE03F6AC00F9E70CB407B504AB53F8ED
:100F9000042B0193EEF788FE03B05DF804EB02B07A
:100FA00070470EB403B503AB53F8042B082101932B
:100FB000EEF77AFE02B05DF804EB03B070470EB4B2
:100FC00003B503AB53F8042B03210193EEF76CFE3A
:100FD00002B05DF804EB03B070470EB403B503AB89
:100FE00053F8042B01210193EEF75EFE02B05DF889
:100FF00004EB03B0704710B50446806840F26762A6
:10100000002300F60C10FFF73FFF48B92046EDF72C
:101010009FFFA068BDE8104000F60C10FFF783BFEB
:1010200010BD18B18368D3F8240970476FF015001C
:10103000704710B502690446836812680168C06889
:101040009847002223691A6010BD38B5CB68054661
:101050001B7C0C46022B04D10A2802D10D20FFF77D
:10106000F4FF236922681B68D55422691368013391
:10107000136023691A6863689A4202D12046FFF719
:10108000D8FF002038BD08B510B1D7F7F3FD80B206
:1010900008BD10B5047B43892244B2FBF3F0214420
:1010A00003FB1022B1FBF3F003FB1010101A10BD6C
:1010B00010B5047B438921441019B0FBF3F0B1FB58
:1010C000F3F1401A10BD30B5057B43892944B1FBCB
:1010D000F3F403FB14112A4401310180B2FBF3F154
:1010E00003FB11220134848001324C1CC4804280F5
:1010F00030BD2DE9F0410F461646044686B070B16A
:10110000034601AC00F110052246186859680833FF
:1011100003C2AB421446F7D1186801AC10604FF01F
:101120000008414632462046EFF7C0F808F10108B2
:10113000054628B138462968D7F792FD0028F0D136
:10114000284606B0BDE8F0812DE9F8431D4600238E
:101150000E461746DDF820809DF824902B602B6802
:101160000446B34210D24246204657F82310FFF7F8
:10117000C0FF48B12B685A1C2A60B9F1000FEED0AD
:101180008045ECD100242B602046BDE8F88373B580
:10119000037804462D2B0D46164606D16FF0150335
:1011A00000253360284602B070BD00F0ECFC00233F
:1011B0002A46036001A92046FCF7B4F8054600F072
:1011C000E2FC0368222B02D16FF02103E8E700F074
:1011D000DAFC0368002BE1D1019BA342DED01B782F
:1011E000002BDFD0DAE70EB403B503AA52F8041BD4
:1011F0000192EEF767FF02B05DF804EB03B07047B1
:1012000010B50446D7F736FDB4F8503013FA80F025
:1012100038B1638FB0FBF3F203FB1200B0FA80F039
:10122000400910BD38B584682046D7F723FDD4F8AF
:101230007458B4F85230C5F3400580B205FB030082
:10124000638FB0FBF3F203FB1200B0FA80F04009A9
:1012500038BD10B50446FFF7E5FF18B9A068FFF7E1
:10126000CFFF20B16069BDE81040EFF7B7B810BDFF
:10127000F8B50546846804F13000B4F85020B4F89D
:101280005210FFF720FFA868A78EE68EFFF7B8FF81
:1012900010B16869EFF7A2F8B74207D1218E638ECB
:1012A0002846C91ABDE8F840EFF7B4B8E18EA38E1E
:1012B0002846C91AEFF798F8F0E7F8B504460D4646
:1012C0008068B0F85210B0F8502030300D44FFF76D
:1012D000FAFEA068ADB2B0F852102A463030FFF7DF
:1012E000E7FE0746A0682A46B0F852103030FFF7F4
:1012F000D0FE064679422046EFF776F83146204682
:10130000EFF788F8A368A3F85250F8BD8368B3F8E4
:101310005210494209B2FFF7D0BF8368B3F85010AA
:10132000B3F85230C91A09B2FFF7C7BF8368B3F8E0
:1013300052301BB14FF0FF31FFF7BFBF70478368DA
:10134000B3F85220B3F850309A4202D20121FFF78D
:10135000B4BF70478268B2F85210A2F85010836888
:10136000B3F852201344002283F85620EFF72AB82E
:1013700010B504468068B0F85020B0F852103030F4
:10138000FFF7A1FEA3682046198EC1F10101EFF716
:1013900041F8A3682046998E0139EFF725F82046D9
:1013A000BDE81040EFF70EB8EFF7C4B8F7B51E462A
:1013B00083681546D3F874280446D20613D593F8EB
:1013C0003E208A420FD0DB8FADF80430EFF724F9CE
:1013D000324629466069EEF775FE204601A9EFF70F
:1013E0003BF903B0F0BD32462946606903B0BDE861
:1013F000F040EEF767BE2DE9F04187680546B7F883
:1014000050608846B318B3F5806F144626DAB7F8F3
:101410005230F61A56331F44B6B23246394638199E
:1014200001F0FAFA22464146384601F0E8FAAA6885
:10143000B2F850302344A2F85030AB68B3F85020D3
:101440001344002283F85620AB68D3F87418890738
:1014500006D4B3F852201444A3F85240BDE8F081FA
:1014600031462846BDE8F041EFF7DEB9FFF7C3BFCC
:1014700038B505468068B0F85220B0F85040A41A3C
:10148000A4B29CB156321044411C224601F0C4FA69
:10149000AA68611EB2F850302846013BA2F85030CD
:1014A00089B20122BDE83840EFF7BEB938BD10B5AA
:1014B00083680446B3F850205AB1B3F8523043B1B0
:1014C0004FF0FF31FFF7F9FE2046BDE81040FFF76F
:1014D000CFBF10BDF8B5C3695E695F6883683046E9
:1014E000D3F87458EAF718FEC5F30015044650B156
:1014F000014605F18E023846FFF7CDFA3046214607
:10150000EAF792FE0120F8BD43681B68D3E9063272
:10151000D3E8EFCF8C44C3E8E0CF0028F8D193683C
:10152000D3E8EF0F0844C3E8E20F002AF8D1704770
:101530002DE9F047436807461E680D46F369B26817
:10154000D3F81480D2F874489A68D3F804901279CA
:10155000C4F30014012A03D0032A4ED0BDE8F0875B
:10156000D8680B784FF0000A590740F2E7314FF482
:10157000004C8E46514658BF2B68E0FB0CE15CBF27
:10158000C3F34A246B884FF47A725EBF04EB1314E2
:10159000173424F007044FF0000370464CBF0024BA
:1015A000A408D7F725FB02460B4640462146EAF73A
:1015B00097FC814628B93846BDE8F0470121FFF77E
:1015C000A3BF012CF7D9294651F8043B0268C3F3A5
:1015D0009D0363F39F0240F8042B621E920001F00A
:1015E0000EFA40464946EAF73FFDB06800F68C0027
:1015F0005146BDE8F047FAF77FBB3046FFF7B8FE2B
:1016000001F04FF804F18E07044600B3EFF31184A4
:10161000202383F31288BFF36F8FB368D3F8783831
:101620001A051ED53A4629464846FFF734FAB368EC
:10163000D3F878381B0502D43046EFF79DF901F056
:1016400030F890B184F31188BFF36F8F86E7B068EC
:1016500000F60C104FF0FF324FF0FF33F6F76CFE40
:10166000DBE73046FFF784FEDCE7B06800F60C10DD
:10167000BDE8F047F6F730BF134610B50C460A46F2
:1016800001461846FFF790FE204610BD70B504468F
:101690000D46D0E904101646EAF7F0FB324629461B
:1016A0002068FFF732F9002263685B685D60A36819
:1016B0001A600122A3681A7170BD10B50446006853
:1016C000ECF7B2F90222A3681A7110BD10B5436895
:1016D00001211C68606803689B68984738BB032237
:1016E000E3699B681A71A36803F67803D3E8EF1FD8
:1016F00041F40051C3E8E21F002AF7D1A068B0F816
:101700005020B0F852103030FFF7DDFC4FF0FF31C1
:101710002046EEF769FEA3682046198E4942EEF78F
:1017200079FE2046FFF7D6FE0028FAD110BDE06909
:10173000BDE81040FFF7C1BF73B504460021036840
:1017400082685B681D68AB68D3F87438C3F3001314
:10175000D2E8EF6FC2E8E01F0028F9D126B14BB9FB
:1017600031466068ECF73CFC284602B0BDE87040AA
:10177000FFF7B0BEAB682846DB8F0121ADF804301F
:10178000EEF74AFF31466068ECF72AFC284601A9CB
:10179000EEF762FFE8E70EB403B503AA52F8041BA4
:1017A0000192EEF78FFC02B05DF804EB03B07047D6
:1017B0000020704700207047836900201860704740
:1017C0000EB403B503AA52F8041B0192EEF77AFC9B
:1017D00002B05DF804EB03B0704708B50168EEF79E
:1017E00033FB002008BD836803F67403D3E8EF1FC2
:1017F00041F00801C3E8E21F002AF7D1002070473A
:10180000836803F67403D3E8EF1F21F02001C3E8D7
:10181000E21F002AF7D100207047836803F67403A3
:10182000D3E8EF1F21F01001C3E8E21F002AF7D12F
:1018300000207047836803F67403D3E8EF1F21F09C
:101840000801C3E8E21F002AF7D10020704783682F
:1018500003F67403D3E8EF1F21F00201C3E8E21F8F
:10186000002AF7D100207047836803F67403D3E899
:10187000EF1F41F01001C3E8E21F002AF7D100205A
:101880007047836803F67403D3E8EF1F41F020012B
:10189000C3E8E21F002AF7D100207047836803F6EF
:1018A0007403D3E8EF1F41F00201C3E8E21F002AEE
:1018B000F7D10020704708B58368D3E900210A609A
:1018C000516000211A89C3E900115B8900681A443C
:1018D0000C32EBF7DFF8012008BD0023C36070472E
:1018E000F8B51F46034653F8044F16469C4202D1F2
:1018F00000203880F8BDC568B1B9002DF8D0AC42E1
:1019000002D10023C360F3E76C68C460002CEFD001
:101910002289304604F10C0101F071F8002223897C
:1019200001203B80F254E5E7002DEED08368AB4206
:10193000E7D02C68E9E738B50446051D6368AB427B
:1019400004D02046FFF7B7FF0028F7D138BD2DE9B6
:10195000F04F02F10C050368C5F100091B6909F09D
:1019600003094D4485B09D4204461746019110D8A5
:101970000023C3606AB1466800F1040AB2450BD087
:101980005EB13389934208D106F10C0001F027F8CB
:1019900018B905B0BDE8F08F1E464FF0000B236864
:1019A0005989DA88914204BFC3E901BBC3F80CB07E
:1019B000206883898288011DD21A036992B29B1A1A
:1019C000AB4228BF2B4603AAFEF7E6FC85428046C1
:1019D00028D9206883898288011DD21A036992B2AE
:1019E0009B1AAB4228BF2B4603AAFEF7D5FC8542C3
:1019F00019D1738943447381A844039D3A460199E0
:101A00002F81A5F80A9005F10C0000F0F8FF63683B
:101A10004246C5E9003A5D6020686560011DFEF739
:101A2000F1FCB6E7E9D020680022011DFEF7EAFCD0
:101A300063689A45B3D02046FFF73DFFAFE7031D2B
:101A4000C0E901330023C36070472DE9F041876886
:101A50000446FB680D4616469847BB682BB13246D4
:101A600029462046BDE8F04118476FF05700BDE811
:101A7000F08130B59FB005680C466822014601A888
:101A800000F0BDFF0023284601A9CDE91C331B94BB
:101A9000EFF770FA1FB030BD08B5EFF771FBBDE886
:101AA0000840EFF771BB0A460121FEF7A5BF90F889
:101AB00084308BB1EFF3148343F0040383F3148871
:101AC000BFF36F8FD0F88030E1EE103A00F14003A1
:101AD00090EC100A93EC108A704700210120EFF778
:101AE00049BAD0F89C3083F30B88704761B662B670
:101AF00080F31188BFF36F8F704772B6002383F3B2
:101B00001188BFF36F8FBFF34F8F30BF62B6BFF343
:101B10006F8F704772B6002383F31188BFF36F8F06
:101B2000BFF34F8F20BF80F31188BFF36F8F62B672
:101B3000704740E800F313F4803FD8B208BF6FF05D
:101B40001500704730B50C684B6885B00A894D891F
:101B50000094013B24F01F04234402F01F0242EAD8
:101B6000451223F01F0369468DF808200393F0F710
:101B70009BF805B030BD4FF0FF3070470228CCBF56
:101B8000002001207047F5F781BEEAF797B80023DF
:101B9000FEF715BA0023FEF71ABAEAF7D9B8EAF742
:101BA000BDB8F0F75FBDF0F7A7BCD8F7D5B807B55B
:101BB00001AB00F023FB02280AD003280BD068B940
:101BC0000198003818BF0120404203B05DF804FBC3
:101BD0006FF01500F9E76FF08500F6E74FF0FF3082
:101BE000F3E70022F0F714BEF8B5069F0469C9B206
:101BF000EFF31186202585F31288BFF36F8F0C2534
:101C000069430C44A56C05F0070CBCF1010F0BD126
:101C1000A76486F31188BFF36F8FC4E9102343686C
:101C20005B5898470020F8BD05F0C005AF4286F329
:101C30001188BFF36F8F0CBF6FF077004FF0FF304C
:101C4000F1E713B580240094FFF7CEFF02B010BD7A
:101C50000069CBB200EB4310002110470020F3F7DE
:101C60000BBB0020F3F782BB1046F6F77BBE802249
:101C7000F0F75ABE084608B51146F3F785F9002873
:101C800018BF6FF0040008BD08B500F0B5FA0028D1
:101C900018BF6FF0040008BD2DE9F3411C46002376
:101CA000904682682360A3600D465369694601AA85
:101CB0009847019B5A1E019223B96FF0150002B09C
:101CC000BDE8F0810098A26847682168676085B91F
:101CD000A8EB02030668B34228BF334603FB071193
:101CE0001A442160A26002689A4206D80830009027
:101CF000DFE76B1AB3FBF7F3ECE70020DFE71346EF
:101D00000022FFF7C9BF2DE9F0470024836886B0A1
:101D1000884691465B6902AA01A99847A2462546D2
:101D2000029BAB4202D806B0BDE8F0870026019FB7
:101D300007EBC5077B6804933A680AEB0603B242D7
:101D400002D89A460135EBE749460394059303A868
:101D5000C0470028E7D0049B01361C44ECE710B5CF
:101D60000C4600F0E6FA0023C4E90003184610BD53
:101D700038B505460C4600F0DCFA002D07DBA8421A
:101D800005D9401B84428CBF0020012038BD0020B3
:101D9000FCE770B50C461946204616461D46FFF76F
:101DA000E7FF28B929462046BDE87040F0F7C8BFD4
:101DB0005DB1B4F5004F2A462146304603DABDE84E
:101DC0007040FFF7F4BE00F01AFE002070BD4368BB
:101DD00000205B681B690B607047436802EA0100E2
:101DE0005B6821EA020198600020D960704743686F
:101DF00000205B6899607047436800205B68D96089
:101E0000704743685A68536821EA03000B409060AA
:101E10000020D360704730B543681360057A44688A
:101E200004EBC504A34202D36FF0010030BD5C791E
:101E30008C4201D00833F0E70020F7E743681B68C5
:101E4000D3F88004C3F88004704742681368D3F85D
:101E5000100150B10020D26912780A70C3F8100145
:101E6000D3F8102101221A6070474FF0FF307047FD
:101E7000002A0FDD42681368D3F8100158B1002022
:101E8000C3F81001D3F810010120D26912780A704A
:101E9000186070470020704710B5436819680369DF
:101EA000EFF31182202080F31288BFF36F8F00249C
:101EB0001868847301201B68D8734FF48003C1F83D
:101EC000043382F31188BFF36F8F10BD01210369C2
:101ED0001A68917300221B68DA737047026903461F
:101EE0001168C87B40B15B681B68D3F8580118B112
:101EF00000230B6113689889704743681B68D3F807
:101F00001001003818BF01207047102243681B6879
:101F1000C3F804237047102243681B68C3F80823E2
:101F200070474FF4007243681B68C3F8042370477E
:101F30004FF4007243681B68C3F80823704738B534
:101F4000436804461D68D5F804335B0205D4D5F810
:101F5000040310F0100006D138BDFFF7BFFF0028C2
:101F6000F5D00120F8E72046FFF7C7FF003818BF7B
:101F70000120F1E7012070470369186801601B68C0
:101F80005A60704702680346D2F8580140B95B684E
:101F9000DB0706D4D2F82001003818BF01207047B3
:101FA0000120704710B4436802691B68D3F804131A
:101FB000C90517D5D3F82011A1B1EFF31181202461
:101FC00084F31288BFF36F8FD3F8204134B100241B
:101FD000C3F82041D3F820410124DC6081F311884B
:101FE000BFF36F8F1168D3F8584171B184B10024E9
:101FF0000C611168C97B19B94FF48001C3F808134B
:1020000011688C7B24B100238B735DF8044B7047FF
:10201000D3F8241121B10021C3F82411D3F82431BD
:1020200012681368002BF0D051685DF8044B184714
:1020300013B501AA0446FFF7EEFE002805DB019B5D
:10204000226819791868F1F783F902B010BD2DE9FB
:10205000F04106690546336801279C891033944294
:10206000A8BF1446D3E8EF2F002A03D1C3E8E07FCE
:102070000028F7D10CBF3B4600232BD13368224602
:10208000986800F0BCFCEFF31188202383F31288DA
:10209000BFF36F8F69680846FFF774FF326840B975
:1020A0000446106188F31188BFF36F8F2046BDE8A6
:1020B000F0810B689268C3F844250022C3F84845B4
:1020C000C3F82021D3F82011C3F85821D3F85821A0
:1020D0009F60E7E71C46E9E708B5F1F7F7FA08BDA6
:1020E0002DE9F043561AA1EB000E9EFBF6F435469F
:1020F00006FB14E444B9121A92FBF5F903EB810CC8
:10210000AC4208DBBDE8F08395FBF4F704FB1757FE
:1021100025463C46EEE74FF000086018C84503DB53
:1021200001340CF1040CEBE78842ACBFA0EB0E00CD
:10213000801953F82070DCF8002008F1010843F8FA
:102140002020CCF80070E9E713B501240194049C29
:102150000094F1F707FD02B010BD00F0ACB900F03B
:10216000A0BA0A460121FEF747BC0121F2F7FEBAE8
:102170000021F2F7FBBA03780BB1F2F791BC70477C
:1021800008B500F039F848B1002383F31188BFF394
:102190006F8F0423184602DF6FF0040008BD0A4663
:1021A0000121FEF729BC00B589B006AB02930823D4
:1021B000039301AB049304230791CDE9053004AAEE
:1021C000184602A9F2F7BAFE0228019B09D003289B
:1021D0000AD060B9181E18BF0120404209B05DF84E
:1021E00004FB6FF01500F9E76FF08500F6E74FF09C
:1021F000FF30F3E7002070470020704710B588B02B
:102200001C4605AB01930C2302930423CDE906126F
:10221000CDE904300DEB030103AA0020CDF80CD06A
:10222000F2F78CFE009B236008B010BD004700F061
:1022300042B938B504461546F2F736FF294620461E
:10224000BDE83840F2F748BF430903BF4FF0FF3302
:1022500023FA00F000F00100002070472DE9F3415F
:102260001746DDE90858019001A80C461E46F3F711
:10227000EFF8019B391E18BF012100EB8300231EDC
:1022800018BF0123002E43EA410314BF0C21002193
:10229000002D43EA010314BF4FF4E0610021B8F1BF
:1022A000000F43EA010314BF4FF440310021D0F87E
:1022B00000220B4322EA030304B124780FB13F78D4
:1022C0007F001C430EB13678B6003C438DB12978AF
:1022D00009023443B8F1000F03D098F800804FEAA8
:1022E0000848214341EA0801C0F8001202B0BDE8E5
:1022F000F0812946EDE71FB50DF10F03019300238F
:102300008DF80F101A4619460093FFF7A7FF05B086
:102310005DF804FB08B50246F3F700F910B110466A
:10232000F3F706F900F0010008BDF3F7B3B9F3F7CE
:1023300089B94FF4801070474FF4805070474FF4C4
:102340008070704700207047F3F708BF022904D05F
:10235000042906D0012900D17047806808B1F2F73E
:1023600057B87047F3F71EBF002210B504689442B7
:1023700000D110BD00EBC2014B68013223F0FF0316
:1023800043F003034B60F2E70420F3F751BD042050
:10239000F3F76CBD08B5F3F707FDBDE80840F5F7A6
:1023A000E5B938B505460024031D2A68A24201D8C4
:1023B000002319E04FF00002D3E8CF0F032804D127
:1023C000C3E8CC2FBCF1000FF6D102D008330134A2
:1023D000EBE7642202FB04130021184600F036FBF1
:1023E000034605EBC404A060184638BD08307047AA
:1023F00070B506460D4621B9F3F7DAFE90B9002014
:1024000070BD0846F1F7FCFF04460028F7D03046BF
:10241000F3F7CEFE38B92046F1F7FAFF0120F1F7C5
:10242000D3FFECE72C460661C56040F8084FE7E7AC
:1024300040EA0141104640F8081DF3F7C5BEF3F726
:10244000BDBEF1F7DDBF08B5F1F7E2FFBDE808401A
:102450000120F1F7B9BF70B504460E4600F025F82B
:102460000546206808B1FFF7EAFF48F202039E42E2
:1024700018D048F209039E4214D048F201039E424C
:102480000BD16B684BB104F1140204F1380152F81E
:10249000040B8A4243F8040BF9D12046BDE8704092
:1024A00000F005B863696B60F7E7C06870470269C0
:1024B000C3681A60704708B1F0F7A0B9704740B11F
:1024C000C368587810F001001EBF1878B0FA80F089
:1024D00040097047EFF31183202383F31288BFF381
:1024E0006F8FFEE710B54369044633B90020E268F8
:1024F000537843F00103537010BD98470028F5D07E
:102500000028B8BF4042FF28A8BFFF20E36818702A
:10251000EDE700F09BBA00F072BA10B400F10C04C1
:10252000C0E90344002444615DF8044BE8F7CABFE6
:102530008169C36843EA010212F003020FD102610C
:102540004269013A01FB0233C2689A4201D9002074
:10255000704702691A60826903619B1AF4E76FF0A1
:102560001500704790F90E308B4201D0F7F7D0BCC0
:102570000020704703460020C3E90033C3E902008E
:10258000704710B5044630B10268930703D0446821
:1025900009B100F0FAF9204610BD012307B50093F8
:1025A00000230A461946F6F787F803B05DF804FBE6
:1025B0005AB18A4209D300F11003C0E90212C0E9FE
:1025C0000000C0E90433002070476FF01500704729
:1025D000012302688B4022EA0303036022FA01F020
:1025E00000F00100704710B5032104460C30FFF7DE
:1025F000EFFF30B104F11000F8F778FDB0FA80F089
:10260000400910BD28B1002200F582701146F8F78C
:10261000EFB9704770B5C3680446C3F340069B0723
:1026200016D4856802210C30FFF7D2FF80B1D5F8AF
:10263000FC206AB194421DD122689EB9D5F80031C0
:10264000C5F8FC209C4201D1C5F80021002323607D
:10265000E36813F01F001EBF43F00203E36040F085
:10266000020070BD3260D5F80021944208BFC5F861
:102670000061EBE716461268DBE710B5F6F7E6FCFB
:10268000041E08DDEFF31180202383F31288BFF3CB
:102690006F8FF7F7ABFD204610BDC0E900000020AA
:1026A0007047EFF30580003818BF0120704778307D
:1026B0007047002310B58B4202D10020136010BD7B
:1026C000C45CAA2CF9D10133F5E70A46D0E9270109
:1026D000FFF7EFBFD0E9003213605A600023C0E972
:1026E0000033704738B504460D46F7F717F8637B9B
:1026F00043F002036373E5B1A5602B689D4209D1E5
:102700006B68C4E900531C606C6012E06A689A420E
:10271000F6D01B68002BF3D094F90E2093F90E101D
:102720008A42F3D09142F1DD5A68C4E90032146064
:102730005C6038BD01211838F7F7C2BA10B50446FD
:10274000F7F776FA04F11800BDE81040F8F7CEBCB0
:1027500038B5054604680020AC4200D138BD002CD5
:10276000FCD02046FFF7EAFF2046F7F729F92C684E
:102770000120A542F1E70022F8F7AEBA0122F8F7EE
:10278000ABBA08B50246F8F79FFB70B1D0E9043147
:102790009B1A61EBE272B3F1004F72F1000104DAAF
:1027A000002AACBF1846002008BD6FF00040FBE7D0
:1027B00008B5F8F79DFD08BDF8F79ABDB3F1FF3FE6
:1027C00008BFB2F1FF3F70B504461D46164613D050
:1027D0001A4315D06FF001024FF0FF33921B63EBE9
:1027E0000501002904DAF8F783FD821941EB0501A0
:1027F000C4E90021204670BD4FF0FF321146F7E7D3
:102800000022FBE7B3F1FF3F08BFB2F1FF3FF8B58D
:10281000074616461C4610D054EA020311D0F8F7BA
:1028200067FDB0420A46A14103460AD2F31A64EB9F
:102830000204C7E900343846F8BD4FF0FF331C46A8
:10284000F7E70023FBE70023C0E9081200F11802B4
:10285000C0E90622C0E9003303634363704710B543
:102860000446F8F743FCA8B9636A0BB120469847C1
:1028700004F11800F7F7FEFA60B1F7F7A1F8EFF3EB
:102880001180202383F31288BFF36F8FBDE81040BF
:10289000F7F7ACBC10BD70B5D0E90034984209D050
:1028A00044B1A568EDB115F9526C12F9525CB5420C
:1028B00008D007DDC1E900042160416010E0A342B7
:1028C000F8D01B68002BF5D09A6862B112F9522C2F
:1028D000AA42F4D0F3DD5A68C1E9003211605960B0
:1028E00070BDAB7BFFDE937BFCE72DE9F041846894
:1028F00005460E46D4B16378012B22D114F8533C1F
:102900009A0711D5A4F160073846FFF717FF082E84
:102910000CBF6FF003030023236514F8533CDB0660
:1029200002D13846F7F74CF8002323700020EB68FB
:10293000A860C3F38632164366F39433EB60BDE8B8
:10294000F081022BF0D12378002BEDD054F8048CC9
:10295000B8F1000FE8D004F11400F8F7C7FB00232A
:10296000A4F1140739464046E362F6F76FFBDBE754
:102970000023C0E900008360704700238360704734
:1029800083680B60C3681360704720B1011F50F863
:10299000040CF5F751BA704770B5A0FB015424B987
:1029A0002846F9F79FFA064610B90026304670BD52
:1029B0002A46214600F04AF8F8E70A220021FAF7F1
:1029C00035BCC9B20346024410B59342184601D142
:1029D000002003E0047801338C42F6D110BD0139A8
:1029E000024410B5904201D1002005E0037811F8AF
:1029F000014FA34201D0181B10BD0130F2E70A4479
:102A0000431E914200D1704710B511F8014B91421D
:102A100003F8014FF9D110BD884210B501EB020453
:102A200002D98442234607D8431EA14208D011F898
:102A3000012B03F8012FF8E7024401468A4200D136
:102A400010BD13F8014D02F8014DF7E702440346AB
:102A5000934200D1704703F8011BF9E79368013BEB
:102A6000002B936010B408DA9469A34201DB0A29B1
:102A700003D15DF8044BFAF79BBC1368581C106037
:102A8000084619705DF8044B7047F8B506460F46C6
:102A90001446D518AC4201D1002007E03A4614F89C
:102AA000011B3046FFF7DAFF431CF3D1F8BD2DE9D7
:102AB000F04F85B00C469046194657EC106B002F2E
:102AC0003B46DDE90E9BBCBF07F1004332462BF0CD
:102AD000200AAFBF00231F4616462D23BAF1460F2A
:102AE0000B7005D0BAF1450F00D10134022100E08E
:102AF000032103AB2246019302AB47EC106B00931A
:102B00004B46D7F7D9FFBBF1670F054619D118F02F
:102B1000010F0ED005EB0408002200233046394691
:102B2000D5F736FF08B1CDF80C803022039B434522
:102B300021D3039B2846109A5B1B136005B0BDE8A8
:102B4000F08FBBF1470FE2D0BAF1460F00EB04085B
:102B5000E2D10378302B0AD10022002330463946D7
:102B6000D5F716FF18B9C4F10104C9F80040D9F827
:102B700000309844D0E7591C03911A70D6E7F7B596
:102B800000290270BABF49422D232B230929437023
:102B900028DD0DF107030A271D461A46013BB1FB4C
:102BA000F7F607FB1614303402F8014C0C46314698
:102BB000632CF2DC3031941E03F8011C411C2346C7
:102BC000AB420AD30DF109039B1AAC4288BF002324
:102BD00002330344181A03B0F0BD13F8016B01F877
:102BE000016FEDE7302330318370031DC170F1E7D1
:102BF0002DE9F047164698468A6807460B690C4649
:102C0000DDF820909342B8BF1346336091F843201B
:102C10000AB1013333602368990642BF3368023337
:102C20003360256815F0060506D104F1190AE3683A
:102C300032689B1AAB422BDC94F843302268003B8D
:102C400018BF0123920630D404F1430241463846AE
:102C5000C847013023D023681A3454F80A2C03F0F3
:102C60000603042B0ABF54F80E5C002533684FF0AE
:102C7000000608BFED1A54F8123C08BF25EAE575B6
:102C80009342C4BF9B1AED18B5421AD1002008E048
:102C90000123524641463846C847013003D14FF020
:102CA000FF30BDE8F0870135C1E7E1185A1C30203C
:102CB0000233224481F8430094F8451082F843100F
:102CC000C2E70123224641463846C8470130E6D0D4
:102CD0000136D9E710B50C46B1F90E10FBF780FFAD
:102CE0000028ABBF636DA3891B1823F48053ACBFCE
:102CF0006365A38110BD002070472DE9F0411F4698
:102D00008B8905460C46DB05164605D502230022B5
:102D1000B1F90E10FAF75CFFA3893246B4F90E1030
:102D2000284623F48053A3813B46BDE8F041FAF7DF
:102D300091BB10B50C46B1F90E10FAF749FF431CD0
:102D4000A38915BF606523F4805343F48053A381A6
:102D500018BFA38110BDB1F90E10FAF7F9BB0246F6
:102D600010B5147813460132002CFAD1013B11F84A
:102D7000012B03F8012F002AF9D110BDC9B2034677
:102D8000184613F8012B12B18A42F9D17047002975
:102D900018BF00207047034611F8012B03F8012BE0
:102DA000002AF9D1704710B56AB10139841810F8BA
:102DB000012B11F8013F9A4203D1A04201D0002A11
:102DC000F5D1D01A10BD1046FCE70139034610B505
:102DD00032B111F8014F013A03F8014B002CF7D141
:102DE0001A440021934200D110BD03F8011BF9E7FA
:102DF0000246014410B58A42134603D01C780132C2
:102E0000002CF8D1181A10BD0A7870B56AB970BDD7
:102E10009A4209D10C46054614F8013F002BF6D022
:102E200015F8016F9E42F7D001300378002BEFD1E7
:102E30001846ECE770B504460D46164645EC104BB7
:102E4000FBF736FA51EC100B7EB1C5F30A53C3F110
:102E50006B03002B09DD1B05002403F17F5522467F
:102E600005F540152B46D5F72BFB41EC100B70BD3B
:102E7000FAF75EB9FAF7E4B930B514469BB00546E7
:102E80001A46002C05DA8B2303604FF0FF301BB08D
:102E900030BD4FF40273009104916946ADF80C30D7
:102EA00014BF04F1FF332346029305934FF6FF73DB
:102EB000ADF80E301E9BFBF7C7FA431CBCBF8B233B
:102EC0002B60002CE3D0009B00221A70DFE72DE975
:102ED000F74F036907460C69A342C0F28380013CA7
:102EE00000F1140501F11408A30055F8242008EBA3
:102EF0008409009305EB8403019358F824300133CF
:102F00009A42B2FBF3F631D34FF0000AC446AE4604
:102F1000D3465CF8043B98B2E1454FEA134306FB05
:102F200000A04FEA104280B206FB0323DEF8002027
:102F300092B24FEA134AA2EB00029BB2DEF8000005
:102F40005A44C3EB224392B203EB104342EA0342DA
:102F50004FEA234B4EF8042BDBD2009BEB582BB9E6
:102F6000019B043B9D421A4630D33C61384600F039
:102F7000A0FA002826DB2946002058F8042BD1F8B7
:102F800000C01FFA82FEC1451FFA8CF34FEA1242BD
:102F9000A3EB0E030344C2EB23429BB202EB1C42A1
:102FA00043EA02434FEA224041F8043BE5D255F898
:102FB000242005EB840322B9043B9D421A460BD31F
:102FC0003C610136304603B0BDE8F08F1268043B27
:102FD000002ACAD1013CC5E71268043B002AEFD1A0
:102FE000013CEAE70020EEE7B1F90C202DE9F041C1
:102FF000170705460C4656D44B68002B02DC0B6CB9
:10300000002B3DDDE66A002E3AD0002312F48052F8
:103010002F68216A2B6025D0626DA389580705D5DA
:103020006368D21A636B0BB1236CD21A216A002336
:10303000E66A2846B047411C24D000236360236918
:103040002360A389DA0400D56065616B2F60B9B194
:1030500004F14403994202D02846F9F739F80023D5
:1030600063630DE001232846B047461C0246D4D1D5
:103070002B68002BD1D01D2B01D0162B2AD12F600D
:1030800000202EE02A68B4F90C3042B11D2A01D08C
:10309000162A21D10023636023692360D5E762608B
:1030A00022692260CEE70F69002FE9D093070E68EE
:1030B0000F600CBF4B690023A6EB07088B60B8F1CB
:1030C000000FDDDD43463A46216A2846A66AB0472E
:1030D000002808DCB4F90C3043F040034FF0FF3017
:1030E000A381BDE8F0810744A8EB0008E7E770B5CD
:1030F00068234D1E0E465D4305F17401F9F766F82D
:10310000044640B1002105F16802C0E900160C3008
:10311000A060FFF79BFC204670BD2DE9F8430646F2
:10312000884600F148040027D4E90195B9F1010966
:1031300005D52468002CF7D13846BDE8F883AB8963
:10314000012B07D9B5F90E30013303D0294630469B
:10315000C04707436835E9E703694A11B3EB611FCC
:103160002DE9F04304DC002303610023436131E0D7
:1031700000F1140411F01F0104EB830604EB820537
:103180000CD100F110072946B14231D39B1AEA1E37
:103190009B00964238BF0023234415E054F8227068
:1031A000C1F1200805F1040EA146CF407645F44652
:1031B00012D89A1A01359200043AAE4238BF002262
:1031C000A318A75007B104331A1BA3424FEAA20267
:1031D0000261CAD0BDE8F083DCF800C00CFA08FC3C
:1031E0004CEA070749F8047B5EF8047BCF40DDE733
:1031F00051F804CB47F804CFC6E7A0F13003092B00
:1032000002D82038C0B27047A0F16103052B01D865
:103210004738F7E7A0F14103052B01D82738F1E73C
:1032200000207047C2F10802920070B5C2F120067A
:103230004368046803FA06F5D3402C43046040F861
:10324000043F8842F4D370BD0368013330B511F8F0
:10325000014B14B90360012030BD13F8012BA2F11A
:103260004105192D98BF2032A242F0D00020F3E78B
:103270000B6801682DE9F04F5E1113F01F034FF04A
:10328000000587B002EB860682469046AB4618BF23
:10329000043601930295371F46F8045CB9463C4654
:1032A0004B1C4A78039342B3104605910492FFF7F2
:1032B000A4FF002851D1049A0599202A18D8029B0E
:1032C0009B4513DD4C4506D2072D04DC2A464946B2
:1032D0002046FFF7A7FF444551D90023A4F1040974
:1032E000CDF808B044F8043C1D464C460399D7E796
:1032F000292A56D10231CAF80010BBF1000F50D074
:103300004C4506D2072D04DC2A4649462046FFF7E5
:1033100089FF444535D9A8F10402234653F8041B1C
:103320009F4242F8041FF9D23B1B033E01340022A6
:1033300023F003030433B44288BF0423434443F817
:10334000042B9F42FBD23B681BB9474527D1012381
:103350003B60052007B0BDE8F08F01350BF1010B94
:10336000082D05DD4445C1D90023043C0125236017
:10337000226800F00F0040EA02102060B6E708253E
:10338000B4E7019B002BDED0C3F120034FF0FF32E6
:10339000DA4056F8043C134046F8043CD3E7043FB7
:1033A000D1E70420D6E770B50C46B1F90E1096B0FF
:1033B000154600291E460CDAA389002113F0800F60
:1033C00014BF40234FF48063002031602B6016B09F
:1033D00070BD6A46FBF734FC0028EDDB019901F46F
:1033E0007041A1F50053594259414FF48063EBE716
:1033F00082B001B901A942B14BB113780B601278C8
:10340000101E18BF012002B070471046FBE76FF096
:103410000100F8E7B0F5803F034636BF0304002003
:103420001020B3F1807F3CBF1B020830B3F1805FF6
:103430003CBF1B010430B3F1804F03D3002B0ADBE8
:10344000013070479B0001D5023070475B0001D509
:1034500003307047202070470368024613F00700CE
:103460000BD0D90721D4980747BF5B0801209B08E0
:1034700002204CBF13601360704799B209B91B0C4E
:103480001020D9B209B908301B0A190704BF1B095B
:103490000430990704BF9B080230D90703D45B08A6
:1034A00000F1010003D01360704700207047202016
:1034B000704703460A690069801A30B50ED114338B
:1034C000143103EB820401EB820154F8045D51F8DE
:1034D000042D954203D005D24FF0FF3030BDA342FA
:1034E000F3D3FBE70120F9E72DE9F04F85B0CDE9F3
:1034F000001002A9FAF702FF03A9009855EC104B3F
:10350000FAF7FCFE019B2F4620461969009B1B69B8
:10351000C91ADDE902325BEC10AB9B1AD94603EB0A
:103520004113002BCDBF2A46C3EB03335A4602EBAF
:103530000357D8BF02EB0359524639464B46D5F7DD
:10354000E9F841EC100B05B0BDE8F08F013902F14C
:103550001403491170B501311469051F00EB810195
:1035600003EB8404A3420CD3A31A1132113B23F0C2
:103570000303A24288BF002318440023884205D3D6
:1035800070BD53F8046B45F8046FEBE740F8043B5B
:10359000F4E700F114024B110069984210B511DBF9
:1035A0000ADD11F01F0107D052F8234024FA01F080
:1035B00000FA01F18C420BD102EB8303934203D852
:1035C000002010BD0346F7E753F8041D0029F5D08D
:1035D0000120F6E738B502FB01F52946F8F7F6FDBC
:1035E000044618B12A460021FFF730FA204638BDBC
:1035F000F8B5074615460C4621B91146BDE8F84016
:10360000F8F7E4BD22B9F8F763FD00242046F8BDC1
:1036100000F043F9A842F9D229463846F8F7D6FD1A
:1036200006460028F1D021462A46FFF7E8F9214650
:1036300038463446F8F74CFDE8E72DE9F0471F46D9
:103640008E6882460C46BE4290460B682DD8B1F972
:103650000C2012F4906F26D06569096905EB4505C9
:10366000A3EB01097B1C05EBD5754B446D109D4206
:1036700038BF1D46530527D52946F8F7A7FD06464E
:1036800060B34A462169FFF7BAF9A38923F490632E
:1036900043F08003A38126614E446561A5EB0905D3
:1036A00026603E46A560BE4200D93E4632464146AF
:1036B0002068FFF7B1F9A36800209B1BA360236873
:1036C00033442360BDE8F0872A46FFF791FF0646A2
:1036D0000028E0D121695046F8F7FAFC0C234FF09E
:1036E000FF30CAF80030A38943F04003A381E9E723
:1036F00038B54B1C144603D14FF0FF35284638BD72
:103700009389CDB223F0200393815368526B8AB121
:10371000A26B9A4208DD23685A1E226003F8015CFE
:10372000636801336360E9E7214600F072F800281E
:10373000F1D0E1E72169226841B1914206D212F845
:10374000011CA94202D1013A2260EAE7C4E90F2331
:1037500004F1440363630323A363234603F8465F32
:1037600023600123DEE710B50C46496B69B104F113
:103770004403994201D0F8F7ABFC0020236C60634E
:10378000636013B1E36B236010BD23694FF0FF301A
:10379000236000236360A38943F02003A381F3E740
:1037A00070B50B78044601385E2B04F1FF0513BF9A
:1037B0004A1C8A1C4B78002108BF012100F8011F18
:1037C000A842FBD10BB9501E70BD81F0010110461B
:1037D000E154024612F8015B2D2D05D05D2D16D067
:1037E000002DF1D02B46F2E746785D2EFAD0B34299
:1037F000F8DC02301A4601329642A154FBDCF21A80
:103800005D1C013AB342A8BF0022AB18E1E71046A5
:10381000DAE72DE9F0410C46496B04F14403994283
:103820001AD14FF48061F8F7D1FC18B94FF0FF308E
:10383000BDE8F0814FF48063606300F2FD30A36364
:1038400094F84630837094F84530437094F84430CF
:10385000037020600020EBE7A66B77003A46FFF785
:10386000C7FE05460028E1D000EB060801463246B7
:103870004046FFF7C4F8C4F80080C4E90D57E9E7F3
:103880000346084641B1FF2A04D98A224FF0FF308F
:103890001A60704701200A70704751F8043C181FE5
:1038A000002BBCBF0B58C018704700000654FD7FAA
:1038B00001000000D52202000000000031270200B4
:1038C000000000007127020000000000B527020080
:1038D00000000000ED270200000000002D4B020058
:1038E0000000000000000000A4390300CD7D0200AC
:1038F00000000000E17E0200000000000000000067
:10390000C839030000000000EC390300000000008B
:10391000103A0300D92C02000000000019390200FF
:103920000000000059D1010000000000C53F020066
:10393000000000004921020000000000F521030002
:103940000000000015BF02000000000000000000A1
:10395000343A0300812103000000000059ED01000A
:1039600000000000B1470200000000007DD400000C
:10397000000000002DFF000000000000110F0100FA
:1039800000000000F920010000000000DD510100EE
:1039900000000000CD6A0100000000003D7E010033
:1039A0000000000063B104003C4F0300C43D03006D
:1039B00060EA0020AC4D0120C9290200000000008F
:1039C00000000000304F030049B30400804F0300A3
:1039D000A03D030066EA0020284E0120C932020003
:1039E0000000000000000000744F03008EB10400CE
:1039F00000000000803D030062EA0020000000009B
:103A0000891C03000000000000000000544F030068
:103A100082B30400A44F0300E03D030068EA0020E5
:103A2000D0E7002065350200000000000000000023
:103A3000984F0300F8B1040000000000883D030027
:103A400064EA002000000000692D02000000000070
:103A500000000000604F030000000000DB1A0300BC
:103A600000000000DB1A030000000000DB1A030066
:103A700000000000DB1A030000000000DB1A030056
:103A8000A55302002D22030000000000DB1A0300F2
:103A900000000000DB1A0300103A0300A51F03001A
:103AA00000000000DB1A030000000000DB1A030026
:103AB00000000000DB1A030000000000DB1A030016
:103AC00000000000DB1A030000000000DB1A030006
:103AD00000000000DB1A030000000000DB1A0300F6
:103AE00000000000DB1A030000000000DB1A0300E6
:103AF00000000000DB1A030000000000DB1A0300D6
:103B0000000000001137020000000000DB1A030073
:103B100000000000DB1A030000000000DB1A0300B5
:103B200000000000DB1A030000000000DB1A0300A5
:103B300000000000DB1A030000000000DB1A030095
:103B400000000000DB1A030000000000DB1A030085
:103B500000000000DB1A030000000000DB1A030075
:103B600000000000DB1A030000000000DB1A030065
:103B700000000000DB1A030000000000DB1A030055
:103B800000000000DB1A030000000000DB1A030045
:103B900000000000DB1A030000000000DB1A030035
:103BA00000000000DB1A0300A95E02002D220300C2
:103BB00000000000DB1A030000000000DB1A030015
:103BC00000000000DB1A030000000000DB1A030005
:103BD00000000000DB1A030000000000DB1A0300F5
:103BE0008D5B02002D22030000000000DB1A0300A1
:103BF00000000000DB1A030000000000DB1A0300D5
:103C000000000000DB1A030000000000DB1A0300C4
:103C100000000000DB1A030000000000DB1A0300B4
:103C200000000000DB1A030000000000DB1A0300A4
:103C300000000000DB1A030000000000DB1A030094
:103C400000000000DB1A030000000000DB1A030084
:103C500000000000DB1A030000000000DB1A030074
:103C600020FA0020109C0120001000000107010034
:103C7000000000000000000000000000F5FFFFFF52
:103C8000000000001DFE0300000000000000000016
:103C9000F8EF0020107801200010000021E400005F
:103CA000000000000000000000000000F9FFFFFF1E
:103CB000000000000DE9030000000000000000000B
:103CC0000805012010C4012000100000414501003A
:103CD00000000000000000000000000005000000DF
:103CE00000000000C62404000000000000000000E6
:103CF00018FB002010AC012000180000B9260100BC
:103D000000000000000000000000000005000000AE
:103D10000000000027150400000000000000000063
:103D2000B00D012010D4012000100000015B010043
:103D3000000000000000000000000000050000007E
:103D400000000000713104000000000000000000CD
:103D5000F0F8002010980120000400001DFB000076
:103D6000000000000000000000000000050000004E
:103D700000000000A3F003000000000000000000AD
:103D8000751C030000000000931D0300292E020093
:103D9000912D0200392D02005F1D0300292D020024
:103DA00031310200CF1D0300DB1D0300EF1D0300B6
:103DB000F91D0300031E0300A12F0200C12E020003
:103DC00000000000212A02006F1C0300431C0300B6
:103DD00000000000F12802000000000000000000C8
:103DE0004B1E0300B13402003D1E03004F200300B0
:103DF000711E0300991E0300CD1E0300DD1E03008B
:103E00000B1F0300171F0300DD1E0300FB1E030032
:103E1000231F0300311F03003F1F0300751F030012
:103E2000791F030078BD040003000000AD89040081
:103E30000300000080B104000300000073BC040014
:103E40000300000065A204000300000020B204008B
:103E50000300000011B0040003000000608C0400A7
:103E600002000000288D040003000000EA8D040019
:103E700003000000C4BF0400030000002AAA0400DD
:103E80000300000073B804000300000093C704009F
:103E9000030000004DAF04000300000057AF040012
:103EA00003000000F2AF0400030000009EAF040016
:103EB00003000000ABAF040003000000E4AF040007
:103EC0000300000063AF040003000000EAFE0300EB
:103ED000030000006F9704000300000075970400C2
:103EE000030000000DB004000300000092B30400C2
:103EF00003000000FAAF040003000000984B030029
:103F0000204C0120899704000000000004000000FC
:103F10000F00000001000000080000002400000065
:103F200064000000740000000D0000000C000000A0
:103F30000E0000005000000078000000AC000000FF
:103F400008000000FFFFFFFF49000000FFFFFFFF28
:103F500080970400A8E70020A042012084E7002009
:103F6000020000001C4B03009C420120304B030068
:103F70000CEB002075970400C02B012010EC0120F1
:103F800034500300044C0300C44A0300804803007B
:103F9000844A0300D8470300844B0300DC4B030032
:103FA000704A030000480300184C0300C84B03008C
:103FB000B44B0300F04B0300EC470300104A03002E
:103FC000C4470300000000000000000000000000E3
:103FD00000000000000000000F6A0300186A0300E0
:103FE00000000000C9C40000010A00000D6A0300BF
:103FF000ED690300000000008DD300000100000007
:104000008A3704008E370400A4480300C960010009
:1040100001000000D7680300DC6803000000000016
:104020001DCA00000123000080010400B8670300DE
:104030000000000071D0000001230000B7690300F8
:10404000C26903000000000089C50000010A0000E9
:10405000FA6703000268030000000000F9CC0000CA
:1040600001230000556903005F69030000000000A0
:1040700049C6000001060000416503001E690300F7
:104080000000000049C8000001060000FE6A0300AD
:10409000CD6A030000000000B5EC02000100000042
:1040A0003B6B03000E6B030000000000ABEC020052
:1040B00001000000416A0300466A0300000000009E
:1040C000FDBB0000010A0000E9370400A16A0300FB
:1040D00000000000BFEC020001000000F9580400DD
:1040E0007E6A030000000000E1BB00000100000048
:1040F00000000000000000000000000000000000C0
:1041000000000000089004000F9004000000000070
:104110003DE6010000000000BD560300A59104002B
:1041200000000000C1E601000000000086920400CB
:1041300090920400000000001DE701000300000051
:10414000DF560300E55104000000000059E60100BD
:1041500002000000F3AF0400AF920400904103009E
:104160000000000000000000C1900400C89004009E
:1041700000000000719C0000010100008E56030049
:104180001F91040000000000A9E6010000000000EB
:10419000000000000000000000000000000000001F
:1041A00000000000C3950400C89504000000000052
:1041B00055EA010002000000B86303009E9304006A
:1041C00000000000C1E7010000000000629504004B
:1041D0006995040000000000F9E9010002000000F8
:1041E000869404008D94040000000000ADE80100F6
:1041F00000000000FF940400079504000000000088
:104200009DE9010002000000000000000000000025
:0C421000000000000000000000000000A2
:104220000000000008F203000100000023F2030078
:104230000200000038F20300030000004BF203000C
:104240000400000059F203000500000067F20300BB
:104250000600000077F20300001000008EF2030059
:1042600001100000A5F2030002100000BDF20300DF
:1042700003100000D4F2030004100000EBF203006E
:104280000510000006F303000610000015F30300FC
:10429000071000002CF303000810000046F3030091
:1042A000091000005EF303000A10000072F303001F
:1042B0000B10000089F3030000600000A1F303006D
:1042C00001600000B9F3030002600000D3F30300B3
:1042D00003600000EAF303000460000001F403003F
:1042E0000560000016F40300066000002CF40300D3
:1042F0000070000048F403000170000058F403004F
:104300000270000071F40300037000007FF40300EA
:104310000A1A00008DF403000B1A0000AAF403002F
:10432000FFFFFFFF0000000000000000F3F10300AA
:1043300001000000FFF10300FFFFFFFF000000008D
:10434000000000008F78040001000000D9F1030094
:1043500002000000E1F10300FFFFFFFF000000008A
:104360000000000071F10300010000008DF1030066
:1043700002000000ADF10300FFFFFFFF000000009E
:104380000000000031F10300010000003DF10300D6
:104390000200000056F10300FFFFFFFF00000000D5
:1043A0006400000092FF0300650000009FFF03000F
:1043B00066000000ADFF030067000000C2FF0300BD
:1043C00068000000D8FF030032000000EBFF03008C
:1043D00033000000FEFF030034000000130004005F
:1043E0003500000029000400FFFFFFFF000000006F
:1043F00000000000554E040001000000644E04005F
:1044000002000000834E0400FFFFFFFF00000000D9
:1044100000000000BB68040001000000CF68040039
:1044200002000000DD680400030000009B68040037
:104430000F000000C5650400FFFFFFFF0000000043
:1044400000000000596804000100000072680400C8
:104450000200000086680400030000009B6804005E
:1044600003000000B2680400FFFFFFFF000000002F
:10447000000000001966040001000000216604002D
:1044800002000000426604000300000063660400AE
:10449000040000007C66040005000000956604002E
:1044A00006000000AE66040008000000C7660400B5
:1044B00009000000DE6604000A000000F566040042
:1044C0000B000000116704000C0000002E670400C0
:1044D0000D0000004A6704000E0000006A67040037
:1044E0000F0000008B670400100000000466040049
:1044F00011000000A367040012000000B16704006F
:1045000013000000C867040014000000E267040004
:1045100015000000F36704001600000003680400A3
:10452000170000001B680400180000002F6804003A
:104530003E000000C56504001A0000003C6804004D
:10454000FFFFFFFF0000000000000000CC6504003A
:1045500001000000DD65040002000000F6650400B3
:1045600010000000046604001E000000C565040081
:10457000FFFFFFFF00000000000000009D65040039
:1045800001000000AE6504001E000000C5650400C7
:10459000FFFFFFFF00000000A96C0200452303009D
:1045A0000D770200C7D50400E7050400CAD5040052
:1045B0001B5B4A00001B5B4800001B5B324A00008B
:1045C0001B5B4A00001B5B6D00001B3700001B38A3
:1045D00000001B5B3F336C00001B5B4800001B5B53
:1045E000324A00001B3700001B38000000000000AA
:1045F0000338FDD8704700007856341226000000BA
:104600000100010000000000014B0000DA0700007B
:10461000ABFFFFFFB9FFFFFFF4FFFFFF000000004B
:1046200000000000A0252600040412040000000081
:1046300088130000000000000000000000000000DF
:10464000000000000000000000000000000000006A
:104650000000000000000000BC89D897B2D29C3C4A
:1046600033A7A8D523F649393DA7F444FD0FA53259
:104670009D978CCF08BA5B25436FAC642806681100
:104680000080E03779C34143176E05B5B5B893464E
:10469000F5F93FE9034F384D321D30F94877825A1A
:1046A0003CBF737FDD4F1575000000000000F03F38
:1046B00000000000000024400000000000005940FD
:1046C0000000000000408F40000000000088C34050
:1046D00000000000006AF8400000000080842E41C5
:1046E00000000000D01263410000000084D7974111
:1046F0000000000065CDCD41000000205FA0024217
:10470000000000E876483742000000A2941A6D428B
:10471000000040E59C30A2420000901EC4BCD6427E
:1047200000003426F56B0C430080E03779C3414329
:1047300000A0D8855734764300C84E676DC1AB439F
:10474000003D9160E458E143408CB5781DAF1544BD
:1047500050EFE2D6E41A4B4492D54D06CFF0804498
:10476000F64AE1C7022DB544B49DD9794378EA44AD
:10477000A4540300B4540300C0540300CB540300FA
:10478000E3540300ED540300F95403000E550300F5
:1047900022550300B2520300B2520300B25203008A
:1047A000B2520300B2520300B25203002D5503006F
:1047B000345503004B5503005D5503006F5503004E
:1047C000825503008E560300965603000000000039
:1047D00087EC020001000000BD560300C256030032
:1047E00000000000D5B8000001000000DF56030003
:1047F000E5560300000000007DB900000200000043
:1048000021570300275703001448030039BB000059
:1048100000000000184803004D57030058570300DC
:104820004048030039BB0000000000000000000009
:104830000000000000000000000000000000000078
:10484000444803008ABD04008357030000000000B1
:10485000E9B9000000000000BABD0400A65703003B
:1048600000000000CDB900000000000000000000C2
:104870000000000000000000000000000000000038
:104880004C6B0300516B0300C43F0300B9BB000035
:104890000000000029F3030063310400BA6E040035
:1048A0006B310400A8480300E9370400D137040045
:1048B000000000005162010001000000F037040018
:1048C000FD37040000000000096801000106000037
:1048D0003538040025380400000000004D6901004F
:1048E00001000000413804004D38040000000000C1
:1048F00041660100010C0000743804007E38040099
:1049000000000000B1640100010B00009B380400AE
:10491000A63804000000000031610100010600001B
:10492000C4380400CC38040000000000B16201006B
:10493000010B0000FF380400EF3804000000000005
:1049400073F20200010000001F3904000F39040057
:1049500000000000F1600100010000000000000004
:104960000000000000000000000000000000000047
:10497000B6610400CE610400D8610400E96104005E
:1049800005620400276204004662040059620400C4
:104990006962040093620400BD620400D0620400F6
:1049A000E3620400FD6204000A630400396304004A
:1049B0006B630400A4630400E0630400A2610400CC
:1049C000A2610400A2610400A2610400A2610400CB
:1049D000A2610400A2610400A2610400A2610400BB
:1049E000046404000F640400246404004D640400A3
:1049F0006A64040086640400A7640400BE640400C2
:104A0000CF640400056504004B6504009365040051
:104A1000308104003C81040000000000E5AF01008B
:104A2000000000007DFF020091FF02000000000076
:104A300081FF02008027012000010000DF08030041
:104A4000A50803000200000000000000408F0400E1
:104A5000488F04000000000000000000000000007B
:104A60009ADD0300508F0400548F0400588F040017
:104A7000DB8F0400E28F0400F04003000000000020
:104A8000000000001C96040023960400984A0300CE
:104A900000000000000000009C4A0300B86303000F
:104AA0003396040000000000B1EA0100000000009D
:104AB00000000000000000000000000000000000F6
:104AC00000000000F6960400FB960400D84A03009C
:104AD0000000000000000000DC4A0300BC5403009A
:104AE00009970400000000004DEC010000000000E8
:104AF000199704001D970400000000004F0D0300EB
:104B000000000000000000000000000000000000A5
:104B100000000000000000003A00000030590120B1
:104B20001E000000A9130300503F03007CE7002093
:104B3000FC3E03005C4B03000C4C012064000000B1
:104B4000484B0300C84B0120B82C01208000000016
:104B500000000000730D030002000000791603003E
:104B6000144C0120305901201E00000091ED01007D
:104B7000C10D03009D0D0300E30D0300AF0D030005
:104B8000000000004F580300D49B04000000000008
:104B900005FE0100010000003115030009150300A6
:104BA000CD1603000000000000000000000000001F
:104BB00000000000BC9D0400C39D04000000000034
:104BC0009D0C0200010000009D540300ED9D0400B7
:104BD0002C4C0300B50D020001010000929E040060
:104BE0009A9E0400000000005D0C0200010000001D
:104BF000AB9E0400B19E0400584C0300000000006E
:104C00000000000028390400D79E040000000000C6
:104C1000810D020001000000E59E0400E99E0400F1
:104C200000000000B517030000000000304C030036
:104C30000C9F0400149F0400000000000D0C0200F3
:104C40000100000000000000000000000000000063
:104C500000000000000000005C4C0300589F0400AE
:104C6000619F040000000000090D02000100000027
:104C70007E9F04008D9F0400FC4C03000000000098
:104C8000000000003DA0040044A004003C4E0300CE
:104C900000000000000000005BA0040061A0040010
:104CA000FC4D030000000000000000000A99040011
:104CB00078A00400BC4D03000000000000000000CC
:104CC00087A004008CA004007C4D0300B90C0200F6
:104CD000010100009FA00400A5A004003C4D0300BA
:104CE00000000000000000000000000000000000C4
:104CF000000000000000000000000000004D030064
:104D0000B7A00400C1A00400000000003518030093
:104D100001000000F9A0040000A104000000000050
:104D2000E717030001000000000000000000000081
:104D3000000000000000000000000000404D0300E3
:104D4000BA54030037A1040000000000B9170300A3
:104D50000100000065A104006AA104000000000039
:104D6000390C0200010000000000000000000000FB
:104D7000000000000000000000000000804D030063
:104D8000DD9C040096A10400000000004F18030001
:104D900001000000E4C80400D5A1040000000000E8
:104DA0009D1803000100000000000000000000004A
:104DB000000000000000000000000000C04D0300E3
:104DC000DD9C0400E8A10400000000004D0C02007E
:104DD00001000000E4C80400F8A104000000000085
:104DE000DB170300010000000000000000000000CD
:104DF000000000000000000000000000004E030062
:104E0000DD9C040007A2040000000000011803005C
:104E100001000000E4C804001FA20400000000001C
:104E200083180300010000000000000000000000E3
:104E3000000000000000000000000000404E0300E1
:104E4000DD9C040036A20400000000001B180300D3
:104E500001000000E4C804004EA2040000000000AD
:104E600069180300010000000000000000000000BD
:104E7000000000000000000000000000070000002B
:104E8000000000000000000000800000343A030031
:104E9000010000000000000000800000343A030020
:104EA000020000000080000000000F00343A030000
:104EB000030000000080000000000F00343A0300EF
:104EC0000400000000800F0000200000343A0300BE
:104ED0000500000000800F0000200000343A0300AD
:104EE0000600000000A00F0000600000343A03003C
:104EF00040DB00200000000006000100020000006E
:104F0000044F030000000000D7AB040002000000C3
:104F1000E0FF0F0028DB0020DFAB040021000000D1
:104F2000E0FF0320B5280200A129020000000000D4
:104F3000344F0300010000006EB10400212B020079
:104F40005D2A020074B104005D1C0300631C0300B1
:104F50007AB10400584F03000100000096B104002C
:104F6000644F0300010000000FB2040004000000C1
:104F700000FF0000784F03000100000055B304005B
:104F8000FFFFFFFF0025844000000000000000003C
:104F900000100340000000009C4F030001000000CF
:104FA0008CB30400008000400100000000000000FD
:104FB000C44F03000000D60100000000505901203A
:104FC0004F59012000800040D04F03000100000035
:104FD000D84F0300040000001B0000000E00000278
:104FE0001A0600010F0600030080002028070000B9
:104FF00028870020803B000028C300200018000004
:1050000000000000000000000100000021B70000C7
:10501000AD3E0200C839030000000000C83903009B
:1050200001000000C839030004000000C839030073
:10503000050000009EBE0400A1BE040000000000A8
:10504000A949020000000000216C020000000000DD
:1050500000000000572403000000000000000000D2
:1050600000000000D972020097C504009CC504002E
:10507000A4C50400B0C50400F1C60400FFC60400C6
:1050800013C7040022C704002EC70400B43803006D
:10509000B43803001C3903002439030064390300C9
:1050A000A4390300F4CB0400010005001ECC040069
:1050B00002000700FACB04000400080003CC04003F
:1050C0000800040008CC04001000090012CC040001
:1050D000200008001BCC040040000A0026CC04007D
:1050E000800006000FD304000001000078E80020D3
:1050F00034000000CEFBFFFFCB03000001000000E6
:105100000000000035000000CEFBFFFFCB030000D5
:10511000010000000000000000000000000000008E
:10512000000000000000000000000000000000007F
:10513000000000000000000000000000000000006F
:10514000000000000000000000000000000000005F
:10515000000000000000000000000000000000004F
:10516000000000000000000000000000000000003F
:10517000000000000000000012E3030000C804006B
:1051800050EA002005000000190000007D0000002A
:105190007906900600000D020000000000000000EB
:1051A000A706000000000000000000000000000052
:1051B000000000000000000000009B068D06A40611
:1051C000000027020000000000000000AF06000001
:1051D00000000000000000000000000000000000CF
:1051E000000000000000AF060000880008019001E8
:1051F00018029802180398032804A8042805A80593
:105200002806A8064807C8072000280128023803F6
:10521000480448054806480738083809380A380B52
:10522000380C380D780E780F3800C8015803E804A0
:105230006806E8073809B80A780CF80D780FE0100E
:10524000A0122014A015FFFF580068026804880609
:105250007808780A780C780EA010A012A014FFFF2E
:10526000FFFFFFFFFFFFFFFF9000A803C806B8097C
:10527000B80CB80FE012E015FFFFFFFFFFFFFFFFC4
:10528000FFFFFFFFFFFFFFFF0A0032006400F40191
:10529000E803DC05D007A00F401F803E007D3200F0
:1052A0006400F401E803DC05D007A00FEAFF7AFFF1
:1052B000F4FF556E6B6E6F776E20726561736F6E63
:1052C000004D6F64656D2063726173682072656163
:1052D000736F6E3A203078257820282573292C208A
:1052E00050433A20307825780A00434D414B455FC2
:1052F000534F555243455F4449522F7372632F6D8C
:1053000061696E2E6300415353455254494F4E20FC
:105310004641494C205B25735D20402025733A258A
:10532000640A00094D6F64656D20637261736820C3
:1053300064657465637465642C2068616C74696E5F
:1053400067206170706C69636174696F6E20657845
:1053500065637574696F6E0A00646573685F73686E
:10536000656C6C20213D202828766F6964202A29ED
:10537000302900094661696C656420746F20676597
:1053800074207368656C6C206261636B656E640A7F
:105390000050494E207265736574207C200077614F
:1053A000746368646F67207C200077616B6575703B
:1053B0002066726F6D20706F7765722D6F66662044
:1053C0007C2000646562756720696E746572666131
:1053D00063652077616B657570207C2000736F6654
:1053E0007477617265207C2000435055206C6F6398
:1053F0006B7570207C2000636F6E74726F6C20611F
:10540000636365737320706F7274207C2000706F0B
:105410007765722D6F6E207265736574000A526530
:1054200073657420726561736F6E3A2025730A008C
:10543000646573685F636F6D6D6F6E5F776F726BBE
:105440007100436F756C64206E6F7420696E6974AF
:1054500069616C697A65206E72665F6D6F64656DF7
:105460005F6C69622C206572722025640A004661B7
:1054700074616C206572726F720A0043616E6E6FA8
:105480007420696E697469616C697A65204C454461
:105490007320286572723A202564290A00726573A8
:1054A000697A6500556E646566696E65642066613B
:1054B000756C7400485720574420726573657400FA
:1054C00048617264206661756C74004D656D6F7221
:1054D00079206D616E6167656D656E7420666175BA
:1054E0006C7400427573206661756C74005573614D
:1054F0006765206661756C7400536563757265201D
:10550000636F6E74726F6C207265736574004572A0
:10551000726F722068616E646C6572206372617371
:1055200068005265736574206C6F6F70004173730F
:1055300065727400556E636F6E646974696F6E6135
:105540006C20535720726573657400466C617368F4
:10555000206572617365206661756C7400466C61CC
:105560007368207772697465206661756C74005584
:105570006E646572766F6C74616765206661756CC8
:1055800074004F76657274656D70657261747572C2
:1055900065206661756C7400686561703A206661AB
:1055A000696C656420746F2072656164206B65723C
:1055B0006E656C20686561702073746174697374C2
:1055C0006963732C206572726F723A202564006BD8
:1055D00065726E656C2068656170207374617469B2
:1055E00073746963733A00667265653A20202020FF
:1055F0002020202020202025366400616C6C6F6301
:10560000617465643A202020202020253664006DD6
:1056100061782E20616C6C6F63617465643A20253B
:1056200036640A0073797374656D20686561702053
:10563000737461746973746963733A006D61782E71
:105640002073697A653A20202020202025366400C6
:1056500073697A653A2020202020202020202020F5
:1056600025366400736C6565703A206475726174E8
:10567000696F6E206D757374206265206772656155
:10568000746572207468616E207A65726F00766549
:105690007273696F6E005072696E74206170706C05
:1056A00069636174696F6E2076657273696F6E20CD
:1056B000696E666F726D6174696F6E2E00686561E8
:1056C00070005072696E7420686561702075736136
:1056D000676520737461746973746963732E0073F2
:1056E0006C65657000536C65657020666F72206E26
:1056F000207365636F6E64732E0054696D657374F7
:10570000616D70732064697361626C6564005469D3
:105710006D657374616D707320656E61626C656434
:10572000007072696E7400436F6D6D616E647320FA
:10573000666F72207368656C6C206F757470757419
:1057400020666F726D617474696E672E0074696D86
:10575000657374616D707300456E61626C652F6472
:10576000697361626C652074696D657374616D70D5
:105770007320696E207368656C6C206F757470752A
:10578000742E00456E61626C652074696D6573747A
:10579000616D707320696E207368656C6C206F7525
:1057A000747075742E0044697361626C652074694D
:1057B0006D657374616D707320696E207368656CBC
:1057C0006C206F75747075742E005B253034642DF9
:1057D000253032642D2530326420253032643A255C
:1057E0003032643A253032642E253033645D200037
:1057F00043757474696E6720746F6F206C6F6E6789
:1058000020737472696E67207768696C65207072A6
:10581000696E74696E672E2E2E0A00556E6B6E6F60
:10582000776E207072696E74206C6576656C206688
:105830006F72206E657874206C6F672E20506C65D7
:10584000617365206669782069742E0A002D2D68C1
:10585000656C700025733A20737562636F6D6D61BE
:105860006E64206E6F7420666F756E6400653261C1
:1058700039376665323537386100332E312E3100C5
:10588000444553482076657273696F6E3A20202034
:10589000202020207625732D257300444553482071
:1058A0006275696C642069643A202020202020639E
:1058B0007573746F6D0044455348206275696C645C
:1058C0002076617269616E743A2064657600257392
:1058D0003A20737562636F6D6D616E64206E6F74D4
:1058E00020666F756E640A0043616E6E6F7420717E
:1058F00075657279206D6F64656D2074696D653AA8
:1059000020657272202564006669786564007261A2
:105910006E646F6D00505400554E4B4E4F574E0005
:10592000436F6D6D6F6E2073657474696E67733A43
:105930000020206E6574776F726B206964202833B5
:1059400032626974292E2E2E2E2E2E2E2E2E2E2EC3
:105950002E2E2E2E2E2E2E2E2E2E2E2E2E2E2E2E67
:105960002E2E2575202830782530387829002020E3
:105970007472616E736D6974746572206964202835
:105980006C6F6E67205244204944292E2E2E2E2EF5
:105990002E2E2E2E2E2E2E2E2E2E2E2E2E2E2E2530
:1059A0007520283078253038782900202073686FDA
:1059B00072742052442049442E2E2E2E2E2E2E2E2E
:1059C0002E2E2E2E2E2E2E2E2E2E2E2E2E2E2E2EF7
:1059D0002E2E2E2E2E2E2E2E2E2E2E2E25752028BD
:1059E0003078253034782900202062616E64206E82
:1059F000756D6265722E2E2E2E2E2E2E2E2E2E2E92
:105A00002E2E2E2E2E2E2E2E2E2E2E2E2E2E2E2EB6
:105A10002E2E2E2E2E2E2E2E2E2564002020537458
:105A200061727475702061637469766174696F6EF8
:105A300020726164696F206D6F64652E2E2E2E2E8C
:105A40002E2E2E2E2E2E2E2E2E2E2E2E2E25730068
:105A5000202053746172747570206163746976617B
:105A600074696F6E2E2E2E2E2E2E2E2E2E2E2E2E54
:105A70002E2E2E2E2E2E2E2E2E2E2E2E2E2E2E2E46
:105A80002E44697361626C656400436F6D6D6F6E67
:105A90002052582073657474696E67733A00202031
:105AA00020206578706563746564205253534920E3
:105AB0006C6576656C2E2E2E2E2E2E2E2E2E2E2ED4
:105AC0002E2E2E2E2E2E2E2E2E2E2E2E2E2E2E25FF
:105AD0006400436F6D6D6F6E20545820736574744D
:105AE000696E67733A0020202020706F77657220FE
:105AF0002864426D292E2E2E2E2E2E2E2E2E2E2E48
:105B00002E2E2E2E2E2E2E2E2E2E2E2E2E2E2E2EB5
:105B10002E2E2E2E2E2E2E256400202020204D43AA
:105B2000532E2E2E2E2E2E2E2E2E2E2E2E2E2E2E70
:105B30002E2E2E2E2E2E2E2E2E2E2E2E2E2E2E2E85
:105B40002E2E2E2E2E2E2E2E2E2E2E256400436F20
:105B50006D6D6F6E2052535349207363616E6E6991
:105B60006E672073657474696E67733A00202063F2
:105B700068206163636573733A20525353492073FD
:105B800063616E20286D73656373292070657220D0
:105B900063682E2E2E2E2E2E2E2E2E2E2E2E256489
:105BA0000020206368206163636573733A20525359
:105BB0005349207363616E206275737920286442B3
:105BC0006D293A2E2E2E2E2E2E2E2E2E2E2E2E2EAF
:105BD0002E2E7369676E616C206C6576656C203E55
:105BE0002025640020206368206163636573733A35
:105BF0002052535349207363616E20706F73736931
:105C0000626C65202864426D293A2E2E2E2E2E2E8F
:105C10002E2E2E2E2E2564203E3D207369676E6148
:105C20006C206C6576656C203E2025640020206326
:105C300068206163636573733A205253534920733C
:105C400063616E2066726565202864426D293A2E74
:105C50002E2E2E2E2E2E2E2E2E2E2E2E2E2E7369E4
:105C6000676E616C206C6576656C203C3D20256418
:105C70000020206368206163636573733A20534397
:105C8000414E5F5355495441424C4525252E2E2EF9
:105C90002E2E2E2E2E2E2E2E2E2E2E2E2E2E2E2E24
:105CA0002E2E2E25642525005363686564756C656A
:105CB0007220636F6D6D6F6E2073657474696E67AB
:105CC000733A0020207363686564756C696E6720A1
:105CD0006F66667365742F64656C617920287573CF
:105CE000292E2E2E2E2E2E2E2E2E2E2E2E2E2E2ED9
:105CF0002E2E2E2E2E2E2E2E2E2E2E2E2E2E256497
:105D000000436F6D6D6F6E20484152512073657472
:105D100074696E67733A0020204D6F64656D206969
:105D20006E697420484152512070726F63657373BD
:105D300020636F756E742E2E2E2E2E2E2E2E2E2E4E
:105D40002E2E2E2E2E2E2E2E2E2E2E2E2E2E2E2E73
:105D50002E2E25640020204D6F64656D20696E69CC
:105D6000742048415251205258206275666665720F
:105D7000206578706972792074696D652028696E74
:105D8000206D6963726F7365636F6E6473292E2E65
:105D90002564002020484152512066656564626197
:105DA000636B2052582064656C617920287375629A
:105DB000736C6F7473292E2E2E2E2E2E2E2E2E2EB9
:105DC0002E2E2E2E2E2E2E2E2E2E2E2E2E2E2564C6
:105DD0000020204841525120666565646261636B12
:105DE000205258206475726174696F6E2028737533
:105DF00062736C6F7473292E2E2E2E2E2E2E2E2E45
:105E00002E2E2E2E2E2E2E2E2E2E2E2E25640020C1
:105E1000204841525120666565646261636B20547D
:105E2000582064656C61792028737562736C6F7497
:105E300073292E2E2E2E2E2E2E2E2E2E2E2E2E2E42
:105E40002E2E2E2E2E2E2E2E2E2E25640048535F03
:105E500044454354204D4143207363686564756C29
:105E6000696E672073657474696E67733A002020E9
:105E700073636865645F6D6F64652E2E2E2E2E2E03
:105E80002E2E2E2E2E2E2E2E2E2E2E2E2E2E2E2E32
:105E90002E2E2E2E2E2E2E2E2E2E2E2E2E2E2E252B
:105EA00073002020286669786564207363686564E0
:105EB000756C652064697361626C65643B20736C0A
:105EC0006F742073657474696E67732069676E6F91
:105ED00072656429002020726F6C652E2E2E2E2E86
:105EE0002E2E2E2E2E2E2E2E2E2E2E2E2E2E2E2ED2
:105EF0002E2E2E2E2E2E2E2E2E2E2E2E2E2E2E2EC2
:105F00002E2E2E2E2E2E25732028256429002020AB
:105F100070745F69642E2E2E2E2E2E2E2E2E2E2E77
:105F20002E2E2E2E2E2E2E2E2E2E2E2E2E2E2E2E91
:105F30002E2E2E2E2E2E2E2E2E2E2E2E2E2E2E258A
:105F4000750020206D61785F7074732E2E2E2E2EBA
:105F50002E2E2E2E2E2E2E2E2E2E2E2E2E2E2E2E61
:105F60002E2E2E2E2E2E2E2E2E2E2E2E2E2E2E2E51
:105F70002E2E2E25750020205054257520736C6F11
:105F8000742E2E2E2E2E2E2E2E2E2E2E2E2E2E2EEB
:105F90002E2E2E2E2E2E2E2E2E2E2E2E2E2E2E2E21
:105FA0002E2E2E2E2E2E2E2E25753A257500257579
:105FB000202830782530387829206973206E6F7456
:105FC00020612076616C6964206E6574776F726BF6
:105FD0002069642E0A546865206E6574776F726B51
:105FE000204944207368616C6C206265207365747D
:105FF00020746F20612076616C756520776865720A
:1060000065206E6569746865720A74686520382059
:106010004C5342206269747320617265203078307D
:1060200030206E6F7220746865203234204D5342E8
:1060300020626974732061726520307830303030AE
:1060400030302E004769766520646563656E742084
:1060500076616C756520666F7220526164696F208D
:106060004D6F6465205B312D335D2E004769766589
:1060700020646563656E7420747820696420283E0E
:10608000203029004E6F74653A2042616E642063AF
:1060900068616E676520746F2F66726F6D203420A3
:1060A00072657175697265732061207265626F6FC8
:1060B00074206F7220612072656163746976617407
:1060C000652E0042616E6420232564206973206E72
:1060D0006F7420737570706F727465642E004E6FEC
:1060E000742076616C696420484152512070726F4F
:1060F0006365737320636F756E742E004E6F74202A
:1061000076616C6964204841525120727820627532
:10611000666665722065787069726174696F6E2059
:1061200074696D6520676976656E2E0047697665CE
:1061300020646563656E742076616C7565202876D1
:10614000616C7565203C20302900476976652064C4
:106150006563656E742076616C75652028302D311D
:106160003030290073636865645F6D6F64653A2041
:106170007573652066697865647C72616E646F6DA5
:106180000A00667400726F6C653A2075736520664C
:10619000747C70740A00736C6F7420666F726D612A
:1061A00074206D75737420626520613A620A007311
:1061B0006C6F742072616E6765206D7573742062F8
:1061C000652077697468696E20302E2E2564206101
:1061D0006E642073746172743C3D656E640A005590
:1061E0006E6B6E6F776E206F7074696F6E202825EE
:1061F00073292E205365652075736167653A006DBC
:106200003A643A6E3A743A623A726800417267755B
:106210006D656E747320776974686F757420272DAF
:1062200027206E6F7420737570706F727465643A96
:106230002025730073636865645F6D6F64653D72EC
:10624000616E646F6D3A2066697865642073636877
:106250006564756C6572206F7074696F6E73206908
:10626000676E6F72656400464958454420736368E1
:106270006564756C657220726571756972657320ED
:10628000726F6C652073656C656374696F6E20282E
:106290002D2D726F6C652066747C7074290A005015
:1062A0005420726F6C653A202D2D6D61785F70748B
:1062B0007320616E64202D2D7074585F736C6F7441
:1062C000206172652046542D6F6E6C79206F70745A
:1062D000696F6E730A0070745F6964206D75737402
:1062E00020626520312E2E25640A00465420726FEC
:1062F0006C653A202D2D70745F696420697320509D
:10630000542D6F6E6C79206F7074696F6E0A006D1A
:1063100061785F707473206D7573742062652031CD
:106320002E2E25640A005054256420736C6F74204F
:106330006D7573742062652077697468696E2030AA
:106340002E2E256420616E642073746172743C3D4E
:10635000656E640A006669786564207363686564C5
:106360003A205054256420736C6F742025753A25AB
:1063700075206F7665726C617073205054256420AF
:10638000736C6F742025753A25750A0031323368B5
:106390000043616E6E6F7420737461727420616368
:1063A00074697661746520636F6D6D616E642C2015
:1063B0007265743A202564006C69737400633A69ED
:1063C0003A743A666168004368616E6E656C2025B8
:1063D00064206973206E6F7420737570706F7274AF
:1063E0006564206F6E207365742062616E64202383
:1063F00025642E0A0043616E6E6F7420737461729F
:10640000742052535349207363616E2C206572725D
:106410002025640052535349207363616E207374C6
:1064200061727465642E00693A653A743A633A663B
:1064300068610043616E6E6F7420737461727420C2
:1064400052582C20657272202564005258207374B3
:1064500061727465642E005065726620636F6D6DA5
:10646000616E642073746F7070696E672E00476987
:10647000766520646563656E742076616C75652051
:10648000666F722074686520736C6F7420636F751B
:106490006E7420283E203029004E6F742076616C87
:1064A000696420484152512070726F636573732094
:1064B0006E6272206D61782E00653A743A63736182
:1064C0006468004174206C6561737420726F6C6540
:1064D000206E65656420746F20626520676976654B
:1064E0006E2E205365652075736167653A004361C0
:1064F0006E6E6F74207374617274207065726620A2
:10650000636F6D6D616E642C207265743A20256432
:10651000007065726620636F6D6D616E64207374C8
:1065200061727465642E0072665F746F6F6C2063B5
:106530006F6D6D616E642073746F7070696E672E1D
:106540000072780072785F636F6E740072785F74A7
:106550007800556E6B6E6F776E206D6F64653A20B4
:10656000257300556E6B6E6F776E20706565726671
:10657000207266206D6F64653A20257300436F6E4C
:1065800074696E756F7573206D6F646520656E61DB
:10659000626C65642E0A00476976652064656365F0
:1065A0006E742076616C756520283E203029005479
:1065B0006F6F2068696768206672616D655F7265DC
:1065C000706561745F636F756E74206D6967687460
:1065D000206361757365206973737565732E004759
:1065E00069766520646563656E742076616C756597
:1065F00020283E3D203029006D3A743A633A653ACE
:10660000703A7368004368616E6E656C2025642083
:106610006973206E6F7420737570706F7274656427
:106620002061742062616E64202325640043616EE2
:106630006E6F742073746172742072665F746F6F12
:106640006C20636F6D6D616E642C207265743A20EE
:1066500025640072665F746F6F6C20636F6D6D618F
:106660006E6420737461727465642E0070696E6765
:1066700020636F6D6D616E642073746F7070696EEE
:10668000672E00496E76616C6964204C425420701C
:106690006572696F64202564202872616E67653AAF
:1066A000205B25642C25645D2900496E76616C6948
:1066B00064204C4254205253534920627573792010
:1066C0007468726573686F6C642025642028726139
:1066D0006E67653A205B25642C2D315D2900476982
:1066E000766520646563656E742076616C756520DF
:1066F000666F72207468652070696E6720636F75BD
:106700006E7420283E20302900693A653A743A6C4C
:106710003A6373646D61680054696D656F757420C8
:106720006E6565647320746F206265206C65737399
:10673000207468616E20696E74657276616C2E00DB
:1067400043616E6E6F742073746172742070696E31
:106750006720636F6D6D616E642C207265743A20E2
:1067600025640070696E6720636F6D6D616E6420D3
:10677000737461727465642E0043616E6E6F742071
:1067800073746172742064656163746976617465A1
:1067900020636F6D6D616E642C207265743A2025E4
:1067A0006400446561637469766174696F6E207317
:1067B0007461727465642E00646563742070696E20
:1067C0006720636F6D6D616E642E0A20557361677B
:1067D000653A20646563742070696E67205B6F7032
:1067E00074696F6E733A207365653A2064656374EB
:1067F0002070696E67202D685D0072665F746F6F30
:106800006C0052582F545820746F6F6C20666F7252
:106810002068656C70696E672072756E6E696E6750
:10682000206F66204554534920454E203330312097
:106830003430362D323A0A2073656374696F6E7393
:1068400020342E332028436F6E666F726D616E6345
:106850006520726571756972656D656E7473206609
:106860006F72207472616E736D6974746572292021
:10687000616E640A20342E342028436F6E666F7276
:106880006D616E636520726571756972656D656EA7
:10689000747320666F72207265636569766572290C
:1068A0002E0A2055736167653A206465637420720F
:1068B000665F746F6F6C205B6F7074696F6E733A94
:1068C000207365653A20646563742072665F746F37
:1068D0006F6C202D685D007065726600646563747E
:1068E000207065726620636F6D6D616E642E0A2084
:1068F00055736167653A20646563742070657266DC
:10690000205B6F7074696F6E733A207365653A200F
:10691000646563742070657266202D685D0052584E
:1069200020636F6D6D616E642E0A2055736167651B
:106930003A2064656374207278205B6F7074696FAD
:106940006E733A207365653A2064656374207278CB
:10695000202D685D00727373695F7363616E00451B
:106960007865637574652052535349206D65617372
:106970007572656D656E742F7363616E2E0A205596
:10698000736167653A206465637420727373695F2D
:106990007363616E205B6F7074696F6E733A2073FE
:1069A00065653A206465637420727373695F73630D
:1069B000616E202D685D00726164696F5F6D6F6448
:1069C0006500416374697661746520726164696F02
:1069D0002E0A2055736167653A20646563742072DE
:1069E0006164696F5F6D6F6465202D680044652D7B
:1069F000616374697661746520726164696F2E0ADF
:106A00002055736167653A2064656374206465612D
:106A10006374697661746500416374697661746555
:106A200020726164696F2E0A2055736167653A2090
:106A300064656374206163746976617465202D6890
:106A400000736574740053657420616E6420726510
:106A5000616420636F6D6D6F6E2064656374207375
:106A6000657474696E67732E0A2055736167653AA1
:106A700020646563742073657474202D68005072FF
:106A8000696E7420646563742074696D652E0A20D4
:106A900055736167653A20646563742074696D6538
:106AA000005072696E742064657368206465637455
:106AB000207374617475732E0A2055736167653A8B
:106AC00020646563742073746174757300466C751B
:106AD0007368206974656D7320696E2064656374E2
:106AE0002064657368207363686564756C65722ED5
:106AF0000A2055736167653A206465637420736387
:106B000068655F6C6973745F70757267650047656F
:106B100074206465637420646573682073636865BA
:106B200064756C6572207374617475732E0A2055D8
:106B3000736167653A206465637420736368655F99
:106B40006C6973745F7374617475730064656374E6
:106B500000436F6D6D616E647320666F72204D6FC0
:106B600053682044454354204E522B205068792EC0
:106B7000006E775F69640062616E645F6E627200CE
:106B8000736368655F64656C6179006D646D5F69EE
:106B90006E69745F686172715F70726F6365737341
:106BA0005F636F756E74006D646D5F696E69745FAD
:106BB000686172715F6578706972795F74696D651B
:106BC0005F757300736368655F686172715F6665A6
:106BD00065646261636B5F72785F64656C61795F45
:106BE000737562736C6F747300736368655F68615B
:106BF00072715F666565646261636B5F72785F7313
:106C00007562736C6F747300736368655F6861723B
:106C1000715F666565646261636B5F74785F64650C
:106C20006C61795F737562736C6F747300727373E8
:106C3000695F7363616E5F74696D65007273736918
:106C40005F7363616E5F667265655F74680072731F
:106C500073695F7363616E5F627573795F746800F7
:106C6000727373695F7363616E5F73756974616278
:106C70006C655F70657263656E74007363686564EC
:106C80005F6D6F646500726F6C650070745F69643E
:106C9000006D61785F707473007074315F736C6F36
:106CA00074007074325F736C6F74007074335F7350
:106CB0006C6F74007074345F736C6F740070743533
:106CC0005F736C6F74007074365F736C6F74006305
:106CD0005F7363616E5F74696D6500635F72785F97
:106CE0006578705F727373695F6C6576656C00665A
:106CF0006F726365007573655F616C6C5F6368617B
:106D00006E6E656C73007573655F66696C74657231
:106D100000766572646963745F747970655F636F30
:106D2000756E7400766572646963745F74797065FA
:106D30005F636F756E745F64657461696C73006F17
:106D40006E6C795F616C6C6F7765645F6368616EB0
:106D50006E656C73006C6F775F6C6174656E6379E0
:106D6000006C6F775F6C6174656E63795F776974CF
:106D7000685F7374616E646279006E6F6E5F6C62DF
:106D8000745F776974685F7374616E6462790063BD
:106D90006C69656E740073657276657200727373E8
:106DA000695F6D656173007573655F68617271001D
:106DB000635F74696D656F757400635F636F756E93
:106DC0007400635F696E74657276616C00635F73F3
:106DD0006C6F747300635F74785F70777200635FC9
:106DE00074785F6D637300635F74785F6C62745F67
:106DF000706572696F6400635F74785F6C62745F62
:106E0000627573795F746800735F74785F6964009A
:106E100074785F7077725F6374726C5F7064755FB3
:106E200072785F6578705F727373695F6C657665A1
:106E30006C0074785F7077725F6374726C5F6175F9
:106E4000746F0072665F6D6F64650072665F6D6F70
:106E500064655F706565720072785F66696E645F15
:106E600073796E63006672616D655F7265706561EE
:106E7000745F636F756E74006672616D655F7265D5
:106E8000706561745F636F756E745F696E7465724F
:106E900076616C7300636F6E74696E756F757300E5
:106EA00072785F6672616D655F73746172745F6F33
:106EB00066667365740072785F737562736C6F7465
:106EC0005F636F756E740072785F69646C655F7381
:106ED0007562736C6F745F636F756E740074785F46
:106EE0006672616D655F73746172745F6F666673FD
:106EF00065740074785F737562736C6F745F636F31
:106F0000756E740074785F69646C655F7375627325
:106F10006C6F745F636F756E740064656275670093
:106F20006475726174696F6E00635F6761705F732F
:106F30006C6F747300635F6761705F737562736C0D
:106F40006F747300635F686172715F666565646228
:106F500061636B5F72785F737562736C6F747300DB
:106F6000635F686172715F666565646261636B5FD0
:106F700072785F64656C61795F737562736C6F744E
:106F80007300635F686172715F70726F63657373C2
:106F90005F6E62725F6D617800735F686172715FCE
:106FA000666565646261636B5F74785F64656C617C
:106FB000795F737562736C6F747300735F6861726D
:106FC000715F666565646261636B5F74785F727838
:106FD0005F64656C61795F737562736C6F74730065
:106FE00055736167653A20646563742073657474D2
:106FF000203C6F7074696F6E733E0A4F7074696FD6
:107000006E733A0A20202D722C202D2D726561643A
:107010002C20202020202020202020202020202064
:1070200020526561642063757272656E7420636FAF
:107030006D6D6F6E2073657474696E67730A2020BE
:10704000202020202D2D72657365742C2020202097
:1070500020202020202020202020205265736574CD
:1070600020746F2064656661756C7420636F6D6D4C
:107070006F6E2073657474696E67730A20202D6EBD
:107080002C202D2D6E775F6964203C233E2C202020
:10709000202020202020202020536574206E65743D
:1070A000776F726B20696420283332626974290A11
:1070B00020202D742C202D2D74785F6964203C23B2
:1070C0003E2C2020202020202020202020536574CA
:1070D000207472616E736D697474657220696420C6
:1070E000286C6F6E67205244204944290A20202DC5
:1070F000622C202D2D62616E645F6E6272203C23D3
:107100003E2C2020202020202020536574207573E1
:1071100065642062616E642E0A20202020202020D9
:10712000202020202020202020202020202020205F
:10713000202020202020496D706163746564206FD9
:107140006E207768656E2061206368616E6E656C85
:1071500020697320736574206173207A65726F0AE9
:10716000202020202020202020202020202020201F
:107170002020202020202020202020202028652EB4
:10718000672E20696E20727373695F7363616E2965
:107190002E0A2020202020202020202020202020F7
:1071A00020202020202020202020202020202044BB
:1071B000656661756C743A2062616E642023312EBD
:1071C000204F7468657220737570706F7274656497
:1071D0002062616E6473206172653A0A202020206B
:1071E000202020202020202020202020202020209F
:1071F000202020202020202020322C20342C203938
:1072000020616E642032322E0A20202D6D2C202D1C
:107210002D726164696F5F6D6F6465203C233E2C45
:10722000202020202020456E61626C652F44697308
:1072300061626C652061637469766174696F6E2048
:1072400061742073746172742D75702E0A20202071
:10725000202020202020202020202020202020202E
:1072600020202020202020202020576974682072B0
:107270006164696F206D6F64653A0A2020202020C8
:1072800020202020202020202020202020202020FE
:107290002020202020202020313A204C6F77206CA5
:1072A0006174656E6379202864656661756C742904
:1072B0002E0A2020202020202020202020202020D6
:1072C00020202020202020202020202020202032AC
:1072D0003A204C6F77206C6174656E637920776912
:1072E0007468207374616E6462792E0A20202020F5
:1072F000202020202020202020202020202020208E
:10730000202020202020202020333A204C425420CE
:10731000284C697374656E204265666F72652054EF
:10732000616C6B292064697361626C65642C2077E1
:10733000697468207374616E6462792E0A2020205B
:10734000202020202020202020202020202020203D
:1073500020202020202020202020343A204469733F
:1073600061626C656420616E6420726164696F2083
:107370006E6F7420616374697661746564206174F2
:107380002073746172742D75702E0A20202D642C68
:10739000202D2D736368655F64656C6179203C7591
:1073A000736563733E2C2020457374696D61746549
:1073B00064207363686564756C696E672064656CCE
:1073C000617920287573292E0A52535349206D651F
:1073D00061737572656D656E742073657474696E22
:1073E00067733A0A2020202020202D2D72737369A4
:1073F0005F7363616E5F74696D65203C6D73656377
:10740000733E2C2020204368616E6E656C206163A2
:10741000636573733A2073657420746865207469BA
:107420006D6520286D736563292074686174206917
:1074300073207573656420666F720A2020202020F7
:10744000202020202020202020202020202020203C
:107450002020202020202020202020202073636155
:107460006E6E696E6720706572206368616E6E650E
:107470006C20666F722052535349206D656173759D
:1074800072656D656E74732E0A20202020202020E6
:1074900020202020202020202020202020202020EC
:1074A0002020202020202020202020446566617597
:1074B0006C743A2032207365636F6E6473202B20E6
:1074C0006672616D652E0A2020202020202D2D72ED
:1074D0007373695F7363616E5F667265655F74681D
:1074E000203C64626D3E2C20204368616E6E656CAA
:1074F00020616363657373202D20636F6E7369640D
:107500006572656420617320667265653A0A2020A1
:10751000202020202020202020202020202020206B
:10752000202020202020202020202020202020205B
:107530006D65617375726564207369676E616C2037
:107540006C6576656C203C3D203C76616C75653ED3
:107550002E0A202020202020202020202020202033
:10756000202020202020202020202020202020201B
:107570002020202053657420612074687265736830
:107580006F6C6420666F722052535349207363619D
:107590006E2066726565207468726573686F6C64CE
:1075A000202864426D292E0A2020202020202D2D05
:1075B000727373695F7363616E5F627573795F7411
:1075C00068203C64626D3E2C20204368616E6E65CD
:1075D0006C20616363657373202D20636F6E736924
:1075E000646572656420617320627573793A0A205C
:1075F000202020202020202020202020202020208B
:10760000202020202020202020202020202020207A
:10761000206D65617375726564207369676E616C56
:10762000206C6576656C203E203C76616C75653E0D
:107630002E0A202020202020202020202020202052
:10764000202020202020202020202020202020203A
:10765000202020205365742061207468726573684F
:107660006F6C6420666F72205253534920736361BC
:107670006E2062757379207468726573686F6C64CC
:10768000202864426D292E0A20202020202020203E
:1076900020202020202020202020202020202020EA
:1076A000202020202020202020204368616E6E654D
:1076B0006C20616363657373202D20636F6E736943
:1076C000646572656420617320706F737369626CA6
:1076D000653A0A2020202020202020202020202061
:1076E000202020202020202020202020202020209A
:1076F0002020202020727373695F7363616E5F6264
:107700007573795F7468203E3D206D656173757295
:107710006564207369676E616C206C6576656C20AA
:107720003E0A202020202020202020202020202051
:107730002020202020202020202020202020202049
:1077400020202020727373695F7363616E5F6672BD
:1077500065655F74680A2020202020202D2D72731B
:1077600073695F7363616E5F7375697461626C6581
:107770005F70657263656E74203C696E743E2C2088
:10778000205343414E5F5355495441424C4520617B
:107790007320706572204D414320737065632E0A1B
:1077A00020202020202020202020202020202020D9
:1077B00020202020202020202020202020202020C9
:1077C0002020202020202020202020496D7061636F
:1077D00074206F6E6C79207769746820737562739A
:1077E0006C6F7420636F756E7420626173656420C2
:1077F000766572646963742E0A436F6D6D6F6E20D7
:1078000052582073657474696E67733A0A20202099
:107810002020202D2D72785F6578705F72737369F8
:107820005F6C6576656C2C20202020202020205362
:1078300065742064656661756C7420657870656335
:107840007465642052535349206C6576656C206FD3
:107850006E205258202864426D292E0A436F6D6DA8
:107860006F6E2054582073657474696E67733A0A9A
:107870002020202020202D2D74785F707772203CEE
:1078800064626D3E2C2020202020202020202020FB
:1078900020205365742064656661756C74205458AB
:1078A00020706F776572202864426D292E0A20208F
:1078B00020202020202020202020202020202020C8
:1078C00020202020202020202020202020202020B8
:1078D0005B2D34302C2D33302C2D32302C2D313685
:1078E0002C2D31322C2D382C2D342C302C342C379F
:1078F0002C31302C31332C31362C31392C32312C87
:1079000032335D0A2020202020202020202020202B
:107910002020202020202020202020202020202067
:1079200020202020202053656520737570706F72B1
:10793000746564206D617820666F722074686520BC
:10794000757365642062616E642062792075736965
:107950006E670A20202020202020202020202020A8
:107960002020202020202020202020202020202017
:107970002020202022646563742073746174757301
:1079800022202D636F6D6D616E64206F757470754C
:10799000742E0A2020202020202D2D74785F6D6306
:1079A00073203C6D63733E2C20202020202020205B
:1079B00020202020205365742064656661756C74F6
:1079C000204D4353206F6E2054582028302D3429E9
:1079D0002E0A4841525120706172616D6574657262
:1079E0007320696E206D6F64656D20696E69743AED
:1079F0000A2020202020202D2D6D646D5F696E6986
:107A0000745F686172715F70726F636573735F63D7
:107A10006F756E74203C696E743E2C2020436F7528
:107A20006E74206F66204841525120525820707267
:107A30006F63657373657320666F72206D6F646525
:107A40006D20696E69740A202020202020202020CB
:107A50002020202020202020202020202020202026
:107A60002020202020202020202020202020202016
:107A70002020205B312C322C342C385D2E204465A4
:107A80006661756C743A20342E0A20202020202054
:107A900020202020202020202020202020202020E6
:107AA00020202020202020202020202020202020D6
:107AB0002020202020204E6F74653A20746869735E
:107AC000206D757374206D61746368206174206229
:107AD0006F746820656E647320616E640A202020D4
:107AE0002020202020202020202020202020202096
:107AF0002020202020202020202020202020202086
:107B0000202020202020202020746F6F20626967B1
:107B10002076616C75652077696C6C206361757384
:107B20006520627566666572206F766572666C6F39
:107B300077730A20202020202020202020202020B1
:107B40002020202020202020202020202020202035
:107B5000202020202020202020202020202020281D
:107B60007365656E20617320504443204352432067
:107B70006572726F7273292077697468206869670B
:107B80006865720A2020202020202020202020202C
:107B900020202020202020202020202020202020E5
:107BA00020202020202020202020202020202020D5
:107BB0006279746520616D6F756E747320283D6DF8
:107BC00063732B736C6F7473292C0A202020202080
:107BD00020202020202020202020202020202020A5
:107BE0002020202020202020202020202020202095
:107BF00020202020202020692E652E2074686520FA
:107C000064656661756C74203420697320746F6FCD
:107C1000206269672077697468204D4353340A20D5
:107C20002020202020202020202020202020202054
:107C30002020202020202020202020202020202044
:107C40002020202020202020202020696E206E6F00
:107C50006E2D6F7074696D616C20656E7669726FE0
:107C60006E6D656E742E0A2020202020202D2D6D33
:107C7000646D5F696E69745F686172715F65787069
:107C80006972795F74696D655F7573203C696E74A4
:107C90003E2C20484152512052582062756666653C
:107CA00072206578706972792074696D652C20691D
:107CB0006E206D6963726F7365636F6E64732E0AF5
:107CC00020202020202020202020202020202020B4
:107CD00020202020202020202020202020202020A4
:107CE0002020202020202020202020204D61786985
:107CF0006D756D20737570706F7274656420766138
:107D00006C75653A20353030303030302E0A202006
:107D10002020202020202020202020202020202063
:107D20002020202020202020202020202020202053
:107D30002020202020202020202044656661756CB2
:107D4000743A20323530303030302E0A466F6C6C49
:107D50006F77696E6720696D706163746564207701
:107D600068656E20484152512066656564626163B2
:107D70006B20726571756573746564206F6E206128
:107D8000207363686564756C657220666F72205439
:107D900058206F7065726174696F6E3A0A202020F6
:107DA0002020202D2D736368655F686172715F66A6
:107DB0006565646261636B5F72785F64656C61794D
:107DC0005F737562736C6F7473203C696E743E2CC4
:107DD000204761702028696E20737562736C6F7420
:107DE0007329206265747765656E206F7572205403
:107DF0005820656E640A202020202020202020208A
:107E00002020202020202020202020202020202072
:107E10002020202020202020202020202020202062
:107E200020202020202020202020616E64207374D8
:107E3000617274696E67206F6620612052582066F7
:107E40006F7220484152510A2020202020202020FB
:107E50002020202020202020202020202020202022
:107E60002020202020202020202020202020202012
:107E700020202020202020202020202066656564EE
:107E80006261636B2E2044656661756C743A2034C0
:107E90002E0A2020202020202D2D736368655F6826
:107EA0006172715F666565646261636B5F72785F62
:107EB000737562736C6F7473203C696E743E2C2012
:107EC0005258206475726174696F6E2028696E2043
:107ED000737562736C6F74732920666F722072659C
:107EE00063656976696E670A2020202020202020A3
:107EF0002020202020202020202020202020202082
:107F00002020202020202020202020202020202071
:107F1000202020202020484152512066656564625F
:107F200061636B20666F72206F75722054582E0A41
:107F30002020202020202020202020202020202041
:107F40002020202020202020202020202020202031
:107F500020202020202020202020202020204465B8
:107F60006661756C743A2031382E0A436F6D6D6FFF
:107F70006E2073657474696E677320666F72205229
:107F800058207369646520666F7220484152512001
:107F90006F7065726174696F6E2C20652E672E207C
:107FA00073656E64696E672048415251206665654D
:107FB000646261636B3A0A2020202020202D2D73FB
:107FC0006368655F686172715F666565646261635D
:107FD0006B5F74785F64656C61795F737562736CF5
:107FE0006F7473203C696E743E2C20476170206270
:107FF00065747765656E20646174612052582061F4
:108000006E640A20202020202020202020202020F4
:108010002020202020202020202020202020202060
:108020002020202020202020202020202020202050
:10803000202020202020207374617274696E6720D4
:108040006120545820666F722070726F766964697F
:108050006E670A20202020202020202020202020A1
:108060002020202020202020202020202020202010
:108070002020202020202020202020202020202000
:108080002020202020202048415251206665656430
:108090006261636B206966207265717565737465D2
:1080A000642062790A202020202020202020202007
:1080B00020202020202020202020202020202020C0
:1080C00020202020202020202020202020202020B0
:1080D000202020202020202020636C69656E742ED3
:1080E0000A202020202020202020202020202020A6
:1080F0002020202020202020202020202020202080
:10810000202020202020202020202020202020206F
:10811000202020202044656661756C743A2034204C
:1081200028737562736C6F7473292E0A20202020C7
:1081300020202D2D736368655F686172715F6665CD
:1081400065646261636B5F74785F64656C61795FBD
:10815000737562736C6F7473203C696E743E2C206F
:10816000476170206265747765656E206461746133
:1081700020525820616E640A2020202020202020D8
:1081800020202020202020202020202020202020EF
:1081900020202020202020202020202020202020DF
:1081A0002020202020202020202020207374617295
:1081B00074696E67206120545820666F7220707257
:1081C0006F766964696E670A2020202020202020B5
:1081D000202020202020202020202020202020209F
:1081E000202020202020202020202020202020208F
:1081F00020202020202020202020202048415251D3
:1082000020666565646261636B20696620726571D2
:108210007565737465642062790A2020202020200F
:10822000202020202020202020202020202020204E
:10823000202020202020202020202020202020203E
:108240002020202020202020202020202020636C9F
:1082500069656E742E0A20202020202020202020F6
:10826000202020202020202020202020202020200E
:1082700020202020202020202020202020202020FE
:108280002020202020202020202044656661756C5D
:10829000743A20342028737562736C6F7473292EBE
:1082A0000A0A48535F44454354204D4143207363B9
:1082B000686564756C696E6720657874656E73694E
:1082C0006F6E733A0A2020202020202D2D736368C2
:1082D00065645F6D6F6465203C6D6F64653E2C2046
:1082E00020202020202020204D41432073636865FA
:1082F00064756C696E67206D6F64652E0A2020209E
:10830000202020202020202020202020202020206D
:10831000202020202020202020202020202020205D
:1083200072616E646F6D203A206C656761637920BD
:1083300072616E646F6D206163636573732028647E
:10834000656661756C74292E0A202020202020206B
:10835000202020202020202020202020202020201D
:1083600020202020202020202020202066697865E1
:108370006420203A2066697865642C20736C6F74E1
:108380002D6261736564207363686564756C696EE2
:10839000672E0A2020202020202D2D70745F696414
:1083A000203C69643E2C20202020202020202020FA
:1083B000202020202020506F727461626C65205450
:1083C00065726D696E616C2028505429206964655E
:1083D0006E7469666965722E0A2020202020202094
:1083E000202020202020202020202020202020208D
:1083F00020202020202020202020202030203D2050
:108400004669786564205465726D696E616C2028D8
:108410004654292E0A202020202020202020202001
:10842000202020202020202020202020202020204C
:108430002020202020202020312E2E4E203D205094
:108440005420696E64657820696E20666978656479
:10845000207363686564756C696E672E0A2020203E
:108460002020202D2D6D61785F707473203C4E3E6E
:108470002C202020202020202020202020202020F0
:108480004D6178696D756D206E756D626572206FD6
:10849000662050547320737570706F727465642019
:1084A0006279207468652046542E0A2020202020FE
:1084B00020202020202020202020202020202020BC
:1084C0002020202020202020202020202020436F3A
:1084D0006E74726F6C73204654206173736F63699E
:1084E0006174696F6E207461626C652073697A656E
:1084F0002E0A2020202020202D2D73665F6C656EB3
:10850000203C737562736C6F74733E2C20202020A6
:10851000202020202053757065726672616D652081
:108520006C656E67746820696E20737562736C6F1A
:10853000747320666F72206669786564207363685F
:108540006564756C696E672E0A2020202020202D1E
:108550002D7074315F736C6F74203C73746172742E
:108560003A656E643E2C20202020202046697865E4
:108570006420737562736C6F742072616E6765201E
:10858000666F72205054312E0A2020202020202D8A
:108590002D7074325F736C6F74203C7374617274ED
:1085A0003A656E643E2C20202020202046697865A4
:1085B0006420737562736C6F742072616E676520DE
:1085C000666F72205054322E0A2020202020202D49
:1085D0002D7074335F736C6F74203C7374617274AC
:1085E0003A656E643E2C2020202020204669786564
:1085F0006420737562736C6F742072616E6765209E
:10860000666F72205054332E0A2020202020202D07
:108610002D7074345F736C6F74203C73746172746A
:108620003A656E643E2C2020202020204669786523
:108630006420737562736C6F742072616E6765205D
:10864000666F72205054342E0A20202020202020D3
:10865000202020202020202020202020202020201A
:10866000202020202020202020202020536C6F74E8
:108670002072616E676573206D757374206669740E
:108680002077697468696E2073665F6C656E2E0A68
:108690000055736167653A206465637420727820C1
:1086A00073746F70207C207374617274205B2D630F
:1086B000203C6368616E6E656C5F6E62723E5D2029
:1086C0005B2D665D205B2D74203C736563733E5D9E
:1086D0000A202020202020202020202020202020B0
:1086E000202020202020202020202020205B2D65FD
:1086F000203C64626D3E5D0A202020202020202046
:108700002020202020202020202020202020202069
:10871000202020205B2D69203C736563735D205B06
:108720002D2D667265655F7468203C64626D5F76AE
:10873000616C75653E5D205B2D2D627573795F748C
:1087400068203C64626D5F76616C75653E5D0A53BE
:108750007562636F6D6D616E64733A0A2020737485
:108760006172742C20202020202020202020202016
:1087700020202053746172742052582E0A202073D6
:10878000746F702C202020202020202020202020EA
:108790002020202053746F702052582E0A53746189
:1087A0007274696E67206F7074696F6E733A0A2015
:1087B000202D63203C63685F6E62723E2C20202077
:1087C000202020202020202020202020202043683E
:1087D000616E6E656C206E756D6265722E205A65D5
:1087E000726F2076616C75653A20616C6C206368ED
:1087F000616E6E656C7320696E20612073657420F4
:1088000062616E642E0A202020202020202020205B
:108810002020202020202020202020202020202058
:10882000202020202044656661756C743A20313622
:1088300036350A20202D742C202D2D635F73636143
:108840006E5F74696D65203C696E743E2C2020203B
:1088500020205363616E6E696E6720647572617467
:10886000696F6E20696E207365636F6E64730A2092
:1088700020202020202020202020202020202020F8
:10888000202020202020202020202020202028649C
:10889000656661756C743A20313020736563732CA2
:1088A000206D61783A2036322073656373292E0A71
:1088B00020202D6520202D2D635F72785F657870F4
:1088C0005F727373695F6C6576656C203C696E746A
:1088D0003E2C2053657420636C69656E7420657846
:1088E0007065637465642052535349206C657665E6
:1088F0006C206F6E205258202864426D292E0A2069
:108900002020202020202020202020202020202067
:108910002020202020202020202020202020202057
:10892000202044656661756C743A203020286661A9
:10893000737420414743292E0A2020202020202D17
:108940002D7573655F66696C7465722C202020201C
:108950005573652066696C74657220666F7220724B
:108960006563656976696E67207061636B657473B2
:108970002064657374696E6174656420746F20741B
:10898000686973206465766963652C0A202020205D
:1089900020202020202020202020202020202020D7
:1089A000202020692E652E2073686F7274206E65FA
:1089B00074776F726B20696420616E6420726563E6
:1089C0006569766572206964656E746974790A20D8
:1089D0002020202020202020202020202020202097
:1089E000202020202020283D207478206964292020
:1089F00066726F6D2073657474696E67732E0A20DA
:108A00002020202020202020202020202020202066
:108A100020202020202044656661756C743A206611
:108A2000616C73652C206E6F2066696C7465722EA4
:108A30000A20202D662C202D2D666F7263652C2058
:108A4000202020202020202055736520737065632E
:108A500069616C20666F72636520746F206F766544
:108A600072726964652063757272656E74206974D0
:108A7000656D7320696E207068792061706920735C
:108A800063686564756C65720A20202020202020B0
:108A900020202020202020202020202020202020D6
:108AA000736F2074686174205258206F7065726112
:108AB00074696F6E20697320686176696E672070D3
:108AC00072696F72697479206F766572206F74684D
:108AD0006572732E0A2020202020202020202020B4
:108AE0002020202020202020202020204E6F746570
:108AF0003A207768656E20757365642C206F746802
:108B000065722072756E6E696E67206974656D732B
:108B100020617265206E6F74207363686564756C84
:108B2000656420746F206D6F64656D2E0A20202DA2
:108B3000612C202D2D7573655F616C6C5F636861BE
:108B40006E6E656C732C20202020204368616E6E51
:108B5000656C20616363657373206F7665727269FB
:108B600064653A0A20202020202020202020202078
:108B700020202020202020202020202020202020F5
:108B8000202074686973206973206F76657272693A
:108B900064696E67204861726D6F6E697A656420E2
:108BA0007374616E646172640A202020202020208A
:108BB00020202020202020202020202020202020B5
:108BC00020202020202020726571756972656D65F6
:108BD0006E747320284554534920454E203330315C
:108BE000203430362D322C2056332E302E312C208E
:108BF000636820342E332E322E332C0A202020207E
:108C00002020202020202020202020202020202064
:108C1000202020202020202020205461626C65200C
:108C2000322920746F20757365206F6E6C79206F08
:108C30006464206368616E6E656C206E756D62653C
:108C400072732061742062616E642023312E0A46A3
:108C50006F6C6C6F77696E67206F7074696F6E737D
:108C6000206F6E6C7920696D7061637473206F6E14
:108C70002052535349206D6561737572656D656E41
:108C8000747320647572696E672052583A0A202006
:108C90002D69203C696E74657276616C5F736563E3
:108CA000733E2C2020202020202020525353492086
:108CB0006D6561737572656D656E74207265706F38
:108CC0007274696E6720696E74657276616C206972
:108CD0006E207365636F6E64732E0A20202020203F
:108CE0002020202020202020202020202020202084
:108CF000202020202020202044656661756C743A75
:108D00002031207365636F6E64732C207A65726FF7
:108D100020746F2064697361626C652E0A20202DB7
:108D20002D667265655F7468203C64626D5F766174
:108D30006C75653E2C20202020204368616E6E6596
:108D40006C20616363657373202D20636F6E73699C
:108D5000646572656420617320667265653A0A20F5
:108D60002020202020202020202020202020202003
:108D70002020202020202020202020206D656173CD
:108D800075726564207369676E616C206C657665C9
:108D90006C203C3D203C76616C75653E2E0A20209F
:108DA00020202020202020202020202020202020C3
:108DB00020202020202020202020205365742061A6
:108DC000207468726573686F6C6420666F722052DD
:108DD000535349207363616E206672656520746821
:108DE000726573686F6C64202864426D292E0A20B6
:108DF0002020202020202020202020202020202073
:108E00002020202020202020202020204465666172
:108E1000756C742066726F6D20727373695F736313
:108E2000616E5F627573795F74680A20202020206C
:108E30002020202020202020202020202020202032
:108E400020202020202020204368616E6E656C2049
:108E5000616363657373202D20636F6E736964654E
:108E600072656420617320706F737369626C653A18
:108E70000A20202020202020202020202020202008
:108E8000202020202020202020202020202062754B
:108E900073795F7468203E3D206D656173757265FE
:108EA00064207369676E616C206C6576656C203E2A
:108EB00020667265655F74680A20202D2D627573C7
:108EC000795F7468203C64626D5F76616C75653EA5
:108ED0002C20202020204368616E6E656C20616329
:108EE00063657373202D20636F6E736964657265AB
:108EF0006420617320627573793A0A202020202053
:108F00002020202020202020202020202020202061
:108F100020202020202020206D65617375726564FB
:108F2000207369676E616C206C6576656C203E20ED
:108F30003C76616C75653E2E0A2020202020202082
:108F40002020202020202020202020202020202021
:108F500020202020202053657420612074687265D1
:108F600073686F6C6420666F72205253534920738C
:108F700063616E2062757379207468726573686FBF
:108F80006C64202864426D292E0A20202020202095
:108F900020202020202020202020202020202020D1
:108FA0002020202020202044656661756C74206696
:108FB000726F6D20727373695F7363616E5F667247
:108FC00065655F74680A0055736167653A2064657A
:108FD000637420727373695F7363616E205B6C6985
:108FE00073745D207C205B73746F705D207C205BEC
:108FF0005B2D63203C6368616E6E656C5F6E6272B0
:109000003E5D0A202020202020202020202020201B
:109010002020202020202020202020202020202050
:109020002020205B2D74203C6368616E6E656C5F50
:109030007363616E6E696E675F74696D655F6D7392
:109040003E5D0A20202020202020202020202020DB
:109050002020202020202020202020202020202010
:109060002020205B2D2D627573795F7468203C642D
:10907000626D5F76616C75653E5D205B2D2D66725D
:1090800065655F7468203C64626D5F76616C7565D0
:109090003E5D0A202020202020202020202020208B
:1090A00020202020202020202020202020202020C0
:1090B0002020205B2D69203C696E74657276616C9E
:1090C0005F736563733E5D205B2D2D666F72636514
:1090D0005D5D0A4F7074696F6E733A0A20202D63CC
:1090E000203C63685F6E62723E2C2020202020208E
:1090F0002020204368616E6E656C20746F2062656D
:10910000207363616E6E65642F6D65617375726542
:10911000642E205A65726F2076616C75653A206105
:109120006C6C20696E2061207365742062616E64CE
:109130002E0A202020202020202020202020202037
:1091400020202020202020202044656661756C743A
:109150003A20313636352E0A20202D612C202D2D37
:109160006F6E6C795F616C6C6F7765645F6368616B
:109170006E6E656C732C2020496D7061637465643C
:10918000206F6E6C792061742062616E64202331DF
:109190002C207363616E206F6E6C7920616C6C6F34
:1091A000776564206368616E6E656C7320706572AC
:1091B0000A202020202020202020202020202020C5
:1091C000202020202020202020202020202020209F
:1091D000204861726D6F6E697A6564207374616E88
:1091E0006461726420726571756972656D656E7413
:1091F000730A202020202020202020202020202032
:10920000202020202020202020202020202020205E
:109210002020284554534920454E203330312034F6
:1092200030362D322C2056332E302E312C206368D0
:1092300020342E332E322E330A20202020202020CE
:10924000202020202020202020202020202020201E
:109250002020202020202020205461626C652032B4
:1092600020666F7220312C3732364D487A20626189
:109270006E647769647468292E0A20202D2D766526
:1092800072646963745F747970655F636F756E741F
:109290002C202020202020202020526573756C7403
:1092A00020766572646963746564206261736564C5
:1092B000206F6E205343414E5F5355495441424CF9
:1092C0004520737562736C6F7420636F756E742CB8
:1092D0000A202020202020202020202020202020A4
:1092E000202020202020202020202020202020207E
:1092F00020617320706572204D4143207370656357
:109300002063682E20352E312E322E0A2020202078
:10931000202020202020202020202020202020204D
:109320002020202020202020202020205343414E98
:109330005F5355495441424C452063616E2062653C
:109340002061646A75737465642066726F6D207342
:10935000657474696E67730A202020202020202005
:1093600020202020202020202020202020202020FD
:1093700020202020202020202028727373695F7312
:1093800063616E5F7375697461626C655F7065724D
:1093900063656E74292E0A202020202020202020A2
:1093A00020202020202020202020202020202020BD
:1093B0002020202020202044656661756C743A20AE
:1093C000526573756C742076657264696374656444
:1093D00020626173656420686967686573742F6CC7
:1093E0006F776573740A2020202020202020202001
:1093F000202020202020202020202020202020206D
:1094000020202020202066726F6D206F6E20616CFE
:109410006C206D6561737572656D656E74730A207D
:10942000202020202020202020202020202020203C
:1094300020202020202020202020202020202077D5
:10944000697468696E206120676976656E2063685B
:109450005F7363616E6E696E675F74696D655F6D82
:10946000732E0A20202D2D766572646963745F74F3
:109470007970655F636F756E745F64657461696C44
:10948000732C2053616D6520617320766572646969
:1094900063745F747970655F636F756E7420627555
:1094A000742077697468207072696E74696E6720C1
:1094B000737562736C6F740A202020202020202096
:1094C000202020202020202020202020202020209C
:1094D000202020202020202064657461696C732086
:1094E000666F7220627573792F706F737369626C27
:1094F0006520737562736C6F74732E0A20202D695A
:10950000203C696E74657276616C5F736563733E4F
:109510002C20202020202020205363616E6E696E55
:109520006720696E74657276616C20696E20736560
:10953000636F6E64732E0A202020202020202020BC
:10954000202020202020202020202020202020201B
:109550002020202044656661756C743A206E6F206F
:10956000696E74657276616C2C20692E652E206F91
:109570006E652074696D65722E0A20202D74203C62
:1095800063685F7363616E6E696E675F74696D6552
:109590005F6D733E2C202054696D65207468617482
:1095A000206973207573656420746F207363616E26
:1095B00020706572206368616E6E656C2E0A2020D3
:1095C000202020202020202020202020202020209B
:1095D0002020202020202020202020446566617546
:1095E0006C742066726F6D20727373695F73636150
:1095F0006E5F74696D650A20202D2D667265655F4A
:109600007468203C64626D5F76616C75653E2C20E9
:10961000202020204368616E6E656C206163636565
:109620007373202D20636F6E7369646572656420A7
:10963000617320667265653A0A2020202020202070
:10964000202020202020202020202020202020201A
:109650002020202020206D65617375726564207361
:1096600069676E616C206C6576656C203C3D203CC2
:1096700076616C75653E2E0A202020202020202057
:1096800020202020202020202020202020202020DA
:109690002020202020536574206120746872657337
:1096A000686F6C6420666F72205253534920736355
:1096B000616E2066726565207468726573686F6C90
:1096C00064202864426D292E0A202020202020209A
:1096D000202020202020202020202020202020208A
:1096E00020202020202044656661756C74206672FD
:1096F0006F6D20727373695F7363616E5F62757300
:10970000795F74680A20202020202020202020203B
:109710002020202020202020202020202020202049
:1097200020204368616E6E656C20616363657373AE
:10973000202D20636F6E73696465726564206173A8
:1097400020706F737369626C653A0A2020202020B4
:109750002020202020202020202020202020202009
:109760002020202020202020627573795F746820DB
:109770003E3D206D65617375726564207369676E27
:10978000616C206C6576656C203E20667265655F55
:1097900074680A20202D2D627573795F7468203CEF
:1097A00064626D5F76616C75653E2C202020202000
:1097B0004368616E6E656C20616363657373202D11
:1097C00020636F6E736964657265642061732062E3
:1097D0007573793A0A202020202020202020202084
:1097E0002020202020202020202020202020202079
:1097F00020206D65617375726564207369676E61A1
:109800006C206C6576656C203E203C76616C7565DD
:109810003E2E0A2020202020202020202020202032
:109820002020202020202020202020202020202038
:109830005365742061207468726573686F6C64206E
:10984000666F722052535349207363616E206275B4
:109850007379207468726573686F6C642028644241
:109860006D292E0A202020202020202020202020AA
:1098700020202020202020202020202020202020E8
:109880002044656661756C742066726F6D2072731A
:1098900073695F7363616E5F667265655F74680AA2
:1098A00020202D662C202D2D666F7263652C2020C4
:1098B00020202020202020202020202020557365DB
:1098C000207370656369616C20666F7263652074D4
:1098D0006F206F7665727269646520637572726558
:1098E0006E74206974656D7320696E0A20202020D3
:1098F0002020202020202020202020202020202068
:10990000202020202020202020706879206170698C
:10991000207363686564756C657220736F2074686A
:1099200061742052535349207363616E73206172D6
:109930006520686176696E67207072696F726974FC
:1099400079206F7665720A20202020202020202098
:109950002020202020202020202020202020202007
:1099600020202020616E642072652D696E6974204C
:10997000746865206D6F64656D2070687920617012
:109980006920746F2063616E63656C206F6E676F12
:10999000696E67206F7065726174696F6E730A20FB
:1099A00020202020202020202020202020202020B7
:1099B000202020202020202020202020696E206DC3
:1099C0006F64656D2E204E6F74653A207768656E02
:1099D00020757365642C206F746865722072756ED3
:1099E0006E696E67206974656D7320617265206EA3
:1099F0006F740A20202020202020202020202020DA
:109A00002020202020202020202020202020202056
:109A10007363686564756C656420746F206D6F6432
:109A2000656D2E0A0055736167653A20646563743D
:109A300020726164696F5F6D6F6465203C6D6F6457
:109A4000653E0A2020436F6E6669677572652072F5
:109A50006164696F206D6F64652E0A4F7074696F61
:109A60006E733A0A20202D312C202D2D6C6F775FDC
:109A70006C6174656E63792C2020202020202020CA
:109A8000202020202020202044656661756C742EE3
:109A90002054686973206D6F646520686173207459
:109AA0006865206C6F77657374206C6174656E6394
:109AB000792C0A2020202020202020202020202057
:109AC0002020202020202020202020202020202096
:109AD0002020202020202074686520626573742077
:109AE00052582F545820737769746368696E6720E1
:109AF000706572666F726D616E63652C0A2020203E
:109B00002020202020202020202020202020202055
:109B10002020202020202020202020202020202045
:109B200020616E6420746865206869676865737475
:109B300020706F77657220636F6E73756D707469D6
:109B40006F6E2E0A20202D322C202D2D6C6F775F0A
:109B50006C6174656E63795F776974685F73746153
:109B60006E6462792C20202054686973206D6F64C4
:109B70006520686173207468652073616D6520528B
:109B8000582F545820737769746368696E670A2088
:109B900020202020202020202020202020202020C5
:109BA00020202020202020202020202020202020B5
:109BB000202020706572666F726D616E6365206132
:109BC0007320746865206C6F77206C6174656E63B8
:109BD00079206D6F64652C0A202020202020202011
:109BE0002020202020202020202020202020202075
:109BF000202020202020202020202020627574207A
:109C0000686967686572206F7065726174696F6EEC
:109C10002073746172742D7570206C6174656E634D
:109C2000792E0A20202020202020202020202020E3
:109C30002020202020202020202020202020202024
:109C400020202020202020506F77657220636F6EC7
:109C500073756D7074696F6E2069732074687573A5
:109C6000206C6F77657220636F6D70617265642020
:109C7000746F0A2020202020202020202020202057
:109C800020202020202020202020202020202020D4
:109C900020202020202020746865206C6F77206CA5
:109CA0006174656E6379206D6F64652E0A20202DC6
:109CB000332C202D2D6E6F6E5F6C62745F7769742C
:109CC000685F7374616E6462792C202020202020EC
:109CD0002054686973206D6F646520686173207417
:109CE0006865206C6F7765737420706F776572207C
:109CF000636F6E73756D7074696F6E2C0A2020200F
:109D00002020202020202020202020202020202053
:109D10002020202020202020202020202020202043
:109D2000206475652074686520746F206D6F6465AC
:109D30006D20656E746572696E67207374616E6400
:109D40006279206D6F6465207768656E20706F732F
:109D50007369626C650A20202020202020202020AA
:109D600020202020202020202020202020202020F3
:109D700020202020202020202020616E64206E6F73
:109D800074207573696E67204C42542C20617420D6
:109D900074686520636F73740A20202020202020BF
:109DA00020202020202020202020202020202020B3
:109DB000202020202020202020202020206F66200E
:109DC0006869676865722073746172742D7570209C
:109DD0006C6174656E637920616E6420776F727355
:109DE000652052582F545820737769746368696EE0
:109DF000670A202020202020202020202020202032
:109E00002020202020202020202020202020202052
:109E1000202020202020706572666F726D616E6355
:109E20006520636F6D706172656420746F20746863
:109E300065206F7468657220726164696F206D6F50
:109E40006465732E0A0055736167653A2064656323
:109E500074206163746976617465203C6D6F64651C
:109E60003E0A202041637469766174652050485928
:109E700020736F66747761726520737461636B2001
:109E8000696E20676976656E20726164696F206D06
:109E90006F64652E0A4F7074696F6E733A0A2020E2
:109EA0002D312C202D2D6C6F775F6C6174656E6386
:109EB000792C20202020202020202020202020203D
:109EC000202044656661756C742E20546869732087
:109ED0006D6F64652068617320746865206C6F77AE
:109EE000657374206C6174656E63792C0A20202080
:109EF0002020202020202020202020202020202062
:109F00002020202020202020202020202020202051
:109F10002074686520626573742052582F5458204D
:109F2000737769746368696E6720706572666F72B3
:109F30006D616E63652C0A202020202020202020C7
:109F40002020202020202020202020202020202011
:109F50002020202020202020202020616E642074DA
:109F60006865206869676865737420706F776572CB
:109F700020636F6E73756D7074696F6E2E0A20208A
:109F80002D322C202D2D6C6F775F6C6174656E63A4
:109F9000795F776974685F7374616E6462792C208D
:109FA000202054686973206D6F6465206861732098
:109FB0007468652073616D652052582F5458207362
:109FC0007769746368696E670A202020202020204A
:109FD0002020202020202020202020202020202081
:109FE000202020202020202020202020207065728A
:109FF000666F726D616E63652061732074686520A1
:10A000006C6F77206C6174656E6379206D6F646529
:10A010002C0A20202020202020202020202020204A
:10A020002020202020202020202020202020202030
:10A03000202020202020627574206869676865727E
:10A04000206F7065726174696F6E207374617274D1
:10A050002D7570206C6174656E63792E0A20202046
:10A0600020202020202020202020202020202020F0
:10A0700020202020202020202020202020202020E0
:10A0800020506F77657220636F6E73756D707469A1
:10A090006F6E2069732074687573206C6F776572BA
:10A0A00020636F6D706172656420746F0A202020D8
:10A0B00020202020202020202020202020202020A0
:10A0C0002020202020202020202020202020202090
:10A0D00020746865206C6F77206C6174656E63799D
:10A0E000206D6F64652E0A20202D332C202D2D6EBF
:10A0F0006F6E5F6C62745F776974685F7374616EB2
:10A100006462792C2020202020202054686973204C
:10A110006D6F64652068617320746865206C6F776B
:10A1200065737420706F77657220636F6E73756DE1
:10A130007074696F6E2C0A2020202020202020209F
:10A14000202020202020202020202020202020200F
:10A1500020202020202020202020206475652074CD
:10A16000686520746F206D6F64656D20656E746521
:10A1700072696E67207374616E646279206D6F64BA
:10A1800065207768656E20706F737369626C650A0D
:10A1900020202020202020202020202020202020BF
:10A1A00020202020202020202020202020202020AF
:10A1B00020202020616E64206E6F74207573696E9C
:10A1C00067204C42542C2061742074686520636FB2
:10A1D00073740A20202020202020202020202020EE
:10A1E000202020202020202020202020202020206F
:10A1F000202020202020206F662068696768657213
:10A200002073746172742D7570206C6174656E6357
:10A210007920616E6420776F7273652052582F54D5
:10A220005820737769746368696E670A202020205C
:10A23000202020202020202020202020202020201E
:10A24000202020202020202020202020202020200E
:10A25000706572666F726D616E636520636F6D709D
:10A260006172656420746F20746865206F7468651E
:10A270007220726164696F206D6F6465732E0A00CD
:10A2800055736167653A20646563742070696E6711
:10A29000205B73746F705D207C205B3C736572760D
:10A2A00065723E7C3C636C69656E743E205B7365D1
:10A2B000727665725F6F7074696F6E735D7C5B63DD
:10A2C0006C69656E745F6F7074696F6E735D0A4E52
:10A2D0006F74653A206D616B6520737572652074CB
:10A2E000686174206163636573736564206368618A
:10A2F0006E6E656C206973206672656520627920D8
:10A300007573696E67202264656374207273736964
:10A310005F7363616E22202D636F6D6D616E642EBD
:10A320000A0A4F7074696F6E733A0A20202D632CED
:10A33000202D2D636C69656E742C20202020202038
:10A340002020202020202020436C69656E7420721C
:10A350006F6C652E0A20202D732C202D2D736572B5
:10A360007665722C202020202020202020202020F4
:10A37000202053657276657220726F6C652E0A20FC
:10A3800020202020202D2D6368616E6E656C203C9E
:10A39000696E743E2C202020202020204368616EAE
:10A3A0006E656C2E2044656661756C74203136369E
:10A3B000352E0A20202D742C202D2D635F74696D9D
:10A3C000656F7574203C696E743E2C20202020201F
:10A3D00050696E672074696D656F757420696E20B1
:10A3E0006D696C6C697365636F6E64732E20446570
:10A3F0006661756C743A2031353030206D73656359
:10A40000732E0A2020202020202D2D635F636F757E
:10A410006E74203C696E743E2C2020202020202069
:10A42000546865206E756D626572206F6620746970
:10A430006D657320746F2073656E64207468652089
:10A4400070696E6720726571756573742E2044653E
:10A450006661756C743A20352E0A20202D6C2C20F4
:10A460002D2D635F736C6F7473203C696E743E2C8A
:10A47000202020202020205061796C6F6164206CA6
:10A48000656E6774682028696E20736C6F74732919
:10A4900020746F2062652073656E742E204465669B
:10A4A00061756C743A20312E0A20202D692C202DE4
:10A4B0002D635F696E74657276616C203C696E74A1
:10A4C0003E2C20202020496E74657276616C2062DB
:10A4D00065747765656E20737563636573736976FC
:10A4E00065207061636B6574207472616E736D6951
:10A4F0007373696F6E730A20202020202020202093
:10A50000202020202020202020202020202020204B
:10A5100020202020696E207365636F6E64732E2087
:10A5200044656661756C743A203220736563732EDE
:10A530000A2020202020202D2D635F74785F6D631A
:10A5400073203C696E743E2C20202020202053650F
:10A550007420636C69656E74205458204D43532EEB
:10A560002044656661756C743A2066726F6D206375
:10A570006F6D6D6F6E2074782073657474696E678B
:10A58000732E0A2020202020202D2D635F74785FF9
:10A59000707772203C696E743E2C20202020202091
:10A5A000545820706F776572202864426D292C0AF8
:10A5B000202020202020202020202020202020209B
:10A5C000202020202020202020202020205B2D342F
:10A5D000302C2D33302C2D32302C2D31362C2D318A
:10A5E000322C2D382C2D342C302C342C372C31306F
:10A5F0002C31332C31362C31392C32312C32335D25
:10A600002E0A202020202020202020202020202052
:10A610002020202020202020202020202020205307
:10A62000656520737570706F72746564206D6178F4
:10A6300020666F722074686520757365642062619E
:10A640006E64206279207573696E670A202020206D
:10A6500020202020202020202020202020202020FA
:10A660002020202020202020202264656374207375
:10A67000746174757322202D636F6D6D616E64203B
:10A680006F75747075742E0A2020202020202020E1
:10A6900020202020202020202020202020202020BA
:10A6A000202020202044656661756C743A20667213
:10A6B0006F6D20636F6D6D6F6E207478207365749D
:10A6C00074696E67732E0A2020202020202D2D63B0
:10A6D0005F74785F6C62745F706572696F64203C50
:10A6E000636E743E2C20204C697374656E20426545
:10A6F000666F72652054616C6B20284C425429208F
:10A70000706572696F64202873796D626F6C206365
:10A710006F756E74292E0A202020202020202020F2
:10A720002020202020202020202020202020202029
:10A73000202020202020205A65726F2076616C75C1
:10A74000652064697361626C6573204C42542028F3
:10A7500064656661756C74292E0A202020202020F3
:10A7600020202020202020202020202020202020E9
:10A770002020202020202020202056616C69642089
:10A7800072616E676520666F722073796D626F6C9F
:10A7900020636F756E743A20322D3131302E0A20CD
:10A7A00020202020202D2D635F74785F6C62745F01
:10A7B000627573795F7468203C64626D3E2C204C36
:10A7C0004254206275737920525353492074687241
:10A7D0006573686F6C64202864426D292E20566171
:10A7E0006C6964206F6E6C79207768656E204C42CE
:10A7F000540A20202020202020202020202020203B
:10A800002020202020202020202020202020202048
:10A810002020697320656E61626C65642E2044653A
:10A820006661756C742066726F6D205253534920B7
:10A8300062757379207468726573686F6C642073D5
:10A84000657474696E672E0A2020202020202D2D2B
:10A85000735F74785F6964203C69643E2C2020201B
:10A860002020202020546172676574207365727601
:10A870006572207472616E736D697474657220699B
:10A8800064202864656661756C743A203338292E1B
:10A890000A202020202020202020202020202020CE
:10A8A00020202020202020202020202020204E6F2B
:10A8B00074653A206C6F7765737420313662697401
:10A8C00073206F66207472616E736D697474657243
:10A8D00020696420286C6F6E672052442049442907
:10A8E0002E0A20202D6520202D2D72785F6578702E
:10A8F0005F727373695F6C6576656C203C696E741A
:10A900003E2C2053657420657870656374656420FF
:10A9100052535349206C6576656C206F6E205258F7
:10A92000202864426D292E0A20202020202020206B
:10A930002020202020202020202020202020202017
:10A9400020202020202020202044656661756C7422
:10A950003A2066726F6D20636F6D6D6F6E20727836
:10A960002073657474696E67732E0A20202D6D2C18
:10A97000202D2D727373695F6D6561732C2020200B
:10A9800020202020202020204966207365742C2060
:10A9900052535349206D6561737572656D656E74B0
:10A9A000732061726520656E61626C65642E20445F
:10A9B000656661756C743A2064697361626C656484
:10A9C0002E0A20202020202020202020202020208F
:10A9D0002020202020202020202020202020205740
:10A9E00068656E20656E61626C65642C20525353FD
:10A9F00049206D6561737572656D656E7473206154
:10AA00007265207072696E74656420616674657227
:10AA1000206576657279203230300A20202020208F
:10AA20002020202020202020202020202020202026
:10AA300020202020202020206D6561737572656DB7
:10AA4000656E747320616E64206166746572207235
:10AA50006563656976696E672050494E475F524568
:10AA6000512F524553500A20202020202020202002
:10AA700020202020202020202020202020202020D6
:10AA80002020202028692E652E206D656173757247
:10AA9000656D656E74732061726520646F6E6520EC
:10AAA0006265666F72652074686F7365292E0A206F
:10AAB00020202020202D2D74785F7077725F6374C2
:10AAC000726C5F6175746F2C2020202049662067AE
:10AAD0006976656E2C2073656E64696E6720736994
:10AAE0006465206F66207468652070696E67205009
:10AAF000445520747269657320746F2061646A75AF
:10AB000073742054580A2020202020202020202048
:10AB10002020202020202020202020202020202035
:10AB2000202020706F776572206163636F726469A3
:10AB30006E6720746F20706565722773206578706A
:10AB400065637465642052582052535349206C65E4
:10AB500076656C0A20202020202020202020202024
:10AB600020202020202020202020202020202020E5
:10AB70002028696E666F726D656420696E2070654D
:10AB80006572277320504455292E205374617274C6
:10AB9000696E6720706F696E7420697320635F74DB
:10ABA000785F7077720A202020202020202020202B
:10ABB0002020202020202020202020202020202095
:10ABC000202020696E206120636C69656E7420739B
:10ABD0006964652C20616E64206173207265636511
:10ABE0006976656420696E2073657276657220737C
:10ABF0006964652E0A20202020202020202020208B
:10AC00002020202020202020202020202020202044
:10AC10002020417320612064656661756C742C206E
:10AC200066756E6374696F6E616C6974792069739F
:10AC30002064697361626C65642E0A2020202020E4
:10AC4000202D2D74785F7077725F6374726C5F7003
:10AC500064755F72785F6578705F727373695F6C3B
:10AC60006576656C203C64626D3E2C2053657420D3
:10AC70006578706563746564205258205253534957
:10AC8000206C6576656C202864426D290A2020209E
:10AC900020202020202020202020202020202020B4
:10ACA00020202020202020202020202020202020A4
:10ACB0002020202020202020202020202020616E05
:10ACC0006E6F756E63656420696E20612070696EB9
:10ACD00067205044552E0A202020202020202020AC
:10ACE0002020202020202020202020202020202064
:10ACF0002020202020202020202020202020202054
:10AD0000202020202020202048617320696D706160
:10AD10006374206F6E6C792069662074785F707739
:10AD2000725F6374726C5F6175746F0A20202020FB
:10AD30002020202020202020202020202020202013
:10AD40002020202020202020202020202020202003
:10AD50002020202020202020202020202069732057
:10AD6000656E61626C65642E0A2020202020202000
:10AD700020202020202020202020202020202020D3
:10AD800020202020202020202020202020202020C3
:10AD90002020202020202020202044656661756C22
:10ADA00074202D36302064426D2E0A466F72204882
:10ADB000415251206F6E6C793A0A20202D612C206F
:10ADC0002D2D7573655F686172712C202020202005
:10ADD0002020202020202055736520484152512EEC
:10ADE00020436C69656E74207369646520726571B7
:10ADF00075657374732048415251206665656462BD
:10AE000061636B20666F722073656E742070696E6B
:10AE1000670A202020202020202020202020202001
:10AE200020202020202020202020202020202072D0
:10AE30006571756573747320616E642062617365FA
:10AE400064206F6E20726563656976656420484191
:10AE500052512041434B2F4E41434B2070696E6746
:10AE600020726571756573740A20202020202020CF
:10AE700020202020202020202020202020202020D2
:10AE800020202020202069732072652D73656E7448
:10AE900020696620706F737369626C6520776974CE
:10AEA00068696E20612074696D656F75742E0A0083
:10AEB00055736167653A20646563742072665F74D8
:10AEC0006F6F6C205B73746F705D207C205B6F70A4
:10AED00074696F6E735D0A4E6F74653A206D616BB5
:10AEE00065207375726520746861742061636365A1
:10AEF00073736564206368616E6E656C206973208E
:10AF000066726565206279207573696E67202264B8
:10AF100065637420727373695F7363616E22202DA1
:10AF2000636F6D6D616E642E0A0A4F7074696F6E87
:10AF3000733A0A20202D6D2C202D2D72665F6D6FC7
:10AF400064652C202020202020202020202020206C
:10AF500020202020202020205246206F7065726122
:10AF600074696F6E206D6F64652C206F6E65206F45
:10AF7000662074686520666F6C6C6F77696E673ADF
:10AF800020227278222C0A2020202020202020201D
:10AF900020202020202020202020202020202020B1
:10AFA00020202020202020202020202272785F6373
:10AFB0006F6E74222C20227478222C202272785FEB
:10AFC0007478222E0A2020202020202020202020DB
:10AFD0002020202020202020202020202020202071
:10AFE0002020202020202020202044656661756CD0
:10AFF000743A202272785F636F6E74222E0A2020CA
:10B000002020202020202020202020202020202040
:10B010002020202020202020202020202020202030
:10B020002020204E6F74653A2041732061206465B2
:10B030006661756C742C205246206D6F6465202209
:10B0400072785F636F6E74222069730A202020205B
:10B0500020202020202020202020202020202020F0
:10B0600020202020202020202020202020202020E0
:10B07000207265706F7274696E67207468652072E3
:10B080006573756C7473206F6E6C79207768656E6C
:10B090000A202020202020202020202020202020C6
:10B0A00020202020202020202020202020202020A0
:10B0B00020202020202022646563742072665F7443
:10B0C0006F6F6C2073746F702220697320676976CC
:10B0D000656E2E0A2020202020202D2D72665F6DA7
:10B0E0006F64655F706565722C2020202020202011
:10B0F0002020202020202020205246206F706572C2
:10B100006174696F6E206D6F6465206F662074686E
:10B1100065205458207369646520706565722C0A37
:10B12000202020202020202020202020202020201F
:10B13000202020202020202020202020202020200F
:10B14000202020202063616E206265206F6E6520C4
:10B150006F662074686520666F6C6C6F77696E67C8
:10B160003A20227478222C202272785F7478222E62
:10B170000A202020202020202020202020202020E5
:10B1800020202020202020202020202020202020BF
:10B190002020202020204F6E6C79206D65616E6923
:10B1A0006E6766756C2069662072665F6D6F646598
:10B1B0002069732073657420746F202272785F6336
:10B1C0006F6E74222E0A2020202020202020202094
:10B1D000202020202020202020202020202020206F
:10B1E0002020202020202020202020496620757348
:10B1F00065642C20736574206672616D6520636FD1
:10B200006E6669672061726520686176696E672085
:10B21000696D7061637420666F720A20202020209F
:10B22000202020202020202020202020202020201E
:10B23000202020202020202020202020202020200E
:10B2400063616C63756C6174696E672070656572AB
:10B25000206672616D65206C656E6774682E0A20C9
:10B2600020202020202020202020202020202020DE
:10B2700020202020202020202020202020202020CE
:10B2800020202020446566696E657320616C736FB1
:10B29000207265706F7274696E6720696E74657272
:10B2A00076616C206261736564206F6E20736574D3
:10B2B0000A202020202020202020202020202020A4
:10B2C000202020202020202020202020202020207E
:10B2D0002020202020206672616D696E67207061D9
:10B2E00072616D65746572732E0A20202020202003
:10B2F000202020202020202020202020202020204E
:10B300002020202020202020202020202020204E0F
:10B310006F74653A2077696C6C20656E61626C654C
:10B320002072785F66696E645F73796E6320617501
:10B33000746F6D61746963616C6C792E0A202020D2
:10B3400020202020202020202020202020202020FD
:10B3500020202020202020202020202020202020ED
:10B36000202044656661756C743A204E6F6E652EC0
:10B370000A20202D742C202D2D74785F6964203CC8
:10B3800069643E2C20202020202020202020202006
:10B39000202020202020546172676574207478205A
:10B3A0006964202864656661756C743A20333829B5
:10B3B0002E0A20202D632C202D2D6368616E6E6572
:10B3C0006C203C696E743E2C202020202020202000
:10B3D000202020202020204368616E6E656C2E2086
:10B3E00044656661756C7420313636352E0A20202E
:10B3F000202020202020202020202020202020204D
:10B40000202020202020202020202020202020203C
:10B4100020202052616E6765733A2062616E64205D
:10B4200023313A20313635372D3136373720286FE2
:10B430006E6C79206F6464206E756D626572732026
:10B440006173207065720A20202020202020202097
:10B4500020202020202020202020202020202020EC
:10B460002020202020202020202020204554534927
:10B4700020454E20333031203430362D322C20639D
:10B480006820342E332E322E33292C0A20202020FF
:10B4900020202020202020202020202020202020AC
:10B4A000202020202020202020202020202020209C
:10B4B0002062616E6420233220313638302D3137DE
:10B4C00030302C2062616E64202334203532352DDB
:10B4D0003535312C0A20202020202020202020203B
:10B4E000202020202020202020202020202020205C
:10B4F0002020202020202020202062616E64202334
:10B500003920313730332D313731312C2062616EA3
:10B51000642023323220313639312D313731312E0A
:10B520000A20202D6520202D2D72785F6578705FB0
:10B53000727373695F6C6576656C203C696E743EEE
:10B540002C2020202020536574206578706563745A
:10B5500065642052535349206C6576656C206F6E8C
:10B56000205258202864426D292E0A2020202020B5
:10B5700020202020202020202020202020202020CB
:10B5800020202020202020202020202020202020BB
:10B5900044656661756C743A2066726F6D20636FE6
:10B5A0006D6D6F6E2072782073657474696E677349
:10B5B0002E0A20202D7020202D2D74785F70777238
:10B5C000203C696E743E2C2020202020202020204A
:10B5D00020202020202020545820706F7765722072
:10B5E0002864426D292C0A202020202020202020A1
:10B5F000202020202020202020202020202020204B
:10B600002020202020202020202020205B2D3430CE
:10B610002C2D33302C2D32302C2D31362C2D313237
:10B620002C2D382C2D342C302C342C372C31302C24
:10B6300031332C31362C31392C32312C32335D0AF6
:10B6400020202020202020202020202020202020FA
:10B6500020202020202020202020202020202020EA
:10B66000202020202053656520737570706F7274E0
:10B670006564206D617820666F722074686520753E
:10B680007365642062616E64206279207573696EEF
:10B69000670A202020202020202020202020202079
:10B6A000202020202020202020202020202020209A
:10B6B0002020202020202022646563742073746180
:10B6C00074757322202D636F6D6D616E64206F75CC
:10B6D000747075742E0A2020202020202020202025
:10B6E000202020202020202020202020202020205A
:10B6F0002020202020202020202020446566617505
:10B700006C743A2066726F6D20636F6D6D6F6E2082
:10B7100074782073657474696E67732E0A20202014
:10B720002020202D2D74785F6D6373203C696E742A
:10B730003E2C2020202020202020202020202020DF
:10B740002020536574205458204D43532E204465C7
:10B750006661756C743A2066726F6D20636F6D6DF3
:10B760006F6E2074782073657474696E67732E0A27
:10B770004672616D65207374727563747572653A93
:10B780000A72785F6672616D655F73746172745F6F
:10B790006F6666736574202B2072785F73756273B1
:10B7A0006C6F745F636F756E74202B2072785F69A5
:10B7B000646C655F737562736C6F745F636F756ED5
:10B7C00074202B0A74785F6672616D655F737461B3
:10B7D00072745F6F6666736574202B2074785F7374
:10B7E0007562736C6F745F636F756E74202B207459
:10B7F000785F69646C655F737562736C6F745F63A7
:10B800006F756E740A0A0A20202D732C202D2D725C
:10B81000785F66696E645F73796E632C20202020E8
:10B82000202020202020202020202020436F6E7404
:10B83000696E756F757320525820756E74696C202F
:10B8400073796E6320666F756E6420616E64207418
:10B8500068656E20525820706172740A2020202082
:10B8600020202020202020202020202020202020D8
:10B8700020202020202020202020202020202020C8
:10B88000206F6620746865206672616D652069733B
:10B8900020737461727465642066726F6D207265C6
:10B8A0006365697665642052582053544620746954
:10B8B0006D652E0A202020202020202020202020FE
:10B8C0002020202020202020202020202020202078
:10B8D00020202020202020202044656661756C7483
:10B8E0003A2066616C73652E0A2020202020202DCE
:10B8F0002D6672616D655F7265706561745F636FFF
:10B90000756E74203C696E743E2C20202020546893
:10B9100065206E756D626572206F66207265706558
:10B9200061747320666F722074686520636F6E6641
:10B930006967757265642054582F52580A20202078
:10B9400020202020202020202020202020202020F7
:10B9500020202020202020202020202020202020E7
:10B9600020206672616D652E0A2020202020202074
:10B9700020202020202020202020202020202020C7
:10B98000202020202020202020202020202054683B
:10B99000697320697320616C736F2074686520631C
:10B9A0006F756E7420686F77206D616E7920697491
:10B9B00065726174696F6E73206F660A20202020A3
:10B9C0002020202020202020202020202020202077
:10B9D0002020202020202020202020202020202067
:10B9E00020636F6E66696775726564206672616D4B
:10B9F0006520617265207363686564756C65642099
:10BA00006174206F6E636520616E640A20202020BF
:10BA10002020202020202020202020202020202026
:10BA20002020202020202020202020202020202016
:10BA300020697320616C736F2061207265706F7272
:10BA400074696E6720696E74657276616C2E0A2067
:10BA500020202020202020202020202020202020E6
:10BA600020202020202020202020202020202020D6
:10BA7000202020205468657265206973206E6F2035
:10BA800064656C6179206265747765656E206672A5
:10BA9000616D65732E0A2020202020202020202088
:10BAA0002020202020202020202020202020202096
:10BAB0002020202020202020202020446566617541
:10BAC0006C743A2031352E0A2020202020202D2D84
:10BAD0006672616D655F7265706561745F636F75D5
:10BAE0006E745F696E74657276616C73203C696E0A
:10BAF000743E2C20546865206E756D626572206FEF
:10BB00006620696E74657276616C7320666F720A66
:10BB10002020202020202020202020202020202025
:10BB20002020202020202020202020202020202015
:10BB30002020202020202020202020206672616DDF
:10BB4000655F7265706561745F636F756E742E0AF0
:10BB500020202020202020202020202020202020E5
:10BB600020202020202020202020202020202020D5
:10BB70002020202020496E74657276616C732061EC
:10BB80007265207363686564756C65642041534118
:10BB9000502061667465720A202020202020202019
:10BBA0002020202020202020202020202020202095
:10BBB00020202020202020202020202020746865A4
:10BBC0002070726576696F7573206F6E652E0A201E
:10BBD0002020202020202020202020202020202065
:10BBE0002020202020202020202020202020202055
:10BBF0002020202044656661756C743A20352E0A39
:10BC00002020202020202D2D636F6E74696E756FAB
:10BC100075732C2020202020202020202020202070
:10BC20002020202020456E61626C6520636F6E7459
:10BC3000696E756F7573206D6F64652C2063616E1E
:10BC40002062652073746F7070656420627920755E
:10BC500073696E673A0A20202020202020202020AF
:10BC600020202020202020202020202020202020D4
:10BC700020202020202020202020202264656374A2
:10BC80002072665F746F6F6C2073746F70222E0A5F
:10BC900020202020202020202020202020202020A4
:10BCA0002020202020202020202020202020202094
:10BCB000202020202044656661756C743A206469F8
:10BCC0007361626C65642E0A2020202020202020D1
:10BCD0002020202020202020202020202020202064
:10BCE00020202020202020202020202020692E65B8
:10BCF0002E206F6E6C7920636F6E66696775726552
:10BD000064206672616D655F7265706561745F6302
:10BD10006F756E742F696E74657276616C2E0A2071
:10BD200020202020202D2D72785F6672616D655F66
:10BD300073746172745F6F6666736574203C696EBC
:10BD4000743E2C20537562736C6F7420636F756E34
:10BD500074206265666F7265205258206F7065723C
:10BD60006174696F6E0A202020202020202020206E
:10BD700020202020202020202020202020202020C3
:10BD8000202020202020202020202063616C63754B
:10BD90006C617465642066726F6D206120737461DC
:10BDA0007274206F662061206672616D652E0A20B4
:10BDB0002020202020202020202020202020202083
:10BDC0002020202020202020202020202020202073
:10BDD0002020202044656661756C743A203020284C
:10BDE0003D7374617274696E672066726F6D207442
:10BDF0006865207374617274206F662061206672BA
:10BE0000616D65292E0A2020202020202D2D72789A
:10BE10005F737562736C6F745F636F756E74203CD3
:10BE2000696E743E2C2020202020205468652064F8
:10BE300075726174696F6E206F6620746865205238
:10BE400058206F7065726174696F6E20696E20731F
:10BE50007562736C6F74732E0A20202020202020BE
:10BE600020202020202020202020202020202020D2
:10BE700020202020202020202020202020204E6F45
:10BE800074653A206E6F20696D7061637420696615
:10BE9000206A7573742022747822206D6F64652087
:10BEA000696E207573652E0A202020202020202016
:10BEB0002020202020202020202020202020202082
:10BEC00020202020202020202020202020446566C3
:10BED00061756C743A20352E0A2020202020202DF8
:10BEE0002D72785F69646C655F737562736C6F74D3
:10BEF0005F636F756E74203C696E743E2C204964DC
:10BF00006C65206475726174696F6E20616674651A
:10BF100072205258206F7065726174696F6E20696B
:10BF20006E20737562736C6F74732E0A202020204C
:10BF30002020202020202020202020202020202001
:10BF400020202020202020202020202020202020F1
:10BF50002044656661756C743A20352E0A202020D5
:10BF60002020202D2D74785F6672616D655F73747B
:10BF70006172745F6F6666736574203C696E743EAF
:10BF80002C20537562736C6F7420636F756E742010
:10BF90006265666F7265205458206F7065726174B7
:10BFA000696F6E0A202020202020202020202020C1
:10BFB0002020202020202020202020202020202081
:10BFC00020202020202020202063616C63756C617C
:10BFD0007465642066726F6D2074686520626567A1
:10BFE000696E6E696E67206F6620746865205458AC
:10BFF0002F5258206672616D652E0A202020202065
:10C000002020202020202020202020202020202030
:10C010002020202020202020202020202020202020
:10C0200044656661756C74733A2077697468202280
:10C03000747822206F6E6C79206D6F64653A2030C1
:10C04000202830203D2031737420737562736C6F2B
:10C0500074292C0A2020202020202020202020208D
:10C0600020202020202020202020202020202020D0
:10C070002020202020202020207769746820227230
:10C08000785F747822206D6F64653A0A2020202042
:10C0900020202020202020202020202020202020A0
:10C0A0002020202020202020202020202020202090
:10C0B0002072785F6672616D655F73746172745F20
:10C0C0006F6666736574202B2072785F7375627378
:10C0D0006C6F745F636F756E74202B0A20202020B4
:10C0E0002020202020202020202020202020202050
:10C0F0002020202020202020202020202020202040
:10C100002072785F69646C655F737562736C6F74BD
:10C110005F636F756E742E0A2020202020202D2D45
:10C1200074785F737562736C6F745F636F756E7430
:10C13000203C696E743E2C2020202020205468650D
:10C14000206C656E677468206F6620746865205483
:10C1500058206F7065726174696F6E20696E20730C
:10C160007562736C6F74732E0A20202020202020AB
:10C1700020202020202020202020202020202020BF
:10C180002020202020202020202020202020446546
:10C190006661756C743A20342E0A202020202020FD
:10C1A000202020202020202020202020202020208F
:10C1B0002020202020202020202020202020204E51
:10C1C0006F74653A204F6E6C79204D4353302026B2
:10C1D000204D43533120737570706F727473203823
:10C1E0002F313620636F6E736563757469766520D1
:10C1F00054580A20202020202020202020202020E9
:10C20000202020202020202020202020202020202E
:10C210002020202020202020736C6F74732F7375D2
:10C2200062736C6F74732E204D435333207375709B
:10C23000706F72747320352F31300A202020202037
:10C2400020202020202020202020202020202020EE
:10C2500020202020202020202020202020202020DE
:10C26000545820736C6F74732F737562736C6F7492
:10C270007320616E64204D43533420737570706F6A
:10C28000727473206D6178206F6620342F380A2015
:10C29000202020202020202020202020202020209E
:10C2A000202020202020202020202020202020208E
:10C2B00020202020636F6E73656375746976652036
:10C2C000545820736C6F74732F737562736C6F7432
:10C2D000732E0A2020202020202D2D74785F696481
:10C2E0006C655F737562736C6F745F636F756E748A
:10C2F000203C696E743E2C2049646C652064757224
:10C300006174696F6E206166746572205458206F85
:10C310007065726174696F6E20696E2073756273E7
:10C320006C6F74732E0A20202020202020202020D3
:10C3300020202020202020202020202020202020FD
:10C3400020202020202020202020204465666175A8
:10C350006C743A20342E0A0055736167653A206484
:10C36000656374207065726620205B73746F705D06
:10C37000207C205B3C7365727665723E7C3C636C0E
:10C3800069656E743E205B7365727665725F6F706F
:10C3900074696F6E735D7C5B636C69656E745F6FEF
:10C3A0007074696F6E735D0A4E6F74653A206D61CB
:10C3B0006B652073757265207468617420616363B6
:10C3C0006573736564206368616E6E656C20697364
:10C3D0002066726565206279207573696E67202218
:10C3E0006465637420727373695F7363616E222086
:10C3F0002D636F6D6D616E642E0A0A4F7074696FE4
:10C400006E733A0A20202D632C202D2D636C6965F4
:10C410006E742C202020202020202020202020206E
:10C420002020202020436C69656E7420726F6C653B
:10C430002E0A20202D732C202D2D736572766572A7
:10C440002C202020202020202020202020202020E0
:10C4500020202053657276657220726F6C652E0AFB
:10C4600020202D742C202D2D6475726174696F6EDF
:10C47000203C696E743E2C2020202020202020208B
:10C48000204475726174696F6E2074696D652E0A3F
:10C49000202020202020202020202020202020209C
:10C4A000202020202020202020202020202020208C
:10C4B0002044656661756C742035207365636F6E0A
:10C4C00064732E20466F7220636F6E74696E756F91
:10C4D0007573207365727665723A202D312E0A20AD
:10C4E00020202020202D2D6368616E6E656C203C1D
:10C4F000696E743E2C202020202020202020202027
:10C500004368616E6E656C2E2044656661756C745F
:10C5100020313636352E0A20202D6520202D2D7213
:10C52000785F6578705F727373695F6C6576656C50
:10C53000203C696E743E2C205365742065787065CC
:10C54000637465642052535349206C6576656C2092
:10C550006F6E205258202864426D292E0A20202018
:10C5600020202020202020202020202020202020CB
:10C570002020202020202020202020202020436C4C
:10C5800069656E74207369646520696D7061637498
:10C59000206F6E20525820666F7220484152512001
:10C5A000666565646261636B0A202020202020207C
:10C5B000202020202020202020202020202020207B
:10C5C00020202020202020202020616E6420726501
:10C5D00073756C74732E0A202020202020202020C8
:10C5E000202020202020202020202020202020204B
:10C5F000202020202020202044656661756C743A3C
:10C600002066726F6D20636F6D6D6F6E2072782083
:10C6100073657474696E67732E0A202020202020B1
:10C620002D2D735F74785F6964203C69643E2C2013
:10C6300020202020202020202020205461726765A7
:10C6400074207478206964202864656661756C7450
:10C650003A203338292E0A2020202020202D2D6337
:10C660005F736C6F7473203C696E743E2C202020C5
:10C670002020202020202020436F756E74206F66BC
:10C6800020636F6E736563757469766520736C6F74
:10C6900074732E2044656661756C743A20322E0ADC
:10C6A0002020202020202D2D635F6761705F736C38
:10C6B0006F7473203C696E743E2C20202020202053
:10C6C00020436F756E74206F662067617020736CF5
:10C6D0006F7473206265747765656E206F70657224
:10C6E0006174696F6E732E2044656661756C743A6F
:10C6F00020322E0A2020202020202D2D635F67610C
:10C70000705F737562736C6F7473203C696E743EF6
:10C710002C20202020496E7374656164206F662090
:10C72000736C6F74732C20636F756E74206F66204A
:10C7300067617020737562736C6F747320626574C7
:10C740007765656E0A2020202020202020202020D0
:10C7500020202020202020202020202020202020D9
:10C760002020202020206F7065726174696F6E73C5
:10C770002E0A2020202020202020202020202020C1
:10C7800020202020202020202020202020202020A9
:10C7900020202044656661756C743A2061732073B3
:10C7A0006C6F74732028635F6761705F736C6F7464
:10C7B00073292E0A2020202020202D2D635F7478DD
:10C7C0005F707772203C696E743E2C202020202000
:10C7D0002020202020545820706F77657220286414
:10C7E000426D292C0A2020202020202020202020DB
:10C7F0002020202020202020202020202020202039
:10C800002020202020205B2D34302C2D33302C2D67
:10C8100032302C2D31362C2D31322C2D382C2D341C
:10C820002C302C342C372C31302C31332C31362C0D
:10C8300031392C32312C32335D2E0A202020202039
:10C8400020202020202020202020202020202020E8
:10C85000202020202020202020202020536565201B
:10C86000737570706F72746564206D617820666F87
:10C87000722074686520757365642062616E64203F
:10C880006279207573696E670A202020202020209D
:10C890002020202020202020202020202020202098
:10C8A0002020202020202020202022646563742066
:10C8B00073746174757322202D636F6D6D616E6486
:10C8C000206F75747075742E0A202020202020207F
:10C8D0002020202020202020202020202020202058
:10C8E0002020202020202020202044656661756CB7
:10C8F000743A2066726F6D20636F6D6D6F6E207479
:10C90000782073657474696E67732E0A2020202066
:10C9100020202D2D635F74785F6D6373203C696EFA
:10C92000743E2C20202020202020202020536574BD
:10C9300020636C69656E74205458204D43532E203B
:10C9400044656661756C743A2066726F6D20636F22
:10C950006D6D6F6E2074782073657474696E677383
:10C960002E0A20202D642C202D2D64656275672CE5
:10C9700020202020202020202020202020202020B7
:10C980002020205072696E742043524320657272D9
:10C990006F72732E204E6F74653A206D69676874EC
:10C9A00020696D70616374206F6E206163747561BE
:10C9B0006C0A202020202020202020202020202041
:10C9C0002020202020202020202020202020202067
:10C9D0002020207065726620262074696D696E675C
:10C9E000732E0A466F722048415251206F6E6C7947
:10C9F0003A0A20202D612C202D2D7573655F68610A
:10CA000072712C2020202020202020202020202077
:10CA10002020202020202020202020202020202016
:10CA20002055736520484152512E0A202020202095
:10CA3000202D2D6D646D5F696E69745F6861727120
:10CA40005F70726F636573735F636F756E74203CA4
:10CA5000696E743E2C2020202020436F756E742058
:10CA60006F6620484152512052582070726F6365A2
:10CA70007373657320666F720A20202020202020A7
:10CA800020202020202020202020202020202020A6
:10CA90002020202020202020202020202020202096
:10CAA00020202020202020206D6F64656D20696E7D
:10CAB0006974205B312C322C342C385D2E0A2020F6
:10CAC0002020202020202020202020202020202066
:10CAD0002020202020202020202020202020202056
:10CAE0002020202020202020202020202044656697
:10CAF00061756C742066726F6D20636F6D6D6F6E03
:10CB00002073657474696E67732E0A2020202020BC
:10CB1000202D2D6D646D5F696E69745F686172713F
:10CB20005F6578706972795F74696D655F75732090
:10CB30003C696E743E2C20202020484152512052E6
:10CB40005820627566666572206578706972792012
:10CB500074696D652C0A20202020202020202020B0
:10CB600020202020202020202020202020202020C5
:10CB700020202020202020202020202020202020B5
:10CB80002020202020696E206D6963726F736563B9
:10CB90006F6E64732E0A2020202020202020202069
:10CBA0002020202020202020202020202020202085
:10CBB0002020202020202020202020202020202075
:10CBC00020202020204D6178696D756D207375706F
:10CBD000706F727465642076616C75653A203530CB
:10CBE00030303030302E0A202020202020202020FD
:10CBF0002020202020202020202020202020202035
:10CC00002020202020202020202020202020202024
:10CC100020202020202044656661756C7420667297
:10CC20006F6D20636F6D6D6F6E2073657474696EC8
:10CC300067732E0A20202020202020436C69656E17
:10CC4000742073696465205458207769746820489B
:10CC500041525120697465726174696F6E3A0A09B4
:10CC6000635F736C6F7473202D20635F68617271F2
:10CC70005F666565646261636B5F72785F64656C53
:10CC800061795F737562736C6F7473202D20635FBD
:10CC9000686172715F666565646261636B5F72781B
:10CCA0005F737562736C6F7473202D0A20202020CF
:10CCB000202020635F6761705F736C6F74730A0A72
:10CCC0002020202020202D2D635F686172715F6617
:10CCD0006565646261636B5F72785F64656C6179DE
:10CCE0005F737562736C6F7473203C696E743E2C55
:10CCF00020436C69656E7420736964652E0A202078
:10CD00002020202020202020202020202020202023
:10CD10002020202020202020202020202020202013
:10CD200020202020202020202020202020202041E2
:10CD300020676170206265747765656E20545820A5
:10CD4000616E64207374617274696E672052580A50
:10CD500020202020202020202020202020202020D3
:10CD600020202020202020202020202020202020C3
:10CD700020202020202020202020202020202020B3
:10CD800020666F7220484152512066656564626179
:10CD9000636B2E0A2020202020202020202020200D
:10CDA0002020202020202020202020202020202083
:10CDB0002020202020202020202020202020202073
:10CDC000202020202044656661756C743A206672CC
:10CDD0006F6D20636F6D6D6F6E2073657474696E17
:10CDE00067732E0A2020202020202D2D635F68618C
:10CDF00072715F666565646261636B5F72785F73B1
:10CE00007562736C6F7473203C696E743E2C2020C5
:10CE10002020202020436C69656E7420736964654E
:10CE20002E0A20202020202020202020202020200A
:10CE300020202020202020202020202020202020F2
:10CE400020202020202020202020202020202020E2
:10CE50002020205258206475726174696F6E2028FA
:10CE6000696E20737562736C6F74732920666F72BC
:10CE70000A202020202020202020202020202020C8
:10CE800020202020202020202020202020202020A2
:10CE90002020202020202020202020202020202092
:10CEA0002020726563656976696E6720484152513A
:10CEB0000A20202020202020202020202020202088
:10CEC0002020202020202020202020202020202062
:10CED0002020202020202020202020202020202052
:10CEE0002020666565646261636B20666F722074E2
:10CEF000686520636C69656E742054582E0A202082
:10CF00002020202020202020202020202020202021
:10CF10002020202020202020202020202020202011
:10CF200020202020202020202020202020202044DD
:10CF3000656661756C743A2066726F6D20636F6D03
:10CF40006D6F6E2073657474696E67732E0A20208E
:10CF5000202020202D2D635F686172715F70726FD9
:10CF6000636573735F6E62725F6D6178203C696E9A
:10CF7000743E2C20484152512070726F6365737368
:10CF8000206E62722072616E676520746F20545843
:10CF90002068656164657273205B302D375D2E0AF1
:10CFA0002020202020202020202020202020202081
:10CFB0002020202020202020202020202020202071
:10CFC00020202020202044656661756C743A20334F
:10CFD0002C20692E652072616E6765206F662020A7
:10CFE000302D332E0A202020202020202020202019
:10CFF0002020202020202020202020202020202031
:10D0000020202020202020202020204E6F74653AF0
:10D010002063616E206265206269676765722074B3
:10D020006861740A20202020202020202020202039
:10D0300020202020202020202020202020202020F0
:10D04000202020202020202020206D646D5F696E2C
:10D0500069745F686172715F70726F636573735F2B
:10D06000636F756E740A202020202020202020204D
:10D0700020202020202020202020202020202020B0
:10D0800020202020202020202020202062757420B5
:10D090007468656E20616C6C206D69676874206EC1
:10D0A0006F742066697420746F2073657276657280
:10D0B00020627566666572732E0A2020202020206B
:10D0C000205365727665722073696465205258201A
:10D0D000776974682048415251206974657261749F
:10D0E000696F6E3A0A0952582064617461202D20DC
:10D0F000735F686172715F666565646261636B5FCF
:10D1000074785F64656C61795F737562736C6F745A
:10D1100073202D2048415251206665656462616329
:10D120006B202D0A20202020202020735F68617250
:10D13000715F666565646261636B5F74785F727866
:10D140005F64656C61795F737562736C6F74732073
:10D150002D2052580A0A2020202020202D2D735FD8
:10D16000686172715F666565646261636B5F747844
:10D170005F64656C61795F737562736C6F74732043
:10D180003C696E743E2C20202020536572766572B7
:10D1900020736964652E0A20202020202020202072
:10D1A000202020202020202020202020202020207F
:10D1B000202020202020202020202020202020206F
:10D1C0002020202020202020202020412067617066
:10D1D000206265747765656E20525820616E642008
:10D1E0007374617274696E670A20202020202020E9
:10D1F000202020202020202020202020202020202F
:10D20000202020202020202020202020202020201E
:10D210002020202020202020202020202061205499
:10D220005820666F722070726F766964696E67202D
:10D23000484152510A202020202020202020202058
:10D2400020202020202020202020202020202020DE
:10D2500020202020202020202020202020202020CE
:10D2600020202020202020202066656564626163E4
:10D270006B206966207265717565737465642062E0
:10D280007920636C69656E742E0A2020202020208E
:10D29000202020202020202020202020202020208E
:10D2A000202020202020202020202020202020207E
:10D2B0002020202020202020202020202020446505
:10D2C0006661756C743A2066726F6D20636F6D6D68
:10D2D0006F6E2073657474696E67732E0A20202048
:10D2E0002020202D2D735F686172715F6665656413
:10D2F0006261636B5F74785F72785F64656C61799B
:10D300005F737562736C6F7473203C696E743E2C2E
:10D310002053657276657220736964652E0A202039
:10D3200020202020202020202020202020202020FD
:10D3300020202020202020202020202020202020ED
:10D3400020202020202020202020202020202020DD
:10D3500020204120676170206265747765656E20CA
:10D360004841525120666565646261636B20545880
:10D370000A202020202020202020202020202020C3
:10D38000202020202020202020202020202020209D
:10D39000202020202020202020202020202020208D
:10D3A0002020202020656E6420616E642072652D2F
:10D3B0007374617274696E6720612073657276653B
:10D3C000722052582E0A20202020202020202020A9
:10D3D000202020202020202020202020202020204D
:10D3E000202020202020202020202020202020203D
:10D3F0002020202020202020202044656661756C9C
:10D40000743A20342E0A0052535349207363616EDC
:10D41000206F6E676F696E672E00506572666F725F
:10D420006D616E63652074657374206F6E676F69DC
:10D430006E672E0050696E67206F6E676F696E674A
:10D440002E0043657274696669636174696F6E204A
:10D450006F6E676F696E672E0045787465726E61D6
:10D460006C20636F6D6D616E64206F6E676F696EA7
:10D47000672E0025733A206E72665F6D6F64656D6E
:10D480005F646563745F7068795F636F6E66696718
:10D490007572652072657475726E65643A202569CF
:10D4A00000282573293A206E72665F6D6F64656D82
:10D4B0005F646563745F7068795F636F6E666967E8
:10D4C00075726528292074696D656F75742E004426
:10D4D000454354206D6F64656D20636F6E666967A8
:10D4E0007572656420746F2062616E642023256408
:10D4F0002E00646563745F7068795F6374726C5F3B
:10D50000776F726B65725F7468004D6F64656D2034
:10D510006C69627261727920646964206E6F742034
:10D52000696E697469616C697A653A2025640A00DC
:10D530006E72665F6D6F64656D5F646563745F7066
:10D5400068795F6576656E745F68616E646C65723C
:10D550005F7365742072657475726E65643A202518
:10D56000690A006E72665F6D6F64656D5F64656306
:10D57000745F7068795F696E697420726574757222
:10D580006E65643A2025690A00282573293A206EC1
:10D5900072665F6D6F64656D5F646563745F70680C
:10D5A000795F696E697428292074696D656F757477
:10D5B0002E00282573293A206E72665F6D6F6465B0
:10D5C0006D5F646563745F7068795F6163746976C9
:10D5D0006174652829206661696C65643A20256458
:10D5E00000282573293A206E72665F6D6F64656D41
:10D5F0005F646563745F7068795F616374697661A5
:10D60000746528292074696D656F75742E00444512
:10D610004354206D6F64656D206163746976617435
:10D62000656420746F20726164696F206D6F64653A
:10D630003A2025732E00526563656976656420641F
:10D6400061746120697320746F6F206C6F6E672046
:10D65000746F206265207265636569766564206217
:10D6600079204354524C205448202D206469736320
:10D67000617264656420286C656E2025642C2062CC
:10D6800075662073697A65202564290A00526563EE
:10D690006569766564206461746120697320746FC4
:10D6A0006F206C6F6E6720746F20626520726563F7
:10D6B0006569766564206279205343484544554C3A
:10D6C0004552205448202D2064697363617264655B
:10D6D0006420286C656E2025642C2062756620739A
:10D6E000697A65202564290A0044454354206D6FFA
:10D6F00064656D206C6174656E637920696E666F18
:10D70000206E6F742076616C69642E00444543542A
:10D71000206D6F64656D206C6174656E637920693E
:10D720006E666F3A0020526164696F206D6F6465A8
:10D73000207370656369666963206C6174656E63EC
:10D740006965733A002020526164696F206D6F64CF
:10D75000653A202573002020202073636865647576
:10D760006C65645F6F7065726174696F6E5F74720F
:10D77000616E736974696F6E3A2025640020202001
:10D78000207363686564756C65645F6F7065726152
:10D7900074696F6E5F737461727475703A2025647A
:10D7A0000020202020726164696F206D6F64652005
:10D7B0007472616E736974696F6E2064656C6179EF
:10D7C00020746F2025733A20256400204F70657205
:10D7D0006174696F6E206C6174656E636965733A1C
:10D7E00000202052583A0020202069646C655F7444
:10D7F0006F5F6163746976653A202564002020209C
:10D800006163746976655F746F5F69646C655F728C
:10D810007373693A2025640020202061637469765F
:10D82000655F746F5F69646C655F72783A20256428
:10D830000020202073746F705F746F5F72665F6F7B
:10D8400066663A20256400202054583A00202020A3
:10D850006163746976655F746F5F69646C653A20B3
:10D86000256400204D6F64656D20726164696F20CE
:10D87000636F6E66696775726174696F6E20647537
:10D88000726174696F6E733A0020204445435420DE
:10D8900050485920696E697469616C697A6174696C
:10D8A0006F6E206475726174696F6E3A2025640032
:10D8B00020204445435420504859206465696E69CE
:10D8C0007469616C697A6174696F6E2064757261E4
:10D8D00074696F6E3A20256400202044454354202B
:10D8E00050485920636F6E66696775726174696F1D
:10D8F0006E206475726174696F6E3A202564002031
:10D90000204445435420504859206163746976612E
:10D9100074696F6E206475726174696F6E3A202548
:10D9200064002020444543542050485920646561D8
:10D93000637469766174696F6E206475726174696D
:10D940006F6E3A2025640044454354206D6F646532
:10D950006D2062616E6420696E666F3A002020421D
:10D96000616E64206E756D6265723A202020202001
:10D9700020256400202042616E642067726F7570FC
:10D9800020696E6465783A2025640020204D696E18
:10D9900020636172726965723A2020202020202560
:10D9A000640020204D617820636172726965723A6B
:10D9B0002020202020202564002020506F776572D1
:10D9C00020636C6173733A2020202020202564009E
:10D9D000202020204D617820706F7765723A2020DA
:10D9E00020202020256464426D00202052582067AA
:10D9F00061696E3A202020202020202020202564EC
:10DA00000A0050485920636F6E6669677572652019
:10DA10006661696C65643A2025640A000A43616E98
:10DA20006E6F7420676574206D6F64656D20746916
:10DA30006D652C20657272202564000A4D6F646547
:10DA40006D2074696D653A20256C6C752C206170B1
:10DA5000702074696D6520256C6C64202825732006
:10DA6000627920256C6C64207469636B73290A00E9
:10DA7000626568696E640061686561640043616E37
:10DA80006E6F7420676574206D6F64656D206361CF
:10DA9000706162696C69746965732C2065727220AB
:10DAA00025640A000A4D6F64656D206361706162D0
:10DAB000696C69746965733A0A0020204E6F2063AF
:10DAC00061706162696C697469657320617661690E
:10DAD0006C61626C650A00202044454354204E521C
:10DAE0002B2076657273696F6E3A2025640A0020D8
:10DAF0002044454354204E522B2076617269616E5A
:10DB00007420636F756E743A2025640A002020200B
:10DB10002072785F7370617469616C5F7374726591
:10DB2000616D735B25645D3A202020202025640A06
:10DB3000002020202072785F74785F6469766572B7
:10DB4000736974795B25645D3A20202020202020B1
:10DB50002025640A00202020206D63735F6D6178AA
:10DB60005B25645D3A2020202020202020202020DA
:10DB7000202020202025640A0020202020686172B7
:10DB8000715F736F66745F6275665F73697A655BF8
:10DB900025645D3A202020202025640A00202020D2
:10DBA00020686172715F70726F636573735F636F1A
:10DBB000756E745F6D61785B25645D3A2025640A3B
:10DBC0000020202020686172715F66656564626173
:10DBD000636B5F64656C61795B25645D3A2020202E
:10DBE0002025640A00202020206D755B25645D3AA5
:10DBF0002020202020202020202020202020202025
:10DC0000202020202025640A00434D414B455F53CE
:10DC10004F555243455F4449522F7372632F6465D9
:10DC200063742F646563745F7068795F6374726C8A
:10DC30002E63006361706162696C6974792D3E7650
:10DC4000617269616E745B695D2E6D75203D3D206A
:10DC5000310020202020626574615B25645D3A20DC
:10DC600020202020202020202020202020202020B4
:10DC7000202025640A0025733A205741524E3A204D
:10DC8000556E6578706563746564206576656E743D
:10DC90002069642025640A0025733A2063616E6E52
:10DCA0006F742063616E63656C206F6E676F696E61
:10DCB00067206F7065726174696F6E733A202564B6
:10DCC0000025733A206E72665F6D6F64656D5F64E8
:10DCD0006563745F7068795F63616E63656C282942
:10DCE0002074696D656F75742E006E72665F6D6F5E
:10DCF00064656D5F646563745F7068795F657665A0
:10DD00006E745F68616E646C65725F7365742072B7
:10DD1000657475726E65643A2025690043616E6EA4
:10DD20006F74207265737461727420525820776822
:10DD3000656E205258206973206E6F74206F6E20BC
:10DD4000676F696E672E00727820636D6420616C66
:10DD50007265616479206F6E20676F696E672E004F
:10DD6000416C6C206368616E6E656C7320696E2017
:10DD700062616E64207363616E6E65642E0052533F
:10DD80005349207363616E206461746120696E6918
:10DD900074206661696C65643A206572720064651E
:10DDA00073682D646563742D706879207374617471
:10DDB00075733A0041542B43474D52002020547252
:10DDC000616E736D69747465722049443A20202035
:10DDD0002025640020204D6F64656D206669726D9A
:10DDE000776172653A202020202573002525485749
:10DDF00056455253494F4E3A20253132385B5E0D1D
:10DE00000A5D00415425485756455253494F4E002C
:10DE1000202048572076657273696F6E3A20202063
:10DE2000202020202025730020204D6F64656D2068
:10DE300074656D70657261747572653A20257343FF
:10DE40000052535349207363616E20726573756C81
:10DE50007473206E6F7420617661696C61626C65A9
:10DE60002E002020204E6F2062657374206368614D
:10DE70006E6E656C20666F756E642E002D2D2D2DD7
:10DE80002D2D2D2D2D2D2D2D2D2D2D2D2D2D2D2DC2
:10DE90002D2D2D2D2D2D2D2D2D2D2D2D2D2D2D2DB2
:10DEA0002D2D2D2D2D2D2D2D2D2D2D2D2D2D2D2DA2
:10DEB0002D2D2D2D2D2D2D2D2D2D2D2D2D2D2D2D92
:10DEC0002D2D2D2D2D2D2D2D2D002052535349203C
:10DED0007363616E20646F6E652E20466F756E648D
:10DEE00020256420667265652C20256420706F7380
:10DEF0007369626C6520616E6420256420627573AD
:10DF000079206368616E6E656C732E00202020425C
:10DF1000657374206368616E6E656C3A20256400D9
:10DF20002020204E6F207363616E20726573756CC4
:10DF30007420666F756E6420666F722062657374FC
:10DF4000206368616E6E656C2E0020202046696E2D
:10DF5000616C20766572646963743A2025730020D1
:10DF6000202020204672656520737562736C6F7483
:10DF7000733A202564002020202020506F7373699D
:10DF8000626C6520737562736C6F74733A202564DC
:10DF90000020202020204275737920737562736CF5
:10DFA0006F74733A202564002052535349207363E1
:10DFB000616E206661696C65643A202573202825AE
:10DFC00064290052657374617274696E67205253DC
:10DFD0005349207363616E6E696E6720696E2025F8
:10DFE00064207365636F6E64732E0052535349202F
:10DFF0007363616E20616C7265616479206F6E205D
:10E00000676F696E672E0A00282573293A207261AE
:10E0100064696F2061637469766174696F6E2066EC
:10E0200061696C65643A20256420282573290028DD
:10E030002573293A20726164696F20646561637495
:10E0400069766174696F6E206661696C65643A20F7
:10E050002564202825732900526164696F20646556
:10E060006163746976617465642E00282573293AAA
:10E0700020726164696F206D6F646520636F6E66E6
:10E08000696775726174696F6E206661696C656439
:10E090003A202564202825732900526164696F2085
:10E0A0006D6F646520636F6E666967757265642E57
:10E0B000007065726620636F6D6D616E6420646FC1
:10E0C0006E652E0070696E6720636F6D6D616E64A2
:10E0D00020646F6E652E0072665F746F6F6C2063D4
:10E0E0006F6D6D616E6420646F6E652E0028257300
:10E0F000293A20696E6974206661696C656420281C
:10E1000074656D70657261747572652025642C206C
:10E1100074656D705F6C696D6974202564293A209F
:10E12000256420282573290044454354206D6F64DD
:10E13000656D20696E697469616C697A65643A001D
:10E14000202063757272656E742074656D706572DF
:10E1500061747572653A20202020202020256443B8
:10E16000006E72665F6D6F64656D5F646563745F9A
:10E170007068795F6361706162696C6974795F6707
:10E1800065742072657475726E65643A2025690A3B
:10E1900000282573293A206E72665F6D6F64656D85
:10E1A0005F646563745F7068795F63617061626901
:10E1B0006C6974795F67657428292074696D656F6F
:10E1C00075742E006E72665F6D6F64656D5F646559
:10E1D00063745F7068795F6C6174656E63795F67A3
:10E1E00065742072657475726E65643A20256900E5
:10E1F000282573293A206E72665F6D6F64656D5FC6
:10E20000646563745F7068795F6C6174656E63796F
:10E210005F67657428292074696D656F75742E00B9
:10E2200025733A206E72665F6D6F64656D5F64651D
:10E2300063745F7068795F62616E645F67657420A4
:10E2400072657475726E65643A20256900282573BD
:10E25000293A206E72665F6D6F64656D5F646563F9
:10E26000745F7068795F62616E645F6765742829A6
:10E270002074696D656F75742E0042616E64203480
:10E28000206973206E6F7420737570706F7274657F
:10E290006420696E206D6F64656D202D2073657438
:10E2A00074696E672064656661756C742062616E66
:10E2B000642023312E0044454354206D6F64656D06
:10E2C000206E6F74206163746976617465642E00DA
:10E2D000202041637469766174696F6E2063616E9A
:10E2E00020626520646F6E65206D616E75616C6C77
:10E2F00079206279207573696E6720636F6D6D6137
:10E300006E6420226465637420616374697661744D
:10E3100065222E005258205043432043524320652B
:10E3200072726F72202874696D6520256C6C752C73
:10E330002068616E646C65202564293A20534E5232
:10E340002025642C20525353492D32202564202847
:10E3500025642064426D29005258205044432043D4
:10E360005243206572726F72202874696D65202592
:10E370006C6C752C2068616E646C65202564293A8C
:10E3800020534E522025642C20525353492D3220C5
:10E390002564202825642064426D290050434320D1
:10E3A000726563656976656420287374662073748A
:10E3B0006172742074696D6520256C6C752C206801
:10E3C000616E646C65202564293A207374617475EC
:10E3D000733A20222573222C20736E722025642C20
:10E3E00020525353492D322025642028525353493B
:10E3F00020256429002020706879206865616465A3
:10E40000723A2073686F7274206E772069642025D9
:10E41000642028307825303278292C207472616E7F
:10E42000736D6974746572206964202575002020FD
:10E4300072656365697665722069643A20257500A6
:10E440005044432072656365697665642028746969
:10E450006D6520256C6C75293A20736E72202564D9
:10E460002C20525353492D322025642028525353D7
:10E4700049202564292C206C656E202564002530F8
:10E4800032782000526563656976656420756E6B2D
:10E490006E6F776E20646174612C206C656E202530
:10E4A000642C2068657820646174613A2025730AC1
:10E4B0000025733A2063616E6E6F7420737461720D
:10E4C000742052583A20257300525820444F4E452C
:10E4D0002E0052535349207363616E20737461722E
:10E4E00074206661696C65643A2025640043616E3E
:10E4F0006E6F74207265696E69742072737369201F
:10E500007363616E20646174610044454354204329
:10E5100054524C3A20556E6B6E6F776E206576655F
:10E520006E742025642072656365697665640044B5
:10E53000454354206F7065726174696F6E20616C21
:10E540007265616479206F6E20676F696E672E2037
:10E5500053746F7020616C6C206265666F72652009
:10E560007374617274696E672072756E6E696E671E
:10E5700020706572662E004F7065726174696F6EEF
:10E5800020616C7265616479206F6E20676F696EBF
:10E59000672E2053746F7020616C6C206265666F0B
:10E5A0007265207374617274696E672072756E6E25
:10E5B000696E672070696E672E004F7065726174B6
:10E5C000696F6E20616C7265616479206F6E20677F
:10E5D0006F696E672E2053746F7020616C6C2062BF
:10E5E00065666F7265207374617274696E672072FC
:10E5F000756E6E696E672072665F746F6F6C2E0049
:10E60000282573293A2050687920617069206E6F3F
:10E610007420696E697469616C697A656400282583
:10E6200073293A204F7065726174696F6E20616C56
:10E630007265616479206F6E20676F696E672E2046
:10E6400053746F7020616C6C206265666F72652018
:10E650007374617274696E672072756E6E696E672D
:10E660002065787420636F6D6D616E642E006E722C
:10E67000665F6D6F64656D5F646563745F70687914
:10E680005F646561637469766174652829206661D9
:10E69000696C65642C206572723D2564004F70655D
:10E6A000726174696F6E20616C7265616479206F4C
:10E6B0006E20676F696E672E2043616E63656C69BB
:10E6C0006E6720616C6C206F7065726174696F6E2B
:10E6D0007320696E206D6F64656D206265666F7270
:10E6E00065207374617274696E672072756E6E69ED
:10E6F0006E6720726164696F206D6F646520636866
:10E70000616E67652E006E72665F6D6F64656D5F2A
:10E71000646563745F7068795F726164696F5F6379
:10E720006F6E6669672829206661696C65642C20B4
:10E730006572723D256400282573293A206E726641
:10E740005F6D6F64656D5F646563745F7068795F4A
:10E75000726164696F5F636F6E66696728292074F0
:10E76000696D656F75742E00444543542072616471
:10E77000696F206D6F646520636F6E66696775727F
:10E78000656420746F3A2025732E0044454354205D
:10E79000726164696F206D6F646520636F6E666976
:10E7A0006775726174696F6E206661696C6564205B
:10E7B000746F2025732E004C617374207365742070
:10E7C0004445435420726164696F206D6F64652015
:10E7D00025732E00646563745F7068795F6374727B
:10E7E0006C5F6F6E5F6D6F64656D5F6C69625F69B2
:10E7F0006E697400646563745F7068795F637472D6
:10E800006C5F726164696F5F6D6F64655F636D6497
:10E8100000646563745F7068795F6374726C5F65D0
:10E8200078745F636F6D6D616E645F737461727431
:10E8300000646563745F7068795F6374726C5F6DA8
:10E84000646D5F6F705F63616E63656C5F616C6C5C
:10E8500000646563745F7068795F6374726C5F6D88
:10E86000646D5F6576745F68616E646C6572006488
:10E870006563745F7068795F6374726C5F72616402
:10E88000696F5F6163746976617465006465637460
:10E890005F7068795F6374726C5F7068795F636FD3
:10E8A0006E6669677572655F66726F6D5F736574BA
:10E8B00074696E677300646563745F7068795F6321
:10E8C00074726C5F726164696F5F636F6E666967B3
:10E8D0007572655F61637469766174655F66726F96
:10E8E0006D5F73657474696E677300646563745FEC
:10E8F0007068795F6374726C5F6D7367715F746861
:10E90000726561645F68616E646C65720064656302
:10E91000745F7068795F6374726C5F6D7367715F49
:10E9200074680052535349207363616E20444F4E04
:10E93000452E00434D414B455F534F555243455F74
:10E940004449522F7372632F646563742F64656347
:10E95000745F7068795F7363616E2E630066696CC3
:10E960006C65645F726573756C74730052535349C0
:10E97000207363616E2073746F7070696E672E0010
:10E980004E6F206D656D6F727920666F72205253E5
:10E990005349207363616E206D6561737572656D97
:10E9A000656E7420646174612E20547279206167F1
:10E9B00061696E20776974682073686F727465721C
:10E9C000207363616E2074696D652E005253534944
:10E9D000207363616E2064617461207265696E6981
:10E9E00074206661696C65643A20657272202564E2
:10E9F0002E0052535349207363616E206461746129
:10EA000020696E6974206661696C65643A2065727C
:10EA1000722025642E00282573293A2064656374CA
:10EA20005F7068795F72785F7068795F6D65617338
:10EA30007572655F727373695F6F705F6164642084
:10EA40006661696C65643A2025640052535349201D
:10EA50007363616E206475726174696F6E3A2073BE
:10EA600063616E5F74696D655F6D73202564202836
:10EA7000737562736C6F74732025642900705F7204
:10EA80006573756C7420213D202828766F69642099
:10EA90002A29302900705F726573756C742D3E6D84
:10EAA0006561735F6C656E203C3D202828363931E6
:10EAB0003230202A20313029202F20323838302996
:10EAC000006B203C2028283229202A202832342993
:10EAD0002900727373695F7363616E5F646174614F
:10EAE0002E6D6561737572656D656E745F646174BA
:10EAF000615F707472005374617274696E67205242
:10EB0000583A206368616E6E656C2025642C207213
:10EB10007373695F6C6576656C2025642C20647561
:10EB2000726174696F6E20256420736563732E00B3
:10EB30006E72665F6D6F64656D5F646563745F7050
:10EB400068795F7278206661696C6564202564006D
:10EB50001B5B306D001B5B33326D002573465245E5
:10EB6000452573001B5B33336D002573504F5353A2
:10EB700049424C452573001B5B33316D00257342C0
:10EB80005553592573001B5B33346D002573554E67
:10EB90004B4E4F574E2573004E6F20525353492012
:10EBA0007363616E6E696E6720726573756C7473E2
:10EBB0002E004C6174657374205253534920736363
:10EBC000616E6E696E6720726573756C74733A005E
:10EBD00020206368616E6E656C202020202020203C
:10EBE0002020202025640020207363616E6E696EF2
:10EBF0006720636F756E74202020202564002573C4
:10EC00002020686967686573742052535349202037
:10EC100020202020256425730020206C6F776573E9
:10EC20007420525353492020202020202025640A9C
:10EC300000537562736C6F7420636F756E7420621D
:10EC40006173656420726573756C74733A0020207B
:10EC5000746F74616C20737562736C6F74733A2097
:10EC600025640A20206672656520737562736C6F77
:10EC700074733A2025642C20706F737369626C651D
:10EC800020737562736C6F74733A2025642C206254
:10EC900075737920737562736C6F74733A20256491
:10ECA00000202046696E616C207665726469637429
:10ECB00020257325732573206261736564206F6E50
:10ECC000205343414E5F5355495441424C45202502
:10ECD0006425253A0A20202020667265653A2025A1
:10ECE0002E30326625252C20706F737369626C6537
:10ECF0003A20252E3032662525004C6174657374E8
:10ED00002052535349207363616E6E696E6720729F
:10ED10006573756C7473206C697374696E672064B5
:10ED20006F6E652E0052535349207363616E6E6996
:10ED30006E6720726573756C747320286D656173DE
:10ED4000202331206D646D2074696D6520256C6C05
:10ED500075293A0020206368616E6E656C20202062
:10ED600020202020202020202020202020202020A3
:10ED7000202020202020202020202020256400206A
:10ED80002020206E65696768626F72206861732059
:10ED90006265656E207365656E20696E20746869B2
:10EDA00073206368616E6E656C002020746F7461FF
:10EDB0006C207363616E6E696E6720636F756E742D
:10EDC0002020202020202020202020202020202043
:10EDD00020202564002020202073617475726174E6
:10EDE000696F6E73202020202020202020202020EA
:10EDF00020202020202020202020202020256400EA
:10EE0000202020206E6F74206D65617375726564BB
:10EE100020202020202020202020202020202020F2
:10EE20002020202020202020256400202020206D6C
:10EE30006561737572656D656E74206661696C6578
:10EE4000642020202020202020202020202020207E
:10EE500020202025640020202020726573756C74AA
:10EE600020736B6970706564002573202068696782
:10EE7000686573742052535349202020202020209D
:10EE80002020202020202020202020202020202082
:10EE9000202020256425730020206C6F7765737413
:10EEA00020525353492020202020202020202020A1
:10EEB0002020202020202020202020202020202052
:10EEC000256400257325346425737C2573000A208E
:10EED00020004D6561737572656D656E7420232524
:10EEE00064207769746820627573792F706F73730B
:10EEF00069626C6520737562736C6F74732C207318
:10EF000074617274656420256C6C752C2034382013
:10EF1000737562736C6F74733A0A20202573004E08
:10EF20006F20737562736C6F7473206D6561737598
:10EF30007265642E002020746F74616C207375629A
:10EF4000736C6F74733A2025640A202066726565BD
:10EF500020737562736C6F74733A2025642C207073
:10EF60006F737369626C6520737562736C6F747311
:10EF70003A2025642C206275737920737562736C56
:10EF80006F74733A2025640A20206E6F74206D65BB
:10EF900061737572656420737562736C6F74733A14
:10EFA0002025642C2073617475726174656420730C
:10EFB0007562736C6F74733A20256400202057418A
:10EFC000524E494E473A204E6F7420616C6C206D52
:10EFD0006561737572656D656E74732077657265B2
:10EFE0002073746F7265642E20526563656976655F
:10EFF000642025642C2053746F72616765207369E7
:10F000007A652025640052535349207363616E6E04
:10F01000696E67206661696C65643A2025730064D7
:10F020006563745F7068795F7363616E5F72737339
:10F03000695F66696E69736865645F68616E646C58
:10F040006500646563745F7068795F7363616E5FA8
:10F05000727373695F737461727400444543545FE3
:10F060005048595F52585F4F505F435553544F4D6E
:10F07000206661696C65643A2065727220256400BF
:10F08000444543542052583A20556E6B6E6F776E4C
:10F09000206576656E7420256420726563656976E7
:10F0A000656400646563745F7068795F72785F742B
:10F0B0006800506879205458207077722076616C0F
:10F0C0007565206F7574206F662072616E67653A92
:10F0D0002025640A0025642028756E6B6E6F776E9C
:10F0E0002076616C75652C206E6F7420636F6E7670
:10F0F000657274656420746F20737472696E672919
:10F1000000202874656D70657261747572653A20AF
:10F110006E6F74206D6561737572656429002028B7
:10F1200074656D706572617475726520256443291C
:10F13000004C6F77206C6174656E6379004C6F775B
:10F14000206C6174656E63792077697468207374CC
:10F15000616E646279004C42542064697361626C30
:10F1600065642C2077697468207374616E646279B9
:10F170000076616C6964202D205044432063616EE9
:10F1800020626520726563656976656400696E76E4
:10F19000616C6964202D205044432063616E2774A4
:10F1A0002062652072656365697665640076616CCE
:10F1B0006964202D20627574205258206F7020657C
:10F1C0006E6473206265666F7265205044432072DE
:10F1D0006563657074696F6E00696E76616C6964F1
:10F1E0000076616C6964202D206275742073686FED
:10F1F000727400696E20737562736C6F747300694A
:10F200006E20736C6F7473004E52465F4D4F4445D1
:10F210004D5F444543545F5048595F535543434500
:10F220005353004552525F4C42545F4348414E4E47
:10F23000454C5F42555359004552525F554E535508
:10F2400050504F525445445F4F50004552525F4E0C
:10F250004F545F464F554E44004552525F4E4F5FEC
:10F260004D454D4F5259004552525F4E4F545F41EC
:10F270004C4C4F574544005048595F4F4B5F5749DE
:10F2800054485F484152515F5245534554004552DE
:10F29000525F4F505F53544152545F54494D455F44
:10F2A0004C415445004552525F4C42545F535441C7
:10F2B00052545F54494D455F4C41544500455252AC
:10F2C0005F52465F53544152545F54494D455F4C21
:10F2D000415445004552525F494E56414C49445FA6
:10F2E00053544152545F54494D45004552525F4F6B
:10F2F000505F5343484544554C494E475F434F4E3A
:10F30000464C494354004552525F4F505F54494D5B
:10F31000454F5554004552525F4E4F5F4F4E474F39
:10F32000494E475F484152515F5258004552525F23
:10F33000504152414D455445525F554E4156414909
:10F340004C41424C45004552525F5041594C4F414F
:10F35000445F554E415641494C41424C450050484E
:10F36000595F4552525F4F505F43414E43454C45B4
:10F3700044004552525F434F4D42494E45445F4F12
:10F38000505F4641494C4544004552525F5241440A
:10F39000494F5F4D4F44455F434F4E464C494354A0
:10F3A000004552525F554E535550504F52544544AC
:10F3B0005F43415252494552004552525F554E53A8
:10F3C0005550504F525445445F444154415F534956
:10F3D0005A45004552525F494E56414C49445F4E92
:10F3E0004554574F524B5F4944004552525F494E76
:10F3F00056414C49445F5048595F48454144455245
:10F40000004552525F494E56414C49445F44555263
:10F410004154494F4E004552525F494E56414C4966
:10F42000445F504152414D45544552004552525F50
:10F4300054585F504F5745525F4F5645525F4D41AC
:10F44000585F4C494D4954004552525F4D4F444519
:10F450004D5F4552524F52004552525F4D4F444509
:10F460004D5F4552524F525F52465F53544154458F
:10F47000004552525F54454D505F4849474800454A
:10F4800052525F50524F445F4C4F434B00444543F0
:10F49000545F5343484544554C45525F44454C41A5
:10F4A0005945445F4552524F5200444543545F53BF
:10F4B00043484544554C45525F5343484544554C99
:10F4C00045525F464154414C5F4D454D5F414C4C68
:10F4D0004F435F4552524F5200D8E2ECF0F4F8FC33
:10F4E0000004070A0D10131517282573293A206305
:10F4F000616E6E6F742075706461746520706475E0
:10F500003A20696E7075742073697A6520746F6F24
:10F51000206269673A20256420286D61782025647F
:10F520002900282573293A2063616E6E6F74207557
:10F530007064617465207064753A206974656D202B
:10F5400068616E646C65206964202564206E6F7448
:10F5500020666F756E6400434D414B455F534F55B8
:10F560005243455F4449522F7372632F646563743D
:10F570002F636F6D6D6F6E2F646563745F70687954
:10F580005F6170695F7363686564756C65722E6333
:10F59000006865616465725F74797065203D3D2027
:10F5A000444543545F5048595F4845414445525F84
:10F5B00054595045320025733A2063616E6E6F7462
:10F5C00020616C6C6F63617465206D656D6F72791D
:10F5D00020666F72207363686564756C6572206C59
:10F5E000697374206974656D0A004E6F206D656DD6
:10F5F0006F727920666F722073746F72696E672004
:10F600006461746120666F7220706F737369626CDD
:10F610006520484152512072655458002020446FA3
:10F620006E65206C697374206974656D20706879EB
:10F630002068616E646C653A2025640053636865D8
:10F6400064756C6572206C69737420737461747571
:10F65000733A0020204C697374206974656D2063CF
:10F660006F756E743A202564005363686564756C29
:10F67000657220646F6E65206C69737420737461A9
:10F680007475733A00282573293A206E6577206CCB
:10F69000697374206974656D202868616E646C6597
:10F6A0002025642C20656E645F74696D6520256C6F
:10F6B0006C75292063616E6E6F74206669742069B1
:10F6C0006E746F2061206672616D6520286E6578AA
:10F6D000745F6672616D655F74696D6520256C6C21
:10F6E0007529007761726E3A20746F5F62655F738F
:10F6F000686564756C65645F6C6973745F6D75745F
:10F70000657820776173206C6F636B65643F210AB5
:10F71000002825732920313A2063616E6E6F7420B2
:10F720007363686564756C653A206E6577206974EB
:10F73000656D202868616E646C652025642C2073DB
:10F74000746172745F74696D6520256C6C752C2012
:10F75000656E645F74696D6520256C6C7529206920
:10F7600073206F7665726C617070696E672077695F
:10F7700074682063757272656E74206F6E652028E0
:10F7800068616E646C652025642C207374617274EA
:10F790005F74696D6520256C6C752C20656E645FE7
:10F7A00074696D6520256C6C7529002825732920E6
:10F7B0007072696F20696E7365727420313A206EC1
:10F7C0006577206974656D202868616E646C6520BA
:10F7D00025642C2073746172745F74696D652025D3
:10F7E0006C6C752C20656E645F74696D6520256C8A
:10F7F0006C7529206973206F7665726C6170706911
:10F800006E6720776974682063757272656E742004
:10F810006F6E65202868616E646C652025642C20FD
:10F8200073746172745F74696D6520256C6C752CDE
:10F8300020656E645F74696D6520256C6C752900A8
:10F840002825732920323A2063616E6E6F7420730D
:10F8500063686564756C653A206E657720697465C8
:10F860006D202868616E646C652025642C2073749B
:10F870006172745F74696D6520256C6C752C2065F0
:10F880006E645F74696D6520256C6C7529206973E1
:10F89000206F7665726C617070696E67207769742D
:10F8A000682063757272656E74206F6E65202868BB
:10F8B000616E646C652025642C2073746172745FC2
:10F8C00074696D6520256C6C752C20656E645F74A1
:10F8D000696D6520256C6C752900282573292070B9
:10F8E00072696F20696E7365727420323A206E659A
:10F8F00077206974656D202868616E646C652025C9
:10F90000642C2073746172745F74696D6520256C5A
:10F910006C752C20656E645F74696D6520256C6C58
:10F920007529206973206F7665726C617070696EDD
:10F930006720776974682063757272656E74206FD2
:10F940006E65202868616E646C652025642C2073C8
:10F95000746172745F74696D6520256C6C752C2000
:10F96000656E645F74696D6520256C6C752900286F
:10F9700025732920333A2063616E6E6F74207363A0
:10F98000686564756C653A206E6577206974656D8D
:10F99000202868616E646C652025642C2073746176
:10F9A00072745F74696D6520256C6C752C20656EB2
:10F9B000645F74696D6520256C6C752920697320FE
:10F9C0006F7665726C617070696E672077697468B4
:10F9D0002063757272656E74206F6E652028686191
:10F9E0006E646C652025642C2073746172745F747E
:10F9F000696D6520256C6C752C20656E645F74697B
:10FA00006D6520256C6C752900282573292070727E
:10FA1000696F20696E7365727420333A206E657762
:10FA2000206974656D202868616E646C65202564AA
:10FA30002C2073746172745F74696D6520256C6C21
:10FA4000752C20656E645F74696D6520256C6C751E
:10FA500029206973206F7665726C617070696E67BA
:10FA600020776974682063757272656E74206F6E9A
:10FA700065202868616E646C652025642C20737491
:10FA80006172745F74696D6520256C6C752C2065DE
:10FA90006E645F74696D6520256C6C75290028257E
:10FAA00073292F313A20646563745F7068795F61F0
:10FAB00070695F7363686564756C65725F6C6973A8
:10FAC000745F6974656D5F61646420666F7220663F
:10FAD00061696C65640A006C6973745F6974656D53
:10FAE0002D3E73636865645F636F6E6669672E742D
:10FAF000782E656E636F6465645F7061796C6F61A9
:10FB0000645F70647520213D202828766F69642029
:10FB10002A29302900282573293A206E72665F6DE4
:10FB20006F64656D5F646563745F7068795F747836
:10FB3000206661696C65643A206572722025642CC8
:10FB40002068616E646C652025640A00282573298D
:10FB50003A206E72665F6D6F64656D5F6465637495
:10FB60005F7068795F72737369206661696C656440
:10FB7000202564006E72665F6D6F64656D5F6465FD
:10FB800063745F7068795F7278206661696C656420
:10FB90003A206572722025642C2068616E646C6561
:10FBA00020256400282573293A2063616E6E6F74E6
:10FBB00020636F7079206C697374206974656D00BF
:10FBC000282573293A20646563745F7068795F61E2
:10FBD00070695F7363686564756C65725F6C697387
:10FBE000745F6974656D5F616464206661696C65EA
:10FBF00064202D206F70207769746820696E7465A9
:10FC00007276616C2077696C6C20626520636F6E20
:10FC1000636C7564656420287068792068616E641F
:10FC20006C6520256429006E6F646520213D2028C5
:10FC300028766F6964202A293029202626206C69BD
:10FC400073745F6974656D20213D202828766F6983
:10FC500064202A2930290044454354205343484511
:10FC600044554C45522054483A20556E6B6E6F7780
:10FC70006E206576656E7420256420726563656903
:10FC800076656400282573293A2073616D652070BC
:10FC90006879206F702068616E646C65207468619B
:10FCA0006E2077617320696E206C69737420616CBB
:10FCB00072656164793A202564202D2D20636F6E72
:10FCC00074696E75652000646563745F7068795F40
:10FCD0006170695F7363686564756C65725F646F9A
:10FCE0006E655F6C6973745F6974656D5F61646490
:10FCF00000646563745F7068795F6170695F7363E6
:10FD0000686564756C65725F636F72655F6D646D65
:10FD10005F7068795F6F7000646563745F706879A5
:10FD20005F6170695F7363686564756C65725F635A
:10FD30006F72655F7469636B5F74685F7363686536
:10FD400064756C655F6E6578745F6672616D650081
:10FD5000646563745F7068795F6170695F7363681D
:10FD60006564756C65725F6C6973745F6974656DE9
:10FD70005F616C6C6F635F727373695F656C656DF7
:10FD8000656E7400646563745F7068795F61706943
:10FD90005F7363686564756C65725F6C6973745FCB
:10FDA0006974656D5F616C6C6F635F72785F656CC1
:10FDB000656D656E7400646563745F7068795F611A
:10FDC00070695F7363686564756C65725F6C697395
:10FDD000745F6974656D5F61646400646563745F1A
:10FDE0007068795F6170695F7363686564756C657D
:10FDF000725F6C6973745F6974656D5F7064755F61
:10FE00007061796C6F61645F7570646174655F6265
:10FE1000795F7068795F68616E646C6500646563C2
:10FE2000745F7068795F6170695F7363686564753A
:10FE30006C65725F7468004661696C656420746FFC
:10FE400020726561642064656374207068795F73F3
:10FE5000657474696E67735F646174612C20657288
:10FE6000726F723A20256400282573293A20666152
:10FE7000696C656420746F20696E697469616C696E
:10FE80007A652073657474696E6773207375627325
:10FE9000797374656D2C206572726F723A202564D7
:10FEA00000646563745F7068795F73657474696E0C
:10FEB000677300282573293A2063616E6E6F742082
:10FEC0006C6F61642073657474696E677320256458
:10FED00000646563745F7068795F73657474696EDC
:10FEE00067732F636F6D6D6F6E5F73657474696E8A
:10FEF00067730043616E6E6F742073617665206472
:10FF000065637420636F6D6D6F6E207365747469C3
:10FF10006E67732C206572723A20256400646563F5
:10FF20007420636F6D6D6F6E2073657474696E6796
:10FF3000732073617665640043616E6E6F74207325
:10FF4000657420646563742064656661756C7420F3
:10FF500073657474696E67732C206572723A20251C
:10FF6000640044656661756C742073657474696EB1
:10FF70006773207365742E00646563745F636F6DCF
:10FF80006D6F6E5F73657474696E67735F696E69B8
:10FF9000740070696E6720726571756573740070A6
:10FFA000696E6720726573706F6E73650070696E3D
:10FFB0006720726573756C747320726571756573F3
:10FFC000740070696E6720726573756C747320724B
:10FFD0006573706F6E73650070696E67204841527B
:10FFE0005120666565646261636B007065726620AE
:10FFF0004841525120666565646261636B007065BB
:020000040004F6
:10000000726620726573756C7473207265717565A4
:100010007374007065726620726573756C747320FA
:10002000726573706F6E73650070657266205458E8
:10003000206461746100282573293A206E72665F1E
:100040006D6F64656D5F646563745F7068795F741C
:1000500078206661696C6564202564202868616E7B
:10006000646C65202564290A00796573006E6F0051
:100070005374617274696E672070696E6720636C77
:1000800069656E74206F6E206368616E6E656C20AA
:1000900025643A0A20206279746520636F756E7456
:1000A000207065722054583A2025642C20736C6FA0
:1000B00074732025642C20696E74657276616C20DF
:1000C000256420736563732C0A20206D63732025DB
:1000D000642C204C425420706572696F6420256442
:1000E0002C20636F756E742025642C2074696D65F7
:1000F0006F7574202564206D736563732C204841EF
:1001000052513A2025732C0A20206578706563745B
:1001100065642052535349206C6576656C206F6E80
:100120002052582025642E00282573293A20646522
:1001300063745F7068795F6170695F736368656439
:10014000756C65725F6C6973745F6974656D5F610E
:100150006C6C6F635F74785F656C656D656E742041
:100160006661696C65643A204E6F206D656D6F72D3
:100170007920746F207363686564756C65206120F5
:1001800070696E6700282573293A20646563745F7F
:100190007068795F6170695F7363686564756C65C9
:1001A000725F6C6973745F6974656D5F616464200C
:1001B0006661696C65640A004E6F7468696E6720D9
:1001C0007265636569766564206F6E20736572760B
:1001D00065722073696465202D206E6F20726573CF
:1001E000756C747320746F2073686F772E000A70BB
:1001F000696E6720736572766572206F70657261D3
:1002000074696F6E2077697468207478206964203F
:1002100025643A0A002020656C617073656420745F
:10022000696D653A202020202020202020202020D9
:10023000202020252E3266207365636F6E64730A5A
:1002400000202074783A2070696E672072657370A0
:1002500020636F756E743A202020202020202025F6
:10026000640A00202072783A2070696E67207265F7
:100270007120636F756E743A20202020202020208A
:100280002025640A00202072783A20746F74616C13
:1002900020616D6F756E74206F6620646174613AC1
:1002A00020202025642062797465730A0020207262
:1002B000783A2050434320435243206572726F7254
:1002C00020636F756E743A2020202025640A002078
:1002D0002072783A20504443204352432065727282
:1002E0006F7220636F756E743A2020202025640A97
:1002F00000202072783A206F7574206F6620736535
:100300007175656E636520636F756E743A20202584
:10031000640A00202072783A2050445520646563B6
:100320006F6465206572726F7220636F756E743AC8
:100330002025640A00202072783A206D696E2052D0
:100340005353492025642C206D6178205253534922
:100350002025640A00202072783A206C6173742092
:100360005458207077722025640A00202072783A51
:10037000206D696E207077722025642C206D617865
:10038000207077722025640A00202072783A206D50
:10039000696E20534E522025642C206D61782053C5
:1003A0004E522025640A0043616E6E6F7420737490
:1003B0006172742073656E64696E6720736572760E
:1003C000657220726573756C74730053657276651F
:1003D0007220726573756C7473205458207363684F
:1003E0006564756C65643A20256420627974657370
:1003F0002028256420736C6F74732C204D43532D7B
:100400002564292E0025732063616C6C6564207758
:1004100068656E206E6F74206F6E20676F696E67FF
:10042000202D2063616C6C65722025705300434D54
:10043000414B455F534F555243455F4449522F73DB
:1004400072632F646563742F70696E672F646563D0
:10045000745F7068795F70696E672E630070617297
:10046000616D732D3E726F6C65203D3D20444543A8
:10047000545F5048595F434F4D4D4F4E5F524F4C64
:10048000455F534552564552005374617274696E0C
:10049000672070696E6720736572766572205258A6
:1004A0003A206368616E6E656C2025642C20657847
:1004B000705F727373695F6C6576656C2025642E5E
:1004C000006E72665F6D6F64656D5F646563745F17
:1004D0007068795F7278206661696C65643A207231
:1004E00065742025642C2068616E646C6520256429
:1004F0000A005265636569766564206461746120F1
:10050000697320746F6F206C6F6E6720746F206248
:10051000652072656365697665642062792050495B
:100520004E47205448202D206469736361726465CE
:100530006420286C656E2025642C2062756620730B
:10054000697A65202564290A00686172715F757394
:100550006572203D3D20444543545F484152515F00
:10056000434C49454E5400696E5F736368655F6C28
:100570006973745F6974656D2D3E73636865645F4C
:10058000636F6E6669672E74782E656E636F64653F
:10059000645F7061796C6F61645F7064755F7369CB
:1005A0007A65203C3D202835363030202F203829F0
:1005B000006E72665F6D6F64656D5F646563745F26
:1005C0007068795F74785F6861727128292066614C
:1005D000696C65643A2025640A0068616E646C6524
:1005E000203D3D20313330303000282573293A201A
:1005F000464154414C3A2063616E6E6F7420616CC9
:100600006C6F63617465206D656D6F727920666FC4
:1006100072204841525120626173656420726554B2
:100620005820207061796C6F61640070696E67207A
:10063000636C69656E74206F7065726174696F6E4A
:1006400020636F6D706C657465643A002020656C82
:1006500061707365642074696D653A2020202020E4
:10066000202020202020202020202020202020208A
:1006700020202020202020252E3266207365636FE5
:100680006E647300202074783A20746F74616C205B
:10069000616D6F756E74206F662064617461207384
:1006A000656E743A20202020202020202020202544
:1006B0006420627974657300202074783A20706930
:1006C0006E672072657120636F756E743A2020200A
:1006D000202020202020202020202020202020201A
:1006E000202020256400202074783A2070696E67ED
:1006F000206661696C65642064756520746F204CA8
:10070000425420636F756E743A20202020202020F0
:1007100020256400202072783A2070696E6720726C
:1007200065737020636F756E743A2020202020203E
:1007300020202020202020202020202020202025B4
:100740006400202072783A20746F74616C20616DAF
:100750006F756E74206F6620646174613A2020208A
:100760002020202020202020202020202025642040
:10077000627974657300202072783A206F75742056
:100780006F662073657175656E636520636F756E46
:10079000743A2020202020202020202020202020EB
:1007A00020256400202072783A2050434320435291
:1007B00043206572726F7220636F756E743A2020E9
:1007C0002020202020202020202020202020202524
:1007D0006400202072783A20504443204352432042
:1007E0006572726F7220636F756E743A20202020DC
:1007F00020202020202020202020202020256400D0
:10080000202072783A20504455206465636F6465F7
:10081000206572726F7220636F756E743A202020AB
:10082000202020202020202020202025640020209F
:1008300072783A206D696E20525353492025642CFA
:10084000206D617820525353492025640020207286
:10085000783A206C61737420545820707772202588
:100860006400202072783A206D696E2070777220C3
:1008700025642C206D61782070777220256400201B
:100880002072783A206D696E20534E522025642CD8
:10089000206D617820534E52202564004661696CBA
:1008A00065642028657272203D25642920746F20BC
:1008B0007265717565737420726573756C747320DD
:1008C00066726F6D20746865207365727665722E2E
:1008D000005265717565737465642070696E672078
:1008E000726573756C74732066726F6D20746865C1
:1008F000207365727665722E2E2E005072657669B1
:100900006F75732048415251207374696C6C206F6D
:100910006E20676F696E6720616E64207374617208
:1009200074696E67206E657720726F756E64202D16
:10093000206E6F20726573706F6E736520746F2008
:100940007072657620646174613F005043433A20C1
:10095000444543545F484152515F434C49454E54CE
:100960003A20616C6C20484152512072657472616A
:100970006E736D697373696F6E7320646F6E65203B
:100980002D206E6F20737563636573732E00504363
:10099000433A20444543545F484152515F434C49D8
:1009A000454E543A206E6F2074696D6520746F2037
:1009B000646F20612072657472616E736D6974205A
:1009C000706572204E41434B2E00282573293A2032
:1009D000646563745F7068795F6170695F73636891
:1009E0006564756C65725F6C6973745F6974656D5D
:1009F0005F6372656174655F6E65775F636F707961
:100A0000206661696C65643A204E6F206D656D6F7C
:100A1000727920746F2048415251207265545800F9
:100A2000282573293A20646563745F7068795F6173
:100A300070695F7363686564756C65725F6C697318
:100A4000745F6974656D5F616464206661696C657B
:100A5000640070696E67207478206661696C6564F3
:100A60002E0070696E672073656E7420287365713F
:100A70005F6E6272202564292E0070696E67207295
:100A8000657370207478206661696C65642E0070EF
:100A9000696E6720726573702073656E74202873A9
:100AA00065715F6E6272202564292E0070696E6721
:100AB0002074696D656F757420666F72207365713F
:100AC0005F6E62722025640070696E6720726574C3
:100AD00072616E736D697373696F6E2062617365A5
:100AE00064206F6E2048415251206661696C6564D4
:100AF0002E0070696E672072657472616E736D6925
:100B00007373696F6E206261736564206F6E204835
:100B100041525120646F6E652E0050494E475F521E
:100B20004553554C545F5245512073656E742E00E9
:100B300050494E475F524553554C545F52455120E2
:100B400073656E64696E67206661696C65642E000A
:100B500050494E475F524553554C545F5245535090
:100B60002073656E742E0050494E475F52455355B1
:100B70004C545F524553502073656E64696E672014
:100B80006661696C65642E00525820666F72207031
:100B9000696E6720726573756C747320646F6E651F
:100BA0002E00525820666F722070696E6720726541
:100BB00073756C7473206661696C65642E0070696E
:100BC0006E6720736572766572205258206661697F
:100BD0006C6564202D2070696E6720736572766580
:100BE000722052582073746F707065642E004261D9
:100BF000636B67726F756E64205253534920736341
:100C0000616E6E696E6720726573756C74733A00FD
:100C100020206368616E6E656C20202020202020DB
:100C2000202020202020202020202020202025647B
:100C30000020207363616E20636F756E7420202026
:100C4000202020202020202020202020202020259F
:100C500064002573202068696768657374205253A7
:100C60005349202020202020202020202020202028
:100C7000202020256425730020206C6F7765737415
:100C800020525353492020202020202020202020A3
:100C90002020202020202564002020202073617443
:100CA00075726174696F6E732020202020202020CF
:100CB00020202020202020256400202020206E6F6E
:100CC00074206D656173757265642020202020207A
:100CD0002020202020202020256400202020206D9E
:100CE0006561737572656D656E74206661696C65AA
:100CF00064202020202020202025640070696E6759
:100D0000696E6720646F6E65206279207363686521
:100D100064756C6572004841525120666565646275
:100D200061636B2073656E742E0025733A206361D6
:100D30006E6E6F742054582070696E6720647565FC
:100D400020746F204C42542C206368616E6E656C79
:100D50002077617320627573790025733A2070697A
:100D60006E67206D6F64656D206F70657261746968
:100D70006F6E206661696C65643A2025732C20686B
:100D8000616E646C652025640025733A206F706580
:100D9000726174696F6E202868616E646C652025CD
:100DA0006429206661696C656420776974682073C2
:100DB00074617475733A2025730050494E473A2088
:100DC00052582050434320435243206572726F7241
:100DD000202874696D6520256C6C75293A20534E66
:100DE000522025642C20525353492D322025642053
:100DF0002825642064426D290050494E473A20520C
:100E0000582050444320435243206572726F722031
:100E10002874696D6520256C6C75293A20534E52F3
:100E20002025642C20525353492D3220256420283C
:100E300025642064426D2900504343207265636538
:100E400069766564202874696D6520256C6C752C45
:100E50002068616E646C65202564293A2073746192
:100E60007475733A20222573222C20736E7220250C
:100E7000642C20525353492D32202564202852538C
:100E80005349202564292C207374665F7374617242
:100E9000745F74696D6520256C6C75002020706826
:100EA00079206865616465723A00202020207368AB
:100EB0006F7274206E772069642025642C20747210
:100EC000616E736D697474657220696420256400B5
:100ED0002020202072656365697665722069643A16
:100EE00020256400202020206C656E2025642C20A5
:100EF0004D43532025642C205458207077723A209B
:100F000025642064426D005043433A2048415251C9
:100F100020726573702025732573257320666F72A8
:100F200020444543545F484152515F434C49454E2C
:100F3000542070726F636573732E005043433A20E0
:100F4000444543545F484152515F434C49454E54D8
:100F50003A204841525120726573702066726F6D5D
:100F600020256420414E442074687573206E6F7490
:100F70002066726F6D206F75722070656572202516
:100F8000642E00556E737570706F72746564207096
:100F9000726F63657373206E6272202564207265C0
:100FA00063656976656420696E2048415251206608
:100FB0006565646261636B005044432072656365DC
:100FC00069766564202874696D6520256C6C752CC4
:100FD0002068616E646C65202564293A20736E7206
:100FE0002025642C20525353492D3220256420287B
:100FF00052535349202564292C206C656E202564AA
:1010000000646563745F7068795F70696E675F70B4
:1010100064755F6465636F6465206661696C6564AF
:101020003A202564004F7574206F66207365712027
:10103000696E2052583A2072785F6F75745F6F66E0
:101040005F7365715F636F756E742025642C20700B
:1010500064752E7365715F6E62722025642C20703A
:10106000696E675F646174612E7365727665725F25
:10107000646174612E72785F6C6173745F73657103
:101080005F6E62722025640070696E675F726571C1
:101090005F7064752D3E6865616465722E6D657361
:1010A000736167655F74797065203D3D20444543F9
:1010B000545F4D41435F4D4553534147455F54593C
:1010C00050455F50494E475F524551554553540076
:1010D000282573293A206E72665F6D6F64656D5FB7
:1010E000646563745F7068795F74785F7278206696
:1010F00061696C6564202564202874782068616EBD
:10110000646C65202564290A0043616E6E6F74204B
:1011100073656E642070696E6720726573706F6EA0
:1011200073653A20657272202564005254543A2047
:101130002564206D736563005254543A206E6F74B9
:10114000206B6E6F776E0070696E672072657370CA
:101150006F6E736520666F72207365715F6E627269
:1011600020256420282573290070696E6720726528
:1011700073706F6E736520666F7220756E65787020
:101180006563746564207365715F6E6272202564A7
:10119000202865787065637465643A2025642900A9
:1011A00050494E475F524553554C545F524551206C
:1011B00072656365697665642066726F6D20747808
:1011C0002069642025640050494E475F52455355BD
:1011D0004C545F52455120726563656976656420A1
:1011E00066726F6D207478206964202564202D203C
:1011F000627574206E6F2070657266206461746120
:101200002072656365697665642066726F6D20740F
:10121000686572652E0A486F77657665722C20774F
:10122000652068617665207365656E206120504396
:1012300043206C6173746C792066726F6D207468E2
:101240006973207478206964202564202D20736FD1
:101250002073656E64696E6720726573756C747354
:1012600020746F2074686572652E0A506C65617316
:10127000652C20636865636B204D435320616E6469
:101280002F6F7220545820505752206F6E206120CB
:10129000636C69656E7420736964652E0050494EF5
:1012A000475F524553554C54535F52455120726528
:1012B0006365697665642066726F6D207478206955
:1012C00064202564202D20627574206E6F20706963
:1012D0006E672073657373696F6E20776974682019
:1012E000697420286C617374207365656E2074784E
:1012F0002069642025642900536572766572207226
:101300006573756C74732072656365697665642EA8
:10131000004841525120666565646261636B2072CA
:10132000656365697665642E00747970652025644F
:101330000070696E6720636F6D6D616E6420545834
:1013400020646174612072656365697665643A2022
:1013500069676E6F726564202D206E6F2070696EF4
:101360006720636F6D6D616E642072756E6E696E5D
:10137000672E0070696E673A2072656365697665ED
:101380006420756E6B6E6F776E20646174612028C7
:10139000747970653A202573292C206C656E2025A0
:1013A000642C2068657820646174613A2025730A92
:1013B00000444543542050494E473A20556E6B6EC9
:1013C0006F776E206576656E742025642072656384
:1013D00065697665640070696E6720636F6D6D6125
:1013E0006E6420616C72656164792072756E6E69DD
:1013F0006E67004E6F2070696E6720636F6D6D6160
:101400006E642072756E6E696E67202D206E6F742B
:1014100068696E6720746F2073746F702E00646546
:1014200063745F7068795F70696E675F696E697415
:1014300000646563745F7068795F70696E675F6D83
:10144000646D5F6576745F68616E646C657200647C
:101450006563745F7068795F70696E675F736572EA
:101460007665725F70696E675F726573705F7478BE
:1014700000646563745F7068795F70696E675F733D
:1014800065727665725F726573756C74735F74787C
:1014900000646563745F7068795F70696E675F741C
:1014A00068726561645F666E00646563745F70682E
:1014B000795F70696E675F636D645F646F6E65000E
:1014C000646563745F7068795F70696E675F636C91
:1014D00069656E745F74785F7363686564756C6565
:1014E00000646563745F7068795F70696E675F74CC
:1014F000785F726571756573745F726573756C740E
:101500007300646563745F7068795F70696E675FAC
:10151000686172715F636C69656E745F6E616B5F49
:1015200068616E646C6500646563745F7068795FA0
:1015300070696E675F7468002020547970653A2086
:10154000202020202020202020202020202020209B
:1015500025730020205472616E736D697474657216
:101560002049443A202020202020202564002020EB
:10157000506F77657220636F6E74726F6C3A0020E3
:10158000202020457870656374656420525820528D
:10159000535349206C6576656C202864426D293A66
:1015A000202564002020536571206E62723A20204D
:1015B0002020202020202020202020202564002002
:1015C000205061796C6F6164206C656E3A20202038
:1015D00020202020202020256400434D414B455FE2
:1015E000534F555243455F4449522F7372632F64E2
:1015F0006563742F70696E672F646563745F7068CC
:10160000795F70696E675F7064752E630070696ED4
:10161000675F7064752D3E6D6573736167652E74C9
:10162000785F646174612E7061796C6F61645F6C66
:10163000656E677468203C3D2028283536303020A0
:101640002F203829202D20282873697A656F662875
:10165000646563745F7068795F70696E675F7064FA
:10166000755F6D6573736167655F747970655F74CD
:1016700029202B2073697A656F662875696E743826
:101680005F7429202B2073697A656F662875696EEF
:101690007431365F742929202B202832202A2073A8
:1016A000697A656F662875696E7431365F742929A9
:1016B00029290020207061796C6F61642064617455
:1016C000613A202573002020726573756C74732055
:1016D000646174613A20257300434D414B455F536B
:1016E0004F555243455F4449522F7372632F6465CF
:1016F00063742F706572662F646563745F706879B8
:101700005F706572662E63007265665F74696D65F1
:101710005F7768656E5F72657365727665642021B8
:101720003D20300070726F636573735F6E6272206C
:101730003C20380025732063616C6C6564207768F9
:10174000656E207065726620636D64206973206E1B
:101750006F74206F6E676F696E67202D2063616CF8
:101760006C65722025705300706572662074782055
:101770006F7065726174696F6E20636F6D706C65F8
:101780007465643A002020746F74616C20616D6F21
:10179000756E74206F6620646174612073656E7469
:1017A0003A2025642062797465730020207061639B
:1017B0006B657420636F756E743A202020202020A2
:1017C00020202020202020202564002020656C611E
:1017D000707365642074696D653A20202020202094
:1017E0002020202020202020252E326620736563B3
:1017F0006F6E64730020206461746120726174658F
:10180000733A20202020202020202020202020206B
:101810002020252E3266206B626974732F736563F6
:101820006F6E64730020204E6F2048415251206635
:101830006565646261636B20636F756E743A202026
:101840002020202020202020202020202020202098
:101850002564002020484152512041434B207265AD
:10186000636569766520636F756E743A2020202069
:10187000202020202020202020202020202025641F
:1018800000202048415251204E41434B2072656355
:101890006569766520636F756E743A20202020207C
:1018A000202020202020202020202020256400200F
:1018B0002048415251207265736574204E41434B5C
:1018C000207265636569766520636F756E743A2072
:1018D00020202020202020202020256400202050AF
:1018E000434320435243206572726F7220636F75C9
:1018F0006E742028484152512066656564626163B8
:101900006B205258293A202025640020205044435F
:1019100020435243206572726F7220636F756E743C
:1019200020284841525120666565646261636B20DE
:101930005258293A2020256400202052583A20523B
:101940005353493A206D696E2025642C206D6178CF
:1019500020256400202052583A20534E523A206DE0
:10196000696E2025642C206D61782025640020207C
:1019700052583A207077723A206D696E2025642C97
:10198000206D6178202564004661696C65642028BB
:10199000657272203D25642920746F20726571750F
:1019A00065737420726573756C74732066726F6DE5
:1019B00020746865207365727665722E205065729A
:1019C0006620636D6420646F6E652E0052657175CC
:1019D000657374656420726573756C7473206672C8
:1019E0006F6D20746865207365727665722E2E2E79
:1019F0000050455246207769746820484152513A58
:101A0000206E6F2054582077696E646F7700706580
:101A100072665F646174612E636C69656E745F6485
:101A20006174612E74785F686172715F70726F6348
:101A300065737365735B695D2E70726F6365737335
:101A40005F6E6272203D3D206900282573293A208F
:101A500063616E6E6F74207265736572766520487F
:101A60004152512054582070726F6365737300287F
:101A70002573293A206E72665F6D6F64656D5F64D1
:101A80006563745F7068795F74785F7278206661EF
:101A9000696C6564202564202868616E646C65202B
:101AA0002564290A00282573293A206E72665F6D25
:101AB0006F64656D5F646563745F7068795F74728D
:101AC000616E736D6974206661696C65642025645C
:101AD000202868616E646C65202564290A005374AF
:101AE000617274696E67207065726620636C6965E7
:101AF0006E74206F6E206368616E6E656C20256465
:101B00003A206279746520636F756E742070657217
:101B10002054583A2025642C20736C6F7473202550
:101B2000642C2067617020256C6C64206D646D20CE
:101B30007469636B732C206D63732025642C20649F
:101B400075726174696F6E20256420736563732CF0
:101B50002065787065637465642052535349206C26
:101B60006576656C206F6E2052582025642E0053D8
:101B700074617274696E6720736572766572205243
:101B8000583A206368616E6E656C2025642C206570
:101B900078705F727373695F6C6576656C2025641D
:101BA0002C206475726174696F6E202564207365E2
:101BB00063732E00526563656976656420646174A1
:101BC0006120697320746F6F206C6F6E6720746F73
:101BD000206265207265636569766564206279209C
:101BE00050455246205448202D2064697363617229
:101BF00064656420286C656E2025642C20627566FF
:101C00002073697A65202564290A00686561646526
:101C1000722D3E7061636B65745F6C656E6774688E
:101C20005F74797065203D3D20444543545F5048C2
:101C3000595F4845414445525F504B545F4C454EB7
:101C40004754485F545950455F534C4F5453004DCF
:101C50006F64656D2048415251206D61782070722B
:101C60006F6365737320636F756E74202825642914
:101C700020646F6573206E6F74206D6174636820DB
:101C8000657870656374656420636F756E743A205F
:101C90002564212121210A00536572766572205244
:101CA0005820636F6D706C657465642E00536572A7
:101CB00076657220525820636F6D706C6574656430
:101CC00020627574206475726174696F6E206C6532
:101CD00066743A2072657374617274696E67202845
:101CE00025642073656373292E0070657266207306
:101CF0006572766572205258206661696C65642051
:101D00002D20706572662073657276657220525858
:101D10002073746F707065642E00536572766572FF
:101D20002052582077696C6C20626520636F6E7456
:101D3000696E7565642028256420736563732920A6
:101D4000616674657220726573756C7420545820D6
:101D5000697320646F6E652E00525820666F722082
:101D60007065726620726573756C747320646F6E33
:101D7000652E00525820666F722070657266207260
:101D80006573756C7473206661696C65642E007090
:101D900065726620636F6D6D616E6420616C726543
:101DA0006164792072756E6E696E67005065726647
:101DB00020636F6D6D616E64206E6F742072756E3E
:101DC0006E696E672E004841525120545820776941
:101DD0006E646F77207761732066756C6C202D20A0
:101DE00074696D656F757474696E672E0025733A3A
:101DF0002070657266206D6F64656D206F7065720E
:101E00006174696F6E206661696C65643A20257340
:101E10002C2068616E646C652025640025733A206F
:101E200063616E6E6F742054582048415251206691
:101E30006565646261636B3A2025730025733A20FF
:101E400063616E6E6F7420525820666F7220484135
:101E5000525120666565646261636B3A20257300A8
:101E60004E6F2070657266206461746120726563D4
:101E70006569766564206F6E207365727665722081
:101E8000736964652E00706572662073657276658D
:101E900072207278206F7065726174696F6E20664F
:101EA000726F6D2074782069642025643A0A0020DE
:101EB00020746F74616C20616D6F756E74206F6635
:101EC00020646174613A2020202564206279746561
:101ED000730A0020207061636B657420636F756EF8
:101EE000743A202020202020202020202025640A51
:101EF000002020656C61707365642074696D653ABB
:101F00002020202020202020202020252E32662066
:101F1000736563730A0020206461746120726174C8
:101F200065733A20202020202020202020202020FF
:101F3000252E3266206B626974732F736563730A92
:101F40000020207278207265737461727465642059
:101F5000636F756E743A202020202025640A0020CB
:101F6000204841525120666565646261636B20744C
:101F7000782062797465733A2025640A0020205025
:101F8000434320435243206572726F72733A202597
:101F9000640A00202050444320435243206572725B
:101FA0006F72733A2025640A0020206F7574206FC9
:101FB0006620736571733A2020202025640A002072
:101FC000205043432052583A204D43533A2020207A
:101FD0002025640A0020205043432052583A2052C2
:101FE0005353493A206D696E3A202025642C206DA8
:101FF00061783A20256464426D0A002020504343F2
:102000002052583A205458207077723A206D696EE9
:102010002025642C206D61782025642064426D0A9F
:102020000020205043432052583A20534E523A2029
:102030006D696E3A2020202025642C206D61783A4D
:102040002025640A007365727665723A2073656EA6
:1020500064696E6720726573756C74207265737045
:102060006F6E7365206F6620746F74616C206C6591
:102070006E6774683A2025643A0A222573220A00A2
:10208000504552463A205258205043432043524331
:10209000206572726F72202874696D6520256C6CE2
:1020A00075293A20534E522025642C20525353490F
:1020B0002D32202564202825642064426D2900509B
:1020C0004552463A20525820504443204352432020
:1020D0006572726F72202874696D6520256C6C754D
:1020E000293A20534E522025642C20525353492D17
:1020F00032202564202825642064426D2900506523
:1021000072696F6469632064656275673A20504341
:1021100043207265636569766564202874696D651E
:1021200020256C6C752C2068616E646C65202564BC
:10213000293A207374617475733A20222573222C16
:1021400020736E722025642C20525353492025643D
:102150002C207478207077722025642064626D00D2
:10216000646563745F7068795F706572665F7064E0
:10217000755F6465636F6465206661696C65643A68
:10218000202564004F7574206F6620736571206987
:102190006E2052583A2072785F6F75745F6F665F79
:1021A0007365715F636F756E742025642C20706495
:1021B000752E7365715F6E62722025642C207065C8
:1021C00072665F646174612E72785F6C6173745FB4
:1021D0007365715F6E627220256400504552465FE0
:1021E000524553554C54535F5245512072656365B7
:1021F000697665642066726F6D207478206964204A
:102200002564202D20627574206E6F2070657266C3
:102210002064617461207265636569766564206617
:10222000726F6D2074686572652E0A486F776576E7
:1022300065722C2077652068617665207365656E10
:10224000206120504343206C6173746C7920667266
:102250006F6D207468697320747820696420256428
:10226000202D20736F2073656E64696E6720726520
:1022700073756C747320746F2074686572652E0AB0
:10228000506C656173652C20636865636B204D43FA
:102290005320616E642F6F72205458205057522083
:1022A0006F6E206120636C69656E7420736964656C
:1022B0002E00504552465F524553554C54535F5281
:1022C00045512072656365697665642066726F6D3D
:1022D000207478206964202564202D206275742084
:1022E0006E6F20706572662073657373696F6E2000
:1022F0007769746820697420286C61737420736531
:10230000656E207478206964202564292E20436836
:1023100065636B204D435320616E642F6F722054B0
:102320005820505752206F6E206120636C69656E93
:102330007420736964652E0053657276657220722D
:102340006573756C74732072656365697665643A4C
:10235000005065726620636F6D6D616E6420545825
:1023600020646174612072656365697665643A20F2
:1023700069676E6F726564202D206E6F20706572C4
:102380006620636F6D6D616E642072756E6E696E2E
:10239000672E00506572663A2072656365697665DE
:1023A0006420756E6B6E6F776E2064617461202897
:1023B000747970653A202573292C206C656E202570
:1023C000642C2068657820646174613A2025730A62
:1023D000004445435420504552463A20556E6B6E9A
:1023E0006F776E206576656E742025642072656354
:1023F000656976656400646563745F7068795F70B1
:102400006572665F6D646D5F6576745F68616E644A
:102410006C657200646563745F7068795F70657283
:10242000665F7365727665725F726573756C7473DF
:102430005F747800646563745F7068795F7065725B
:10244000665F7468726561645F666E00646563747C
:102450005F7068795F706572665F636D645F646FFB
:102460006E6500646563745F7068795F706572663D
:102470005F636C69656E745F74785F6E6F5F6861CF
:10248000727100646563745F7068795F706572660D
:102490005F636C69656E745F74785F776974685F99
:1024A0006861727100646563745F7068795F7065FC
:1024B00072665F74785F726571756573745F72655B
:1024C00073756C747300646563745F7068795F70B2
:1024D0006572665F746800434D414B455F534F55CD
:1024E0005243455F4449522F7372632F646563748E
:1024F0002F72665F746F6F6C2F646563745F7068B2
:10250000795F72665F746F6F6C2E630070617261C9
:102510006D732D3E706565725F6D6F6465203D3D26
:1025200020444543545F5048595F52465F544F4FD3
:102530004C5F4D4F44455F4E4F4E45004661696CC0
:10254000656420746F20616C6C6F63617465206CCE
:10255000697374206974656D20666F722054582009
:102560006F7065726174696F6E004661696C656455
:1025700020746F20616C6C6F63617465206C69738B
:1025800074206974656D20666F72205258206F70D8
:1025900065726174696F6E00282573293A2064653D
:1025A00063745F7068795F6170695F7363686564A5
:1025B000756C65725F6C6973745F6974656D5F617A
:1025C000646420666F72205258206661696C65648D
:1025D000004661696C656420746F2073636865648C
:1025E000756C65205458206F7065726174696F6EE8
:1025F000206F6E2022747822206F6E6C79206D6FB0
:1026000064653A20657272202564004661696C65D4
:102610006420746F207363686564756C652052581C
:10262000206F7065726174696F6E206F6E20227208
:102630007822206F6E6C79206D6F64653A20657228
:1026400072202564004661696C656420746F207394
:1026500063686564756C65205258206F706572619F
:1026600074696F6E206F6E202272785F74782220FA
:102670006D6F64653A206572722025640046616959
:102680006C656420746F207363686564756C652085
:102690005458206F7065726174696F6E206F6E2080
:1026A0002272785F747822206D6F64653A206572BB
:1026B0007220256400636D645F706172616D732DBB
:1026C0003E6D6F6465203D3D20444543545F504856
:1026D000595F52465F544F4F4C5F4D4F44455F52D8
:1026E000585F434F4E54494E554F5553004661690C
:1026F0006C656420746F207363686564756C652015
:102700005258206F7065726174696F6E206F6E2011
:102710002272785F636F6E7422206D6F64653A2059
:102720006572722025640025733A20556E737570AA
:10273000706F7274656420736C6F742F6D63732097
:10274000636F6D62696E6174696F6E0025733A2004
:10275000546F6F206C6F6E672054582064617461F1
:102760003A20256420627974657300282573293A1C
:10277000206E72665F6D6F64656D5F646563745F24
:102780007068795F7278206661696C65643A20725E
:1027900065742025642C2068616E646C65006C6132
:1027A00073745F727820213D2030002868616E6468
:1027B0006C65203E3D2031373030302026262068A1
:1027C000616E646C65203C3D2031373939392920F0
:1027D0007C7C202868616E646C65203E3D2031362B
:1027E0003030322026262068616E646C65203C3DC6
:1027F0002031363939392900524620746F6F6C20E8
:10280000726573756C7473206174207472616E7379
:102810006D69747465722069642025643A00202013
:102820002D2052582F5458204475747920437963D1
:102830006C652070657263656E746167653A20200F
:102840002020202020202020202020202020204E5A
:102850002F410020202D2052582F545820447574A9
:1028600079204379636C652070657263656E74616D
:1028700067653A20202020202020202020202020B2
:1028800020202020252E30326625250020202D20D6
:1028900054583A207061636B657420636F756E7471
:1028A0003A2020202020202020202020202020200E
:1028B00020202020202020202020202020256400EF
:1028C00020202D2054583A206461746120616D6F7E
:1028D000756E743A202020202020202020202020E7
:1028E00020202020202020202020202020202020E8
:1028F0002025640020202D2054583A2073756363EE
:1029000065737366756C6C7920636F6D706C65743C
:102910006564206D6F64656D206F706572617469A8
:102920006F6E733A2025640020202D2054583A20E1
:102930006661696C6564206F7065726174696F6E41
:1029400020636F756E742073656E7420746F206DD4
:102950006F64656D3A2020202025640020202D2002
:1029600054583A206F7065726174696F6E20636F9E
:10297000756E74206661696C656420696E206D6F88
:1029800064656D3A2020202020202020202564002E
:1029900020202D2052583A207061636B65742063AB
:1029A0006F756E743A2020202020202020202020C7
:1029B0002020202020202020202020202020202017
:1029C0002025640020202D2052583A206461746133
:1029D00020616D6F756E743A202020202020202009
:1029E00020202020202020202020202020202020E7
:1029F000202020202025640020202D2052583A201D
:102A00006672616D6520636F756E742075736564A1
:102A100020666F722073796E63683A202020202030
:102A200020202020202020202025640020202D2070
:102A300052583A207375636365737366756C6C796D
:102A400020636F6D706C65746564206D6F64656D77
:102A5000206F7065726174696F6E733A202564002F
:102A600020202D2052583A206661696C6564206FE1
:102A70007065726174696F6E20636F756E74207318
:102A8000656E7420746F206D6F64656D3A20202030
:102A90002025640020202D2052583A206F70657246
:102AA0006174696F6E20636F756E74206661696C06
:102AB000656420696E206D6F64656D3A202020206A
:102AC000202020202025640020202D2052583A204C
:102AD0007061636B657473206D697373696E673AB7
:102AE00020202020202020202020202020202020E6
:102AF00020202020202020202025640020202D20A0
:102B000052583A205061636B6574204572726F723F
:102B100020526174653A202020202020202020208F
:102B200020202020202020202020202020252E3082
:102B30003266252520283D25642F25642A31303032
:102B4000290020202D2052583A2050434320686508
:102B500061646572206E6F742076616C69642063B5
:102B60006F756E743A202020202020202020202005
:102B700020202025640020202D2052583A20504348
:102B80004320435243206572726F72733A202020B3
:102B90002020202020202020202020202020202035
:102BA0002020202020202025640020202D20525885
:102BB0003A2050444320435243206572726F72732F
:102BC0003A202020202020202020202020202020EB
:102BD00020202020202020202020202564002020CC
:102BE0002D2052583A205253534920686967682073
:102BF0006C6576656C3A2020202020202020202043
:102C000020202020202020202020202020202025BF
:102C1000640020202D2052583A2052535349206CF2
:102C20006F77206C6576656C3A202020202020206C
:102C30002020202020202020202020202020202094
:102C400020202025640020202D2052583A20747224
:102C5000616E736D697420706F7765722068696743
:102C6000683A202020202020202020202020202002
:102C70002020202020202025642064626D00202058
:102C80002D2052583A207472616E736D69742070F1
:102C90006F776572206C6F773A20202020202020EB
:102CA000202020202020202020202020202020251F
:102CB000642064626D0020202D20525820534E5213
:102CC00020686967683A20202020202020202020CA
:102CD00020202020202020202020202020202020F4
:102CE0002020202020202025640020202D20525844
:102CF00020534E52206C6F773A2020202020202035
:102D000020202020202020202020202020202020C3
:102D1000202020202020202020202025640020208A
:102D20002D205258206C6174657374204D43533AC2
:102D30002020202020202020202020202020202093
:102D4000202020202020202020202020202020257E
:102D500064004E6F2052582073796E6368202D20D6
:102D600065786974696E672E00556E657870656365
:102D700074656420525820504343202D206E6F20EC
:102D8000524620746F6F6C2072756E6E696E6700AC
:102D900072665F746F6F6C5F646174612E636D64E3
:102DA0005F706172616D732E6D6F6465203D3D20B3
:102DB000444543545F5048595F52465F544F4F4C0F
:102DC0005F4D4F44455F52585F434F4E54494E55F7
:102DD0004F555300524620746F6F6C20636F6D6DBA
:102DE000616E64205458206461746120726563656B
:102DF000697665643A2069676E6F726564202D207C
:102E00006E6F20636F6D6D616E642072756E6E699A
:102E10006E672E0052582050444320646174612034
:102E2000776974682030206C656E677468207265FD
:102E3000636569766564202D2069676E6F726564CD
:102E40002E00416C6C2072657065746974696F6ED8
:102E50007320646F6E6520666F722068616E646CAB
:102E600065202564004445435420524620544F4F6A
:102E70004C3A20556E6B6E6F776E206576656E747A
:102E80002025642072656365697665640066616CFF
:102E900073650072665F746F6F6C20636F6D6D6138
:102EA0006E6420616C72656164792072756E6E6902
:102EB0006E670044454354205048592052462054E0
:102EC0006F6F6C20737461727465643A0020204DDA
:102ED0006F64653A20202020202020202020202000
:102EE00020202020202020202020202025730020AA
:102EF000204368616E6E656C3A20202020202020DF
:102F00002020202020202020202020202020256478
:102F1000002020436F6E74696E756F7573206D6F3E
:102F200064653A20202020202020202020202020FE
:102F3000257300202046696E642052582053796E14
:102F4000633A202020202020202020202020202024
:102F50002020257300202045787065637465642007
:102F600052582052535349204C6576656C3A2020C4
:102F700020202020256400202050656572206D6F80
:102F800064653A202020202020202020202020209E
:102F900020202020202025730020204672616D65AE
:102FA0002052657065617420436F756E743A2020FD
:102FB000202020202020202025640020204672612F
:102FC0006D65206C656E6774682028696E20737566
:102FD00062736C6F7473293A2020256C6C75002025
:102FE000204672616D65206C656E67746820286983
:102FF0006E206D646D207469636B73293A20256CB3
:103000006C750020205458205374617274205469E8
:103010006D6520537562736C6F74733A20202020A5
:1030200020202564002020545820537562736C6F53
:103030007420436F756E743A2020202020202020B9
:10304000202020202564002020545820506F7374C5
:103050002049646C6520537562736C6F7420436FF4
:10306000756E743A202025640020204465737469CD
:103070006E6174696F6E205472616E736D697474E1
:1030800065722049443A20202564002020525820AF
:1030900053746172742054696D6520537562736C4A
:1030A0006F74733A202020202020256400202052B5
:1030B0005820537562736C6F7420436F756E743A49
:1030C00020202020202020202020202025640020D7
:1030D00020525820506F73742049646C65205375DA
:1030E00062736C6F7420436F756E743A2020256490
:1030F000002020545820506F776572202864426D5C
:10310000293A20202020202020202020202020209C
:10311000256400202054582064617461206C656E21
:103120006774682028696E206279746573293A2073
:1031300020202564004E6F2072665F746F6F6C20D4
:10314000636F6D6D616E642072756E6E696E67205F
:103150002D206E6F7468696E6720746F2073746FB2
:10316000702E0052585F434F4E540052585F5458CF
:1031700000646563745F7068795F72665F746F6F17
:103180006C5F746800646563745F7068795F726611
:103190005F746F6F6C5F6576745F68616E646C6599
:1031A0007200646563745F7068795F72665F746FE4
:1031B0006F6C5F737461727400646563745F7068D0
:1031C000795F72665F746F6F6C5F72785F6F705F4C
:1031D0007363686564756C6500646563745F7068CB
:1031E000795F72665F746F6F6C5F74785F6F705F2A
:1031F0007363686564756C65004654206173736F12
:1032000063696174696F6E207461626C6520636CC0
:1032100065617265640A004649584544206D6F64D3
:10322000653A20696E76616C6964207363686564D1
:10323000756C696E672073657474696E6773202896
:103240006572723D2564292E205573652060646582
:1032500063742073657474202D726020616E642025
:103260006669782E0A00703A6D3A743A68005365C0
:103270006E64696E67206173736F63696174696FEF
:103280006E2072656C6561736520746F20465420F2
:10329000257527732072616E646F6D2061636365AD
:1032A0007373207265736F757263650043616E6E30
:1032B0006F742073656E64206173736F63696174EA
:1032C000696F6E2072656C6561736520746F20464E
:1032D0005420257527732072616E646F6D206163C1
:1032E00063657373207265736F757263652C2065F7
:1032F0007272202564004173736F63696174696F32
:103300006E2052656C65617365205458207374613A
:10331000727465642E00646563742D7068792D6D18
:103320006163207374617475733A0046495845446B
:10333000206D6F64653A20636F6D6D616E642072FD
:103340006571756972657320726F6C653D25730ACE
:10335000004649584544206D6F64653A2052414308
:103360004820545820697320696E74656E646564E2
:1033700020666F7220626F6F7473747261702F6158
:1033800073736F63696174696F6E206F6E6C790A15
:1033900000726163685F74782073746F7070656425
:1033A0002E00524143482054582064617461202803
:1033B00025732920746F6F206C6F6E672E00643A3E
:1033C000703A6D3A743A693A6A68005468652067E1
:1033D0006976656E206461746120697320746F6F13
:1033E000206C6F6E6720746F20626520656E636F5E
:1033F00064656420696E746F204A534F4E2077696C
:103400007468206D6F64656D2074656D70657261A0
:10341000747572652E0053656E64696E6720646111
:10342000746120257320746F2046542025752773FE
:103430002072616E646F6D206163636573732072C7
:1034400065736F757263650043616E6E6F74207390
:10345000656E64206461746120257320746F20465A
:103460005420257527732072616E646F6D2061632F
:1034700063657373207265736F757263652C206565
:10348000727220256400436C69656E742054582064
:10349000746F205241434820737461727465642EC6
:1034A0000053657474696E6773206E6F7420617663
:1034B00061696C61626C650A00496E76616C696471
:1034C000202D2D6C6F6E675F72645F69640A005512
:1034D0006E6B6E6F776E206F7074696F6E2028252B
:1034E00073292E205365652075736167653A0A005C
:1034F000417267756D656E747320776974686F7556
:103500007420272D27206E6F7420737570706F7272
:103510007465643A2025730A004173736F636961AF
:1035200074696E6720696E204649584544206D6F66
:1035300064652E0053656E64696E67206173736FF6
:1035400063696174696F6E5F72657120746F204684
:1035500054202575207573696E6720464958454487
:10356000206173736F63696174696F6E2070726F2D
:103570006365647572650043616E6E6F7420736578
:103580006E64204649584544206173736F636961D6
:1035900074696F6E207265717565737420746F2025
:1035A00046542025752C20657272202564004649FA
:1035B000584544206173736F63696174696F6E204D
:1035C00072657175657374205458207374617274D8
:1035D00065642E004173736F63696174696E67205F
:1035E000696E2052414E444F4D206D6F6465202816
:1035F0006C6567616379292E2049662046542072E4
:103600006571756972657320464958454420736336
:10361000686564756C65722C206173736F63696192
:1036200074696F6E2077696C6C2062652072656AC0
:1036300065637465642E0053656E64696E6720610E
:1036400073736F63696174696F6E5F726571207403
:103650006F20465420257527732072616E646F6D4C
:1036600020616363657373207265736F7572636540
:103670000043616E6E6F742073656E6420617373B6
:103680006F63696174696F6E2072657175657374BB
:1036900020746F20465420257520612072616E646D
:1036A0006F6D20616363657373207265736F7572EC
:1036B00063652C20657272202564004173736F630B
:1036C000696174696F6E20726571756573742054D9
:1036D0005820737461727465642E00633A743A659D
:1036E0003A693A4466680043616E6E6F7420737481
:1036F00061727420626561636F6E207363616E2C0A
:103700002065727220256400426561636F6E2073CC
:1037100063616E20737461727465642E004265612A
:10372000636F6E2073746172742064656E69656482
:103730003A206E6F646520726F6C65206973206E2D
:103740006F742046540A00703A633A680043616E11
:103750006E6F7420737461727420626561636F6E42
:103760002C2065727220256400426561636F6E20B3
:103770007374617274696E670053746F7070696EF0
:103780006720626561636F6E2E006D616300436F39
:103790006D6D616E647320666F72207573696E67FC
:1037A0002073616D706C65204D414320636F6D6DBA
:1037B000616E6473206F6E20746F70206F66206C72
:1037C00069626D6F64656D20504859204150492EE3
:1037D000005573616765206F7074696F6E733A206E
:1037E00064656374206D6163207374617475730024
:1037F000626561636F6E5F737461727400557361AB
:103800006765206F7074696F6E733A2064656374C6
:10381000206D616320626561636F6E5F73746172B6
:1038200074202D680055736167653A206465637480
:10383000206D616320626561636F6E5F73746F708A
:1038400000626561636F6E5F7363616E00557361E3
:103850006765206F7074696F6E733A206465637476
:10386000206D616320626561636F6E5F7363616E7B
:10387000202D68006173736F63696174650055730F
:103880006167653A2064656374206D6163206173CC
:10389000736F6369617465202D6800646973736F69
:1038A00063696174650055736167653A2064656397
:1038B00074206D616320646973736F6369617465FB
:1038C000202D6800726163685F74780055736167CA
:1038D00065206F7074696F6E733A2064656374203D
:1038E0006D616320726163685F7478202D68005594
:1038F000736167653A2064656374206D6163206657
:10390000745F6173736F635F737461747573005573
:10391000736167653A2064656374206D6163206636
:10392000745F6173736F635F636C656172006C6F6A
:103930006E675F72645F6964006765745F6D646D74
:103940005F74656D7000636C6561725F6E62725F5B
:1039500063616368650055736167653A20646563F8
:1039600074206D616320726163685F7478205B739B
:10397000746F705D207C202D64203C646174613E16
:10398000205B3C6F7074696F6E733E5D0A4F70749C
:10399000696F6E733A0A20202D642C202D2D6461EE
:1039A0007461203C646174615F7374723E2C2020EA
:1039B0004461746120746F2062652073656E742E9B
:1039C0000A20202D702C202D2D74785F70777220A6
:1039D0003C696E74656765723E2C20545820706F88
:1039E000776572202864426D292E204465666175D2
:1039F0006C743A20302064426D2E0A20202D6D2CEC
:103A0000202D2D74785F6D6373203C696E7465673B
:103A100065723E2C205458204D43532028696E7403
:103A200065676572292E2044656661756C743A205D
:103A3000302E0A20202D742C202D2D6C6F6E675F88
:103A400072645F6964203C69643E2C20205461727A
:103A5000676574206C6F6E672072642069642E2025
:103A600044656661756C743A2033382E0A20202D27
:103A7000692C202D2D696E74657276616C203C690D
:103A80006E74657276616C5F736563733E2C20445F
:103A90006174612073656E64696E6720696E746518
:103AA0007276616C20696E207365636F6E64732E2D
:103AB0000A2020202020202020202020202020201C
:103AC00020202020202020202020202020202020F6
:103AD00020202044656661756C743A20302C206487
:103AE0006174612073656E74206F6E6C79206F6EE7
:103AF00063652E0A20202D6A2C202D2D6765745FAA
:103B00006D646D5F74656D702C2020202020202056
:103B1000202020202020496E636C756465206D6F25
:103B200064656D2074656D70657261747572652071
:103B3000696E20746865207061796C6F61642E20F5
:103B4000546865207061796C6F61640A20202020C0
:103B50002020202020202020202020202020202065
:103B600020202020202020202020202020206973B9
:103B700020656E636F64656420696E204A534F4E02
:103B80002E0A4E6F74653A204C425420284C6973BB
:103B900074656E204265666F72652054616C6B2996
:103BA00020697320656E61626C65642061732061B9
:103BB0002064656661756C7420666F722061206D8B
:103BC000696E20706572696F642C0A2020202020A5
:103BD0002062757420746865204C4254206D6178B1
:103BE0002052535349207468726573686F6C642067
:103BF00063616E20626520636F6E666967757265CA
:103C00006420696E2073657474696E67730A20207E
:103C10002020202028646563742073657474202D2F
:103C20002D727373695F7363616E5F627573795F21
:103C30007468203C64626D3E292E0A0055736167EA
:103C4000653A2064656374206D61632064697373F1
:103C50006F6369617465205B3C6F7074696F6E732C
:103C60003E5D0A53656E6473204173736F636961CF
:103C700074696F6E2052656C65617365206D657344
:103C8000736167652E0A4F7074696F6E733A0A200C
:103C9000202D742C202D2D6C6F6E675F72645F6910
:103CA00064203C69643E2C20205461726765742056
:103CB0006C6F6E672072642069642E2044656661B3
:103CC000756C743A2033382E0A20202D702C202D4C
:103CD0002D74785F707772203C696E7465676572C9
:103CE0003E2C20545820706F776572202864426DF6
:103CF000292E2044656661756C7420302064426D05
:103D00002E0A20202D6D2C202D2D74785F6D63736D
:103D1000203C696E74656765723E2C205458204DB6
:103D200043532028696E7465676572292E204465A7
:103D30006661756C743A20302E0A4E6F74653A20B5
:103D40004C425420284C697374656E204265666F3E
:103D500072652054616C6B2920697320656E616205
:103D60006C656420617320612064656661756C74A4
:103D700020666F722061206D696E20706572696FB8
:103D8000642C0A202020202020627574207468652D
:103D9000204C4254206D617820525353492074685E
:103DA000726573686F6C642063616E206265206366
:103DB0006F6E6669677572656420696E20736574DD
:103DC00074696E67730A20202020202028646563B0
:103DD000742073657474202D2D727373695F73631F
:103DE000616E5F627573795F7468203C64626D3EDA
:103DF000292E0A0055736167653A20646563742053
:103E00006D6163206173736F6369617465205B3CEE
:103E10006F7074696F6E733E5D0A53656E647320D4
:103E20004173736F63696174696F6E205265717558
:103E30006573742E0A4F7074696F6E733A0A20208E
:103E40002D742C202D2D6C6F6E675F72645F69641A
:103E5000203C69643E2C2020546172676574206C9C
:103E60006F6E672072642069642E204465666175F8
:103E70006C743A2033382E0A20202D702C202D2DE2
:103E800074785F707772203C696E74656765723E06
:103E90002C20545820706F776572202864426D2959
:103EA0002E2044656661756C743A20302064426D42
:103EB0002E0A20202D6D2C202D2D74785F6D6373BC
:103EC000203C696E74656765723E2C205458204D05
:103ED00043532028696E7465676572292E204465F6
:103EE0006661756C743A20302E0A4E6F74653A2004
:103EF0004C425420284C697374656E204265666F8D
:103F000072652054616C6B2920697320656E616253
:103F10006C656420617320612064656661756C74F2
:103F200020666F722061206D696E20706572696F06
:103F3000642C0A202020202020627574207468657B
:103F4000204C4254206D61782052535349207468AC
:103F5000726573686F6C642063616E2062652063B4
:103F60006F6E6669677572656420696E207365742B
:103F700074696E67730A20202020202028646563FE
:103F8000742073657474202D2D727373695F73636D
:103F9000616E5F627573795F7468203C64626D3E28
:103FA000292E0A00537461727473206120636C754A
:103FB0007374657220626561636F6E2077697468DF
:103FC0002074686520636F6E66696775726564202A
:103FD00073657474696E677320616E6420676976B7
:103FE000656E20706172616D65746572732E0A0A68
:103FF00055736167653A2064656374206D61632061
:10400000626561636F6E5F7374617274205B3C6F95
:104010007074696F6E733E5D0A4F7074696F6E7372
:104020003A0A20202D63203C696E74656765723EF4
:104030002C20202020202020202020202020202074
:1040400055736564206368616E6E656C20666F727F
:10405000206120626561636F6E2E0A20202020207F
:104060002020202020202020202020202020202050
:1040700020202020202020202052616E6765733A86
:104080002062616E642023313A20313635372D317C
:1040900036373720286F6E6C79206F6464206E7518
:1040A0006D62657273292C0A202020202020202098
:1040B0002020202020202020202020202020202000
:1040C00020202020202062616E642023322031369F
:1040D00038302D313730302C2062616E642023342B
:1040E000203532352D3535312C2062616E64202328
:1040F0003920313730332D313731312C0A2020200F
:1041000020202020202020202020202020202020AF
:10411000202020202020202020202062616E64208A
:1041200023323220313639312D313731312E0A20C8
:10413000202020202020202020202020202020207F
:1041400020202020202020202020202020446566C0
:1041500061756C743A20302C20692E652E206175B3
:10416000746F6D617469632073656C656374696FE6
:104170006E206F660A202020202020202020202072
:10418000202020202020202020202020202020202F
:10419000202020667265652F706F737369626C658D
:1041A000206368616E6E656C206F6E2061207365A0
:1041B000742062616E642E0A20202D702C202D2D1B
:1041C00074785F707772203C64626D3E2C202020F2
:1041D00020202020202053657420626561636F6E6B
:1041E0002062726F61646361737420706F776572AF
:1041F000202864426D292C2064656661756C743AD0
:10420000202D31362E0A2020202020202020202082
:10421000202020202020202020202020202020209E
:10422000202020205B2D34302C2D33302C2D3230AB
:104230002C2D31362C2D31322C2D382C2D342C3088
:104240002C342C372C31302C31332C31362C313965
:104250002C32312C32335D0A0055736167653A2088
:1042600064656374206D616320626561636F6E5F76
:104270007363616E205B2D63203C6368616E6E65C5
:104280006C3E5D205B3C6F746865725F6F70746933
:104290006F6E733E5D0A4F7074696F6E733A0A20D9
:1042A000202D63203C696E74656765723E2C20206A
:1042B00020202020202020202020202020202020FE
:1042C0002020202020204368616E6E656C206E6285
:1042D0007220746F206265207363616E6E65642066
:1042E000666F72206120626561636F6E2E0A202006
:1042F00020202020202020202020202020202020BE
:1043000020202020202020202020202020202020AD
:10431000202020202052616E6765733A2062616E12
:10432000642023313A20313635372D313637372C5A
:104330002062616E6420233220313638302D3137CF
:1043400030302C0A20202020202020202020202057
:10435000202020202020202020202020202020205D
:10436000202020202020202020202062616E642038
:104370002334203532352D3535312C2062616E6481
:1043800020233920313730332D313731312C0A2079
:10439000202020202020202020202020202020201D
:1043A000202020202020202020202020202020200D
:1043B00020202020202062616E64202332322031B0
:1043C0003639312D313731312E205A65726F2076D2
:1043D000616C75653A20616C6C20696E2061207398
:1043E00065742062616E642E0A2020202020202027
:1043F00020202020202020202020202020202020BD
:1044000020202020202020202020202020202020AC
:1044100044656661756C743A20313636352E0A2053
:10442000202D742C202D2D7363616E5F74696D6572
:10443000203C696E74656765723E2C202020202028
:104440002020202020205363616E6E696E672064F7
:1044500075726174696F6E20696E207365636F6E2B
:104460006473202864656661756C743A2034207327
:1044700065636F6E6473292E0A20202D652C202D14
:104480002D72785F6578705F727373695F6C6576A3
:10449000656C203C696E74656765723E2C20202037
:1044A0005365742065787065637465642052535356
:1044B00049206C6576656C206F6E206120736361A6
:1044C0006E205258202864426D292E0A2020202078
:1044D00020202020202020202020202020202020DC
:1044E00020202020202020202020202020202020CC
:1044F00020202044656661756C743A203020284184
:104500004743292E0A20202D442C202D2D636C6535
:1045100061725F6E62725F63616368652C20202048
:10452000202020202020202020202020436C656196
:1045300072206E65696768626F722073746F726152
:1045400067652E0A20202D662C202D2D666F726344
:10455000652C20202020202020202020202020200A
:10456000202020202020202020202055736520732B
:1045700070656369616C20666F72636520746F207B
:104580006F766572726964652063757272656E74A8
:10459000206974656D730A202020202020202020AF
:1045A000202020202020202020202020202020200B
:1045B0002020202020202020202020202020696E64
:1045C0002061207363686564756C657220736F2069
:1045D0007468617420626561636F6E207363616EDD
:1045E000732068617665207072696F726974792EC4
:1045F0000A202020202020202020202020202020D1
:1046000020202020202020202020202020202020AA
:1046100020202020202020204E6F74653A207768CB
:10462000656E20757365642C206F746865722072E6
:10463000756E6E696E67206974656D732061726551
:104640000A20202020202020202020202020202080
:10465000202020202020202020202020202020205A
:1046600020202020202020206E6F74207363686536
:1046700064756C656420746F206D6F64656D2E0ABF
:10468000466F6C6C6F77696E67206F7074696F6EC0
:1046900073206F6E6C7920696D7061637473206F25
:1046A0006E2052535349206D6561737572656D6557
:1046B0006E747320647572696E672052583A0A20CE
:1046C000202D69203C696E74657276616C5F73653C
:1046D00063733E2C20202020202020205253534959
:1046E000206D6561737572656D656E74207265709D
:1046F0006F7274696E6720696E74657276616C2082
:10470000696E207365636F6E64732E0A202020200B
:104710002020202020202020202020202020202099
:1047200020202020202020202044656661756C74A4
:104730003A2031207365636F6E64732C2075736546
:10474000207A65726F20746F2064697361626C6592
:104750002E0A20202D2D667265655F7468203C64EA
:10476000626D5F76616C75653E2C202020202043B1
:1047700068616E6E656C20616363657373202D20C4
:10478000636F6E736964657265642061732066721D
:1047900065653A0A2020202020202020202020208B
:1047A0002020202020202020202020202020202009
:1047B000206D65617375726564207369676E616CE5
:1047C000206C6576656C203C3D203C76616C75659F
:1047D0003E2E0A20202020202020202020202020C3
:1047E00020202020202020202020202020202020C9
:1047F0005365742061207468726573686F6C6420FF
:10480000666F722052535349207363616E20667243
:104810006565207468726573686F6C6420286442F3
:104820006D292E0A2020202020202020202020203A
:104830002020202020202020202020202020202078
:104840002044656661756C742066726F6D207273AA
:1048500073695F7363616E5F627573795F74680A11
:104860002020202020202020202020202020202048
:10487000202020202020202020202020204368618C
:104880006E6E656C20616363657373202D20636FAA
:104890006E7369646572656420617320706F7373F1
:1048A00069626C653A0A20202020202020202020E8
:1048B00020202020202020202020202020202020F8
:1048C000202020627573795F7468203E3D206D65FD
:1048D000617375726564207369676E616C206C65C5
:1048E00076656C203E20667265655F74680A2020DC
:1048F0002D2D627573795F7468203C64626D5F76FC
:10490000616C75653E2C20202020204368616E6E0E
:10491000656C20616363657373202D20636F6E7314
:1049200069646572656420617320627573793A0AFF
:104930002020202020202020202020202020202077
:10494000202020202020202020202020206D656194
:104950007375726564207369676E616C206C65762F
:10496000656C203E203C76616C75653E2E0A2020E9
:104970002020202020202020202020202020202037
:10498000202020202020202020202053657420611A
:10499000207468726573686F6C6420666F72205251
:1049A000535349207363616E206275737920746874
:1049B000726573686F6C64202864426D292E0A202A
:1049C00020202020202020202020202020202020E7
:1049D00020202020202020202020202044656661E7
:1049E000756C742066726F6D20727373695F736388
:1049F000616E5F667265655F74680A0025733A20B0
:104A000063616E6E6F7420545820626561636F6ECF
:104A10003A2025730025733A2063616E6E6F74200F
:104A2000545820636C69656E7420646174612064FD
:104A3000756520746F204C42542C206368616E6E43
:104A4000656C2077617320627573790025733A2055
:104A500063616E6E6F7420545820636C69656E7468
:104A600020646174613A2025730025733A20636CD9
:104A700069656E74206173736F6369617465642026
:104A80006267207363616E206661696C65643A20B9
:104A900025730025733A2063616E6E6F7420737402
:104AA000617274204C4D53205253534920736361FB
:104AB0006E3A2025730025733A2063616E6E6F7421
:104AC0002073746172742052412052583A20257329
:104AD0002C2068616E646C6520256400436C6965F8
:104AE0006E74206461746120545820636F6D706C23
:104AF000657465642E00545820666F72204173738C
:104B00006F63696174696F6E205265717565737446
:104B100020636F6D706C657465642E00525820665A
:104B20006F72204173736F63696174696F6E205295
:104B30006573706F6E736520636F6D706C657465FF
:104B4000642E00426561636F6E20545820666F7258
:104B5000204173736F63696174696F6E205265736E
:104B60007020636F6D706C657465642E00545820FE
:104B7000666F72204173736F63696174696F6E2031
:104B800052656C6561736520636F6D706C657465EB
:104B9000642E0028257329205068792061706920CF
:104BA0006E6F7420696E697469616C697A656400FE
:104BB00043616E6E6F7420737461727420727373CC
:104BC00069207363616E2C20657272202564002851
:104BD0002573293A204E6F20726573706F6E73656E
:104BE00020666F722052535349207363616E206FA9
:104BF000722052535349207363616E206661696C61
:104C000065642E004E6F206368616E6E656C206671
:104C10006F756E6420666F7220626561636F6E2EC1
:104C2000004368616E6E656C202564207761732097
:104C300063686F73656E20666F72207468652062AA
:104C40006561636F6E2E004661696C656420746FE8
:104C500020737461727420626561636F6E205458B2
:104C60003A2065727220256400426561636F6E2090
:104C7000545820737461727465642E0042656163D8
:104C80006F6E20545820636F756C646E27742062B9
:104C90006520737461727465642E00426561636F90
:104CA0006E20616C726561647920737461727465E1
:104CB0006400426561636F6E2054582073746F7096
:104CC00070656420627920757365722E004265619B
:104CD000636F6E2054582073746F707065642C205D
:104CE00063617573653A2025732E004173736F639A
:104CF000696174652072657120746F205241207261
:104D000065736F757263652072657175697265731D
:104D1000204C425420746F20626520757365642CAA
:104D200020636F6E74696E7565202D2D2062757419
:104D30002063757272656E7420726164696F206D94
:104D40006F646520697320257320616E64206F7025
:104D500065726174696F6E2077696C6C2066616939
:104D60006C20696E206D6F64656D2E0043616E6E00
:104D70006F7420737461727420636C69656E745F04
:104D80006173736F63696174653A202564004361E0
:104D90006E6E6F7420737461727420636C69656EDB
:104DA000745F646973736F63696174653A20256425
:104DB0000043616E6E6F7420737461727420636C53
:104DC00069656E745F6173736F63696174655F6653
:104DD000697865643A2025640043616E6E6F7420C3
:104DE000737461727420636C69656E745F72616361
:104DF000685F74783A20256400646563745F706846
:104E0000795F6D61635F6374726C5F626561636F2C
:104E10006E5F73746172745F776F726B5F68616EDF
:104E2000646C657200646563745F7068795F6D615E
:104E3000635F6374726C5F74685F7068795F6170E0
:104E4000695F6D646D5F6F705F636F6D706C6574CB
:104E5000655F6362005573657220496E69746961AC
:104E6000746564004C4D5320726573756C74656491
:104E70002042555359206F6E20626561636F6E202A
:104E80007478004C4D5320726573756C74656420A2
:104E900042555359206F6E205241434800282573D4
:104EA000293A20466978656420626561636F6E20E7
:104EB00050445520746F6F206C6F6E6720282575E5
:104EC0002062797465732920666F722025642073CF
:104ED0006C6F747320286D6178202564206279746A
:104EE00065732900282573293A204661696C656439
:104EF00020746F206164642070616464696E673A35
:104F0000206572722025642028636F6E74696E7547
:104F1000652900282573293A20426561636F6E2058
:104F2000616C72656164792072756E6E696E67007E
:104F3000282573293A204661696C656420746F20C6
:104F4000656E636F646520626561636F6E0028251E
:104F500073293A20646563745F7068795F61706972
:104F60005F7363686564756C65725F6C6973745FA9
:104F70006974656D5F616C6C6F635F74785F656C9D
:104F8000656D656E74206661696C65643A204E6F6C
:104F9000206D656D6F727920746F205458206120E8
:104FA000626561636F6E00282573293A206465632A
:104FB000745F7068795F6170695F73636865647559
:104FC0006C65725F6C6973745F6974656D5F616451
:104FD00064206661696C656420666F722052535369
:104FE00049206D6561737572656D656E74202D2D38
:104FF00020636F6E74696E756500282573293A20E9
:10500000646563745F7068795F6170695F7363681A
:105010006564756C65725F6C6973745F6974656DE6
:105020005F61646420666F7220524143482066616C
:10503000696C6564005363686564756C65642062BF
:105040006561636F6E2054583A20696E746572769C
:10505000616C2025646D732C207478207077722029
:1050600025642064626D2C206368616E6E656C201F
:1050700025642C207061796C6F6164205044552048
:105080006279746520636F756E743A202564002818
:105090002573293A204661696C656420746F20721B
:1050A000652D656E636F646520626561636F6E0078
:1050B000426561636F6E206E6F742072756E6E69EB
:1050C0006E6720616E642072656365697665642031
:1050D0004173736F63696174696F6E2052657120EB
:1050E00066726F6D20257520283078253034782938
:1050F0000A004654206173736F63207461626C65AB
:105100002066756C6C2C2063616E6E6F7420617309
:105110007369676E20505420696E64657820286535
:1051200072722025642900556E737570706F7274E9
:10513000656420736C6F742F6D637320636F6D6291
:10514000696E6174696F6E0A00436C757374657281
:1051500020626561636F6E207374617475733A00C9
:105160002020426561636F6E2072756E6E696E6796
:105170003A202573002020426561636F6E206368CA
:10518000616E6E656C3A2020202020202020202097
:105190002020202020202564002020426561636FAC
:1051A0006E20747820706F7765723A20202020205E
:1051B0002020202020202020202025642064426DF3
:1051C000002020426561636F6E20696E746572769F
:1051D000616C3A2020202020202020202020202028
:1051E00020202564206D73002020426561636F6E6E
:1051F000207061796C6F616420504455206279742D
:105200006520636F756E743A20256400434D414BF1
:10521000455F534F555243455F4449522F73726364
:105220002F646563742F6D61632F646563745F70B1
:1052300068795F6D61635F636C75737465725F62DB
:105240006561636F6E2E63006C6173745F72637669
:105250005F74696D65203C206E6F775F7263765F67
:1052600074696D6500646563745F7068795F6D6112
:10527000635F636C75737465725F626561636F6EA3
:105280005F6173736F63696174696F6E5F72657379
:10529000705F7064755F656E636F646500646563FD
:1052A000745F7068795F6D61635F636C757374655B
:1052B000725F626561636F6E5F6173736F63696173
:1052C00074696F6E5F7265715F68616E646C6500B2
:1052D000646563745F7068795F6D61635F636C754B
:1052E000737465725F626561636F6E5F7570646130
:1052F0007465006873615F646563745F7068795F8B
:105300006D61635F636C75737465725F6265616321
:105310006F6E5F656E636F64655F66697865640074
:10532000646563745F7068795F6D61635F636C75FA
:10533000737465725F626561636F6E5F74785F73CB
:105340007461727400282573293A204661696C657E
:105350006420746F20656E636F6465206173736F82
:1053600063696174696F6E207265712028464958BF
:1053700045442900282573293A204661696C6564F3
:1053800020746F20676574206E65787420464958D4
:105390004544206A6F696E2054582074696D650019
:1053A000282573293A20616C6C6F6320545820655E
:1053B0006C656D656E74206661696C65643A204E3B
:1053C0006F206D656D6F727920746F205458206165
:1053D00073736F63696174696F6E207265712028E1
:1053E00046495845442900282573293A20736368A3
:1053F0006564756C657220616464206661696C65C2
:1054000064202846495845442054582900282573CB
:10541000293A20616C6C6F6320525820656C656D71
:10542000656E74206661696C65642028464958453C
:10543000442900282573293A207363686564756CD4
:10544000657220616464206661696C656420284629
:105450004958454420525829005363686564756C67
:105460006564204649584544206173736F636961E0
:1054700074696F6E2054582F52583A5C6E20207415
:105480006172676574206C6F6E6720726420696456
:105490002025752028307825303878292C2073680D
:1054A0006F7274207264206964202575202830781A
:1054B00025303478292C5C6E202074617267657405
:1054C000203332626974206E77206964202575204C
:1054D00028307825303878292C207478207077721D
:1054E0002025642064626D2C5C6E20206368616EF0
:1054F0006E656C2025642C207061796C6F6164206E
:10550000504455206279746520636F756E743A203B
:1055100025642C5C6E2020626561636F6E20696E6D
:1055200074657276616C2025642C206672616D65ED
:105530002074696D6520256C6C642C206265616344
:105540006F6E20726563656976656420256C6C6496
:1055500000282573293A204E6F206173736F6369A9
:105560006174696F6E206461746120666F756E642A
:1055700020666F7220746172676574206C6F6E674D
:1055800020726420696420257500282573293A203B
:105590004261636B67726F756E64207363616E2026
:1055A000636F6D706C6574656420666F72207461E2
:1055B00072676574206C6F6E672072642069642066
:1055C00025752E2043617573653A207573657220C9
:1055D000696E6974696174656400434D414B455F50
:1055E000534F555243455F4449522F7372632F64A2
:1055F0006563742F6D61632F646563745F70687990
:105600005F6D61635F636C69656E742E6300696EC4
:10561000666F2D3E6361757365203D3D20444543B3
:10562000545F5048595F4D41435F4E42525F42477D
:105630005F5343414E5F4F505F434F4D504C455475
:1056400045445F43415553455F554E52454143489C
:1056500041424C4500282573293A204261636B671B
:10566000726F756E64207363616E20636F6D706C12
:105670006574656420666F7220746172676574205A
:105680006C6F6E672072642069642025752E20433C
:10569000617573653A20756E726561636861626CED
:1056A0006520666F722061202564206D73656373C9
:1056B0002E004173736F63696174696F6E20726548
:1056C00073706F6E73652074696D656F75743A20C1
:1056D0006E6F74206173736F6369617465642077A2
:1056E00069746820646576696365206C6F6E6720F5
:1056F000524420494420256400282573293A204D2E
:10570000617820616D6F756E74206F6620617373B0
:105710006F63696174656420636C69656E7473009E
:10572000282573293A204173736F63696174696F27
:105730006E2065786973747320666F72207461726D
:10574000676574206C6F6E67207264206964202521
:1057500075202D20636F6E74696E75650028257342
:10576000293A20646563745F7068795F6D61635F77
:10577000636C69656E745F6173736F63696174658F
:105780005F6D73675F73656E645F666978656420DB
:105790006661696C65643A20256400282573293A9E
:1057A000204E6F206173736F63696174696F6E203F
:1057B0006461746120666F756E6420666F72207418
:1057C00072616E736D6974746572206964202575E9
:1057D00000282573293A206173736F6369617469C6
:1057E0006F6E2072656A6563746564206279204615
:1057F00054202575202872656A6563745F6361753E
:1058000073653D25752900282573293A2061737336
:105810006F63696174656420776974682064657674
:10582000696365202575202D207374617274696E1B
:1058300067206261636B67726F756E64207363616A
:105840006E00282573293A20646563745F70687957
:105850005F6D61635F6E62725F62675F7363616EEB
:105860005F7374617274206661696C656400746151
:10587000726765745F6E62722D3E72615F69652E3C
:10588000726570656174203D3D20444543545F500E
:1058900048595F4D41435F52415F52455045415425
:1058A0005F545950455F535542534C4F5453002851
:1058B0002573293A204661696C656420746F206500
:1058C0006E636F64652061206173736F63696174D7
:1058D000696F6E2072657100282573293A20466130
:1058E000696C656420746F20676574206E657874D8
:1058F00020524143482054582074696D6500282582
:1059000073293A20646563745F7068795F617069B8
:105910005F7363686564756C65725F6C6973745FEF
:105920006974656D5F616C6C6F635F74785F656CE3
:10593000656D656E74206661696C65643A204E6FB2
:10594000206D656D6F727920746F2054582061202E
:105950006173736F63696174696F6E207265710042
:10596000282573293A20646563745F7068795F61E4
:1059700070695F7363686564756C65725F6C697389
:10598000745F6974656D5F616C6C6F635F72785F83
:10599000656C656D656E74206661696C6564005345
:1059A00063686564756C65642072616E646F6D20F8
:1059B00061636365737320646174612054582F526E
:1059C000583A0A2020746172676574206C6F6E67A4
:1059D00020726420696420257520283078253038AD
:1059E00078292C2073686F72742072642069642097
:1059F00025752028307825303478292C0A20207409
:105A00006172676574203332626974206E77206931
:105A1000642025752028307825303878292C20748A
:105A200078207077722025642064626D2C0A202013
:105A30006368616E6E656C2025642C207061796CE2
:105A40006F616420504455206279746520636F75DE
:105A50006E743A2025642C0A2020626561636F6EA3
:105A600020696E74657276616C2025642C206672E4
:105A7000616D652074696D6520256C6C642C2062F5
:105A80006561636F6E207265636569766564202564
:105A90006C6C6400282573293A20646563745F7018
:105AA00068795F6D61635F636C69656E745F617374
:105AB000736F63696174655F6D73675F73656E644F
:105AC000206661696C65643A202564002825732985
:105AD0003A204661696C656420746F20656E636F5F
:105AE0006465206173736F63696174696F6E20729E
:105AF000656C656173652072657100282573293AAC
:105B000020646563745F7068795F6170695F736357
:105B1000686564756C65725F6C6973745F697465E0
:105B20006D5F616C6C6F635F74785F656C656D65EC
:105B30006E74206661696C65643A204E6F206D65F5
:105B40006D6F727920746F205458206120617373D7
:105B50006F63696174696F6E2072656C65617365EE
:105B60002072657100282573293A204E6F742061D8
:105B700073736F6369617465642077697468206406
:105B80006576696365202564007B22646174612207
:105B90003A222573222C226D5F746D70223A224EB8
:105BA0002F41227D007B2264617461223A22257399
:105BB000222C226D5F746D70223A222564227D00B2
:105BC000282573293A20426561636F6E20776974D6
:105BD00068206C6F6E672052442049442025752050
:105BE000686173206E6F74206265656E20736565F1
:105BF0006E20696E207363616E20726573756C74BC
:105C00007300282573293A204661696C6564207405
:105C10006F20656E636F646520636C69656E7420C8
:105C2000646174612070647500282573293A2064CA
:105C30006563745F7068795F6170695F73636865DD
:105C400064756C65725F6C6973745F6974656D5FB0
:105C5000616C6C6F635F74785F656C656D656E74A5
:105C6000206661696C65643A204E6F206D656D6FCA
:105C7000727920746F20545820612064617461200F
:105C8000746F204654005363686564756C656420C6
:105C900072616E646F6D206163636573732064610C
:105CA00074612054583A0A20207461726765742028
:105CB0006C6F6E672072642069642025752028301F
:105CC0007825303878292C2073686F7274207264BC
:105CD0002069642025752028307825303478292CD7
:105CE0000A202074617267657420333262697420FF
:105CF0006E77206964202575202830782530387823
:105D0000292C207478207077722025642064626DBD
:105D10002C0A20206368616E6E656C2025642C203F
:105D20007061796C6F6164205044552062797465AC
:105D300020636F756E743A2025642C0A20206265FA
:105D400061636F6E20696E74657276616C20256484
:105D50002C206672616D652074696D6520256C6C00
:105D6000642C20626561636F6E207265636569767D
:105D7000656420256C6C6400282573293A20636CC7
:105D800069656E745F726163685F747820666169CB
:105D90006C65643A20256400436C69656E742073F9
:105DA00074617475733A0020204173736F63696185
:105DB00074696F6E202325643A206C6F6E672052E1
:105DC0004420494420257500646563745F706879D8
:105DD0005F6D61635F636C69656E745F646174615C
:105DE0005F7064755F656E636F646500646563749E
:105DF0005F7068795F6D61635F636C69656E745F26
:105E0000726163685F747800646563745F70687959
:105E10005F6D61635F636C69656E745F7261636817
:105E20005F74785F776F726B657200646563745F2F
:105E30007068795F6D61635F636C69656E745F61E3
:105E400073736F63696174696F6E5F72656C5F70A5
:105E500064755F656E636F646500646563745F702D
:105E600068795F6D61635F636C69656E745F6469B7
:105E700073736F63696174655F6D73675F73656E7C
:105E80006400646563745F7068795F6D61635F630C
:105E90006C69656E745F646973736F63696174655F
:105EA00000646563745F7068795F6D61635F636CE4
:105EB00069656E745F6173736F63696174655F7246
:105EC0006573705F68616E646C6500646563745FC0
:105ED0007068795F6D61635F636C69656E745F6E36
:105EE00062725F7363616E5F636F6D706C65746522
:105EF000645F636200646563745F7068795F6D619D
:105F0000635F636C69656E745F6173736F6369610E
:105F100074655F6D73675F73656E645F66697865EE
:105F20006400646563745F7068795F6D61635F636B
:105F30006C69656E745F6173736F63696174655FCB
:105F4000666978656400646563745F7068795F6D25
:105F500061635F636C69656E745F6173736F6369BE
:105F60006174696F6E5F7265715F7064755F656E95
:105F7000636F646500646563745F7068795F6D6109
:105F8000635F636C69656E745F6173736F6369618E
:105F900074655F6D73675F73656E640064656374D9
:105FA0005F7068795F6D61635F636C69656E745F74
:105FB0006173736F636961746500434D414B455F65
:105FC000534F555243455F4449522F7372632F64B8
:105FD0006563742F6D61632F646563745F706879A6
:105FE0005F6D61635F7064752E63006D75785F68C7
:105FF00065616465725F696E2D3E6D61635F657892
:1060000074203D3D20444543545F5048595F4D4105
:10601000435F4558545F31364249545F4C454E000A
:106020007364755F6C6973745F6974656D2D3E6D23
:106030006573736167652E646174615F7364752E47
:10604000646C635F69655F74797065203D3D2044D1
:106050004543545F5048595F4D41435F444C435F53
:1060600049455F545950455F534552565F305F571D
:106070004954484F55545F524F5554494E47004676
:1060800061696C656420746F206465636F6465206A
:106090004D4143204D5558206865616465720A0082
:1060A0004E6F206D656D6F727920746F206465632B
:1060B0006F64652053445573210A00556E737570E3
:1060C000706F7274656420444C4320494520747994
:1060D00070650A004661696C656420746F206465B0
:1060E000636F646520436C757374657220426561EB
:1060F000636F6E0A004661696C656420746F20648A
:1061000065636F646520524143482049450A004653
:1061100061696C656420746F206465636F646520D9
:106120004173736F63696174696F6E205265717535
:10613000657374206D6573736167650A00466169F4
:106140006C656420746F206465636F6465204173BF
:10615000736F63696174696F6E20526573706F6EDF
:106160007365206D6573736167650A004661696CCC
:10617000656420746F206465636F64652041737388
:106180006F63696174696F6E2052656C65617365D8
:10619000206D6573736167650A00556E6B6E6F776E
:1061A0006E00556E6B6E6F776E20444C43204945F0
:1061B000207479706500436F6E6E656374696F6EED
:1061C000207465726D696E6174696F6E2E004D6F1B
:1061D00062696C6974792E004C6F6E6720496E613C
:1061E000637469766974792E00496E636F6D7061AE
:1061F0007469626C6520436F6E666967757261745D
:10620000696F6E2E004E6F207375666669636965EF
:106210006E742048572F6D656D6F727920726573AB
:106220006F757263652E004E6F20737566666963C5
:1062300069656E7420726164696F207265736F7531
:10624000726365732E0042616420726164696F201D
:106250007175616C6974792E005365637572697428
:1062600079206572726F722E0053686F72742052BB
:106270004420494420436F6E666C696374206465F2
:1062800074656374656420696E205054207369647A
:10629000652E0053686F7274205244204944204395
:1062A0006F6E666C6963742064657465637465649D
:1062B00020696E20465420736964652E004E6F7409
:1062C000206173736F6369617465642050542E009C
:1062D0004E6F74206173736F6369617465642046E7
:1062E000542E004E6F74206F7065726174696E6712
:1062F00020696E204654206D6F64652E004F7468CF
:106300006572206572726F722E00446174613A206A
:10631000444C4320536572766963652074797065D7
:1063200020302077697468206120726F7574696EFF
:10633000672068656164657200446174613A204455
:106340004C432053657276696365207479706520CB
:106350003020776974686F7574206120726F75746E
:10636000696E672068656164657200446174613AB2
:1063700020444C43205365727669636520747970BC
:10638000652031206F722032206F722033207769B0
:106390007468206120726F7574696E67206865612A
:1063A00064657200446174613A20444C4320536533
:1063B000727669636520747970652031206F722070
:1063C00032206F72203320776974686F7574206192
:1063D00020726F7574696E6720686561646572000C
:1063E000444C432054696D65727320636F6E666917
:1063F0006775726174696F6E20636F6E74726F6C13
:1064000020494500444C4320657363617065004931
:106410006E697469616C206173736F63696174691B
:106420006F6E2E004173736F63696174696F6E20C4
:10643000746F2072657175657374206E6577207353
:106440006574206F6620666C6F77732E00417373DE
:106450006F63696174696F6E2064756520746F2065
:106460006D6F62696C6974792E0052652D6173736A
:106470006F63696174696F6E20616674657220650F
:1064800072726F722E004368616E6765206F6620BE
:106490006F776E206F7065726174696E67206368D4
:1064A000616E6E656C2E004368616E6765206F706B
:1064B00065726174696E67206D6F64652E0050614E
:1064C00067696E6720726573706F6E73652E005317
:1064D000696E676C6520616C6C6F636174696F6E67
:1064E000202D206E6F2072657065746974696F6EFF
:1064F00020616E642076616C6964697479206669D4
:10650000656C647300526570656174656420696EC2
:106510002074686520666F6C6C6F77696E672066A3
:1065200072616D657320617320696E20726570659C
:10653000746974696F6E20616E642076616C696441
:10654000697479206669656C647300526570656171
:1065500074656420696E2074686520666F6C6C6F6A
:1065600077696E6720737562736C6F7473206173E3
:1065700020696E2072657065746974696F6E206140
:106580006E642076616C6964697479206669656CF3
:1065900064730052657365727665642E00506164A1
:1065A00064696E6720283120627974652900526120
:1065B00064696F20446576696365205374617475FE
:1065C00073204945004573636170650050616464E0
:1065D000696E6720283020627974652900436F6EE8
:1065E00066696775726174696F6E20526571756551
:1065F0007374204945004B65657020616C69766550
:10660000204945004D414320536563757269747993
:1066100020496E666F2049450050616464696E6769
:1066200000486967686572206C61796572207369DA
:10663000676E616C6C696E67202D20666C6F7720C9
:106640003100486967686572206C617965722073F2
:1066500069676E616C6C696E67202D20666C6F7760
:106660002032005573657220706C616E6520646124
:106670007461202D20666C6F772031005573657230
:1066800020706C616E652064617461202D20666CE1
:106690006F772032005573657220706C616E6520D3
:1066A00064617461202D20666C6F77203300557310
:1066B000657220706C616E652064617461202D20AC
:1066C000666C6F772034004E6574776F726B204272
:1066D0006561636F6E206D65737361676500436C00
:1066E000757374657220426561636F6E206D6573AA
:1066F00073616765004173736F63696174696F6E7D
:106700002052657175657374206D6573736167657B
:10671000004173736F63696174696F6E20526573B2
:10672000706F6E7365206D6573736167650041738B
:10673000736F63696174696F6E2052656C65617314
:1067400065206D657373616765005265636F6E6682
:10675000696775726174696F6E20526571756573D2
:1067600074206D657373616765005265636F6E6653
:10677000696775726174696F6E20526573706F6EB0
:106780007365206D65737361676500416464697446
:10679000696F6E616C204D4143206D657373616755
:1067A000657300526F75746520496E666F204945A8
:1067B000005265736F7572636520616C6C6F636105
:1067C00074696F6E2049450052616E646F6D20419F
:1067D0006363657373205265736F757263652049D7
:1067E00045005244206361706162696C697479206C
:1067F0004945004E65696768626F7572696E67200A
:1068000049450042726F61646361737420496E642C
:1068100069636174696F6E2049450047726F7570D6
:106820002041737369676E6D656E74204945004C35
:106830006F616420496E666F20494500466978653E
:1068400064205363686564756C696E672052657374
:106850006F75726365204945004D41432073656340
:106860007572697479206973206E6F742075736511
:1068700064004D41432073656375726974792C20FF
:106880006E6F204945004D41432073656375726901
:106890007479207769746820494500524420427217
:1068A0006F616463617374696E67204865616465D4
:1068B00072005265736572766564004441544120EC
:1068C0004D41432050445520686561646572004223
:1068D0006561636F6E2048656164657200556E691D
:1068E00063617374204865616465720003080B0777
:1068F0004E65696768626F722077697468206C6F93
:106900006E67207264206964202575202830782500
:10691000303878292C2073686F7274207264206973
:10692000642025752028307825303478292C206380
:1069300068616E6E656C2025642C2073746F7265BF
:106940006420746F206E6272206C6973742E00254F
:10695000733A2063616E6E6F742073746F7265207A
:106960007363616E6E696E67206E6272207265730A
:10697000756C7420666F72206C6F6E672072642075
:106980006964202575004E65696768626F722077BB
:10699000697468206C6F6E672072642069642025BA
:1069A000752028307825303878292C2073686F724C
:1069B0007420726420696420257520283078253081
:1069C0003478292C206E7720283234626974204D67
:1069D00053423A2025752028307825303678292CE6
:1069E0002038626974204C53423A202575202830A3
:1069F000782530327829292C206368616E6E656CA9
:106A00002025640A202075706461746564207769AC
:106A100074682074696D6520256C6C752028746914
:106A20006D6520736869667420256C6C64206D64E4
:106A30006D207469636B732920746F206E627220FD
:106A40006C6973742E004E65696768626F72206CA2
:106A5000697374207374617475733A0020204E65F5
:106A6000696768626F722025643A002020206E6595
:106A700074776F726B204944202832346269742025
:106A80004D5342293A202575202830782530367814
:106A900029002020206E6574776F726B2049442096
:106AA0002838626974204C5342293A2020257520E9
:106AB0002830782530327829002020206E657477C0
:106AC0006F726B20494420283332626974293A205E
:106AD0002020202025752028307825303678290080
:106AE0002020206C6F6E672052442049443A2020B9
:106AF000202020202020202020202025750020205C
:106B00002073686F72742052442049443A20202038
:106B100020202020202020202025750020202063F8
:106B200068616E6E656C3A20202020202020202095
:106B3000202020202020202575002020204C61735B
:106B400074207365656E3A202020202020202020AC
:106B500020202020202564206D73656373206167E9
:106B60006F00646563745F7068795F6D61635F6E09
:106B700062725F696E666F5F73746F72655F6E5F7E
:106B800075706461746500282573293A2062675F17
:106B90007363616E5F64617461206E6F7420666FF1
:106BA000756E64202868616E646C65202564290018
:106BB000434D414B455F534F555243455F44495206
:106BC0002F7372632F646563742F6D61632F646527
:106BD00063745F7068795F6D61635F6E62725F623C
:106BE000675F7363616E2E6300706172616D732005
:106BF000262620706172616D732D3E746172676527
:106C0000745F6E6272004247207363616E20616C34
:106C100072656164792072756E6E696E672077693E
:106C2000746820706879206F702068616E646C658C
:106C3000202575004E6F20667265652042472073DF
:106C400063616E206461746120736C6F74004247ED
:106C5000207363616E206974656D206E6F742066A9
:106C60006F756E6420666F7220706879206F702077
:106C700068616E646C652025750020202042616388
:106C80006B67726F756E64207363616E20737461DD
:106C90007475733A00202020202052756E6E696E44
:106CA000673A2066616C73650A002020202020521C
:106CB000756E6E696E673A207472756500202020CB
:106CC0002020506879206F702068616E646C653A8E
:106CD000202025750020202020204C617374207313
:106CE00065656E3A206E6576657200202020202052
:106CF0004C617374207365656E3A2020202020203B
:106D0000256C6C64206D736563732061676F002070
:106D1000202020204C6173742074696D6573746148
:106D20006D703A20256C6C75206D646D20746963FC
:106D30006B730020202020204D6574726963733AC4
:106D400000202020202020205363616E20696E6681
:106D50006F207570646174656420636F756E743A3A
:106D600020202020202020202020202025750020E9
:106D70002020202020205363616E20737461727480
:106D80006564206F6B20636F756E743A202020203D
:106D900020202020202020202020257500202020B9
:106DA000202020205363616E20737461727420660A
:106DB00061696C20636F756E743A2020202020205A
:106DC0002020202020202020257500202020202089
:106DD00020205363616E20696E666F2074696D6553
:106DE00020736869667420757064617465642063DB
:106DF0006F756E743A2025750020202020202020F9
:106E00005363616E20696E666F2074696D652073CF
:106E100068696674206C6173742076616C75653A7C
:106E200020202020256C6C6400646563745F7068AA
:106E3000795F6D61635F6E62725F62675F736361EA
:106E40006E5F7363686564756C65725F6F705F63B6
:106E50006F6D706C657465645F6362006465637414
:106E60005F7068795F6D61635F6E62725F62675FBA
:106E70007363616E5F7363686564756C65007265EA
:106E800073702077696E207374617274732033207D
:106E9000737562736C6F74732061667465722074AD
:106EA0006865206C61737420737562736C6F7420F5
:106EB0006F662074686520524120545800726573D3
:106EC000702077696E2073746172747320302E3570
:106ED000206672616D6573206166746572207468E6
:106EE00065207374617274206F6620746865205227
:106EF00041205458002020202020202020444C43B2
:106F000020494520747970653A202573202830780F
:106F10002530327829002020202020202020526592
:106F200063656976656420646174612C206C656EAC
:106F30002025642C207061796C6F6164206173205E
:106F4000617363696920737472696E672070726916
:106F50006E743A0A20202020202020202020257333
:106F6000002020202020205265636569766564201A
:106F70004173736F63696174696F6E2052657175D7
:106F8000657374206D6573736167653A0020202016
:106F9000202020202053657475702063617573650F
:106FA0003A202020202020257320283078253032D8
:106FB0007829002020202020202020466C6F772078
:106FC000636F756E743A20202020202020256400F5
:106FD0002020202020202020466C6F772069645BD1
:106FE000305D3A2020202020202025642028307881
:106FF0002530327829002020202020202020506FAA
:1070000077657220636F6E73743A202020202020F1
:1070100068617320706F77657220636F6E7374722E
:1070200061696E74732E00202020202020202050C3
:107030006F77657220636F6E73743A202020202072
:10704000206E6F20706F77657220636F6E7374723D
:1070500061696E74732E002020202020202020469D
:1070600054206D6F64653A202020202020202020AD
:1070700020546865205244206F7065726174657396
:1070800020616C736F20696E204654206D6F6465BB
:107090002E00202020202020202020204E657477E4
:1070A0006F726B20426561636F6E20706572696FED
:1070B000643A202564206D730020202020202020A9
:1070C000202020436C757374657220426561636F84
:1070D0006E20706572696F643A202564206D7300BC
:1070E000202020202020202020204E65787420633E
:1070F0006C7573746572206368616E6E656C3A209E
:1071000020256400202020202020202020205469D9
:107110006D6520746F206E657874206E6578743AA2
:1071200020202020202564206D6963726F736563C1
:107130006F6E6473002020202020202020465420E1
:107140006D6F64653A2020202020202020202054CC
:107150006865205244206F70657261746573206F9A
:107160006E6C7920696E205054204D6F64652E003E
:10717000202020202020202043757272656E74200C
:10718000636C7573746572206368616E6E656C3ACA
:10719000202564002020202020202020484152511A
:1071A0002050726F636573732054583A2020256411
:1071B00020283078253032782900202020202020F7
:1071C00020204D415820484152512052452D5458BD
:1071D0003A20202025642028307825303278290074
:1071E0002020202020202020484152512050726F22
:1071F000636573732052583A202025642028307824
:1072000025303278290020202020202020204D41C8
:107210005820484152512052452D52583A202020A2
:10722000256420283078253032782900202020203D
:1072300020205265636569766564204173736F63CE
:10724000696174696F6E20526573706F6E7365202B
:107250006D6573736167653A00202020202020202F
:107260002041636B6E6F776C6564676D656E743A11
:10727000202041434B002020202020202020466C4D
:107280006F7720636F756E743A2030623131313A16
:1072900020416C6C20666C6F77732061636365704E
:1072A00074656420617320636F6E666967757265CB
:1072B0006420696E206173736F63696174696F6EB6
:1072C00020726571756573742E00202020202020A7
:1072D0002020466C6F7720636F756E743A202564AA
:1072E00000202020202020202041636B6E6F776CCF
:1072F0006564676D656E743A20204E41434B0020F3
:10730000202020202020204E41434B2063617573B4
:10731000653A2020202020202025640020202020E5
:1073200020205265636569766564204173736F63DD
:10733000696174696F6E2052656C65617365206D5B
:107340006573736167653A0020202020202020208B
:1073500052656C656173652043617573653A2020E1
:107360002573202876616C75653A202564290020F4
:107370002020202020526563656976656420636C57
:10738000757374657220626561636F6E3A002020C8
:1073900020202020202053797374656D206672614F
:1073A0006D65206E756D6265723A2020256400203F
:1073B000202020202020204D617820545820706FFC
:1073C0007765723A2020202020202020202564206C
:1073D00064426D0020202020202020204D61782054
:1073E00050485920545820706F7765723A202020F9
:1073F00020206E6F7420696E636C7564656420690B
:107400006E2074686520626561636F6E00202020C5
:107410002020202020506F77657220636F6E737478
:107420003A2020202020202020202054686520524F
:1074300044206F7065726174696E6720696E2046C2
:1074400054206D6F64652068617320706F7765727A
:1074500020636F6E73747261696E74732E002020E6
:10746000202020202020506F77657220636F6E737C
:10747000743A2020202020202020202054686520DD
:107480005244206F7065726174696E6720696E2066
:107490004654206D6F646520646F6573206E6F7451
:1074A000206861766520706F77657220636F6E73F8
:1074B000747261696E74732E0020202020202020B9
:1074C000204672616D65206F66667365743A202090
:1074D00020202020202020256420737562736C6F8B
:1074E00074730020202020202020204672616D65CA
:1074F000206F66667365743A2020202020202020AB
:10750000206E6F7420696E636C7564656420696EAB
:107510002074686520626561636F6E002020202002
:10752000202020204E65787420636C75737465721A
:10753000206368616E6E656C3A202564202864695A
:1075400066666572656E74207468616E206375721C
:1075500072656E7420636C75737465722063686104
:107560006E6E656C290020202020202020204E6592
:10757000787420636C7573746572206368616E6ED5
:10758000656C3A2063757272656E7420636C7573F6
:10759000746572206368616E6E656C2E0020202019
:1075A000202020202054696D6520746F206E65783E
:1075B00074206E6578743A202020202564206D693F
:1075C00063726F7365636F6E6473002020202020E8
:1075D00020202054696D6520746F206E65787420BA
:1075E0006E6578743A202020206E6F7420696E6377
:1075F0006C7564656420696E2074686520626561DD
:10760000636F6E2E0A2020202020202020202020A2
:10761000202020202020202020202020202020206A
:10762000202020546865206E65787420636C757323
:1076300074657220626561636F6E2069730A202031
:10764000202020202020202020202020202020203A
:107650002020202020202020202020207472616EF5
:10766000736D6974746564206261736564206F6E04
:1076700020436C757374657220626561636F6E2060
:10768000706572696F642E00202020202020202049
:107690004E6574776F726B20426561636F6E207008
:1076A0006572696F64202564206D7300202020209E
:1076B00020202020436C75737465722042656163DD
:1076C0006F6E20706572696F64202564206D732071
:1076D00028256C6C64206D646D207469636B73295C
:1076E000002020202020202020436F756E742074FD
:1076F0006F20747269676765723A20202020202508
:10770000642028636F6465642076616C7565290068
:10771000202020202020202052656C61746976652D
:10772000207175616C6974793A20202020202564CD
:107730002028636F6465642076616C75652900207C
:10774000202020202020204D696E207175616C69F9
:1077500074793A2020202020202020202025642019
:1077600028636F6465642076616C7565290020204C
:10777000202020205265636569766564205241436C
:107780004820494520646174613A0020202020206F
:107790002020205265706561743A2020202020202E
:1077A00020202020202020202025730020202020A1
:1077B00020202020202052657065746974696F6EE6
:1077C0003A20202020202020202025640020202076
:1077D0002020202020202056616C69646974793A49
:1077E0002020202020202020202020256400202070
:1077F00020202020202053797374656D20667261EB
:107800006D65206E756D6265723A202020256420BA
:107810002D207265736F7572636520616C6C6F6388
:107820006174696F6E2076616C69642066726F6D39
:1078300020746869732053464E206F6E77617264BE
:107840007300202020202020202053797374656D40
:10785000206672616D65206E756D6265723A2020DA
:107860004E6F7420696E636C75646564202D2072A0
:1078700065736F7572636520616C6C6F63617469A9
:107880006F6E20696D6D6564696174656C792076D1
:10789000616C69640020202020202020205241209B
:1078A0004368616E6E656C3A2020202020202020E5
:1078B0002020202564202D207265736F757263650A
:1078C00020616C6C6F636174696F6E2069732076E0
:1078D000616C696420696E20696E646963617465B6
:1078E00064206368616E6E656C002020202020207B
:1078F00020205241204368616E6E656C3A20202042
:1079000020202020202020204E6F7420696E636C80
:1079100075646564202D207265736F7572636520D0
:10792000616C6C6F636174696F6E2069732076613E
:107930006C696420666F722063757272656E742064
:107940006368616E6E656C0020202020202020205E
:10795000524120526573706F6E7365204368616E8B
:107960006E656C3A20202564202D20726573706F3F
:107970006E73652069732073656E7420696E20696B
:107980006E64696361746564206368616E6E656CC2
:10799000002020202020202020524120526573709A
:1079A0006F6E7365204368616E6E656C3A20204E81
:1079B0006F7420696E636C75646564202D20726538
:1079C00073706F6E73652069732073656E742069C0
:1079D0006E2073616D65206368616E6E656C2061F9
:1079E00073207468697320494500202020202020DE
:1079F0002020537461727420737562736C6F743AD3
:107A0000202020202020202025640020202020204D
:107A10002020204C656E67746820747970653A2068
:107A2000202020202020202020257300202020201E
:107A3000202020204C656E6774683A20202020208A
:107A4000202020202020202020202564002020200D
:107A500020202020204D61782052414348206C6531
:107A60006E67746820747970653A20257300202051
:107A70002020202020204D61782052414348206C56
:107A8000656E6774683A202020202020256400203D
:107A9000202020202020204357206D696E2073690C
:107AA000673A20202020202020202020202564004C
:107AB0002020202020202020444543542064656C51
:107AC00061793A20202020202020202020202573AA
:107AD000002020202020202020526573706F6E73BC
:107AE000652077696E3A2020202020202020202544
:107AF0006420737562736C6F7473002020202020E3
:107B00002020204357206D6178207369673A202038
:107B1000202020202020202020256400202020203C
:107B200020205265636569766564204669786564DE
:107B3000205363686564756C696E67205265736F66
:107B40007572636520494520646174613A002020A4
:107B500020202020202056657273696F6E3A202005
:107B600020202020202020202020202025750020DB
:107B7000202020202020204D6F64653A20202020E6
:107B800020202020202020202020202020257500BB
:107B900020202020202020204D6178205054733A4E
:107BA000202020202020202020202020202025757B
:107BB0000020202020202020204163746976652049
:107BC0005054733A202020202020202020202020E4
:107BD000257500202020202020202050545B257572
:107BE0005D3A2073746172745F736C6F743D2575B8
:107BF0002C20656E645F736C6F743D25752C20734B
:107C00006C6F745F636F756E743D25750020202066
:107C10002020205265636569766564207061646424
:107C2000696E6720646174612C206C656E20256428
:107C30002C207061796C6F6164206973206E6F74A1
:107C4000207072696E74656400202020202020520C
:107C50006563656976656420646174612C206C6578
:107C60006E2025642C207061796C6F6164206173D3
:107C700020617363696920737472696E6720707222
:107C8000696E743A0A2020202020202020257300CD
:107C9000202020202020526563656976656420538A
:107CA000445520646174612C206C656E2025642C21
:107CB000207061796C6F61642068657820646174FC
:107CC000613A2025730A0050444320726563656958
:107CD00076656420287374662073746172742074EE
:107CE000696D6520256C6C752C2068616E646C650F
:107CF000202564293A20736E722025642C2052536B
:107D000053492D322025642028525353492025649D
:107D1000292C206C656E20256400204445435420A6
:107D20004E522B204D4143205044553A0020204DC7
:107D30004143206865616465723A00202020205626
:107D4000657273696F6E3A202564002020202053ED
:107D5000656375726974793A2025730020202020AC
:107D6000547970653A202573004661696C6564201A
:107D7000746F206465636F6465204D414320436FD9
:107D80006D6D6F6E20686561646572002020202033
:107D900020204E6574776F726B204944202832345E
:107DA000626974204D5342293A20202575202830DD
:107DB0007825303678290020202020202054726138
:107DC0006E736D69747465722049443A20202020D6
:107DD0002020202020202575202830782530387854
:107DE000290020202020202052657365743A202528
:107DF0007300202020202020536571204E62723AAB
:107E0000202575002020202020205265636569769A
:107E100065723A2025752028307825303878290079
:107E20002020202020205472616E736D6974746567
:107E3000723A202575202830782530387829004678
:107E400061696C656420746F206465636F6465208C
:107E50004D41432053445573002020534455202561
:107E6000753A00202020204D4143204D5558206870
:107E700065616465723A0020202020202049452059
:107E8000747970653A20257300202020202020502E
:107E900061796C6F6164206C656E6774683A202547
:107EA000750046543A205054202575206469737338
:107EB0006F636961746564202D3E2072656D6F7615
:107EC00065642066726F6D206173736F63207461E7
:107ED000626C6500574553545F544F504449522FCC
:107EE0007A65706879722F696E636C7564652F7A34
:107EF00065706879722F7370696E6C6F636B2E6832
:107F0000007A5F7370696E5F6C6F636B5F76616C34
:107F10006964286C290009496E76616C6964207374
:107F200070696E6C6F636B2025700A007A5F7370E6
:107F3000696E5F756E6C6F636B5F76616C696428E8
:107F40006C2900094E6F74206D79207370696E6C16
:107F50006F636B2025700A004654206173736F6352
:107F6000207461626C6520636C65617265642E00CB
:107F700046543A206173736F63696174696F6E2050
:107F800072656A65637465642C206D617820505455
:107F90007320726561636865642028256429004642
:107FA00054206173736F63207461626C6520286D67
:107FB00061783D2564293A00202050542564206CC6
:107FC0006F6E673D25752073686F72743D2575204F
:107FD000727373693D2564206C6173745F736565AA
:107FE0006E5F62623D256C6C7520736C6F74733DBF
:107FF00025753A257500282573293A2043616E6E50
:108000006F74207265616420737461727475705F3F
:10801000636D64206461746120666F72206D656DAC
:108020005F736C6F74202564005374617274696EA1
:108030006720746F20657865637574652073657457
:10804000745F636D6420256420222573222E2E2EFA
:1080500000737461727475705F636D645F776F72C3
:108060006B6572004769766520646563656E742090
:1080700076616C7565202876616C7565203E3D20C3
:108080003029004769766520646563656E742076E3
:10809000616C756520666F7220746865206D656D12
:1080A0006F727920736C6F742028312D332900434F
:1080B0006F6D6D616E6420737472696E6720746F8A
:1080C0006F206C6F6E672E204D6178206C656E6737
:1080D00074682069732025642E00643A743A7268CB
:1080E000004D656D6F727920736C6F742069732019
:1080F0006D697373696E672E00436F6D6D616E6499
:1081000020737472696E67206973206D6973736977
:108110006E672E00436F6D6D616E642073617665CE
:1081200064207375636365737366756C6C792E0078
:10813000737461727475705F636D6400436F6D6D0D
:10814000616E6420746F2073746F7265207368654C
:108150006C6C20636F6D6D616E647320746F206250
:10816000652072756E2073657175656E7469616CDA
:108170006C79206166746572206120626F6F74751E
:10818000702E006D656D5F736C6F7400636D645F5E
:108190007374720055736167653A20737461727409
:1081A00075705F636D64205B2D2D726561645D2069
:1081B0007C205B2D2D6D656D5F736C6F74203C3181
:1081C0002D333E202D2D636D645F737472203C63EC
:1081D0006D645F7374723E0A2020202020202020CE
:1081E000202020202020202020202020202020208F
:1081F000202020202020205B2D74203C737461728D
:10820000745F74696D653E202D64203C64656C610B
:10821000793E5D0A4E6F74653A206F6E6C79206FFF
:108220006E6520636F6D6D616E642063616E2062A8
:108230006520676976656E20617420612074696DC0
:10824000652E0A4F7074696F6E733A0A20202D7282
:108250002C202D2D726561642C202020202020529E
:1082600065616420616C6C2073746F726564204D6D
:108270006F5368207374617274757020636F6D6DD5
:10828000616E64732066726F6D2073657474696EBD
:1082900067730A2020202020202D2D6D656D5F73CF
:1082A0006C6F742C202053746F7265206120636D95
:1082B000645F73747220746F206120676976656EE5
:1082C000206D656D6F727920736C6F742E204D6117
:1082D0007820616D6F756E74206F66206D656D20FE
:1082E000736C6F747320697320362E0A202020204F
:1082F00020202D2D636D645F7374722C2020204329
:108300006F6D6D616E6420737472696E6720746F37
:10831000206120676976656E206D656D5F736C6F97
:10832000742E0A2020202020202020202020202001
:10833000202020202020436C656172207468652015
:10834000676976656E206D656D736C6F74206279F8
:1083500020676976696E6720616E20656D7074793B
:1083600020737472696E673A0A2020202020202032
:1083700020202020202020202020202073746172C3
:108380007475705F636D64202D2D6D656D5F736C0A
:108390006F742031202D2D636D645F737472202201
:1083A000220A20202D742C202D2D74696D652C201F
:1083B00020202020205374617274696E67207469D4
:1083C0006D65206F6620657865637574696E6720DA
:1083D0006F6620636F6D6D616E64732028696E2017
:1083E0007365636F6E6473206166746572206120CB
:1083F000626F6F747570292E0A20202020202020A3
:10840000202020202020202020202020446566617C
:10841000756C743A2031207365636F6E64206166F9
:10842000746572206120626F6F7475702E0A20204F
:108430002D642C202D2D64656C61792C202020204A
:10844000205072652D64656C6179206265666F727B
:108450006520657865637574696E6720636D645F18
:10846000737472206174206D656D5F736C6F74201E
:10847000696E207368656C6C2E0A202020202020F5
:10848000202020202020202020202020204465663D
:1084900061756C743A2035207365636F6E64732E5A
:1084A0000A20202D682C202D2D68656C702C202032
:1084B0002020202053686F777320746869732068C8
:1084C000656C7020696E666F726D6174696F6E00A5
:1084D0004661696C656420746F2072656164206414
:1084E00065637420737461727475705F636D645F2B
:1084F000646174612C206572726F723A2025640089
:10850000434D414B455F534F555243455F4449529C
:108510002F7372632F737461727475705F636D640F
:108520002F737461727475705F636D645F736574CB
:1085300074696E67732E63006D656D5F736C6F7425
:10854000203E3D2031202626206D656D5F736C6FC7
:1085500074203C3D203600737461727475705F63E3
:108560006D642F646174610043616E6E6F7420737B
:1085700061766520737461727475705F636D6420D9
:1085800073657474696E67732C206572723A202566
:108590006400737461727475705F636D64207365D9
:1085A0007474696E677320736176656400737461B7
:1085B000727475705F636D6420636F6E6669673A8D
:1085C00000202053746172742074696D653A20250F
:1085D00064002020436F6D6D616E64202325643A32
:1085E0000020202020537472696E673A20202020DA
:1085F0002573002020202044656C61793A202020DA
:108600002020256400202020204E6F20636F6D6D98
:10861000616E6400282573293A204661696C65649F
:1086200020746F20696E697469616C697A65207362
:10863000657474696E67732073756273797374659A
:108640006D2C206572726F723A20256400282573A4
:10865000293A2043616E6E6F742072656769737486
:1086600065722073657474696E67732068616E64E7
:108670006C657220256400282573293A2043616EB9
:108680006E6F74206C6F61642073657474696E67BB
:108690007320256400737461727475705F636D6418
:1086A0005F73657474696E67735F696E69740000E7
:1086B000070E091C1B1215383F363124232A2D576B
:1086C0004553545F544F504449522F7A657068792E
:1086D000722F6C69622F686561702F686561702EFA
:1086E00063006368756E6B5F7573656428682C2022
:1086F00063290009756E6578706563746564206828
:108700006561702073746174652028646F75626C94
:10871000652D667265653F2920666F72206D656DF7
:108720006F72792061742025700A006C6566745F31
:108730006368756E6B28682C2072696768745F6364
:1087400068756E6B28682C20632929203D3D2063C5
:108750000009636F7272757074656420686561707A
:1087600020626F756E64732028627566666572207C
:108770006F766572666C6F773F2920666F72206D29
:10878000656D6F72792061742025700A00627974BA
:108790006573203E20686561705F666F6F746572F7
:1087A0005F6279746573286279746573290009685A
:1087B0006561702073697A6520697320746F6F201A
:1087C000736D616C6C0A00686561705F737A203E3E
:1087D000206368756E6B737A2873697A656F662893
:1087E000737472756374207A5F68656170292900FB
:1087F0006368756E6B305F73697A65202B206D69D5
:108800006E5F6368756E6B5F73697A65286829208F
:108810003C3D20686561705F737A00574553545F33
:10882000544F504449522F7A65706879722F6C69A1
:10883000622F6F732F63627072696E74665F70610E
:10884000636B616765642E630009537472696E67B8
:10885000207769746820746F6F206D616E79206174
:108860007267756D656E74730A00097374725F7058
:1088700074725F706F735B5D20746F6F20736D61D6
:108880006C6C0A0009756E657870656374656420A8
:1088900073697A652025750A0009746F6F206D6110
:1088A0006E7920666F726D617420617267730A0061
:1088B000696E5F7061636B6167656420213D20288C
:1088C00028766F6964202A2930290028756E73691B
:1088D000676E6564292063686172202A207573655C
:1088E0006420666F722025257020617267756D6542
:1088F0006E742E2049742773207265636F6D6D65E9
:108900006E64656420746F206361737420697420E1
:10891000746F20766F6964202A20626563617573C5
:1089200065206974206D6179206361757365206DC0
:1089300069736265686176696F7220696E2063652C
:10894000727461696E20636F6E66696775726174B7
:10895000696F6E732E20537472696E673A222573A5
:108960002220617267756D656E743A2564007363C9
:1089700070795F636E74203C2073697A656F662836
:108980006370795F7374725F706F7329006B6565D4
:10899000705F636E74203C2073697A656F66286B24
:1089A0006565705F7374725F706F732900636270C6
:1089B00072696E74665F7061636B616765005745CD
:1089C00053545F544F504449522F7A6570687972FE
:1089D0002F6C69622F6F732F66647461626C652EF1
:1089E00063006664203C20282873697A655F7429D7
:1089F00020282828696E74292073697A656F662893
:108A0000636861725B31202D2032202A20212821C9
:108A10005F5F6275696C74696E5F74797065735FAE
:108A2000636F6D70617469626C655F70285F5F74FD
:108A30007970656F665F5F2866647461626C652932
:108A40002C205F5F747970656F665F5F28262866EB
:108A5000647461626C65295B305D2929295D292078
:108A60002D203129202B202873697A656F662866AE
:108A7000647461626C6529202F2073697A656F6662
:108A8000282866647461626C65295B305D29292938
:108A90002900286E696C2900574553545F544F5084
:108AA0004449522F7A65706879722F6C69622F6F12
:108AB000732F6D7073635F706275662E63006572ED
:108AC00072203D3D203000574553545F544F504471
:108AD00049522F7A65706879722F6C69622F7574AC
:108AE000696C732F6F6E6F66662E630073746174AA
:108AF00065203D3D20305500217379735F736C69AB
:108B000073745F69735F656D70747928266D677221
:108B10002D3E636C69656E747329007472616E73A7
:108B2000697420213D202828766F6964202A293025
:108B300029007374617465203D3D202831554C2017
:108B40003C3C2028312929006D67722D3E726566F4
:108B500073203D3D2030007374617465203D3D20DD
:108B60002831554C203C3C202830292900574553BA
:108B7000545F544F504449522F7A65706879722F70
:108B80006C69622F7574696C732F6E6F7469667986
:108B90002E6300574553545F544F504449522F7A27
:108BA00065706879722F6C69622F7574696C732FA8
:108BB00072696E675F6275666665722E63004E56F7
:108BC00053206E6F7420696E697469616C697A658F
:108BD0006400436F756C64206E6F74206F62746103
:108BE000696E20666C61736820706172616D657476
:108BF00065727300556E737570706F727465642062
:108C0000777269746520626C6F636B2073697A6533
:108C100000556E61626C6520746F2067657420700A
:108C200061676520696E666F00496E76616C696484
:108C300020736563746F722073697A6500436F6E89
:108C400066696775726174696F6E206572726F72A2
:108C5000202D20736563746F7220636F756E7400CE
:108C600066735F6E7673006C6F6767696E67005737
:108C70004553545F544F504449522F7A6570687978
:108C8000722F7375627379732F6C6F6767696E6784
:108C90002F6C6F675F636F72652E63006C6F675F29
:108CA0006261636B656E645F636F756E745F676549
:108CB000742829203C2028283332202F203355299E
:108CC000202D202831202B20302929006261636B60
:108CD000656E64203C3D205F6C6F675F6261636B13
:108CE000656E645F6C6973745F656E640009756EB0
:108CF0006578706563746564206C69737420656E53
:108D000064206C6F636174696F6E0A006C6F675FDB
:108D10006261636B656E645F636F756E745F6765D8
:108D2000742829203E2030006C6F6700574553544B
:108D30005F544F504449522F7A65706879722F738F
:108D400075627379732F6C6F6767696E672F6C6FCD
:108D5000675F6D676D742E63006C696E6B203C3DC0
:108D6000205F6C6F675F6C696E6B5F6C6973745FBB
:108D7000656E6400574553545F544F504449522F19
:108D80007A65706879722F696E636C7564652F7A85
:108D900065706879722F6C6F6767696E672F6C6F8B
:108DA000675F6261636B656E642E68006261636B0E
:108DB000656E6420213D202828766F6964202A2969
:108DC000302900736F757263655F6964203C206CA5
:108DD0006F675F7372635F636E745F676574286447
:108DE0006F6D61696E5F696429006C6F675F6D67A5
:108DF0006D74004D657373616765202822257322A9
:108E0000292064726F707065642062656361757398
:108E10006520697420657863656564732073697A79
:108E200065206C696D69746174696F6E20282575A1
:108E30002900574553545F544F504449522F7A6587
:108E4000706879722F7375627379732F6C6F6767AF
:108E5000696E672F6C6F675F6D73672E63006C655B
:108E60006E203E3D203000574553545F544F5044D0
:108E700049522F7A65706879722F737562737973AE
:108E80002F6C6F6767696E672F6C6F675F6F7574A4
:108E90007075742E63006F75745F6374782D3E6314
:108EA0006F6E74726F6C5F626C6F636B2D3E6F667A
:108EB00066736574203C3D206F75745F6374782D14
:108EC0003E73697A65006C6576656C203C3D2034A4
:108ED00000257320005B2530386C755D20005B2514
:108EE0003032753A253032753A253032752E2530BC
:108EF00033752C253033755D200025732F003C25FC
:108F0000733E200025733A2000657272203E3D209A
:108F10003000202020007C00206D65737361676540
:108F2000732064726F70706564202D2D2D0D0A1BE7
:108F30005B306D001B5B313B33316D2D2D2D2000DF
:108F40001B5B313B33316D001B5B313B33336D00B9
:108F500077726E00696E660064626700574553540D
:108F60005F544F504449522F7A65706879722F735D
:108F700075627379732F73657474696E67732F7379
:108F800072632F73657474696E67732E6300636810
:108F9000203C3D205F73657474696E67735F686120
:108FA0006E646C65725F7374617469635F6C69731E
:108FB000745F656E64007365742D76616C756520F1
:108FC0006661696C7572652E206B65793A20257330
:108FD000206572726F7228256429006B65726E6558
:108FE0006C004B65726E656C20636F6D6D616E64B5
:108FF00073006379636C65733A2025752068772068
:109000006379636C65730A006379636C6573004B05
:1090100065726E656C206379636C65732E00556EA6
:1090200061626C6520746F20706172736520696E77
:109030007075742028657272202564290A005570A5
:1090400074696D653A20256C6C75206D730A002D6E
:1090500070002D2D70726574747900556E73757083
:10906000706F72746564206F7074696F6E3A20253A
:10907000730A00757074696D653A20256C6C7520F3
:10908000646179732C20256C6C7520686F75727320
:109090002C20256C6C75206D696E757465732C20A1
:1090A000256C6C75207365636F6E64732C20256C62
:1090B0006C75206D696C6C697365636F6E64730A9F
:1090C00000757074696D65004B65726E656C207516
:1090D0007074696D652E2043616E20626520636146
:1090E0006C6C6564207769746820746865202D70E5
:1090F000206F72202D2D707265747479206F7074DA
:10910000696F6E7300342E312E3939005A657068DC
:1091100079722076657273696F6E2025730A004B31
:1091200065726E656C2076657273696F6E2E00468F
:1091300061696C656420746F2072656164206B6581
:10914000726E656C2073797374656D2068656170EB
:109150002073746174697374696373202865727213
:10916000202564290A00667265653A2020202020A7
:10917000202020202020257A750A00616C6C6F6306
:10918000617465643A202020202020257A750A0029
:109190006D61782E20616C6C6F63617465643A2038
:1091A000257A750A0053797374656D20686561705E
:1091B0002075736167652073746174697374696382
:1091C000732E005468697320636F6D6D616E642047
:1091D000697320646570726563617465642061738E
:1091E0002069742069732061206475706C69636103
:1091F00074652E2055736520276C6F6720656E613E
:10920000626C652720636F6D6D616E642066726F9E
:109210006D206C6F6767696E6720636F6D6D616E3F
:109220006473207365742E0A00556E61626C65204C
:10923000746F207061727365206C6F672073657640
:1092400065726974792028657272202564290A0084
:10925000496E76616C6964206C6F67206C65766519
:109260006C3A2025640A00556E61626C6520746F4B
:109270002066696E64206C6F6720736F757263651A
:109280003A2025730A006C6F675F6C6576656C0029
:109290003C6D6F64756C65206E616D653E203C733E
:1092A000657665726974792028302D34293E004B2B
:1092B00065726E656C20746872656164732E00530C
:1092C00063686564756C65723A2025752073696EF4
:1092D0006365206C6173742063616C6C0A00546870
:1092E00072656164733A0A004E410025732570204F
:1092F000252D3130730A00096F7074696F6E733AEF
:1093000020307825782C207072696F726974793AF0
:109310002025642074696D656F75743A20256C6C26
:10932000640A000973746174653A2025732C206502
:109330006E7472793A2025700A00556E61626C6510
:1093400020746F2064657465726D696E6520756E3A
:109350007573656420737461636B2073697A65202B
:10936000282564290A0A0009737461636B207369F4
:109370007A6520257A752C20756E757365642025B5
:109380007A752C20757361676520257A75202F20EA
:10939000257A7520282575202525290A0A004C697B
:1093A0007374206B65726E656C207468726561649D
:1093B000732E00574553545F544F504449522F7AEF
:1093C00065706879722F7375627379732F7368652E
:1093D0006C6C2F6D6F64756C65732F6B65726E6549
:1093E0006C5F736572766963652F7468726561641A
:1093F0002F737461636B732E630025702049525183
:109400002025303264202573287265616C207369D1
:109410007A652025347A75293A09756E7573656405
:109420002025347A750975736167652025347A754E
:10943000202F2025347A75202825327A752025257D
:10944000290A00257020252D33327320287265618A
:109450006C2073697A652025347A75293A09756E0E
:10946000757365642025347A7509757361676520A5
:1094700025347A75202F2025347A752028253275D9
:10948000202525290A00737461636B73004C69738E
:1094900074207468726561647320737461636B20F7
:1094A00075736167652E0054687265616420494474
:1094B000202570206973206E6F742076616C69645A
:1094C0000A004572726F723A5368656C6C2074685A
:1094D000726561642063616E6E6F742062652073D3
:1094E000757370656E6465640A00546872656164C2
:1094F0002025702073757370656E6465640A00734F
:10950000757370656E64006B65726E656C2074684F
:10951000726561642073757370656E64203C746855
:10952000726561645F69643E004572726F723A539E
:1095300068656C6C207468726561642063616E6E2E
:109540006F7420626520726573756D65640A0054DE
:10955000687265616420257020726573756D65643D
:109560000A00726573756D65006B65726E656C20BF
:1095700074687265616420726573756D65203C74F2
:1095800068726561645F69643E004572726F723A29
:109590005368656C6C207468726561642063616EE9
:1095A0006E6F74206265206B696C6C65640A000ADA
:1095B00020546872656164202570206B696C6C654D
:1095C000640A006B696C6C006B65726E656C20746C
:1095D0006872656164206B696C6C203C74687265AC
:1095E00061645F69643E00524541445900444953F7
:1095F00041424C454400646576696365733A0A00EC
:109600005B25705D002D2025730020204454206EC2
:109610006F6465206C6162656C733A00646576699D
:1096200063650044657669636520636F6D6D616E87
:109630006473004C69737420636F6E66696775723A
:10964000656420646576696365730025642D253043
:1096500032752D2530327520253032753A2530325D
:10966000753A25303275205554430A00496E7661AB
:109670006C696420686F75720A00496E76616C6966
:1096800064206D696E7574650A00496E76616C6957
:1096900064207365636F6E640A00496E76616C695D
:1096A00064206D6F6E74680A00496E76616C69643F
:1096B000206461790A004661696C656420746F20DA
:1096C00063616C63756C617465207365636F6E6450
:1096D000732073696E63652045706F63680A004389
:1096E0006F756C64206E6F74207365742064617490
:1096F000652025640A006461746500446174652016
:10970000636F6D6D616E6473005B592D6D2D645DCB
:10971000203C483A4D3A533E00676574005B6E6FDB
:109720006E655D00574553545F544F504449522F66
:109730007A65706879722F7375627379732F7368A5
:10974000656C6C2F6261636B656E64732F73686503
:109750006C6C5F756172742E630052582072696E72
:1097600067206275666665722066756C6C2E007384
:1097700068656C6C2E7368656C6C5F7561727400E3
:10978000646573683A7E2420007368656C6C5F754D
:109790006172745F6261636B656E640053756263CE
:1097A0006F6D6D616E64733A0A006E6F742074653C
:1097B000726D696E617465643A2025630A00506CAD
:1097C00065617365207370656369667920612073D4
:1097D0007562636F6D6D616E642E0A003A20636F6F
:1097E0006D6D616E64206E6F7420666F756E6400BF
:1097F000546F6F206D616E7920617267756D656E53
:10980000747320696E2074686520636F6D6D616E7E
:10981000642E0A0025733A2077726F6E672070619C
:1098200072616D6574657220636F756E740A00579E
:109830004553545F544F504449522F7A65706879AC
:10984000722F7375627379732F7368656C6C2F73E5
:1098500068656C6C2E63006D6174636820213D2027
:109860002828766F6964202A29302900636F6C7577
:109870006D6E7320213D2030000A25732573006D25
:10988000617463680073682D3E6374782026262017
:1098900073682D3E6966616365005741524E494EBB
:1098A000473A2041207072696E7420726571756547
:1098B00073742077617320646574656374656420D4
:1098C0006F6E206E6F7420616374697665207368B3
:1098D000656C6C206261636B656E642E0A00736850
:1098E0002D3E6374780073682D3E637478202626BD
:1098F0002073682D3E6966616365202626207368A3
:109900002D3E64656661756C745F70726F6D707406
:10991000005368656C6C20746872656164206572C0
:10992000726F723A20256400095468726561642080
:10993000636F6E74657874207265717569726564A1
:109940002E0A007A5F666C61675F636D645F6374A3
:10995000785F67657428736829207C7C20286B5F9A
:1099600063757272656E745F676574282920213D86
:109970002073682D3E6374782D3E746964290073EA
:10998000682D3E667072696E74665F6374780066F7
:109990006D7400506C65617365207072657373201F
:1099A000746865203C5461623E20627574746F6E09
:1099B00020746F2073656520616C6C20617661692D
:1099C0006C61626C6520636F6D6D616E64732E0AED
:1099D00000596F752063616E20616C736F20757321
:1099E0006520746865203C5461623E206275747421
:1099F0006F6E20746F2070726F6D7074206F7220A4
:109A00006175746F2D636F6D706C65746520616C2A
:109A10006C20636F6D6D616E6473206F722069746A
:109A20007320737562636F6D6D616E64732E0A00CF
:109A3000596F752063616E2074727920746F206392
:109A4000616C6C20636F6D6D616E647320776974F7
:109A500068203C2D683E206F72203C2D2D68656C7F
:109A6000703E20706172616D6574657220666F7200
:109A7000206D6F726520696E666F726D6174696FBB
:109A80006E2E0A000A5368656C6C20737570706FD7
:109A900072747320666F6C6C6F77696E67206D658A
:109AA00074612D6B6579733A0A20204374726C20BF
:109AB0002B202861206B65792066726F6D3A2061DA
:109AC00062636465666B6C6E707577290A2020414D
:109AD0006C7420202B202861206B65792066726FC2
:109AE0006D3A206266290A506C6561736520726563
:109AF00066657220746F207368656C6C20646F6398
:109B0000756D656E746174696F6E20666F72206D1D
:109B10006F72652064657461696C732E0A000A4176
:109B20007661696C61626C6520636F6D6D616E64F6
:109B3000733A0A002873682D3E7368656C6C5F6623
:109B40006C6167203D3D205348454C4C5F464C417D
:109B5000475F43524C465F44454641554C5429208B
:109B60007C7C202873682D3E7368656C6C5F666C26
:109B70006167203D3D205348454C4C5F464C414772
:109B80005F4F4C465F43524C462900217A5F666C1A
:109B900061675F636D645F6374785F676574287382
:109BA0006829000946756E6374696F6E2063616E83
:109BB0006E6F742062652063616C6C6564206672F0
:109BC0006F6D20636F6D6D616E6420636F6E746581
:109BD00078740A005072696E747320746865206826
:109BE000656C70206D6573736167652E0057455312
:109BF000545F544F504449522F7A65706879722FE0
:109C00007375627379732F7368656C6C2F736865F5
:109C10006C6C5F7574696C732E6300646C6F632089
:109C2000213D202828766F6964202A293029001BCD
:109C30005B2564256300574553545F544F50444996
:109C4000522F7A65706879722F7375627379732FEA
:109C50007368656C6C2F7368656C6C5F6F70732EC6
:109C6000630073682026262064617461006C656E51
:109C7000677468203E3D20746D705F636E74001BD6
:109C80005B313B3325646D001B5B34303325646DE1
:109C9000007A5F666C61675F73796E635F6D6F6496
:109CA000655F67657428736829207C7C20216B5F61
:109CB00069735F696E5F697372282900202D200027
:109CC0002020004C6F7374206C6F67733A20256CF2
:109CD000750A005B2533645D2025730A006F666694
:109CE0000020756E6B6E6F776E20706172616D65AE
:109CF0007465723A200025733A257325730A00456E
:109D000063686F207374617475733A2025730A0059
:109D1000416374697665207368656C6C2062616369
:109D20006B656E64733A0A0020202532642E203A57
:109D3000257320282573290A00574553545F544F33
:109D4000504449522F7A65706879722F7375627327
:109D500079732F7368656C6C2F7368656C6C5F63C7
:109D60006D64732E63006F626A203C3D205F7368F0
:109D7000656C6C5F6C6973745F656E64004E6F2018
:109D8000726573706F6E73652066726F6D20746894
:109D900065207465726D696E616C2C2061737375DA
:109DA0006D65642038307832342073637265656E77
:109DB0002073697A650A001B5B366E0072657476E3
:109DC000616C005072696E742072657475726E20D9
:109DD00076616C7565206F66206D6F737420726597
:109DE00063656E7420636F6D6D616E6400436F6EAA
:109DF000736F6C652067657473207465726D696E2E
:109E0000616C2073637265656E2073697A65206F7B
:109E10007220617373756D65732064656661756C1E
:109E20007420696E206361736520746865207265B3
:109E300061646F7574206661696C732E20497420AB
:109E40006D757374206265206578656375746564EB
:109E50002061667465722065616368207465726D47
:109E6000696E616C207769647468206368616E67ED
:109E70006520746F20656E7375726520636F7272F2
:109E8000656374207465787420646973706C61799B
:109E90002E00686973746F727900436F6D6D616E27
:109EA0006420686973746F72792E007368656C6CD6
:109EB0000055736566756C2C206E6F7420556E6945
:109EC000782D6C696B65207368656C6C20636F6DB1
:109ED0006D616E64732E00436C65617220736372F2
:109EE00065656E2E0072656D0049676E6F72652044
:109EF0006C696E657320626567696E6E696E672056
:109F000077697468202772656D2027006465666133
:109F1000756C7400417373756D652038302063680B
:109F20006172732073637265656E2077696474680B
:109F300020616E642073656E642074686973207399
:109F4000657474696E6720746F2074686520746529
:109F5000726D696E616C2E006261636B656E647315
:109F6000004C697374206163746976652073686559
:109F70006C6C206261636B656E64732E0A006261B3
:109F8000636B73706163655F6D6F646500546F67C9
:109F9000676C65206261636B7370616365206B65DC
:109FA00079206D6F64652E0A536F6D65207465723C
:109FB0006D696E616C7320617265206E6F742073C1
:109FC000656E64696E672073657061726174652087
:109FD00065736361706520636F646520666F7220CE
:109FE0006261636B737061636520616E6420646598
:109FF0006C65746520627574746F6E2E2054686988
:10A000007320636F6D6D616E6420666F726365733C
:10A01000207368656C6C20746F20696E7465727053
:10A020007265742064656C657465206B6579206168
:10A0300073206261636B73706163652E00636F6C84
:10A040006F727300546F67676C6520636F6C6F721B
:10A0500065642073796E7461782E007674313030C7
:10A0600000546F67676C6520767431303020636F01
:10A070006D6D616E64732E00546F67676C65207040
:10A08000726F6D70742E006563686F00546F676740
:10A090006C65207368656C6C206563686F2E007357
:10A0A00074617473005368656C6C207374617469B7
:10A0B00073746963732E006261636B7370616365AF
:10A0C0000053657420646966666572656E74206508
:10A0D000736361706520636F646520666F722062D0
:10A0E00061636B737061636520616E642064656C8D
:10A0F000657465206B65792E0064656C6574650018
:10A10000536574207468652073616D6520657363A1
:10A1100061706520636F646520666F7220626163A1
:10A120006B737061636520616E642064656C657437
:10A1300065206B65792E00526573657420736865C0
:10A140006C6C207374617469737469637320666FD7
:10A150007220746865204C6F67676572206D6F644C
:10A16000756C652E0073686F77004765742073689F
:10A17000656C6C20737461746973746963732066B1
:10A180006F7220746865204C6F67676572206D6F11
:10A1900064756C652E0044697361626C6520736838
:10A1A000656C6C206563686F2E2045646974696E08
:10A1B00067206B65797320616E64206D6574612D15
:10A1C0006B65797320617265206E6F742068616EB3
:10A1D000646C656400456E61626C65207368656CD3
:10A1E0006C206563686F2E0044697361626C652042
:10A1F00070726F6D70742E00456E61626C652070B8
:10A20000726F6D70742E0044697361626C652076A4
:10A210007431303020636F6D6D616E64732E004554
:10A220006E61626C6520767431303020636F6D6DC5
:10A23000616E64732E0044697361626C6520636FA4
:10A240006C6F7265642073796E7461782E00456E50
:10A2500061626C6520636F6C6F7265642073796EE8
:10A260007461782E00666C617368002A2A2A204285
:10A270006F6F74696E67206E524620436F6E6E6515
:10A2800063742053444B2076332E312E312D6532AA
:10A2900061393766653235373861202A2A2A0A0043
:10A2A0002A2A2A205573696E67205A657068797268
:10A2B000204F532076342E312E39392D666638667C
:10A2C0003063353739656562202A2A2A0A007230E0
:10A2D0002F61313A202030782530387820207231B3
:10A2E0002F61323A202030782530387820207232A1
:10A2F0002F61333A20203078253038780072332FA0
:10A3000061343A2020307825303878207231322F6D
:10A3100069703A2020307825303878207231342F17
:10A320006C723A20203078253038780020787073AD
:10A33000723A202030782530387800735B253264FB
:10A340005D3A20203078253038782020735B253224
:10A35000645D3A20203078253038782020735B25E2
:10A3600032645D3A20203078253038782020735BC5
:10A370002532645D3A2020307825303878006670C8
:10A380007363723A20203078253038780072342F89
:10A3900076313A2020307825303878202072352FD9
:10A3A00076323A2020307825303878202072362FC7
:10A3B00076333A20203078253038780072372F767F
:10A3C000343A2020307825303878202072382F76A3
:10A3D000353A2020307825303878202072392F7691
:10A3E000363A2020307825303878007231302F7698
:10A3F000373A2030782530387820207231312F7666
:10A40000383A20307825303878202020207073703A
:10A410003A2020307825303878004558435F52453F
:10A420005455524E3A203078253078004661756C8C
:10A4300074696E6720696E737472756374696F6E88
:10A44000206164647265737320287231352F7063E4
:10A45000293A2030782530387800556E68616E646E
:10A460006C6564204952516E3A202564002A2A2ADC
:10A470002A2A204D5055204641554C54202A2A2A3C
:10A480002A2A002020537461636B696E672065720D
:10A49000726F722028636F6E7465787420617265C4
:10A4A00061206D69676874206265206E6F74207624
:10A4B000616C696429002020556E737461636B6957
:10A4C0006E67206572726F72002020446174612093
:10A4D0004163636573732056696F6C6174696F6E55
:10A4E0000020204D4D4641522041646472657373D3
:10A4F0003A2030782578002020496E737472756395
:10A5000074696F6E204163636573732056696F6C65
:10A510006174696F6E002020466C6F6174696E67AC
:10A520002D706F696E74206C617A79207374617418
:10A530006520707265736572766174696F6E2065EF
:10A5400072726F7200574553545F544F50444952D2
:10A550002F7A65706879722F617263682F61726DEE
:10A560002F636F72652F636F727465785F6D2F66EE
:10A5700061756C742E6300212828285343425F5470
:10A58000797065202A2920282830784530303045D8
:10A59000303030554C29202B203078304430305525
:10A5A0004C2920292D3E4346535220262028315540
:10A5B0004C203C3C20283055202B2034552929297B
:10A5C0000009537461636B696E67206F7220446188
:10A5D0007461204163636573732056696F6C6174A5
:10A5E000696F6E206572726F7220776974686F751B
:10A5F0007420737461636B2067756172642C2075BD
:10A600007365722D6D6F6465206F72206E756C6C52
:10A610002D706F696E74657220646574656374690A
:10A620006F6E0A0A002A2A2A2A2A205553414745D2
:10A63000204641554C54202A2A2A2A2A0020204408
:10A6400069766973696F6E206279207A65726F002E
:10A650002020556E616C69676E6564206D656D6F55
:10A6600072792061636365737300202053746163A2
:10A670006B206F766572666C6F772028636F6E74DF
:10A680006578742061726561206E6F742076616CEC
:10A690006964290020204E6F20636F70726F6365BC
:10A6A00073736F7220696E737472756374696F6E01
:10A6B00073002020496C6C6567616C206C6F61646D
:10A6C000206F66204558435F52455455524E2069CD
:10A6D0006E746F205043002020496C6C6567616C7C
:10A6E00020757365206F662074686520455053524D
:10A6F000002020417474656D707420746F2065783B
:10A70000656375746520756E646566696E65642041
:10A71000696E737472756374696F6E002A2A2A2ACF
:10A720002A20425553204641554C54202A2A2A2A91
:10A730002A002020537461636B696E672065727212
:10A740006F720020205072656369736520646174C4
:10A750006120627573206572726F7200202042461C
:10A76000415220416464726573733A2030782578D1
:10A77000002020496D70726563697365206461749F
:10A780006120627573206572726F72002020496EBD
:10A79000737472756374696F6E206275732065726D
:10A7A000726F7200526573657276656420457863D6
:10A7B000657074696F6E20280053707572696F75CB
:10A7C0007320696E746572727570742028495251D5
:10A7D000200065736620213D202828766F6964205B
:10A7E0002A293029000945534620636F756C64207F
:10A7F0006E6F742062652072657472696576656437
:10A80000207375636365737366756C6C792E205362
:10A8100068616C6C206E65766572206F636375721B
:10A820002E0A00457863657074696F6E206F6363EC
:10A83000757272656420696E205365637572652058
:10A840005374617465002A2A2A2A2A2048415244F6
:10A85000204641554C54202A2A2A2A2A00202042E8
:10A860007573206661756C74206F6E2076656374F5
:10A870006F72207461626C652072656164002020D3
:10A880004465627567206576656E740020204661B8
:10A89000756C7420657363616C6174696F6E2028D8
:10A8A0007365652062656C6F772900415243485F8C
:10A8B0004558434550542077697468207265617328
:10A8C0006F6E2025780A00094661756C74206573E7
:10A8D00063616C6174696F6E20776974686F7574F9
:10A8E0002046535220696E666F0A000948617264FF
:10A8F0004661756C7420776974686F75742048467A
:10A90000535220696E666F205368616C6C206E65CF
:10A91000766572206F636375720A002A2A2A2A2AD2
:10A92000204465627567206D6F6E69746F72206573
:10A930007863657074696F6E202A2A2A2A2A002A91
:10A940002A2A2A2A20257320256429202A2A2A2A0D
:10A950002A00574553545F544F504449522F7A654B
:10A96000706879722F617263682F61726D2F636FE7
:10A9700072652F636F727465785F6D2F6670752EC8
:10A98000630062756666657220213D202828766F17
:10A990006964202A29302900574553545F544F5089
:10A9A0004449522F7A65706879722F617263682FFB
:10A9B00061726D2F636F72652F636F727465785F5C
:10A9C0006D2F6972715F6D616E6167652E630070D6
:10A9D00072696F203C3D20282831554C203C3C209A
:10A9E00028332929202D2031290009696E76616CD0
:10A9F0006964207072696F726974792025642066B9
:10AA00006F7220256420697271212076616C7565F2
:10AA100073206D757374206265206C657373207488
:10AA200068616E20256C750A0A006D7075004661BC
:10AA3000696C656420746F20616C6C6F6361746510
:10AA4000206E6577204D505520726567696F6E20C6
:10AA500025750A00506172746974696F6E202575DE
:10AA60003A2073616E69747920636865636B206650
:10AA700061696C65642E00496E76616C696420754D
:10AA80006E6465726C79696E6720726567696F6E56
:10AA900020696E64657820257500574553545F54CE
:10AAA0004F504449522F7A65706879722F617263F2
:10AAB000682F61726D2F636F72652F6D70752F61D6
:10AAC000726D5F6D70752E630009436F6E66696706
:10AAD0007572696E672025752073746174696320CF
:10AAE0004D505520726567696F6E73206661696CA1
:10AAF00065640A0A00094D61726B696E67202575ED
:10AB000020617265617320666F722064796E616D79
:10AB1000696320726567696F6E73206661696C6531
:10AB2000640A0A00095265717565737420746F2098
:10AB3000636F6E6669677572653A20257520726568
:10AB400067696F6E732028737570706F72746564B7
:10AB50003A202575290A0A002128726567696F6EF7
:10AB60005B6964785D2E64745F6174747220262062
:10AB70002831554C203C3C202830292929000952F5
:10AB8000414D5F4E4F4341434845207769746820EB
:10AB900044545F4D454D5F434143484541424C4518
:10ABA000206174747269627574650A0A00094661ED
:10ABB000696C656420746F20616C6C6F636174658F
:10ABC000204D505520726567696F6E732066726FF5
:10ABD0006D2044540A0A00464C4153485F300053EC
:10ABE00052414D5F3000574553545F544F504449D4
:10ABF000522F7A65706879722F6C69622F6C696266
:10AC0000632F6E65776C69622F6C6962632D686F64
:10AC10006F6B732E63002828282873697A655F7428
:10AC200029283132382929203C3C20313029202D57
:10AC30002028282875696E747074725F7429202822
:10AC4000265F656E642929202D203078323030321D
:10AC5000303030302929203E3D2032303438000950
:10AC60006D656D6F727920737061636520617661C7
:10AC7000696C61626C6520666F72206E65776C69C5
:10AC8000622068656170206973206C65737320743D
:10AC900068616E20746865206D696E696D756D20E0
:10ACA00072657175697265642073697A6520737065
:10ACB0006563696669656420627920434F4E464941
:10ACC000475F4E45574C49425F4C4942435F4D49AF
:10ACD0004E5F52455155495245445F484541505F8A
:10ACE00053495A450A002A6C6F636B20213D202886
:10ACF00028766F6964202A29302900096E6F6E2D2D
:10AD0000726563757273697665206C6F636B206121
:10AD10006C6C6F636174696F6E206661696C6564E9
:10AD20000A0009726563757273697665206C6F63DA
:10AD30006B20616C6C6F636174696F6E2066616912
:10AD40006C65640A0061626F727428290A005745B5
:10AD500053545F544F504449522F7A65706879724A
:10AD60002F6C69622F706F7369782F6F7074696FC1
:10AD70006E732F626172726965722E63005745535C
:10AD8000545F544F504449522F7A65706879722F3E
:10AD9000696E636C7564652F7A65706879722F735C
:10ADA00079732F74696D657574696C2E68007469A8
:10ADB0006D65737065635F69735F76616C69642844
:10ADC00074732900574553545F544F504449522FD0
:10ADD0007A65706879722F6C69622F706F73697809
:10ADE0002F6F7074696F6E732F636C6F636B5F632B
:10ADF0006F6D6D6F6E2E63005F5F7263203D3D204F
:10AE00003000094661696C656420746F206769765B
:10AE1000652073656D3A2025640A005F5F726320C8
:10AE20003E3D203000094661696C656420746F20E6
:10AE300074616B652073656D3A2025640A0057457F
:10AE400053545F544F504449522F7A657068797259
:10AE50002F696E636C7564652F7A65706879722FDF
:10AE60007379732F73656D2E68002A7263203D3DE0
:10AE7000203100095359535F53454D5F4C4F434BAD
:10AE800020657869746564207769746820676F74D9
:10AE90006F2C20627265616B206F72207265747511
:10AEA000726E2C20757365205359535F53454D5F67
:10AEB0004C4F434B5F425245414B20696E73746562
:10AEC00061642E0A00286120213D202828766F69C0
:10AED00064202A293029292026262074696D65736B
:10AEE0007065635F69735F76616C696428612900CE
:10AEF000286220213D202828766F6964202A293085
:10AF000029292026262074696D65737065635F6941
:10AF1000735F76616C696428622900574553545FFA
:10AF2000544F504449522F7A65706879722F6C697A
:10AF3000622F706F7369782F6F7074696F6E732FE3
:10AF4000656E765F636F6D6D6F6E2E6300706F73ED
:10AF500069785F656E7600706F7369785F74696D8C
:10AF6000657200707468726561645F72776C6F639C
:10AF70006B00574553545F544F504449522F7A65E4
:10AF8000706879722F6C69622F706F7369782F6F98
:10AF90007074696F6E732F636F6E642E63007074CC
:10AFA00068726561645F636F6E6400707468726577
:10AFB00061645F6B657900574553545F544F50444B
:10AFC00049522F7A65706879722F6C69622F706FA1
:10AFD0007369782F6F7074696F6E732F6D757465F8
:10AFE000782E6300707468726561645F6D75746556
:10AFF000780070746872656164007873695F736962
:10B000006E676C655F70726F6365737300736F63F7
:10B0100000667300574553545F544F504449522FB4
:10B020007A65706879722F7375627379732F7261A4
:10B030006E646F6D2F72616E646F6D5F656E74729A
:10B040006F70795F6465766963652E630064657609
:10B050006963655F69735F726561647928656E74A1
:10B06000726F70795F646576290009456E74726F3E
:10B07000707920646576696365202573206E6F742E
:10B080002072656164790A00574553545F544F50EC
:10B090004449522F7A65706879722F696E636C75B6
:10B0A00064652F7A65706879722F6472697665724B
:10B0B000732F656E74726F70792E68006170692DE0
:10B0C0003E6765745F656E74726F707920213D20F4
:10B0D0002828766F6964202A293029000943616C89
:10B0E0006C6261636B20706F696E74657220736847
:10B0F0006F756C64206E6F74206265204E554C4CE9
:10B100000A00574553545F544F504449522F7A65B3
:10B11000706879722F647269766572732F636C6FD1
:10B12000636B5F636F6E74726F6C2F636C6F636BB6
:10B130005F636F6E74726F6C5F6E72662E63007405
:10B14000797065203C20434C4F434B5F434F4E5436
:10B15000524F4C5F4E52465F545950455F434F55D6
:10B160004E5400636C6F636B403530303000636C5D
:10B170006F636B006866636C6B006C66636C6B007E
:10B18000636C6F636B5F636F6E74726F6C00707370
:10B19000612D726E67007073615F726E6700696E19
:10B1A00076616C696420616464726573733A2030FF
:10B1B000782530386C783A257A7500756E616C693F
:10B1C000676E656420616464726573733A203078D9
:10B1D0002530386C783A257A75006E6F7420776F59
:10B1E00072642D616C69676E65643A203078253031
:10B1F000386C783A257A7500666C6173682D636FD8
:10B200006E74726F6C6C657240333930303000662A
:10B210006C6173685F636F6E74726F6C6C657200E3
:10B22000666C6173685F6E726600574553545F5475
:10B230004F504449522F7A65706879722F696E6356
:10B240006C7564652F7A65706879722F647269769F
:10B250006572732F6770696F2F6770696F5F7574A0
:10B26000696C732E680063616C6C6261636B0009CA
:10B270004E6F2063616C6C6261636B210A006361D5
:10B280006C6C6261636B2D3E68616E646C6572000C
:10B29000094E6F2063616C6C6261636B2068616E44
:10B2A000646C6572210A00574553545F544F5044F3
:10B2B00049522F6D6F64756C65732F68616C2F6ECA
:10B2C0006F726469632F6E7266782F68616C2F6E7F
:10B2D00072665F6770696F2E68006E72665F677076
:10B2E000696F5F70696E5F70726573656E745F63BE
:10B2F0006865636B282A705F70696E290057455333
:10B30000545F544F504449522F7A65706879722FB8
:10B31000647269766572732F6770696F2F677069E1
:10B320006F5F6E7266782E6300657272203D3D20FD
:10B330004E5246585F535543434553530063622D65
:10B340003E68616E646C6572006770696F40383486
:10B3500032353030006770696F300000010203043D
:10B360000506074661696C656420746F20616C6C2A
:10B370006F6361746520505049204368616E6E654B
:10B380006C007561727440383030300075617274D1
:10B390003000756172745F6E7266785F7561727489
:10B3A0006500504F5349584C595F434F52524543E3
:10B3B0005400574553545F544F504449522F6E72B6
:10B3C000662F6C69622F6E72665F6D6F64656D5F6C
:10B3D0006C69622F6E72665F6D6F64656D5F6C691C
:10B3E000622E630065203C3D205F6E72665F6D6F6C
:10B3F00064656D5F6C69625F6466755F63625F6CF4
:10B400006973745F656E64004D6F64656D206C696F
:10B41000627261727920696E697469616C697A61BE
:10B4200074696F6E206661696C65642C2065727248
:10B430002025640065203C3D205F6E72665F6D6F65
:10B4400064656D5F6C69625F696E69745F63625F9A
:10B450006C6973745F656E6400574553545F544F55
:10B46000504449522F6E72662F6C69622F6E72665D
:10B470005F6D6F64656D5F6C69622F6E72665F6D84
:10B480006F64656D5F6F732E63006572725F636FCB
:10B490006465203E20300009547269656420746F31
:10B4A00020736574206E65676174697665206572C6
:10B4B000726F7220636F64652C2025640A007573B7
:10B4C0006564203C203800094E6F7420656E6F75EE
:10B4D00067682073656D6170686F72657320696E4F
:10B4E00020676C7565206C617965720A00282828D0
:10B4F000737472756374206B5F73656D202A297392
:10B50000656D2920262620282875696E747074724E
:10B510005F742920286E72665F6D6F64656D5F6F62
:10B52000735F73656D732929203C3D202828756958
:10B530006E747074725F7429202828737472756336
:10B5400074206B5F73656D202A2973656D2929202E
:10B55000262620282875696E747074725F742920FD
:10B560002828737472756374206B5F73656D202A6D
:10B570002973656D2929203C20282875696E74700F
:10B5800074725F7429202826286E72665F6D6F645E
:10B59000656D5F6F735F73656D73295B28287369D1
:10B5A0007A655F742920282828696E7429207369B8
:10B5B0007A656F6628636861725B31202D203220C6
:10B5C0002A202128215F5F6275696C74696E5F743F
:10B5D000797065735F636F6D70617469626C655FCC
:10B5E00070285F5F747970656F665F5F286E726642
:10B5F0005F6D6F64656D5F6F735F73656D73292C2D
:10B60000205F5F747970656F665F5F2826286E72B1
:10B61000665F6D6F64656D5F6F735F73656D7329D2
:10B620005B305D2929295D29202D203129202B20FF
:10B630002873697A656F66286E72665F6D6F6465E0
:10B640006D5F6F735F73656D7329202F2073697A47
:10B65000656F6628286E72665F6D6F64656D5F6FDB
:10B66000735F73656D73295B305D292929295D2915
:10B6700029290009556E696E697469616C69736581
:10B68000642073656D6170686F72650A007573651B
:10B6900064203C203100094E6F7420656E6F756721
:10B6A00068206D75746578657320696E20676C75A8
:10B6B00065206C617965720A002828287374727598
:10B6C0006374206B5F6D75746578202A296D7574BD
:10B6D00065782920262620282875696E7470747272
:10B6E0005F742920286E72665F6D6F64656D5F6F91
:10B6F000735F6D7574657865732929203C3D20283A
:10B700002875696E747074725F74292028287374A8
:10B7100072756374206B5F6D75746578202A296D6E
:10B7200075746578292920262620282875696E7465
:10B730007074725F74292028287374727563742082
:10B740006B5F6D75746578202A296D75746578292D
:10B7500029203C20282875696E747074725F7429E2
:10B76000202826286E72665F6D6F64656D5F6F734B
:10B770005F6D757465786573295B282873697A65D0
:10B780005F742920282828696E74292073697A65D6
:10B790006F6628636861725B31202D2032202A2079
:10B7A0002128215F5F6275696C74696E5F747970BE
:10B7B00065735F636F6D70617469626C655F70283B
:10B7C0005F5F747970656F665F5F286E72665F6D2C
:10B7D0006F64656D5F6F735F6D75746578657329F0
:10B7E0002C205F5F747970656F665F5F2826286E16
:10B7F00072665F6D6F64656D5F6F735F6D757465A5
:10B80000786573295B305D2929295D29202D203138
:10B8100029202B202873697A656F66286E72665F0F
:10B820006D6F64656D5F6F735F6D7574657865735B
:10B8300029202F2073697A656F6628286E72665FEB
:10B840006D6F64656D5F6F735F6D7574657865733B
:10B85000295B305D292929295D2929290009556E8F
:10B86000696E697469616C69736564206D7574656E
:10B87000780A006E72665F6D6F64656D00574553A0
:10B88000545F544F504449522F6E72662F6C696258
:10B890002F6E72665F6D6F64656D5F6C69622F639A
:10B8A00066756E5F686F6F6B732E630065203C3D3D
:10B8B000205F6E72665F6D6F64656D5F6C69625F5D
:10B8C00061745F6366756E5F63625F6C6973745FFA
:10B8D000656E64004D6F64656D206C6962726172A3
:10B8E0007920646964206E6F7420696E697469617F
:10B8F0006C697A653A20256400574553545F544F6C
:10B90000504449522F7A65706879722F696E636C62
:10B910007564652F7A65706879722F6472697665CF
:10B9200072732F6770696F2E680028666C61677389
:10B9300020262028283155203C3C20323129207CEB
:10B9400020283155203C3C20323229207C202831CF
:10B9500055203C3C20323329207C20283155203C86
:10B960003C20323429207C20283155203C3C203298
:10B970003529207C20283155203C3C20323629298D
:10B9800029203D3D20300009496E74657272757042
:10B990007420666C61677320617265206E6F74201D
:10B9A000737570706F727465640A0028666C6167E5
:10B9B00073202620282831203C3C203429207C205C
:10B9C0002831203C3C203529292920213D202828C8
:10B9D00031203C3C203429207C202831203C3C2054
:10B9E000352929000950756C6C20557020616E64F2
:10B9F0002050756C6C20446F776E2073686F756C87
:10BA000064206E6F7420626520656E61626C65648F
:10BA10002073696D756C74616E656F75736C790AEE
:10BA200000212828666C6167732026202831552064
:10BA30003C3C2031362929202626202128666C61AD
:10BA40006773202620283155203C3C203137292996
:10BA50002026262028666C61677320262028312046
:10BA60003C3C20312929290009496E7075742063F6
:10BA7000616E6E6F7420626520656E61626C6564D4
:10BA800020666F7220274F70656E20447261696E68
:10BA9000272C20274F70656E20536F7572636527C2
:10BAA000206D6F64657320776974686F7574204FBB
:10BAB00075747075740A0028666C6167732026209F
:10BAC0002831203C3C2031292920213D2030207C78
:10BAD0007C2028666C6167732026202831203C3C3E
:10BAE00020322929203D3D20300028666C61677393
:10BAF00020262028283155203C3C20313829207C24
:10BB000020283155203C3C203139292929203D3D30
:10BB10002030207C7C2028666C61677320262028DA
:10BB20003155203C3C203137292920213D2030004F
:10BB3000094F7574707574206E6565647320746F39
:10BB400020626520656E61626C656420746F20629E
:10BB50006520696E697469616C697A6564206C6FCF
:10BB600077206F7220686967680A0028666C6167D1
:10BB70007320262028283155203C3C2031382920AC
:10BB80007C20283155203C3C20313929292920218D
:10BB90003D2028283155203C3C20313829207C206C
:10BBA000283155203C3C203139292900094F757432
:10BBB0007075742063616E6E6F7420626520696EAB
:10BBC000697469616C697A6564206C6F7720616E55
:10BBD0006420686967680A00286366672D3E706F95
:10BBE00072745F70696E5F6D61736B2026202867C9
:10BBF00070696F5F706F72745F70696E735F7429C4
:10BC00002831554C203C3C202870696E2929292078
:10BC1000213D2030550009556E737570706F727438
:10BC200065642070696E0A004C454420696E646545
:10BC300078206F7574206F66207468652072616E5D
:10BC400067650043616E6E6F74207772697465205A
:10BC50004C4544206770696F0043616E6E6F7420BD
:10BC6000636F6E666967757265204C454420677026
:10BC7000696F00646B5F627574746F6E735F616E81
:10BC8000645F6C656473004661696C656420746F01
:10BC900020686F6F6B2074686520646973706174CD
:10BCA00063682066756E6374696F6E2C20657272AE
:10BCB00020256400574553545F544F504449522F38
:10BCC0006E72662F6C69622F61745F6D6F6E69743E
:10BCD0006F722F61745F6D6F6E69746F722E630087
:10BCE00065203C3D205F61745F6D6F6E69746F729B
:10BCF0005F656E7472795F6C6973745F656E640002
:10BD00004E6F206865617020737061636520666F97
:10BD10007220696E636F6D696E67206E6F746966FD
:10BD200069636174696F6E3A2025730061745F6E98
:10BD30006F74696600094E6F2068656170207370CA
:10BD400061636520666F7220696E636F6D696E67EF
:10BD5000206E6F74696669636174696F6E3A20253D
:10BD6000730A006E6F74696620213D202828766F63
:10BD70006964202A2930290061745F6D6F6E6974CF
:10BD80006F72006576656E74735F656E61626C6577
:10BD900000415420636F6D6D616E64206576656E41
:10BDA000742068616E646C657220656E61626C659A
:10BDB000640A006576656E74735F64697361626CB2
:10BDC0006500415420636F6D6D616E64206576651A
:10BDD0006E742068616E646C657220646973616260
:10BDE0006C65640A0053656E64696E672041542077
:10BDF000636F6D6D616E64206661696C6564207748
:10BE0000697468206572726F7220636F64652025A3
:10BE1000640A00574553545F544F504449522F6EA3
:10BE200072662F6C69622F61745F7368656C6C2F2A
:10BE300061745F7368656C6C2E6300676C6F626120
:10BE40006C5F7368656C6C20213D202828766F69D3
:10BE500064202A2930290009676C6F62616C5F7366
:10BE600068656C6C20686173206E6F742062656514
:10BE70006E2073657420746F20612076616C696434
:10BE8000207368656C6C0A004154206576656E7499
:10BE90002068616E646C65723A0A25730A006174E9
:10BEA000004578656375746520616E204154206398
:10BEB0006F6D6D616E640055736167653A206174E2
:10BEC000203C737562636F6D6D616E643E0A0A5348
:10BED0007562636F6D6D616E64733A0A20206576DA
:10BEE000656E74735F656E61626C65202020202032
:10BEF000456E61626C65204154206576656E7420E4
:10BF000068616E646C65722077686963682070721E
:10BF1000696E7473204154206E6F74696669636141
:10BF200074696F6E730A20206576656E74735F6442
:10BF3000697361626C652020202044697361626CC2
:10BF400065204154206576656E742068616E646C6E
:10BF500065720A0A416E79206F7468657220737584
:10BF600062636F6D6D616E6420697320696E7465C4
:10BF70007270726574656420617320415420636F30
:10BF80006D6D616E6420616E642073656E742074E3
:10BF90006F20746865206D6F64656D2E0A004661C0
:10BFA000696C656420746F2073657420636F6E66BE
:10BFB000696775726174696F6E20286572723A20C4
:10BFC000256429006D6F64656D5F616E74656E6ECA
:10BFD000610054462D4D206E6F6E2D736563757232
:10BFE000652063616C6C6261636B20696E69746962
:10BFF000616C697A6174696F6E206661696C6564F1
:10C000002C206572726F723A202564002A2A2A2A2F
:10C010002A20534543555245204641554C54202A29
:10C020002A2A2A2A002020416464726573733A2008
:10C0300030782578002020496E76616C696420652F
:10C040006E74727920706F696E74002020496E766C
:10C05000616C696420696E746567726974792073B4
:10C0600069676E6174757265002020496E76616C37
:10C07000696420657863657074696F6E2072657499
:10C0800075726E0020204174747269627574696FF4
:10C090006E20756E69742076696F6C6174696F6E5D
:10C0A000002020496E76616C6964207472616E7341
:10C0B0006974696F6E0020204C617A792073746115
:10C0C000746520707265736572766174696F6E0055
:10C0D00020204C617A7920737461746520657272D6
:10C0E0006F72002A2A2A2A2A2053505520494E547A
:10C0F000455252555054202A2A2A2A2A00202053D9
:10C10000656375726974792076696F6C6174696FA3
:10C110006E20666F722074686520666C617368209B
:10C120006D656D6F727920737061636500202053B7
:10C13000656375726974792076696F6C6174696F73
:10C140006E20666F72207468652052414D206D65C7
:10C150006D6F727920737061636500202053656391
:10C1600075726974792076696F6C6174696F6E207D
:10C170006F6E206F6E65206F7220736576657261D9
:10C180006C207065726970686572616C732E0057FF
:10C190004553545F544F504449522F6E72662F6D71
:10C1A0006F64756C65732F747275737465642D6636
:10C1B00069726D776172652D6D2F6661756C742E75
:10C1C0006300675F636F6E746578742E76616C6967
:10C1D0006400094E6F6E2D7365637572652063612F
:10C1E0006C6C6261636B20776974686F757420761C
:10C1F000616C696420636F6E746578740A005745DA
:10C2000053545F544F504449522F6D6F64756C65A1
:10C21000732F68616C2F6E6F726469632F6E726624
:10C22000782F68616C2F6E72665F647070692E681B
:10C23000006368616E6E656C203C206E72665F64A0
:10C240007070695F6368616E6E656C5F6E756D625C
:10C2500065725F67657428705F726567290057456E
:10C2600053545F544F504449522F6D6F64756C6541
:10C27000732F68616C2F6E6F726469632F6E7266C4
:10C28000782F68656C706572732F6E7266785F6761
:10C290007070695F647070692E6300746570005718
:10C2A0004553545F544F504449522F6D6F64756C21
:10C2B00065732F68616C2F6E6F726469632F6E7285
:10C2C00066782F647269766572732F7372632F6E4E
:10C2D0007266785F636C6F636B2E630057455354CF
:10C2E0005F544F504449522F6D6F64756C65732FC6
:10C2F00068616C2F6E6F726469632F6E7266782F3F
:10C3000068616C2F6E72665F636C6F636B2E680082
:10C310006D5F636C6F636B5F63622E6D6F64756CD2
:10C32000655F696E697469616C697A656400574517
:10C3300053545F544F504449522F6D6F64756C6570
:10C34000732F68616C2F6E6F726469632F6E7266F3
:10C35000782F68616C2F6E72665F6770696F7465A5
:10C360002E6800696E646578203C2038005745537C
:10C37000545F544F504449522F6D6F64756C657310
:10C380002F68616C2F6E6F726469632F6E726678AE
:10C390002F647269766572732F7372632F6E726683
:10C3A000785F6770696F74652E630070696E5F698E
:10C3B000735F696E70757428705F696E7374616EF7
:10C3C00063652C2070696E290070696E5F68617307
:10C3D0005F7472696767657228705F696E737461F4
:10C3E0006E63652C2070696E2900705F6368616EF2
:10C3F0006E656C00705F696E7374616E63652D3E6F
:10C40000705F726567203D3D2028284E52465F4789
:10C4100050494F54455F547970652A29203078344B
:10C4200030303331303030554C2900696E745F65DF
:10C430006E61626C6500574553545F544F504449D8
:10C44000522F6D6F64756C65732F68616C2F6E6F02
:10C45000726469632F6E7266782F64726976657292
:10C46000732F7372632F6E7266785F6970632E63C9
:10C4700000705F636F6E666967006D5F63622E7345
:10C4800074617465203D3D204E5246585F445256BB
:10C490005F53544154455F494E495449414C495AB0
:10C4A000454400574553545F544F504449522F6DF3
:10C4B0006F64756C65732F68616C2F6E6F72646941
:10C4C000632F6E7266782F68616C2F6E72665F697B
:10C4D00070632E6800574553545F544F504449527F
:10C4E0002F6D6F64756C65732F68616C2F6E6F7242
:10C4F0006469632F6E7266782F64726976657273F1
:10C500002F7372632F6E7266785F6E766D632E6323
:10C510000062797465735F636F756E74203C3D20B3
:10C520002834202D20627974655F736869667429E8
:10C530000069735F76616C69645F616464726573DE
:10C540007328616464722C2030290069735F7661FE
:10C550006C69645F6164647265737328616464729A
:10C560002C203129006E7266785F69735F776F7275
:10C57000645F616C69676E65642828766F69642002
:10C58000636F6E7374202A296164647229004154B8
:10C590002B4346554E3D004F4B0D0A004552524F1E
:10C5A000520D0A002B434D45204552524F523A003E
:10C5B0002B434D53204552524F523A005745535446
:10C5C0005F544F504449522F7A65706879722F6BCF
:10C5D00065726E656C2F6465766963652E630064B1
:10C5E0006576203C3D205F6465766963655F6C69B4
:10C5F00073745F656E640048616C74696E67207364
:10C60000797374656D00556E6B6E6F776E20657211
:10C61000726F7200756E6B6E6F776E003E3E3E20DD
:10C620005A455048595220464154414C2045525297
:10C630004F522025643A202573206F6E20435055B9
:10C64000202564004661756C7420647572696E679C
:10C6500020696E746572727570742068616E646CA6
:10C66000696E670A0043757272656E742074687231
:10C670006561643A202570202825732900574553A9
:10C68000545F544F504449522F7A65706879722F25
:10C690006B65726E656C2F666174616C2E630072DF
:10C6A0006561736F6E20213D204B5F4552525F4B99
:10C6B00045524E454C5F50414E4943000941747408
:10C6C000656D7074656420746F207265636F766544
:10C6D000722066726F6D2061206B65726E656C20D2
:10C6E00070616E696320636F6E646974696F6E0A4E
:10C6F0000043505520657863657074696F6E00550E
:10C700006E68616E646C656420696E7465727275C2
:10C71000707400537461636B206F766572666C6F22
:10C7200077004B65726E656C206F6F7073004B65A0
:10C73000726E656C2070616E696300574553545F7B
:10C74000544F504449522F7A65706879722F6B6547
:10C75000726E656C2F696E69742E63007468726501
:10C7600061645F64617461203C3D205F5F7374614C
:10C770007469635F7468726561645F646174615F4A
:10C780006C6973745F656E640069646C65006D61EB
:10C79000696E006F7300574553545F544F504449BE
:10C7A000522F7A65706879722F6B65726E656C2F87
:10C7B0006B686561702E630021617263685F6973E5
:10C7C0005F696E5F6973722829207C7C2028287439
:10C7D000696D656F7574292E7469636B73203D3DB7
:10C7E000202828286B5F74696D656F75745F7429E4
:10C7F000207B307D29292E7469636B732900090A17
:10C800000068656170203C3D205F6B5F686561700A
:10C810005F6C6973745F656E6400574553545F5471
:10C820004F504449522F7A65706879722F6B657248
:10C830006E656C2F6D656D5F736C61622E63007346
:10C840006C6162203C3D205F6B5F6D656D5F736C5A
:10C8500061625F6C6973745F656E64005745535421
:10C860005F544F504449522F7A65706879722F6B2C
:10C8700065726E656C2F69646C652E63005F6B6515
:10C88000726E656C2E637075735B305D2E637572AE
:10C8900072656E742D3E626173652E7072696F20D1
:10C8A0003E3D203000574553545F544F5044495249
:10C8B0002F7A65706879722F6B65726E656C2F695F
:10C8C0006E636C7564652F6B73636865642E6800B6
:10C8D0007468726561642D3E626173652E70656E69
:10C8E0006465645F6F6E00574553545F544F504406
:10C8F00049522F7A65706879722F6B65726E656C1C
:10C900002F6D73675F712E630021617263685F69C9
:10C9100072715F756E6C6F636B6564286B657929E6
:10C92000006D7367712D3E77726974655F70747204
:10C93000203E3D206D7367712D3E6275666665729F
:10C940005F7374617274202626206D7367712D3EAB
:10C9500077726974655F707472203C206D736771C3
:10C960002D3E6275666665725F656E64005745535D
:10C97000545F544F504449522F7A65706879722F32
:10C980006B65726E656C2F6D757465782E63002112
:10C99000617263685F69735F696E5F69737228298A
:10C9A00000096D7574657865732063616E6E6F74D0
:10C9B000206265207573656420696E736964652003
:10C9C000495352730A006D757465782D3E6C6F6320
:10C9D0006B5F636F756E74203E2030550057455372
:10C9E000545F544F504449522F7A65706879722FC2
:10C9F0006B65726E656C2F73656D2E630028286100
:10CA00007263685F69735F696E5F6973722829205A
:10CA10003D3D203029207C7C20282874696D656F7D
:10CA20007574292E7469636B73203D3D2028282876
:10CA30006B5F74696D656F75745F7429207B307DE1
:10CA400029292E7469636B73292900574553545F54
:10CA5000544F504449522F7A65706879722F6B6534
:10CA6000726E656C2F776F726B2E6300776F726BCF
:10CA70002D3E717565756520213D202828766F69EA
:10CA800064202A29302900776F726B2D3E68616E11
:10CA9000646C657220213D202828766F6964202A05
:10CAA0002930290021666C61675F746573742826DC
:10CAB00071756575652D3E666C6167732C204B5FE3
:10CAC000574F524B5F51554555455F535441525452
:10CAD00045445F424954290071756575650073745A
:10CAE00061636B0064776F726B20213D202828768C
:10CAF0006F6964202A293029002B00574553545F61
:10CB0000544F504449522F7A65706879722F6B6583
:10CB1000726E656C2F7468726561642E63002828DC
:10CB200028287072696F2929203D3D203135202643
:10CB300026207A5F69735F69646C655F74687265EB
:10CB400061645F656E7472792828656E74727929E4
:10CB50002929207C7C202828283135202D203129A6
:10CB6000203E3D2028282D3136292929202626201F
:10CB700028287072696F2929203E3D2028282D31F0
:10CB80003629292026262028287072696F29292015
:10CB90003C3D20283135202D2031292929000969E3
:10CBA0006E76616C6964207072696F726974792045
:10CBB000282564293B20616C6C6F77656420726165
:10CBC0006E67653A20256420746F2025640A000989
:10CBD00054687265616473206D6179206E6F742092
:10CBE0006265206372656174656420696E204953D3
:10CBF00052730A0064756D6D7900736C65657069B8
:10CC00006E6700646561640073757370656E64655A
:10CC1000640061626F7274696E670073757370652A
:10CC20006E64696E6700717565756564005745537C
:10CC3000545F544F504449522F7A65706879722F6F
:10CC40006B65726E656C2F73636865642E6300217B
:10CC50007A5F69735F69646C655F7468726561644B
:10CC60005F6F626A65637428746872656164290025
:10CC7000574553545F544F504449522F7A6570685A
:10CC800079722F6B65726E656C2F696E636C75645B
:10CC9000652F6B7468726561642E68005F6B6572E6
:10CCA0006E656C2E637075735B305D2E637572728A
:10CCB000656E7420213D202828766F6964202A291A
:10CCC00030290073697A656F66285F7363686564ED
:10CCD0005F7370696E6C6F636B29203D3D2030205F
:10CCE0007C7C206C6F636B20213D20265F73636822
:10CCF00065645F7370696E6C6F636B005F6B657208
:10CD00006E656C2E637075735B305D2E6375727229
:10CD1000656E742D3E626173652E73636865645F32
:10CD20006C6F636B656420213D203155005F6B653E
:10CD3000726E656C2E637075735B305D2E637572F9
:10CD400072656E742D3E626173652E7363686564EF
:10CD50005F6C6F636B656420213D2030550021744A
:10CD600065726D696E617465000961626F727465E8
:10CD700064205F63757272656E74206261636B20FC
:10CD800066726F6D20646561640A00216573736566
:10CD90006E7469616C000961626F7274656420650C
:10CDA0007373656E7469616C207468726561642068
:10CDB00025700A00574553545F544F504449522F31
:10CDC0007A65706879722F6B65726E656C2F746905
:10CDD0006D65736C6963696E672E630028287469DA
:10CDE0006D656F75742920262620282875696E7454
:10CDF0007074725F74292028736C6963655F74694D
:10CE00006D656F7574732929203C3D20282875694C
:10CE10006E747074725F7429202874696D656F7503
:10CE200074292920262620282875696E747074724A
:10CE30005F7429202874696D656F75742929203CF9
:10CE400020282875696E747074725F7429202826F2
:10CE500028736C6963655F74696D656F7574732998
:10CE60005B282873697A655F742920282828696EF1
:10CE700074292073697A656F6628636861725B3113
:10CE8000202D2032202A202128215F5F6275696CC5
:10CE900074696E5F74797065735F636F6D706174D0
:10CEA00069626C655F70285F5F747970656F665F3B
:10CEB0005F28736C6963655F74696D656F75747302
:10CEC000292C205F5F747970656F665F5F28262864
:10CED000736C6963655F74696D656F757473295BE5
:10CEE000305D2929295D29202D203129202B20285A
:10CEF00073697A656F6628736C6963655F74696DC1
:10CF0000656F75747329202F2073697A656F6628A1
:10CF100028736C6963655F74696D656F75747329D7
:10CF20005B305D292929295D2929202626202828EA
:10CF30002875696E747074725F7429202874696D25
:10CF4000656F75742929202D20282875696E7470E5
:10CF500074725F74292028736C6963655F74696DEE
:10CF6000656F75747329292920252073697A656F87
:10CF7000662828736C6963655F74696D656F757485
:10CF800073295B305D29203D3D20302900574553F2
:10CF9000545F544F504449522F7A65706879722F0C
:10CFA0006B65726E656C2F7468726561645F6D6F1E
:10CFB0006E69746F722E6300757365725F636220B1
:10CFC000213D202828766F6964202A29302900090C
:10CFD000757365725F63622063616E206E6F74208B
:10CFE0006265204E554C4C0A00574553545F544FD0
:10CFF000504449522F7A65706879722F6B65726E52
:10D00000656C2F74696D656F75742E63002173797B
:10D01000735F646E6F64655F69735F6C696E6B6587
:10D02000642826746F2D3E6E6F6465290057455342
:10D03000545F544F504449522F7A65706879722F6B
:10D040006B65726E656C2F706F6C6C2E6300096976
:10D050006E76616C6964206576656E742074797093
:10D0600065202830782578290A0A006576656E746F
:10D070002D3E73656D20213D202828766F69642040
:10D080002A2930290009696E76616C69642073650C
:10D090006D6170686F72650A0A006576656E742D41
:10D0A0003E717565756520213D202828766F69647D
:10D0B000202A2930290009696E76616C6964207123
:10D0C000756575650A0A006576656E742D3E73692F
:10D0D000676E616C20213D202828766F6964202AC4
:10D0E0002930290009696E76616C696420706F6C63
:10D0F0006C207369676E616C0A0A006576656E74F0
:10D100002D3E6D73677120213D202828766F69645C
:10D11000202A2930290009696E76616C6964206DC6
:10D120006573736167652071756575650A0A0065C9
:10D1300076656E742D3E7069706520213D2028282B
:10D14000766F6964202A2930290009696E76616C3E
:10D15000696420706970650A0A0009696E76616CFD
:10D160006964206576656E7420747970650A0A00BA
:10D170006D6F6465203D3D204B5F504F4C4C5F4DC3
:10D180004F44455F4E4F544946595F4F4E4C5900EE
:10D19000096F6E6C79204E4F544946595F4F4E4C83
:10D1A00059206D6F646520697320737570706F729C
:10D1B0007465640A0A0074797065203C202828315F
:10D1C000554C203C3C20285F504F4C4C5F4E554DF9
:10D1D0005F54595045532929290009696E76616CBD
:10D1E000696420747970650A0A006F626A20213DC3
:10D1F000202828766F6964202A29302900096D7556
:10D2000073742070726F7669646520616E206F623E
:10D210006A6563740A0A006576656E747320213D41
:10D22000202828766F6964202A29302900094E5564
:10D230004C4C206576656E74730A0A006E756D5FDE
:10D240006576656E7473203E3D203000093C3020C9
:10D250006576656E74730A0A00574553545F544FE0
:10D26000504449522F7A65706879722F6B65726EDF
:10D27000656C2F6D656D706F6F6C2E630028616C2F
:10D2800069676E20262028616C69676E202D203129
:10D290002929203D3D20300009616C69676E206DB1
:10D2A000757374206265206120706F776572206FDE
:10D2B0006620320A00616C69676E203D3D20302097
:10D2C0007C7C20282875696E747074725F74296D77
:10D2D000656D20262028616C69676E202D2031291C
:10D2E00029203D3D203000096D6973616C69676ECE
:10D2F0006564206D656D6F727920617420257020E2
:10D3000028616C69676E203D20257A75290A0073B3
:10D310007973776F726B710000202020202020200D
:10D3200020202828282828202020202020202020D5
:10D3300020202020202020202088101010101010E5
:10D340001010101010101010100404040404040431
:10D3500004040410101010101010414141414141CB
:10D3600001010101010101010101010101010101AD
:10D3700001010101101010101010424242424242BD
:10D38000020202020202020202020202020202027D
:10D390000202020210101010200000000000000025
:10D3A000000000000000000000000000000000007D
:10D3B000000000000000000000000000000000006D
:10D3C000000000000000000000000000000000005D
:10D3D000000000000000000000000000000000004D
:10D3E000000000000000000000000000000000003D
:10D3F000000000000000000000000000000000002D
:10D40000000000000000000000000000000000001C
:10D41000000000000000000000232D302B200068D9
:10D420006C4C0065666745464700494E46004E41D4
:10D430004E006E616E003031323334353637383954
:10D440004142434445460030313233343536373873
:10D45000396162636465660065256C6400496E66C7
:10D46000696E697479004E614E005245454E5420F4
:10D470006D616C6C6F63207375636365656465646F
:10D48000002F5F5F772F5F74656D702F776F726B02
:10D4900073706163652F6275696C642F2E627569A4
:10D4A0006C642F61726D2D7A65706879722D65617B
:10D4B00062692F7372632F6E65776C69622D6E617E
:10D4C0006E6F2F6E65776C69622F6C6962632F7364
:10D4D00074646C69622F64746F612E630042616CC6
:10D4E0006C6F6320737563636565646564002F5FAB
:10D4F0005F772F5F74656D702F776F726B737061DC
:10D5000063652F6275696C642F2E6275696C642F78
:10D5100061726D2D7A65706879722D656162692F0F
:10D520007372632F6E65776C69622D6E616E6F2FFB
:10D530006E65776C69622F6C6962632F7374646CBB
:10D5400069622F6764746F612D6765746865782EF2
:10D550006300504F534958002F5F5F772F5F74650A
:10D560006D702F776F726B73706163652F62756971
:10D570006C642F2E6275696C642F61726D2D7A65F3
:10D58000706879722D656162692F7372632F6E65A1
:10D59000776C69622D6E616E6F2F6E65776C696254
:10D5A0002F6C6962632F7374646C69622F6D707283
:10D5B00065632E6300412D46612D66383930313266
:10D5C00033343536375D002B2D007858002C20661B
:10D5D000756E6374696F6E3A20006173736572745F
:10D5E000696F6E2022257322206661696C65643A3A
:10D5F0002066696C6520222573222C206C696E657B
:10D60000202564257325730A00000000C144020030
:10D6100000000000D1D4000000000000094B02000F
:04D620000000000006
:10D63C0078563412260000000100010000000000A2
:10D64C00014B0000DA070000ABFFFFFFB9FFFFFF43
:10D65C00F4FFFFFF0000000000000000A0252600E2
:10D66C0004041204000000008813000000000000F5
:10D67C00000000000000000000000000000000009E
:10D68C00000000000000000000000000000000008E
:10D69C00716B030001000000000000006E00000030
:10D6AC000A6E03000100000000000000740000007E
:10D6BC00776B030001000000000000006200000016
:10D6CC00806B0300010000000000000064000000FB
:10D6DC00B769030001000000000000006D000000AD
:10D6EC00DD6C0300010000000000000009000000D8
:10D6FC00D76D030001000000000000000A000000CC
:10D70C00E06D030001000000000000000B000000B1
:10D71C008B6B0300010000000000000004000000FF
:10D72C00A76B0300010000000000000005000000D2
:10D73C00C46B0300010000000000000007000000A3
:10D74C00E96B03000100000000000000060000006F
:10D75C00086C03000100000000000000080000003D
:10D76C002D6C030001000000000000000000000010
:10D77C003C6C0300010000000000000001000000F0
:10D78C004E6C0300010000000000000002000000CD
:10D79C00606C0300010000000000000003000000AA
:10D7AC00BA54030000000000000000000C00000050
:10D7BC0079A80400000000000000000072000000C6
:10D7CC007B6C03000100000000000000E903000076
:10D7DC00866C03000100000000000000EA0300005A
:10D7EC008B6C03000100000000000000EB03000044
:10D7FC00916C03000100000000000000EC0300002D
:10D80C00996C03000100000000000000F20300000E
:10D81C00A26C03000100000000000000F3030000F4
:10D82C00AB6C03000100000000000000F4030000DA
:10D83C00B46C03000100000000000000F5030000C0
:10D84C00BD6C03000100000000000000F6030000A6
:10D85C00C66C03000100000000000000F70300008C
:10D86C0000000000000000000000000000000000AC
:10D87C00CF6C0300010000000000000074000000E9
:10D88C00DB6C0300010000000000000065000000DC
:10D89C00EF6C0300000000000000000066000000B8
:10D8AC00F56C0300000000000000000061000000A7
:10D8BC00466C03000100000000000000E9030000BA
:10D8CC00586C03000100000000000000EA03000097
:10D8DC00066D03000000000000000000EB030000D8
:10D8EC00000000000000000000000000000000002C
:10D8FC00116D03000000000000000000E9030000AF
:10D90C00246D03000000000000000000EA0300008A
:10D91C00466C03000100000000000000EB03000057
:10D92C00586C03000100000000000000EC03000034
:10D93C00EF6C030000000000000000006600000017
:10D94C003F6D0300000000000000000061000000BB
:10D95C0000000000000000000000000000000000BB
:10D96C00556D0300000000000000000030000000B6
:10D97C00616D030000000000000000003100000099
:10D98C007A6D03000000000000000000320000006F
:10D99C00000000000000000000000000000000007B
:10D9AC008F6D030000000000000000006300000009
:10D9BC00966D0300000000000000000073000000E2
:10D9CC009D6D030000000000000000006D000000D1
:10D9DC00A76D0300000000000000000061000000C3
:10D9EC00E27804000100000000000000D1070000F4
:10D9FC00B06D030001000000000000007400000086
:10DA0C00BA6D03000100000000000000D207000006
:10DA1C00C26D03000100000000000000690000005E
:10DA2C00CD6D030001000000000000006C00000040
:10DA3C00D56D03000100000000000000D4070000B9
:10DA4C00DE6D03000100000000000000D50700009F
:10DA5C00E76D03000100000000000000D607000085
:10DA6C00F76D03000100000000000000D707000064
:10DA7C00DD6C0300010000000000000065000000E8
:10DA8C00086E03000100000000000000D807000031
:10DA9C00106E03000100000000000000DA07000017
:10DAAC00326E03000000000000000000D9070000E7
:10DABC00000000000000000000000000000000005A
:10DACC00436E030001000000000000006D00000028
:10DADC004B6E03000100000000000000BC0B0000B6
:10DAEC000A6E03000100000000000000740000003A
:10DAFC00E278040001000000000000006300000058
:10DB0C00DD6C030001000000000000006500000057
:10DB1C00586E0300000000000000000073000000BD
:10DB2C00D76D030001000000000000007000000031
:10DB3C00E06D03000100000000000000BD0B0000C0
:10DB4C00656E03000100000000000000B90B00002E
:10DB5C00786E03000100000000000000BA0B00000A
:10DB6C00956E03000000000000000000BB0B0000DD
:10DB7C00A06E03000100000000000000BE0B0000BE
:10DB8C00B66E03000100000000000000BF0B000097
:10DB9C00C76E03000100000000000000C00B000075
:10DBAC00DD6E03000100000000000000C10B00004E
:10DBBC00F36E03000100000000000000C20B000027
:10DBCC00046F03000100000000000000C30B000004
:10DBDC000000000000000000000000000000000039
:10DBEC008F6D0300000000000000000063000000C7
:10DBFC00966D0300000000000000000073000000A0
:10DC0C00A76D030000000000000000006100000090
:10DC1C001A6F030000000000000000006400000008
:10DC2C00206F0300010000000000000074000000E1
:10DC3C00DD6C030001000000000000006500000026
:10DC4C00086E03000100000000000000DB0700006C
:10DC5C00E27804000100000000000000D107000081
:10DC6C00CD6D03000100000000000000D207000091
:10DC7C00296F03000100000000000000D70700001E
:10DC8C00356F03000100000000000000D807000001
:10DC9C00446F03000100000000000000D3070000E7
:10DCAC00606F03000100000000000000D4070000BA
:10DCBC00826F03000100000000000000DE0700007E
:10DCCC00996F03000100000000000000D507000060
:10DCDC00BB6F03000100000000000000D60700002D
:10DCEC008B6B03000100000000000000DC0700004B
:10DCFC00A76B03000100000000000000DD0700001E
:10DD0C00D56D03000100000000000000D9070000E1
:10DD1C00DE6D03000100000000000000DA070000C7
:10DD2C0000000000000000000000000000000000E7
:10DD3C00A1FE03000000000000000000D50E010051
:10DD4C00000000000000000000000000689C0400BF
:10DD5C00010000000000000064000000D76D03000B
:10DD6C00010000000000000070000000E06D0300E6
:10DD7C0001000000000000006D0000002E390400BE
:10DD8C00010000000000000074000000C46D0300DE
:10DD9C000100000000000000690000003939040097
:10DDAC0000000000000000006A00000000000000FD
:10DDBC00000000000000000000000000D76D030010
:10DDCC00010000000000000070000000E06D030086
:10DDDC0001000000000000006D0000002E3904005E
:10DDEC0001000000000000007400000000000000B2
:10DDFC00000000000000000000000000D76D0300D0
:10DE0C00010000000000000070000000E06D030045
:10DE1C0001000000000000006D0000002E3904001D
:10DE2C000100000000000000740000000000000071
:10DE3C00000000000000000000000000D76D03008F
:10DE4C000100000000000000700000000000000055
:10DE5C00000000000000000000000000D16C030076
:10DE6C00010000000000000074000000DD6C0300E5
:10DE7C0001000000000000006500000046390400AD
:10DE8C00000000000000000044000000EF6C0300E4
:10DE9C00000000000000000066000000466C03005B
:10DEAC000100000000000000E9030000586C0300B2
:10DEBC000100000000000000EA0300000000000068
:10DECC0000000000000000000000000079A8040021
:10DEDC00000000000000000072000000F95804006F
:10DEEC00010000000000000074000000856B0300BE
:10DEFC0001000000000000006400000083810400A9
:10DF0C000100000000000000E90300008C81040007
:10DF1C000100000000000000EA0300000000000007
:10DF2C000000000000000000000000003081040030
:10DF3C00000000000000000085B1010015FA02008D
:10DF4C000000000000000000E5FE020000000000E0
:10DF5C00244A03000100000068E4002068E400206B
:10DF6C0000000000000000000E0000007CE4002017
:10DF7C007CE4002000000000000000000000000015
:10DF8C00244A03000100000098E4002098E40020DB
:10DF9C0000000000000000000E000000ACE40020B7
:10DFAC00ACE40020000000000000000000000000B5
:10DFBC00244A030001000000C8E40020C8E400204B
:10DFCC0000000000000000000E000000DCE4002057
:10DFDC00DCE4002000000000000000000000000055
:10DFEC000000000000000000000000000000000025
:10DFFC000000000000000000000000000000000015
:10E00C000000000000000000000000000000000004
:10E01C0000000000000000000000000000000000F4
:10E02C0000000000000000000000000000000000E4
:10E03C0000000000000000000000000000000000D4
:10E04C0000000000000000000000000000000000C4
:10E05C0000000000000000000000000000000000B4
:10E06C0000000000000000000000000000000000A4
:10E07C000000000000000000000000000000000094
:10E08C000000000000000000000000000000000084
:10E09C000000000000000000000000000000000074
:10E0AC000000000000000000000000000000000064
:10E0BC000000000000000000000000000000000054
:10E0CC000000000000000000000000000000000044
:10E0DC000000000000000000000000000000000034
:10E0EC000000000000000000000000000000000024
:10E0FC000000000000000000000000000000000014
:10E10C000000000000000000000000000000000003
:10E11C0000000000000000000000000000000000F3
:10E12C0000000000000000000000000000000000E3
:10E13C0000000000000000000000000000000000D3
:10E14C0000000000000000000000000000000000C3
:10E15C0000000000000000000000000000000000B3
:10E16C0000000000000000000000000000000000A3
:10E17C000000000000000000000000000000000093
:10E18C000000000000000000000000000000000083
:10E19C000000000000000000000000000000000073
:10E1AC000000000000000000000000000000000063
:10E1BC000000000000000000000000000000000053
:10E1CC000000000000000000000000000000000043
:10E1DC000000000000000000000000000000000033
:10E1EC000000000000000000000000000000000023
:10E1FC000000000000000000000000000000000013
:10E20C000000000000000000000000000000000002
:10E21C0000000000000000000000000000000000F2
:10E22C0000000000000000000000000000000000E2
:10E23C0000000000000000000000000000000000D2
:10E24C00000000000000000000000000C5080300F2
:10E25C00FDE40100000000000000000000000000D0
:10E26C00E90B030000000000CD0B030000000000D0
:10E27C000100000094E700200000000000000000F6
:10E28C0000000000800603200000000000000000D9
:10E29C0000000000000200006C4B0300B82E0120AF
:10E2AC00804E0300771B0300B8E70020B8E700207E
:10E2BC00C0E70020C0E70020C8E70020C8E7002026
:10E2CC00E0E700200000000000000000000000005B
:10E2DC000000000000000000515901202000000047
:10E2EC00000000000100000001000000FFFFFFFF24
:10E2FC00FFFFFFFFFFFFFFFF00C80400000000004E
:10E30C0019490200000000000000000000700140EC
:10E31C0000000000FFFF00003F000000FFFF0000B6
:10E32C003F000000FF000000D5630200D561020031
:10E33C00F9630200E1610200F16602006964020007
:10E34C00B9660200952303008F2303008923030081
:10E35C009002000064E8002064E800206CE80020D3
:10E36C006CE8002078E80020000000005851030001
:10E37C003851030018510300000000000000000099
:10E38C000000000000000000000000000000000081
:10E39C000000000000000000000000000000000071
:10E3AC000000000000000000000000000000000061
:10E3BC000000000000000000000000000000000051
:10E3CC0000000000000000004300000000000000FE
:10E3DC000000000000000000000000000000000031
:10E3EC0000000000000000004300000000000000DE
:10E3FC000000000000000000000000000000000011
:10E40C0000000000000000004300000000000000BD
:10E41C0000000000000000000000000000000000F0
:10E42C00000000000000000043000000000000009D
:10E43C0000000000000000000000000000000000D0
:10E44C00000000000000000043000000000000007D
:10E45C0000000000000000000000000000000000B0
:10E46C00000000000000000043000000000000005D
:10E47C000000000000000000000000000000000090
:10E48C00000000000000000043000000000000003D
:10E49C000000000000000000000000000000000070
:10E4AC00000000000000000081380300F13303007D
:10E4BC000000000018D3040012E3030000C804009D
:10E4CC0000C8040000C8040000C8040000C8040010
:10E4DC0000C8040000C8040000C8040000C8040000
:10E4EC00FFFFFFFFFFFFFFFFFFFFFFFFFFFF00002E
:10E4FC0001004153434949000000000000000000A6
:10E50C0000000000000000000000000000000000FF
:10E51C000000415343494900000000000000000086
:10E52C0000000000000000000000000000000000DF
:10E53C00000000000000000000000000810100004D
:10E54C00FF00000000000000594A0200010000001A
:10E55C0000000000000000000000000000000000AF
:10E56C00000000000000000000000000000000009F
:10E57C00000000000000000000000000000000008F
:10E58C00000000000000000000000000000000007F
:10E59C00000000000000000000000000000000006F
:10E5AC00000000000000000000000000000000005F
:10E5BC00000000000000000000000000000000004F
:10E5CC00000000000000000000000000000000003F
:10E5DC00000000000000000000000000000000002F
:10E5EC00000000000000000000000000000000001F
:10E5FC00000000000000000000000000000000000F
:10E60C0000000000000000000000000000000000FE
:10E61C0000000000000000008DB3020000000000AC
:10E62C00000000000000000038EB002038EB002058
:10E63C006DF202000000000000000000000000006D
:10E64C0000000000000000000000000000000000BE
:10E65C008DB302000000000000000000000000006C
:10E66C0070EB002070EB0020C7EC020000000000F3
:10E67C00000000000000000000000000000000008E
:10E68C0000000000000000008DB30200000000003C
:10E69C000000000000000000A8EB0020A8EB002008
:10E6AC0021EF02000000000000000000000000004C
:10E6BC00000000000000000000000000000000004E
:10E6CC008DB30200000000000000000000000000FC
:10E6DC00E0EB0020E0EB00201BEF0200000000004C
:10E6EC00000000000000000000000000000000001E
:10E6FC0000000000502B022000A0000000000000D1
:10E70C0000000000000000000000000010100220BB
:10E71C0000020000000000000000000000000000EB
:10E72C0030EC002030EC0020000000000000000065
:10E73C000E00000044EC002044EC0020000000001F
:10E74C00000000000E00000058EC002058EC0020E7
:10E75C0000000000000000000E0000006CEC002027
:10E76C006CEC002000000000000000000E00000017
:10E77C0080EC002080EC0020000000000000000075
:10E78C000E00000094EC002094EC0020000000002F
:10E79C00000000000E000000A8EC0020A8EC0020F7
:10E7AC0000000000000000000E000000BCEC002087
:10E7BC00BCEC002000000000000000000E00000077
:10E7CC00D0EC0020D0EC0020000000000000000085
:10E7DC000E000000E4EC0020E4EC0020000000003F
:10E7EC00080000002C010000E0EC022040F60220A2
:10E7FC00E0EC0220E0EC0220000000000CED002018
:10E80C000CED00200000000018ED002018ED002099
:10E81C000000000008000000E803000050CD0220BA
:10E82C0090EC022050CD022050CD022000000000C0
:10E83C0040ED002040ED0020000000004CED0020D9
:10E84C004CED002000000000080000000A00000051
:10E85C0090F60220E0F6022090F6022090F60220BC
:10E86C000000000074ED002074ED0020000000009A
:10E87C0080ED002080ED002000000000080000006A
:10E88C000A00000040F6022090F6022040F602201A
:10E89C0040F6022000000000A8ED0020A8ED0020AA
:10E8AC0000000000B4ED0020B4ED002000000000DA
:10E8BC0008000000F4010000E0F6022080060320AE
:10E8CC00E0F60220E0F6022000000000DCED002063
:10E8DC00DCED002000000000E8ED0020E8ED002059
:10E8EC0000000000080000000A00000090EC02206C
:10E8FC00E0EC022090EC022090EC022000000000E2
:10E90C0010EE002010EE0020000000001CEE002095
:10E91C001CEE002000000000010000002CEE002086
:10E92C002CEE002034EE002034EE0020000000001D
:10E93C000100000044EE002044EE00204CEE0020CC
:10E94C004CEE002000000000010000005CEE0020F6
:10E95C005CEE002064EE002064EE0020010000005C
:10E96C000100000074EE002074EE00207CEE00200C
:10E97C007CEE002000000000010000008CEE002066
:10E98C008CEE002094EE002094EE0020000000009D
:10E99C0001000000A4EE0020A4EE0020ACEE00204C
:10E9AC00ACEE00200100000001000000BCEE0020D5
:10E9BC00BCEE002000000000000000000000000081
:10E9CC00D0EE0020D0EE0020D8EE0020D8EE0020B3
:04E9DC0015E015E04D
:00000001FF
