2026-10-02T09:53:00.325Z west build --build-dir /home/ashuqullah-alizai/Documents/DECT_2020_GIT/HS_DECT_SHELL/build /home/ashuqullah-alizai/Documents/DECT_2020_GIT/HS_DECT_SHELL --pristine --board nrf9151dk/nrf9151/ns
2026-10-02T09:53:00.557Z -- west build: generating a build system
2026-10-02T09:53:00.737Z -- Found Python3: /home/ashuqullah-alizai/ncs/toolchains/911f4c5c26/usr/local/bin/python3.12 (found suitable version "3.12.4", minimum required is "3.10") found components: Interpreter
2026-10-02T09:53:00.753Z -- Cache files will be written to: /home/ashuqullah-alizai/.cache/zephyr
2026-10-02T09:53:00.841Z -- Found west (found suitable version "1.5.0", minimum required is "0.14.0")
2026-10-02T09:53:02.021Z -- Board: nrf9151dk, qualifiers: nrf9151/ns
2026-10-02T09:53:03.355Z Parsing /home/ashuqullah-alizai/ncs/v3.3.0/zephyr/share/sysbuild/Kconfig
2026-10-02T09:53:03.355Z Loaded configuration '/home/ashuqullah-alizai/Documents/DECT_2020_GIT/HS_DECT_SHELL/build/_sysbuild/empty.conf'
2026-10-02T09:53:03.355Z Merged configuration '/home/ashuqullah-alizai/Documents/DECT_2020_GIT/HS_DECT_SHELL/build/_sysbuild/empty.conf'
2026-10-02T09:53:03.355Z Configuration saved to '/home/ashuqullah-alizai/Documents/DECT_2020_GIT/HS_DECT_SHELL/build/zephyr/.config'
2026-10-02T09:53:03.355Z Kconfig header saved to '/home/ashuqullah-alizai/Documents/DECT_2020_GIT/HS_DECT_SHELL/build/_sysbuild/autoconf.h'
2026-10-02T09:53:03.445Z -- 
2026-10-02T09:53:03.445Z    ***********************************
2026-10-02T09:53:03.445Z    * Running CMake for HS_DECT_SHELL *
2026-10-02T09:53:03.445Z    ***********************************
2026-10-02T09:53:03.445Z 
2026-10-02T09:53:03.455Z -- Application: /home/ashuqullah-alizai/Documents/DECT_2020_GIT/HS_DECT_SHELL
2026-10-02T09:53:03.455Z -- CMake version: 4.2.1
2026-10-02T09:53:03.608Z -- Found Python3: /home/ashuqullah-alizai/ncs/toolchains/911f4c5c26/usr/local/bin/python3.12 (found suitable version "3.12.4", minimum required is "3.10") found components: Interpreter
2026-10-02T09:53:03.628Z -- Cache files will be written to: /home/ashuqullah-alizai/.cache/zephyr
2026-10-02T09:53:03.640Z -- Zephyr version: 4.3.99 (/home/ashuqullah-alizai/ncs/v3.3.0/zephyr)
2026-10-02T09:53:03.712Z -- Found west (found suitable version "1.5.0", minimum required is "0.14.0")
2026-10-02T09:53:04.843Z -- Board: nrf9151dk, qualifiers: nrf9151/ns
2026-10-02T09:53:06.078Z -- Found host-tools: zephyr 0.17.0 (/home/ashuqullah-alizai/ncs/toolchains/911f4c5c26/opt/zephyr-sdk)
2026-10-02T09:53:06.079Z -- Found toolchain: zephyr 0.17.0 (/home/ashuqullah-alizai/ncs/toolchains/911f4c5c26/opt/zephyr-sdk)
2026-10-02T09:53:06.090Z -- Found Dtc: /home/ashuqullah-alizai/ncs/toolchains/911f4c5c26/usr/bin/dtc (found suitable version "1.5.0", minimum required is "1.4.6")
2026-10-02T09:53:06.092Z -- Found BOARD.dts: /home/ashuqullah-alizai/ncs/v3.3.0/zephyr/boards/nordic/nrf9151dk/nrf9151dk_nrf9151_ns.dts
2026-10-02T09:53:06.560Z -- Generated zephyr.dts: /home/ashuqullah-alizai/Documents/DECT_2020_GIT/HS_DECT_SHELL/build/HS_DECT_SHELL/zephyr/zephyr.dts
2026-10-02T09:53:06.560Z -- Generated pickled edt: /home/ashuqullah-alizai/Documents/DECT_2020_GIT/HS_DECT_SHELL/build/HS_DECT_SHELL/zephyr/edt.pickle
2026-10-02T09:53:06.718Z -- Generated devicetree_generated.h: /home/ashuqullah-alizai/Documents/DECT_2020_GIT/HS_DECT_SHELL/build/HS_DECT_SHELL/zephyr/include/generated/zephyr/devicetree_generated.h
2026-10-02T09:53:09.223Z Parsing /home/ashuqullah-alizai/Documents/DECT_2020_GIT/HS_DECT_SHELL/Kconfig
2026-10-02T09:53:09.224Z Loaded configuration '/home/ashuqullah-alizai/ncs/v3.3.0/zephyr/boards/nordic/nrf9151dk/nrf9151dk_nrf9151_ns_defconfig'
2026-10-02T09:53:09.224Z Merged configuration '/home/ashuqullah-alizai/Documents/DECT_2020_GIT/HS_DECT_SHELL/prj.conf'
2026-10-02T09:53:09.224Z Merged configuration '/home/ashuqullah-alizai/Documents/DECT_2020_GIT/HS_DECT_SHELL/build/HS_DECT_SHELL/zephyr/.config.sysbuild'
2026-10-02T09:53:09.224Z Configuration saved to '/home/ashuqullah-alizai/Documents/DECT_2020_GIT/HS_DECT_SHELL/build/HS_DECT_SHELL/zephyr/.config'
2026-10-02T09:53:09.224Z Kconfig header saved to '/home/ashuqullah-alizai/Documents/DECT_2020_GIT/HS_DECT_SHELL/build/HS_DECT_SHELL/zephyr/include/generated/zephyr/autoconf.h'
2026-10-02T09:53:09.891Z -- Found GnuLd: /home/ashuqullah-alizai/ncs/toolchains/911f4c5c26/opt/zephyr-sdk/arm-zephyr-eabi/arm-zephyr-eabi/bin/ld.bfd (found version "2.38")
2026-10-02T09:53:09.974Z -- The C compiler identification is GNU 12.2.0
2026-10-02T09:53:10.062Z -- The CXX compiler identification is GNU 12.2.0
2026-10-02T09:53:10.084Z -- The ASM compiler identification is GNU
2026-10-02T09:53:10.086Z -- Found assembler: /home/ashuqullah-alizai/ncs/toolchains/911f4c5c26/opt/zephyr-sdk/arm-zephyr-eabi/bin/arm-zephyr-eabi-gcc
2026-10-02T09:53:11.005Z -- Using ccache: /home/ashuqullah-alizai/ncs/toolchains/911f4c5c26/usr/bin/ccache
2026-10-02T09:53:11.107Z -- Found gen_kobject_list: /home/ashuqullah-alizai/ncs/v3.3.0/zephyr/scripts/build/gen_kobject_list.py
2026-10-02T09:53:11.272Z -- Configuring done (7.8s)
2026-10-02T09:53:11.622Z -- Generating done (0.3s)
2026-10-02T09:53:11.623Z -- Build files have been written to: /home/ashuqullah-alizai/Documents/DECT_2020_GIT/HS_DECT_SHELL/build/HS_DECT_SHELL
2026-10-02T09:53:12.086Z Dropping partition 'nrf_modem_lib_trace' since its size is 0.
2026-10-02T09:53:12.255Z -- Configuring done (11.7s)
2026-10-02T09:53:12.266Z -- Generating done (0.0s)
2026-10-02T09:53:12.266Z -- Build files have been written to: /home/ashuqullah-alizai/Documents/DECT_2020_GIT/HS_DECT_SHELL/build
2026-10-02T09:53:12.281Z -- west build: building application
2026-10-02T09:53:12.301Z [1/10] Creating directories for 'HS_DECT_SHELL'
2026-10-02T09:53:12.304Z [2/10] No download step for 'HS_DECT_SHELL'
2026-10-02T09:53:12.308Z [3/10] No update step for 'HS_DECT_SHELL'
2026-10-02T09:53:12.314Z [4/10] No patch step for 'HS_DECT_SHELL'
2026-10-02T09:53:12.320Z [5/10] No configure step for 'HS_DECT_SHELL'
2026-10-02T09:53:12.321Z [5/10] Performing build step for 'HS_DECT_SHELL'
2026-10-02T09:53:12.371Z [1/405] Preparing syscall dependency handling
2026-10-02T09:53:12.372Z 
2026-10-02T09:53:12.377Z [2/405] Generating ../../zephyr/include/generated/zephyr_commit.h
2026-10-02T09:53:12.379Z [3/405] Generating ../../zephyr/include/generated/ncs_commit.h
2026-10-02T09:53:12.381Z [4/405] Generating ../../zephyr/include/generated/ncs_version.h
2026-10-02T09:53:12.393Z [5/405] Generating include/generated/zephyr/version.h
2026-10-02T09:53:12.394Z -- Zephyr version: 4.3.99 (/home/ashuqullah-alizai/ncs/v3.3.0/zephyr), build: ncs-v3.3.0
2026-10-02T09:53:12.437Z [6/405] Generating misc/generated/syscalls_subdirs.trigger
2026-10-02T09:53:13.051Z [7/405] Generating misc/generated/syscalls.json, misc/generated/struct_tags.json
2026-10-02T09:53:13.104Z [8/405] Generating include/generated/device-api-sections.ld, include/generated/device-api-sections.cmake
2026-10-02T09:53:13.156Z [9/405] Generating include/generated/zephyr/syscall_dispatch.c, include/generated/zephyr/syscall_exports_llext.c, syscall_weakdefs_llext.c, include/generated/zephyr/syscall_list.h
2026-10-02T09:53:13.177Z [10/405] Generating include/generated/zephyr/driver-validation.h
2026-10-02T09:53:13.180Z [11/405] Generating include/generated/zephyr/kobj-types-enum.h, include/generated/zephyr/otype-to-str.h, include/generated/zephyr/otype-to-size.h
2026-10-02T09:53:13.558Z [12/405] Generating ../../tfm/CMakeCache.txt
2026-10-02T09:53:13.558Z -- Found Git: /home/ashuqullah-alizai/ncs/toolchains/911f4c5c26/usr/local/bin/git (found version "2.52.0")
2026-10-02T09:53:13.559Z -- The C compiler identification is GNU 12.2.0
2026-10-02T09:53:13.559Z -- The CXX compiler identification is GNU 12.2.0
2026-10-02T09:53:13.559Z -- The ASM compiler identification is GNU
2026-10-02T09:53:13.559Z -- Found assembler: /home/ashuqullah-alizai/ncs/toolchains/911f4c5c26/opt/zephyr-sdk/arm-zephyr-eabi/bin/arm-zephyr-eabi-gcc
2026-10-02T09:53:13.559Z -- Found Python3: /home/ashuqullah-alizai/ncs/toolchains/911f4c5c26/usr/local/bin/python3.12 (found version "3.12.4") found components: Interpreter
2026-10-02T09:53:13.559Z -- Found Python3: /home/ashuqullah-alizai/ncs/toolchains/911f4c5c26/usr/local/bin/python3.12 (found suitable version "3.12.4", minimum required is "3.10") found components: Interpreter
2026-10-02T09:53:13.559Z -- Cache files will be written to: /home/ashuqullah-alizai/.cache/zephyr
2026-10-02T09:53:13.559Z [33mCMake Warning (dev) at /home/ashuqullah-alizai/ncs/v3.3.0/nrf/modules/trusted-firmware-m/tfm_boards/nrf9120/CMakeLists.txt:24 (install):
2026-10-02T09:53:13.559Z   Policy CMP0177 is not set: install() DESTINATION paths are normalized.  Run
2026-10-02T09:53:13.559Z   "cmake --help-policy CMP0177" for policy details.  Use the cmake_policy
2026-10-02T09:53:13.559Z   command to set the policy and suppress this warning.
2026-10-02T09:53:13.559Z This warning is for project developers.  Use -Wno-dev to suppress it.
2026-10-02T09:53:13.559Z [0m
2026-10-02T09:53:13.559Z -- Configuring done (1.1s)
2026-10-02T09:53:13.559Z -- Generating done (0.1s)
2026-10-02T09:53:13.559Z -- Build files have been written to: /home/ashuqullah-alizai/Documents/DECT_2020_GIT/HS_DECT_SHELL/build/HS_DECT_SHELL/tfm
2026-10-02T09:53:13.566Z [13/405] Creating directories for 'tfm'
2026-10-02T09:53:13.572Z [14/405] No download step for 'tfm'
2026-10-02T09:53:13.578Z [15/405] No update step for 'tfm'
2026-10-02T09:53:13.584Z [16/405] No patch step for 'tfm'
2026-10-02T09:53:13.590Z [17/405] No configure step for 'tfm'
2026-10-02T09:53:13.590Z [17/405] Performing build step for 'tfm'
2026-10-02T09:53:13.647Z [1/222] Building C object platform/CMakeFiles/platform_crypto_keys.dir/ext/common/picolibc.o
2026-10-02T09:53:13.677Z [2/222] Building C object platform/CMakeFiles/platform_crypto_keys.dir/ext/common/syscalls_stub.o
2026-10-02T09:53:13.709Z [3/222] Building C object platform/CMakeFiles/platform_crypto_keys.dir/__/lib/tfm_vprintf/src/tfm_vprintf.o
2026-10-02T09:53:13.743Z [4/222] Building C object platform/CMakeFiles/platform_s.dir/home/ashuqullah-alizai/ncs/v3.3.0/nrf/modules/trusted-firmware-m/tfm_boards/common/assert.o
2026-10-02T09:53:13.811Z [5/222] Building C object platform/CMakeFiles/platform_s.dir/home/ashuqullah-alizai/ncs/v3.3.0/modules/hal/nordic/nrfx/bsp/stable/mdk/system_nrf91.o
2026-10-02T09:53:13.836Z [6/222] Building C object platform/CMakeFiles/platform_s.dir/ext/target/nordic_nrf/common/core/native_drivers/mpu_armv8m_drv.o
2026-10-02T09:53:13.869Z [7/222] Building C object platform/CMakeFiles/platform_crypto_keys.dir/home/ashuqullah-alizai/ncs/v3.3.0/nrf/modules/trusted-firmware-m/tfm_boards/common/crypto_keys.o
2026-10-02T09:53:13.891Z [8/222] Building C object platform/CMakeFiles/platform_s.dir/home/ashuqullah-alizai/ncs/v3.3.0/nrf/modules/trusted-firmware-m/tfm_boards/common/dummy_provisioning.o
2026-10-02T09:53:13.896Z [9/222] Building C object platform/CMakeFiles/platform_s.dir/ext/target/nordic_nrf/common/core/cmsis_drivers/Driver_Flash.o
2026-10-02T09:53:14.001Z [10/222] Building C object platform/CMakeFiles/platform_s.dir/home/ashuqullah-alizai/ncs/v3.3.0/modules/hal/nordic/nrfx/drivers/src/nrfx_nvmc.o
2026-10-02T09:53:14.001Z [11/222] Building C object platform/CMakeFiles/platform_s.dir/ext/target/nordic_nrf/common/core/services/src/tfm_ioctl_core_s_api.o
2026-10-02T09:53:14.002Z [12/222] Building C object platform/CMakeFiles/platform_s.dir/ext/target/nordic_nrf/common/core/nrfx_glue.o
2026-10-02T09:53:14.002Z [13/222] Building C object platform/CMakeFiles/platform_s.dir/ext/target/nordic_nrf/common/core/nrf_exception_info.o
2026-10-02T09:53:14.036Z [14/222] Building C object platform/CMakeFiles/platform_s.dir/ext/common/tfm_hal_ps.o
2026-10-02T09:53:14.061Z [15/222] Building C object platform/CMakeFiles/platform_s.dir/ext/target/nordic_nrf/common/core/native_drivers/spu.o
2026-10-02T09:53:14.088Z [16/222] Building C object platform/CMakeFiles/platform_s.dir/home/ashuqullah-alizai/ncs/v3.3.0/nrf/modules/trusted-firmware-m/tfm_boards/common/tfm_hal_platform.o
2026-10-02T09:53:14.118Z [17/222] Building C object platform/CMakeFiles/platform_s.dir/ext/common/tfm_hal_spm_logdev_peripheral.o
2026-10-02T09:53:14.135Z [18/222] Building C object platform/CMakeFiles/platform_s.dir/ext/common/tfm_hal_its.o
2026-10-02T09:53:14.146Z [19/222] Building C object platform/CMakeFiles/platform_s.dir/home/ashuqullah-alizai/ncs/v3.3.0/nrf/lib/hw_unique_key/hw_unique_key_cc3xx.o
2026-10-02T09:53:14.150Z [20/222] Building C object platform/CMakeFiles/platform_s.dir/ext/target/nordic_nrf/common/core/cmsis_drivers/Driver_USART.o
2026-10-02T09:53:14.161Z [21/222] Building C object platform/CMakeFiles/platform_s.dir/ext/common/uart_stdout.o
2026-10-02T09:53:14.186Z [22/222] Building C object platform/CMakeFiles/platform_s.dir/ext/common/template/tfm_rotpk.o
2026-10-02T09:53:14.214Z [23/222] Building C object platform/CMakeFiles/platform_s.dir/home/ashuqullah-alizai/ncs/v3.3.0/nrf/modules/trusted-firmware-m/tfm_boards/common/tfm_hal_reset_halt.o
2026-10-02T09:53:14.230Z [24/222] Building C object platform/CMakeFiles/platform_s.dir/ext/target/nordic_nrf/common/core/services/src/tfm_platform_hal_ioctl.o
2026-10-02T09:53:14.233Z [25/222] Building C object platform/CMakeFiles/platform_s.dir/ext/common/syscalls_stub.o
2026-10-02T09:53:14.239Z [26/222] Building C object platform/CMakeFiles/platform_s.dir/ext/common/picolibc.o
2026-10-02T09:53:14.249Z [27/222] Building C object platform/CMakeFiles/platform_s.dir/home/ashuqullah-alizai/ncs/v3.3.0/nrf/lib/hw_unique_key/hw_unique_key_cc3xx_kmu.o
2026-10-02T09:53:14.254Z [28/222] Linking C static library platform/libplatform_crypto_keys.a
2026-10-02T09:53:14.257Z [29/222] Building C object platform/CMakeFiles/platform_s.dir/ext/common/template/nv_counters.o
2026-10-02T09:53:14.263Z [30/222] Building C object platform/CMakeFiles/platform_s.dir/ext/common/template/otp_flash.o
2026-10-02T09:53:14.306Z [31/222] Building C object secure_fw/partitions/platform/CMakeFiles/tfm_psa_rot_partition_platform.dir/__/__/__/platform/ext/common/syscalls_stub.o
2026-10-02T09:53:14.314Z [32/222] Building C object secure_fw/partitions/platform/CMakeFiles/tfm_psa_rot_partition_platform.dir/__/__/__/platform/ext/common/picolibc.o
2026-10-02T09:53:14.324Z [33/222] Building C object secure_fw/partitions/platform/CMakeFiles/tfm_psa_rot_partition_platform.dir/__/__/__/generated/secure_fw/partitions/platform/auto_generated/intermedia_tfm_platform.o
2026-10-02T09:53:14.335Z [34/222] Building C object platform/CMakeFiles/platform_s.dir/ext/common/exception_info.o
2026-10-02T09:53:14.349Z [35/222] Building C object platform/CMakeFiles/platform_s.dir/ext/common/template/flash_otp_nv_counters_backend.o
2026-10-02T09:53:14.352Z [36/222] Building C object platform/CMakeFiles/platform_s.dir/__/lib/tfm_vprintf/src/tfm_vprintf.o
2026-10-02T09:53:14.385Z [37/222] Building C object platform/CMakeFiles/platform_s.dir/home/ashuqullah-alizai/ncs/v3.3.0/nrf/modules/trusted-firmware-m/tfm_boards/src/tfm_platform_system.o
2026-10-02T09:53:14.390Z [38/222] Building C object secure_fw/partitions/platform/CMakeFiles/tfm_psa_rot_partition_platform.dir/platform_sp.o
2026-10-02T09:53:14.390Z [39/222] Building C object secure_fw/partitions/internal_trusted_storage/CMakeFiles/tfm_psa_rot_partition_its.dir/tfm_its_req_mngr.o
2026-10-02T09:53:14.424Z [40/222] Building C object secure_fw/partitions/internal_trusted_storage/CMakeFiles/tfm_psa_rot_partition_its.dir/flash/its_flash.o
2026-10-02T09:53:14.425Z [41/222] Building C object secure_fw/partitions/internal_trusted_storage/CMakeFiles/tfm_psa_rot_partition_its.dir/its_utils.o
2026-10-02T09:53:14.430Z [42/222] Building C object secure_fw/partitions/platform/CMakeFiles/tfm_psa_rot_partition_platform.dir/__/__/__/lib/tfm_vprintf/src/tfm_vprintf.o
2026-10-02T09:53:14.450Z [43/222] Building C object secure_fw/partitions/internal_trusted_storage/CMakeFiles/tfm_psa_rot_partition_its.dir/flash/its_flash_ram.o
2026-10-02T09:53:14.453Z [44/222] Building C object platform/CMakeFiles/platform_s.dir/ext/common/tfm_fatal_error.o
2026-10-02T09:53:14.463Z [45/222] Building C object platform/CMakeFiles/platform_s.dir/home/ashuqullah-alizai/ncs/v3.3.0/nrf/modules/trusted-firmware-m/tfm_boards/src/tfm_ioctl_s_api.o
2026-10-02T09:53:14.470Z [46/222] Building C object secure_fw/partitions/internal_trusted_storage/CMakeFiles/tfm_psa_rot_partition_its.dir/flash/its_flash_nand.o
2026-10-02T09:53:14.475Z [47/222] Building C object secure_fw/partitions/internal_trusted_storage/CMakeFiles/tfm_psa_rot_partition_its.dir/tfm_internal_trusted_storage.o
2026-10-02T09:53:14.478Z [48/222] Building C object platform/CMakeFiles/platform_s.dir/home/ashuqullah-alizai/ncs/v3.3.0/nrf/modules/trusted-firmware-m/tfm_boards/common/ns_fault_service.o
2026-10-02T09:53:14.485Z [49/222] Building C object secure_fw/partitions/internal_trusted_storage/CMakeFiles/tfm_psa_rot_partition_its.dir/flash_fs/its_flash_fs_dblock.o
2026-10-02T09:53:14.487Z [50/222] Building C object secure_fw/partitions/internal_trusted_storage/CMakeFiles/tfm_psa_rot_partition_its.dir/flash/its_flash_nor.o
2026-10-02T09:53:14.490Z [51/222] Building C object secure_fw/partitions/internal_trusted_storage/CMakeFiles/tfm_psa_rot_partition_its.dir/__/__/__/platform/ext/common/syscalls_stub.o
2026-10-02T09:53:14.495Z [52/222] Building C object secure_fw/partitions/internal_trusted_storage/CMakeFiles/tfm_psa_rot_partition_its.dir/__/__/__/generated/secure_fw/partitions/internal_trusted_storage/auto_generated/intermedia_tfm_internal_trusted_storage.o
2026-10-02T09:53:14.499Z [53/222] Building C object secure_fw/partitions/internal_trusted_storage/CMakeFiles/tfm_psa_rot_partition_its.dir/__/__/__/platform/ext/common/picolibc.o
2026-10-02T09:53:14.532Z [54/222] Building C object secure_fw/partitions/protected_storage/CMakeFiles/tfm_app_rot_partition_ps.dir/ps_utils.o
2026-10-02T09:53:14.564Z [55/222] Building C object secure_fw/partitions/internal_trusted_storage/CMakeFiles/tfm_psa_rot_partition_its.dir/__/__/__/lib/tfm_vprintf/src/tfm_vprintf.o
2026-10-02T09:53:14.567Z [56/222] Building C object secure_fw/partitions/internal_trusted_storage/CMakeFiles/tfm_psa_rot_partition_its.dir/flash_fs/its_flash_fs.o
2026-10-02T09:53:14.569Z [57/222] Building C object secure_fw/partitions/protected_storage/CMakeFiles/tfm_app_rot_partition_ps.dir/nv_counters/ps_nv_counters.o
2026-10-02T09:53:14.577Z [58/222] Building C object secure_fw/partitions/protected_storage/CMakeFiles/tfm_app_rot_partition_ps.dir/__/__/__/generated/secure_fw/partitions/protected_storage/auto_generated/intermedia_tfm_protected_storage.o
2026-10-02T09:53:14.579Z [59/222] Building C object secure_fw/partitions/protected_storage/CMakeFiles/tfm_app_rot_partition_ps.dir/ps_encrypted_object.o
2026-10-02T09:53:14.579Z [60/222] Building C object secure_fw/partitions/protected_storage/CMakeFiles/tfm_app_rot_partition_ps.dir/tfm_protected_storage.o
2026-10-02T09:53:14.585Z [61/222] Building C object secure_fw/partitions/protected_storage/CMakeFiles/tfm_app_rot_partition_ps.dir/tfm_ps_req_mngr.o
2026-10-02T09:53:14.616Z [62/222] Building C object secure_fw/partitions/protected_storage/CMakeFiles/tfm_app_rot_partition_ps.dir/ps_object_system.o
2026-10-02T09:53:14.638Z [63/222] Building C object secure_fw/partitions/protected_storage/CMakeFiles/tfm_app_rot_partition_ps.dir/__/__/__/platform/ext/common/syscalls_stub.o
2026-10-02T09:53:14.672Z [64/222] Building C object secure_fw/partitions/protected_storage/CMakeFiles/tfm_app_rot_partition_ps.dir/__/__/__/platform/ext/common/picolibc.o
2026-10-02T09:53:14.721Z [65/222] Building C object secure_fw/partitions/crypto/mbedcrypto/nrf_security_src/drivers/nrf_oberon/CMakeFiles/oberon_psa_driver.dir/home/ashuqullah-alizai/ncs/v3.3.0/modules/crypto/oberon-psa-crypto/oberon/drivers/oberon_helpers.o
2026-10-02T09:53:14.752Z [66/222] Building C object secure_fw/partitions/crypto/mbedcrypto/nrf_security_src/drivers/nrf_oberon/CMakeFiles/oberon_psa_driver.dir/home/ashuqullah-alizai/ncs/v3.3.0/modules/crypto/oberon-psa-crypto/oberon/drivers/oberon_ecdh.o
2026-10-02T09:53:14.757Z [67/222] Building C object secure_fw/partitions/protected_storage/CMakeFiles/tfm_app_rot_partition_ps.dir/__/__/__/generated/secure_fw/partitions/crypto/auto_generated/load_info_tfm_crypto.o
2026-10-02T09:53:14.760Z [68/222] Building C object secure_fw/partitions/protected_storage/CMakeFiles/tfm_app_rot_partition_ps.dir/ps_object_table.o
2026-10-02T09:53:14.770Z [69/222] Building C object secure_fw/partitions/protected_storage/CMakeFiles/tfm_app_rot_partition_ps.dir/__/__/__/lib/tfm_vprintf/src/tfm_vprintf.o
2026-10-02T09:53:14.791Z [70/222] Building C object secure_fw/partitions/protected_storage/CMakeFiles/tfm_app_rot_partition_ps.dir/__/__/__/generated/secure_fw/partitions/protected_storage/auto_generated/load_info_tfm_protected_storage.o
2026-10-02T09:53:14.797Z [71/222] Building C object secure_fw/partitions/protected_storage/CMakeFiles/tfm_app_rot_partition_ps.dir/__/__/__/generated/secure_fw/partitions/internal_trusted_storage/auto_generated/load_info_tfm_internal_trusted_storage.o
2026-10-02T09:53:14.831Z [72/222] Building C object secure_fw/partitions/crypto/mbedcrypto/nrf_security_src/drivers/nrf_oberon/CMakeFiles/oberon_psa_driver.dir/home/ashuqullah-alizai/ncs/v3.3.0/modules/crypto/oberon-psa-crypto/oberon/drivers/oberon_eddsa.o
2026-10-02T09:53:14.832Z [73/222] Building C object secure_fw/partitions/crypto/mbedcrypto/nrf_security_src/drivers/nrf_oberon/CMakeFiles/oberon_psa_driver.dir/home/ashuqullah-alizai/ncs/v3.3.0/modules/crypto/oberon-psa-crypto/oberon/drivers/oberon_jpake.o
2026-10-02T09:53:14.832Z [74/222] Building C object secure_fw/partitions/protected_storage/CMakeFiles/tfm_app_rot_partition_ps.dir/__/ns_agent_tz/load_info_ns_agent_tz.o
2026-10-02T09:53:14.832Z [75/222] Building C object secure_fw/partitions/crypto/mbedcrypto/nrf_security_src/drivers/nrf_oberon/CMakeFiles/oberon_psa_driver.dir/home/ashuqullah-alizai/ncs/v3.3.0/modules/crypto/oberon-psa-crypto/oberon/drivers/oberon_ecdsa.o
2026-10-02T09:53:14.844Z [76/222] Building C object secure_fw/partitions/crypto/mbedcrypto/nrf_security_src/drivers/nrf_oberon/CMakeFiles/oberon_psa_driver.dir/home/ashuqullah-alizai/ncs/v3.3.0/modules/crypto/oberon-psa-crypto/oberon/drivers/oberon_spake2p.o
2026-10-02T09:53:14.849Z [77/222] Building C object secure_fw/partitions/protected_storage/CMakeFiles/tfm_app_rot_partition_ps.dir/crypto/ps_crypto_interface.o
2026-10-02T09:53:14.849Z [78/222] Building C object platform/CMakeFiles/platform_s.dir/home/ashuqullah-alizai/ncs/v3.3.0/modules/hal/nordic/nrfx/drivers/src/nrfx_uarte.o
2026-10-02T09:53:14.852Z [79/222] Building C object secure_fw/partitions/crypto/mbedcrypto/nrf_security_src/drivers/nrf_oberon/CMakeFiles/oberon_psa_driver.dir/home/ashuqullah-alizai/ncs/v3.3.0/modules/crypto/oberon-psa-crypto/oberon/drivers/oberon_ec_keys.o
2026-10-02T09:53:14.871Z [80/222] Building C object secure_fw/partitions/crypto/mbedcrypto/nrf_security_src/drivers/nrf_oberon/CMakeFiles/oberon_psa_driver.dir/home/ashuqullah-alizai/ncs/v3.3.0/modules/crypto/oberon-psa-crypto/oberon/drivers/oberon_srp.o
2026-10-02T09:53:14.892Z [81/222] Building C object secure_fw/partitions/crypto/mbedcrypto/nrf_security_src/drivers/nrf_oberon/CMakeFiles/oberon_psa_driver.dir/home/ashuqullah-alizai/ncs/v3.3.0/modules/crypto/oberon-psa-crypto/oberon/drivers/oberon_wpa3_sae.o
2026-10-02T09:53:14.894Z [82/222] Building C object secure_fw/partitions/protected_storage/CMakeFiles/tfm_app_rot_partition_ps.dir/__/__/__/generated/secure_fw/partitions/platform/auto_generated/load_info_tfm_platform.o
2026-10-02T09:53:14.915Z [83/222] Building C object secure_fw/partitions/internal_trusted_storage/CMakeFiles/tfm_psa_rot_partition_its.dir/flash_fs/its_flash_fs_mblock.o
2026-10-02T09:53:14.917Z [84/222] Building C object secure_fw/partitions/crypto/mbedcrypto/nrf_security_src/drivers/nrf_oberon/CMakeFiles/oberon_psa_driver.dir/home/ashuqullah-alizai/ncs/v3.3.0/modules/crypto/oberon-psa-crypto/oberon/drivers/oberon_ml_dsa.o
2026-10-02T09:53:14.917Z [85/222] Linking C static library platform/libplatform_s.a
2026-10-02T09:53:14.932Z [86/222] Building C object secure_fw/partitions/crypto/mbedcrypto/nrf_security_src/drivers/nrf_oberon/CMakeFiles/oberon_psa_driver.dir/home/ashuqullah-alizai/ncs/v3.3.0/modules/crypto/oberon-psa-crypto/oberon/drivers/oberon_ml_kem.o
2026-10-02T09:53:14.946Z [87/222] Linking C static library secure_fw/partitions/platform/libtfm_psa_rot_partition_platform.a
2026-10-02T09:53:14.972Z [88/222] Building C object secure_fw/partitions/crypto/mbedcrypto/nrf_security_src/drivers/nrf_oberon/CMakeFiles/oberon_psa_driver.dir/home/ashuqullah-alizai/ncs/v3.3.0/modules/crypto/oberon-psa-crypto/oberon/drivers/oberon_hash.o
2026-10-02T09:53:14.976Z [89/222] Linking C static library secure_fw/partitions/internal_trusted_storage/libtfm_psa_rot_partition_its.a
2026-10-02T09:53:14.985Z [90/222] Building C object secure_fw/partitions/crypto/mbedcrypto/nrf_security_src/core/nrf_oberon/CMakeFiles/psa_core.dir/home/ashuqullah-alizai/ncs/v3.3.0/modules/crypto/oberon-psa-crypto/library/platform_util.o
2026-10-02T09:53:15.002Z [91/222] Building C object secure_fw/partitions/crypto/mbedcrypto/nrf_security_src/drivers/nrf_oberon/CMakeFiles/oberon_psa_driver.dir/home/ashuqullah-alizai/ncs/v3.3.0/modules/crypto/oberon-psa-crypto/oberon/drivers/oberon_mac.o
2026-10-02T09:53:15.003Z [92/222] Linking C static library secure_fw/partitions/protected_storage/libtfm_app_rot_partition_ps.a
2026-10-02T09:53:15.017Z [93/222] Building C object secure_fw/partitions/crypto/mbedcrypto/nrf_security_src/drivers/nrf_oberon/CMakeFiles/oberon_psa_driver.dir/home/ashuqullah-alizai/ncs/v3.3.0/modules/crypto/oberon-psa-crypto/oberon/drivers/oberon_key_derivation.o
2026-10-02T09:53:15.024Z [94/222] Building C object secure_fw/partitions/crypto/mbedcrypto/nrf_security_src/core/nrf_oberon/CMakeFiles/psa_core.dir/home/ashuqullah-alizai/ncs/v3.3.0/modules/crypto/oberon-psa-crypto/library/platform.o
2026-10-02T09:53:15.051Z [95/222] Building C object secure_fw/partitions/crypto/mbedcrypto/nrf_security_src/drivers/nrf_oberon/CMakeFiles/oberon_psa_driver.dir/home/ashuqullah-alizai/ncs/v3.3.0/modules/crypto/oberon-psa-crypto/oberon/drivers/oberon_rsa.o
2026-10-02T09:53:15.056Z [96/222] Building C object secure_fw/partitions/crypto/mbedcrypto/nrf_security_src/core/nrf_oberon/CMakeFiles/psa_core.dir/home/ashuqullah-alizai/ncs/v3.3.0/modules/crypto/oberon-psa-crypto/library/psa_crypto_client.o
2026-10-02T09:53:15.076Z [97/222] Building C object secure_fw/partitions/crypto/mbedcrypto/nrf_security_src/drivers/nrf_oberon/CMakeFiles/oberon_psa_driver.dir/home/ashuqullah-alizai/ncs/v3.3.0/modules/crypto/oberon-psa-crypto/oberon/drivers/oberon_aead.o
2026-10-02T09:53:15.087Z [98/222] Building C object secure_fw/partitions/crypto/mbedcrypto/nrf_security_src/CMakeFiles/mbedcrypto_base.dir/home/ashuqullah-alizai/ncs/v3.3.0/modules/crypto/mbedtls/library/bignum.o
2026-10-02T09:53:15.094Z [99/222] Building C object secure_fw/partitions/crypto/mbedcrypto/nrf_security_src/CMakeFiles/mbedcrypto_base.dir/home/ashuqullah-alizai/ncs/v3.3.0/modules/crypto/mbedtls/library/bignum_core.o
2026-10-02T09:53:15.098Z [100/222] Building C object secure_fw/partitions/crypto/mbedcrypto/nrf_security_src/drivers/nrf_oberon/CMakeFiles/oberon_psa_driver.dir/home/ashuqullah-alizai/ncs/v3.3.0/modules/crypto/oberon-psa-crypto/oberon/drivers/oberon_lms.o
2026-10-02T09:53:15.105Z [101/222] Building C object secure_fw/partitions/crypto/mbedcrypto/nrf_security_src/drivers/nrf_oberon/CMakeFiles/oberon_psa_driver.dir/home/ashuqullah-alizai/ncs/v3.3.0/modules/crypto/oberon-psa-crypto/oberon/drivers/oberon_xmss.o
2026-10-02T09:53:15.113Z [102/222] Building C object secure_fw/partitions/crypto/mbedcrypto/nrf_security_src/CMakeFiles/mbedcrypto_base.dir/home/ashuqullah-alizai/ncs/v3.3.0/modules/crypto/mbedtls/library/nist_kw.o
2026-10-02T09:53:15.132Z [103/222] Building C object secure_fw/partitions/crypto/mbedcrypto/nrf_security_src/core/nrf_oberon/CMakeFiles/psa_core.dir/home/ashuqullah-alizai/ncs/v3.3.0/modules/crypto/oberon-psa-crypto/library/psa_crypto_storage.o
2026-10-02T09:53:15.142Z [104/222] Linking C static library secure_fw/partitions/crypto/mbedcrypto/nrf_security_src/drivers/nrf_oberon/liboberon_psa_driver.a
2026-10-02T09:53:15.146Z [105/222] Building C object secure_fw/partitions/crypto/mbedcrypto/nrf_security_src/CMakeFiles/mbedcrypto_base.dir/home/ashuqullah-alizai/ncs/v3.3.0/modules/crypto/mbedtls/library/padlock.o
2026-10-02T09:53:15.166Z [106/222] Building C object secure_fw/partitions/crypto/mbedcrypto/nrf_security_src/CMakeFiles/nrf_security_utils.dir/utils/nrf_security_mutexes.o
2026-10-02T09:53:15.170Z [107/222] Building C object secure_fw/partitions/crypto/mbedcrypto/nrf_security_src/CMakeFiles/mbedcrypto_base.dir/home/ashuqullah-alizai/ncs/v3.3.0/modules/crypto/mbedtls/library/version.o
2026-10-02T09:53:15.185Z [108/222] Building C object secure_fw/partitions/crypto/mbedcrypto/nrf_security_src/CMakeFiles/mbedcrypto_base.dir/home/ashuqullah-alizai/ncs/v3.3.0/modules/crypto/mbedtls/library/asn1write.o
2026-10-02T09:53:15.191Z [109/222] Building C object secure_fw/partitions/crypto/mbedcrypto/nrf_security_src/core/nrf_oberon/CMakeFiles/psa_core.dir/home/ashuqullah-alizai/ncs/v3.3.0/modules/crypto/oberon-psa-crypto/library/psa_crypto_slot_management.o
2026-10-02T09:53:15.198Z [110/222] Building C object secure_fw/partitions/crypto/mbedcrypto/nrf_security_src/CMakeFiles/mbedcrypto_base.dir/home/ashuqullah-alizai/ncs/v3.3.0/modules/crypto/mbedtls/library/constant_time.o
2026-10-02T09:53:15.214Z [111/222] Building C object secure_fw/partitions/crypto/mbedcrypto/nrf_security_src/CMakeFiles/mbedcrypto_base.dir/home/ashuqullah-alizai/ncs/v3.3.0/modules/crypto/mbedtls/library/base64.o
2026-10-02T09:53:15.283Z [112/222] Building C object secure_fw/partitions/crypto/mbedcrypto/nrf_security_src/CMakeFiles/mbedcrypto_base.dir/home/ashuqullah-alizai/ncs/v3.3.0/modules/crypto/mbedtls/library/asn1parse.o
2026-10-02T09:53:15.353Z [113/222] Building C object secure_fw/partitions/crypto/mbedcrypto/nrf_security_src/CMakeFiles/nrf_security_utils.dir/utils/nrf_security_events.o
2026-10-02T09:53:15.374Z [114/222] Building C object secure_fw/partitions/crypto/mbedcrypto/nrf_security_src/CMakeFiles/crypto_service_mbedcrypto.dir/home/ashuqullah-alizai/ncs/v3.3.0/modules/crypto/mbedtls/library/memory_buffer_alloc.o
2026-10-02T09:53:15.423Z [115/222] Building C object secure_fw/partitions/crypto/CMakeFiles/tfm_psa_rot_partition_crypto.dir/crypto_cipher.o
2026-10-02T09:53:15.453Z [116/222] Building C object secure_fw/partitions/crypto/CMakeFiles/tfm_psa_rot_partition_crypto.dir/crypto_mac.o
2026-10-02T09:53:15.461Z [117/222] Building C object secure_fw/partitions/crypto/CMakeFiles/tfm_psa_rot_partition_crypto.dir/crypto_asymmetric.o
2026-10-02T09:53:15.483Z [118/222] Building C object secure_fw/partitions/crypto/mbedcrypto/nrf_security_src/CMakeFiles/mbedcrypto_base.dir/home/ashuqullah-alizai/ncs/v3.3.0/modules/crypto/mbedtls/library/oid.o
2026-10-02T09:53:15.498Z [119/222] Building C object secure_fw/partitions/crypto/CMakeFiles/tfm_psa_rot_partition_crypto.dir/crypto_init.o
2026-10-02T09:53:15.537Z [120/222] Building C object secure_fw/partitions/crypto/CMakeFiles/tfm_psa_rot_partition_crypto.dir/crypto_alloc.o
2026-10-02T09:53:15.552Z [121/222] Building C object secure_fw/partitions/crypto/mbedcrypto/nrf_security_src/CMakeFiles/nrf_security_utils.dir/utils/nrf_security_core.o
2026-10-02T09:53:15.558Z [122/222] Building C object secure_fw/partitions/crypto/CMakeFiles/tfm_psa_rot_partition_crypto.dir/__/__/__/generated/secure_fw/partitions/crypto/auto_generated/intermedia_tfm_crypto.o
2026-10-02T09:53:15.604Z [123/222] Building C object secure_fw/partitions/crypto/CMakeFiles/tfm_psa_rot_partition_crypto.dir/crypto_library.o
2026-10-02T09:53:15.649Z [124/222] Building C object secure_fw/partitions/crypto/CMakeFiles/tfm_psa_rot_partition_crypto.dir/crypto_hash.o
2026-10-02T09:53:15.657Z [125/222] Building C object secure_fw/partitions/lib/runtime/CMakeFiles/tfm_sprt.dir/__/__/__/__/platform/ext/common/picolibc.o
2026-10-02T09:53:15.662Z [126/222] Building C object secure_fw/partitions/crypto/CMakeFiles/tfm_psa_rot_partition_crypto.dir/crypto_key_derivation.o
2026-10-02T09:53:15.663Z [127/222] Building C object secure_fw/partitions/lib/runtime/CMakeFiles/tfm_sprt.dir/__/__/__/__/platform/ext/common/syscalls_stub.o
2026-10-02T09:53:15.668Z [128/222] Building C object secure_fw/partitions/crypto/mbedcrypto/nrf_security_src/core/nrf_oberon/CMakeFiles/psa_core.dir/home/ashuqullah-alizai/ncs/v3.3.0/nrf/subsys/nrf_security/src/psa_crypto_driver_wrappers.o
2026-10-02T09:53:15.688Z [129/222] Building C object secure_fw/partitions/crypto/CMakeFiles/tfm_psa_rot_partition_crypto.dir/crypto_aead.o
2026-10-02T09:53:15.692Z [130/222] Building C object secure_fw/partitions/crypto/CMakeFiles/tfm_psa_rot_partition_crypto.dir/crypto_key_management.o
2026-10-02T09:53:15.692Z [131/222] Building C object secure_fw/partitions/crypto/CMakeFiles/tfm_psa_rot_partition_crypto.dir/crypto_rng.o
2026-10-02T09:53:15.701Z [132/222] Building C object secure_fw/partitions/lib/runtime/CMakeFiles/tfm_sprt.dir/crt_memcmp.o
2026-10-02T09:53:15.702Z [133/222] Building C object secure_fw/partitions/crypto/CMakeFiles/tfm_psa_rot_partition_crypto.dir/crypto_key_wrapping.o
2026-10-02T09:53:15.718Z [134/222] Building C object secure_fw/partitions/lib/runtime/CMakeFiles/tfm_sprt.dir/crt_strnlen.o
2026-10-02T09:53:15.724Z [135/222] Building C object secure_fw/partitions/lib/runtime/CMakeFiles/tfm_sprt.dir/crt_memmove.o
2026-10-02T09:53:15.732Z [136/222] Building C object secure_fw/partitions/lib/runtime/CMakeFiles/tfm_sprt.dir/sprt_partition_metadata_indicator.o
2026-10-02T09:53:15.746Z [137/222] Building C object secure_fw/partitions/lib/runtime/CMakeFiles/tfm_sprt.dir/__/__/__/shared/crt_memset.o
2026-10-02T09:53:15.755Z [138/222] Building C object secure_fw/partitions/lib/runtime/CMakeFiles/tfm_sprt.dir/service_api.o
2026-10-02T09:53:15.762Z [139/222] Building C object secure_fw/partitions/lib/runtime/CMakeFiles/tfm_sprt.dir/sfn_common_thread.o
2026-10-02T09:53:15.782Z [140/222] Building C object secure_fw/partitions/lib/runtime/CMakeFiles/tfm_sprt.dir/__/__/__/shared/crt_memcpy.o
2026-10-02T09:53:15.795Z [141/222] Building C object secure_fw/partitions/lib/runtime/CMakeFiles/tfm_sp_log.dir/tfm_sp_log_raw.o
2026-10-02T09:53:15.798Z [142/222] Building C object secure_fw/partitions/crypto/CMakeFiles/tfm_psa_rot_partition_crypto.dir/psa_driver_api/tfm_builtin_key_loader.o
2026-10-02T09:53:15.802Z [143/222] Building C object secure_fw/partitions/lib/runtime/CMakeFiles/tfm_sprt.dir/psa_api_ipc.o
2026-10-02T09:53:15.805Z [144/222] Building C object secure_fw/partitions/crypto/CMakeFiles/tfm_psa_rot_partition_crypto.dir/crypto_pake.o
2026-10-02T09:53:15.823Z [145/222] Building C object secure_fw/partitions/lib/runtime/CMakeFiles/tfm_sprt.dir/__/__/__/__/interface/src/tfm_platform_api.o
2026-10-02T09:53:15.841Z [146/222] Building C object secure_fw/partitions/lib/runtime/CMakeFiles/tfm_sprt.dir/__/__/__/__/interface/src/tfm_psa_call.o
2026-10-02T09:53:15.849Z [147/222] Building C object secure_fw/partitions/lib/runtime/CMakeFiles/tfm_sprt.dir/__/__/__/__/interface/src/tfm_its_api.o
2026-10-02T09:53:15.854Z [148/222] Building C object secure_fw/partitions/lib/runtime/CMakeFiles/tfm_sprt.dir/__/__/__/__/interface/src/tfm_ps_api.o
2026-10-02T09:53:15.880Z [149/222] Building C object secure_fw/spm/CMakeFiles/tfm_spm.dir/core/utilities.o
2026-10-02T09:53:15.889Z [150/222] Building C object secure_fw/partitions/lib/runtime/CMakeFiles/tfm_sp_log.dir/__/__/__/__/platform/ext/common/tfm_hal_sp_logdev_periph.o
2026-10-02T09:53:15.892Z [151/222] Building C object secure_fw/spm/CMakeFiles/tfm_spm.dir/core/spm_log.o
2026-10-02T09:53:15.899Z [152/222] Building C object secure_fw/partitions/lib/runtime/CMakeFiles/tfm_sprt.dir/tfm_sp_log_raw.o
2026-10-02T09:53:15.957Z [153/222] Building C object secure_fw/partitions/lib/runtime/CMakeFiles/tfm_sprt.dir/__/__/__/__/lib/tfm_vprintf/src/tfm_vprintf.o
2026-10-02T09:53:15.966Z [154/222] Building C object secure_fw/partitions/lib/runtime/CMakeFiles/tfm_sprt.dir/__/__/__/__/platform/ext/common/tfm_hal_sp_logdev_periph.o
2026-10-02T09:53:16.004Z [155/222] Building C object secure_fw/partitions/lib/runtime/CMakeFiles/tfm_sprt.dir/__/__/__/spm/core/psa_interface_thread_fn_call.o
2026-10-02T09:53:16.049Z [156/222] Building C object secure_fw/spm/CMakeFiles/tfm_spm.dir/core/tfm_boot_data.o
2026-10-02T09:53:16.099Z [157/222] Building C object secure_fw/spm/CMakeFiles/tfm_spm.dir/core/arch/tfm_arch.o
2026-10-02T09:53:16.162Z [158/222] Building C object secure_fw/spm/CMakeFiles/tfm_spm.dir/core/psa_api.o
2026-10-02T09:53:16.187Z [159/222] Building C object secure_fw/spm/CMakeFiles/tfm_spm.dir/core/main.o
2026-10-02T09:53:16.198Z [160/222] Building C object secure_fw/spm/CMakeFiles/tfm_spm.dir/core/psa_version_api.o
2026-10-02T09:53:16.246Z [161/222] Building C object secure_fw/spm/CMakeFiles/tfm_spm.dir/core/tfm_svcalls.o
2026-10-02T09:53:16.250Z [162/222] Building C object secure_fw/spm/CMakeFiles/tfm_spm.dir/core/rom_loader.o
2026-10-02T09:53:16.293Z [163/222] Building C object secure_fw/spm/CMakeFiles/tfm_spm.dir/core/psa_read_write_skip_api.o
2026-10-02T09:53:16.339Z [164/222] Building C object secure_fw/spm/CMakeFiles/tfm_spm.dir/core/spm_ipc.o
2026-10-02T09:53:16.345Z [165/222] Building C object secure_fw/spm/CMakeFiles/tfm_spm.dir/core/backend_ipc.o
2026-10-02T09:53:16.354Z [166/222] Building C object secure_fw/spm/CMakeFiles/tfm_spm.dir/core/tfm_pools.o
2026-10-02T09:53:16.376Z [167/222] Building C object secure_fw/spm/CMakeFiles/tfm_spm.dir/core/thread.o
2026-10-02T09:53:16.391Z [168/222] Building C object secure_fw/spm/CMakeFiles/tfm_spm.dir/core/spm_connection_pool.o
2026-10-02T09:53:16.402Z [169/222] Building C object secure_fw/spm/CMakeFiles/tfm_spm.dir/core/psa_call_api.o
2026-10-02T09:53:16.419Z [170/222] Building C object secure_fw/spm/CMakeFiles/tfm_spm.dir/ns_client_ext/tfm_spm_ns_ctx.o
2026-10-02T09:53:16.463Z [171/222] Building C object secure_fw/spm/CMakeFiles/tfm_spm.dir/__/partitions/ns_agent_tz/ns_agent_tz_v80m.o
2026-10-02T09:53:16.499Z [172/222] Building C object secure_fw/spm/CMakeFiles/tfm_spm.dir/__/__/platform/ext/common/tfm_hal_nvic.o
2026-10-02T09:53:16.526Z [173/222] Building C object secure_fw/spm/CMakeFiles/tfm_spm.dir/__/__/platform/ext/target/nordic_nrf/common/core/tfm_hal_platform_common.o
2026-10-02T09:53:16.565Z [174/222] Building C object secure_fw/spm/CMakeFiles/tfm_spm.dir/core/arch/tfm_arch_v8m_main.o
2026-10-02T09:53:16.611Z [175/222] Building C object secure_fw/spm/CMakeFiles/tfm_spm.dir/__/__/platform/ext/common/picolibc.o
2026-10-02T09:53:16.637Z [176/222] Building C object secure_fw/spm/CMakeFiles/tfm_spm.dir/__/__/generated/secure_fw/partitions/protected_storage/auto_generated/load_info_tfm_protected_storage.o
2026-10-02T09:53:16.665Z [177/222] Building C object secure_fw/spm/CMakeFiles/tfm_spm.dir/__/__/generated/secure_fw/partitions/internal_trusted_storage/auto_generated/load_info_tfm_internal_trusted_storage.o
2026-10-02T09:53:16.668Z [178/222] Building C object secure_fw/spm/CMakeFiles/tfm_spm.dir/__/__/platform/ext/common/syscalls_stub.o
2026-10-02T09:53:16.670Z [179/222] Building C object secure_fw/spm/CMakeFiles/tfm_spm.dir/__/__/platform/ext/target/nordic_nrf/common/core/faults.o
2026-10-02T09:53:16.701Z [180/222] Building C object secure_fw/spm/CMakeFiles/tfm_spm.dir/__/partitions/ns_agent_tz/load_info_ns_agent_tz.o
2026-10-02T09:53:16.720Z [181/222] Building C object secure_fw/spm/CMakeFiles/tfm_spm.dir/__/__/platform/ext/target/nordic_nrf/common/core/secure_peripherals_defs.o
2026-10-02T09:53:16.721Z [182/222] Building C object secure_fw/spm/CMakeFiles/tfm_spm.dir/__/__/generated/secure_fw/partitions/crypto/auto_generated/load_info_tfm_crypto.o
2026-10-02T09:53:16.730Z [183/222] Building C object secure_fw/spm/CMakeFiles/tfm_spm.dir/__/__/lib/tfm_vprintf/src/tfm_vprintf.o
2026-10-02T09:53:16.737Z [184/222] Building C object secure_fw/spm/CMakeFiles/tfm_spm.dir/__/__/platform/ext/target/nordic_nrf/common/core/target_cfg.o
2026-10-02T09:53:16.801Z [185/222] Building C object secure_fw/spm/CMakeFiles/tfm_spm.dir/__/__/generated/secure_fw/partitions/platform/auto_generated/load_info_tfm_platform.o
2026-10-02T09:53:16.820Z [186/222] Building C object secure_fw/spm/CMakeFiles/tfm_spm.dir/__/__/platform/ext/target/nordic_nrf/common/core/tfm_hal_isolation.o
2026-10-02T09:53:16.867Z [187/222] Building C object secure_fw/CMakeFiles/tfm_s.dir/partitions/ns_agent_tz/psa_api_veneers_v80m.o
2026-10-02T09:53:16.887Z [188/222] Building C object secure_fw/CMakeFiles/tfm_s.dir/__/platform/ext/common/syscalls_stub.o
2026-10-02T09:53:16.899Z [189/222] Building C object secure_fw/CMakeFiles/tfm_s.dir/__/platform/ext/common/picolibc.o
2026-10-02T09:53:16.914Z [190/222] Building C object platform/target/nrf91/nrf_common/CMakeFiles/tfm_s_scatter.dir/__/__/__/__/generated/platform/ext/common/gcc/tfm_common_s.ld
2026-10-02T09:53:16.932Z [191/222] Building C object secure_fw/CMakeFiles/tfm_s.dir/__/generated/secure_fw/partitions/protected_storage/auto_generated/load_info_tfm_protected_storage.o
2026-10-02T09:53:16.942Z [192/222] Building C object secure_fw/CMakeFiles/tfm_s.dir/__/generated/secure_fw/partitions/platform/auto_generated/load_info_tfm_platform.o
2026-10-02T09:53:16.960Z [193/222] Building C object secure_fw/CMakeFiles/tfm_s.dir/__/generated/secure_fw/partitions/internal_trusted_storage/auto_generated/load_info_tfm_internal_trusted_storage.o
2026-10-02T09:53:16.968Z [194/222] Building C object secure_fw/spm/CMakeFiles/tfm_spm.dir/__/__/platform/ext/target/nordic_nrf/common/core/target_cfg_53_91.o
2026-10-02T09:53:16.969Z [195/222] Building C object secure_fw/CMakeFiles/tfm_s.dir/__/generated/secure_fw/partitions/crypto/auto_generated/load_info_tfm_crypto.o
2026-10-02T09:53:16.970Z [196/222] Building C object secure_fw/CMakeFiles/tfm_s.dir/__/platform/ext/common/faults.o
2026-10-02T09:53:16.974Z [197/222] Building C object lib/fih/CMakeFiles/tfm_fih.dir/src/fih.o
2026-10-02T09:53:16.975Z [198/222] Building C object secure_fw/CMakeFiles/tfm_s.dir/__/lib/tfm_vprintf/src/tfm_vprintf.o
2026-10-02T09:53:16.982Z [199/222] Building C object lib/tfm_log_unpriv/CMakeFiles/tfm_log_unpriv.dir/src/tfm_log_unpriv.o
2026-10-02T09:53:16.984Z [200/222] Linking C static library lib/fih/libtfm_fih.a
2026-10-02T09:53:17.001Z [201/222] Building C object lib/tfm_log_unpriv/CMakeFiles/tfm_log_unpriv.dir/__/__/platform/ext/common/picolibc.o
2026-10-02T09:53:17.002Z [202/222] Building C object lib/tfm_log_unpriv/CMakeFiles/tfm_log_unpriv.dir/__/__/platform/ext/common/syscalls_stub.o
2026-10-02T09:53:17.007Z [203/222] Building C object secure_fw/partitions/crypto/mbedcrypto/nrf_security_src/core/nrf_oberon/CMakeFiles/psa_core.dir/home/ashuqullah-alizai/ncs/v3.3.0/modules/crypto/oberon-psa-crypto/library/psa_crypto.o
2026-10-02T09:53:17.009Z [204/222] Building C object secure_fw/CMakeFiles/tfm_s.dir/__/platform/ext/target/nordic_nrf/common/core/startup.o
2026-10-02T09:53:17.014Z [205/222] Building C object secure_fw/partitions/lib/runtime/CMakeFiles/tfm_sprt.dir/__/__/__/__/interface/src/tfm_crypto_api.o
2026-10-02T09:53:17.017Z [206/222] Linking C static library secure_fw/partitions/crypto/mbedcrypto/nrf_security_src/core/nrf_oberon/libpsa_core.a
2026-10-02T09:53:17.027Z [207/222] Linking C static library secure_fw/partitions/crypto/mbedcrypto/nrf_security_src/libmbedcrypto_base.a
2026-10-02T09:53:17.036Z [208/222] Linking C static library secure_fw/partitions/crypto/mbedcrypto/nrf_security_src/libnrf_security_utils.a
2026-10-02T09:53:17.038Z [209/222] Building C object lib/tfm_log_unpriv/CMakeFiles/tfm_log_unpriv.dir/__/tfm_vprintf/src/tfm_vprintf.o
2026-10-02T09:53:17.043Z [210/222] Building C object secure_fw/CMakeFiles/tfm_s.dir/__/platform/ext/target/nordic_nrf/common/core/startup_nrf91.o
2026-10-02T09:53:17.043Z [211/222] Linking C static library secure_fw/partitions/crypto/mbedcrypto/nrf_security_src/libcrypto_service_mbedcrypto.a
2026-10-02T09:53:17.057Z [212/222] Linking C static library secure_fw/partitions/crypto/libtfm_psa_rot_partition_crypto.a
2026-10-02T09:53:17.064Z [213/222] Building C object secure_fw/CMakeFiles/tfm_s.dir/partitions/ns_agent_tz/load_info_ns_agent_tz.o
2026-10-02T09:53:17.065Z [214/222] Linking C static library secure_fw/partitions/lib/runtime/libtfm_sp_log.a
2026-10-02T09:53:17.081Z [215/222] Linking C static library secure_fw/partitions/lib/runtime/libtfm_sprt.a
2026-10-02T09:53:17.100Z [216/222] Linking C static library secure_fw/spm/libtfm_spm.a
2026-10-02T09:53:17.108Z [217/222] Linking C static library lib/tfm_log_unpriv/libtfm_log_unpriv.a
2026-10-02T09:53:17.188Z [218/222] Linking C executable bin/tfm_s.axf
2026-10-02T09:53:17.190Z Memory region         Used Size  Region Size  %age Used
2026-10-02T09:53:17.190Z            FLASH:       97724 B       256 KB     37.28%
2026-10-02T09:53:17.190Z              RAM:       48280 B        88 KB     53.58%
2026-10-02T09:53:17.192Z [219/222] Generating ../bin/tfm_s.bin
2026-10-02T09:53:17.195Z [220/222] Generating ../bin/tfm_s.hex
2026-10-02T09:53:17.196Z [221/222] Generating ../bin/tfm_s.elf
2026-10-02T09:53:17.200Z [222/222] Linking C static library secure_fw/libtfm_s_veneers.a
2026-10-02T09:53:17.256Z [19/405] Performing install step for 'tfm'
2026-10-02T09:53:17.256Z -- Install configuration: "MinSizeRel"
2026-10-02T09:53:17.256Z [0m----- Installing platform NS -----[0m
2026-10-02T09:53:17.265Z [20/405] Completed 'tfm'
2026-10-02T09:53:17.314Z [21/405] Building C object modules/nrf/subsys/nrf_security/src/CMakeFiles/mbedcrypto_base.dir/home/ashuqullah-alizai/ncs/v3.3.0/modules/crypto/mbedtls/library/base64.c.obj
2026-10-02T09:53:17.317Z [22/405] Building C object modules/nrf/subsys/nrf_security/src/CMakeFiles/mbedcrypto_base.dir/home/ashuqullah-alizai/ncs/v3.3.0/modules/crypto/mbedtls/library/nist_kw.c.obj
2026-10-02T09:53:17.322Z [23/405] Building C object modules/nrf/subsys/nrf_security/src/CMakeFiles/mbedcrypto_base.dir/home/ashuqullah-alizai/ncs/v3.3.0/modules/crypto/mbedtls/library/bignum_core.c.obj
2026-10-02T09:53:17.329Z [24/405] Building C object modules/nrf/subsys/nrf_security/src/CMakeFiles/mbedcrypto_base.dir/home/ashuqullah-alizai/ncs/v3.3.0/modules/crypto/mbedtls/library/padlock.c.obj
2026-10-02T09:53:17.332Z [25/405] Building C object modules/nrf/subsys/nrf_security/src/CMakeFiles/mbedcrypto_base.dir/home/ashuqullah-alizai/ncs/v3.3.0/modules/crypto/mbedtls/library/asn1parse.c.obj
2026-10-02T09:53:17.340Z [26/405] Building C object modules/nrf/subsys/nrf_security/src/CMakeFiles/mbedcrypto_base.dir/home/ashuqullah-alizai/ncs/v3.3.0/modules/crypto/mbedtls/library/asn1write.c.obj
2026-10-02T09:53:17.348Z [27/405] Building C object modules/nrf/subsys/nrf_security/src/CMakeFiles/mbedcrypto_base.dir/home/ashuqullah-alizai/ncs/v3.3.0/modules/crypto/mbedtls/library/version.c.obj
2026-10-02T09:53:17.349Z [28/405] Building C object modules/nrf/subsys/nrf_security/src/CMakeFiles/mbedcrypto_base.dir/home/ashuqullah-alizai/ncs/v3.3.0/modules/crypto/mbedtls/library/bignum.c.obj
2026-10-02T09:53:17.354Z [29/405] Building C object modules/nrf/subsys/nrf_security/src/CMakeFiles/mbedcrypto_base.dir/home/ashuqullah-alizai/ncs/v3.3.0/modules/crypto/mbedtls/library/constant_time.c.obj
2026-10-02T09:53:17.374Z [30/405] Building C object modules/nrf/subsys/nrf_security/src/CMakeFiles/mbedcrypto_base.dir/home/ashuqullah-alizai/ncs/v3.3.0/modules/crypto/oberon-psa-crypto/library/platform.c.obj
2026-10-02T09:53:17.376Z [31/405] Building C object modules/nrf/subsys/nrf_security/src/CMakeFiles/mbedcrypto.dir/home/ashuqullah-alizai/ncs/v3.3.0/modules/crypto/mbedtls/library/pem.c.obj
2026-10-02T09:53:17.388Z [32/405] Building C object modules/nrf/subsys/nrf_security/src/CMakeFiles/mbedcrypto_base.dir/home/ashuqullah-alizai/ncs/v3.3.0/modules/crypto/mbedtls/library/oid.c.obj
2026-10-02T09:53:17.389Z [33/405] Building C object modules/nrf/subsys/nrf_security/src/CMakeFiles/mbedcrypto.dir/home/ashuqullah-alizai/ncs/v3.3.0/modules/crypto/mbedtls/library/pkcs12.c.obj
2026-10-02T09:53:17.401Z [34/405] Building C object modules/nrf/subsys/nrf_security/src/CMakeFiles/mbedcrypto.dir/home/ashuqullah-alizai/ncs/v3.3.0/modules/crypto/mbedtls/library/pkparse.c.obj
2026-10-02T09:53:17.449Z [35/405] Building C object modules/nrf/subsys/nrf_security/src/CMakeFiles/mbedcrypto.dir/home/ashuqullah-alizai/ncs/v3.3.0/modules/crypto/mbedtls/library/pkwrite.c.obj
2026-10-02T09:53:17.449Z [36/405] Building C object modules/nrf/subsys/nrf_security/src/CMakeFiles/mbedcrypto.dir/home/ashuqullah-alizai/ncs/v3.3.0/modules/crypto/mbedtls/library/pkcs5.c.obj
2026-10-02T09:53:17.449Z [37/405] Building C object modules/nrf/subsys/nrf_security/src/CMakeFiles/mbedcrypto.dir/home/ashuqullah-alizai/ncs/v3.3.0/modules/crypto/mbedtls/library/dhm.c.obj
2026-10-02T09:53:17.449Z [38/405] Building C object modules/nrf/subsys/nrf_security/src/CMakeFiles/mbedcrypto.dir/home/ashuqullah-alizai/ncs/v3.3.0/modules/crypto/mbedtls/library/cipher.c.obj
2026-10-02T09:53:17.449Z [39/405] Building C object modules/nrf/subsys/nrf_security/src/CMakeFiles/mbedcrypto.dir/home/ashuqullah-alizai/ncs/v3.3.0/modules/crypto/mbedtls/library/md.c.obj
2026-10-02T09:53:17.455Z [40/405] Building C object modules/nrf/subsys/nrf_security/src/CMakeFiles/mbedcrypto.dir/home/ashuqullah-alizai/ncs/v3.3.0/modules/crypto/mbedtls/library/pk.c.obj
2026-10-02T09:53:17.463Z [41/405] Building C object modules/nrf/subsys/nrf_security/src/CMakeFiles/mbedcrypto.dir/home/ashuqullah-alizai/ncs/v3.3.0/modules/crypto/mbedtls/library/cipher_wrap.c.obj
2026-10-02T09:53:17.485Z [42/405] Building C object modules/nrf/subsys/nrf_security/src/CMakeFiles/mbedcrypto.dir/home/ashuqullah-alizai/ncs/v3.3.0/modules/crypto/mbedtls/library/pk_wrap.c.obj
2026-10-02T09:53:17.488Z [43/405] Building C object modules/nrf/subsys/nrf_security/src/CMakeFiles/mbedcrypto.dir/home/ashuqullah-alizai/ncs/v3.3.0/modules/crypto/mbedtls/library/sha256.c.obj
2026-10-02T09:53:17.489Z [44/405] Building C object modules/nrf/subsys/nrf_security/src/CMakeFiles/mbedcrypto.dir/home/ashuqullah-alizai/ncs/v3.3.0/modules/crypto/mbedtls/library/sha512.c.obj
2026-10-02T09:53:17.491Z [45/405] Building C object zephyr/CMakeFiles/offsets.dir/arch/arm/core/offsets/offsets.c.obj
2026-10-02T09:53:17.494Z [46/405] Building C object modules/nrf/subsys/nrf_security/src/CMakeFiles/mbedcrypto.dir/home/ashuqullah-alizai/ncs/v3.3.0/modules/crypto/mbedtls/library/pk_ecc.c.obj
2026-10-02T09:53:17.497Z [47/405] Building C object modules/nrf/subsys/nrf_security/src/CMakeFiles/mbedcrypto.dir/home/ashuqullah-alizai/ncs/v3.3.0/modules/crypto/mbedtls/library/sha3.c.obj
2026-10-02T09:53:17.507Z [48/405] Building C object modules/nrf/subsys/nrf_security/src/CMakeFiles/mbedcrypto.dir/home/ashuqullah-alizai/ncs/v3.3.0/modules/crypto/mbedtls/library/sha1.c.obj
2026-10-02T09:53:17.523Z [49/405] Building C object modules/nrf/subsys/nrf_security/src/CMakeFiles/mbedcrypto.dir/home/ashuqullah-alizai/ncs/v3.3.0/modules/crypto/mbedtls/library/md5.c.obj
2026-10-02T09:53:17.526Z [50/405] Building C object modules/nrf/subsys/nrf_security/src/CMakeFiles/nrf_security_utils.dir/utils/nrf_security_core.c.obj
2026-10-02T09:53:17.532Z [51/405] Building C object modules/nrf/subsys/nrf_security/src/CMakeFiles/nrf_security_utils.dir/utils/nrf_security_events.c.obj
2026-10-02T09:53:17.543Z [52/405] Building C object modules/nrf/subsys/nrf_security/src/CMakeFiles/mbedcrypto.dir/home/ashuqullah-alizai/ncs/v3.3.0/modules/crypto/mbedtls/library/psa_util.c.obj
2026-10-02T09:53:17.545Z [53/405] Building C object modules/nrf/subsys/nrf_security/src/CMakeFiles/mbedcrypto.dir/home/ashuqullah-alizai/ncs/v3.3.0/modules/crypto/mbedtls/library/cmac.c.obj
2026-10-02T09:53:17.549Z [54/405] Building C object modules/nrf/subsys/nrf_security/src/CMakeFiles/mbedcrypto.dir/home/ashuqullah-alizai/ncs/v3.3.0/modules/crypto/mbedtls/library/ccm.c.obj
2026-10-02T09:53:17.553Z [55/405] Building C object modules/nrf/subsys/nrf_security/src/CMakeFiles/mbedcrypto.dir/home/ashuqullah-alizai/ncs/v3.3.0/modules/crypto/mbedtls/library/aesni.c.obj
2026-10-02T09:53:17.555Z [56/405] Building C object modules/nrf/subsys/nrf_security/src/CMakeFiles/mbedcrypto.dir/home/ashuqullah-alizai/ncs/v3.3.0/modules/crypto/mbedtls/library/aes.c.obj
2026-10-02T09:53:17.558Z [57/405] Building C object modules/nrf/subsys/nrf_security/src/CMakeFiles/nrf_security_utils.dir/utils/nrf_security_mutexes.c.obj
2026-10-02T09:53:17.578Z [58/405] Building C object modules/nrf/subsys/nrf_security/src/CMakeFiles/mbedcrypto.dir/home/ashuqullah-alizai/ncs/v3.3.0/modules/crypto/mbedtls/library/chachapoly.c.obj
2026-10-02T09:53:17.579Z [59/405] Building C object modules/nrf/subsys/nrf_security/src/CMakeFiles/mbedcrypto_base.dir/home/ashuqullah-alizai/ncs/v3.3.0/modules/crypto/oberon-psa-crypto/library/platform_util.c.obj
2026-10-02T09:53:17.579Z [60/405] Building C object modules/nrf/subsys/nrf_security/src/CMakeFiles/mbedcrypto_base.dir/threading/threading_alt.c.obj
2026-10-02T09:53:17.580Z [61/405] Building C object modules/nrf/subsys/nrf_security/src/CMakeFiles/mbedcrypto.dir/home/ashuqullah-alizai/ncs/v3.3.0/modules/crypto/mbedtls/library/ecdh.c.obj
2026-10-02T09:53:17.582Z [62/405] Building C object modules/nrf/subsys/nrf_security/src/CMakeFiles/mbedcrypto.dir/home/ashuqullah-alizai/ncs/v3.3.0/modules/crypto/mbedtls/library/ecp.c.obj
2026-10-02T09:53:17.583Z [63/405] Linking C static library modules/nrf/subsys/nrf_security/src/libnrf_security_utils.a
2026-10-02T09:53:17.587Z [64/405] Building C object modules/nrf/subsys/nrf_security/src/CMakeFiles/mbedcrypto.dir/home/ashuqullah-alizai/ncs/v3.3.0/modules/crypto/mbedtls/library/ecp_curves.c.obj
2026-10-02T09:53:17.588Z [65/405] Building C object modules/nrf/subsys/nrf_security/src/CMakeFiles/mbedcrypto.dir/home/ashuqullah-alizai/ncs/v3.3.0/modules/crypto/mbedtls/library/gcm.c.obj
2026-10-02T09:53:17.598Z [66/405] Building C object modules/nrf/subsys/nrf_security/src/CMakeFiles/mbedcrypto.dir/home/ashuqullah-alizai/ncs/v3.3.0/modules/crypto/mbedtls/library/aesce.c.obj
2026-10-02T09:53:17.599Z [67/405] Building C object modules/nrf/subsys/nrf_security/src/CMakeFiles/mbedcrypto.dir/home/ashuqullah-alizai/ncs/v3.3.0/modules/crypto/mbedtls/library/block_cipher.c.obj
2026-10-02T09:53:17.601Z [68/405] Building C object modules/nrf/subsys/nrf_security/src/CMakeFiles/mbedcrypto.dir/home/ashuqullah-alizai/ncs/v3.3.0/modules/crypto/mbedtls/library/hmac_drbg.c.obj
2026-10-02T09:53:17.609Z [69/405] Building C object modules/nrf/subsys/nrf_security/src/CMakeFiles/mbedcrypto.dir/home/ashuqullah-alizai/ncs/v3.3.0/modules/crypto/mbedtls/library/rsa.c.obj
2026-10-02T09:53:17.612Z [70/405] Building C object modules/nrf/subsys/nrf_security/src/CMakeFiles/mbedcrypto.dir/home/ashuqullah-alizai/ncs/v3.3.0/modules/crypto/mbedtls/library/ecp_curves_new.c.obj
2026-10-02T09:53:17.615Z [71/405] Linking C static library modules/nrf/subsys/nrf_security/src/libmbedcrypto_base.a
2026-10-02T09:53:17.615Z [72/405] Building C object modules/nrf/subsys/nrf_security/src/CMakeFiles/mbedcrypto.dir/home/ashuqullah-alizai/ncs/v3.3.0/modules/crypto/mbedtls/library/ctr_drbg.c.obj
2026-10-02T09:53:17.618Z [73/405] Building C object modules/nrf/subsys/nrf_security/src/CMakeFiles/mbedcrypto.dir/home/ashuqullah-alizai/ncs/v3.3.0/modules/crypto/mbedtls/library/rsa_alt_helpers.c.obj
2026-10-02T09:53:17.622Z [74/405] Building C object modules/nrf/subsys/nrf_security/src/CMakeFiles/mbedcrypto.dir/legacy/ecjpake_oberon.c.obj
2026-10-02T09:53:17.626Z [75/405] Building C object modules/nrf/subsys/nrf_security/src/CMakeFiles/mbedcrypto.dir/legacy/md_ext.c.obj
2026-10-02T09:53:17.631Z [76/405] Building C object modules/nrf/subsys/nrf_security/src/CMakeFiles/mbedcrypto.dir/legacy/ecdsa_oberon.c.obj
2026-10-02T09:53:17.634Z [77/405] Building C object modules/nrf/subsys/nrf_security/src/CMakeFiles/mbedcrypto.dir/home/ashuqullah-alizai/ncs/v3.3.0/modules/crypto/mbedtls/library/entropy.c.obj
2026-10-02T09:53:17.636Z [78/405] Building C object modules/nrf/subsys/nrf_security/src/CMakeFiles/mbedcrypto.dir/home/ashuqullah-alizai/ncs/v3.3.0/modules/crypto/mbedtls/library/hkdf.c.obj
2026-10-02T09:53:17.663Z [79/405] Linking C static library modules/nrf/subsys/nrf_security/src/libmbedcrypto.a
2026-10-02T09:53:17.672Z [80/405] Generating include/generated/zephyr/offsets.h
2026-10-02T09:53:17.698Z [81/405] Building C object modules/trusted-firmware-m/CMakeFiles/tfm_api.dir/__/__/tfm/api_ns/interface/src/tfm_platform_api.c.obj
2026-10-02T09:53:17.702Z [82/405] Building C object modules/trusted-firmware-m/CMakeFiles/tfm_api.dir/src/zephyr_tfm_log.c.obj
2026-10-02T09:53:17.704Z [83/405] Building C object CMakeFiles/app.dir/home/ashuqullah-alizai/ncs/v3.3.0/nrfxlib/nrf_modem/shmem.c.obj
2026-10-02T09:53:17.710Z [84/405] Building C object modules/trusted-firmware-m/CMakeFiles/tfm_api.dir/__/__/tfm/api_ns/interface/src/tfm_ps_api.c.obj
2026-10-02T09:53:17.715Z [85/405] Building C object modules/trusted-firmware-m/CMakeFiles/tfm_api.dir/__/__/tfm/api_ns/interface/src/tfm_its_api.c.obj
2026-10-02T09:53:17.718Z [86/405] Building C object modules/trusted-firmware-m/CMakeFiles/tfm_api.dir/__/__/tfm/api_ns/interface/src/tfm_tz_psa_ns_api.c.obj
2026-10-02T09:53:17.875Z [87/405] Generating ../../../include/generated/posix/strsignal_table.h
2026-10-02T09:53:17.900Z [88/405] Building C object CMakeFiles/app.dir/src/main.c.obj
2026-10-02T09:53:17.927Z [89/405] Building C object modules/trusted-firmware-m/CMakeFiles/tfm_api.dir/interface/interface.c.obj
2026-10-02T09:53:17.944Z [90/405] Building C object CMakeFiles/app.dir/src/dect/dect_phy_ctrl_scheduler_integration.c.obj
2026-10-02T09:53:17.951Z [91/405] Building C object zephyr/arch/common/CMakeFiles/isr_tables.dir/isr_tables.c.obj
2026-10-02T09:53:17.966Z [92/405] Building C object CMakeFiles/app.dir/src/shell.c.obj
2026-10-02T09:53:18.004Z [93/405] Building C object modules/trusted-firmware-m/CMakeFiles/tfm_api.dir/__/__/tfm/api_ns/interface/src/tfm_crypto_api.c.obj
2026-10-02T09:53:18.010Z [94/405] Building C object CMakeFiles/app.dir/src/print/print_shell.c.obj
2026-10-02T09:53:18.029Z [95/405] Building C object modules/trusted-firmware-m/CMakeFiles/tfm_api.dir/__/__/tfm/api_ns/interface/src/tfm_ioctl_core_ns_api.c.obj
2026-10-02T09:53:18.064Z [96/405] Building C object CMakeFiles/app.dir/src/dect/dect_phy_rx.c.obj
2026-10-02T09:53:18.077Z [97/405] Building C object CMakeFiles/app.dir/src/utils/desh_print.c.obj
2026-10-02T09:53:18.086Z [98/405] Building C object CMakeFiles/app.dir/src/dect/dect_phy_scan.c.obj
2026-10-02T09:53:18.121Z [99/405] Building C object CMakeFiles/app.dir/src/dect/dect_phy_ctrl.c.obj
2026-10-02T09:53:18.132Z [100/405] Building C object CMakeFiles/app.dir/src/dect/common/dect_app_time.c.obj
2026-10-02T09:53:18.213Z [101/405] Building C object CMakeFiles/app.dir/src/dect/common/dect_common_utils.c.obj
2026-10-02T09:53:18.290Z [102/405] Building C object CMakeFiles/app.dir/src/dect/common/dect_common_settings.c.obj
2026-10-02T09:53:18.297Z [103/405] Building C object CMakeFiles/app.dir/src/dect/ping/dect_phy_ping_pdu.c.obj
2026-10-02T09:53:18.306Z [104/405] Building C object CMakeFiles/app.dir/src/dect/common/dect_phy_api_scheduler.c.obj
2026-10-02T09:53:18.327Z [105/405] Building C object CMakeFiles/app.dir/src/dect/perf/dect_phy_perf_pdu.c.obj
2026-10-02T09:53:18.332Z [106/405] Building C object CMakeFiles/app.dir/src/dect/common/dect_phy_common_rx.c.obj
2026-10-02T09:53:18.347Z [107/405] Building C object CMakeFiles/app.dir/src/dect/common/dect_common_pdu.c.obj
2026-10-02T09:53:18.357Z [108/405] Building C object CMakeFiles/app.dir/src/dect/ping/dect_phy_ping.c.obj
2026-10-02T09:53:18.415Z [109/405] Building C object CMakeFiles/app.dir/src/dect/rf_tool/dect_phy_rf_tool.c.obj
2026-10-02T09:53:18.418Z [110/405] Building C object CMakeFiles/app.dir/src/dect/perf/dect_phy_perf.c.obj
2026-10-02T09:53:18.892Z [111/405] Building C object CMakeFiles/app.dir/src/dect/dect_phy_shell.c.obj
2026-10-02T09:53:18.892Z [31mFAILED: [code=1] [0mCMakeFiles/app.dir/src/dect/dect_phy_shell.c.obj 
2026-10-02T09:53:18.893Z ccache /home/ashuqullah-alizai/ncs/toolchains/911f4c5c26/opt/zephyr-sdk/arm-zephyr-eabi/bin/arm-zephyr-eabi-gcc -DKERNEL -DK_HEAP_MEM_POOL_SIZE=40960 -DMBEDTLS_CONFIG_FILE=\"nrf-config.h\" -DMBEDTLS_PSA_CRYPTO_CONFIG_FILE=\"nrf-psa-crypto-config.h\" -DNRF54L_CONFIGURATION_56_ENABLE=0 -DNRF9120_XXAA -DNRF_SKIP_FICR_NS_COPY_TO_RAM -DNRF_TRUSTZONE_NONSECURE -DTFM_PSA_API -DUSE_PARTITION_MANAGER=1 -DZVFS_OPEN_SIZE=12 -D_ANSI_SOURCE -D_POSIX_CLOCK_SELECTION=200809L -D_POSIX_CPUTIME=200809L -D_POSIX_C_SOURCE=200809L -D_POSIX_MONOTONIC_CLOCK=200809L -D_POSIX_MULTI_PROCESS=200809L -D_POSIX_REALTIME_SIGNALS=200809L -D_POSIX_THREADS=200809L -D_POSIX_THREAD_SAFE_FUNCTIONS=200809L -D_POSIX_TIMERS=200809L -D__LINUX_ERRNO_EXTENSIONS__ -D__PROGRAM_START -D__ZEPHYR__=1 -I/home/ashuqullah-alizai/Documents/DECT_2020_GIT/HS_DECT_SHELL/src -I/home/ashuqullah-alizai/Documents/DECT_2020_GIT/HS_DECT_SHELL/src/utils/. -I/home/ashuqullah-alizai/Documents/DECT_2020_GIT/HS_DECT_SHELL/src/dect/. -I/home/ashuqullah-alizai/Documents/DECT_2020_GIT/HS_DECT_SHELL/src/dect/common/. -I/home/ashuqullah-alizai/Documents/DECT_2020_GIT/HS_DECT_SHELL/src/dect/ping/. -I/home/ashuqullah-alizai/Documents/DECT_2020_GIT/HS_DECT_SHELL/src/dect/perf/. -I/home/ashuqullah-alizai/Documents/DECT_2020_GIT/HS_DECT_SHELL/src/dect/rf_tool/. -I/home/ashuqullah-alizai/Documents/DECT_2020_GIT/HS_DECT_SHELL/src/dect/mac/. -I/home/ashuqullah-alizai/Documents/DECT_2020_GIT/HS_DECT_SHELL/src/startup_cmd/. -I/home/ashuqullah-alizai/Documents/DECT_2020_GIT/HS_DECT_SHELL/build/HS_DECT_SHELL/zephyr/include/generated/zephyr -I/home/ashuqullah-alizai/ncs/v3.3.0/zephyr/include -I/home/ashuqullah-alizai/Documents/DECT_2020_GIT/HS_DECT_SHELL/build/HS_DECT_SHELL/zephyr/include/generated -I/home/ashuqullah-alizai/ncs/v3.3.0/zephyr/soc/nordic -I/home/ashuqullah-alizai/ncs/v3.3.0/zephyr/lib/libc/newlib/include -I/home/ashuqullah-alizai/ncs/v3.3.0/zephyr/lib/posix/c_lib_ext/getopt -I/home/ashuqullah-alizai/ncs/v3.3.0/zephyr/include/zephyr/posix -I/home/ashuqullah-alizai/ncs/v3.3.0/zephyr/lib/midi2/. -I/home/ashuqullah-alizai/ncs/v3.3.0/zephyr/soc/nordic/nrf91/. -I/home/ashuqullah-alizai/ncs/v3.3.0/zephyr/soc/nordic/common/. -I/home/ashuqullah-alizai/ncs/v3.3.0/zephyr/subsys/settings/include -I/home/ashuqullah-alizai/ncs/v3.3.0/zephyr/subsys/shell/modules/kernel_service/thread/.. -I/home/ashuqullah-alizai/ncs/v3.3.0/nrf/include -I/home/ashuqullah-alizai/Documents/DECT_2020_GIT/HS_DECT_SHELL/build/HS_DECT_SHELL/tfm/api_ns/interface/include -I/home/ashuqullah-alizai/ncs/v3.3.0/nrf/subsys/settings/include -I/home/ashuqullah-alizai/ncs/v3.3.0/nrf/modules/trusted-firmware-m/. -I/home/ashuqullah-alizai/ncs/v3.3.0/nrf/include/tfm -I/home/ashuqullah-alizai/ncs/v3.3.0/nrf/tests/include -I/home/ashuqullah-alizai/ncs/v3.3.0/modules/hal/cmsis_6/CMSIS/Core/Include -I/home/ashuqullah-alizai/ncs/v3.3.0/zephyr/modules/cmsis_6/. -I/home/ashuqullah-alizai/ncs/v3.3.0/nrf/modules/hal_nordic/. -I/home/ashuqullah-alizai/ncs/v3.3.0/modules/hal/nordic/nrfx -I/home/ashuqullah-alizai/ncs/v3.3.0/modules/hal/nordic/nrfx/drivers/include -I/home/ashuqullah-alizai/ncs/v3.3.0/modules/hal/nordic/nrfx/bsp/stable -I/home/ashuqullah-alizai/ncs/v3.3.0/modules/hal/nordic/nrfx/bsp/stable/templates -I/home/ashuqullah-alizai/ncs/v3.3.0/zephyr/modules/hal_nordic/nrfx/. -I/home/ashuqullah-alizai/ncs/v3.3.0/modules/hal/st/sensor/inc -I/home/ashuqullah-alizai/ncs/v3.3.0/nrfxlib/nrf_modem/include -I/home/ashuqullah-alizai/Documents/DECT_2020_GIT/HS_DECT_SHELL/src/print/. -I/home/ashuqullah-alizai/Documents/DECT_2020_GIT/HS_DECT_SHELL/build/HS_DECT_SHELL/generated/interface_nrf_security_psa -I/home/ashuqullah-alizai/ncs/v3.3.0/nrf/subsys/nrf_security/include -I/home/ashuqullah-alizai/ncs/v3.3.0/modules/crypto/oberon-psa-crypto/include -I/home/ashuqullah-alizai/ncs/v3.3.0/nrf/subsys/nrf_security/src/threading/include -I/home/ashuqullah-alizai/ncs/v3.3.0/nrf/subsys/nrf_security/src/utils -I/home/ashuqullah-alizai/ncs/v3.3.0/modules/crypto/oberon-psa-crypto/library -I/home/ashuqullah-alizai/ncs/v3.3.0/modules/crypto/mbedtls/library -I/home/ashuqullah-alizai/ncs/v3.3.0/modules/crypto/mbedtls/include -I/home/ashuqullah-alizai/ncs/v3.3.0/modules/crypto/mbedtls/include/library -I/home/ashuqullah-alizai/ncs/v3.3.0/nrfxlib/crypto/nrf_oberon/include -I/home/ashuqullah-alizai/ncs/v3.3.0/nrfxlib/crypto/nrf_oberon/include/mbedtls -isystem /home/ashuqullah-alizai/ncs/v3.3.0/zephyr/lib/libc/common/include -fno-strict-aliasing -Os -imacros /home/ashuqullah-alizai/Documents/DECT_2020_GIT/HS_DECT_SHELL/build/HS_DECT_SHELL/zephyr/include/generated/zephyr/autoconf.h -fno-common -g -gdwarf-4 -fdiagnostics-color=always -mcpu=cortex-m33 -mthumb -mabi=aapcs -mfpu=fpv5-sp-d16 -mfloat-abi=hard -mfp16-format=ieee --sysroot=/home/ashuqullah-alizai/ncs/toolchains/911f4c5c26/opt/zephyr-sdk/arm-zephyr-eabi/arm-zephyr-eabi -imacros /home/ashuqullah-alizai/ncs/v3.3.0/zephyr/include/zephyr/toolchain/zephyr_stdint.h -Wall -Wformat -Wformat-security -Wno-format-zero-length -Wdouble-promotion -Wno-pointer-sign -Wpointer-arith -Wexpansion-to-defined -Wno-unused-but-set-variable -Werror=implicit-int -fno-pic -fno-pie -fno-asynchronous-unwind-tables -fno-reorder-functions --param=min-pagesize=0 -fno-defer-pop -fmacro-prefix-map=/home/ashuqullah-alizai/Documents/DECT_2020_GIT/HS_DECT_SHELL=CMAKE_SOURCE_DIR -fmacro-prefix-map=/home/ashuqullah-alizai/ncs/v3.3.0/zephyr=ZEPHYR_BASE -fmacro-prefix-map=/home/ashuqullah-alizai/ncs/v3.3.0=WEST_TOPDIR -ffunction-sections -fdata-sections -specs=nano.specs -std=c17 -MD -MT CMakeFiles/app.dir/src/dect/dect_phy_shell.c.obj -MF CMakeFiles/app.dir/src/dect/dect_phy_shell.c.obj.d -o CMakeFiles/app.dir/src/dect/dect_phy_shell.c.obj -c /home/ashuqullah-alizai/Documents/DECT_2020_GIT/HS_DECT_SHELL/src/dect/dect_phy_shell.c
2026-10-02T09:53:18.893Z [01m[K/home/ashuqullah-alizai/Documents/DECT_2020_GIT/HS_DECT_SHELL/src/dect/dect_phy_shell.c:[m[K In function '[01m[Khs_dect_assign_default_pt_slots[m[K':
2026-10-02T09:53:18.893Z [01m[K/home/ashuqullah-alizai/Documents/DECT_2020_GIT/HS_DECT_SHELL/src/dect/dect_phy_shell.c:135:9:[m[K [01;35m[Kwarning: [m[Kimplicit declaration of function '[01m[Khsa_dect_assign_default_pt_slots[m[K'; did you mean '[01m[Khs_dect_assign_default_pt_slots[m[K'? [[01;35m[K-Wimplicit-function-declaration[m[K]
2026-10-02T09:53:18.893Z   135 |         [01;35m[Khsa_dect_assign_default_pt_slots[m[K(s);
2026-10-02T09:53:18.893Z       |         [01;35m[K^~~~~~~~~~~~~~~~~~~~~~~~~~~~~~~~[m[K
2026-10-02T09:53:18.893Z       |         [32m[Khs_dect_assign_default_pt_slots[m[K
2026-10-02T09:53:18.893Z [01m[K/home/ashuqullah-alizai/Documents/DECT_2020_GIT/HS_DECT_SHELL/src/dect/dect_phy_shell.c:[m[K In function '[01m[Kdect_phy_perf_cmd[m[K':
2026-10-02T09:53:18.893Z [01m[K/home/ashuqullah-alizai/Documents/DECT_2020_GIT/HS_DECT_SHELL/src/dect/dect_phy_shell.c:269:9:[m[K [01;31m[Kerror: [m[K'[01m[Koptreset[m[K' undeclared (first use in this function)
2026-10-02T09:53:18.893Z   269 |         [01;31m[Koptreset[m[K = 1;
2026-10-02T09:53:18.893Z       |         [01;31m[K^~~~~~~~[m[K
2026-10-02T09:53:18.893Z [01m[K/home/ashuqullah-alizai/Documents/DECT_2020_GIT/HS_DECT_SHELL/src/dect/dect_phy_shell.c:269:9:[m[K [01;36m[Knote: [m[Keach undeclared identifier is reported only once for each function it appears in
2026-10-02T09:53:18.893Z [01m[K/home/ashuqullah-alizai/Documents/DECT_2020_GIT/HS_DECT_SHELL/src/dect/dect_phy_shell.c:270:9:[m[K [01;31m[Kerror: [m[K'[01m[Koptind[m[K' undeclared (first use in this function); did you mean '[01m[Koption[m[K'?
2026-10-02T09:53:18.893Z   270 |         [01;31m[Koptind[m[K = 1;
2026-10-02T09:53:18.893Z       |         [01;31m[K^~~~~~[m[K
2026-10-02T09:53:18.893Z       |         [32m[Koption[m[K
2026-10-02T09:53:18.893Z [01m[K/home/ashuqullah-alizai/Documents/DECT_2020_GIT/HS_DECT_SHELL/src/dect/dect_phy_shell.c:321:53:[m[K [01;31m[Kerror: [m[K'[01m[Koptarg[m[K' undeclared (first use in this function)
2026-10-02T09:53:18.894Z   321 |                         params.duration_secs = atoi([01;31m[Koptarg[m[K);
2026-10-02T09:53:18.894Z       |                                                     [01;31m[K^~~~~~[m[K
2026-10-02T09:53:18.894Z [01m[K/home/ashuqullah-alizai/Documents/DECT_2020_GIT/HS_DECT_SHELL/src/dect/dect_phy_shell.c:[m[K In function '[01m[Kdect_phy_rf_tool_cmd[m[K':
2026-10-02T09:53:18.894Z [01m[K/home/ashuqullah-alizai/Documents/DECT_2020_GIT/HS_DECT_SHELL/src/dect/dect_phy_shell.c:578:9:[m[K [01;31m[Kerror: [m[K'[01m[Koptreset[m[K' undeclared (first use in this function)
2026-10-02T09:53:18.894Z   578 |         [01;31m[Koptreset[m[K = 1;
2026-10-02T09:53:18.894Z       |         [01;31m[K^~~~~~~~[m[K
2026-10-02T09:53:18.894Z [01m[K/home/ashuqullah-alizai/Documents/DECT_2020_GIT/HS_DECT_SHELL/src/dect/dect_phy_shell.c:579:9:[m[K [01;31m[Kerror: [m[K'[01m[Koptind[m[K' undeclared (first use in this function); did you mean '[01m[Koption[m[K'?
2026-10-02T09:53:18.894Z   579 |         [01;31m[Koptind[m[K = 1;
2026-10-02T09:53:18.894Z       |         [01;31m[K^~~~~~[m[K
2026-10-02T09:53:18.894Z       |         [32m[Koption[m[K
2026-10-02T09:53:18.894Z [01m[K/home/ashuqullah-alizai/Documents/DECT_2020_GIT/HS_DECT_SHELL/src/dect/dect_phy_shell.c:619:36:[m[K [01;31m[Kerror: [m[K'[01m[Koptarg[m[K' undeclared (first use in this function)
2026-10-02T09:53:18.894Z   619 |                         if (strcmp([01;31m[Koptarg[m[K, "rx") == 0) {
2026-10-02T09:53:18.894Z       |                                    [01;31m[K^~~~~~[m[K
2026-10-02T09:53:18.898Z [01m[K/home/ashuqullah-alizai/Documents/DECT_2020_GIT/HS_DECT_SHELL/src/dect/dect_phy_shell.c:[m[K In function '[01m[Kdect_phy_ping_cmd[m[K':
2026-10-02T09:53:18.898Z [01m[K/home/ashuqullah-alizai/Documents/DECT_2020_GIT/HS_DECT_SHELL/src/dect/dect_phy_shell.c:899:9:[m[K [01;31m[Kerror: [m[K'[01m[Koptreset[m[K' undeclared (first use in this function)
2026-10-02T09:53:18.898Z   899 |         [01;31m[Koptreset[m[K = 1;
2026-10-02T09:53:18.899Z       |         [01;31m[K^~~~~~~~[m[K
2026-10-02T09:53:18.899Z [01m[K/home/ashuqullah-alizai/Documents/DECT_2020_GIT/HS_DECT_SHELL/src/dect/dect_phy_shell.c:900:9:[m[K [01;31m[Kerror: [m[K'[01m[Koptind[m[K' undeclared (first use in this function); did you mean '[01m[Koption[m[K'?
2026-10-02T09:53:18.899Z   900 |         [01;31m[Koptind[m[K = 1;
2026-10-02T09:53:18.899Z       |         [01;31m[K^~~~~~[m[K
2026-10-02T09:53:18.899Z       |         [32m[Koption[m[K
2026-10-02T09:53:18.899Z [01m[K/home/ashuqullah-alizai/Documents/DECT_2020_GIT/HS_DECT_SHELL/src/dect/dect_phy_shell.c:948:53:[m[K [01;31m[Kerror: [m[K'[01m[Koptarg[m[K' undeclared (first use in this function)
2026-10-02T09:53:18.899Z   948 |                         params.timeout_msecs = atoi([01;31m[Koptarg[m[K);
2026-10-02T09:53:18.902Z       |                                                     [01;31m[K^~~~~~[m[K
2026-10-02T09:53:18.902Z [01m[K/home/ashuqullah-alizai/Documents/DECT_2020_GIT/HS_DECT_SHELL/src/dect/dect_phy_shell.c:[m[K In function '[01m[Kdect_phy_activate_cmd[m[K':
2026-10-02T09:53:18.903Z [01m[K/home/ashuqullah-alizai/Documents/DECT_2020_GIT/HS_DECT_SHELL/src/dect/dect_phy_shell.c:1107:9:[m[K [01;31m[Kerror: [m[K'[01m[Koptreset[m[K' undeclared (first use in this function)
2026-10-02T09:53:18.903Z  1107 |         [01;31m[Koptreset[m[K = 1;
2026-10-02T09:53:18.903Z       |         [01;31m[K^~~~~~~~[m[K
2026-10-02T09:53:18.903Z [01m[K/home/ashuqullah-alizai/Documents/DECT_2020_GIT/HS_DECT_SHELL/src/dect/dect_phy_shell.c:1108:9:[m[K [01;31m[Kerror: [m[K'[01m[Koptind[m[K' undeclared (first use in this function); did you mean '[01m[Koption[m[K'?
2026-10-02T09:53:18.903Z  1108 |         [01;31m[Koptind[m[K = 1;
2026-10-02T09:53:18.903Z       |         [01;31m[K^~~~~~[m[K
2026-10-02T09:53:18.903Z       |         [32m[Koption[m[K
2026-10-02T09:53:18.903Z [01m[K/home/ashuqullah-alizai/Documents/DECT_2020_GIT/HS_DECT_SHELL/src/dect/dect_phy_shell.c:[m[K In function '[01m[Kdect_phy_radio_mode_cmd[m[K':
2026-10-02T09:53:18.903Z [01m[K/home/ashuqullah-alizai/Documents/DECT_2020_GIT/HS_DECT_SHELL/src/dect/dect_phy_shell.c:1182:9:[m[K [01;31m[Kerror: [m[K'[01m[Koptreset[m[K' undeclared (first use in this function)
2026-10-02T09:53:18.903Z  1182 |         [01;31m[Koptreset[m[K = 1;
2026-10-02T09:53:18.903Z       |         [01;31m[K^~~~~~~~[m[K
2026-10-02T09:53:18.903Z [01m[K/home/ashuqullah-alizai/Documents/DECT_2020_GIT/HS_DECT_SHELL/src/dect/dect_phy_shell.c:1183:9:[m[K [01;31m[Kerror: [m[K'[01m[Koptind[m[K' undeclared (first use in this function); did you mean '[01m[Koption[m[K'?
2026-10-02T09:53:18.903Z  1183 |         [01;31m[Koptind[m[K = 1;
2026-10-02T09:53:18.903Z       |         [01;31m[K^~~~~~[m[K
2026-10-02T09:53:18.903Z       |         [32m[Koption[m[K
2026-10-02T09:53:18.903Z [01m[K/home/ashuqullah-alizai/Documents/DECT_2020_GIT/HS_DECT_SHELL/src/dect/dect_phy_shell.c:[m[K In function '[01m[Kdect_phy_rssi_scan_cmd[m[K':
2026-10-02T09:53:18.903Z [01m[K/home/ashuqullah-alizai/Documents/DECT_2020_GIT/HS_DECT_SHELL/src/dect/dect_phy_shell.c:1307:9:[m[K [01;31m[Kerror: [m[K'[01m[Koptreset[m[K' undeclared (first use in this function)
2026-10-02T09:53:18.903Z  1307 |         [01;31m[Koptreset[m[K = 1;
2026-10-02T09:53:18.903Z       |         [01;31m[K^~~~~~~~[m[K
2026-10-02T09:53:18.903Z [01m[K/home/ashuqullah-alizai/Documents/DECT_2020_GIT/HS_DECT_SHELL/src/dect/dect_phy_shell.c:1308:9:[m[K [01;31m[Kerror: [m[K'[01m[Koptind[m[K' undeclared (first use in this function); did you mean '[01m[Koption[m[K'?
2026-10-02T09:53:18.903Z  1308 |         [01;31m[Koptind[m[K = 1;
2026-10-02T09:53:18.903Z       |         [01;31m[K^~~~~~[m[K
2026-10-02T09:53:18.904Z       |         [32m[Koption[m[K
2026-10-02T09:53:18.904Z [01m[K/home/ashuqullah-alizai/Documents/DECT_2020_GIT/HS_DECT_SHELL/src/dect/dect_phy_shell.c:1332:55:[m[K [01;31m[Kerror: [m[K'[01m[Koptarg[m[K' undeclared (first use in this function)
2026-10-02T09:53:18.904Z  1332 |                                 params.channel = atoi([01;31m[Koptarg[m[K);
2026-10-02T09:53:18.904Z       |                                                       [01;31m[K^~~~~~[m[K
2026-10-02T09:53:18.904Z [01m[K/home/ashuqullah-alizai/Documents/DECT_2020_GIT/HS_DECT_SHELL/src/dect/dect_phy_shell.c:[m[K In function '[01m[Kdect_phy_rx_cmd[m[K':
2026-10-02T09:53:18.904Z [01m[K/home/ashuqullah-alizai/Documents/DECT_2020_GIT/HS_DECT_SHELL/src/dect/dect_phy_shell.c:1475:9:[m[K [01;31m[Kerror: [m[K'[01m[Koptreset[m[K' undeclared (first use in this function)
2026-10-02T09:53:18.904Z  1475 |         [01;31m[Koptreset[m[K = 1;
2026-10-02T09:53:18.904Z       |         [01;31m[K^~~~~~~~[m[K
2026-10-02T09:53:18.904Z [01m[K/home/ashuqullah-alizai/Documents/DECT_2020_GIT/HS_DECT_SHELL/src/dect/dect_phy_shell.c:1476:9:[m[K [01;31m[Kerror: [m[K'[01m[Koptind[m[K' undeclared (first use in this function); did you mean '[01m[Koption[m[K'?
2026-10-02T09:53:18.904Z  1476 |         [01;31m[Koptind[m[K = 2;
2026-10-02T09:53:18.904Z       |         [01;31m[K^~~~~~[m[K
2026-10-02T09:53:18.904Z       |         [32m[Koption[m[K
2026-10-02T09:53:18.904Z [01m[K/home/ashuqullah-alizai/Documents/DECT_2020_GIT/HS_DECT_SHELL/src/dect/dect_phy_shell.c:1505:55:[m[K [01;31m[Kerror: [m[K'[01m[Koptarg[m[K' undeclared (first use in this function)
2026-10-02T09:53:18.904Z  1505 |                                 params.channel = atoi([01;31m[Koptarg[m[K);
2026-10-02T09:53:18.904Z       |                                                       [01;31m[K^~~~~~[m[K
2026-10-02T09:53:18.904Z [01m[K/home/ashuqullah-alizai/Documents/DECT_2020_GIT/HS_DECT_SHELL/src/dect/dect_phy_shell.c:[m[K In function '[01m[Kdect_phy_sett_cmd[m[K':
2026-10-02T09:53:18.904Z [01m[K/home/ashuqullah-alizai/Documents/DECT_2020_GIT/HS_DECT_SHELL/src/dect/dect_phy_shell.c:1841:9:[m[K [01;31m[Kerror: [m[K'[01m[Koptreset[m[K' undeclared (first use in this function)
2026-10-02T09:53:18.904Z  1841 |         [01;31m[Koptreset[m[K = 1;
2026-10-02T09:53:18.904Z       |         [01;31m[K^~~~~~~~[m[K
2026-10-02T09:53:18.904Z [01m[K/home/ashuqullah-alizai/Documents/DECT_2020_GIT/HS_DECT_SHELL/src/dect/dect_phy_shell.c:1842:9:[m[K [01;31m[Kerror: [m[K'[01m[Koptind[m[K' undeclared (first use in this function); did you mean '[01m[Koption[m[K'?
2026-10-02T09:53:18.904Z  1842 |         [01;31m[Koptind[m[K = 1;
2026-10-02T09:53:18.904Z       |         [01;31m[K^~~~~~[m[K
2026-10-02T09:53:18.904Z       |         [32m[Koption[m[K
2026-10-02T09:53:18.904Z [01m[K/home/ashuqullah-alizai/Documents/DECT_2020_GIT/HS_DECT_SHELL/src/dect/dect_phy_shell.c:1865:51:[m[K [01;31m[Kerror: [m[K'[01m[Koptarg[m[K' undeclared (first use in this function)
2026-10-02T09:53:18.904Z  1865 |                         tmp_value = shell_strtoul([01;31m[Koptarg[m[K, 10, &ret);
2026-10-02T09:53:18.905Z       |                                                   [01;31m[K^~~~~~[m[K
2026-10-02T09:53:18.905Z [01m[K/home/ashuqullah-alizai/Documents/DECT_2020_GIT/HS_DECT_SHELL/src/dect/dect_phy_shell.c:[m[K At top level:
2026-10-02T09:53:18.905Z [01m[K/home/ashuqullah-alizai/Documents/DECT_2020_GIT/HS_DECT_SHELL/src/dect/dect_phy_shell.c:109:12:[m[K [01;35m[Kwarning: [m[K'[01m[Khs_dect_parse_slot_range[m[K' defined but not used [[01;35m[K-Wunused-function[m[K]
2026-10-02T09:53:18.905Z   109 | static int [01;35m[Khs_dect_parse_slot_range[m[K(const struct shell *shell,
2026-10-02T09:53:18.905Z       |            [01;35m[K^~~~~~~~~~~~~~~~~~~~~~~~[m[K
2026-10-02T09:53:18.945Z [112/405] Building C object CMakeFiles/app.dir/src/dect/mac/dect_phy_mac_shell.c.obj
2026-10-02T09:53:18.945Z [31mFAILED: [code=1] [0mCMakeFiles/app.dir/src/dect/mac/dect_phy_mac_shell.c.obj 
2026-10-02T09:53:18.945Z ccache /home/ashuqullah-alizai/ncs/toolchains/911f4c5c26/opt/zephyr-sdk/arm-zephyr-eabi/bin/arm-zephyr-eabi-gcc -DKERNEL -DK_HEAP_MEM_POOL_SIZE=40960 -DMBEDTLS_CONFIG_FILE=\"nrf-config.h\" -DMBEDTLS_PSA_CRYPTO_CONFIG_FILE=\"nrf-psa-crypto-config.h\" -DNRF54L_CONFIGURATION_56_ENABLE=0 -DNRF9120_XXAA -DNRF_SKIP_FICR_NS_COPY_TO_RAM -DNRF_TRUSTZONE_NONSECURE -DTFM_PSA_API -DUSE_PARTITION_MANAGER=1 -DZVFS_OPEN_SIZE=12 -D_ANSI_SOURCE -D_POSIX_CLOCK_SELECTION=200809L -D_POSIX_CPUTIME=200809L -D_POSIX_C_SOURCE=200809L -D_POSIX_MONOTONIC_CLOCK=200809L -D_POSIX_MULTI_PROCESS=200809L -D_POSIX_REALTIME_SIGNALS=200809L -D_POSIX_THREADS=200809L -D_POSIX_THREAD_SAFE_FUNCTIONS=200809L -D_POSIX_TIMERS=200809L -D__LINUX_ERRNO_EXTENSIONS__ -D__PROGRAM_START -D__ZEPHYR__=1 -I/home/ashuqullah-alizai/Documents/DECT_2020_GIT/HS_DECT_SHELL/src -I/home/ashuqullah-alizai/Documents/DECT_2020_GIT/HS_DECT_SHELL/src/utils/. -I/home/ashuqullah-alizai/Documents/DECT_2020_GIT/HS_DECT_SHELL/src/dect/. -I/home/ashuqullah-alizai/Documents/DECT_2020_GIT/HS_DECT_SHELL/src/dect/common/. -I/home/ashuqullah-alizai/Documents/DECT_2020_GIT/HS_DECT_SHELL/src/dect/ping/. -I/home/ashuqullah-alizai/Documents/DECT_2020_GIT/HS_DECT_SHELL/src/dect/perf/. -I/home/ashuqullah-alizai/Documents/DECT_2020_GIT/HS_DECT_SHELL/src/dect/rf_tool/. -I/home/ashuqullah-alizai/Documents/DECT_2020_GIT/HS_DECT_SHELL/src/dect/mac/. -I/home/ashuqullah-alizai/Documents/DECT_2020_GIT/HS_DECT_SHELL/src/startup_cmd/. -I/home/ashuqullah-alizai/Documents/DECT_2020_GIT/HS_DECT_SHELL/build/HS_DECT_SHELL/zephyr/include/generated/zephyr -I/home/ashuqullah-alizai/ncs/v3.3.0/zephyr/include -I/home/ashuqullah-alizai/Documents/DECT_2020_GIT/HS_DECT_SHELL/build/HS_DECT_SHELL/zephyr/include/generated -I/home/ashuqullah-alizai/ncs/v3.3.0/zephyr/soc/nordic -I/home/ashuqullah-alizai/ncs/v3.3.0/zephyr/lib/libc/newlib/include -I/home/ashuqullah-alizai/ncs/v3.3.0/zephyr/lib/posix/c_lib_ext/getopt -I/home/ashuqullah-alizai/ncs/v3.3.0/zephyr/include/zephyr/posix -I/home/ashuqullah-alizai/ncs/v3.3.0/zephyr/lib/midi2/. -I/home/ashuqullah-alizai/ncs/v3.3.0/zephyr/soc/nordic/nrf91/. -I/home/ashuqullah-alizai/ncs/v3.3.0/zephyr/soc/nordic/common/. -I/home/ashuqullah-alizai/ncs/v3.3.0/zephyr/subsys/settings/include -I/home/ashuqullah-alizai/ncs/v3.3.0/zephyr/subsys/shell/modules/kernel_service/thread/.. -I/home/ashuqullah-alizai/ncs/v3.3.0/nrf/include -I/home/ashuqullah-alizai/Documents/DECT_2020_GIT/HS_DECT_SHELL/build/HS_DECT_SHELL/tfm/api_ns/interface/include -I/home/ashuqullah-alizai/ncs/v3.3.0/nrf/subsys/settings/include -I/home/ashuqullah-alizai/ncs/v3.3.0/nrf/modules/trusted-firmware-m/. -I/home/ashuqullah-alizai/ncs/v3.3.0/nrf/include/tfm -I/home/ashuqullah-alizai/ncs/v3.3.0/nrf/tests/include -I/home/ashuqullah-alizai/ncs/v3.3.0/modules/hal/cmsis_6/CMSIS/Core/Include -I/home/ashuqullah-alizai/ncs/v3.3.0/zephyr/modules/cmsis_6/. -I/home/ashuqullah-alizai/ncs/v3.3.0/nrf/modules/hal_nordic/. -I/home/ashuqullah-alizai/ncs/v3.3.0/modules/hal/nordic/nrfx -I/home/ashuqullah-alizai/ncs/v3.3.0/modules/hal/nordic/nrfx/drivers/include -I/home/ashuqullah-alizai/ncs/v3.3.0/modules/hal/nordic/nrfx/bsp/stable -I/home/ashuqullah-alizai/ncs/v3.3.0/modules/hal/nordic/nrfx/bsp/stable/templates -I/home/ashuqullah-alizai/ncs/v3.3.0/zephyr/modules/hal_nordic/nrfx/. -I/home/ashuqullah-alizai/ncs/v3.3.0/modules/hal/st/sensor/inc -I/home/ashuqullah-alizai/ncs/v3.3.0/nrfxlib/nrf_modem/include -I/home/ashuqullah-alizai/Documents/DECT_2020_GIT/HS_DECT_SHELL/src/print/. -I/home/ashuqullah-alizai/Documents/DECT_2020_GIT/HS_DECT_SHELL/build/HS_DECT_SHELL/generated/interface_nrf_security_psa -I/home/ashuqullah-alizai/ncs/v3.3.0/nrf/subsys/nrf_security/include -I/home/ashuqullah-alizai/ncs/v3.3.0/modules/crypto/oberon-psa-crypto/include -I/home/ashuqullah-alizai/ncs/v3.3.0/nrf/subsys/nrf_security/src/threading/include -I/home/ashuqullah-alizai/ncs/v3.3.0/nrf/subsys/nrf_security/src/utils -I/home/ashuqullah-alizai/ncs/v3.3.0/modules/crypto/oberon-psa-crypto/library -I/home/ashuqullah-alizai/ncs/v3.3.0/modules/crypto/mbedtls/library -I/home/ashuqullah-alizai/ncs/v3.3.0/modules/crypto/mbedtls/include -I/home/ashuqullah-alizai/ncs/v3.3.0/modules/crypto/mbedtls/include/library -I/home/ashuqullah-alizai/ncs/v3.3.0/nrfxlib/crypto/nrf_oberon/include -I/home/ashuqullah-alizai/ncs/v3.3.0/nrfxlib/crypto/nrf_oberon/include/mbedtls -isystem /home/ashuqullah-alizai/ncs/v3.3.0/zephyr/lib/libc/common/include -fno-strict-aliasing -Os -imacros /home/ashuqullah-alizai/Documents/DECT_2020_GIT/HS_DECT_SHELL/build/HS_DECT_SHELL/zephyr/include/generated/zephyr/autoconf.h -fno-common -g -gdwarf-4 -fdiagnostics-color=always -mcpu=cortex-m33 -mthumb -mabi=aapcs -mfpu=fpv5-sp-d16 -mfloat-abi=hard -mfp16-format=ieee --sysroot=/home/ashuqullah-alizai/ncs/toolchains/911f4c5c26/opt/zephyr-sdk/arm-zephyr-eabi/arm-zephyr-eabi -imacros /home/ashuqullah-alizai/ncs/v3.3.0/zephyr/include/zephyr/toolchain/zephyr_stdint.h -Wall -Wformat -Wformat-security -Wno-format-zero-length -Wdouble-promotion -Wno-pointer-sign -Wpointer-arith -Wexpansion-to-defined -Wno-unused-but-set-variable -Werror=implicit-int -fno-pic -fno-pie -fno-asynchronous-unwind-tables -fno-reorder-functions --param=min-pagesize=0 -fno-defer-pop -fmacro-prefix-map=/home/ashuqullah-alizai/Documents/DECT_2020_GIT/HS_DECT_SHELL=CMAKE_SOURCE_DIR -fmacro-prefix-map=/home/ashuqullah-alizai/ncs/v3.3.0/zephyr=ZEPHYR_BASE -fmacro-prefix-map=/home/ashuqullah-alizai/ncs/v3.3.0=WEST_TOPDIR -ffunction-sections -fdata-sections -specs=nano.specs -std=c17 -MD -MT CMakeFiles/app.dir/src/dect/mac/dect_phy_mac_shell.c.obj -MF CMakeFiles/app.dir/src/dect/mac/dect_phy_mac_shell.c.obj.d -o CMakeFiles/app.dir/src/dect/mac/dect_phy_mac_shell.c.obj -c /home/ashuqullah-alizai/Documents/DECT_2020_GIT/HS_DECT_SHELL/src/dect/mac/dect_phy_mac_shell.c
2026-10-02T09:53:18.946Z [01m[K/home/ashuqullah-alizai/Documents/DECT_2020_GIT/HS_DECT_SHELL/src/dect/mac/dect_phy_mac_shell.c:[m[K In function '[01m[Kdect_phy_mac_beacon_scan_cmd[m[K':
2026-10-02T09:53:18.946Z [01m[K/home/ashuqullah-alizai/Documents/DECT_2020_GIT/HS_DECT_SHELL/src/dect/mac/dect_phy_mac_shell.c:172:9:[m[K [01;31m[Kerror: [m[K'[01m[Koptreset[m[K' undeclared (first use in this function)
2026-10-02T09:53:18.946Z   172 |         [01;31m[Koptreset[m[K = 1;
2026-10-02T09:53:18.946Z       |         [01;31m[K^~~~~~~~[m[K
2026-10-02T09:53:18.946Z [01m[K/home/ashuqullah-alizai/Documents/DECT_2020_GIT/HS_DECT_SHELL/src/dect/mac/dect_phy_mac_shell.c:172:9:[m[K [01;36m[Knote: [m[Keach undeclared identifier is reported only once for each function it appears in
2026-10-02T09:53:18.946Z [01m[K/home/ashuqullah-alizai/Documents/DECT_2020_GIT/HS_DECT_SHELL/src/dect/mac/dect_phy_mac_shell.c:173:9:[m[K [01;31m[Kerror: [m[K'[01m[Koptind[m[K' undeclared (first use in this function); did you mean '[01m[Koption[m[K'?
2026-10-02T09:53:18.946Z   173 |         [01;31m[Koptind[m[K = 1;
2026-10-02T09:53:18.946Z       |         [01;31m[K^~~~~~[m[K
2026-10-02T09:53:18.946Z       |         [32m[Koption[m[K
2026-10-02T09:53:18.946Z [01m[K/home/ashuqullah-alizai/Documents/DECT_2020_GIT/HS_DECT_SHELL/src/dect/mac/dect_phy_mac_shell.c:192:47:[m[K [01;31m[Kerror: [m[K'[01m[Koptarg[m[K' undeclared (first use in this function)
2026-10-02T09:53:18.946Z   192 |                         params.channel = atoi([01;31m[Koptarg[m[K);
2026-10-02T09:53:18.946Z       |                                               [01;31m[K^~~~~~[m[K
2026-10-02T09:53:18.946Z [01m[K/home/ashuqullah-alizai/Documents/DECT_2020_GIT/HS_DECT_SHELL/src/dect/mac/dect_phy_mac_shell.c:[m[K In function '[01m[Kdect_phy_mac_beacon_start_cmd[m[K':
2026-10-02T09:53:18.946Z [01m[K/home/ashuqullah-alizai/Documents/DECT_2020_GIT/HS_DECT_SHELL/src/dect/mac/dect_phy_mac_shell.c:280:9:[m[K [01;31m[Kerror: [m[K'[01m[Koptreset[m[K' undeclared (first use in this function)
2026-10-02T09:53:18.946Z   280 |         [01;31m[Koptreset[m[K = 1;
2026-10-02T09:53:18.946Z       |         [01;31m[K^~~~~~~~[m[K
2026-10-02T09:53:18.946Z [01m[K/home/ashuqullah-alizai/Documents/DECT_2020_GIT/HS_DECT_SHELL/src/dect/mac/dect_phy_mac_shell.c:281:9:[m[K [01;31m[Kerror: [m[K'[01m[Koptind[m[K' undeclared (first use in this function); did you mean '[01m[Koption[m[K'?
2026-10-02T09:53:18.946Z   281 |         [01;31m[Koptind[m[K = 1;
2026-10-02T09:53:18.946Z       |         [01;31m[K^~~~~~[m[K
2026-10-02T09:53:18.946Z       |         [32m[Koption[m[K
2026-10-02T09:53:18.947Z [01m[K/home/ashuqullah-alizai/Documents/DECT_2020_GIT/HS_DECT_SHELL/src/dect/mac/dect_phy_mac_shell.c:306:54:[m[K [01;31m[Kerror: [m[K'[01m[Koptarg[m[K' undeclared (first use in this function)
2026-10-02T09:53:18.947Z   306 |                         params.beacon_channel = atoi([01;31m[Koptarg[m[K);
2026-10-02T09:53:18.947Z       |                                                      [01;31m[K^~~~~~[m[K
2026-10-02T09:53:18.947Z [01m[K/home/ashuqullah-alizai/Documents/DECT_2020_GIT/HS_DECT_SHELL/src/dect/mac/dect_phy_mac_shell.c:[m[K In function '[01m[Kdect_phy_mac_associate_cmd[m[K':
2026-10-02T09:53:18.947Z [01m[K/home/ashuqullah-alizai/Documents/DECT_2020_GIT/HS_DECT_SHELL/src/dect/mac/dect_phy_mac_shell.c:392:9:[m[K [01;31m[Kerror: [m[K'[01m[Koptreset[m[K' undeclared (first use in this function)
2026-10-02T09:53:18.947Z   392 |         [01;31m[Koptreset[m[K = 1;
2026-10-02T09:53:18.947Z       |         [01;31m[K^~~~~~~~[m[K
2026-10-02T09:53:18.947Z [01m[K/home/ashuqullah-alizai/Documents/DECT_2020_GIT/HS_DECT_SHELL/src/dect/mac/dect_phy_mac_shell.c:393:9:[m[K [01;31m[Kerror: [m[K'[01m[Koptind[m[K' undeclared (first use in this function); did you mean '[01m[Koption[m[K'?
2026-10-02T09:53:18.947Z   393 |         [01;31m[Koptind[m[K = 1;
2026-10-02T09:53:18.947Z       |         [01;31m[K^~~~~~[m[K
2026-10-02T09:53:18.947Z       |         [32m[Koption[m[K
2026-10-02T09:53:18.947Z [01m[K/home/ashuqullah-alizai/Documents/DECT_2020_GIT/HS_DECT_SHELL/src/dect/mac/dect_phy_mac_shell.c:415:66:[m[K [01;31m[Kerror: [m[K'[01m[Koptarg[m[K' undeclared (first use in this function)
2026-10-02T09:53:18.947Z   415 |                         params.target_long_rd_id = shell_strtoul([01;31m[Koptarg[m[K, 10, &ret);
2026-10-02T09:53:18.947Z       |                                                                  [01;31m[K^~~~~~[m[K
2026-10-02T09:53:18.947Z [01m[K/home/ashuqullah-alizai/Documents/DECT_2020_GIT/HS_DECT_SHELL/src/dect/mac/dect_phy_mac_shell.c:[m[K In function '[01m[Kdect_phy_mac_dissociate_cmd[m[K':
2026-10-02T09:53:18.947Z [01m[K/home/ashuqullah-alizai/Documents/DECT_2020_GIT/HS_DECT_SHELL/src/dect/mac/dect_phy_mac_shell.c:507:9:[m[K [01;31m[Kerror: [m[K'[01m[Koptreset[m[K' undeclared (first use in this function)
2026-10-02T09:53:18.947Z   507 |         [01;31m[Koptreset[m[K = 1;
2026-10-02T09:53:18.947Z       |         [01;31m[K^~~~~~~~[m[K
2026-10-02T09:53:18.947Z [01m[K/home/ashuqullah-alizai/Documents/DECT_2020_GIT/HS_DECT_SHELL/src/dect/mac/dect_phy_mac_shell.c:508:9:[m[K [01;31m[Kerror: [m[K'[01m[Koptind[m[K' undeclared (first use in this function); did you mean '[01m[Koption[m[K'?
2026-10-02T09:53:18.947Z   508 |         [01;31m[Koptind[m[K = 1;
2026-10-02T09:53:18.947Z       |         [01;31m[K^~~~~~[m[K
2026-10-02T09:53:18.947Z       |         [32m[Koption[m[K
2026-10-02T09:53:18.947Z [01m[K/home/ashuqullah-alizai/Documents/DECT_2020_GIT/HS_DECT_SHELL/src/dect/mac/dect_phy_mac_shell.c:518:66:[m[K [01;31m[Kerror: [m[K'[01m[Koptarg[m[K' undeclared (first use in this function)
2026-10-02T09:53:18.947Z   518 |                         params.target_long_rd_id = shell_strtoul([01;31m[Koptarg[m[K, 10, &ret);
2026-10-02T09:53:18.948Z       |                                                                  [01;31m[K^~~~~~[m[K
2026-10-02T09:53:18.948Z [01m[K/home/ashuqullah-alizai/Documents/DECT_2020_GIT/HS_DECT_SHELL/src/dect/mac/dect_phy_mac_shell.c:[m[K In function '[01m[Kdect_phy_mac_rach_tx_cmd[m[K':
2026-10-02T09:53:18.948Z [01m[K/home/ashuqullah-alizai/Documents/DECT_2020_GIT/HS_DECT_SHELL/src/dect/mac/dect_phy_mac_shell.c:639:9:[m[K [01;31m[Kerror: [m[K'[01m[Koptreset[m[K' undeclared (first use in this function)
2026-10-02T09:53:18.948Z   639 |         [01;31m[Koptreset[m[K = 1;
2026-10-02T09:53:18.948Z       |         [01;31m[K^~~~~~~~[m[K
2026-10-02T09:53:18.948Z [01m[K/home/ashuqullah-alizai/Documents/DECT_2020_GIT/HS_DECT_SHELL/src/dect/mac/dect_phy_mac_shell.c:640:9:[m[K [01;31m[Kerror: [m[K'[01m[Koptind[m[K' undeclared (first use in this function); did you mean '[01m[Koption[m[K'?
2026-10-02T09:53:18.948Z   640 |         [01;31m[Koptind[m[K = 1;
2026-10-02T09:53:18.957Z       |         [01;31m[K^~~~~~[m[K
2026-10-02T09:53:18.957Z       |         [32m[Koption[m[K
2026-10-02T09:53:18.957Z [01m[K/home/ashuqullah-alizai/Documents/DECT_2020_GIT/HS_DECT_SHELL/src/dect/mac/dect_phy_mac_shell.c:652:66:[m[K [01;31m[Kerror: [m[K'[01m[Koptarg[m[K' undeclared (first use in this function)
2026-10-02T09:53:18.957Z   652 |                         params.target_long_rd_id = shell_strtoul([01;31m[Koptarg[m[K, 10, &ret);
2026-10-02T09:53:18.957Z       |                                                                  [01;31m[K^~~~~~[m[K
2026-10-02T09:53:18.957Z [01m[K/home/ashuqullah-alizai/Documents/DECT_2020_GIT/HS_DECT_SHELL/src/dect/mac/dect_phy_mac_shell.c:[m[K In function '[01m[Kdect_phy_mac_reach_tx_cmd[m[K':
2026-10-02T09:53:18.957Z [01m[K/home/ashuqullah-alizai/Documents/DECT_2020_GIT/HS_DECT_SHELL/src/dect/mac/dect_phy_mac_shell.c:791:9:[m[K [01;31m[Kerror: [m[K'[01m[Koptreset[m[K' undeclared (first use in this function)
2026-10-02T09:53:18.957Z   791 |         [01;31m[Koptreset[m[K = 1;
2026-10-02T09:53:18.958Z       |         [01;31m[K^~~~~~~~[m[K
2026-10-02T09:53:18.958Z [01m[K/home/ashuqullah-alizai/Documents/DECT_2020_GIT/HS_DECT_SHELL/src/dect/mac/dect_phy_mac_shell.c:792:9:[m[K [01;31m[Kerror: [m[K'[01m[Koptind[m[K' undeclared (first use in this function); did you mean '[01m[Koption[m[K'?
2026-10-02T09:53:18.958Z   792 |         [01;31m[Koptind[m[K = 1;
2026-10-02T09:53:18.958Z       |         [01;31m[K^~~~~~[m[K
2026-10-02T09:53:18.958Z       |         [32m[Koption[m[K
2026-10-02T09:53:18.958Z [01m[K/home/ashuqullah-alizai/Documents/DECT_2020_GIT/HS_DECT_SHELL/src/dect/mac/dect_phy_mac_shell.c:805:66:[m[K [01;31m[Kerror: [m[K'[01m[Koptarg[m[K' undeclared (first use in this function)
2026-10-02T09:53:18.958Z   805 |                         params.target_long_rd_id = shell_strtoul([01;31m[Koptarg[m[K, 10, &ret);
2026-10-02T09:53:18.958Z       |                                                                  [01;31m[K^~~~~~[m[K
2026-10-02T09:53:19.085Z [113/405] Building C object CMakeFiles/app.dir/src/dect/mac/dect_phy_mac_nbr.c.obj
2026-10-02T09:53:19.140Z [114/405] Building C object CMakeFiles/app.dir/src/dect/mac/dect_phy_mac_sched_fixed.c.obj
2026-10-02T09:53:19.147Z [115/405] Building C object CMakeFiles/app.dir/src/dect/mac/dect_phy_mac_ctrl.c.obj
2026-10-02T09:53:19.148Z [116/405] Building C object CMakeFiles/app.dir/src/startup_cmd/startup_cmd_shell.c.obj
2026-10-02T09:53:19.148Z [31mFAILED: [code=1] [0mCMakeFiles/app.dir/src/startup_cmd/startup_cmd_shell.c.obj 
2026-10-02T09:53:19.148Z ccache /home/ashuqullah-alizai/ncs/toolchains/911f4c5c26/opt/zephyr-sdk/arm-zephyr-eabi/bin/arm-zephyr-eabi-gcc -DKERNEL -DK_HEAP_MEM_POOL_SIZE=40960 -DMBEDTLS_CONFIG_FILE=\"nrf-config.h\" -DMBEDTLS_PSA_CRYPTO_CONFIG_FILE=\"nrf-psa-crypto-config.h\" -DNRF54L_CONFIGURATION_56_ENABLE=0 -DNRF9120_XXAA -DNRF_SKIP_FICR_NS_COPY_TO_RAM -DNRF_TRUSTZONE_NONSECURE -DTFM_PSA_API -DUSE_PARTITION_MANAGER=1 -DZVFS_OPEN_SIZE=12 -D_ANSI_SOURCE -D_POSIX_CLOCK_SELECTION=200809L -D_POSIX_CPUTIME=200809L -D_POSIX_C_SOURCE=200809L -D_POSIX_MONOTONIC_CLOCK=200809L -D_POSIX_MULTI_PROCESS=200809L -D_POSIX_REALTIME_SIGNALS=200809L -D_POSIX_THREADS=200809L -D_POSIX_THREAD_SAFE_FUNCTIONS=200809L -D_POSIX_TIMERS=200809L -D__LINUX_ERRNO_EXTENSIONS__ -D__PROGRAM_START -D__ZEPHYR__=1 -I/home/ashuqullah-alizai/Documents/DECT_2020_GIT/HS_DECT_SHELL/src -I/home/ashuqullah-alizai/Documents/DECT_2020_GIT/HS_DECT_SHELL/src/utils/. -I/home/ashuqullah-alizai/Documents/DECT_2020_GIT/HS_DECT_SHELL/src/dect/. -I/home/ashuqullah-alizai/Documents/DECT_2020_GIT/HS_DECT_SHELL/src/dect/common/. -I/home/ashuqullah-alizai/Documents/DECT_2020_GIT/HS_DECT_SHELL/src/dect/ping/. -I/home/ashuqullah-alizai/Documents/DECT_2020_GIT/HS_DECT_SHELL/src/dect/perf/. -I/home/ashuqullah-alizai/Documents/DECT_2020_GIT/HS_DECT_SHELL/src/dect/rf_tool/. -I/home/ashuqullah-alizai/Documents/DECT_2020_GIT/HS_DECT_SHELL/src/dect/mac/. -I/home/ashuqullah-alizai/Documents/DECT_2020_GIT/HS_DECT_SHELL/src/startup_cmd/. -I/home/ashuqullah-alizai/Documents/DECT_2020_GIT/HS_DECT_SHELL/build/HS_DECT_SHELL/zephyr/include/generated/zephyr -I/home/ashuqullah-alizai/ncs/v3.3.0/zephyr/include -I/home/ashuqullah-alizai/Documents/DECT_2020_GIT/HS_DECT_SHELL/build/HS_DECT_SHELL/zephyr/include/generated -I/home/ashuqullah-alizai/ncs/v3.3.0/zephyr/soc/nordic -I/home/ashuqullah-alizai/ncs/v3.3.0/zephyr/lib/libc/newlib/include -I/home/ashuqullah-alizai/ncs/v3.3.0/zephyr/lib/posix/c_lib_ext/getopt -I/home/ashuqullah-alizai/ncs/v3.3.0/zephyr/include/zephyr/posix -I/home/ashuqullah-alizai/ncs/v3.3.0/zephyr/lib/midi2/. -I/home/ashuqullah-alizai/ncs/v3.3.0/zephyr/soc/nordic/nrf91/. -I/home/ashuqullah-alizai/ncs/v3.3.0/zephyr/soc/nordic/common/. -I/home/ashuqullah-alizai/ncs/v3.3.0/zephyr/subsys/settings/include -I/home/ashuqullah-alizai/ncs/v3.3.0/zephyr/subsys/shell/modules/kernel_service/thread/.. -I/home/ashuqullah-alizai/ncs/v3.3.0/nrf/include -I/home/ashuqullah-alizai/Documents/DECT_2020_GIT/HS_DECT_SHELL/build/HS_DECT_SHELL/tfm/api_ns/interface/include -I/home/ashuqullah-alizai/ncs/v3.3.0/nrf/subsys/settings/include -I/home/ashuqullah-alizai/ncs/v3.3.0/nrf/modules/trusted-firmware-m/. -I/home/ashuqullah-alizai/ncs/v3.3.0/nrf/include/tfm -I/home/ashuqullah-alizai/ncs/v3.3.0/nrf/tests/include -I/home/ashuqullah-alizai/ncs/v3.3.0/modules/hal/cmsis_6/CMSIS/Core/Include -I/home/ashuqullah-alizai/ncs/v3.3.0/zephyr/modules/cmsis_6/. -I/home/ashuqullah-alizai/ncs/v3.3.0/nrf/modules/hal_nordic/. -I/home/ashuqullah-alizai/ncs/v3.3.0/modules/hal/nordic/nrfx -I/home/ashuqullah-alizai/ncs/v3.3.0/modules/hal/nordic/nrfx/drivers/include -I/home/ashuqullah-alizai/ncs/v3.3.0/modules/hal/nordic/nrfx/bsp/stable -I/home/ashuqullah-alizai/ncs/v3.3.0/modules/hal/nordic/nrfx/bsp/stable/templates -I/home/ashuqullah-alizai/ncs/v3.3.0/zephyr/modules/hal_nordic/nrfx/. -I/home/ashuqullah-alizai/ncs/v3.3.0/modules/hal/st/sensor/inc -I/home/ashuqullah-alizai/ncs/v3.3.0/nrfxlib/nrf_modem/include -I/home/ashuqullah-alizai/Documents/DECT_2020_GIT/HS_DECT_SHELL/src/print/. -I/home/ashuqullah-alizai/Documents/DECT_2020_GIT/HS_DECT_SHELL/build/HS_DECT_SHELL/generated/interface_nrf_security_psa -I/home/ashuqullah-alizai/ncs/v3.3.0/nrf/subsys/nrf_security/include -I/home/ashuqullah-alizai/ncs/v3.3.0/modules/crypto/oberon-psa-crypto/include -I/home/ashuqullah-alizai/ncs/v3.3.0/nrf/subsys/nrf_security/src/threading/include -I/home/ashuqullah-alizai/ncs/v3.3.0/nrf/subsys/nrf_security/src/utils -I/home/ashuqullah-alizai/ncs/v3.3.0/modules/crypto/oberon-psa-crypto/library -I/home/ashuqullah-alizai/ncs/v3.3.0/modules/crypto/mbedtls/library -I/home/ashuqullah-alizai/ncs/v3.3.0/modules/crypto/mbedtls/include -I/home/ashuqullah-alizai/ncs/v3.3.0/modules/crypto/mbedtls/include/library -I/home/ashuqullah-alizai/ncs/v3.3.0/nrfxlib/crypto/nrf_oberon/include -I/home/ashuqullah-alizai/ncs/v3.3.0/nrfxlib/crypto/nrf_oberon/include/mbedtls -isystem /home/ashuqullah-alizai/ncs/v3.3.0/zephyr/lib/libc/common/include -fno-strict-aliasing -Os -imacros /home/ashuqullah-alizai/Documents/DECT_2020_GIT/HS_DECT_SHELL/build/HS_DECT_SHELL/zephyr/include/generated/zephyr/autoconf.h -fno-common -g -gdwarf-4 -fdiagnostics-color=always -mcpu=cortex-m33 -mthumb -mabi=aapcs -mfpu=fpv5-sp-d16 -mfloat-abi=hard -mfp16-format=ieee --sysroot=/home/ashuqullah-alizai/ncs/toolchains/911f4c5c26/opt/zephyr-sdk/arm-zephyr-eabi/arm-zephyr-eabi -imacros /home/ashuqullah-alizai/ncs/v3.3.0/zephyr/include/zephyr/toolchain/zephyr_stdint.h -Wall -Wformat -Wformat-security -Wno-format-zero-length -Wdouble-promotion -Wno-pointer-sign -Wpointer-arith -Wexpansion-to-defined -Wno-unused-but-set-variable -Werror=implicit-int -fno-pic -fno-pie -fno-asynchronous-unwind-tables -fno-reorder-functions --param=min-pagesize=0 -fno-defer-pop -fmacro-prefix-map=/home/ashuqullah-alizai/Documents/DECT_2020_GIT/HS_DECT_SHELL=CMAKE_SOURCE_DIR -fmacro-prefix-map=/home/ashuqullah-alizai/ncs/v3.3.0/zephyr=ZEPHYR_BASE -fmacro-prefix-map=/home/ashuqullah-alizai/ncs/v3.3.0=WEST_TOPDIR -ffunction-sections -fdata-sections -specs=nano.specs -std=c17 -MD -MT CMakeFiles/app.dir/src/startup_cmd/startup_cmd_shell.c.obj -MF CMakeFiles/app.dir/src/startup_cmd/startup_cmd_shell.c.obj.d -o CMakeFiles/app.dir/src/startup_cmd/startup_cmd_shell.c.obj -c /home/ashuqullah-alizai/Documents/DECT_2020_GIT/HS_DECT_SHELL/src/startup_cmd/startup_cmd_shell.c
2026-10-02T09:53:19.148Z [01m[K/home/ashuqullah-alizai/Documents/DECT_2020_GIT/HS_DECT_SHELL/src/startup_cmd/startup_cmd_shell.c:[m[K In function '[01m[Kstartup_cmd_shell[m[K':
2026-10-02T09:53:19.149Z [01m[K/home/ashuqullah-alizai/Documents/DECT_2020_GIT/HS_DECT_SHELL/src/startup_cmd/startup_cmd_shell.c:69:9:[m[K [01;31m[Kerror: [m[K'[01m[Koptreset[m[K' undeclared (first use in this function)
2026-10-02T09:53:19.149Z    69 |         [01;31m[Koptreset[m[K = 1;
2026-10-02T09:53:19.149Z       |         [01;31m[K^~~~~~~~[m[K
2026-10-02T09:53:19.149Z [01m[K/home/ashuqullah-alizai/Documents/DECT_2020_GIT/HS_DECT_SHELL/src/startup_cmd/startup_cmd_shell.c:69:9:[m[K [01;36m[Knote: [m[Keach undeclared identifier is reported only once for each function it appears in
2026-10-02T09:53:19.154Z [117/405] Building C object CMakeFiles/app.dir/src/startup_cmd/startup_cmd_ctrl.c.obj
2026-10-02T09:53:19.177Z [118/405] Building C object CMakeFiles/app.dir/src/dect/mac/dect_phy_mac_ft_assoc.c.obj
2026-10-02T09:53:19.193Z [119/405] Building C object CMakeFiles/app.dir/src/dect/mac/dect_phy_mac_nbr_bg_scan.c.obj
2026-10-02T09:53:19.313Z [120/405] Building C object CMakeFiles/app.dir/src/startup_cmd/startup_cmd_settings.c.obj
2026-10-02T09:53:19.353Z [121/405] Building C object CMakeFiles/app.dir/src/dect/mac/dect_phy_mac_cluster_beacon.c.obj
2026-10-02T09:53:19.452Z [122/405] Building C object CMakeFiles/app.dir/src/dect/mac/dect_phy_mac_pdu.c.obj
2026-10-02T09:53:19.453Z [01m[K/home/ashuqullah-alizai/Documents/DECT_2020_GIT/HS_DECT_SHELL/src/dect/mac/dect_phy_mac_pdu.c:1075:17:[m[K [01;35m[Kwarning: [m[K'[01m[Kdect_phy_mac_fixed_sched_resource_ie_length_get[m[K' defined but not used [[01;35m[K-Wunused-function[m[K]
2026-10-02T09:53:19.453Z  1075 | static uint16_t [01;35m[Kdect_phy_mac_fixed_sched_resource_ie_length_get[m[K(
2026-10-02T09:53:19.453Z       |                 [01;35m[K^~~~~~~~~~~~~~~~~~~~~~~~~~~~~~~~~~~~~~~~~~~~~~~[m[K
2026-10-02T09:53:19.483Z [123/405] Building C object CMakeFiles/app.dir/src/dect/mac/dect_phy_mac_client.c.obj
2026-10-02T09:53:19.645Z [124/405] Building C object CMakeFiles/app.dir/src/dect/mac/dect_phy_mac.c.obj
2026-10-02T09:53:19.645Z [01m[K/home/ashuqullah-alizai/Documents/DECT_2020_GIT/HS_DECT_SHELL/src/dect/mac/dect_phy_mac.c:[m[K In function '[01m[Kdect_phy_mac_handle[m[K':
2026-10-02T09:53:19.645Z [01m[K/home/ashuqullah-alizai/Documents/DECT_2020_GIT/HS_DECT_SHELL/src/dect/mac/dect_phy_mac.c:559:33:[m[K [01;35m[Kwarning: [m[Kimplicit declaration of function '[01m[Kdect_phy_mac_fixed_sched_resource_ie_handle[m[K' [[01;35m[K-Wimplicit-function-declaration[m[K]
2026-10-02T09:53:19.645Z   559 |                                 [01;35m[Kdect_phy_mac_fixed_sched_resource_ie_handle[m[K(&sdu_list_item->message.fixed_sched_ie);
2026-10-02T09:53:19.645Z       |                                 [01;35m[K^~~~~~~~~~~~~~~~~~~~~~~~~~~~~~~~~~~~~~~~~~~[m[K
2026-10-02T09:53:19.645Z ninja: build stopped: subcommand failed.
2026-10-02T09:53:19.647Z [31mFAILED: [code=1] [0m_sysbuild/sysbuild/images/HS_DECT_SHELL-prefix/src/HS_DECT_SHELL-stamp/HS_DECT_SHELL-build /home/ashuqullah-alizai/Documents/DECT_2020_GIT/HS_DECT_SHELL/build/_sysbuild/sysbuild/images/HS_DECT_SHELL-prefix/src/HS_DECT_SHELL-stamp/HS_DECT_SHELL-build 
2026-10-02T09:53:19.647Z cd /home/ashuqullah-alizai/Documents/DECT_2020_GIT/HS_DECT_SHELL/build/HS_DECT_SHELL && /home/ashuqullah-alizai/ncs/toolchains/911f4c5c26/usr/local/bin/cmake --build .
2026-10-02T09:53:19.647Z ninja: build stopped: subcommand failed.
