:020000040000FA
:10000000F80B00209106000035070000695C000035
:10001000895C0000A95C0000E95C0000C95C00008C
:10002000000000000000000000000000B52B0000F0
:10003000350700000000000035070000350700000C
:100040000000000000000000000000000935000072
:100050000000000035070000000000000000000064
:1000600035070000350700003507000035070000A0
:1000700000000000350700003507000035070000CC
:1000800035070000350700000000000000000000F8
:1000900035070000350700000000000000000000E8
:1000A00035070000000000000000000035070000D8
:1000B0003507000035070000350700003507000050
:1000C0003507000035070000350700003507000040
:1000D00035070000000000003507000000000000A8
:1000E0003507000000000000350700000000000098
:1000F00035070000000000000000000000000000C4
:1001000000000000350700000000000000000000B3
:1001100000000000000000000000000000000000DF
:100120000000000035070000000000000000000093
:1001300000000000000000000000000000000000BF
:100140003507000000015F5F02000000FE0B0000A9
:10015000912C00008006000000000000000000005C
:100160000000000000000000000000000100FFC3CC
:10017000000000C4201200200000000001015F5FA9
:10018000030100001F010000B10400000000000096
:10019000000000000100000001000000000000005D
:1001A000000000000000000000000000000000004F
:1001B00000000000700000002C61000080000000C2
:1001C000000F000001000000F102000001015F5F6C
:1001D000040100001F0100001F06000000000000D5
:1001E000000000000000000001000000000000000E
:1001F00000000000000000000000000000000000FF
:10020000000000003761000040000000050700000A
:08021000010000000B050000D5
:1002200038B50025054C29462046D4F80024C4F8EA
:10023000045405F0C2FDC4F8005438BD200C002061
:1002400037B511460022CDE9002242680346402A14
:10025000046845D1228D150A032D17D0012D37D002
:1002600022482468D0F80404AA1ECDE90040082AD8
:1002700039D8DFE802F0050B0F14191E23283000CF
:100280006A46184600F037F903B030BD184600F052
:1002900020F9F9E76A46184600F01EF9F4E76A46C5
:1002A000184600F013F9EFE76A46184600F017F910
:1002B000EAE76A46184600F015F9E5E76A46184687
:1002C00000F013F9E0E76A46184600F011F9DBE7A1
:1002D00000F014F9D8E76A46184600F013F9D3E79E
:1002E0006FF08000D0E76FF08500CDE7200C002094
:1002F0002DE9F04F05680446A3B0002D40F0B18011
:100300002022294602A805F058FD12AF20222946D6
:100310000AA805F052FD40222946384605F04DFD59
:10032000E26904F11C039846B2B10426E26A04F1C2
:100330002C03EAB10425EEB96FF08306304623B0F2
:10034000BDE8F08F002EF1D053F8041D3246013E77
:100350000029F7D01646E9E70326F5E7002DEAD095
:1003600053F8041D2A46013D0029F7D01546E2E75F
:100370000325F5E740233A460021606805F05AFD61
:100380004028D9D1CDE902700127DFF8DCA00DF1BA
:10039000080904F1100BBE421FD10AAF38460021F4
:1003A000314A08EB8509D2F80034C84533D109B188
:1003B000C2F80034A3683146C2F8043402A82B46C0
:1003C0000AAAFFF73DFF4FF000080646454507F132
:1003D00008073DD1FFF724FFB0E75BF8043F1A1D83
:1003E00021D8DAF80004D91C21F00301C0F580629D
:1003F000914218D8014400EB0A02CAF80014606860
:100400003946019205F016FD019AC9F80C00013732
:1004100049F8082FBFE758F804EF1EF1040F07D979
:1004200009B1C2F80034FFF7FBFE6FF08C0685E7D8
:100430000EF1030C2CF0030CC3F5806AD44500F1D7
:100440000800EDD8D11840E9021E63440121ACE751
:10045000414657E90223606805F001FD08F10108F3
:10046000B4E76FF0850669E7200C002008B5282264
:100470000021024805F0A1FC002008BD2810002042
:1004800010B5044C0F222046034905F071FC2046AC
:1004900010BD00BF511000202206000008B5012148
:1004A000024803F0D7FB002008BD00BF5010002019
:1004B00008B5FFF7DBFF40B9FFF7E2FFFFF7EEFFFC
:1004C00018B9BDE8084003F04FBC08BD6FF08500C7
:1004D00070476FF0850070476FF0850070476FF0D0
:1004E000850070476FF0850070476FF0850070479A
:1004F0006FF0850070476FF085007047D1E900010B
:1005000003F0F6BB6FF085007047F0B50368054651
:10051000B3F57D7FA7B007D040F2F532934207D004
:100520006FF0850027B0F0BD01F0FAFC0020F9E77C
:1005300000243C22214607A8CDE90244CDE9044429
:10054000069405F03AFC3C22214617A8169405F0C3
:1005500034FCEA69019405F11C0302B30426EA6A3B
:1005600005F12C033AB30424731E012B52D8012C3D
:1005700050D80423002168680DEB030205F05AFCF3
:1005800004281AD06FF08000CCE7002EE7D053F893
:10059000041D3246013E0029F7D01646DFE7032648
:1005A000F5E7002CE0D053F8041D2246013C002959
:1005B000F7D01446D8E70324F5E7022E16D16E696A
:1005C000402E29D806AF33463A460121686805F027
:1005D00031FC8642D6D1CDE9027602A944B9224641
:1005E000019801F078FE044620469BE70021F5E7DC
:1005F0002B6A402BC6D816AACDE90423019804AA79
:1006000001F069FEDDE9042304460021686805F075
:1006100026FCE9E7012085E76FF0890082E70020EA
:1006200070474D62656420544C5320332E362E346F
:1006300000000000000000000000000000000000BA
:100640004832000001000000693800004138000015
:10065000407C00008010002047000000407C00002B
:10066000200C002000000000407C0000000C002056
:10067000000000009C110020C2050000200C00209A
:1006800018010000000C00200800000002F026BD48
:1006900008B572B61E4A1F4B9A601F4B83F3098838
:1006A0001E4B83F30A8883F30B881D4B16A1D1E9F7
:1006B0000001C3E9000100F089F81A4B1A498B4286
:1006C00012D30020194B1A498B4218D303F0E0F8DB
:1006D000186850F82240586840F822400132986863
:1006E0008242F5D30C33EAE70022F8E71C6844F8AD
:1006F000220001325C68A242F8D30833E4E700220A
:10070000F8E700BFAFF30080A5EDF5FEA5EDF5FE1F
:100710000000000000ED00E0F80B002000040020C5
:10072000F80B00205006000074060000740600005C
:100730008C060000EFF30880EFF309812DE9F00F3C
:100740006B46724600F038F908B0FFF79FFFFEE7EE
:1007500008B5EFF31083012B0C4A07D1126ABFF3DF
:100760004F8F511C4A424A41104608BD01F04AFCD5
:1007700000B172B6126ABFF34F8F531C5A425A41EE
:1007800001F040FC0028EFD062B6EDE70080FF00EA
:1007900008B5EFF31083012B0B4A06D1D269BFF3E2
:1007A0004F8F02F00102104608BD01F02BFC00B192
:1007B00072B6D269BFF34F8F02F0010201F022FC42
:1007C0000028F0D062B6EEE70080FF006F4A10B557
:1007D000D2F8D03043F00203C2F8D03001F012FC5E
:1007E00030B14FF050230022C3F81421C3F8182170
:1007F00001F017FC28B10122654BC3F8382AC3F871
:1008000078254FF47F02D2F83031D2F83421BFF38B
:100810004F8FC3F30B03092B05D1012A1EBF012201
:100820005B4BC3F8782501F0FCFB18B10E22594B45
:10083000C3F8E42E01F0E6FB30B10022544BC3F8BC
:100840000C270122C3F810270022D30003F57F03F1
:10085000D3F80013BFF34F8F013108D0D3F8001342
:100860000132D3F80433B2F5807F0B60EDD1EFF3A2
:100870001084FFF78DFF00284DD0BFF34F8F464BFC
:10088000D3F80024012AFBD1C3F80425D3F80024AF
:10089000012AFBD1012C03D001F0B4FB00B172B6E8
:1008A000FFF776FF58B13D4AD36923F00103D361C6
:1008B000BFF34F8F384AD2F80034012BFBD1FFF73A
:1008C00047FF68B1354A136A23F0FF0343F0200362
:1008D0001362BFF34F8F304AD2F80034012BFBD1A3
:1008E000012C03D001F08EFB00B162B600222A4B2E
:1008F000C3F80425D3F80024012AFBD1BFF34F8F9E
:100900002249274BCA6802F4E0621343CB60BFF36D
:100910004F8F00BFFDE7FFF71BFF0028ADD11B4A3B
:10092000D2F88C3043F44063C2F88C304FF47F032C
:10093000D3F83021D3F83431BFF34F8FC2F30B0219
:10094000092A16D1013B022B02D8164AD35C83B187
:10095000124815490368104A8B420CBF5A230023E2
:10096000C2F8103EC36A8B420CBF5A230023C2F860
:10097000003E064AD2F8883043F47003C2F888304B
:10098000BFF34F8FBFF36F8F10BD00BF00ED00E0CE
:100990000040005000A00350009003500080FF0072
:1009A0000400FA054A350000FA50FA507C22014949
:1009B00005F0DEB9BC18002038B51D46394B3A4C5D
:1009C0005B68C3F308032360EFF303836365530697
:1009D000C4E90120E1603BD502F00C020C2A08BFFB
:1009E0000846014620612022304805F0C1F925B1B2
:1009F000202229462E4805F0BBF92A4B9A6AA265A7
:100A0000D96AE165986B206602F400406066586B15
:100A1000A06602F08000E0669A62D962D3F8E42012
:100A20002267D3F8E810616702F04001A167C3F8BC
:100A3000E42000F06FF80E211E4801F004FB22684C
:100A4000D31E042B22D8DFE803F00F15181B1E005D
:100A5000EFF39483990704D5130702D5EFF3898048
:100A6000BFE7EFF38880BCE70C211348BDE83840AE
:100A700001F0E9BA12211148F8E70B211048F5E717
:100A80000D211048F2E70E210F48EFE70F2A98BF1B
:100A90001421BDE8384089BF25210C480C48103A84
:100AA00001F06EBC00ED00E0BC180020D018002062
:100AB000F01800204D3500005B3500006735000060
:100AC0007935000084350000913500009F35000025
:100AD000B33500002DE9F34106460F460C4DD5F81D
:100AE0002C80C04710F00104FBD1394630466B69B9
:100AF000984740B9C047C307FCD42B6A019302B0A2
:100B0000BDE8F0411847204602B0BDE8F08100BFC3
:100B1000D835000010B5094C0020A3689847236918
:100B2000022098474FF4E131A46A0120A047012137
:100B30001520A0470122024B1A6010BDD8350000D5
:100B40003819002010B5054C002023699847E36848
:100B500098470022024B1A6010BD00BFD835000034
:100B600038190020064B82B01868002382B262F365
:100B70000F03000C60F31F43184602B0704700BF1C
:100B800020360000014B1869704700BF801000201C
:100B9000014B5869704700BF8010002038B50C4DDC
:100BA0000C4695F8203013B94FF0FF3038BD0A4697
:100BB0000146284600F0C8FF064B984205D00B3B83
:100BC0009842F1D100206C61F0E76FF00100EDE791
:100BD000801000200B00AD0BF0B51B4E054696F8BB
:100BE00020300C4691B01BB94FF0FF3011B0F0BD72
:100BF00000F06043B3F1005F21D100230A460146B3
:100C0000304600F031FC114B98421AD00B3B984211
:100C1000EAD1346111E0A71B402F28BF4027A91952
:100C20003A46684605F0A4F839466846FFF7D4FF0F
:100C30000028DBD14036B442EDD80020D6E70026AC
:100C4000F9E76FF00100D1E7801000200B00AD0B39
:100C5000C3B2012B10B540F096804DF6C0239942E7
:100C600070D028D8B1F5615F6FD011D8B1F5965F1B
:100C70006DD008D8B1F5966F6BD0B1F5166F6BD00B
:100C80006FF007005DE0B1F5165FF9D1454B33E039
:100C900047F61223994262D007D8B1F5964F61D03A
:100CA000B1F5E14FECD1404B26E0B1F5164FE7D15D
:100CB0004FF41D0320E03D4B994255D011D8B1F5BA
:100CC000E13F54D007D8B1F5614F53D0B1F5963F0D
:100CD000D6D1374B10E0B1F5613FD1D14FF06C73F5
:100CE0000AE0B1F5612F48D0324B994248D0B1F5B6
:100CF000E12FC5D14FF0E86310F4E06F46D110F456
:100D0000404103D0B1F5804F43D1102110F440523F
:100D100003D0B2F5805F3FD10E2210F4403003D0F3
:100D2000B0F5403F3BD10120234C20766276E36151
:100D3000A1760A4324681043C4F82435C4F86C052E
:100D4000002010BD4FF46503D6E71C4BD4E71C4BC5
:100D5000D2E74FF49E23CFE74FF41D23CCE74FF4A7
:100D60000003C9E7174BC7E74FF08063C4E74FF0B4
:100D7000EB73C1E74FF46B03BEE74FF07063BBE763
:100D80004FF08053B8E76FF00300DAE76FF0080028
:100D9000D7E76FF00A00D4E76FF00900D1E76FF0F2
:100DA0000B00CEE70050270000C0750090D0030074
:100DB00000903A0140420F008010002000F03A00FD
:100DC00000B0130000A04E0010B5114C204600F0FA
:100DD00029FE0021206884F8201000F0ABFF226873
:100DE00042F30732002A11DB012153099B0003F172
:100DF000604303F56143D3F8800202F01F0201FA59
:100E000002F20243C3F88022D3F88032002010BDE2
:100E10008010002010B5264C002120688EB000F014
:100E20007BFF226842F30732002A12DB01205309BC
:100E30009B0003F1604303F56143D3F8801202F095
:100E40001F0200FA02F221EA0202C3F88022D3F85C
:100E500080322422002105A804F0AFFFD4E9021259
:100E60004FF0FF33CDE90133CDE903334FF0EB739E
:100E70000B93072301A88DF8363001F002F90146E3
:100E800000220B4800F03AFA0A4B98420DD10C9B15
:100E9000002023831B0CA3760B9BC4E90400E361B1
:100EA000012384F820300EB010BD6FF00100FAE786
:100EB000801000200000AD0B7FB500250C46C0F867
:100EC00008511646D0F80821D0F8002222F020025E
:100ED000C0F80022104AC0F8082301F023F9A560E9
:100EE000256104F14C03D3E8EF1F21F47F0121F4C5
:100EF0007041C3E8E21F002AF5D110222946684656
:100F000004F05BFF042368468DF800300196D4E9B5
:100F10000013984704B070BD10020A0000F01F03D0
:100F2000400909D1074A02EB8303D3F80012064AAD
:100F30000A40C3F8002270470022803352F8233061
:100F4000FFDE00BF00258450F0F8FCFF2DE9F04FD4
:100F5000804690F804A05020664F0E4600FB0A70B1
:100F6000416885B049B113F0020304D0836B002BB4
:100F700000F0B2800123009300E000914FF050098F
:100F800009FB0A73DB6CD90600F1A6804FF0010B58
:100F9000B3180293029BB34200F0A78006F06043AF
:100FA000039398F80450D8F8004009FB05739A6B36
:100FB0009AB9039BB3F1005F40F09980019200F071
:100FC00005FE09FB0572D16C204601F0010101F01C
:100FD00077F828B900F002FEE3E701230193EEE77A
:100FE000516C33460029BCBFD4F84C155164019AAA
:100FF00042B109FB05713078D1E90E23D054D1E913
:101000000E3213441BB1C4F84435C4F848B500226D
:10101000C4F82021D4F82011C4F85821D4F858116C
:10102000C4F85021D4F850210822C4F80025009AB1
:10103000E2B14FF48003C4F80433C4F808B000F000
:10104000CDFD502303FB0A72516800294BD1D26CAD
:10105000120748D503FB0A734C33D3E8EF1F21F086
:101060000801C3E8E21F002A36D0F6E7C4F808B04A
:10107000019300F0B3FD09FB0572D16C019B01F0F7
:1010800001012046019301F01BF88446019BD4F82E
:101090004C05D4F84425BCF1000F0DD19342F0D09B
:1010A00005EB850507EB0515D1B100F08FFD29464D
:1010B000204601F049F8C2E705EB8505934207EBAE
:1010C0000515F1D10028EFD100F080FD294620461A
:1010D00001F03AF800F082FD074805B0BDE8F08F56
:1010E000C4F80CB0E1E7013654E70448F5E70448DA
:1010F000F3E700BF3C1900200800AD0B0000AD0B6A
:101100000400AD0B430904D10123034A83409360DB
:10111000704700239B60FFDE0025845000F01F0312
:1011200040090BD1084A02EB8302D2F80012074BA8
:101130000B4043F00303C2F80032704700228033B3
:1011400052F82330FFDE00BF00258450F0F8FCFF8A
:101150002DE9F84391F8303005460C4690F80480AC
:101160000F6853BB5023DFF85091781C03FB0893A2
:10117000DE6C46F00072DA6404D03846FFF7C2FF36
:10118000FFF7CCFF6068411C01D0FFF7C7FE94F861
:101190002C30012B11D1502303FB0893E06846F05B
:1011A0002066421CDE6401D0FFF7B8FEA068431C35
:1011B00003D0FFF7A7FFFFF7B1FF94F82F0038B96E
:1011C00050223D4B02FB0833DA6C42F08072DA6445
:1011D00094F82CC094F82D1094F82EE0A26A2B6895
:1011E00041EA0C01E668D4E90198C3F824254EEAE7
:1011F0000102C3F86C2550B9BCF1010FC3F80C759E
:10120000C3F8149504BFC3F80885C3F81065D3F874
:10121000682503F26458012A08BFDA60D3F8642510
:10122000012A13D1082149F64046244FC3F800157E
:1012300047F001075A60D8F800309BBB2B68D3F801
:101240008024C3F880240022C3F8002500212B68E5
:1012500094F83220C3F81011D3F81001C3F820110C
:10126000D3F82001C3F82411D3F82401C3F84411A2
:10127000D3F84401C3F85811D3F8581143F3073396
:101280005201002BD2B212DB0D49C81880F800239E
:101290000122580903F01F0302FA03F341F820303A
:1012A000BDE8F8834020B847013EC4D1C6E70549F0
:1012B00003F00F03CA54F3E73C1900203036000056
:1012C00000E100E014ED00E000F01F0340090BD145
:1012D000084A02EB8302D2F80012074B0B4043F09E
:1012E0000203C2F8003270470022803352F82330E4
:1012F000FFDE00BF00258450F0F8FCFF2DE9F34726
:101300009046502290F80490514C02FB09FA04EBED
:101310000A070D4697F848100646002940F08580D8
:1013200009EB890004EB001004F047FD2B69AA6962
:1013300044F80A306B69BB6302B1013A502303FBE6
:101340000943DA632A6A042A81BFEA699A610022A2
:10135000DA6195F83130B8F1000F37D083F001072A
:101360003F0233B1502303FB0943DA6C42F0010220
:10137000DA64502303FB09440123C4F8048084F891
:1013800048303468D4F84C2112BB29463046FFF768
:10139000DFFE0822002334688DF80730C4F80025EA
:1013A0000DF10702C4F84425C4F8483501230A2585
:1013B000A360E360D4F85831002B38D1254B40208E
:1013C00043F001039847013DF4D128E04746C8E7C0
:1013D00008224FF06409C4F8002563601D4B43F0F8
:1013E000010AD4F84431F3B9D4F82431DBB94FF40D
:1013F0002070D047B9F10109F3D14B460022C4F85F
:101400004C21D4F84C11C4F81021D4F81011C4F8B0
:101410004421D4F84411C4F80025002BB5D10E485E
:1014200002B0BDE8F0870123E8E70C48F8E70023A5
:10143000C4F820319845D4F82021C4F80035084B71
:1014400008BF00231F4333680648C3F80473E7E767
:101450003C190020303600000100AD0B0C00AD0B34
:1014600010020A000000AD0B2DE9F04784460F463C
:101470009E4616460579002A51D04FF0500ADFF8F3
:10148000BC80D0F800900AFB058ADAF8044074B9F1
:101490006BB9DAF82C50002D43D1CAF82C20FFF795
:1014A00055FD0446CAF82C502046BDE8F0871EF0D2
:1014B000030F07D0734632463946BDE8F047604611
:1014C000FFF744BD07F06043B3F1005F4FF05004F5
:1014D00014D104FB058400F079FBE26A1AB1134CC5
:1014E00000F07CFBE0E7C4E90A7605EB8505484699
:1014F00008EB051100F033FE0D4CF1E704FB058409
:10150000A36B83B100F062FBE36A002BE7D1E36CCD
:10151000012243F00203C4E90A76E364E5E7054CDF
:10152000C2E7024CC0E7044CBEE700BF0B00AD0BA6
:101530000000AD0B0600AD0B0A00AD0B3C190020FE
:101540002DE9F84350230679284D046803FB065320
:10155000D4F80473DA6AC4F8087322B92448C4F8CA
:101560000473BDE8F88306EB860005F14C024FEAF0
:10157000001802EB0012D2E8EFCF4CF0080CC2E8E2
:10158000E0CF0028F7D10122E26031B3D96C01EA43
:1015900002094946204600F093FD0028FAD000F0E9
:1015A00015FBB9F1000F1CD1D4F8203153B1012340
:1015B000E360D4F85831002BFBD0204605EB08013E
:1015C00000F0C2FD00F00AFB0023C4F82031D4F87B
:1015D0002021502202FB0655EB620648C4F8047332
:1015E000BFE7D4F85831002BE7D1EBE73C190020D6
:1015F0000500AD0B0000AD0B2DE9F84390F8048019
:101600004A4E08EB88073F0107F14C050468354452
:10161000D5E8EF3F43F48052C5E8E02F0028F7D12A
:10162000DA047FD44B0705D5502303FB08639B697D
:10163000002B79D03E4B3744C4F808330823C4F854
:1016400000350023C4F81031D4F81021C4F84C310F
:10165000D4F84C21C4F844310A03D4F844318B0344
:1016600003F4804302F400524903134301F40041A0
:101670000B43D5E8EF2F1A43C5E8E12F0029F8D135
:101680004FF0500909FB0869D9F80830EBB9D9F8CF
:10169000043093B9502303FB0863DB6CD8043FD5B7
:1016A000D5E8EF3F23F47F0323F47043C5E8E23F1E
:1016B000002AF5D11F48BDE8F8830321384600F021
:1016C0000CFDD9F80830002BE4D0D4F804335907C6
:1016D00013D5502303FB08635A6872B1DB6C1A03FD
:1016E0000BD5D5E8EF3F23F40023C5E8E23F002AFD
:1016F000F7D10621384600F0F0FC502303FB0863C5
:10170000DB6CDB040CD5D4F84C310BB9012323601E
:10171000502303FB0866736813B1054BC4F8043308
:101720000548C8E70548C6E70548C4E73C19002056
:1017300010020A000200AD0B0000AD0B0B00AD0B58
:101740000800AD0B2DE9F84F502390F804905B4E44
:10175000046803FB09631746DA6CD4F804A350034A
:101760008846C4F808A300F1A38001F06041B1F1FC
:10177000005F40F09F80996859B15B68002B40F092
:101780008380D4F8101100297ED0C4F81031D4F829
:101790001031502505FB0965EA6909EB890BC5E99C
:1017A00002874FEA0B1B002A49D0974235D84FF0E9
:1017B00000093A46A9694046C5E9029904F0D8FAF9
:1017C000EA69A869D21BC119EA6104F09BFA6B6847
:1017D00023B93B48C4F804A3BDE8F88FEB6C5E4422
:1017E000990414D5374B5B44D3E8EF1F41F48021B3
:1017F000C3E8E21F002AF7D13A464146304600F0DE
:101800007DFC4A4631462046FFF756FBE1E73A4663
:101810004146304600F072FCDBE74046A96904F01F
:10182000A7FAEB696B620023EB61264B5B44D3E8BC
:10183000EF1F41F40021C3E8E21F002AF7D1502333
:1018400003FB0963586ADA689968DB6C121A014471
:10185000C4F83415C4F83825DA04BAD5194B5B44FA
:10186000D3E8EF1F21F48021C3E8E21F002AF7D15B
:1018700001232360D4F84431002BAAD00023C4F8FC
:101880004431D4F84431A4E7502303FB096633699B
:1018900093B95304C4F83485C6E90487C4F838758D
:1018A00097D5D4F8003243F02003C4F8003290E713
:1018B00005488FE705488DE705488BE73C19002070
:1018C0000000AD0B881900200500AD0B0A00AD0B20
:1018D0000B00AD0B50232DE9F0414E4D90F80480E4
:1018E000046803FB0853D86CD4F8007200F482201B
:1018F000B0F5805F05D009B10022DA614648BDE845
:10190000F081D4F80463C4F8086309B9BB0652D463
:101910004FF4A111D4F8003223F02003C4F80032B0
:10192000502303FB08574C37D7E8EF0F0843C7E8AD
:10193000EC0FBCF1000FF7D122B903FB08535B6831
:10194000002B63D1354BC4F8083301236360D4F80E
:101950004431002BFBD00023C4F84C31D4F84C2187
:10196000C4F81031D4F81021C4F84431D4F844211B
:10197000502202FB0852D16C11F400411ED1D161FA
:10198000204600F0CFFB502303FB08550023AB603B
:101990002B61D7E8EF3F23F47F0323F47043C7E8BC
:1019A000E23F002AF5D126F4202626F404761C48CE
:1019B000C4F80463A3E74FF48031B1E79269C4F837
:1019C0004C31D4F84C11C4F834250522C4F838251C
:1019D000C4F81031D4F810310123E362D4F8103187
:1019E000002BFBD00023C4F81031D4F81031D4F808
:1019F0004C210AB1D4F83C25502303FB0853DA618B
:101A00000023C4F84C31D4F84C31B9E701236360AA
:101A1000CDE700BF3C1900200500AD0B10020A0005
:101A20000000AD0B2DE9F8432F4A03680679C3F88F
:101A3000082343F30733002B04460DDB01215A0929
:101A400003F01F03994002F12003284A42F82310B3
:101A5000BFF34F8FBFF36F8F012220461146FFF770
:101A600039FF01212046FFF76BFD50212279204DDF
:101A7000236801FB0252D46CD3F80C05E201D3F8C1
:101A80001495D3F80875D3F8108509D54FF0FF32B7
:101A9000C3F80C25C3F81425C3F80825C3F810258E
:101AA000A30116D5411C01D0FFF70EFCB9F1FF3F91
:101AB00002D04846FFF708FC22010AD5B8F1FF3FE3
:101AC00002D04046FFF700FC7B1C02D03846FFF7EF
:101AD000FBFB5023002203FB0653DA6483F8482003
:101AE0005A60BDE8F88300BF10034A0000E100E03F
:101AF0003C19002010B5502402790E4B04FB023330
:101B00005B689BB90368D3F80025082A05D011B19A
:101B1000D3F83C350B60084810BDD3F810213AB11A
:101B200011B1D3F83C350B600448F5E70448F3E7FE
:101B30000448F1E73C1900200C00AD0B0000AD0B90
:101B40000800AD0B0B00AD0B2DE9F3410546164621
:101B5000FFF7F8FD184B0446984226D1032128468A
:101B600095F80480FFF748FD144FB84201D0A04219
:101B70001FD15022124B02FB08335B68ABB90193B3
:101B8000284601A9FFF7B6FFB842F9D00D4B98429D
:101B90000AD0019BB34207D301222846114602B066
:101BA000BDE8F041FFF796BE074C204602B0BDE805
:101BB000F0810446F9E700BF0000AD0B0B00AD0B50
:101BC0003C1900200C00AD0B0800AD0B72B6024AA8
:101BD00013680133136070478C190020034A13689F
:101BE000013B136003B962B6704700BF8C19002037
:101BF0000722024BC3F80423704700BF0030005097
:101C0000084BD3F80801D3F80021003818BF012091
:101C100080000AB140F00100D3F804310BB140F06C
:101C200002007047003000500022074BC3F800212B
:101C3000D3F80011C3F80421D3F80411C3F8082124
:101C4000D3F80831704700BF003000500023172040
:101C5000094A03F5C0710133202B42F82100F8D165
:101C600000231720044A03F5E0710133202B42F8CA
:101C70002100F8D1704700BF0030005010B59DF82A
:101C80000840C00B43EA0423064CC90B43EA021385
:101C9000884200D910BDC2B202F5C07244F82230A9
:101CA0000130F5E70030005010B59DF8084000F114
:101CB000604043EA042301F16041074C400B490BAB
:101CC00043EA0213884200D910BDC2B202F5E072A5
:101CD00044F822300130F5E700300050C0F30E0325
:101CE000C3F50043B3FA83F3C3F11B03064AC0F301
:101CF000C730DBB240F4807043F48073C2F8000553
:101D0000C2F80435704700BF00300050430301485B
:101D100018447047FF1FF81F054BC0F30730090236
:101D200041F0300100F5007043F82010704700BF0B
:101D300000300050044BC0F30730090200F500707A
:101D400043F82010704700BF00300050003A18BF21
:101D50000122003918BF012103688900074841EAC0
:101D60004201186359605A6842F001025A60BFF399
:101D70004F8FBFF36F8F0020704700BF04AAFF0092
:101D800008B5FFF73DFF044B162118600348BDE876
:101D9000084000F058B900BFD81F002036360000B8
:101DA0000C22014903F0E4BFD81F002010B501F058
:101DB00090FB044690B902F037F8044680B90A4A0D
:101DC0002E21D368094823F008031B041B0C43F0A1
:101DD000BF6343F40033D36000F035F9204610BDF3
:101DE00045F22354FAE700BF00ED00E04C36000056
:101DF000024B1860024B002019607047E81F00205A
:101E0000E41F00201FB5374C426923685A6282697B
:101E10009A62C269DA62026A1A63426A5A63826A21
:101E20009A63C26ADA63026B1A64426B5A60826B0D
:101E30009A60C26BDA60026C1A61426C5A61826C01
:101E40009A61C26CDA61026D1A62826D5A65C26D66
:101E50009A65026FDA65026E1A66826E5A66426F82
:101E60009A66EFF388825A64EFF389829A64426833
:101E7000DA64EFF394821A65026801A81A67FFF723
:101E80008FFF2368019ADA6601221A70164B1C68CC
:101E9000640864002046214622462346B7EE000A25
:101EA000F7EE000AB7EE001AF7EE001AB7EE002AB6
:101EB000F7EE002AB7EE003AF7EE003AB7EE004A26
:101EC000F7EE004AB7EE005AF7EE005AB7EE006A96
:101ED000F7EE006AB7EE007AF7EE007A04F02DF81C
:101EE00004B010BDE81F0020E41F002000B5A1B021
:101EF00001A8FEF75BFD029B63B15B060AD4019B60
:101F000023F00203052B05D1044B1B6813B101A874
:101F1000FFF778FF21B05DF804FB00BFE41F00204D
:101F2000BFF34F8F0549064BCA6802F4E0621343C2
:101F3000CB60BFF34F8F00BFFDE700BF00ED00E0B7
:101F40000400FA0538B543680C2B01D0022038BDD7
:101F50004B68042BFAD14FF0FF3304680D682168F9
:101F60002B600029F2D0A268002AEFD006230120BE
:101F700001F001FA0028E9D161681D4B99420AD9A4
:101F8000A2681C488B1883420ED8206803F0F0FE2C
:101F900000202860DBE7184B9942D7D9A2680933A3
:101FA00088189842D2D8F0E714488142CED9144814
:101FB0008342CBD80A43930701D00320C7E72368A5
:101FC000C91AA068CA180028E2D0EFF310800128CF
:101FD00008D11268BFF34F8F43F8042BA268043A6C
:101FE000A260EEE772B61268BFF34F8F62B6F3E7F6
:101FF000FF01FF002C02FF002F01FF000781FF00FF
:102000000084FF004FF47F03D3F83001D3F834315C
:10201000BFF34F8FC0F30B00A0F1090358425841A2
:1020200070474FF47F02D2F83031D2F83401BFF359
:102030004F8FC3F30B03092B03D1431E5842584162
:10204000704700207047FEF745BD012070476FF0D4
:1020500003007047002382B00193019802B07047DB
:102060006FF003007047002382B00193019802B023
:102070007047022814BF6FF0030000207047FEF77E
:10208000ABBD70B540F2FF1501EB8202914200D169
:1020900070BD51F8044BC4F30803640CAB4208BF95
:1020A0004FF0FF33032CF1D8DFE804F002040608F8
:1020B0000360EBE74360E9E78360E7E7C360E5E7D8
:1020C0000346D0F8580130B931B9D3F820010038AF
:1020D00018BF012070470120704730B504460D46F7
:1020E00085B010220021684603F067FED4E9001392
:1020F00068468DF80050984705B030BD7FB504465E
:102100000E46154600211022684603F056FE0123B4
:1021100068468DF80030CDE90165D4E90013984791
:1021200004B070BD10B50446FFF750FDD4F8583127
:1021300033B1D4F8043313F4800308BFC4F8003576
:10214000BDE81040FFF74ABDD0F8583133B1CB6C31
:10215000C3F30032DB0458BFC0F80025704770B5E8
:10216000CE6C0D4606F001010446FFF7A9FF38B911
:102170004FF4800346F00406EE64C4F8043370BDE7
:10218000D5E90A365AB1296CEA6B761A964228BF0D
:10219000164619443246A86B03F0EAFDAB6B4FF0CC
:1021A000FF326A641BB1C4F84435C4F848650023A3
:1021B000C4F82031D4F82021C4F85831D4F858217B
:1021C000C4F85031D4F850310823C4F800354FF426
:1021D0008003C4F804330123A360D0E7C003704731
:1021E000C00300F5FF407F307047002070471F207C
:1021F00070474FF40040704700F57F40C030400307
:102200007047402070475F2070474FF40050704780
:102210004B6830B513F01F052DD102680C681068AB
:10222000C0F30720844226D25068556094600C7C2D
:1022300023F01F0304F001041C438B7CDB0003F03C
:1022400018031C434B7C5B0003F006032343D3605D
:102250008B68013B23F01F04CB685B0003F00E0387
:10226000234343F0010313615060BFF34F8FBFF36B
:102270006F8F284630BD0120FCE7036800205A68B4
:10228000C9B258609960D86018615A60704770B5DB
:102290000546002403681E68C6F30726B44201D130
:1022A000002070BD21462846FFF7E7FF0134F5E71F
:1022B0000020704708B5FFF719FE72B620BFFDE792
:1022C000034610B10020187070474AF2C5307047BD
:1022D0000020704770470346012B084670B5114631
:1022E00007D0042B09D0002B31D1BDE87040FFF797
:1022F00029BEBDE8704000F02CB84368082B01D01F
:10230000022070BD5468042CFAD14FF0FF330568E9
:102310001668296833600029F2D06B68002BEFD073
:1023200026237422012001F026F80028E8D1224655
:1023300023230120696801F01EF804460028DFD13C
:10234000D5E90001FFF754FD30602046D9E70320AE
:10235000D7E743680C2B01D0022070474B68042B51
:10236000FAD10B6801210268196011680131F3D1BB
:102370000221906819600028EED1186070470000B3
:1023800030B50C46154685B038B139B1FFF75BFE64
:10239000041E03DA204605B030BD044640F60D2386
:1023A000ADF80E3009230B4901A805F00F028A5C35
:1023B0002D091A54013B012BF7D147F630030C21AC
:1023C000ADF80430FFF73FFE0028B4BF04462418E0
:1023D000E0E700BF7A36000007B51E4B83F30A889A
:1023E0001D4801F061F848B100F078FE00F016FCDD
:1023F00000F0E2F8002003B05DF804FBFFF7D6FC24
:102400000028F1D121211548FFF71DFEFFF750FFED
:102410000028E9D10DF10700FFF752FF0028E3D1B2
:102420009DF807301BB1FFF753FF0028DCD1FFF701
:1024300051FF00F007FC35210948FFF704FE172182
:102440000848FFF700FE18210748FFF7FCFD00F0E1
:10245000E1FDCBE700040020901900208A3600003F
:10246000AB360000E0360000F736000030B5094C0E
:10247000024661680023084640B105686D689542D0
:1024800005D11BB1826860609A60816030BD0346EF
:102490008068F1E7141A002038B504462AB10B68A9
:1024A0009B68DB0512D5002038BD0B4B1D680DB9AC
:1024B00000F014FE00222B68996934338A4203D05D
:1024C00053F8040FA04204D19142ECD16FF0FC000C
:1024D000EAE70132F2E700BF1C1A002070B504469B
:1024E0000E461546002130220C3003F066FC064BE8
:1024F00020461B68A6606360656100F0DBFE002378
:102500002061236070BD00BF1C1A0020034B1868B7
:1025100010B1006800B14068704700BF1C1A00206D
:10252000064B10B51C680CB900F0D8FD23689B68F9
:1025300013F4406F14BF0120002010BD1C1A0020AE
:102540002DE9F843904607460C46FFF7E9FF02469F
:1025500024B96FF080042046BDE8F8836300F8D505
:10256000144B04F01F0153F82150002DF1D02B68BB
:1025700029465868FFF790FFB0B9C4F307212846F1
:1025800000F0AEFD04460028E3D1EFF3108972B6E7
:1025900000F09DFE064689F3108840B14246294668
:1025A000FFF79CFF3E60D6E76FF08104D3E76FF042
:1025B0008204D0E7941900202DE9F04100F086FE56
:1025C0000023144E144F73607B6000F0E7FADFF8CD
:1025D0004C80304600F024F80446A0B139468023F0
:1025E000424600F0A3F80546204600F0AFFD206803
:1025F000211D00F07DFB08B100F070FD294620464A
:1026000000F078FAE5E7FEF79DFABDE8F04100F04A
:1026100087BA00BF201A0020141A00209419002045
:10262000F8B5054608B900F059FD3B4E346814F181
:10263000310F6ED8394B196804F130038B4268D2E0
:10264000E369A26903EB83030E321344226A02EBAF
:1026500042021344626AC2EBC20213449B00E318B5
:1026600001D2994201D200F039FD23682C4A1B0C9B
:102670001B04934201D000F031FD2388B3F5817F24
:1026800001D300F02BFD6368002B01DA00F026FD7A
:10269000D4E90A239A4201DD00F020FDA36813F477
:1026A000406F22D11F4A176807F1200313601E4AAA
:1026B0001268934201D900F011FDE369A26903EBAE
:1026C00083030E321344226A3C6002EB420213443D
:1026D000626AC2EBC2021344326802EB83026B6887
:1026E0003260FB616F603846F8BD6F68002FD9D04B
:1026F0003B689A6812F4406F09D0E16A9A6A914285
:1027000005DBA26ADB6A9A4201DC00F0E7FCFF69A4
:10271000ECE70027E7E700BFAC1000201837000007
:1027200000005F5FA8100020143700002DE9F74F6C
:102730000F4690460646009300B109B900F0CEFC62
:10274000D6F800A0DAF818200AF1380303EB820B60
:10275000DAF81C40204B1D6854B10C2202FB0454D3
:102760001C601E4B1B689C4201D900F0B7FC2C4634
:1027700025464FF00009DAF81C204A4500D91CB95B
:10278000002003B0BDE8F08F142303FB09B200233F
:10279000C5E900269268AB60930516D5B8F1000F25
:1027A00002D0009B802B03D0019200F097FC019A8D
:1027B00012F0E00FD0B202D158F820201AB10190E7
:1027C00000F08CFC019848F820507A6809F1010962
:1027D000AA607D600C35CEE7A41000201037000001
:1027E0002DE9F04F93B000935E4B0746D3F800B04D
:1027F0000BB2002B0D461646C1F30269C1F3024A23
:1028000004DA6FF0800013B0BDE8F08F8B42C36034
:1028100001D10020F7E709EB0A03042BF1D8CC0F14
:1028200064014FEAC90831464246DBF8040044F02F
:10283000020300F0A0FD01460028E2D1202202A8F8
:1028400003F0BBFA4246314602A84FEACA0603F03B
:102850008FFA32460099DBF8040044F0060300F0DA
:102860008AFD80460028CCD1014620220AA803F028
:10287000A4FA324600990AA802AE03F079FA334668
:1028800008F10108C14514D91A46C4460DE0D2F832
:1028900008E0D16818687144884203D25968084436
:1028A0008645AED30CF1010C0832CC45EFD108338C
:1028B000E6E715F0006F18BF20241022002107F171
:1028C0001C0003F07AFA07F118081022002107F122
:1028D0002C0003F072FA08EB890944F00203C845A2
:1028E00012D1202C27D1002D02DBC5F3C0456C018D
:1028F00007F128050AAE05EB8A0A44F0060455459F
:102900001BD1009BFB6784E77268DBF8040056F874
:10291000081B019300F02FFD00287FF472AF56F8DA
:10292000042C019B48F8042F56F8082CC8F83000F6
:10293000C8F82020D3E70024DAE77268234656F867
:10294000081BDBF8040000F016FD00287FF459AFE7
:1029500056F8043C45F8043F56F8083C28642B63BD
:10296000CDE700BF1C1A00202DE9F0411F461A4B8D
:102970000D461646D3F8008000F0C4FB044608B9A3
:1029800000F0ACFBE368002B01DA00F0A7FB032D9D
:1029900001D900F0A3FB04EB8504E569E36CED1AB3
:1029A00016D006233A463146D8F8040000F0E3FC7E
:1029B00008B100F093FBBD4228BF3D46E36CE16BDC
:1029C0002A461944304603F0D3F9E36C2B44E36400
:1029D0002846BDE8F08100BF1C1A00202DE9F04117
:1029E0001D461A4B0F461646D3F8008000F08AFBAE
:1029F000044608B900F072FBE368002B01DA00F02E
:102A00006DFB032F01D900F069FB04EB8704E36A37
:102A1000E26E9B1AAB4201D200F060FB02232A4611
:102A20003146D8F8040000F0A6FC08B100F056FBCF
:102A3000E36EE06D2A463146184403F099F9E36EDF
:102A400000202B44E366BDE8F08100BF1C1A002083
:102A50002DE9F04105464FF001080E4E0E4B376848
:102A60005C681CB928463760BDE8F081226893682D
:102A700013F400700CD16369012B09D0D368346062
:102A800023B19847002801DA00F028FBC4F814802D
:102A9000E469E6E71C1A0020201A002070B50446FD
:102AA000D0B18368C3B11A68B2B15D68A5B10C4BEF
:102AB000A86168691D6020B92B68DB684BB90123E8
:102AC0006B61A36804F10C001B68BDE870401B69D2
:102AD000184798470028F2DA6FF0800070BD00BFF9
:102AE0001C1A00204268024B08461A60704700BF5B
:102AF0001C1A00200022036810B5C0E905229A685C
:102B0000044612F4406F07D0120503D5D3E90A0139
:102B100000F034F8014B1C6010BD00BF1C1A0020EF
:102B200038B5124B1B681C68A36813F4406F01D1C1
:102B300000F0D4FA00F09CF9226B23690C4913448D
:102B400023F00703A3F1080543E9021185F309887F
:102B5000073222F0070282F30B88BFF36F8F054B19
:102B6000E268054900F0E5FC002038BD1C1A002091
:102B7000A5EDF5FEF80B0020512A0000014BC3E93A
:102B800000017047281A0020034BD3E9003083422C
:102B9000C8BF0020704700BF281A002008B500F009
:102BA0005BF9034B986000F05DF980F3888808BDFD
:102BB00000ED02E0EFF308807146EFF30982EFF3D6
:102BC0000B830CB406B400F045FA8646009900F079
:102BD000080001F00801401A02DC12DB04B0704763
:102BE0001EF020031CBF2DE9F00FBDF1080D0A4CAB
:102BF000254626462746A046A146A246A34630B40F
:102C0000704704B030BC1EF020031CBF1DF1080D3E
:102C1000BDE8F00F04B07047A5EDF5FE084BDA688B
:102C200082F07F4282F47F0242F48042DA60002226
:102C30001A765A76DA76DA77602283F8222070479D
:102C400000ED00E0114BD3F8882042F47002C3F885
:102C50008820BFF34F8FBFF36F8FD3F88C2042F4DF
:102C60004062C3F88C20D3F8342242F08042C3F88B
:102C70003422D3F8342242F03C42C3F834224FF0DD
:102C8000E022D36843F42003D360704700ED00E0F6
:102C9000009A164B9A4227D101229043014641ECFB
:102CA000100B41EC110B41EC120B41EC130B41ECFE
:102CB000140B41EC150B41EC160B41EC170BEFF329
:102CC000148222F0040282F31488BFF36F8F02464D
:102CD0000346044605460646074680468146824628
:102CE0008346844686460447FEE70000A5EDF5FED0
:102CF0002DE9F041044618B943F6DA30BDE8F08119
:102D00000029F9D08368002513F4406F14BF012314
:102D10000023134F43F00203DFF848800B6000F1FB
:102D20003806236AAB4201D80020E7E71421A369E3
:102D3000E26906EB830301FB02330C226A43991814
:102D40008968090709D59B58BB4201D04345D3D1B7
:102D5000186810B10121FEF7DFFF0135E1E700BF80
:102D6000BC100020B410002070B5324C86B0324840
:102D7000FFF78DFA236801255A1C01932F4B22601F
:102D8000DA681B694FF44076039300232A4801A9AF
:102D900002920495ADF814608DF81630FFF738FAFA
:102DA00018B143F6DA3006B070BD23688DF816000E
:102DB0005A1C0193224B20480293224B01A9CDE9D2
:102DC00003352260ADF81460FFF722FA0028E8D13D
:102DD00023688DF816005A1C01931B4B164802936A
:102DE0001A4B01A9CDE903352260ADF81460FFF755
:102DF0000FFA0028D5D123688DF816005A1C0193CC
:102E0000134B0D480293134B01A903930223049320
:102E100040F201132260ADF81430FFF7F9F90446CF
:102E20000028BED12A4629460348FEF78FFF2046D8
:102E3000B9E700BF301A0020B01000201C37000096
:102E400000380000606100004006000040060000FD
:102E5000000C0020200C0020014B1868704700BFB8
:102E60001C370000014B1B68186870471C370000B6
:102E7000014B1B68586870471C37000008B5FEF707
:102E80007FFFFEF7D1FE0A4B5A68103AD3B2120602
:102E900009D401215A0903F01F03994002F160038C
:102EA000044A42F82310BDE8084000F017B900BFFB
:102EB00000ED00E000E100E00020034BD8765A6A04
:102EC00042F470225A62704700ED00E00349044B5F
:102ED000CA68002092B21343CB60704700ED00E057
:102EE0000800FA05064BD3F8D02022F00102C3F8FF
:102EF000D020D3F8D02042F00202C3F8D02070478F
:102F000000ED00E037B50124FEF7A0FE164D224685
:102F1000052347F6FF7100200094FEF7AFFE22461E
:102F200007234FF0005011490094FEF7BDFED5E98C
:102F30000101072300220094FEF7A0FE07230022D0
:102F40000B490C480094FEF7AFFE2969E868013987
:102F5000FEF7C4FED5E90501062300220094FEF722
:102F60008DFE002003B030BD1C370000FF7F002025
:102F7000FFFF03200080002038B500240D4D002104
:102F800055F8040B0134FEF7D5FE1D2CF7D10020B7
:102F90000122094BC3F88004C3F88424C3F8C00499
:102FA000C3F8C42440F2011203F55833C3F8402596
:102FB00038BD00BF383700000030005000224FF00D
:102FC000FF300D4B02F1A0010132102A43F821001D
:102FD000F8D1D3F88022002022F00802C3F8802222
:102FE000D3F88022D3F8802222F48072C3F88022A2
:102FF000D3F88032704700BF00E100E008B5FEF76B
:10300000F7FD0822024BC3F880211A60002008BD9A
:1030100000E100E00122014B1A607047341A0020E1
:1030200010B50446094B2289186861680623406878
:1030300000F0A1F928B9064B1B68012B01D1FFF75D
:1030400065FA6FF08603236010BD00BF1C1A0020D4
:10305000341A002001F00C0370B50C2B0CBF154680
:1030600005464A060C461ED58B0658BF2835AB6967
:1030700013F8026C84F00803C3F3C003C6F3801294
:10308000934201D000F02AF816F0A00F1CD176B1BF
:10309000032E15D032461C210D48FFF771F96FF051
:1030A00083032B600AE000F019F82026E2E7FFF71F
:1030B00083FA04460146074800F035FA204670BD01
:1030C0002846FFF7ADFFF9E732461F210248E4E743
:1030D000AC370000F80B0020C8370000FFF7EAB853
:1030E00003689A68DB6812F4806F05D18B422CBFAD
:1030F00000206FF0FA0070478B420CBF00206FF089
:10310000FA00704710B500F0D8F8044600F0E6F871
:1031100050B9FFF7FBF9A3685B681B685B688342E3
:1031200018BF0024204610BD0024FBE738B5054633
:1031300048B1FFF729FDB5EBD07F044601D0FFF77A
:10314000CDFF204638BDFFF7E1F9F4E77047823044
:10315000012808B506D8FFF7E3F918B9BDE808401B
:10316000FFF7BCBF08BDF8B505460E46FFF7CAFF1E
:10317000044608B9FFF7B2FFA7680FB9FFF7AEFF23
:10318000E368991C4BD05A1C26D1002E44D016F16E
:10319000820F19D1022301252360EFF3108772B645
:1031A00031462046FFF79EFC064687F310882368C9
:1031B000022B1CBF0023236025B10023204623607F
:1031C00000F08EF83046F8BD16F1830FE2D0FFF71D
:1031D00085FF00250026E0E7002BF8DB002304F143
:1031E000280252F8041F19B1E16F106C19444860AD
:1031F0000833202BF5D13B689D6815F4007502D08B
:1032000002230125236016F1810FC6D16369002BCB
:10321000C3DBFFF763FFC0E72E460025F3E7012578
:10322000D8E708B5FFF746F86FF0830008BD2DE931
:10323000F3410E46174698460546FFF771F9FFF72A
:1032400075FF2946024601A8FFF77AF9044660B9DE
:1032500043463A4631460198FFF7C2FA044640B168
:103260006B0002D5019800F03BF8204602B0BDE8A3
:10327000F0810198FFF712FC0122019B04461A60BD
:10328000F3E740F20110704770B50546FFF748F9C3
:1032900006462846FFF7EAF8044608B9002070BD44
:1032A000014632462846FFF7F7F80028F6D1236892
:1032B000D868F4E74FF480507047B0F5805F03D1D1
:1032C000EFF30B8080387047002070477047EFF3B2
:1032D0000B8000F1800383F30B8870470020704758
:1032E000EFF30B83803B83F30B88704780EA000089
:1032F000E1EE100A00EE100A00EE900A01EE100A4C
:1033000001EE900A02EE100A02EE900A03EE100A95
:1033100003EE900A04EE100A04EE900A05EE100A7D
:1033200005EE900A06EE100A06EE900A07EE100A65
:1033300007EE900A08EE100A08EE900A09EE100A4D
:1033400009EE900A0AEE100A0AEE900A0BEE100A35
:103350000BEE900A0CEE100A0CEE900A0DEE100A1D
:103360000DEE900A0EEE100A0EEE900A0FEE100A05
:103370000FEE900A70472DE9F0410F461546002ADE
:103380005BD0002900F08D8003F00602062A57D09A
:103390009A0740F1868008249B0648BF44F0120437
:1033A000860758BF44F00404C00709D5EFF394839F
:1033B000D9074CBF44F0040424F0040444F0120480
:1033C00022462946384602F0B9FBB0BB47E800F276
:1033D00005EB0708110E120208F1FF3646E800F36C
:1033E0004FEA13605AD51B0258D5884256D047E899
:1033F00000F546E800F6FEF7F8FE2D0E85424FEA8E
:10340000166628D3FEF7F3FE864224D82846FEF738
:10341000E7FE2246C7F101010144384602F08EFB67
:10342000E0B30135AE420DD83046FEF7D7FE224656
:10343000A8EB000102F082FB80B30020BDE8F08120
:103440000124A9E72846FEF7C9FE0746FEF7D1FE8C
:1034500022460146E1E7FEF7D4FE85421ED3FEF781
:10346000D2FE86421AD82846FEF750FC2246C7F103
:1034700001010144384602F061FB78B10135AE42EA
:1034800003D83046FEF7B8FED1E72846FEF7B4FE73
:103490000746FEF7BAFE22460146EBE76FF07F00D3
:1034A000CCE74CF2DA20C9E710B50446FFF71AFD65
:1034B000FFF728FD10B143F6DA3010BDFFF75CFDD1
:1034C0000028F8D1FFF750FC0028F4D10223236034
:1034D000F3E708B5FFF7F0FC10B143F6DA3008BDAA
:1034E000FFF7F4FC0028F8D100F01CF80028F4D114
:1034F00062B6FDF70FFBFFF761FD0028EDD1FFF786
:103500007DFD0028EBD0E8E7EFF30880EFF30981B9
:103510002DE9F00F6B467246FDF74EFA08B0FFF743
:10352000ADFCFEE7704704460D46FFF7DFFEA546FB
:10353000284783F3088896460222EFF31483134347
:1035400083F31488BFF36F8F08470000014641548E
:10355000414C204552524F523A2000486172644615
:1035600061756C740D0A004D656D4D616E61676526
:10357000206661756C740D0A004275734661756C46
:10358000740D0A0055736167654661756C740D0AA8
:10359000005365637572654661756C740D0A00525F
:1035A0006573657276656420457863657074696FCC
:1035B0006E2000506C6174666F726D206578746562
:1035C000726E616C20696E746572727570742028F9
:1035D0004952516E293A2000650B00004B20000033
:1035E000150E0000C90D0000732000007F200000B0
:1035F0009D0B00004F200000850B0000910B000088
:10360000510C0000552000006120000067200000E0
:103610001B0000000E0000021A0000010F00000352
:103620000302020200000000000000000000000091
:103630000338FDD87047506C6174666F726D204519
:103640007863657074696F6E3A0D0A00416C6C2086
:1036500070696E732068617665206265656E2063AF
:103660006F6E66696775726564206173206E6F6E38
:103670002D7365637572650D0A0030313233343550
:10368000363738394142434445461B5B313B33347E
:103690006D426F6F74696E672054462D4D207632EF
:1036A0002E312E321B5B306D0D0A001B5B313B331C
:1036B000346D5B536563205468726561645D2053AB
:1036C000656375726520696D61676520696E6974EF
:1036D00069616C697A696E67211B5B306D0D0A0048
:1036E00054462D4D20466C6F6174204142493A206A
:1036F000486172640D0A004C617A792073746163C9
:103700006B696E6720656E61626C65640D0A00000E
:1037100014120020FC11002018020000008000009C
:1037200000800000FF7F0F00007C00000080000090
:1037300000800F00FF9F0F0000400050005000501D
:103740000090005000A0005000B0005000E0005079
:1037500000F00050000001500010015000400150E6
:1037600000500150007001500080015000B0015025
:1037700000C0015000D0015000E0015000F00150A5
:103780000000025000100250002002500030025091
:1037900000400250006002500080025000A0025021
:1037A000009003500025845000A00350556E6B6EAE
:1037B0006F776E2053504D205356432072657175BC
:1037C00065737465643A2000556E6B6E6F776E207A
:1037D000535643206E756D62657220726571756512
:0737E000737465643A2000D8
:103800000348044B834202D0034B03B1184770476F
:103810009C1100209C110020000000000548064B70
:103820001B1AD90F01EBA301491002D0034B03B1BE
:10383000184770479C1100209C11002000000000D8
:1038400010B5064C237843B9FFF7DAFF044B13B1E8
:103850000448AFF300800123237010BDA01800209E
:10386000000000004C61000008B5044B1BB1044986
:103870000448AFF30080BDE80840CFE70000000037
:10388000A41800204C610000A3F5803A704700BFE7
:10389000174B002B08BF134B9D46FFF7F5FF002188
:1038A0008B460F461348144A121A02F086FA0E4B42
:1038B000002B00D098470D4B002B00D098470020DC
:1038C000002104000D000D48002802D00C48AFF381
:1038D000008002F00FF920002900FEF77DFD02F0C4
:1038E000F5F800BF00000800000000000000000024
:1038F000F80B00209C110020A428002000000000EC
:1039000000000000009A074B9A4208D110B502F05F
:1039100077FA02F079F906BC96460C46744702F035
:10392000B3FA0000A5EDF5FE009A074B9A4208D1C4
:1039300010B502F071FA02F067F906BC96460C4623
:10394000744702F0A1FA0000A5EDF5FE0CB4029A4E
:10395000084B9A420CD14FF0004319430CBC10B5F0
:1039600000F022F802F050F906BC96460C46744767
:1039700002F08AFAA5EDF5FE009A044B9A4202D1B4
:1039800003490868744702F07FFA0000A5EDF5FED0
:10399000B05F0000009A034B9A4200D1744702F0D6
:1039A00073FA0000A5EDF5FE2DE9F84304460D4637
:1039B00016461F46EFF30583C3F308030BB1FFF769
:1039C0008DFBDFF834903B46204632462946D9F835
:1039D0000080FFF72CFCD9F800300446984506D04B
:1039E0009B6901461869BDE8F843FFF7BCBBFFF7C8
:1039F000AEFB2046BDE8F8831C1A002001680E4A81
:103A00000346914215D1C169A2F11022A2F1EF1231
:103A100091420ED18268012A0BD8C26812B10169A5
:103A20008A4206D0586928B19B691B1A58425841EE
:103A300070470120704700BF55AA00FF0D4B70B5BD
:103A40009E68A6B13046FFF7D9FF044678B9F368FF
:103A50006BB935690DB9204670BD2846FFF7CEFF1A
:103A600028B9EB68B34202D12E462D69F2E7012452
:103A7000F1E700BF381A00202DE9F041394E3468D3
:103A8000F368D4B1B468C4B1002861D000295FD014
:103A900001FB00F5B5FBF0F0884259D1291D57D83C
:103AA000AA070DD025F0030204321C4603E061682A
:103AB00091424FD2A469002CF9D12046BDE8F08193
:103AC0002A46F2E7891A232904F12007D4E9050CD4
:103AD0001AD80123A360A0B1C0F818C0A36903B12C
:103AE00058610023C4E905333369DB0702D5FFF7CA
:103AF000A5FFA0BB2A46002138463C4602F05DF9EE
:103B0000DBE7C6F80CC0E9E702F1200804EB080384
:103B10002039C3E9011E2169DFF84CE0DC6019613E
:103B200044F808E0AEF1102EAEF1EF1EC3F81CE031
:103B300001B1CB60C3E9050C40B18361996901B162
:103B40004B6101212361C4E90121CAE7F360F5E774
:103B50000024B2E7D4F808E0BEF1000FB2D0012093
:103B600001F0B4FF381A002055AA00FFF8B5054649
:103B700000283AD0364E3368002B36D0B268002A7F
:103B800033D0834203D872681344984202D3012091
:103B900001F09CFFA0F120042046FFF72FFF002832
:103BA000F5D155F8183C012BF1D145F8180C55E921
:103BB0000570DFB1BB68CBB955F81C2C7B6820328F
:103BC00013447B60386100B1C76020220021204689
:103BD00002F0F3F8386908B183682BB333699B07A7
:103BE00003D5FFF72BFF0028D1D1F8BD40B3836880
:103BF00033BB426863681344203363600369D4E9CC
:103C00000521236192B9B9B9426981696261A161F3
:103C1000A2B19461A26902B1546103B1DC602022B7
:103C2000002102F0CAF8D9E73C46E2E79161A169B8
:103C30000029E9D04A61E7E7F160F8E7F460E9E7D5
:103C4000F36845F8083C03B15C61F460C6E700BF67
:103C5000381A002038B50D461422002104461248B7
:103C600002F0ABF81149124800F02CF8232D1AD9B4
:103C700014F003031FBF043DED18C3F10403E4185F
:103C80002A460021204602F098F8074B094AC3E96A
:103C900000459C602260A2F11022203DA2F1EF12AB
:103CA0006560E261DC6038BD381A00206D3B0000C1
:103CB000793A000055AA00FF014B1B68184700BF66
:103CC000C4100020024B1860024B0020196070479E
:103CD000C8100020C410002010B50A46044619B1CF
:103CE000024B00211B68984710BD00BFCC1000207C
:103CF000074B0A465978022906D11978072903D1BA
:103D00000146181D02F006B96FF08800704700BF29
:103D10004C1A002010B5124C2378590744BF23F0E9
:103D20000403237023789A0705D500F063F82378FD
:103D300023F002032370637813B10A4802F0FBF802
:103D40000023042107486370FFF7C6FF2378DB07D1
:103D500005D502F0DCF8237823F00103237010BDB1
:103D60004C1A0020501A002038B51C4D6A782B7868
:103D7000022A01D1072B12D0D80713D52B78990727
:103D800007D400F02FF82B78044643F002032B7081
:103D900088B96A782B788AB12B785A0719D500240C
:103DA000204638BD02F0B1F82B78044643F00103F9
:103DB0002B700028E2D0FFF7ADFFF1E7DB07EBD572
:103DC000074802F0A5F8022304466B700028F2D1E0
:103DD000E2E743F004032B70E1E700BF4C1A002038
:103DE000501A00200122024B002083F880257047E2
:103DF000541A00202DE9F0410A4C002526464FF0C8
:103E0000010803272046C4F820802777013502F0F7
:103E10005FF8202D04F12C04F4D1002386F88035BE
:103E2000BDE8F081541A002010B50C4C236813B182
:103E30000B4B1B682BB900F089FC30B90122084BF1
:103E40001A6001232360002010BD0138062801D923
:103E5000044810BD044B53F8200010BDF01F002093
:103E6000EC1F0020FE8FFFFFB45F0000144B2DE914
:103E7000F043002814BF04461C46124F236883B049
:103E8000BB4219D016460D4620464FF4147104F17A
:103E9000040900F047F804F58E78484600F0CEF8A3
:103EA000404600F019FA2B464A464046064900961D
:103EB00000F034FB08B92760002003B0BDE8F083B0
:103EC000F41F0020A5BCC95AC140000070B50D4CBC
:103ED0001D46002814BF064626460B4B306882B0AC
:103EE00098420DD106F58E70002633460096144692
:103EF00000F03EFB002818BF34462C6002B070BDB5
:103F00000248FBE7F41F0020A5BCC95AE88FFFFF59
:103F100038B131B1002201440346013081421A70A8
:103F2000FAD1704738B131B1002201440346013063
:103F300088421A70FAD170472DE9F043202B1D46B4
:103F40000646884691468BB026D8DBB202AF8DF884
:103F50000480B04658F8041B8DF8053021B940465E
:103F600001F038F9044640B901230222404633608B
:103F700001A901F043F9044638B138462021FFF782
:103F8000D1FF20460BB0BDE8F0832A4649464046A3
:103F900001F034F90446F0E702AF19461046002359
:103FA0003A4601F0B1FA04460028E6D12023B9468A
:103FB0001D46CCE72DE9F041D0F8F830A6B0002B33
:103FC000D8BF02AE31DD05460027D0F80C4102AE65
:103FD000A4F101089022D5F8FC403146D0F8000148
:103FE00001AB0197B8FA88F8A0474FEA5818044681
:103FF00020B9019B53B9B8F1000F16D0304690217B
:10400000FFF790FF204626B0BDE8F081014632461A
:104010002846FFF791FF58B9D5F80431019A1344A7
:10402000C5F80431B8F1000FE8D16FF03C04E5E7C2
:104030000446204626B0BDE8F08100BF70B50025DB
:104040000446142204F588762946C0F8F850FC305E
:1040500001F0B3FE08222946304601F0AEFE144BB3
:1040600030461B689847204640F8045B01F098F8FA
:10407000104B30461B689847C8B9D4F8F830AB42AB
:104080000FDC03EB830204EB82022021C2F8000163
:104090000120C2E9421008490133C2F8FC10C4F8FB
:1040A000F830064B3046BDE870401B68184770BDBD
:1040B000EC100020E8100020A5500000E4100020C3
:1040C0002DE9F047202A88B07AD83F4B00F588794F
:1040D00004461B6848461746884698470546F8B97F
:1040E00040F20116D4F8F830002B65D02046FFF7D7
:1040F00061FF054638B9D4F8F830002B14DC013ED6
:10410000F2D16FF03B056E4620213046FFF70AFFE3
:104110002E4B48461B689847002818BF6FF01D05B6
:10412000284608B0BDE8F087D4E94132934203D372
:10413000D4F80C21012A02D0013ED7D1E1E71F2B90
:10414000FAD96E4601462022304604F1040A01F0F5
:1041500034FE3146504601F07BF805460028D3D1A5
:10416000504601F031F8504601F01AF82946504601
:1041700001F030F805460028C6D1504620223146CD
:1041800001F03CF805460028BED103463246202106
:10419000304601F0B9F905460028B5D1D4F8F83019
:1041A0003A46002BC8BF002340463146C8BFC4F87A
:1041B000043101F0DDFDA7E76FF03F056E46A3E790
:1041C0006FF03B05ACE700BFE8100020E4100020D2
:1041D00070B590B000287AD03E4C0D464022362172
:1041E0000646204601F0E9FD40225C21A01801F0BE
:1041F000E4FD2B1DA34203D904F144039D4252D395
:104200002B682268534023602B68226C5340236440
:104210006B686268534063606B68626C53406364B0
:10422000AB68A2685340A360AB68A26C5340A36420
:10423000EB68E2685340E360EB68E26C5340E36490
:104240002B69226953402361226D2B6953402365FA
:1042500062696B69534063616B69626D534063656A
:10426000AB69A2695340A361AB69A26D5340A365DA
:10427000EB69E2695340E361EB69E26D5340E3654A
:104280000021304600F0A6FF044628B940223046FF
:10429000104900F0B3FF044640216846FFF742FE94
:1042A000204610B070BD631E04F13F01013D1F3474
:1042B00015F8010F13F8012F42401A7011F8012F61
:1042C0002878A34282EA00020A70F1D1D8E76FF0A1
:1042D0007304E5E74422002010B54FF49A720021E0
:1042E000044601F06AFD42F21072044BC4F820212A
:1042F00004F596701B68BDE810401847EC100020CC
:104300002DE9F04F04468846914695B0002900F00B
:10431000A780002A0CBF0126022600238DF80C304E
:10432000002C00F09F80DFF844A104AF0AF1400B9D
:104330000021204600F04EFF034648B138462021B8
:104340000193FFF7EFFD019B184615B0BDE8F08F14
:1043500040225146204600F051FF03460028EDD18F
:1043600004F1F40520222946204600F047FF0346C9
:104370000028E3D10122204603A900F03FFF0346B5
:104380000028DBD1022E62D020460CA900F060FF8D
:1043900003460028D2D10146204600F01BFF034609
:1043A0000028CBD140225946204600F027FF034683
:1043B0000028C3D1202220460CA900F01FFF03468D
:1043C0000028BBD13946204600F042FF03460028B2
:1043D000B4D139462046FFF7FBFE03460028ADD195
:1043E00020222946204600F009FF03460028A5D1D7
:1043F00020460CA900F02CFF034600289ED1014660
:10440000204600F0E7FE0346002897D14022594697
:10441000204600F0F3FE034600288FD120222046DC
:104420000CA900F0EBFE0346002887D12946204660
:1044300000F00EFF0346002880D19DF80C200132C9
:10444000D2B2B2428DF80C20FFF472AF76E74A4642
:104450004146204600F0D2FE0346002894D06DE786
:1044600001265AE76FF0730304AF67E74422002088
:104470002DE9F0410446884615461F46D0F818013C
:10448000E0B013B100EB40004008B5F5807F3ED8A6
:104490002844B0F5C07F3AD84FF4C0720021684676
:1044A00001F08BFC6946D4F82431D4F81821D4F8F3
:1044B0002801984770BBD4F8186157B1D4E9493046
:1044C00072080DEB0601984720BBD4F8183106EBB3
:1044D0005306B8F1000F00D08DB932466946204628
:1044E000FFF70EFF054610B90123C4F81431314619
:1044F0006846FFF717FD284660B0BDE8F0810DEB78
:10450000060041462A462E4401F032FCE5E76FF0F2
:104510000405F0E76FF00805EDE700BF2DE9F0476F
:10452000044604F1F4050F4691461E46DDF820804E
:1045300000F036FE29462046FFF74AFE08B1BDE8E6
:10454000F08728462022012101F037FCD4F81831E9
:10455000C4F82471C4F8289113B92023C4F8183181
:10456000424631462046BDE8F0470123FFF780BFB1
:10457000B2F5806F00F295802DE9F04F89B09A4630
:10458000129BB3F5807F00F29080D0F8243116465C
:1045900004460F464BB3D0F81C31012B05D0D0F8A0
:1045A0001421D0F820319A421FDD514600232046C5
:1045B000129AFFF75DFF014698B900231293002E6F
:1045C0005ED0DFF8EC9009F1400B0021204600F0AE
:1045D00001FE202E3546014628BF202504F1F408AF
:1045E00090B1084609B0BDE8F08FBAF1000FE6D0EF
:1045F000129B002BE1D051461A462046FFF780FE61
:1046000001460028DBD0ECE749464022204600F076
:10461000F5FD01460028E4D141462022204600F065
:10462000EDFD01460028DCD16946204600F010FE71
:1046300001460028D5D1204600F0CCFD01460028D7
:10464000CFD159464022204600F0D8FD014600282F
:10465000C7D169462022204600F0D0FD014600283F
:10466000BFD14146204600F0F3FD01460028B8D1F5
:1046700038462A46414601F07BFB761B2F44A4D1E5
:1046800051462046129AFFF73BFE01460028A8D16A
:104690000846D4F814310133C4F8143109B0BDE828
:1046A000F08F6FF00201084670476FF0040198E741
:1046B00044220020002130B58DB0282202A80191AB
:1046C00001F07BFB02A800F047FF044610B1204632
:1046D0000DB030BD174D4FF0FF31286800F042F9A2
:1046E000044620B1144800F0D3F9012C18D0002062
:1046F00000F068F9D0B9114A02A901A800F0C4FC81
:104700000446012000F05EF960B9286800F032F933
:104710000028DCD00A4800F0BBF920460DB030BDBF
:104720000524F2E7074800F0B3F9EEE7064800F089
:10473000AFF9E0E7D0100020D05F0000C4220020D5
:104740002860000008600000E85F000030B583B01A
:1047500000F05CF828B100F0ABF80324204603B069
:1047600030BD00F077F8D8B900F02CF9E0B9224C50
:10477000D4F828391B0EF02B0AD1D4F8242A1F4B69
:104780009A4231D000F044F8072400F091F8E5E7B0
:10479000062400F03DF800F08BF8204603B030BD51
:1047A0000424204603B030BD00F032F800F080F859
:1047B000FFF780FF044698B9114D2B68002BCDD12F
:1047C00002460146FFF752FB50B968220D4901AB82
:1047D000FFF77CFB20B920460B4B2B6003B030BDAC
:1047E0000524204603B030BD012000F0EBF800287E
:1047F000DAD1C4F80C0ADBE7001084500000E02096
:10480000E4240020E82400205AEA5A5A0020704785
:1048100000207047430504D54FF0FF32034BC3F827
:104820000821024BC3F8080A704700BF00108450EB
:10483000014BC3F8040A70470010845008B100F01F
:104840006BB84FF47500704708B100F04FB84FF4E3
:104850007500704710B5114800F070F800B110BD38
:104860000F4800F06BF80028F9D10E4C204600F0FC
:1048700065F80028F3D10C4B0C481C6000F05EF882
:1048800001460028EBD100F02DF8044608B120467F
:1048900010BD00F079F82046FAE700BFE0100020D4
:1048A000DC100020D8100020D0100020D4100020F0
:1048B00008B5084800F04CF8074800F049F80748E8
:1048C00000F046F8064800F043F8BDE8084000F064
:1048D0000BB800BFE0100020DC100020D810002032
:1048E000D410002000207047704700BF024610B46B
:1048F000084CD4F8003A1342FBD021B1D4F804316B
:104900000B60C4F80831034B0020C3F8082A5DF897
:10491000044B704700108450044AD2F8003A184201
:10492000FBD0C2F8080A0020704700BF0010845076
:1049300001F0E8B90A46002101F03FBA08B5034B7F
:1049400002681B6810689847002008BD0C11002001
:1049500008B5034B02685B6810689847002008BDE3
:104960000C110020024B02689B681068184700BFBA
:104970000C11002008B5034B0268DB6810689847EB
:10498000002008BD0C11002070B5094C094D2069AC
:10499000AB68984718B1084B08485B6898470021F6
:1049A000074AEB6811602069BDE87040184700BFF6
:1049B000F81000200C110020F010002040600000D2
:1049C00050250020F8B51A4D1A4E0446B2682869E1
:1049D0009047E8B9184F3B684CB1A3B1012B19D0EF
:1049E000013B3B602869F36898470020F8BD43B954
:1049F0000121124AC2F800151149D1F81029002AE4
:104A0000FBD101333B60F368286998470020F8BD6B
:104A10000C48F8BD0A4AD2F81039002BFBD1074ADE
:104A20006FF07E40C2F80035FFF702FF3B68D7E722
:104A3000F81000200C1100205025002000008450A8
:104A400000108450E98FFFFF014B1B68184700BF1F
:104A50000C110020014B9B68184700BF0C1100206F
:104A6000014BDB68184700BF0C110020BFF34F8FCC
:104A70000549064BCA6802F4E0621343CB60BFF3FA
:104A80004F8F00BFFDE700BF00ED00E00400FA0516
:104A900030B44FF0FE320025074B084C08494968F6
:104AA000C3F80024C3F80424C3F80824C3F80C2472
:104AB000C4F8005530BC08470010845000008450F2
:104AC000F010002010B5044650B1636813F0685F21
:104AD00005D0064A934202D000236260236010BDD5
:104AE000034B04485B689847EFE700BF2C5F5CA965
:104AF000F010002060600000C8B143680D4A934286
:104B000013D013F0685F0ED0012350E8002F194630
:104B100040E8001C9CF0000FF7D1012AF5D0BFF34C
:104B20005F8F0020704704487047044870476FF457
:104B3000E04070472C5F5CA9E98FFFFFEA8FFFFF21
:104B4000034680B1426809498A420AD012F0685F80
:104B500005D0BFF35F8F002210461A6070470448EB
:104B60007047044870476FF4E04070472C5F5CA9C1
:104B7000E98FFFFFEA8FFFFF10B5044620B1002345
:104B8000034A2360626010BD0248FFF781FFF6E729
:104B90003A00003A886000002DE9F047002878D0FC
:104BA0000C46002975D01D46002B72D007461AB15D
:104BB000012200232A6003602B68002B64D0294661
:104BC000204600F0B7FD804600285FD121462868C6
:104BD00000F096FD8046002858D12B68082B6CD039
:104BE000042B6DD0A3F10209B9FA89F94FEA5919DA
:104BF0000121354EC6F8C411C6F84011C6F8C411DB
:104C0000636AC6F83031D6F830219342F6D14FF0BE
:104C1000000A4FF0FF30C6F82CA1FFF7FBFD6FF044
:104C20001B035046C6F80031FFF702FEC6F80C9190
:104C3000D6F8040A40F48060FFF7FAFD0A23C6F8AC
:104C40003831089B012B29D02369204AA2FB03237A
:104C50001B09626A404602FB03F303EB43031A4A53
:104C6000DB039B09C2F8D8310123C2F82C313B6821
:104C70002A6823F07F4343EA02633B602A6843EAE1
:104C800002233B60BDE8F087DFF844804046BDE882
:104C9000F087DFF840804046BDE8F0874FF47F039F
:104CA000D3F80C2C013206D0D3F80C3C074AA2FBF7
:104CB00003231B09CDE71623CBE74FF0030997E742
:104CC0004FF0020994E700BF00108450ABAAAAAAD3
:104CD000310CF100350CF10058B34B1EB3F5047FD5
:104CE00027D230B54FF0000ECD00744671464B0907
:104CF00001F01F0C50F82330BCF11F0F23FA0CF306
:104D000006D003F0010319B901211C468E46EEE7D7
:104D10009C4201F1010106D01C464FF0010EA94250
:104D2000E5D1002030BD0EF1010E9645F7D10248C5
:104D300030BD0148704700BF360CF100C0B32DE90B
:104D4000F0434C1EB4F5047F1DD2E3B1DAB1002567
:104D50002E46A8462C46CF0003F1FF394FEA541CDB
:104D600004F01F0E50F82C10BEF11F0F21FA0EFC9C
:104D70000CD00CF0010C4CB90126E0463446354607
:104D8000ECE7964216D90C48BDE8F083AB420BD055
:104D9000C44508BF0136A945F3D001350134BC42F2
:104DA000DCD10020BDE8F0830125E0462E46F5E782
:104DB000014870471D46F1E7370CF1002DE9F04F2F
:104DC00091B08346DDE91B460D46002E6ED10F697A
:104DD0001C6000231A990B60002A00F02F819D4B64
:104DE0006A6AD3F83811D3F830319A4269D10A2966
:104DF00067D19BF80330089304F108030793042359
:104E00000593954B934CA3FB07239B0803EB4303AC
:104E1000A7EB4303039306971A9B069E1E60002E82
:104E200000F0EA8000F096FC00230993BBF1000F2C
:104E300000F0D58098464FF0010ADDF81C90002D57
:104E400000F0CD80089B002B3DD0284608A900F03B
:104E500071FC002839D0814B984220D0089B082B48
:104E600000F0E48000225B000893294608AB584616
:104E70000092FFF791FE7A4B984200F0D38070B910
:104E8000DBF80020130A03F47F03134323F07F436E
:104E9000CBF80030059B013B0593BDD1002003906A
:104EA00000F058FC039811B0BDE8F08F4FF47F017B
:104EB000D1F80C0C01300CBF4FF40477D1F80C7C06
:104EC00086E76848EBE76648C5E72946089800F09A
:104ED00017FC0028BFD1089B082B00F0A980042BE9
:104EE00000F0A980A3F10203B3FA83F35B090493F2
:104EF000C4F8C4A1C4F840A1C4F8C4A16B6AC4F842
:104F00003031D4F830219342F6D100234FF0FF30F6
:104F1000C4F82C31FFF77EFC002318466FF01B030A
:104F2000C4F80031FFF784FC049B4B4FC4F80C31EC
:104F3000D4F8040A40F48060FFF77AFC0A23C4F82E
:104F400038312B6909A8A7FB03236A6A1B0902FBF6
:104F500003F303EB4303DB039B09C4F8D831C4F824
:104F60002CA1DBF80030089923F07F420B0243EAC2
:104F700001631343CBF8003000F0B2FB099B03F050
:104F80001A0303437FF46AAFA7FB0637D4F8143142
:104F9000B8EB970F0A93D4F818310B93D4F81C315F
:104FA0000C93D4F820310D93D4F824310E93D4F817
:104FB00028310F9301D1039B9BB9484618220AA9B7
:104FC000183EFFF7B5FC09F1180908F101089EB178
:104FD00000F0C0FB00230993002D7FF433AF22487B
:104FE00039E748461A46F61A0AA9994408F1010811
:104FF000FFF79EFC002EEBD1069F079E6A6939469B
:105000003046FFF769FEAA6940B94FF4806339461C
:105010003046FFF793FE00283FF440AF00231A9A72
:10502000136018E72B6A002B3FF439AF0F4836E7BF
:10503000032304935CE70223049359E701222946E2
:105040005846009608ABFFF7A7FD00283FF4D4AE02
:1050500025E700BF00108450ABAAAAAA020CF100F9
:10506000310CF100300CF100350CF100320CF10084
:1050700030B4DDE9023402940024049DCDE90354E8
:1050800030BCFFF79BBE00BF30B51546012487B08A
:1050900005AB00930022CDE9015404ABFFF78EFE6F
:1050A00007B030BDF0B587B0002966D01E46002B92
:1050B00063D01446002A60D0314F0D4638684FF057
:1050C000FF31FFF74FFC00284DD10020FFF77AFC9D
:1050D000002844D12B4800F03FFAD8B101204FF00E
:1050E000FF35FFF76FFC002835D14FF408712648D3
:1050F000FEF70EFF04212548FEF70AFF214828216C
:10510000FEF706FF3868FFF735FC00282FD1284648
:1051100007B0F0BD1C4A0346029205AA019204AAF8
:1051200003900092174902461848FFF7A1FF034673
:105130000028D3D128461D46059B22469C4228BF05
:105140001A46049932600831FFF7F2FB0120FFF79D
:1051500039FC0028C9D00E48FFF79AFCC5E70D4876
:10516000FFF796FCB6E70C48FFF792FCADE70B485B
:10517000FFF78EFC284607B0F0BD4FF0FF35C6E7BD
:10518000D0100020682500209025002064250020F4
:1051900008600000E85F0000D05F0000AC60000025
:1051A00010B5044628B12046BDE81040F421FFF7B1
:1051B000C1BB0448FFF76CFC2046BDE81040F42159
:1051C000FFF7B8BBC460000010B1F421FEF7A0BE29
:1051D000704700BF08B521B1012908D06FF0360033
:1051E00008BD012100F058F80028F7D108BD0221C0
:1051F00000F052F80028F9D0F0E700BF30B50546BE
:105200008818B0F5801F0B461446A1B001D8802A3B
:105210000CD9B3F5801F17D922461946284600F04D
:105220007DF8044684B9204621B030BD6846FFF7BA
:105230007FFB22466946284600F070F8802104462C
:105240006846FFF777FBEDE76FF03604EBE700BF4A
:1052500070B5E8B10E46D9B1044600F031F8054604
:10526000B0B92368012B0BD0022B01D0284670BDAA
:105270001C22304604F10801FFF75AFB284670BD96
:105280002022304604F10801FFF752FB284670BD8A
:105290006FF03605EAE700BF78B138B50D46F0216A
:1052A0000446FFF747FB402320462560E36500F0F6
:1052B00091FA003818BF012038BD0120704700BFA7
:1052C000F0B5056EA5B0044604AEE5B9002301278C
:1052D000019330466760294602AA009300F046FA1F
:1052E00010B1012025B0F0BD2A46204602A900F0E9
:1052F00099FA0028F5D1204600F0AAFB0028F0D149
:10530000206625B0F0BD802D2A46304628BF802279
:1053100004F16401FFF70CFB256ED7E7002800F0CD
:10532000AE802DE9F04F1446A5B0002A3DD00F46BF
:10533000002949D0B2F5803F0546006E20D34FF6D4
:10534000FF7805F1640AEB6D1A1AB2FBF3F103FB67
:105350001122002A65D18342B9464FF6FF7672D0FA
:10536000B6FBF3FB03FB0BFBBBF1000F30D1002EB0
:1053700045D1A4F57F44FF3CB4F5803F4744E2D2D9
:10538000EA6D161AB6FBF2F302FB1366A64228BFBB
:105390002646002E75D1824200F08D80B4FBF2F6D5
:1053A00002FB06F62EB9002C79D1002025B0BDE80D
:1053B000F08F002331463846CDE9003302AA00F0D1
:1053C000D5F9002800F09580012025B0BDE8F08FC8
:1053D000002359464846CDE9003302AA00F0C6F939
:1053E0000028F1D15A46284602A900F01BFA0028ED
:1053F000EAD1A6EB0B06286ED944002EB9D019309D
:105400004946324605EB8000FFF792FAA4F57F4447
:10541000286EFF3C3044B4F5803F4744286692D262
:10542000AEE7424528BF4246164639465044FFF78C
:105430007FFA286EEB6D3044834207EB060928663D
:10544000A8EB06068CD1802B28BF802351461A4634
:1054500004A8FFF76DFA0023E96D02AACDE9003335
:1054600004A800F083F90028AED12846EA6D02A90D
:1054700000F0D8F90028A7D1EB6D286670E701206D
:10548000704705F16403394632461844FFF750FA75
:10549000286EEA6D3044A41B374428667BE72B6EE8
:1054A0002246193305EB83003946FFF741FA2B6E8C
:1054B00023442B6679E7802A28BF802205F1640106
:1054C00004A8FFF735FA0023E96D04A8CDE90033FD
:1054D00002AA00F04BF900287FF476AF2846EA6D67
:1054E00002A900F09FF900287FF46EAFEA6D2866EC
:1054F00054E73246284602A900F094F900287FF4C8
:1055000063AF3744A41B4EE7F8B51C460546114867
:1055100016460F46FFF744FE21460E48FFF75AFE97
:10552000044620B10B48FFF74FFE2046F8BD3A462F
:1055300029460848FFF762FE04460028F2D13146AA
:105540000448FFF785FE04460248FFF73DFE20466B
:10555000F8BD00BFB02700201C2370B582B001A9A0
:105560000546019300F032F8044638B9019B1C2B24
:1055700007D0144C1C212846FFF7DCF9204602B066
:1055800070BDD5E90112131E18BF0123003918BFE1
:105590000121012628689B00EA6843EA41030028AC
:1055A00018BF43F00103EE612AB9C5E90834002BA6
:1055B000E4D1054CDEE7204643F00803C5E9083492
:1055C00002B070BD370CF0000E0CF000034600284E
:1055D00066D0002964D00A681C2A61D14FF47F028A
:1055E0003B49D2F8100C88425CD0D2F8101C013133
:1055F00058D0D2F8101C4FF47F021960D2F8140C66
:105600003449884260D0D2F8141C01315CD0D2F801
:10561000141C4FF47F025960D2F8181C11F5947FC6
:105620004FD0D2F8181C01314BD0D2F8181C4FF4CF
:105630007F029960D2F81C0C274988423ED0D2F8EC
:105640001C1C01313AD0D2F81C1C4FF47F02D960E7
:10565000D2F8001C70312FD0D2F8001C01312BD0B1
:10566000D2F8001C4FF47F021961D2F8041CAF314C
:1056700020D0D2F8041C01311CD0D2F8041C4FF405
:105680007F025961D2F8080C144988420DD0D2F833
:10569000081C013109D0D2F8082C00209A6170470B
:1056A0000120704740F6FC01A5E740F237320020A8
:1056B0009A6170475121E2E79021D3E742F6041145
:1056C000C3E740F6D861B2E742F2D001A1E700BFDC
:1056D000FCF8FFFFD020FFFF0429FFFF37F3FFFF97
:1056E000014608B54FF48060FFF7AEF80022034B87
:1056F000C3F8C821C3F82C2108BD00BF0010845096
:105700000138072805D8DFE800F0100E040A040469
:10571000040607487047CB6800204B6270478B68CF
:1057200000204B6270474B68F6E70B68F4E700BF58
:10573000310CF1000B6802E0082B0B6006D8026AFE
:1057400013424FEA4303F7D00020704700487047E8
:10575000310CF1000022044B4FF48060C3F82C217F
:10576000C3F8C421FFF756B800108450F0B50024E8
:1057700083B0B0F1005F8DF8074025D38C46844498
:10578000BCF1804F04461FD817461D4601220DF17B
:10579000070300F097F90646B0B99DF80730099A5B
:1057A0003C603B7192B14DB10246089928460DF11B
:1057B000070300F087F938B99DF807303046099A99
:1057C0001560137103B0F0BD4FF47506304603B099
:1057D000F0BD00BFD8B108B50368012B04D0022B7F
:1057E0000FD043B10B4808BD20220B490830FFF70A
:1057F0009FF8002008BD142208490830FFF798F8E8
:10580000F7E7202206490830FFF792F8F1E74FF456
:10581000730070470100F300D460000014610000C1
:10582000F46000002DE9F843002900F0F9800446F7
:10583000002800F0F98003680F469046002B00F026
:10584000C380013B012B00F2D7804FF0FF31784835
:105850004FF00209FFF786F8002840F0BF800020D3
:10586000FFF7B0F80646002840F0C280714AD2F82F
:105870001C39002BFBD16F4DD5F8203C002BFBD100
:105880004FF0FF30FEF7C6FFD5F8040A20F04000C5
:10589000FEF7CEFF01230722C5F81838C5F8002906
:1058A000C5F8C437A36CC5F8CC37E36CC5F8D0375E
:1058B000C5F8C09723685BB1013B012B18D8636A18
:1058C000C5F85C36236AC5F85836E369C5F854361E
:1058D000A269584BC3F850266269C3F84C26226966
:1058E000C3F84826E268C3F84426A268C3F84026F5
:1058F000504AD2F81039002BFBD1B8F1000F5FD01D
:1059000063684020012B08BFC2F884363A68494BCF
:10591000C3F8282CC3F82C8CFEF790FF0646454AA6
:10592000D2F81039002BFBD1424AD2F8203C002B90
:10593000FBD123685BB1013B012B18D8D2F85C3650
:105940006362D2F858362362D2F85436E361394B99
:10595000D3F85026A261D3F84C266261D3F84826CA
:105960002261D3F84426E260D3F84036A3600023D6
:105970000121304AD2F8CC07A064D2F8D007E06405
:10598000C2F8C417C2F88436C2F8C837D2F8103942
:10599000002BFBD1C2F81838002E3BD1254BD3F891
:1059A000040A40F04000FEF743FF0120FFF70AF829
:1059B00060BB1F48FEF7DEFF10BB3046BDE8F88332
:1059C0000423C2F8C837AAE74FF0FF3118484FF058
:1059D0000109FEF7C7FF00283FF441AF1648FFF763
:1059E00057F80020FEF7EEFF064600283FF43EAFD2
:1059F0001248FFF74DF839E7114E3046BDE8F883FD
:105A00001048FFF745F83046BDE8F8830E48FFF729
:105A10003FF8CEE7102104F10800FEF78BFFBDE749
:105A20000A4E3046BDE8F8834FF47306C5E700BF61
:105A3000E010002000108450D05F0000E85F0000FC
:105A40000100F30028600000086000000300F3007C
:105A5000A0B3034670B4D0E90240D3E9041226BAD9
:105A600005BA0CBA10BAC3E90440D3E90612986A21
:105A700009BAC3E9026512BA996100BAD3E90841CB
:105A800025BA0CBAC3E90725D3E90B12C3E90940CB
:105A900009BAD86B12BAD962D3E90D4125BAC3E964
:105AA0000C250CBA00BAD3E9101209BA12BAC3E92C
:105AB0000E40196400205A6470BC70474FF47300A4
:105AC000704700BF00201870704700BF08B5074B33
:105AD000044613B10021AFF30080054B1868836AB8
:105AE00003B19847204600F08DF800BF0000000089
:105AF0002861000070B50D4D00260D4C641BA410EC
:105B0000A64209D10B4D00260B4C00F045FA641B50
:105B1000A410A64205D170BD55F8043B0136984744
:105B2000EEE755F8043B01369847F2E748060000D7
:105B300048060000480600004C060000431810B557
:105B400001D21F2A01D9002010BD013902F014032F
:105B50000144102B80EA01043CD009DC8BB1042BFA
:105B6000F1D11F2C40E840F315D941E840F10EE097
:105B7000142BE8D11F2C40E8C0F30CD941E8C0F148
:105B800005E01F2C40E800F305D941E800F11C4670
:105B90000B468C42D7D122F01402013A0A2AD2D8FD
:105BA00001A151F822F000BFF75B0000F15B00009B
:105BB000E35B0000475B0000475B0000475B0000C1
:105BC000475B0000FD5B0000F75B0000EB5B000043
:105BD000E35B00001F2C40E880F3DCD941E880F152
:105BE000D5E713F4001FAFD1ADE713F4801FFAE738
:105BF0005B02A9D5A7E713F4002FF4E713F4802F75
:105C0000F1E700BFFEE700BFB7EE000AF7EE000ABB
:105C1000B7EE001AF7EE001AB7EE002AF7EE002AE8
:105C2000B7EE003AF7EE003AB7EE004AF7EE004A58
:105C3000B7EE005AF7EE005AB7EE006AF7EE006AC8
:105C4000B7EE007AF7EE007AF1EE10CA40F29F014B
:105C5000CFF200013CEA010CE1EE10CA002383F30D
:105C600000887047FDF73ABAEFF30880EFF3098137
:105C70002DE9F00F6B467246FAF79EFE08B0FFF76B
:105C8000F1FFFEE7FDF72ABAEFF30880EFF3098191
:105C90002DE9F00F6B467246FAF78EFE08B0FFF75B
:105CA000F1FFFEE7FDF71ABAEFF30880EFF3098181
:105CB0002DE9F00F6B467246FAF77EFE08B0FFF74B
:105CC000F1FFFEE7FDF70ABAEFF30880EFF3098171
:105CD0002DE9F00F6B467246FAF76EFE08B0FFF73B
:105CE000F1FFFEE7FDF7FAB9EFF30880EFF3098162
:105CF0002DE9F00F6B467246FAF75EFE08B0FFF72B
:105D0000F1FFFEE7814270B40546144602D370BC31
:105D100000F02EB8821821443CB141EA020313F08E
:105D200003030FD1E018032812D86FF00300A30873
:105D30004343002019441A442344984210D1284672
:105D400070BC704711F8013D013C02F8013DE3E7EA
:105D5000581850F8046C981840F8046C043BE1E7BC
:105D60000C1A14F8016C141A04F8016C0130E4E701
:105D700070B504463AB141EA040313F003030CD1B1
:105D8000D518032D0FD822F003031C441944002317
:105D900002F0030293420CD170BD11F8013B013AAD
:105DA00004F8013BE6E7CD1A2E68E51A2E60043BA5
:105DB000E6E75D5CE5540133ECE7F0B5044662B913
:105DC00022F00303234402F003021A44934214D145
:105DD000F0BD04F8011B013AF1E7A307F9D115461C
:105DE0000B0443EA01630B4343EA01231619032D15
:105DF000E6D9771B3B60043DF9E703F8011BE5E7B3
:105E000008B5EFF30583C3F308030BB1FDF766F99B
:105E1000BDE80840FDF735BA10B50446EFF3058339
:105E2000C3F308030BB1FDF759F92046BDE8104054
:105E3000FDF72ABA2DE9F04104460D4616461F46E5
:105E4000EFF30583C3F308030BB1FDF747F93B46B6
:105E5000324629462046BDE8F041FCF785BD2DE9D4
:105E6000F04104460D4616461F46EFF30583C3F383
:105E700008030BB1FDF732F93B463246294620466E
:105E8000BDE8F041FCF7AABD08B5EFF30583C3F305
:105E900008030BB1FDF722F9BDE80840FDF7C1B9D1
:105EA00000207047704710B5044608B1FDF714FF95
:105EB0002046BDE81040FDF7FFBE10B50446406A1D
:105EC00010B1A16AFFF7EFFF0020C4E9090010BD7F
:105ED00038B50546FFF7F1FF2B7F0446012B0ED0A6
:105EE000023B012B0ED82B6A012B18BF6FF09604D2
:105EF0002C2200212846FFF760FF204638BD2B6A80
:105F0000002BF2E76FF09604F2E70020704770472D
:105F10000020704713B5002001AB1446FDF7D6FFF3
:105F200030B9019BA34218BF6FF0930002B010BDBF
:105F30006FF09200FAE7002070472DE9E04F274606
:105F4000A046A146A246A346A4462DED108B4FF0D5
:105F5000000545EC185B45EC195A45EC1A5A45EC1E
:105F60001B5A45EC1C5A45EC1D5A45EC1E5A45EC93
:105F70001F5AF1EE105A4FF66076C0F6FF763540A4
:105F8000E1EE105A84F3008825462646A447BDEC6E
:105F9000108BBDE8E08F0000F8B500BFF8BC08BC6E
:105FA0009E467047F8B500BFF8BC08BC9E467047D7
:105FB0007AFFFFFFFF8FFFFFFF8FFFFFFE8FFFFFC7
:105FC000FE8FFFFFFD8FFFFFFC8FFFFFFC8FFFFFAA
:105FD0004661696C20746F20616371756972652018
:105FE0006D757465780A00004661696C20746F20D5
:105FF000696E63726561736520504D20636F756EC5
:106000007465720A000000004661696C20746F209C
:10601000646563726561736520504D20636F756EB2
:106020007465720A000000004661696C20746F207C
:1060300072656C65617365206D757465780A000022
:10604000436F756C64206E6F74206C6F636B20708F
:106050006F7765722073617665206D757465780061
:106060006D757465785F667265652063616C6C65DB
:10607000642077697468204E554C4C2070617261C1
:106080006D6574657200000043616E277420696E4F
:10609000697469616C697A65206D757465782C2006
:1060A000776173204E554C4C0D0A00004661696CB7
:1060B00020746F20756E6C6F636B206D75746578DE
:1060C0000A0000000A637478206973204E554C4C16
:1060D0000A00000067E6096A85AE67BB72F36E3C92
:1060E0003AF54FA57F520E518C68059BABD9831FA3
:1060F00019CDE05BD89E05C107D57C3617DD703021
:1061000039590EF7310BC0FF11155868A78FF96484
:10611000A44FFABE0123456789ABCDEFFEDCBA98E8
:1061200076543210F0E1D2C33C11002054464D5F4A
:1061300043525950544F0054464D5F504C415446C1
:106140004F524D5F534552564943450000000000F1
:10615000000000000000000000000000000000003F
:107C00007FE97FE9FBF77EBE7FE97FE9FBF78CBE6A
:107C10007FE97FE9FBF7BEBE7FE97FE9FBF7ACBEFA
:107C20007FE97FE9FBF792BE000000000000000042
:107C30000000000000000000000000000000000044
:107C4000008000500000000010360000040000001A
:107C50000000000000000000000000000000000024
:107C600000000000FC1100209C11002044010000D5
:107C700090ED00E000A003507FA60350008000506C
:107C80006F850050A55E0000A15E0000BB5D000096
:107C9000D81000200811002000110020FC10002046
:107CA000F8100020614A0000554A0000494A0000CF
:107CB000000000006D4A0000341100202C1100204B
:107CC00024110020000000001C110020794B00004E
:107CD000C54A0000F94A0000414B0000542500202D
:107CE0003A00003A582500203A00003A5C2500206E
:107CF0003A00003A602500203A00003A00000000F7
:107D00000000000000000000000000000000000073
:107D10000000000000000000000000000000000063
:107D20000000000000000000000000000000000053
:107D30000000000000000000000000000000000043
:107D40000000000000000000000000000000000033
:0C7D500000000000000000000000000027
:10800000502B02200D1A0200B71D03009D1902001B
:108010009D1902009D1902009D1902009D19020080
:10802000000000000000000000000000B91B02007A
:108030009D19020000000000211B02009D19020092
:10804000111E0200111E0200111E0200111E02006C
:10805000111E0200111E0200111E0200111E02005C
:10806000111E0200111E0200111E0200111E02004C
:10807000111E0200111E0200111E0200111E02003C
:10808000111E0200111E0200111E0200111E02002C
:10809000111E0200111E0200111E0200111E02001C
:1080A000111E0200111E0200111E0200111E02000C
:1080B000111E0200111E0200111E0200111E0200FC
:1080C000111E0200111E0200111E0200111E0200EC
:1080D000111E0200111E0200111E0200111E0200DC
:1080E000111E0200111E0200111E0200111E0200CC
:1080F000111E0200111E0200111E0200111E0200BC
:10810000111E0200111E0200111E0200111E0200AB
:10811000111E0200111E0200111E0200111E02009B
:10812000111E0200111E0200111E0200111E02008B
:10813000111E0200111E0200111E0200111E02007B
:04814000111E02000A
:1081480081F0004102E000BF83F0004330B54FEA00
:1081580041044FEA430594EA050F08BF90EA020F6D
:108168001FBF54EA000C55EA020C7FEA645C7FEA00
:10817800655C00F0E2804FEA5454D4EB5555B8BF23
:108188006D420CDD2C4480EA020281EA030382EA94
:10819800000083EA010180EA020281EA0303362D26
:1081A80088BF30BD11F0004F4FEA01314FF4801CF9
:1081B8004CEA113102D0404261EB410113F0004F0B
:1081C8004FEA03334CEA133302D0524263EB4303C2
:1081D80094EA050F00F0A780A4F10104D5F1200E60
:1081E8000DDB02FA0EFC22FA05F2801841F10001BB
:1081F80003FA0EF2801843FA05F359410EE0A5F18F
:1082080020050EF1200E012A03FA0EFC28BF4CF0BF
:10821800020C43FA05F3C01851EBE37101F0004575
:1082280007D54FF0000EDCF1000C7EEB00006EEB82
:108238000101B1F5801F1BD3B1F5001F0CD349080C
:108248005FEA30004FEA3C0C04F101044FEA445263
:1082580012F5800F80F09A80BCF1004F08BF5FEAEA
:10826800500C50F1000041EB045141EA050130BDCA
:108278005FEA4C0C404141EB0101013C28BFB1F5DC
:10828800801FE9D291F0000F04BF01460020B1FA27
:1082980081F308BF2033A3F10B03B3F120020CDAFA
:1082A8000C3208DD02F1140CC2F10C0201FA0CF0D8
:1082B80021FA02F10CE002F11402D8BFC2F1200C3D
:1082C80001FA02F120FA0CFCDCBF41EA0C019040F3
:1082D800E41AA2BF01EB0451294330BD6FEA04043C
:1082E8001F3C1CDA0C340EDC04F11404C4F1200227
:1082F80020FA04F001FA02F340EA030021FA04F339
:1083080045EA030130BDC4F10C04C4F1200220FA8F
:1083180002F001FA04F340EA0300294630BD21FACD
:1083280004F0294630BD94F0000F83F4801306BF93
:1083380081F480110134013D4EE77FEA645C18BF87
:108348007FEA655C29D094EA050F08BF90EA020F1E
:1083580005D054EA000C04BF1946104630BD91EA16
:10836800030F1EBF0021002030BD5FEA545C05D119
:108378004000494128BF41F0004130BD14F5800458
:108388003CBF01F5801130BD01F0004545F0FE41CC
:1083980041F470014FF0000030BD7FEA645C1ABF01
:1083A800194610467FEA655C1CBF0B46024650EA38
:1083B800013406BF52EA033591EA030F41F4002164
:1083C80030BD00BF90F0000F04BF0021704730B5EA
:1083D8004FF4806404F132044FF000054FF00001BF
:1083E80050E700BF90F0000F04BF0021704730B580
:1083F8004FF4806404F1320410F0004548BF404255
:108408004FF000013EE700BF42004FEAE2014FEAA9
:1084180031014FEA02701FBF12F07F4393F07F4F84
:1084280081F06051704732F07F4208BF704793F087
:108438007F4F04BF41F40021704730B54FF460749A
:1084480001F0004521F000411CE700BF50EA01029D
:1084580008BF704730B54FF000050AE050EA010246
:1084680008BF704730B511F0004502D5404261EBB6
:1084780041014FF4806404F132045FEA915C3FF4F7
:10848800D8AE4FF003025FEADC0C18BF03325FEA94
:10849800DC0C18BF033202EBDC02C2F1200300FA45
:1084A80003FC20FA02F001FA03FE40EA0E0021FA6A
:1084B80002F11444BDE600BF70B54FF0FF0C4CF458
:1084C800E06C1CEA11541DBF1CEA135594EA0C0F0A
:1084D80095EA0C0F00F0DEF82C4481EA030621EA45
:1084E8004C5123EA4C5350EA013518BF52EA033580
:1084F80041F4801143F4801338D0A0FB02CE4FF032
:108508000005E1FB02E506F00042E0FB03E54FF061
:108518000006E1FB03569CF0000F18BF4EF0010E59
:10852800A4F1FF04B6F5007F64F5407404D25FEA55
:108538004E0E6D4146EB060642EAC62141EA555108
:108548004FEAC52040EA5E504FEACE2EB4F1FD0C4A
:1085580088BFBCF5E06F1ED8BEF1004F08BF5FEAC8
:10856800500E50F1000041EB045170BD06F000467A
:1085780046EA010140EA020081EA0301B4EB5C0427
:10858800C2BFD4EB0C0541EA045170BD41F480111F
:108598004FF0000E013C00F3AB8014F1360FDEBF44
:1085A800002001F0004170BDC4F10004203C35DA20
:1085B8000C341BDC04F11404C4F1200500FA05F3A3
:1085C80020FA04F001FA05F240EA020001F0004244
:1085D80021F0004110EBD37021FA04F642EB0601BA
:1085E8005EEA430E08BF20EAD37070BDC4F10C04E4
:1085F800C4F1200500FA04F320FA05F001FA04F2A8
:1086080040EA020001F0004110EBD37041F1000193
:108618005EEA430E08BF20EAD37070BDC4F120059E
:1086280000FA05F24EEA020E20FA04F301FA05F206
:1086380043EA020321FA04F001F0004121FA04F2AE
:1086480020EA020000EBD3705EEA430E08BF20EA7E
:10865800D37070BD94F0000F0FD101F000464000B8
:1086680041EB010111F4801F08BF013CF7D041EA3A
:10867800060195F0000F18BF704703F0004652003E
:1086880043EB030313F4801F08BF013DF7D043EA0F
:108698000603704794EA0C0F0CEA135518BF95EAC5
:1086A8000C0F0CD050EA410618BF52EA4306D1D14C
:1086B80081EA030101F000414FF0000070BD50EA6B
:1086C800410606BF1046194652EA430619D094EAF5
:1086D8000C0F02D150EA013613D195EA0C0F05D1DF
:1086E80052EA03361CBF104619460AD181EA030133
:1086F80001F0004141F0FE4141F470014FF00000EB
:1087080070BD41F0FE4141F4780170BD70B54FF085
:10871800FF0C4CF4E06C1CEA11541DBF1CEA135505
:1087280094EA0C0F95EA0C0F00F0A7F8A4EB0504E7
:1087380081EA030E52EA03354FEA013100F08880DE
:108748004FEA03334FF0805545EA131343EA1263A7
:108758004FEA022245EA111545EA10654FEA00265C
:108768000EF000419D4208BF964244F1FD0404F515
:10877800407402D25B084FEA3202B61A65EB030571
:108788005B084FEA32024FF480104FF4002CB6EB2E
:10879800020E75EB030E22BFB61A754640EA0C00AE
:1087A8005B084FEA3202B6EB020E75EB030E22BFEE
:1087B800B61A754640EA5C005B084FEA3202B6EB2F
:1087C800020E75EB030E22BFB61A754640EA9C00EE
:1087D8005B084FEA3202B6EB020E75EB030E22BFBE
:1087E800B61A754640EADC0055EA060E18D04FEA7C
:1087F800051545EA16754FEA06164FEAC30343EA1C
:1088080052734FEAC2025FEA1C1CC0D111F4801FE8
:108818000BD141EA00014FF000004FF0004CB6E7E1
:1088280011F4801F04BF01430020B4F1FD0C88BF80
:10883800BCF5E06F3FF6AFAEB5EB030C04BFB6EB8B
:10884800020C5FEA500C50F1000041EB045170BD7E
:108858000EF0004E4EEA113114EB5C04C2BFD4EBAB
:108868000C0541EA045170BD41F480114FF0000E2F
:10887800013C90E645EA060E8DE60CEA135594EAAB
:108888000C0F08BF95EA0C0F3FF43BAF94EA0C0FAE
:108898000AD150EA01347FF434AF95EA0C0F7FF423
:1088A80025AF104619462CE795EA0C0F06D152EA77
:1088B80003353FF4FDAE1046194622E750EA41065B
:1088C80018BF52EA43067FF4C5AE50EA41047FF46C
:1088D8000DAF52EA43057FF4EBAE12E74FF0FF3CD1
:1088E80006E000BF4FF0010C02E000BF4FF0010CA2
:1088F8004DF804CD4FEA410C7FEA6C5C4FEA430C1B
:1089080018BF7FEA6C5C1BD001B050EA410C0CBF69
:1089180052EA430C91EA030F02BF90EA020F0020CB
:10892800704710F1000F91EA030F58BF994208BF32
:1089380090422CBFD8176FEAE37040F001007047EF
:108948004FEA410C7FEA6C5C02D150EA013C07D146
:108958004FEA430C7FEA6C5CD6D152EA033CD3D091
:108968005DF8040B704700BF8446104662468C468B
:108978001946634600E000BF01B5FFF7B7FF0028BE
:1089880048BF10F1000F01BD4DF808EDFFF7F4FFE7
:108998000CBF012000205DF808FB00BF4DF808ED72
:1089A800FFF7EAFF34BF012000205DF808FB00BF95
:1089B8004DF808EDFFF7E0FF94BF012000205DF8B7
:1089C80008FB00BF4DF808EDFFF7CEFF94BF01206C
:1089D80000205DF808FB00BF4DF808EDFFF7C4FF65
:1089E80034BF012000205DF808FB00BF4FEA410CAE
:1089F8007FEA6C5C02D150EA013C0AD14FEA430C91
:108A08007FEA6C5C02D152EA033C02D14FF00000CD
:108A180070474FF0010070474FEA410212F500120B
:108A280015D211D56FF47873B3EB625212D94FEAAD
:108A3800C12343F0004343EA505311F0004F23FA97
:108A480002F018BF404270474FF00000704750EAEC
:108A5800013005D111F0004008BF6FF000407047A9
:108A68004FF00000704700BF4A0011D212F5001203
:108A780011D20DD56FF47873B3EB62520ED44FEA6E
:108A8800C12343F0004343EA505323FA02F07047EE
:108A98004FF00000704750EA013002D14FF0FF302C
:108AA80070474FF0000070474FEA4102B2F1E043CF
:108AB80024BFB3F5001CDCF1FE5C0DD901F0004CBD
:108AC8004FEAC0024CEA5070B2F1004F40EB83000D
:108AD80008BF20F00100704711F0804F21D113F139
:108AE8003872BCBF01F00040704741F480114FEA72
:108AF8005252C2F11802C2F1200C10FA0CF320FAFB
:108B080002F018BF40F001004FEAC1234FEAD32317
:108B180003FA0CFC40EA0C0023FA02F34FEA430381
:108B2800CCE77FEA625307D150EA01331EBF4FF00A
:108B3800FE4040F44000704701F0004040F0FE4025
:108B480040F40000704700BF7BB972B90029BEBF6E
:108B580000204FF0004106E008BF00281CBF6FF05E
:108B680000414FF0FF3000F075B8ADF1080C6DE929
:108B780004CE002909DB002B1ADB00F096F8DDF89B
:108B880004E0DDE9022304B07047404261EB410193
:108B9800002B1BDB00F089F8DDF804E0DDE9022397
:108BA80004B0404261EB4101524263EB430370471A
:108BB800524263EB430300F078F8DDF804E0DDE9A6
:108BC800022304B0404261EB41017047524263EB1B
:108BD800430300F06AF8DDF804E0DDE9022304B09D
:108BE800524263EB4303704753B94AB9002908BF9F
:108BF80000281CBF4FF0FF314FF0FF3000F02AB8BB
:108C0800ADF1080C6DE904CE00F04FF8DDF804E092
:108C1800DDE9022304B07047D0B500220B4B0646AD
:108C28000F46FFF749FCFFF71FFF0446FFF7CAFB93
:108C38000022074BFFF740FC02460B4630463946F8
:108C4800FFF782FAFFF710FF2146D0BD0000F03D84
:108C58000000F041704700BF10F8012B11F8013BEC
:108C6800012A28BF9A42F7D0D01A7047034613F852
:108C7800012B002AFBD1181A0138704738B5002299
:108C8800002304460D46FFF789FE28B920462946E9
:108C9800BDE83840FFF7C0BF204605F10041FFF7A7
:108CA800BBFF404261EB410138BD2DE9F0478646E4
:108CB8008C460846089E154674461946002B40F017
:108CC800C1808542B2FA82F245D94AB1C2F1200385
:108CD80000FA02FC954094402EFA03F343EA0C0C88
:108CE8004FEA154EA8B2230CBCFBFEF80EFB18CCBD
:108CF80008FB00F943EA0C43994528D9EB1808F119
:108D0800FF3704D2994502D9A8F102072B44A3EBF7
:108D18000903A4B2B3FBFEFC0EFB1C330CFB00F0F2
:108D280044EA0344A04214D92C190CF1FF3304D2AD
:108D3800A04202D9ACF102032C44241A43EA0740AA
:108D48001EB1D440002334607360BDE8F087474605
:108D5800DDE76346F1E792BB431B01214FEA154E5D
:108D6800AFB2200CB3FBFEFC0EFB1C330CFB07F868
:108D780040EA0343984561D9EB180CF1FF3004D25F
:108D8800984502D9ACF102002B44A3EB0803A4B226
:108D9800B3FBFEFC0EFB1C330CFB07F744EA034451
:108DA800A7424DD92C190CF1FF3304D2A74202D99E
:108DB800ACF102032C44E41B43EA0040C0E7C2F1D3
:108DC80020039540944020FA03F12EFA03F34FEA6A
:108DD800154E9040AFB20343B1FBFEFC0EFB1C10D6
:108DE800190C0CFB07F841EA0041884522D969189B
:108DF8000CF1FF3004D2884502D9ACF102002944B5
:108E0800A1EB08019BB2B1FBFEFC0EFB1C110CFB95
:108E180007F743EA01439F420ED9EB180CF1FF31E3
:108E280004D29F4202D9ACF102012B44DB1B41EA78
:108E3800004193E76046E3E76146F7E76046A4E749
:108E48006346B8E7834206D916B9002108467CE78D
:108E5800C6E900E0F9E7B3FA83F78FB9834201D393
:108E6800724508D8BEEB020460EB030301209C4660
:108E78001EB9002169E73846FAE7C6E9004CF8E769
:108E8800C7F1200CBB400EFA07F522FA0CF42EFAB3
:108E98000CF1BA401C4320FA0CF3B8404FEA1449CD
:108EA80001431FFA84FEB3FBF9F809FB18300B0CD9
:108EB80008FB0EFA43EA00439A4540D9E31808F143
:108EC800FF3004D29A4502D9A8F102002344A3EB4B
:108ED8000A0389B2B3FBF9F809FB183308FB0EFE45
:108EE80041EA03418E452CD9611808F1FF3304D2B9
:108EF8008E4502D9A8F10203214443EA0040A1EBC0
:108F08000E01A0FB02984145CE46434602D306D146
:108F18004D4504D20138B9EB020E68EB0403002E6C
:108F2800A7D0B5EB0E0261EB030101FA0CFC22FAA3
:108F380007F3F9404CEA0303C6E9003199E74046D4
:108F4800C5E74346D9E700002DE9F04F82461746AA
:108F58001C4600259FB00391387810B9284600F0C8
:108F6800A9BD252809D00399D0470028C0F2A285B9
:108F78007B1C01350593059FEEE71822002110A8F8
:108F880029F0EFFE7B78252B00F0BC800023984663
:108F98009E469C461846791C0E4611F8012B2B2A32
:108FA80000F0E38000F2DA80202A00F0E180232A32
:108FB80000F0E1802BB19DF8483043F040038DF874
:108FC8004830B8F1000F05D09DF8483043F0200331
:108FD8008DF84830BEF1000F05D09DF8483043F0B9
:108FE80010038DF84830BCF1000F05D09DF84830CB
:108FF80043F008038DF8483028B19DF8483043F015
:1090080004038DF848309DF8483003F044014429A2
:1090180003D16FF386138DF848309DF848302A2A1B
:1090280043F080030E968DF8483040F0A9809DF8F3
:10903800493043F001038DF84930731C1A782E2A01
:109048000CBF012100219DF8492061F341028DF8F0
:1090580049200CD15A1C0E925A782A2A40F0A08036
:109068009DF84920023342F004028DF849201A780D
:109078006C2A00F0C18000F2A380682A00F0A98061
:109088006A2A00F0C2804C2A00F0C78013F8012B2E
:10909800782A05938DF84B2000F209816D2A00F299
:1090A800C980692A00F20381572A00F2E280412A26
:1090B80004D0A2F14503022B00F2F98004219DF8A7
:1090C8004A3002F0DF02A2F1410961F30203D9F14B
:1090D80000029DF8491042EB090262F3C7110A0623
:1090E8008DF84A308DF84910CBB200F11F8103F09A
:1090F8007802182A40F009816FF3C6038DF84930C9
:109108000023F8E08DF84B30BB1C05939DF84930DF
:109118009DF84A20DE0702F0070040F1098154F863
:10912800041B0029049108DA9DF8481041F0040155
:109138008DF84810049949420491590740F100817B
:1091480054F8046B002E80F2FF809DF849306FF3CD
:1091580041038DF849304FF0FF36F5E02D2A0DD048
:10916800302A7FF427AF012316E74FF0010C13E7ED
:109178004FF0010E10E74FF001080DE701200BE753
:109188000EA812F0F9FE0E9BB3423FF457AF9DF8BC
:1091980048201390C00F60F341028DF848204DE736
:1091A8000EA812F0E9FE9DF848301490C3F340026F
:1091B80042EAD07262F341038DF848300E9B56E7BD
:1091C800742A26D07A2A7FF461AF06219DF84920B7
:1091D8000CE05A78682A9DF8492006D1012161F3EC
:1091E800C6028DF84920023350E7022161F3C60216
:1091F8008DF84920013349E75A786C2A9DF84920AF
:1092080001D10421EBE70321F0E705219DF849206E
:10921800ECE707219DF84920E8E7BDF8482022F44B
:10922800F04222F0020242F4804242F00202ADF81B
:109238004820DFE76E3AD3B201229A4040F28243D7
:109248001A429DF8493039D112F0240F61D1D10763
:109258002DD503219DF84A2003F07803A3F1400897
:1092680061F30202D8F100038DF84A2043EB0803AA
:1092780041E00120A2F15801C9B200FA01F111F44C
:10928800624F7FF41BAF40F6010319429DF8493045
:109298001AD111F4043F0AD09DF84A2060F3020263
:1092A80003F07803402B8DF84A207FF429AF9DF80E
:1092B800483043F001038DF8483021E702219DF83A
:1092C8004A2061F30202EBE702209DF84A1003F0FE
:1092D800780360F30201402B8DF84A1002BF9DF815
:1092E800481041F001018DF84810632A7FF408AF57
:1092F800003B18BF01239DF84820C2F340010B43EF
:1093080063F341028DF8482000E713F0380FCED1FF
:10931800F6E603219DF84A2013F0780F61F3020264
:1093280014BF012300238DF84A20E4E70123E2E774
:109338009DF948100029ACBF4FF0FF311399FBE6A7
:109348009E077FF508AF149E00230428CDE9133348
:109358009DF8493007D1990705D49DF9491000298E
:10936800ACBF06260D2602F00702012AC3F3C30389
:1093780032D1DA1E042A04D8DFE802F0204545205D
:1093880020002268012B4FEAE271CDE910211BD1A0
:109398009DF94020D117CDE9102104349DF84820CB
:1093A800069292074FD03A465046059B039926F0FD
:1093B800D0FF0028C0F27E830544DCE554F8042B76
:1093C800D117CDE91021E9E7022BE6D111B242F31A
:1093D800C032CDE91012E0E7022A24D1DA1E042AAD
:1093E80004D8DFE802F0181010181800012B4FF00D
:1093F800000154F8042B14D0022BCDE91021CDD153
:1094080092B21092CAE7073424F00704F4E8020184
:10941800CDE91001C2E754F8042B109200221192F2
:10942800BCE7D2B2CDE7042A08D1073424F00704F8
:10943800D4E900010834CDE91001AFE7032AADD122
:1094480054F8042BDDE79DF84B80B8F1780F3FF610
:1094580092ADB8F1570F5CD8B8F1250F00F0A48091
:10946800B8F1240F7FF687ADB8F1410F04D0A8F109
:109478004503022B3FF67FADDDE91023002BC0F238
:109488004D810699080700F14C81C1F300194FEA94
:109498004919C3F30A51C3F31303002940F0448167
:1094A80052EA030014BF4FF0010C4FF0000CD80231
:1094B80040EA5250D702CDE90C70B8F1460F47EA9E
:1094C800010740EAE17008BF4FF06608384300F032
:1094D800B781BCF1000F10D01B0343EA12531703E6
:1094E8003A4618464FF0000C002880F25681BCF12D
:1094F800000F40F05981CDE90C730D9BA1F2FE3BA2
:1095080043F000430D930021DDE90C230F460520AD
:1095180060E1A8F15802202A3FF62DAD01A151F8CB
:1095280022F000BFF79600007F8F00007F8F0000B9
:109538007F8F00007F8F00007F8F00007F8F0000EB
:109548007F8F00007F8F0000819400007F8F0000D4
:10955800A3960000B7960000819400008194000053
:10956800819400007F8F0000B79600007F8F000075
:109578007F8F00007F8F00007F8F0000FD96000026
:10958800F7960000479600007F8F00007F8F00004D
:10959800C19500007F8F0000F79600007F8F0000C4
:1095A8007F8F0000F796000040460399D0470028B7
:1095B800C0F280820135DEE4002E109F3BDB31468D
:1095C800384629F0A0FD002F3FF4D5AC4FF0000934
:1095D8003E18F31B9DF84A2012F01001069100F086
:1095E8005E82023312F04002DDF84C80089218BF08
:1095F800149A434418BF9B18049ACDF81C80002A7B
:1096080040F36882D31A9DF8482004935007C2F3A8
:10961800800B00F15F82510640F14F82B9F1000FD3
:1096280007D048460399D0470028C0F24382D9465C
:109638000135302242E23846FFF718FBC6E710989A
:10964800002800F027820DF175030093002117AB65
:1096580012AA12F0A7FC4FF000090746BDF84A30DD
:1096680003F0EF0343F4F04343F01003ADF84A303E
:10967800002E0CDB9DF848200DF17503DB1B6FF302
:1096880086129E428DF8482001D9F31A1393002FB1
:109698003FF471AC0DF175066DE0109B4FF00009B9
:1096A8008DF85C300DF15D06012317AF92E7069B3C
:1096B8001F0754BFC3F300194FF02B09DDE910232E
:1096C80058BF4FEA4919002B06DA4FF02D095242CC
:1096D80063EB4303CDE91023DDE910010DF17503B8
:1096E800009312AA17AB12F05DFC0746C0E74FF0D3
:1096F8000009F1E7109A072B3FF63DACDFE803F0CD
:109708000C04060C08080C0C157034E4158032E4BF
:10971800EB17C2E900532EE415602CE44FF02D0935
:10972800B7E64FF02B09B4E640F2FF70814231D121
:10973800A34908F101085FFA88F811F808101343E3
:1097480001F003011ED101290BBF492369234E21D2
:109758006E210CBF462266228DF85C309DF8483099
:109768008DF85D106FF386138DF85E208DF8483004
:109778000DF15F0617AFF31BB9F1000F3FF42AAFE5
:10978800013327E7012915BF6E234E2361214121AB
:109798001A46E1E74FF0000C89E692184FF0010CE9
:1097A80001F1FF3140419FE6CDE90C20A5E65208C2
:1097B80042EAC3725B08B3F1333F59460BF1010B20
:1097C800F5D201F1020B012100FB03FCA2FB0023EF
:1097D800013F63441BF1020FE9DB09B1CDE90C231A
:1097E800DDE90C32BBF1000F2DDCCBF10401A1F156
:1097F80020000BF11C0B02FA0BFB22FA00F0CA4006
:10980800CB40079208F0DF0243EA0B03472A43EAFA
:1098180000037BD1F91C01DBBE422ADAA8F1020859
:10982800002E5FFA88F87ADD9DF84820013E9206FE
:1098380075D4B6F1000B18BF4FF0010B721C26E06F
:109848004FF0000B5FE6023342F100020CA80BF167
:10985800FF3B0137CDE90C3226F04CFDDDE90C3237
:10986800DB185241002A0BF1FF3BF9DACDE90C3243
:10987800B6E79DF84820F61B90064DD4B6F1000BCC
:1098880018BF4FF0010BF2194FF066084AD4102A9E
:10989800A8BF10229FED487B10208DED0E7B0B900A
:1098A800DDE90E01002A3FD1079A1B1842EB01019E
:1098B800B1F1805F47D2CDE90C31069BB8F1660F54
:1098C80003F0200240F0C680002F47DC30238DF8DB
:1098D8005C30002A76D1002E40F3BD812E238DF80E
:1098E8005D3087B17B42B342A8BF3346002B139348
:1098F800A6EB0306D4BF002301239DF84A2063F397
:1099080045128DF84A200DF15E0340E0B8F1660F6C
:109918004FF0000BB7D091E74FF0000BB3E74FF0D3
:10992800000B8BE70022B5E7400840EAC170490800
:10993800CDE90E010EA8CDE9082326F0DBFC089A34
:10994800099B013AACE75B0843EAC1730CA84908D4
:10995800CDE90C31013726F0CDFCAEE717AB0B99FA
:1099680000290BDD0BA90CA8CDE9063226F0DAFC9C
:10997800069B013F079A03F8010BF0D11397AAB988
:10998800002E40F366812E2103F8011B0027002ECC
:1099980021DD0B9A002A1EDD0BA90CA8069326F0E0
:1099A800C1FC069B013E03F8010BF0E72E2203F8E9
:1099B800012BEBE7AFF30080000000000000000877
:1099C8007BD604002E238DF85D30002F9BD0002E0F
:1099D80088DC0DF15E03BBF1000F4FD114961E46D3
:1099E80008F0DF03452B24D1002FBABF7F422D2377
:1099F8002B23632FC8BF64227370C4BFB7FBF2F375
:109A080002FB13774FF00A02C8BF03F13001B7FB1E
:109A1800F2F3C8BFB17003F1300102FB137386F88B
:109A2800008003F13003D4BF0236033631707370FF
:109A38000236139B002B2BDC149B002BD4BF002376
:109A480001239DF84A2063F3861200238DF84A20EB
:109A580033708FE60BA90CA8069226F063FC069AD1
:109A680030288DF85C0018BF07F1FF3712B9002EB7
:109A780040F3F1802E238DF85D3044E71E4616F83A
:109A8800012C013B302AF9D02E2A08BF1E46A7E731
:109A98000123D6E7714E81460523771F9AE5110702
:109AA80048BF01339EE5104609920399D047002824
:109AB800099A05DA1FB0BDE8F08F2022DDF810B052
:109AC800594600290BF1FF3BEDDC049BCDF810B0A3
:109AD8002B445D1AB9F1000F05D048460399D047C9
:109AE8000028E7DB0135089B002B77D09DF949302A
:109AF800002B28DB3B46DFF8689118789B4619F85D
:109B08000020013352073FD49DF84A30EF1B9806D6
:109B18005F4407D44246002A08F1FF383BDC079B24
:109B28003B449F1A9BF800002E280AD10399D0477E
:109B38000028BFDBB8F1000F07F1010731DC0BF19A
:109B4800010B5D4638E0B94699F80000C846702810
:109B580009F1010913D1EF1B149D47443D44EB1B48
:109B6800002B33DC334642465046039926F0F1FB7E
:109B780000289FDB3844049E0546064464E00399A8
:109B8800D0470028E0DA95E706930399D0470028E4
:109B9800069BB2DA8EE730200399D0470028B9DA5D
:109BA80088E730200399D04708F1FF38C0E70399C8
:109BB800D0470028FFF67EAF2878A84619F800306D
:109BC80001355907F3D4A7EB0B07C5E730200399F4
:109BD800D0470028FFF66EAF0137C0E79DF84A303E
:109BE800DA0601D41B0706D530200399D047002890
:109BF800FFF660AF0135069B3BB103999DF84B001A
:109C0800D0470028FFF656AF0135A84406E03020BB
:109C18000399D0470028FFF64DAF0135A8EB05039F
:109C2800002BF4DC33463A465046039926F091FB64
:109C38000028FFF63FAF28449DE720200399D0472E
:109C48000028FFF637AF0135731B002BF5DCFFF753
:109C580092B91746BFE60DF15D03BCE6FA8D040024
:109C68007CD60400000000002DE9F04706460F46A8
:109C7800904688B028F02BFF4FF47A73A0FB034579
:109C880003FB0155E40B012F44EA45444FEAD5355F
:109C980007D122462B463046274927F00DFB0020E6
:109CA80012E0D8F8047025483946FEF7D5FF70B1A0
:109CB80039462348FEF7D0FF48B130463A46214995
:109CC80027F016FB6FF0040008B0BDE8F0872046C7
:109CD80017A3D3E900232946FEF736FF05460C46AD
:109CE80010461946184A0023FEF72EFF80460F46F5
:109CF800104619464EF660220023FEF725FF8246DD
:109D08008946104619464FF47A720023FEF71CFF65
:109D1800CDE902A9CDE90623CDE904012A46234667
:109D28003046CDE90087094927F0C6FAB7E700BFF2
:109D3800005C260500000000A1930400B293040013
:109D4800B5930400BE93040080EE3600D693040059
:109D580001282DE9FF41884608D028F09FF81623EE
:109D680003604FF0FF3004B0BDE8F08109B918F086
:109D7800D5FB8A683E4B9A42EFD828F0A8FE0546E4
:109D88000F4628F0A4FE3B4CD8F80030D8F8042041
:109D9800A3FB043604FB0266D8F808209B1846EBA0
:109DA800E276EA0B42EA4742A2FB0421FF0B9B1A28
:109DB800C0F30E0204FB0711A2FB04244FEAD232BF
:109DC80042EA444266EB0101981A61F1000126A3B8
:109DD800D3E90023FEF7B8FE6D46CDE90001284619
:109DE800029218F0AFFB18B928F058F88B23B7E7A0
:109DF8004FF0FF324FF0FF331F4826F031FA041EB0
:109E080020DA1E491E4877231E4A26F0CAFA214640
:109E18001D4811E01D4C95E80F0084E80F00164816
:109E280026F019FA0446E0B1194915487723154A6E
:109E380026F0B7FA2146174826F0B3FA77211148D9
:109E480026F0A6FAE6D0012C0BD013499523134A25
:109E58000B4826F0A6FA124826F0A3FA95210F48D7
:109E6800EEE700207FE700BF00CA9A3B0000000031
:109E7800FFC99A3B00CA9A3BACEE00207EB10400B1
:109E88002656030027B1040088B1040038310120A8
:109E98005BB1040065B10400CDB10400A1B10400B8
:109EA800D6B10400000000002DE9F04F1F469DB018
:109EB80000230C4682460F9218934FF00008984BE7
:109EC8004FF000091D682846FEF7D0FE224683465B
:109ED800179213782B2B3BD02CD80D2B26D8082B78
:109EE80026D8002B2FD000230D93179E3378302BC4
:109EF80074D1737803F0DF03582B65D10D9B17A934
:109F0800884A5046019318AB0297009319AB23F087
:109F180023FD10F00705044635D0062D1AD10F9BF6
:109F28000BB101361E6042464B4637E0202BDAD192
:109F38000132CDE72D2BD6D101230D93531C179356
:109F48005378002BD1D10F9B002BECD01C60EAE793
:109F58000023F2E7189A3AB135211AA829F081FCB2
:109F68001899504623F0CAFF013D199A042D06D8C6
:109F7800DFE805F0190322251900DDE91A89210710
:109F880001D549F000490F9B13B1179B0F9A136035
:109F98000D9B002BC7D0424609F1004343EC102B20
:109FA8001DB0BDE8F08FDDE91A8302F2334223F4D5
:109FB800801343EA0259E2E7DFF86C91DFE76FF0BC
:109FC80000494FF0FF38DAE7179B5A1C17925B7865
:109FD800302BF9D0002BD6D0012300E00023002736
:109FE80004930A22179BCDE905770A9317980678F8
:109FF800A6F13003D9B2092924D95A46294629F0AD
:10A008005DF800282DD000203246059D8346034682
:10A01800652A01D0452A13D11DB9049A024392D06A
:10A028000025179C621C179262782B2A6ED02D2A65
:10A0380072D04FF0000CA2F1300109297AD9179497
:10A04800002699E00599013008291790D7BF06998D
:10A0580002FB073702FB01330693059B0133059387
:10A06800C4E7179B03EB0B02179213F80B20059B11
:10A07800A3B383461D46A2F13003092B12D901234D
:10A08800C6E7179B01305A1C17925A78302AF8D025
:10A09800A2F13103082B00F2EF8483460020179BBE
:10A0A80005460A93303A00F1010311D09B4400EBB6
:10A0B800050C2B460A21634512D12B180135082BB4
:10A0C800054419DC06990A2303FB012306930023A0
:10A0D800179A1846511C17915278CCE70598D5E77E
:10A0E800082B03F1010303DC069E4E430696E2E7C4
:10A0F800102BD8BF4F43DEE70F2BDCBF0A2303FB2F
:10A108000727E4E74FF0000B012386E74FF0000C28
:10A11800A21C1792A2788EE74FF0010CF8E700BF57
:10A1280098540300245403000000F07F179A511C30
:10A1380017915278302AF9D0A2F1310108293FF657
:10A148007FAF303A0792179A0C92179A561C1796B7
:10A158005278A2F1300EBEF1090F38D90C99761A4F
:10A16800082E44F61F6603DC07998E42A8BF0E46E8
:10A17800BCF1000F00D07642002D4FD1049908435E
:10A188007FF401AF002B7FF4DEAE692A29D026DCEC
:10A19800492A26D04E2A7FF4D6AE9B4917A829F023
:10A1A800DEF900283FF4CFAE179B1B78282B2FD160
:10A1B8001AAA964917A829F0E6F9052828D11B9B61
:10A1C800DDF8688043F0FF4949F4E009DBE6079EC3
:10A1D8000A2101FB0621A1F130020792B5E76E2A98
:10A1E800D9E78B4917A829F0BAF900283FF4ABAE94
:10A1F800179B17A88749013B179329F0B0F910B9A5
:10A20800179B01331793DFF81C924FF00008BAE64A
:10A21800814801F079FA59EC108BB4E6A6EB0B03F0
:10A2280006982C460C93059B002B08BF2B46102D37
:10A238000593A8BF1024FEF7C5F8092D8046894666
:10A2480013DC0C9B002B3FF49EAE0C9B78DD162B89
:10A2580045DC7249424601EBC3014B46D1E9000196
:10A26800FEF72AF9804689468DE66C4B03EBC4035A
:10A2780053E91223FEF720F9804689463846FEF74F
:10A28800A1F802460B4640464946FDF75FFF0F2DF1
:10A2980080468946D5DD2C1B0C9B1C44002C25DCF4
:10A2A80000F0A280644214F00F020AD05B4B4046D3
:10A2B800494603EBC203D3E90023FEF727FA804699
:10A2C8008946241100F090801F2C40F3B18022238E
:10A2D8004FF000084FF00009CAF8003053E6C5F106
:10A2E80025030C9A934219DA2C1B144414F00F031B
:10A2F8000AD04A49424601EBC3014B46D1E9000165
:10A30800FEF7DAF88046894634F00F046CD0B4F5CD
:10A318009A7F41DD2223CAF8003074E7C5F10F05A2
:10A328003E4C42464B4604EBC501D1E90001FEF71D
:10A33800C3F80C9B5D1B04EBC504D4E900238FE72D
:10A348001633A8DBABEB0602344B4046494603EB19
:10A35800C203D3E90023FEF7D9F983E70023069364
:10A368002223DFF8C0904FF00008CAF8003018998F
:10A37800504623F0C3FD0699504623F0BFFD0599CA
:10A38800504623F0BBFD1099504623F0B7FD0799BE
:10A39800504623F0B3FDF6E5002324114046494614
:10A3A8001F4F0493012C22DC0BB180468946049B85
:10A3B800A9F154791A49424601EBC3014B46D1E948
:10A3C8000001FEF779F8174B0A4680460B401649FC
:10A3D8008B429FD8A1F580118B4286BFDFF84C9045
:10A3E8004FF0FF3802F15479002304934BE0E20761
:10A3F80004D5D7E90023FEF75FF80123049A641017
:10A40800083701320492CDE7FB5A040010540300C8
:10A41800B8920400C3D7040063CB0400C849030002
:10A42800A04903000000F07F0000A07CFFFFEF7F41
:10A4380014F0100340464946AA4F18BF6A230493F4
:10A448000023E20704D5D7E90023FEF735F80123F6
:10A45800641007F10807F4D10BB180468946049BC4
:10A4680043B1C9F30A524946C2F16B03002B4EDCD3
:10A478006A2304930022002340464946FEF784FAE3
:10A4880000287FF424AF069B5046059A00932B467C
:10A498000A9923F09DFD109000283FF43BAF0C9BD8
:10A4A800ABEB060B002BB4BF5B46002311930C9B50
:10A4B80023EAE3731393002307930593109B5046F5
:10A4C800596823F0DBFC069000283FF449AF109B45
:10A4D8000C301A6903F10C010232920028F01AFCC0
:10A4E8001AAA19A9504649EC108BCDE90A8924F01B
:10A4F8004BF8189000283FF433AF0121504623F061
:10A50800B1FD03460590D0B90023059328E71F2B1A
:10A518000EDD342B4FF00008DBBF4FF0FF33C2F1E4
:10A528004B024FF05C799340D8BF03EA01099FE7DB
:10A538004FF0FF3202FA03F303EA080898E7199C80
:10A548001A9A002CA9BF119B139BE718139EB8BF3A
:10A558001E1B049BB8BF119FE41A634B1444C2F13D
:10A568003602013C9C4280F2B0801B1B01251F2B48
:10A57800A2EB0302CDBFC4F17F449D40002404F543
:10A588007F04C2BF04F57B44E23405FA04F407EB08
:10A59800020B049B16445F451E443B46A8BF5B461E
:10A5A800B342A8BF3346002BC2BFABEB030BF61A6E
:10A5B800FF1A119B002B16DD1A460599504623F009
:10A5C80011FE059000289FD00146189A504623F0A6
:10A5D8005FFD0E9000283FF4C3AE1899504623F053
:10A5E8008DFC0E9B1893BBF1000F71DC0C9B002BAC
:10A5F80008DD139A5046069923F0F4FD06900028CA
:10A608003FF4ACAE002E08DD32460699504623F0E2
:10A6180043FE069000283FF4A1AE002F08DD3A461D
:10A628000599504623F038FE059000283FF498AE6F
:10A63800069A5046189923F09BFE079000283FF48D
:10A648008FAEC36805990E930023C36029F0BCF848
:10A6580000284BDA0E9B53EA080340F0BC80C9F38C
:10A668001303002B40F0B78029F000431B0D1B0596
:10A67800B3F1D66F40F2AF80079B5B6923B9079BA4
:10A688001B69012B40F3A78001220799504623F04C
:10A6980003FE0599079029F097F8002840F39B805E
:10A6A80029F00043049A1B0D1B05002A79D0B3F149
:10A6B800D66F6DD8B3F15C7F46D84FF000084FF0E5
:10A6C80000092223CAF8003051E6002401255EE77C
:10A6D8005A461899504623F0DFFD1890002885D176
:10A6E8003EE600BF7849030002FCFFFFCB4640F07E
:10A6F800A3800E9AC9F31303002A40D09C4A9342C0
:10A7080058D1049B42467BB9B8F1FF3F40F089809D
:10A71800984B99453FF424AE974BDDF8108009EA31
:10A72800030303F5801922E6934B09EA0303B3F107
:10A73800D46F16D918F101011BD18E4A91453FF407
:10A748000FAE03F5801980468C4B404649460022DF
:10A75800FDF7B2FE0B468046894603437FF407AEF9
:10A76800AFE71E0D4FF0FF31C6F16B06B1408845CB
:10A77800E7D0002C5ED014EA0B0FE5D01EE0002BCA
:10A788004AD1B8F1000F8BD064B314EA0B0F2BE059
:10A79800A3F580134FF0FF386FEA13596FEA095990
:10A7A800D2E7A3F580134FF0FF386FEA13596FEA29
:10A7B8000959DCE59CB114EA090F0CD0404649461A
:10A7C800049A28F0C2FCDDE90A0153EC102BFDF7CE
:10A7D800BDFC80468946049B002BB5D1C7E515EA28
:10A7E800080FEAE718EA050FF5D0049A40464946EB
:10A7F80028F0ABFCDDE90A0153EC102BFDF7A4FCB3
:10A808000022002304460D46FEF7BEF800287FF418
:10A8180054AFA046A946DEE7002CB6D115EA080FCA
:10A82800E2E724B114EA090F3FF4A1ADC6E718EA3C
:10A83800050FF9E72A42A0E70599079828F0DFFFF6
:10A8480000224FF0804355EC104B20462946FEF776
:10A85800AFF800286DD00E9B002B78D1B8F1000F0F
:10A8680056D1C9F31303002B59D10022444B20467B
:10A878002946FEF793F8002858D120462946002299
:10A88800404BFDF719FE04460D4605F100430894B8
:10A898000993394B0BEA03031293129A3A4B9A42E3
:10A8A800DDE9086740F0A980ABF1547949EC108BD9
:10A8B80023F0F6FDDDE9082351EC100BFDF7FCFD54
:10A8C80042464B46FDF742FC0B462B4980462F4A31
:10A8D800194091425CD90B9A264B9A4203D10A9BA4
:10A8E80001333FF43DADDFF88C904FF0FF381899F5
:10A8F800504623F003FB0699504623F0FFFA0599CA
:10A90800504623F0FBFA0799504623F0F7FAD5E5AD
:10A91800B8F1010F03D1B9F1000F3FF4CEAE002416
:10A92800174D9FED0F7B8DED087BB2E70024154D89
:10A93800ABE7144B204629460022FDF7BDFD0E9BD0
:10A9480004460D46002BA0D0CDE90845A1E79FEDB0
:10A95800067B55EC174B8DED087B9AE7AFF300802B
:10A96800000000000000F0BF000000000000F03F01
:10A97800FFFF0F00FFFFEF7F0000F07F000050395E
:10A988000000F03F0000E03F0000E07FFFFF9F7CF9
:10A9980003F15479049B4E46002BA8D129F00043BB
:10A9A800129A1B0D1B059A42A1D120462946FEF793
:10A9B80065F9C9F31306FDF751FD0B460246294612
:10A9C800204646EA0806FDF7BFFB0E9B04460D46E7
:10A9D8001E434BD02EA3D3E90023FDF7DFFF002849
:10A9E8007FF4C5AC204629462BA3D3E90023FDF705
:10A9F800F3FF00283FF47BAFB9E4049B13B3129B29
:10AA0800B3F1D46F1ED82046294625A3D3E90023E5
:10AA1800FDF7CEFF90B129462046FEF725F801281C
:10AA280038BF0120FDF7CEFC0E9B04460D46D3B976
:10AA380001F1004314901593DDE9146707F1D6631B
:10AA4800129A9F1A9DED0A0B23F02AFD30463946CB
:10AA580053EC102BFDF730FDDDE90A23FDF776FBFB
:10AA68008046894696E7CDE91445E5E70EA3D3E984
:10AA78000023FDF793FFBCE7652A3FF443AB452A63
:10AA88003FF440AB0123FFF779BB00BFAFF3008071
:10AA98009535A094FFFFDF3F35E5AF350000E03F77
:10AAA8000000C0FFFFFFDF419535A094FFFFCF3FB7
:10AAB8002DE9F04F476A97B08346209E08910C9283
:10AAC800129355EC104B8DED000B7FB9102021F03F
:10AAD800E5FB0246CBF8240020B9A74BEA21A7489A
:10AAE80024F088F9C0E901770760C760DBF82430F3
:10AAF800196859B15A680123584693404A608B60D7
:10AB080023F0FCF9DBF8243000221A602B1EB7BFB3
:10AB180023F00043002301220193A8BF3360019F63
:10AB2800974BB8BF3260BB4319D142F20F73129AE8
:10AB38001360C7F31303234300F0DB85219B53B94C
:10AB4800904B21E0904B03930833219A13600398AC
:10AB580017B0BDE8F08F8B4B03930333F5E79DEDFA
:10AB6800007B0022002351EC170B8DED0A7BFDF7CB
:10AB78000BFF804650B10123129A1360219B13B139
:10AB8800824B219A1360824B0393E0E7C7F30A567E
:10AB980014AA15A958469DED0A0B23F0F5FC02905E
:10ABA800002E76D00B9BA6F2FF36CDF84C80C3F36F
:10ABB800130343F07F53DDE90A0143F440131946B8
:10ABC8000022744BFDF7C0FA65A3D3E90023FDF713
:10ABD80073FC65A3D3E90023FDF7B8FA04460D46D4
:10ABE8003046FDF7FFFB62A3D3E90023FDF764FCC1
:10ABF80002460B4620462946FDF7A8FA04460D46AC
:10AC0800FDF70AFF00220746002320462946FDF7E4
:10AC1800C5FE40B13846FDF7E5FB22462B46FDF759
:10AC2800B3FE00B9013F162F52D85B4B03EBC703A5
:10AC3800DDE90A01D3E90023FDF7B0FE002849D079
:10AC4800013F00231193149B9B1B5A1E4CBFC3F159
:10AC580001030023079245BF069300230693079339
:10AC6800002F39DB079B10973B4407930023099378
:10AC7800089B092B66D8052BC5BF043B002401247B
:10AC88000893089B023B032B67D8DFE803F02D3AB3
:10AC98003859DDE914631E4406F23243202BC9BF3C
:10ACA800C3F14003C3F120039F4006F21243D8BF0B
:10ACB80004FA03F006F1FF36C4BF24FA03F347EAA7
:10ACC8000300FDF77FFB0122A1F1F873139276E7E9
:10ACD8000123B7E71190B6E7069BDB1B06937B427F
:10ACE800099300231093C3E700230D930C9B002BBB
:10ACF80056DC012399461A4604930C920CE0012372
:10AD0800F3E700230D930C9BFB1803F1010904934F
:10AD18004B46012BB8BF0123DBF824000021042295
:10AD280002F114059D423FD94160584623F0A6F828
:10AD3800039000283BD1194B02464FF4D571CEE65B
:10AD48000123DFE7012400230D9408934FF0FF331C
:10AD58000022994604931223CFE701230D93F5E7C8
:10AD680061436F63A787D23FB3C8608B288AC63F09
:10AD7800FB799F501344D33FCDD70400E4D7040098
:10AD88000000F07FC9D70400C0D7040092BE0400B9
:10AD980091BE04000000F83FC849030040D80400F1
:10ADA8000C9B99460493B7E701315200B8E7DBF8EA
:10ADB8002430B9F10E0F039A1A606FD8002C6DD0A9
:10ADC800002F36DD07F00F02A04BF8054FEA2714D5
:10ADD80003EBC20393ED007B8DED0E7B17D59C4BE7
:10ADE80004F00F044FF00308D3E90823DDE90A0152
:10ADF800FDF78CFCCDE90001954D5CB9DDE90E232A
:10AE0800DDE90001FDF782FCCDE900012BE04FF000
:10AE18000208F1E7E10709D508F10108DDE90E01AB
:10AE2800D5E90023FDF748FBCDE90E01641008358C
:10AE3800E3E700F007817C42844B854D4FF0020820
:10AE480004F00F02241103EBC203DDE90A01D3E980
:10AE58000023FDF731FB0023CDE90001002C40F071
:10AE6800E580002BD0D1119BDDE90045002B00F0D7
:10AE78004C810022774B20462946FDF78FFD00289C
:10AE880000F04381B9F1000F00F03F81049B002BD3
:10AE980000F3E480DDE90A34CDE90034159B002B8A
:10AEA80002DB0E2F40F342820D9A002A40F067829F
:10AEB800099C0025DDF81880B8F1000F0DD0079B1C
:10AEC800002B0ADD4345069AA8BF4346D21AA8EBD1
:10AED80003080692079AD31A0793099B0BB30D9B95
:10AEE800002B00F0A682002C00F0A1822946224601
:10AEF800584623F077F9029A01460546584623F04A
:10AF0800C7F802990646584622F0F8FF099B1B1B12
:10AF1800099300F09182099A3146584623F062F964
:10AF280002900121584623F09DF8109B0446002BFF
:10AF380000F084821A460146584623F053F9089BCC
:10AF48000446012B03DC009B002B00F07C820026CA
:10AF5800236904EB8303186928F0E7FBC0F120009C
:10AF68001096079B184410F01F0000F09182C0F162
:10AF78002003042B40F38182C0F11C00069B03448C
:10AF880080440693079B03440793069B002B05DD2B
:10AF98001A460299584623F07FF90290079B002B26
:10AFA80005DD21461A46584623F076F90446119BDA
:10AFB800002B00F076822146029828F005FC002834
:10AFC80080F26F8200230A220299584622F0B8FFC5
:10AFD8000D9B7E1E0290002B00F05C820023294608
:10AFE8000A22584622F0ACFF049B0546002B03DCDE
:10AFF800089B022B00F35E82B8F1000F05DD29469D
:10B008004246584623F048F90546109B002B00F0AD
:10B01800D0826968584622F031FF0746002840F080
:10B028007F820D4B024640F2EA2158E5E20706D539
:10B0380008F10108D5E90023FDF73EFA0123641061
:10B0480008350BE74FF002080DE700BFC8490300B9
:10B05800A04903000000F03F40D804002046002229
:10B06800AC4B2946FDF728FA7E1E08F10108049C1E
:10B07800CDE900014046FDF7B5F9DDE90023FDF70C
:10B088001BFAA54B0022FDF761F8A1F15073CDE939
:10B098000E010F93002C3BD10022A04BDDE90001EB
:10B0A800FDF752F802460B46CDE90023DDE90E23F1
:10B0B800FDF792FC002840F05781DDE90E2101F1EF
:10B0C8000043DDE90001FDF769FC00283FF4E2AE2A
:10B0D800002425460C9BDDF80CA0DE434FF0000849
:10B0E8002146584622F00AFF002D00F0A980B8F149
:10B0F800000F05D0A84503D04146584622F0FEFE71
:10B108002946584622F0FAFE9AE03E464C46B1E7F8
:10B11800834B03EBC40353E90201039B1C440D9BBF
:10B12800002B4AD002460B4600207E49FDF7EEFA76
:10B13800DDE90E23FDF708F8DDF80CA0CDE90E01D6
:10B14800DDE90001FDF768FC0546FDF74BF902460D
:10B1580030350B46DDE90001FCF7F6FF0AF8015B24
:10B1680002460B46CDE90001DDE90E01FDF734FC8E
:10B17800002865D100206C49DDE90023FCF7E4FFD5
:10B1880002460B46DDE90E01FDF726FC002840F0DB
:10B198000D81A24500F0EA8000225E4BDDE90E0138
:10B1A800FDF78AF900225B4BCDE90E01DDE90001CC
:10B1B800FDF782F9CDE90001C2E7DDE90E23FDF7CD
:10B1C8007BF9A046DDF80CA0CDE90E01DDE9000110
:10B1D800FDF722FC0546FDF705F9024630350B461A
:10B1E800DDE90001FCF7B0FF0AF8015B02460B46F7
:10B1F800A245CDE900234FF0000223D1494BDDE9F8
:10B208000E01FCF7A3FF02460B46DDE90001FDF73E
:10B21800E3FB002840F0CA8000204249DDE90E2304
:10B22800FCF792FF02460B46DDE90001FDF7B6FB8D
:10B2380070B1C24608F1FF381AF8013C302BF8D03B
:10B24800374655E0334BFDF737F9CDE90001BDE747
:10B25800DDE90A34CDE90034159B002BFFF628AE52
:10B268000E2F3FF725AE2E4B03EBC70393ED007B64
:10B278000C9B002B8DED047B02DAB9F1000F64D032
:10B28800DDF80CA0DDE90045DDE904232046294668
:10B29800FDF73CFAFDF7C0FB0646FDF7A3F8DDE92C
:10B2A8000423FDF709F90246204606F130040B464F
:10B2B8002946FCF749FF0AF8014B039C02460B4656
:10B2C800AAEB0404A14540F08280FCF73FFF044646
:10B2D8000D46DDE90423FDF77FFB002865D12046F4
:10B2E8002946DDE90423FDF74FFB08B1F3075CD4D9
:10B2F8000299584622F002FE002301378AF80030EE
:10B30800129B1F60219B002B3FF421ACC3F800A0C7
:10B318001DE400BF0000244000001C400000144051
:10B32800C84903000000E03F0000F03FA24B03EBD8
:10B33800C70393ED007B0C9B002B8DED047B9FDAFC
:10B34800B9F1000F9CDC7FF4C3AE00229B4BDDE912
:10B358000401FDF7B1F8DDE90023FDF733FB0446EE
:10B3680000287FF4B5AE3E462546B4E0DDE90A3450
:10B37800CDE90034159B002B01DB0E2FD6DD089A92
:10B38800012A36DC139A82B303F23343099CDDF8B1
:10B398001880069A012158461A440692079A1A44B8
:10B3A800079222F05FFE054686E53E4653469A46DA
:10B3B80013F8012D392A06D1039A9A42F7D130227F
:10B3C800039901360A701A7801321A7038E7002298
:10B3D8007B4BFDF771F80022002304460D46FDF76C
:10B3E800D3FA00283FF450AF82E7149BC3F1360329
:10B3F800CCE709F1FF34099BA34208DBB9F1000F40
:10B40800A3EB04040EDBDDF818804B46C1E7099B6B
:10B41800109AE31A0994DDF8188000241A444B4660
:10B428001092B6E7069BA3EB09080023B1E7029E3A
:10B4380071E5099A029970E5029672E5089B012B5D
:10B4480017DC009BABB9019BC3F313039BB9019BAA
:10B4580023F00046360D360536B1069B012601332A
:10B468000693079B01330793109B002B7FF470AD65
:10B478001096012075E50026F6E73FF486AD1C33EB
:10B48800069A1A4498440692079A1A4407927CE549
:10B498000346F4E7049B002B2BDC089B022B09DCFA
:10B4A80027E0B9F1000F1DDC089B022B1ADD3E4690
:10B4B800CDF81090049B002B7FF40CAE214605229A
:10B4C800584622F03DFD01460446029828F07CF9D2
:10B4D80000287FF7FFADDDF80CA0312301360AF80C
:10B4E800013BFBE50D9B3E46CDF81090002B7FF409
:10B4F80083AD039F2146029827F074FE039B00F159
:10B508003009049A07F8019BFB1A9A4240F3CB8052
:10B5180000230A220299584622F012FD0290E9E718
:10B528002A6905F10C010C300232920027F0F2FB77
:10B5380001223946584622F0AFFE039BA84605462D
:10B5480003F1010ADDE9032313440793009B03F089
:10B55800010309930AF1FF3321460298049327F067
:10B5680041FE4146069000F13009029828F02CF976
:10B578002A4621460746584622F0FAFEC268014686
:10B5880002B3584622F0BAFC002F3ADA0122029997
:10B59800584622F081FE2146029028F015F900282D
:10B5A80003DC29D119F0010F26D0B9F1390F1DD1CB
:10B5B80032E02846C1E700BFC84903000000144034
:10B5C800000024400A90029828F0FEF80A990C908E
:10B5D800584622F093FC0C9A5ABB089B53B9099B16
:10B5E80043B9B9F1390F17D0002F05DD069B03F1D8
:10B5F800310901E0002F2ADADDF810A00AF8019BD2
:10B608006EE5089B3B4304D1009B03F00103002B2C
:10B61800BCD0B9F1390F36D1049F392307F8013B63
:10B62800BA46013F1AF8013C392B5AD001333B7016
:10B6380056E5002F06DB089B3B4306D1009B03F031
:10B64800010313B9002AA1DCD6E7002AE1DC079B35
:10B6580057460AF8019C53452ED000230A22029926
:10B66800584622F06DFCA84502904FF000034FF0B9
:10B678000A02414658460BD122F062FC8046054634
:10B688000AF1010A66E7DDF810A009F10109B5E73A
:10B6980022F056FC2946804600230A22584622F00A
:10B6A8004FFC0546ECE7049B4FF00008002BCCBF8D
:10B6B8001F460127039B1F4401220299584622F086
:10B6C800EBFD2146029028F07FF80028A8DC02D183
:10B6D80019F0010FA4D1BA4617F8013D302BFAD062
:10B6E800FEE4039BBB429BD13123039A01361370BE
:10B6F800F6E4219B002B7FF425AA014BFFF744BAFF
:10B70800C0D70400000000009FED010B704700BF88
:10B71800000000000000F87F08B501684B1E142BDC
:10B7280096BF0A4A0A4A52F823204368094824F077
:10B7380078FD09497023094A094824F032FE09486E
:10B7480024F02FFE7021054824F022FE904A0300C1
:10B75800D2550300E155030091BE04000A560300C8
:10B76800265603004356030070B5A2B013F0E4FC5C
:10B77800404E306060B94049AB23404A404824F00D
:10B7880010FE404824F00DFEAB213C4824F000FE9A
:10B798003D4B02ACD3F80054C3F80054002315F015
:10B7A800010F8DF8083003D02046384927F062FC95
:10B7B800AA0703D52046364927F05CFC6B0703D55A
:10B7C8002046344927F056FCE80603D5204632497E
:10B7D80027F050FCE90303D52046304927F04AFCFE
:10B7E800AA0303D520462E4927F044FC6B0303D552
:10B7F80020462C4927F03EFC2046FDF737FA00BBCF
:10B808002046294927F052FC2146284824F009FD02
:10B8180000230393264B27494FF48052264802936E
:10B82800009405231DF07AFD18F060FC014680B1F4
:10B83800224824F0F6FC224824F0F3FC002022B031
:10B8480070BD00F188030DEB0300002300F8833C72
:10B85800DAE70FF0B1FC19F05BF8014610B11948AE
:10B8680024F0DFFC1849306814F0D0FC00F084F9AB
:10B87800E4E700BF783B0120795603000A5603002D
:10B88800265603009356030000500040B1560300AB
:10B89800BE560300CA560300E3560300FD560300D4
:10B8A80009570300175703002E5703003D5703009D
:10B8B8005057030010680120E0EE00206257030093
:10B8C8008E5703009B570300BD57030010B58EB079
:10B8D8001E4801A924F02BFC044630B3024602207E
:10B8E8001B4923F0CDFA04A820F0E0FC00201949F8
:10B8F80023F0C6FA184A0020C2F10052174902F58F
:10B90800802223F0BDFA049A0020154923F0B8FAE2
:10B918000C9A0020134923F0B3FA00200B9A12491D
:10B9280023F0AEFA00200EB010BD104923F0A8FA9B
:10B938002046019A0B4923F0A3FA2046029A0A49A5
:10B9480023F09EFA2046039A0949CAE700EC002032
:10B95800B858030044590300800803205C590300C9
:10B9680070590300075903001B590300EF580300DF
:10B978002F590300134670B50A220021586821F098
:10B988004DFD002814DD4FF47A73002503FB00F405
:10B998004FF40046294640F2E7304FF47A7200230C
:10B9A800E4FB0601FDF720F91EF04CFF284670BDA8
:10B9B8000020034923F064FA6FF01500F7E700BF91
:10B9C8008459030010B50024034B204603491C701A
:10B9D80023F056FA204610BD585601201A5A030083
:10B9E800012208B5034B002003491A7023F048FAD6
:10B9F800002008BD585601202E5A030030B595B0D6
:10BA0800242204460D460BA8002127F0AAF906A90E
:10BA1800012026F053FA0BA906A820F09BFB089BEF
:10BA28000D4A294693FBF2F305930B9B204604939A
:10BA38000C9B0A4A03930D9B02930E9B01930F9B49
:10BA480001330093109B03F26C7321F0C3FBC043D6
:10BA5800C00F15B030BD00BF40420F00EA5A0300C6
:10BA6800F8B505460E4617464FF0FF334FF0FF3244
:10BA780021481CF059FD214B1C785CB11E2120483F
:10BA8800FFF7BCFF4FF480611D4B1E4A1E4821F092
:10BA9800A1FB04461C48C4F5806120443B4632465D
:10BAA80010F0CEFA0444B4F5806F184C03D318494B
:10BAB800206825F01DFC012D206807D0022D0ED02E
:10BAC80095B9114A134925F0F7FB03E00E4A1149CD
:10BAD80025F000FCBDE8F84007481CF0F5BD0A4A0F
:10BAE8000C4925F005FCF5E70B4925F001FC064A51
:10BAF80008492068E7E700BF80EC0020585601207D
:10BB08003A5601203CF203003A520120783B0120CA
:10BB1800105B0300FDC104003B5B0300024B0246BF
:10BB28000249186825F0C8BB783B0120FDC1040014
:10BB3800012938B5054616D954680C492046FDF741
:10BB48008BF880B120460A49FDF786F858B122469D
:10BB58000220084923F094F96FF01504284625F0CF
:10BB6800D5FB204638BD0124F8E700BF0A6D030065
:10BB78006D5B0300745B030008B50020074B084A9F
:10BB8800084923F07DF90020074923F079F9BDE839
:10BB980008400020054923F073B900BF8D5B0300FE
:10BBA8009A5B0300A05B0300BB5B0300D65B03004A
:10BBB800012938B504460AD95268064925F098FB88
:10BBC8004FF0FF35204625F0A1FB284638BD01255A
:10BBD800F8E700BFEE5B030008B502F077F902460C
:10BBE80028B1BDE808400220014923F049B908BD41
:10BBF800085C030001232DE9F04F00259146DFF88A
:10BC080058B3B14ADBB0994206460F46CDE907550D
:10BC18001360CBF8003040F26D82A846AA460AA805
:10BC280005F01AFA60220AA922A827F073F8CDE9CC
:10BC3800045508AB00934946A44B3846A44A26F05D
:10BC48000EFC431C04460BD1DBF80030BB4280F0ED
:10BC5800458307F18047013F59F827209D490BE0AC
:10BC68000C2C1FDC002C0BDADBF800309A4903F1AE
:10BC78008043013B59F82320022023F001F939E2DF
:10BC8800013C0B2C00F25E82DFE814F062026C02C9
:10BC9800740225023B024E024702550212021802A4
:10BCA8001E027F02742C2DDC612CDDDD623C122C1F
:10BCB800DAD801A353F824F05DC0000071BC00007D
:10BCC800A9C0000071BC000071BC000071BC00007C
:10BCD800FDC0000071BC000071BC000071BC000018
:10BCE80071BC000001C00000D1BF000071BC0000A1
:10BCF80071BC000071BC00005DBD000071BC00009B
:10BD08003FC000006FF47A7023180E2BACD80E2BAE
:10BD1800AAD801A252F823F09FC10000CFC10000A9
:10BD2800EFC100006DC2000071BC000071BC0000D2
:10BD380071BC000071BC000071BC000083C200002F
:10BD480083C2000083C2000083C2000083C20000D7
:10BD580083C2000000240AA805F07EF97C2221464F
:10BD68003BA83A9426F0FDFF20465C4923F088F86A
:10BD78000A9B20461A465A49049323F081F80B9BE4
:10BD880020461A465749049323F07AF8BDF8343010
:10BD980020461A46544923F073F82046BDF830204F
:10BDA800524923F06DF89DF83200002800F0878092
:10BDB8003AA99DF8330004F061F84D49024620463F
:10BDC80023F05EF800204B4923F05AF8149A00201B
:10BDD800494923F055F80020484923F051F800203C
:10BDE800129A474923F04CF89DF84C200020454909
:10BDF80023F046F80020444923F042F800200F9A27
:10BE0800424923F03DF80020119A414923F038F8BF
:10BE1800DDE9103200203F4923F032F80020109A63
:10BE28003D4923F02DF89DF8392000203B4923F0A7
:10BE380027F800203A4923F023F8DDE918230020E9
:10BE4800384923F01DF80020374923F019F800205D
:10BE58009DF85820354923F013F80020159A3449E5
:10BE680023F00EF800209DF85920324923F008F8F5
:10BE780000209DF85A20304923F002F89DF85B20F5
:10BE880000202E4922F0FCFF00202D4922F0F8FF67
:10BE98009DF868102B4B2C4A0020012908BF1A4630
:10BEA8002A4922F0EDFF9DF86830012B56D000207A
:10BEB800274922F0E5FF00205BB0BDE8F08F254957
:10BEC80022F0DEFF7EE700BF444E0120A0DB002009
:10BED8001F6503002C650300FF640300405C03003A
:10BEE800515C03008E5C0300CB5C0300085D03001B
:10BEF8003C5D0300AA5D0300BE5D0300F25D030024
:10BF0800065E03003A5E03006E5E03008D5E03006A
:10BF1800C15E0300045F03004D5F0300915F0300EF
:10BF2800C85F0300E35F030021600300376003007C
:10BF380075600300B3600300F16003002F61030024
:10BF48006D610300285C03002E5C03008E61030012
:10BF5800C2610300705D0300F4E700209DF86930BA
:10BF6800012B2FD0A54AA649022B18BF0A4600204C
:10BF7800A44922F085FF9DF86930022B05D10020E5
:10BF88009DF86B20A04922F07BFF00209DF86A20D5
:10BF98009E4922F075FF00249D4E0AAD9DF86A3037
:10BFA8009C4288DA062C05F1040584D0B5F84430A3
:10BFB80001340093224631460020B5F8423022F081
:10BFC8005FFFEBE7934AD2E7934B0A21186807AA69
:10BFD80025F068FA079B044643B12346224602200F
:10BFE8008E4922F04DFF6FF0150065E723F05BF8EE
:10BFF8000028F2D022941CE6874B186826F068FEC9
:10C008000123984202468DF8923003D100238DF81F
:10C0180093300EE60228FAD0032801D10223F6E76E
:10C02800042803D100238DF8923002E67C490220CF
:10C0380022F026FFD7E7784B0A21186807AA25F0CF
:10C0480031FA079B23B17749022022F019FFCAE78A
:10C058002390EEE5704B186826F03AFE431E012B3C
:10C0680002460BD8BDF83030ADF89000042B7FF4B1
:10C07800E0AD01206C4922F003FFDAE5011F122927
:10C088000CD86A4BCB40D90708D50428BDF8303006
:10C09800ADF89000EAD1042BEBD1CAE56449C6E7B4
:10C0A8005D4B186826F014FEC317CDE93003C0E5D0
:10C0B800594B186826F00CFE2C90BAE5564B1868B8
:10C0C80026F006FE2A90B4E5534B186826F000FEC9
:10C0D8008DF8AC00ADE5504B186826F0F9FD08283E
:10C0E80004D86FF48B730341DA0707D5514902204E
:10C0F80022F0C6FE5048FFF711FDDCE68DF8B800C7
:10C1080097E5454B186826F0E3FD4C4B421E9A42D2
:10C1180001D94B49EBE72D908BE53F4B186826F08A
:10C12800D7FD8DF8B90084E53B4B186826F0D0FDA3
:10C138008DF8BA007DE5384B186826F0C9FD8DF8F2
:10C14800BB0076E5344B186826F0C2FD279070E5F1
:10C15800314B186826F0BCFD002801DB394973E72C
:10C16800289066E52C4B186826F0B2FD0028F5DA11
:10C1780029905EE5284B186826F0AAFD642801D9A5
:10C18800314961E78DF8990053E504F03FFF062037
:10C1980001F016FA8FE6204B2C491C682046FCF764
:10C1A8005BFD18B901238DF8C83042E520462849BF
:10C1B800FCF752FD10B98DF8C8003AE5254930461C
:10C1C80025F096F80FE7144B23491C682046FCF726
:10C1D80043FD002879D020462049FCF73DFD002882
:10C1E8007AD01F49EBE70C4B4FF00108186826F08E
:10C1F8006FFDCDF814808DF8CB001AE5355C03008F
:10C20800385C0300F56103002E62030062620300DC
:10C21800966203007A5F0400404E0120CE6203005C
:10C22800646303008C630300A4630300210004001B
:10C23800E3630300FE630300007303003F4B4C00FD
:10C248001C6403004C6403006A640300285C030058
:10C258002E5C030084640300A2640300719C040044
:10C26800A56403008A4B4FF00108186826F030FDDA
:10C27800CDF810808DF8CA00DBE4854B186808B942
:10C2880084499CE784493AAB09AA20F0F7FF0228C1
:10C29800F6D1099A172A04D83A9B172B01D89A4243
:10C2A80005D917227D49304625F022F89BE6002162
:10C2B80001250791A4F2E2345AA901EB8404A846A7
:10C2C80024F8DA2C24F8D83CB3E401234FF0010811
:10C2D8008DF8C930C246ACE40223F7E79DF8C830B0
:10C2E800DBB9B8F1000F00D11DB101206C4922F073
:10C2F800C7FD002319468DF8C930ADF8CA3022AA07
:10C308000133062BA2F84610A2F8481002F10402E5
:10C31800F6D122A804F054FE39E7012B0FD19DF87D
:10C328006830012B04D0BAF1000F08D15D4946E707
:10C33800BAF1000F03D19DF869308DF8C9309DF826
:10C34800C930022B29D1049B03B90DB1564936E7F0
:10C35800059B43B99DF86930022B0CD19DF86B30D1
:10C368004BB18DF8CB309DF8CB30013B052B05D96F
:10C3780006224E4997E701238DF8CB300023194652
:10C388008DF8CA3022AA0133062BA2F84610A2F86B
:10C39800481002F10402F6D1BBE7012BC6D1059B78
:10C3A8000BB143490BE7049B63B940F20113BDF895
:10C3B80068209A420ED19DF86A305A1E052A09D87B
:10C3C8008DF8CA309DF8CA00431E052B04D90622F1
:10C3D800384968E70423F3E79DB1002222A9B1F8A0
:10C3E8004630B1F84850172B02F1010203D8172D37
:10C3F80001D8AB4249D9172330462F4924F078FF9A
:10C40800F1E51821B1FBF0F12B4600FB01F422AA5B
:10C41800C4F118049C42D4BF8C4601F1010C2F468C
:10C4280001336544A2F84670834205F1FF37A2F84C
:10C43800487002F10402EDDB0246002122AB03EB57
:10C448008003062A03F10403C7D0A3F84210A3F817
:10C4580044100132F5E7B7F84AC0013465450CD3FA
:10C46800B7F84CE0734508D83046CDE902CECDE99F
:10C478000054124924F03CFFB5E504378442EADB56
:10C48800824201F10401AADB43E70F461446F5E7AF
:10C49800404E0120B6640300C8620300CF64030065
:10C4A8005465030087650300BF650300F665030054
:10C4B8000B6603002F6603004666030075660300DB
:10C4C8002DE9FF47012300250C461646244F254A2F
:10C4D800DFF8A4A0DFF8A480039513603B600DF19A
:10C4E8000C095346424631462046CDF8009025F0C7
:10C4F800B6FF431C09D13B68A34224D204F180440F
:10C50800013C56F8242018490DE0332815D00EDCDC
:10C51800312814D0322814D03B68144903F18043E1
:10C52800013B56F82320022022F0AAFC01E06828EB
:10C53800F2D10F48FFF7F2FA0EE00225D1E7002505
:10C54800CFE70125CDE7284602F028FB024618B1BF
:10C558000220084922F094FC04B0BDE8F08700BF2F
:10C56800F4E70020444E01202C650300FF6403001B
:10C5780066A10300B166030070DE0020AC6603000C
:10C588002DE9FF47012300250C461646244F254A6E
:10C59800DFF8A4A0DFF8A480039513603B600DF1D9
:10C5A8000C095346424631462046CDF8009025F006
:10C5B80056FF431C09D13B68A34224D204F18044AE
:10C5C800013C56F8242018490DE0332815D00EDC1C
:10C5D800312814D0322814D03B68144903F1804321
:10C5E800013B56F82320022022F04AFC01E068288B
:10C5F800F2D10F48FFF792FA0EE00225D1E70025A5
:10C60800CFE70125CDE7284602F0FEFA024618B129
:10C618000220084922F034FC04B0BDE8F08700BFCE
:10C62800F4E70020444E01202C650300FF6403005A
:10C63800459D0300B166030070DE0020AC66030070
:10C648002DE9F0478AB00C46164604F00FFD00238A
:10C6580005460393002C61D001236C4A6C4FD6F831
:10C66800048013603B60B8F1000F12D0404669495E
:10C67800FCF7F2FA28B902F0A3FE00200AB0BDE8E0
:10C68800F08740466449FCF7E7FA10B901F0ACFEC0
:10C69800F3E740F28163059301238DF81E306B693F
:10C6A800DFF894910693B5F81130DFF89081ADF872
:10C6B8001F30EB690DF10C0A8DF81230AB698DF85B
:10C6C80013300023ADF81C30ADF820308DF824303D
:10C6D8008DF811304B46424631462046CDF800A031
:10C6E80025F0BDFE431C09D13B68A3426FD204F17B
:10C6F8008044013C56F8242048490CE0742843D073
:10C7080028DC613808280DD93B68454903F1804386
:10C71800013B56F82320022022F0B2FB4148FFF7E4
:10C72800FDF9AAE70828EFD801A353F820F000BFC5
:10C73800A5C7000011C7000077C7000011C7000097
:10C7480011C700009DC7000011C7000025C70000E1
:10C7580083C700006FF47A728318032BD4D8A0F231
:10C76800EA30022821D8DFE800F01D242B002E4BE8
:10C77800186826F0ADFA0590ACE72B4B186826F040
:10C78800A7FAADF81C00A5E7274B186826F0A0FA11
:10C7980006909FE701238DF810309BE701238DF861
:10C7A800113097E701238DF8203002238DF81E30D1
:10C7B80090E71D4B186826F08BFA8DF8130089E76F
:10C7C800194B186826F084FA8DF8120082E705994B
:10C7D80069B19DF81120288989B222F005FC30B989
:10C7E80002202B89059A114922F04AFB96E700217D
:10C7F80004A801F0BBFD024620B102200C4922F03A
:10C808003FFB3AE70B4922F03BFB36E7444E012059
:10C81800F4E70020D86603005C3B04002C650300A5
:10C82800FF640300E7920300404E0120E76603001F
:10C83800156703003467030000DE0020DD6603008F
:10C848002DE9F0478AB00C46164604F00FFC002389
:10C8580005460293002C75D04FF00109614B624FD9
:10C86800C3F800900223D6F804803B60B8F1000FAB
:10C8780068D040465D49FCF7EFF928B901F092FB12
:10C8880000200AB0BDE8F08740465949FCF7E4F9B2
:10C89800002857D1EB6932228DF81F30AB69ADF80B
:10C8A80022908DF8203040F28163CDE903230A23DA
:10C8B800DFF85891DFF8588105900693ADF81C0011
:10C8C8008DF81E0009900DF1080A4B464246314684
:10C8D8002046CDF800A025F0C2FD431C09D13B68D5
:10C8E800A3426FD204F18044013C56F82420414908
:10C8F80025E0742810DC60281ADD6138132817D861
:10C90800DFE800F024162816382E162059161616B9
:10C91800161616161616163240F2EA33984237D013
:10C9280040F2EB3398423AD040F2E933984228D0AB
:10C938003B68314903F18043013B56F8232002202C
:10C9480022F09EFA2D48FFF7E9F899E701238DF8C0
:10C958001E30BAE72A4B186826F0BAF90490B4E7F3
:10C9680001238DF81D30B0E7254B186826F0B0F983
:10C978000690AAE7224B186826F0AAF98DF81C0041
:10C98800A3E71F4B186826F0A3F98DF820009CE751
:10C998001B4B186826F09CF98DF81F0095E72B684B
:10C9A800059301238DF825306B68ADF826302B6888
:10C9B8008DF8243089E7124B186826F089F9ADF80C
:10C9C800220082E7002103A801F0FCFA024620B108
:10C9D80002200C4922F054FA52E70B4922F050FA8F
:10C9E8004EE700BF444E0120F4E700205C3B040002
:10C9F800173B04002C650300FF640300B1890300A2
:10CA0800404E0120536703006B67030080DD002060
:10CA1800476703002DE9F0430D4691B0164604F030
:10CA280025FB0023012D0446039340F2CA8001230D
:10CA38009C4A9D4F706813603B6060B19B49FCF74E
:10CA48000BF940B99A4922F01BFA22F051FA00205A
:10CA580011B0BDE8F083236A26208DF81C3094F8C5
:10CA68002430DFF884928DF81D300223ADF81E3093
:10CA78008DF820308F4BDFF87482CDE90503A36A67
:10CA88008DF830300023ADF810308DF8313094F83F
:10CA980030308DF83830E36A0D9394F832308DF8E1
:10CAA8003A3094F831308DF83B3003238DF8393023
:10CAB80094F83330804C8DF83C3004238DF83D30A9
:10CAC80003AB009342464B463146284625F0C7FC47
:10CAD800431C0AD13B68AB4280F0C28005F1804517
:10CAE800013D56F8252075492BE074281DDC602887
:10CAF80020DD613813281DD8DFE800F0311C2B2712
:10CB08003C1C1C631C1C1C1C1C1C1C1C1C1C2F35CA
:10CB1800A0F2D2700C2845D8DFE800F04A666C72A3
:10CB2800785A60383E337E978D006FF4FA61431867
:10CB38000D2BEDD93B68624903F18043013B56F860
:10CB48002320022022F09CF93BE001238DF81130CC
:10CB5800B6E701238DF81030B2E70223FAE7012384
:10CB68008DF83130ACE7544B186826F0B1F8ADF8C1
:10CB78001A00A5E7504B186826F0AAF88DF830007F
:10CB88009EE7206826F0A4F8059099E7206826F02B
:10CB98009FF88DF81C0093E7206826F099F88DF827
:10CBA8001D008DE7206826F093F8ADF8180087E798
:10CBB800206826F08DF8002807DC4249022022F080
:10CBC8005FF94148FEF7AAFF41E78DF81E0077E7B5
:10CBD800206826F07DF88DF8200071E7206826F09F
:10CBE80077F88DF81F006BE7206826F071F88DF84C
:10CBF8003A0065E7206826F06BF88DF83B005FE7A0
:10CC0800206826F065F88DF83C0059E7206826F082
:10CC18005FF88DF83D0053E7206826F059F808289A
:10CC280004D86FF48B730341DA0701D52749C5E7A8
:10CC38008DF8380044E7206826F04AF8072801D91B
:10CC48002349BBE78DF839003AE7206826F040F819
:10CC5800204B421E9A4201D91F49AFE70D902FE79A
:10CC68009DF810300BB91D49A8E79DF81F307BB11E
:10CC78004FF46152A3FB023204A8CDE90A3201F055
:10CC8800C3FE024648B10220154922F0F9F8DEE653
:10CC98004FF4E1429DF82030ECE7124922F0F0F819
:10CCA800D5E600BF444E0120F4E700205C3B0400B9
:10CCB8007767030081060500404E01202C650300BC
:10CCC800FF6403008E67030078C60300FE63030059
:10CCD800B96703003F4B4C001C640300E367030083
:10CCE8000E68030031680300F0E00020D9670300F4
:10CCF80000232DE9F04F8DB016460C46039300290A
:10CD080000F0A28001239C4ADFF8BC82706813609F
:10CD1800C8F8003058B19949FBF79EFF054630B96D
:10CD280022F0F6F82846964922F0AAF879E104F0AC
:10CD38009DF92622934B0F21CDE90423036A002590
:10CD48008DF8183090F82430A9468DF81930836A88
:10CD5800DFF878A28DF81A300523CDE908138A4B3D
:10CD68008DF81B500A9340F204638DF81C50ADF8FF
:10CD78002C300DF10C0B534631462046834ACDF832
:10CD880000B025F06CFB431C0BD1D8F80030A3424F
:10CD980080F01E8104F18044013C56F824207C492F
:10CDA8004FE074281ADC62281CDD6338112819D872
:10CDB800DFE800F064186B18184A181818182518B6
:10CDC800187818182172A0F6BA3009287FD8DFE839
:10CDD80000F091703F7799A4ADB6C1CAA0F6B933F7
:10CDE8000A2BF0D9D8F800306A4903F18043013B97
:10CDF80056F8232025E001238DF81B30BBE7664B4E
:10CE080066491F683846FBF727FF18B901238DF8D4
:10CE18001630B0E738466249FBF71EFF08B902230F
:10CE2800F5E738465F49FBF717FF08B90323EEE734
:10CE380038465D49FBF710FF08B90423E7E73A468F
:10CE48005A49022022F01CF85948FEF767FEE8E02C
:10CE5800514B54491D682846FBF7FEFE20B90323B1
:10CE680001258DF8173086E728464F49FBF7F4FE71
:10CE780008B90423F4E72A464E49E2E7464B186806
:10CE880025F026FFADF8140075E7434B186825F028
:10CE98001FFF8DF81A006EE73F4B186825F018FF42
:10CEA800049068E73C4B186825F012FF8DF81800CD
:10CEB80061E7414823F0B5F901238DF81C305AE7A2
:10CEC800354B186825F004FF8DF8190053E7324BED
:10CED800186825F0FDFE071E04DC3849022021F001
:10CEE800CFFFB1E7322F03DD0120354921F0C8FF1C
:10CEF800089740E7284B186825F0EAFE0028ECDD83
:10CF0800099038E7244B186825F0E2FE002801DA7A
:10CF18002C49E3E78DF828002DE71F4B186825F00A
:10CF2800D7FE0028D9DD8DF8290024E71A4B1868A8
:10CF380025F0CEFE0028EBDB8DF82A001BE7164B08
:10CF4800186825F0C5FE0028E2DB4FF001098DF8CE
:10CF58002B0010E7104B186825F0BAFE0028D7DB25
:10CF68008DF82C0007E70C4B186825F0B1FE002857
:10CF7800CEDB8DF82D00FEE6444E01205C3B04001C
:10CF880047680300810602000005050A18690300C6
:10CF98002C650300FF640300404E01206168030014
:10CFA80064680300A05104006C6803007268030001
:10CFB800D0B10300836803009D680300B7680300CD
:10CFC800CF680300FF680300F4E70020D0DF0020EB
:10CFD80004F04CF801220446BDF81410008922F030
:10CFE80003F838B902202389BDF814201B4921F021
:10CFF80047FF29E7B9F1000F06D19DF81630032B3A
:10D0080013D100238DF82B3015B101238DF81B3077
:10D0180004A801F041FD0246E8B10220104921F0C0
:10D028002FFF00200DB0BDE8F08F042B08D19DF82C
:10D0380029209DF8283013449DF82A201344E1E75D
:10D04800022BE1D19DF81730002BDDD0032BD8D06F
:10D05800042BD9D1EBE7034966E600BF2569030035
:10D068004D6903007369030000232DE9F04301298A
:10D078008BB00C461546029340F208810123AE4A54
:10D08800AE4E68681360336060B1AD49FBF7E4FDEC
:10D0980040B9AC4921F0F4FE21F032FF00200BB07A
:10D0A800BDE8F08303F0E2FFC26901238DF81F2079
:10D0B8002622A5498DF82030CDE9031202F1C0627D
:10D0C800A2F1241205920522836A06928DF8213076
:10D0D800036A4FF444428DF81C3090F82430DFF88E
:10D0E800A0828DF81D300023984F8DF81E30ADF8C2
:10D0F8002220ADF824300DF1080943463A46294666
:10D108002046CDF8009025F0AAF9431C0AD13368CF
:10D11800A34280F0F18004F18044013C55F82420BA
:10D128008B490AE074283BDC60280ADC33688949AB
:10D1380003F18043013B55F82320022021F0A0FE93
:10D14800A4E061381328F1D801A353F820F000BFF8
:10D1580047D2000035D10000EDD10000E5D1000034
:10D168001DD2000035D1000035D1000095D2000055
:10D178000FD2000035D1000035D100002BD20000BD
:10D18800F5D1000035D1000035D1000035D10000BF
:10D1980035D1000035D10000FDD1000001D20000DA
:10D1A8006FF4FA6210440928C0D80928BED801A330
:10D1B80053F820F0C9D20000D7D2000035D10000C2
:10D1C8005BD2000069D2000077D20000A3D2000031
:10D1D8004FD20000F9D20000EBD2000001238DF8F5
:10D1E8000D308AE701238DF80C3086E701238DF88E
:10D1F800243082E70223F6E7574B186825F068FDCC
:10D20800ADF8160079E7544B186825F061FDADF8C4
:10D21800140072E7504B186825F05AFD8DF821006C
:10D228006BE74D4B186825F053FD002804DC4B498B
:10D23800022021F025FE29E08DF820005DE701237A
:10D248008DF8253059E7444B186825F041FD0490C6
:10D2580053E7414B186825F03BFD8DF81C004CE75F
:10D268003D4B186825F034FD8DF81D0045E73A4B15
:10D27800186825F02DFD831E6C2B02460AD96E23F3
:10D28800009302233649184621F0FAFD3548FEF787
:10D2980045FC03E78DF81E002FE72F4B186825F093
:10D2A80017FD00F180037F2B024606D96FF07F033C
:10D2B80002202D4921F0E4FDE8E78DF81F001CE766
:10D2C800254B186825F004FDADF80E0015E7224B34
:10D2D800186825F0FDFC002801DC2449A8E7069021
:10D2E8000BE71D4B186825F0F3FC8DF8230004E7C5
:10D2F80001238DF8223000E79DF80C300BB91C494A
:10D3080096E74FF47A71BDF81430BDF9162013FB77
:10D3180001F39A4201DB17498AE703A801F098FB59
:10D32800024620B10220144921F0AAFDB6E61349AD
:10D3380021F0A6FDB2E600BF444E0120F4E700202C
:10D348005C3B04008C69030000018106296A030024
:10D358002C650300FF640300404E01208E67030024
:10D36800A3690300A0A50300CA690300FE690300BE
:10D37800E3670300386A0300606A0300836A0300F6
:10D38800B0DE002008B501F021FC024628B1BDE856
:10D3980008400220034921F073BD0349BDE8084055
:10D3A80021F06EBD996A0300C26A030008B50F4BED
:10D3B80093F8F0202AB10E49012021F061FD0120E7
:10D3C80008BD93F8AE200AB10A49F5E793F8AF20F3
:10D3D8000AB10949F0E793F8B0200AB10749EBE729
:10D3E80093F8B1000028EBD00549E5E7F0F00020FC
:10D3F80027D703003AD7030054D7030062D70300A6
:10D4080079D7030010B503F031FE0446C36A134808
:10D41800C0F8A43094F8303080F8A13023891A1F5E
:10D428005342534100F8A03F19F07AFF034620B158
:10D4380002200B4A0B4921F023FD4FF42032002330
:10D4480009481BF00BFC30B10220054A0749BDE82A
:10D45800104021F015BD22890549F8E7F0F00020B9
:10D46800ACEB030093D703001CEE0020C1D70300E8
:10D47800EFD70300104B37B54FF49C7200211846C4
:10D4880025F06FFC40F2E7320024A0F8EC200122DE
:10D498000A4D80F8D5206FF006034FF480522846D5
:10D4A800074900941BF03AFF064928461CF0B2F8D9
:10D4B800204603B030BD00BFF0F0002028F2002065
:10D4C8001088012012D80300014608B520B1BDE834
:10D4D8000840134822F0A5BE124B1B78FBB912482E
:10D4E8001BF036FC114819F0F7FC014680B11048D2
:10D4F80022F097FE4FF4803200230B481BF0AEFB5E
:10D5080068B1BDE8084002200A4A0B4921F0B8BCBE
:10D5180019F0ECFC01460028ECD00848E8E708BD03
:10D528002AD80300F0F000201CEE002079DB000070
:10D5380050D80300F4EA0300A9D8030083D80300F5
:10D5480070B5A0B0064619F0F1FC002104467C2213
:10D5580001A8009125F005FC3CB123460220124A9F
:10D56800124921F08DFC20B070BD00234FF4203209
:10D578000F481BF073FB0F4B054638B102200A4ACF
:10D588000D4983F8A84021F07BFCECE701226946AD
:10D59800304683F8A82083F8A96002F06FFC074999
:10D5A80002462846EFE700BF8FEB0300D2D80300FE
:10D5B8001CEE0020F0F0002001D903002ED9030052
:10D5C800002307B58DF80000019300220023694667
:10D5D80005481AF0E9FD20B1019825F061FB6FF0CC
:10D5E800680003B05DF804FB18ED002073B505462C
:10D5F80010460E4614461EF06DFD019098B1224665
:10D60800314625F087FB8DF800500022002369463B
:10D6180006481AF0C9FD20B1019825F041FB6FF0CA
:10D62800680002B070BD6FF00B00FAE718ED00203B
:10D63800F0B50746ADF2CC5DB6ADB0F9046004466E
:10D648000FCF0FC53B6806EBD6762B60314DC093E4
:10D65800D5E93823CDE9BE23B5F8D6307610ADF834
:10D66800063395F8D8300DF106018DF808330023FC
:10D67800ADF80463ADF8EC3202F016FC18B9BDF849
:10D688000630ADF8EC3295F8E83021698DF8EE32C5
:10D69800B5F8EA30B1F52F7FADF8F032B5F8EE30D5
:10D6A800ADF8F2322AD80A460DF20930E16825F0C1
:10D6B80031FBD5F818310BB1B6A898474FF43C7236
:10D6C8000920B6A9FFF792FFD5E938232169CDE9EA
:10D6D8000223B5F8D630B1F52F7F0591ADF8123099
:10D6E800ADF8106010D80A4606A8E16825F012FBCC
:10D6F80002A821F0B2FD0DF2CC5DF0BD4FF42F72FF
:10D70800054822F08EFDDFE74FF42F72034822F020
:10D7180088FDF0E7F0F0002056D90300ADD90300EA
:10D728002DE9F04F0025A1B04C4C7C22294601A8D8
:10D73800009525F016FB94F8313033B9022048499A
:10D7480021F09EFB21B0BDE8F08F2846454921F025
:10D7580097FB2846444921F093FB2646DFF8489179
:10D76800DFF848A16946284602F088FBB046024621
:10D778004946002021F084FB51460020726B21F0BD
:10D788007FFB002058F8382F384921F079FB002713
:10D79800DFF81CB16946384602F070FB01370246D3
:10D7A8005946002058F8043F21F06AFB032FF1D1B5
:10D7B8000135032D06F11406D4D100202C4921F09F
:10D7C8005FFB00202B4921F05BFB226F00202A49D8
:10D7D80021F056FB626F0020284921F051FBA26F0F
:10D7E8000020274921F04CFBD4F88020002025494F
:10D7F80021F046FB0020244921F042FBD4F8842084
:10D8080000201D4921F03CFBD4F8882000201F4946
:10D8180021F036FB00201E4921F032FBD4F88C2081
:10D8280000201C4921F02CFBD4F8902000201A4934
:10D8380021F026FBD4F894200020184921F020FB81
:10D84800D4F898200020164921F01AFB0020D4F8BB
:10D858009C20144921F014FB74E700BFF0F000206D
:10D8680009DA03002CDA030045DA03009DDA030025
:10D87800EBDA030001DB030007DB03001DDB030019
:10D8880038DB030051DB030067DB03006DDB0300BB
:10D8980083DB0300A9DB0300D0DB0300F9DB030013
:10D8A8001FDC030042DC030065DA030076DA0300BC
:10D8B800C1DA03000C4B0022194630B45C6894426C
:10D8C80002DC0A2030BC70479D890132854208D8A5
:10D8D800DD89854205D301EBC201C87830BC21F04F
:10D8E800FBBB0833EBE700BFF0F000202DE9F8435D
:10D8F8001D4C00201D4921F0C3FA002526461C4F67
:10D90800DFF88080DFF880907368AB4201DCBDE807
:10D91800F883627A3946002021F0B2FA227A414629
:10D92800002021F0ADFAA2894946002021F0A8FA8A
:10D93800E28900200F4921F0A3FAE27A0E4900207B
:10D9480021F09EFAE07A21F0C7FB0C49024600203C
:10D9580021F096FA94F90A200020094921F090FA5A
:10D9680001350834D0E700BFF0F0002067DC030081
:10D978007DDC0300C2DC0300D9DC0300F0DC03001B
:10D988000ADD030094DC0300ABDC030010B5044699
:10D99800044821F08EFA2146BDE8104006221420E2
:10D9A800FFF724BE1CEE002008B5018811B1044819
:10D9B80022F037FCBDE80840024821F07ABA00BFDF
:10D9C80022DD03001CEE002010B50446044821F0B7
:10D9D80070FA2146BDE8104008221620FFF706BE5F
:10D9E8004CEE0020014821F064BA00BF34EE00205C
:10D9F80070B5124D0C4695F8D43086B0CBB101887D
:10DA080029B10F4806B0BDE8704022F00ABC02F008
:10DA18002DF9D4E90023161A63EB0104002CCDE993
:10DA28000464ACBF074C084C8DE81300074822F08B
:10DA3800F8FB002385F8D43006B070BDF0F0002064
:10DA48003CDD030090DD030097DD03005BDD030090
:10DA58002DE9F047018821B1BDE8F047324822F0AE
:10DA6800E0BB324F97F8AC4054B94668304866B9C5
:10DA780022F0D7FB2F4822F0D4FB012387F8AC30E3
:10DA88002D48BDE8F04721F014BA22F0CAFB3178DE
:10DA98002A4822F0C6FB7178294822F0C2FB354695
:10DAA800DFF8C080DFF8C090DFF8C0A07378A34229
:10DAB800E3DD2A792146404622F0B3FB6A79214604
:10DAC800484622F0AEFBAA792146504622F0A9FB2F
:10DAD800AA6821461B4822F0A4FB2A7B21461A4843
:10DAE80022F09FFB6A7B2146184822F09AFB0C35EE
:10DAF800AA782146164822F094FBAB78012B0BD06C
:10DB08001449154840F2DF33144A22F04AFC40F227
:10DB1800DF31124822F03CFC2146EA78104822F016
:10DB280080FB0134C2E700BF9DDD0300F0F0002058
:10DB3800C4DD0300DADD03001CEE0020F7DD03007E
:10DB48000FDE030099DE0300BDDE0300E1DE030003
:10DB580005DF030053DF03002656030029DF030017
:10DB680072DF03002DDE030051DE030075DE0300C3
:10DB7800F0B5044600F10805284693B002F08AF88B
:10DB88002278102A00F24981DFE812F011002800FB
:10DB98003B0042002D00340049005E0064007C0018
:10DBA800E000F000F70005010D0114013701238A98
:10DBB80004F110053BB99C4BB3F8AA200132A3F835
:10DBC800AA2001221A70994821F073F908222946DF
:10DBD800104613B0BDE8F040FFF708BD0022924B95
:10DBE8001A7013B0F0BD04F1100013B0BDE8F04096
:10DBF800FFF7CCBE04F1100013B0BDE8F04021F0EF
:10DC080072B904F1100013B0BDE8F040FFF7CCBEC4
:10DC180004F1100013B0BDE8F040FFF7D5BED4E919
:10DC28000223CDE90023236968460293E38AADF80D
:10DC38000C30A38AADF80E3021F00AFB1022694699
:10DC48000720FFF7D3FCCCE7794813B0BDE8F040D4
:10DC580021F02FB9744B04F1100193F8F02012B998
:10DC680093F8B2202AB1002013B0BDE8F04001F0CB
:10DC78003BBAD3F81C31002BB3D0084613B0BDE82B
:10DC8800F0401847684FD4E90423C7E93823237FB5
:10DC9800BBBB94F82200000902F030F8238CE57F22
:10DCA8005BBAB4F8232087F8E850A7F8EA30A17FD8
:10DCB800ADF83E30C1F3030187F8EE10A17FA7F855
:10DCC800D600C1F3001187F8EF1094F8221052BA69
:10DCD800C1F3020187F8D81094F82230ADF840203B
:10DCE800C3F302038DF84230A37F8DF83C50C3F391
:10DCF8000302C3F30013ADF844008DF830208DF80B
:10DD0800313004AD04F110060FCE0FC596E80F00B0
:10DD180085E80F00D4F81E30CDF83230D4F8223020
:10DD2800CDF83630E38CADF83A30D4E90223CDE9AA
:10DD38000023D4E90423CDE90223D7F810310BB12D
:10DD480068469847482269460C207AE7D4E90223B6
:10DD580002AD1034CDE900230FCC0FC594E80300C1
:10DD6800202285E8030069460A206AE704F11000CA
:10DD780013B0BDE8F040FFF75BBCD4E902231034D0
:10DD8800CDE9002394E8070002AB83E807001822D6
:10DD980069460B2055E7294604F1100013B0BDE889
:10DDA800F040FFF725BE04F1100013B0BDE8F040C5
:10DDB800FFF74EBE1C4B00221E4601275A6083F80F
:10DDC8003020A1698A4201D2052A01D117483CE7CF
:10DDD800E16903F1080501EBC20C51F83200DCF8E7
:10DDE8000410083303C57168013201317160597834
:10DDF800042908BF86F83070E3E7238A0A4D53B92F
:10DE0800616941B16C2205F1340024F083FF0123DC
:10DE180085F83130DAE70023FAE70649064813B0F7
:10DE2800BDE8F04022F0FDB9F0F000201CEE002023
:10DE380034EE002071EB030096DF030008B54FF0C5
:10DE4800FF324FF0FF3312481AF06EFB11481AF0F8
:10DE58007FFF4FF0FF3019F0D5FA034648B1022092
:10DE68000D4A0E4921F00CF8BDE8084008481AF0A0
:10DE78002BBC4FF42032002306481AF0EFFE00288E
:10DE8800F2D00220044A064920F0FAFFECE700BF6E
:10DE98006CEC002034EE002051EB0300B8DF0300E7
:10DEA800E1DF030008B5FFF7C9FF064819F014F8C9
:10DEB800024628B1BDE808400220034920F0E0BF2F
:10DEC80008BD00BF79DB00000AE0030008B5084B75
:10DED8001A7832B1012283F8D420BDE8084019F03D
:10DEE80071BA0220034920F0CBFF6FF00C0008BD87
:10DEF800F0F00020B84E0400014BB3F9EC00704775
:10DF0800F0F0002008B5074B1A7832B9022006490C
:10DF180020F0B6FF6FF00C0008BD93F8A93003702D
:10DF28000020F9E7F0F00020B84E0400074B93F802
:10DF380031203AB1142193F8A92001FB0233586B20
:10DF4800002170474FF4E140FAE700BFF0F00020ED
:10DF580070B50646FFF7EAFF0E4A054692F83130DB
:10DF68000C46A3B1142192F8A93001FB0323986B46
:10DF78005EB1D2F8843018440023A842A3414FF080
:10DF880000013CBF2846214670BD136FF3E74FF4EC
:10DF9800E140F2E7F0F00020014B93F8B20070473F
:10DFA800F0F00020002208B5054BD3F8B80083F83C
:10DFB800B22019F027FABDE8084021F043B900BFA4
:10DFC800F0F000202DE9F0413F4F05463B780E4622
:10DFD80086B04BB902203D4920F052FF6FF00C0487
:10DFE800204606B0BDE8F08197F8B23039B173B970
:10DFF8000120374920F044FF6FF01504F0E733B1F2
:10E008000220344920F03CFF6FF07704E8E76B7C8E
:10E018001BB1FFF713FF21F012F903F027F86C6822
:10E02800002C41D1008976B1AA7CB7F8B41082F0EF
:10E03800010221F008F8044640B9274920F020FFE2
:10E048006FF03C04CCE701F0E1FE04461822002101
:10E058006846A7F8B44024F084FEEB7CAC468DF803
:10E0680002302B7D4FF001088DF803304FF47A739E
:10E07800EA8A1A4E5343ADF80C200293BCE80F000D
:10E088000FC69CE8070086E807006C6068460194A4
:10E098008DF80E8000F090FF044648B10246104902
:10E0A800022020F0EDFE9BE7002EA5D1A4B2CDE71B
:10E0B8001C222946022001F089FD044600288FD140
:10E0C80087F8B2808CE700BFF0F00020B84E04005B
:10E0D8003CE0030067E0030080E00300A8F10020B3
:10E0E8009EE0030070B50025A0B07C22294601A857
:10E0F800009524F036FE02F0B9FF224B224904466F
:10E108002846B3F9EC6020F0BBFE6A461F49204858
:10E1180018F002FEA84203DC68461E4924F0C6FF38
:10E12800002062681C4920F0ABFE6A4600201B49AB
:10E1380020F0A6FE6A461A491A4818F0EDFD002894
:10E1480003DC6846134924F0B1FF6A4600201649EB
:10E1580020F096FE40F2E7339E420CD168460D4906
:10E1680024F0A4FF6A460020104920F089FEFFF73A
:10E17800BDFB20B070BD324668460D491FF05EF801
:10E18800F0E700BFF0F00020BEE003003CF203001F
:10E19800D4E003005D140400DCE00300F4E00300B5
:10E1A8000CE1030023E1030030E1030048E1030030
:10E1B8003B30040070B5C0B0064611A800F01CFE44
:10E1C800054640B102202D4920F05AFE6FF03C046C
:10E1D800204640B070BD00F087FE044626B90028EE
:10E1E80023DC00202649EFE72846264920F048FE90
:10E1F8009DF8FE30284600939DF882209DF8C03097
:10E20800214920F03DFE002CEBDD284622461F491F
:10E2180020F036FE06A9A0B200F02EFE054658B141
:10E2280001201B4920F02CFED2E706A980B200F09D
:10E2380023FE0028CCD0F3E703A99DF81A0001F0CB
:10E2480095F82846134903AA20F01AFE124B93F8B2
:10E258000231022BBCD12846BDF820200F4920F0FE
:10E268000FFE2846BDF822200D4920F009FE284659
:10E27800BDF824200B4920F003FEA9E761E1030063
:10E2880082E103009CE10300EAE103002CE20300C1
:10E2980040E203006AE20300F0F000207FE203009E
:10E2A80096E20300B1E20300F0B50446A3B00120F2
:10E2B800FFF780FF002C37D1274820F0FAFD20F027
:10E2C800C1FF0023254D85F8F030D5F80C310BB18E
:10E2D8002046984795F8F130002B3BD0B5F800411F
:10E2E800002C37D000264FF47A734FF4004731469C
:10E2F80040F2E7305C434FF47A720023E4FB0701F5
:10E30800FAF772FC02460B4600210020CDE9000115
:10E3180013481DF0EBF93046B5F80021114923B038
:10E32800BDE8F04020F0ACBD00217C2203A802919A
:10E3380024F017FD40F2E731204602AA01F018FD4B
:10E3480005481AF005FD23460120074902AA20F0D6
:10E3580097FDB4E723B0F0BD94EE0020F0F0002064
:10E3680058EB0020E3E20300C8E203002DE9F04186
:10E37800194E0746337888463BB90220174920F0E2
:10E388007FFD6FF00C00BDE8F08196F8F03033B1F6
:10E398000220134920F074FD6FF00F00F3E71148D5
:10E3A8001AF0D6FC40F201133D46A6F8F03006F10B
:10E3B800F4040FCD0FC495E8030084E80300C6F801
:10E3C8000C813B781BB1FFF739FD20F038FF0D2099
:10E3D800FFF7F6F80020D6E7F0F00020B84E04006A
:10E3E8000BE3030094EE0020002208B5074BA3F8C6
:10E3F800F020074824F0BEFB00F0D2FD05481AF0D3
:10E40800A7FCBDE8084020F01DBF00BFF0F00020C9
:10E4180058EB002094EE00202DE9F043AD4FAE4CB0
:10E42800A9B04FF0FF324FF0FF33384606A919F074
:10E4380099FF9DF81820531E152B00F2BC82DFE8C7
:10E4480013F095009900BA02BA02BA029B00300292
:10E45800A100EE017B018F01A0018302A6027600D4
:10E4680081008B00700074001600340053000025F2
:10E47800079E7C22294609A80DF12008089524F05A
:10E4880070FC4246B6F90210308801F071FC3388FE
:10E498003BB1924A9249CDF80080022020F0F0FC6E
:10E4A80000E0012584F8A85015E00021079E7C2291
:10E4B80009A808AD089124F054FC2A4640F2E73137
:10E4C800308801F055FC33884BB10220834A8549D6
:10E4D800009520F0D5FC079824F0E2FBA1E78249DB
:10E4E800184620F0CDFCF6E70025DDF81C807C22DC
:10E4F800294609A808AE089524F033FC324640F2B4
:10E50800E731B8F8040001F033FCB8F804301BB167
:10E51800724A76490096C0E70122754984F8A82016
:10E52800DEE7012384F8AD30D5E70023FAE70025BC
:10E53800012084F8AE50FFF743F8FFF7B3FC6D49AC
:10E548002846CEE70025012084F8AF50FFF738F8B9
:10E55800FFF7A8FC6849F3E70025012084F8B050CC
:10E56800FFF72EF8FFF79EFC6449E9E7012384F8DA
:10E57800D530B0E70023FAE7D4F82831002BAAD029
:10E588009847A8E700217C2209A8079D089124F054
:10E59800E8FB40F2E732B5F90230934218BFA4F81D
:10E5A800EC302E88002E66D00DF120084246B5F9D1
:10E5B8000210304601F0DCFBB5F90230CDF80880D6
:10E5C8002A8802200192EA884D490092434A20F0A5
:10E5D80057FC002140F6CD401CF034F918F0E8FC57
:10E5E800014610B1474821F01CFE4FF420320023A9
:10E5F80045481AF033FB20B10220384A434920F03D
:10E608003FFC002140F6CD401CF01CF918F03CFFFF
:10E61800024618B102203E4920F032FC4FF4203265
:10E62800002339481AF01AFB002838D002202B4A58
:10E63800384920F025FC02F019FD054618F004FFC2
:10E64800034620B10220344A344920F019FC4FF423
:10E65800203200232C481AF001FB18B302202E4A5E
:10E668002F4920F00DFCFEF7CDFEAE7A56B3E87ABE
:10E67800FEF766FF2FE740F6CD4000211CF0E2F8D8
:10E68800B4F8AA30012BA4D83046264920F0F8FB6C
:10E698003046B5F90220244920F0F2FB99E7FFF74C
:10E6A8003FF8C8E7FFF722F994F83030002BDAD1A9
:10E6B8002B89042BD7D102201C4920F0E1FB012330
:10E6C8002B81D0E730461A4920F0DAFB3046194949
:10E6D80007E700BF18ED0020F0F000200BEC030066
:10E6E80028E303004FE3030078E303008BE3030010
:10E6F800BAE30300D1E30300E4E30300F7E3030014
:10E708000DE4030081E403001CEE0020B1E40300E3
:10E71800E4E4030010E50300D6EB030040E5030042
:10E728006DE5030048E4030060E403009AE5030094
:10E73800D6E50300F0E50300079BB3F9142002EBCC
:10E74800D2714910CDE90221B3F916209C490192F2
:10E758001A690092D3E90023012020F091FBBAE660
:10E76800079BB3F90C2002EBD2714910CDE90221C5
:10E77800B3F90E20934901929A680092D3E90023D5
:10E78800EAE70026079D7C22314609A80DF12008FA
:10E79800089624F0E6FA4146287F01F059FB94F8E0
:10E7A800D53093B1B5F92830304603EBD372521007
:10E7B800CDE90332B5F92A308349CDE90183AB6944
:10E7C8000093D5E9022320F05BFB2E7FFEB994F875
:10E7D800D530E3B195F83C30EA8F304600927B495A
:10E7E8001A4620F04DFB6B7F012B05D13046B5F85A
:10E7F8004020774920F044FBB5F9441095F84230A1
:10E8080095F8302000200091724920F039FBD4F8A7
:10E818001431002B3FF45FAE284698475BE6079D0E
:10E8280028460BF017FF00287FF455AED4F82031A6
:10E838008BBBB5F90430AA6A0020039203EBD372AC
:10E848005210CDE90132B5F9063063490093D5E994
:10E85800082320F015FB0026DFF8A89105F1300801
:10E86800AB6AB34209D908AB9819494618F8012F81
:10E8780001361EF0E3FC802EF2D106F1A0030DEB69
:10E888000306002306F87F3C0120AA6A534908AB17
:10E8980020F0F6FA1FE62846984700287FF41BAEBA
:10E8A800C7E740F2E732079DB5F90C30934218BF2D
:10E8B800A4F8EC30B5F80E80B8F1000F22D000268D
:10E8C8007C22314609A8089624F04BFAB5F90C10B9
:10E8D800E88908AA01F04CFAAB683C2B03D1E88917
:10E8E80000F00CFEF7E5D4F8B820934229D120F0C7
:10E8F800A9FC02203A4A3B4908AB20F0C1FA84F847
:10E90800B260E8E5AB68D4F8B820934215D1364E2A
:10E9180008AD0FCE0FC596E8070085E8070001216E
:10E9280008A8FFF74FFB00283FF4D5AD84F8B28064
:10E9380020F088FC40462D49D3E53C2B01D14046C8
:10E94800CEE7D4F8243164E794F8F0304BB994F862
:10E95800F130002B3FF4BFADB4F80031002B3FF489
:10E96800BAAD94F8F4301BB1FFF768FA20F067FCF1
:10E978001F49204800F07EFB024600283FF4ABAD5B
:10E9880002201D4920F07CFAFFF72EFDA3E5D4F8FC
:10E99800B03023F07F4323F0FF03002B3FF49BADFF
:10E9A800002000F0ABFD00F049FB00283FF493ADD8
:10E9B8000220124995E50120114920F061FA8AE503
:10E9C80034E6030078E60300BCE6030015E703001D
:10E9D8004EE703000612040060E70300A4E7030003
:10E9E8000BEC0300D1E70300A8F10020E9E70300DE
:10E9F800B1E20000E4F10020F2E703000DE80300B3
:10EA08002AE803009EE7030010B50446FEF7CEFC93
:10EA180038B102200C4920F033FA6FF00F04204679
:10EA280010BDFFF70BFA0220FEF7CAFD0122074BC3
:10EA3800204683F8AE2005F02DFD04460028EED0D0
:10EA48000F20FEF7BDFDEAE74FE80300F0F00020D5
:10EA580010B50446FEF7AAFC38B102200C4920F094
:10EA68000FFA6FF00F04204610BDFFF7E7F90220F8
:10EA7800FEF7A6FD0122074B204683F8AF2004F0DD
:10EA8800A1FA04460028EED01020FEF799FDEAE727
:10EA980097E80300F0F0002010B50446FEF786FC66
:10EAA80038B102200C4920F0EBF96FF00F04204632
:10EAB80010BDFFF7C3F90220FEF782FD0122074BC4
:10EAC800204683F8B02007F0E1F904460028EED08C
:10EAD8001120FEF775FDEAE7DAE80300F0F0002000
:10EAE800014B1878704700BFF0F0002084B0F8B5EB
:10EAF800164F06AC84E80F003B7853B90220144A3D
:10EB0800144920F0BDF96FF00C00BDE8F84004B0DE
:10EB1800704797F8F03013B9B7F8AE603EB10220ED
:10EB28000B4A0D4920F0ACF96FF00F00EDE707F53F
:10EB3800887406AD0FCD0FC495E80F0084E80F0068
:10EB48000123304687F8B130DFE700BFF0F000203E
:10EB580031EB030020E903003EE90300002110B572
:10EB6800084C202204F5887084F8B11024F0F9F8D4
:10EB7800D4F83031C4F81431D4F83431C4F8203121
:10EB880010BD00BFF0F00020034BD3F82C3103B1C7
:10EB980018470BF091B800BFF0F0002010B5094BF2
:10EBA80004461B7833B90220074920F069F96FF051
:10EBB8000C0010BDFEF726FC2046FEF7C1FC002025
:10EBC800F7E700BFF0F00020B84E040010B50B4B7B
:10EBD8001B783BB902200A4920F052F96FF00C0467
:10EBE800204610BD18F0C4F904460028F8D00246A3
:10EBF8000449022020F044F9F2E700BFF0F00020B9
:10EC0800B84E04008EE903002DE9F0473F4E074651
:10EC18003378A4B04BB902203D4920F031F96FF0A8
:10EC28000C04204624B0BDE8F087FEF7BFFB28B1EE
:10EC38000120384920F024F9FFF700F901F016F80F
:10EC48008946804602F012FA82460120FFF780F9D1
:10EC58004FF4873C0446DAF838000D46A0FB0C0E4A
:10EC6800DAF83C104FF47A7200230CFB01E1F9F753
:10EC7800BBFF462314EB080445EB0905001945EBD7
:10EC88000105CDE90005684602938DF80C7018F06F
:10EC98006FFB0023024686F8A83018B102201E49EF
:10ECA80020F0EEF84FF4203200231C4819F0D6FF6C
:10ECB800044640B102201A4A1A4920F0E1F800231C
:10ECC80086F8A830ADE701467C22049005A824F018
:10ECD80048F8384604A901F0D1F896F8A8303BB1B5
:10ECE800114986F8A97004AA204620F0C9F898E7C7
:10ECF80004AA02200D4920F0C3F804A996F8A90037
:10ED080001F0BCF80A490246EEE700BFF0F0002027
:10ED1800B84E0400BDE9030026EA03004CEE0020CB
:10ED280014EB030057EA030088EA0300ABEA030088
:10ED3800D7EA030038B50025054CA37C2570022BC3
:10ED480005D1A06B18B123F0ABFFA563A58738BD2B
:10ED580040F30020002200232DE9F04186B0CDE9E0
:10ED680000233C23214F0293FB8DADF80C303B6A06
:10ED7800049318238DF8143002F078F90646002021
:10ED8800FFF7E6F84FF4873C0446B06B0D46A0FB4E
:10ED98000C01D6F83CE04FF47A7200230CFB0E11FC
:10EDA800F9F722FF8846064600F060FF241845EB75
:10EDB8000105A41945EB08056846CDE9004518F09A
:10EDC80081FA024650B10220094920F059F8FFF7AC
:10EDD800B1FFD7F8AC3523B10420984706B0BDE899
:10EDE800F0811846034920F04BF8F7E740F300207C
:10EDF80072FE030043EC030070B51B4D04462E78E9
:10EE080076BB48B919491A487F231A4A21F0C9FA2A
:10EE18007F21184821F0BCFAAB8B05F2F241038040
:10EE280095F8F024023080F83C20520023F072FF5D
:10EE380095F82E2505F5A66184F87C2004F140009C
:10EE4800520023F067FF95F86C2505F26E5184F89F
:10EE5800BA2004F17E00520023F05CFF304670BDFA
:10EE68006FF00F00FBE700BF40F300207DEC0300CC
:10EE78002656030053EC030070B5174C0D46237853
:10EE880033BB31B12246E18F99420CDC6FF03C0074
:10EE98001BE0124912489823124A21F082FA98215D
:10EEA800104821F075FAB2F84060283286420DD138
:10EEB800282202FB034440340FCC0FC50FCC0FC5EA
:10EEC80094E8030085E80300002070BD0133DBE708
:10EED8006FF00F00F9E700BF40F300207DEC03005E
:10EEE8002656030053EC0300F0B52C490A78002A93
:10EEF8004DD10C4608467F261346CD8F954202DC3D
:10EF08007BB11846F0BD90F84270012F06D190F9F8
:10EF18004370B742BCBF3E46B0F84030013228309B
:10EF2800ECE78A7C022A35D118461F464FF47A72DC
:10EF38001A4EBD4218DC0026184FB5421EDC012BC4
:10EF4800E0D90023B1F84A109D42DBDDB4F84C60EB
:10EF5800964206D1B4F84A608E423CBF3146B4F8B6
:10EF6800400001332834EFE7B6F84CC00137944528
:10EF78003CBFB6F8400062462836DAE7B7F84CC01E
:10EF88000136944504BF01339BB22837D5E76FF0AB
:10EF98000F00B7E74FF0FF30B4E700BF40F30020A1
:10EFA80008B5FFF7C7FEBDE80840002001491FF07B
:10EFB80067BF00BF8CEC0300F8B51D4F0446B86B63
:10EFC80008B123F06DFE4FF4B6620021184823F013
:10EFD800C8FE40F28113BB850CB90020F8BD4FF084
:10EFE8000A0EA3684FF0300CB3FBFEF326460CFB69
:10EFF80003F33B6263680F4DFB850FCE0FC596E8A0
:10F00800030085E80300A57B022DE6D1A0686146D0
:10F01800B0FBFEF01E30B88723F049FEB863002825
:10F02800DBD1284604491FF02BFF6FF00B00D5E712
:10F0380040F3002044F30020A0EC030030B587B073
:10F048006C460A4D0FCD0FC495E8030084E8030011
:10F058006846FFF7B1FF044620B102460449022082
:10F068001FF00EFF204607B030BD00BF44F300205C
:10F07800ECEC03002DE9F0410546884601F0F6FF67
:10F0880007462846FFF798FF044638B1024610495C
:10F0980002201FF0F5FE2046BDE8F08101230D4E49
:10F0A800C6F8AC8533706B681BB9388900F0AEFEC2
:10F0B800F085094800F064FD034628B10220074A9C
:10F0C80007491FF0DDFEE6E7336AAA680549F8E755
:10F0D80012ED030040F3002044F3002062F3030024
:10F0E80036ED03006BED03002DE9F843574B00287C
:10F0F80040F0A68059B9564940F2EA23554A564885
:10F1080021F04FF940F2EA21524821F041F9D3E9C0
:10F118000C20024304BFD1E90245C3E90C454A8AE1
:10F12800F02A40F283804D4940F2F623494A4A4882
:10F1380021F037F940F2F621E6E74A6993F812E040
:10F148009257002A1EDDB3F8269009F10109A3F8A9
:10F158002690BEF1020F3BD03A46174601364A8A3E
:10F16800B242EADC9A8C013292B29A841B8A002B52
:10F178006AD064214B439A4266D1BDE8F8430E2019
:10F18800FEF71EBA06D1B3F8289009F10109A3F8D1
:10F198002890DEE793F92C90914593F92D90B8BF0C
:10F1A80083F82C209145C8BF83F82D20BEF1020FAB
:10F1B800D2D1052811DD3A462F2D17DD284940F216
:10F1C8002133244A244821F0ECF840F221319BE70E
:10F1D8000528F0DC4FF0010C04E0A242B8BF22463B
:10F1E80054B23A4601300628B7D1E5E7986BBCF12E
:10F1F800000F18BF144648B91A4940F22D33154A72
:10F20800154821F0CEF840F22D317DE79F8CB3F8F8
:10F218003CC0BC4588BF08FB07004FF0000C88BF06
:10F22800445501206FF07F04013596E70025012041
:10F238002E46AC461E276FF07F044FF030088EE74D
:10F248005A8D01325A858DE7BDE8F88340F30020D6
:10F258009DED030053EC030026560300B5ED0300B3
:10F26800E1ED0300F2ED03002DE9F04704468EB00E
:10F278002822002104A823F074FD2368374D069343
:10F28800A3680793237C8DF826306368ADF828308F
:10F29800E3686B430B9301F0E9FE824600F0E6FC5D
:10F2A800E38A0646894613B118238DF82130607C1D
:10F2B800F8B1751949F10003CDE90453A369002099
:10F2C80027490C931FF0DCFDE36800200093626877
:10F2D80094F9103023491FF0D3FD04A800F0FAFD7B
:10F2E800024618B1022020491FF0CAFD0EB0BDE841
:10F2F800F087FEF72DFE4FF487358046DAF83800A0
:10F308000F46A0FB0501DAF83CC04FF47A720023DF
:10F3180005FB0C11F9F768FC031841EB01021B18F7
:10F3280041EB02010DF10F009E1949EB0105FEF7B3
:10F33800E9FD30B118EB060647EB0507CDE9046790
:10F34800BCE79DF80F90B9F1000FF3D100F03EFE35
:10F358000028EFD04E464F46F0E700BF00B01E042D
:10F368009CE1030016EE030050EE0300012810B5DF
:10F378000A4B0C4606D10A4A0A4920461DF05EFF90
:10F38800204610BD022802D1074A0849F5E703289C
:10F3980007BF074A0749084A0849EEE770EE030025
:10F3A80075EE03007BEE030084EE03008AEE030093
:10F3B80097EE03009DEE0300A6EE0300ACEE0300FB
:10F3C8002DE9F04F8FB001F051FE3D4D0746E88F13
:10F3D80028B93C490FB0BDE8F04F1FF051BD0020DF
:10F3E80039491FF04DFD2C460026DFF80091DFF863
:10F3F80000A1DFF800B1EB8FB34206DC00203349EF
:10F408001FF03EFD0FB0BDE8F08F49460020B4F86C
:10F4180040201FF035FDB4F84620514600201FF06B
:10F428002FFD94F9433095F906209A4241DA28498C
:10F43800DFF8C48007A823F039FECDF8008094F9DE
:10F4480043300020234907AA1FF01AFD002094F931
:10F45800442021491FF014FDAB7C022B26D10AA9B8
:10F4680094F84200FFF782FF00201C491FF008FDB6
:10F47800B4F84C3000200193B4F84A30184900938E
:10F48800B4F848302A6A1FF0FBFCD4E91823CDE908
:10F498000423D4E91623CDE902237B7C0020CDE99F
:10F4A800008310490AAB07AA1FF0EAFC013628348A
:10F4B800A1E795F907209A42B4BF59460A49B7E728
:10F4C80040F30020B8EE0300D2EE03001AF0030068
:10F4D80097EE03001EEF030039EF030051EF03001E
:10F4E8006EEF0300C1EF030075EE0300F0EE0300BA
:10F4F80007EF030084EE030070EE03002DE9F04FE0
:10F50800B04CADF26C4D0790A083002840F0B48257
:10F5180001F0ACFD0F90E08DFFF736FB2822054681
:10F52800E38FA94902FB0343E28D0798A3F8402023
:10F5380094F82C2083F8432094F82D2083F8442055
:10F54800A28CA3F846201FF09BFCD4E90C239F490A
:10F5580007981FF095FCE28D9D4907981FF090FCD5
:10F568001DB19C4907981FF08BFCA28C00209A497A
:10F578001FF086FCE28C1AB1002098491FF080FC2D
:10F58800228D1AB1002096491FF07AFC628D1AB1BB
:10F59800002094491FF074FCE08DFFF7F5FA94F908
:10F5A8002C3094F9062005469A4270DA8E491AA83A
:10F5B80023F07CFDA37C012B57D04FF00009CDF838
:10F5C80028908A4B0020009389491AAA94F92C3074
:10F5D8001FF056FC002094F92D2086491FF050FC9E
:10F5E800B9F1000F40F09C80A37C022B00F0A080B2
:10F5F800744AD38F0133D387724C2378002B00F0E1
:10F608004C820A9B002B40F04882A368002B40F0F4
:10F6180044820F9BE58D188900F0ECFB854200F0D1
:10F628003C8200220023C4E90C230A9B6279C4E9C6
:10F63800093340F28113A3850F9BE18D18891FF0D0
:10F6480002FDE085002800F02882201D00F098FACD
:10F658000346002800F037820220674A67490DF206
:10F668006C4DBDE8F04F1FF00BBC2822E38F02FB66
:10F678000343032283F8422094F86C355A1C84F81B
:10F688006C25E28D04EB4303A3F86E2595E794F906
:10F6980007209A422ADB5A491AA823F007FD637DFE
:10F6A800E28D0A93E38A934202D055B1237E43B197
:10F6B800002054491FF0E4FB00234FF001090A938E
:10F6C8007FE7A17C01290ED12820E38F00FB0343AB
:10F6D80083F8421094F8F034591C04EB430384F87F
:10F6E800F014A3F8F2244FF000096AE746491AA873
:10F6F80023F0DCFCA37C012B7FF45FAF2822E38F8F
:10F7080002FB0343022283F8422094F82E355A1C48
:10F7180084F82E25E28D03F5267324F813204CE790
:10F72800002038491FF0ACFBA37C022B7FF464AFA8
:10F738004FF0000A89F001030D9301F097FCD046C1
:10F748005746204C1090CDF838A0CDF830A0A38CA7
:10F75800984504DAA38F984501DA257865B90C9B9A
:10F76800002B40F0DE80012028491FF089FBB9F109
:10F77800000F3FF43DAF3FE7002330229B461E4673
:10F7880002FB08F28DF868301192A36B119A33448A
:10F798009B56002B0B933DDD1D4913A823F086FCD7
:10F7A8002822E38F02FB0343B3F84E200132A3F86B
:10F7B8004E20B3F84C200132A3F84C202F46089570
:10F7C80039E000BF40F300209CE1030045F003004E
:10F7D80074F003009FF00300CAF00300F5F0030083
:10F7E80020F103004BF1030097EE030070EE0300D5
:10F7F80089F10300B8F103003FF3030036ED03007D
:10F8080075EE030076F1030084EE03003FF2030077
:10F81800A6EE03002ED1AE4913A823F047FC2822F8
:10F828002F46E38F02FB0343B3F850200132A3F8BD
:10F8380050200B9B08931AA8F9F718FAA54B0DF15D
:10F84800680C0193A24BA449009313AA0B9B604434
:10F858001DF0F4FC172E3AD11AA8F9F707FA1AABDB
:10F8680018449E4923F022FC089B0BB10BF1010BB5
:10F8780018268AE794F906200B99E38F8A424FF0FD
:10F8880028020BDA02FB0343B3F84C2094490132F7
:10F89800A3F84C2013A823F009FC8FE794F907106C
:10F8A8000B9802FB034381420ADBB3F848208D49D9
:10F8B800013213A8A3F8482023F0F8FB0895BAE70B
:10F8C800B3F84A2088490132A3F84A20E2E7089BA6
:10F8D8000BB10BF1010B0136302E7FF456AF08F156
:10F8E80001088FB1237D83B11AAB0E990293D4E935
:10F8F8000C321AEB030341EB0202CDE9003200207F
:10F9080042467A491FF0BCFA00270C9B5B440C93D3
:10F91800774B1AEB03039A460E9B43F100030E93B1
:10F9280015E72823E58F0C9803FB0545F8F74AFDF2
:10F9380006460F46B5F848804046F8F743FD32467C
:10F948003B46F8F7E3FE00226A4BF8F7B5FD82461E
:10F95800B5F84A008B464044F8F744FD32463B462A
:10F96800F8F7D4FE0022634BF8F7A6FD109B064675
:10F97800587C0F46F8F736FDCDE9080102460B46DC
:10F9880050465946F9F71EF800284DD00D9B63B133
:10F99800012385F8423094F8F0345A1C84F8F02496
:10F9A800E28D04EB4303A3F8F22401202825524CEE
:10F9B80016A9FFF7DBFC002050491FF061FAE38F1E
:10F9C800002005FB0343B3F84E204D490392B3F8DA
:10F9D80050200292B3F84C200192B3F84A200092CA
:10F9E800B3F84830226A1FF04BFAE38FA28C05FB6C
:10F9F8000343C3E916ABC3E91867A38F9A4203D937
:10FA0800012040491FF03CFACDE90467CDE902AB7B
:10FA1800109B00205B7C3C4901932E4B13AA00935A
:10FA280016AB1FF02DFAA2E6DDE908233046394669
:10FA3800F8F7C8FF0D9B78B163B1022385F842300F
:10FA480094F82E355A1C84F82E25E28D03F526737A
:10FA580024F813200220A9E763B1032385F8423074
:10FA680094F86C355A1C84F86C25E28D04EB43033A
:10FA7800A3F86E25032099E700217C221BA81A9180
:10FA880023F06FF940F2E7311AAA079800F070F9ED
:10FA980001201E491AAA1FF0F3F9FFF74BF9164A7D
:10FAA800D2F8AC352BB107980DF26C4DBDE8F04F8C
:10FAB800184712783AB1184615490DF26C4DBDE851
:10FAC800F04F1FF0DDB90DF26C4DBDE8F08F00BFAF
:10FAD800A6EE030070EE0300E3F10300EEF103006D
:10FAE80097EE030075EE030084EE0300F2F10300C5
:10FAF800008C0A000000594040F3002051EF030039
:10FB080055F20300DCF20300C1EF030026F3030003
:10FB180043EC030073B5174C174D184E4FF0FF32E6
:10FB28004FF0FF336946204618F01CFC9DF8002072
:10FB3800022A07D0032A0CD0012A18D10198FFF70E
:10FB480009F902E00198FFF78FFB019823F0A8F864
:10FB5800E4E7019A1368002BF7D0506898470246EB
:10FB68000028F2D0294601201FF08AF9EDE7314636
:10FB7800F9E700BFE8ED00207BF30300A0F30300E2
:10FB880013B5044618201CF0A5FA0190C8B1234605
:10FB980004F1180253F8041B934240F8041BF9D1EE
:10FBA80001238DF80030002200236946064818F02A
:10FBB800FBFA20B1019823F073F86FF0680002B0E7
:10FBC80010BD6FF00B00FAE7E8ED002073B50546AD
:10FBD80010460E4614461CF07DFA019098B1224654
:10FBE800314623F097F88DF800500022002369462B
:10FBF800064818F0D9FA20B1019823F051F86FF0AF
:10FC0800680002B070BD6FF00B00FAE7E8ED002065
:10FC180038B51BF065FC04460D461BF061FC124A22
:10FC2800C0F30E03A3FB0231E00B40EA4540DB0BB7
:10FC380043EA4143A0FB0201ED0B02FB0511181832
:10FC48004FF47A724FF0000341F10001F8F7CCFF4E
:10FC58004FF48734A0FB04054FF47A72002304FBA9
:10FC68000151F8F7C1FF38BD00CA9A3B38B5FFF714
:10FC7800CFFF064D064AD5E90045D2E900321B1BE5
:10FC880062EB0502181842EB010138BDE8F90020C3
:10FC9800F0F9002010B5084BD0E90012D3E9004074
:10FCA8008C42904106D2C3E90012FFF7B1FF034B23
:10FCB800C3E9000110BD00BFF0F90020E8F90020F9
:10FCC8000129034611D1072813D84000431C042AF0
:10FCD8000FD803EB0213084A32F91300431C0AD069
:10FCE8000028B8BF0730C0107047042A01D80F2871
:10FCF800EEE74FF0FF307047085503000F28014624
:10FD080008B503D9034820F08CFA0F21024B585646
:10FD180008BD00BFD2F30300F9F703000023064A29
:10FD280012F9011B814201DBD8B270470133102B55
:10FD3800F6D10F20704700BFF9F7030010B514463D
:10FD480003680246B3F1FF3F05D10A46204607493A
:10FD58001DF074FA07E08B4200F10800F0D120464C
:10FD6800516823F0A3F9204610BD00BFF5F3030046
:10FD780070B506461446CAB00D464FF484720F4952
:10FD880008A822F0C7FF2246314608A8FFF7D6FF89
:10FD980040F2E7339D420AD16846094923F086F9C3
:10FDA8006946204623F066F920464AB070BD2A46C7
:10FDB800684604491DF042FAF2E700BF40450300D7
:10FDC80021F403003EF40300F0B587B06C46064604
:10FDD8000F46074D0FCD0FC495E803003A4684E857
:10FDE800030031466846FFF7A9FF07B0F0BD00BF22
:10FDF80048460300013880B215289ABF024B33F8F1
:10FE080010000020704700BFDC540300013880B2A6
:10FE180015289ABF024B33F810000020704700BF26
:10FE2800B0540300F0B589B06C4606460F46074D3E
:10FE38000FCD0FC495E80F0084E80F003A4631460D
:10FE48006846FFF77BFF09B0F0BD00BF60460300BE
:10FE5800F0B589B06C4606460F46074D0FCD0FC466
:10FE680095E80F0084E80F003A4631466846FFF7E8
:10FE780065FF09B0F0BD00BF80460300F0B589B04A
:10FE88006C4606460F46074D0FCD0FC495E80F0088
:10FE980084E80F003A4631466846FFF74FFF09B03D
:10FEA800F0BD00BFA0460300002330B5084A32F871
:10FEB800235002EB8304854203D1002063880B8022
:10FEC80030BD01331E2BF2D14FF0FF30F8E700BFF1
:10FED800BE510120F0B4114C0022238885681E2BE6
:10FEE80004BF00232380068B21880D4B33F822C0E2
:10FEF80003EB820765450CD001321E2AF6D123F8A0
:10FF0800215003EB810301315E802180F0BC17F0A2
:10FF18006FB823F822507E80F8E700BFBC5101205B
:10FF2800BE5101200020044BC3E90033034BC3E951
:10FF38000033034B18707047843B01207C3B012041
:10FF48005956012073B5054610460E4614461CF056
:10FF5800C1F8019098B12246314622F0DBFE8DF8B7
:10FF68000050002200236946064818F01DF920B108
:10FF7800019822F095FE6FF0680002B070BD6FF036
:10FF88000B00FAE7E4EC002002460B46014818F0A3
:10FF9800CBBA00BFD0EC0020014818F095BB00BFD9
:10FFA800D0EC0020002307B58DF800000193002253
:10FFB80000236946044818F0F7F8002818BF6FF0C6
:10FFC800680003B05DF804FBE4EC0020024B1868FD
:10FFD800C31A584258417047843B012010B54FF06E
:10FFE800FF3104464FF0FF30FFF7CEFF0B4A106891
:08FFF800904209D1FFF7D0FF90
:020000040001F9
:10000000002010BDA04206D0014610461FF073F834
:100010000028F7D1F2E71FF074F8FFF7C1FF0120C5
:10002000EFE700BF843B012038B54FF0FF310546B4
:100030004FF0FF30FFF7ACFF0B4A146894420CD12D
:100040000024FFF7ADFF204638BDE368AB4207D080
:10005000214610461FF04FF80446002CF5D1F0E77A
:1000600020461FF04EF8ECE7843B01204FF0FF31B3
:1000700010B504464FF0FF30FFF78AFF0A4A1168B7
:1000800091420BD10024FFF78BFF204610BDCB68B7
:10009000A34206D010461FF02EF801460029F6D1E3
:1000A000F0E70124EFE700BF843B012073B505466C
:1000B0000E464FF0FF304FF0FF311446FFF768FF58
:1000C000164A116891420DD12B460220144A154957
:1000D0001EF0DAFE10E0CB68AB4212D010461FF0E3
:1000E0000AF801460029F6D1EEE7D1F88C0058B1A4
:1000F0002246314622F012FE02B0BDE87040FFF702
:100100004FBFB4F52F7FF0D94FF42F730220009327
:10011000034A234604491EF0B7FEEDE7843B012065
:10012000FB00040042F8030009F8030070B506461E
:100130000C464FF0FF304FF0FF311546FFF728FF18
:10014000194A116891420AD1BDE87040FFF728BFF3
:10015000CB68B3421ED010461EF0CDFF01460029E9
:10016000F6D1F1E7012D0BD01049114840F2771379
:10017000104A20F01AF940F277110E4820F00CF9DD
:100180002368C1F879306368C1F87D302389A1F80C
:100190008130D9E7002DE5D12368C1F87930237982
:1001A00081F87D30D0E700BF843B0120B1F8030027
:1001B0002656030077F8030070B54FF0FF3106466E
:1001C0004FF0FF3015461C46FFF7E2FE0C4A11685F
:1001D00091420AD1BDE87040FFF7E2BECB68B3425E
:1001E00006D010461EF087FF01460029F6D1F1E740
:1001F000D1E914325B1944EB0204C1E91434E9E794
:10020000843B012038B5E8210546012022F053FD4A
:10021000044628B90749084820F007F8204638BDA9
:10022000082303720023C0F88C30037400F1180314
:100230002B60F3E7A4000400D6F8030038B5E821EA
:100240000546012022F037FD044628B90749084831
:100250001FF0EBFF204638BD052303720023C0F8D2
:100260008C30037400F118032B60F3E77000040076
:10027000D6F80300F0B506460D4685B089B9244A84
:1002800087681468944209D105B0F0BDE3689F42C5
:1002900008D0214610461EF02EFF0446002CF5D152
:1002A000F2E70C46237A03F0FD02012A01D0062B67
:1002B0000ED1D4F894305BB1012300932046D4E9E9
:1002C00014231EF043FFC8B9022012491EF0DCFDC2
:1002D000E16A19B1D4E9142330468847236B1BB176
:1002E000226C0AB9B0689847002DCDD120461EF087
:1002F00008FF05B0BDE8F0401EF085BF94F89130CE
:1003000002908DF80C3002A8D4F894309847DFE7BB
:100310007C3B01200AF903002DE9F0411B4A00262D
:10032000116891421DD11A4F00253C68BC4229D169
:10033000002018491EF0A8FD3246002016491EF084
:10034000A3FD002015491EF09FFD2A46BDE8F0419F
:10035000002011491EF098BD10461EF0CCFE01464B
:1003600001360029F8D1DEE741460020E2681EF0A0
:100370008BFD214638461EF0BEFE04460135002C9A
:10038000F2D1D5E7DFF81880F9E700BF843B012000
:100390007C3B01205CF9030073F9030089F9030039
:1003A0003CF903002DE9F04F91B00446FDF7C2FD82
:1003B0000F90002C41D0236D94F858700D93636D0D
:1003C000266E0E93002F3CD0002E40D000274FF415
:1003D000615994F85A80A8FB09890D9B94F808B0DC
:1003E00018EB03080E9B49EB03090F9B9E1947F17D
:1003F000000716EB080649EB0707BBF1010F34D0E5
:10040000BBF1080F05D84FF4CA7323FA0BF3DB07CF
:100410002BD40D9AAE4BD3180E9A42F100029E4295
:1004200077EB020121D3CDE90232CDE9006702204A
:10043000E368A84AA8491EF027FD002011B0BDE8D6
:10044000F08F5EB14FF4E14994F85980C3E74FF45F
:100450006157B4F85E60A6FB0767B8E74FF4E14761
:10046000B4F85C60A6FB0767ECE74FF4004000219E
:10047000FFF78EFD18B1012098491EF005FD984B3D
:100480001A689A420C9240F0B580954B5A68C4E9BC
:10049000003214605C6007E14FF4E14095F8593098
:1004A000B5F85C20A3FB003113EB0C034EEB01010C
:1004B000B8E094F810C0BCF1000F4FD10A9ACDE912
:1004C000063108920B9A87490992EB68CDE90267D9
:1004D000CDE900890493E3687E4A01201EF0D4FC34
:1004E0003CE0DDE90D20704508BF624548D19E42E1
:1004F00077EB010C2ED30A9A42450B9A72EB090C4A
:1005000028D395F808C0DC450FD80A9ACDE9063102
:1005100008920B9A74490992EB68CDE90267CDE91C
:1005200000890493E3686B4ABAE094F810C0BCF108
:10053000000F13D10A9ACDE9063108920B9A6B4944
:100540000992EB68CDE90267CDE900890493E3687D
:10055000604AC2E7984579EB010105D26B68C4E9AE
:1005600000531C606C609FE029465D481EF0C3FD8F
:1005700000288AD04368C4E900031C60446093E00B
:100580009E4277EB010C2ED30A9A42450B9A72EBEE
:10059000090C28D395F808C0DC450FD80A9ACDE994
:1005A000063108920B9A52490992EB68CDE902672D
:1005B000CDE900890493E368464A71E094F810C0DD
:1005C000BCF1000FCAD10A9ACDE9063108920B9A04
:1005D00048490992EB68CDE90267CDE900890493A7
:1005E000E3683C4A79E729463D481EF084FD05460C
:1005F00028B94AE70C9B002B3FF447AF0C9D95F8B8
:100600005830D5E914CE002B3FF446AF4FF461507B
:1006100095F85A30B5F85E20A3FB003113EB0C03BC
:100620004EEB0101A2FB00A2286E0B92002818BF1E
:1006300082460B9A18BF00220F980B9210EB0C0009
:100640004EF1000210EB0A000A900B9840EB0202F8
:100650000B920D9A62450E9A72EB0E0ABFF441AFEF
:100660009E4277EB010CFFF479AF0A9A42450B9A50
:1006700072EB090CFFF472AF95F808C0DC453FF649
:1006800018AF0A9ACDE9063108920B9A1A490992D5
:10069000EB68CDE90267CDE900890493E3680D4A70
:1006A00001201EF0F1FB0024FFF77AFC0C4B0C9AA2
:1006B0009A4203D11EF0CDFD2046BFE60022002362
:1006C0000E48CDE90023A42200231BF013F8F3E722
:1006D000008C0A00D6000400A5F9030003FA030009
:1006E000843B0120CBFA030060FB0300FAFB03000C
:1006F0008FFC030029FD030031FA0300C8EB002042
:100700002DE9F04FBDB04FF0FF334FF0FF3292486C
:1007100015A917F02BFE9DF854300793013B082BC9
:1007200000F2B483DFE813F009004B0350036E03BB
:10073000A10339034703A603AC034FF0FF304FF08A
:10074000FF31FFF725FC85480468844200F0918062
:10075000002C00F08E804FF000094FF0010B214675
:100760001EF0C9FCCA46D8460390CDF81890002C5C
:100770007FD0FFF77FFA236DCDE908010493636D05
:100780000A460593049B181A059B63EB0101002997
:1007900062DAE368616A1C93089B1B921A93704BA0
:1007A0001D9319B1DDE904231AA88847E36A1BB138
:1007B00021461AA8FFF75EFD1AA81EF0BBFB236CAA
:1007C000002B0DDD013B236453B9E363236B1BB1A5
:1007D00021461AA8FFF74EFDA36A0BB1E0689847BF
:1007E000E56B15B3049B2046ED18059B43F100060D
:1007F000FFF7F8FB94F84430C4E9145633B1E368CA
:10080000E26C0133934288BFA36CE360237A2046F5
:10081000052B08BFC4E93256FFF7C4FD002840F09D
:10082000B782504950481FF000FDB8F1000F02D0C8
:100830002046FFF7D7FBBBF1000F02D020461EF089
:10084000E2FC039B002B00F0A682194643481EF0F1
:1008500052FC039C03908AE7B9F11E0F12D10022CB
:100860000023CDE900234FF4A47200233F481AF07F
:1008700041FFFFF795FB169800283FF444AF22F0A4
:1008800013FA40E7F7F7EEFD0022394BF7F742FF86
:100890000022384BF8F7A4F830B100220023CDE94C
:1008A000002340F6CD42E0E794F85850002D44D0A4
:1008B0004FF4615294F85A30A3FB02320499CB18DA
:1008C0000A93059B43EB02030B932B4B1B78012BE5
:1008D00000F09281237A03F0FD02012A02D0062B58
:1008E00040F037810022254B94F878101A77228F38
:1008F0005A82E2689A60A269DA600A9A1A600B9AD0
:100900005A6004F17902E9B9D4F8790019741379BD
:1009100017908DF86030194D17ABAB61D4F88C305F
:10092000A3BB174940F2F333164A17481FF03DFDA9
:1009300040F2F33113481FF02FFD4FF4E14294F8D9
:100940005930B9E70121D4F879001974516817AB0F
:1009500003C312891A80DEE7E4EC0020843B012007
:10096000E7030A1A38000400BEFD0300C8EB0020AC
:1009700000E0F04000407F4059560120F8F9002087
:10098000F7FD030077F8030026560300B4F88A2029
:1009900094F89870C5E90832D4F884306B6194F803
:1009A00088306B74002F40F0A28094F89030002BB8
:1009B00000F0C7801822394622A822F0D6F900F0AC
:1009C00059FB4FF4615390F83220D4F818C05A43C1
:1009D0000F9290F83120B4F81CE0A2FB032313938C
:1009E0005FFA8CF310936B8A12920E93079B02228C
:1009F000119340F29B23CDE90C32CDF88A70B04EB2
:100A000028AD0FCE0FC50FCE0FC596E80300129B81
:100A100085E803001E93139B8DF88E701F930C9B2B
:100A200032ADCDE9203C0D9B1EAE8DF888300E9B7B
:100A3000ADF890300F9BADF89AE02593109B8DF8A0
:100A40009830119B8DF899300FCE0FC50FCE0FC582
:100A500096E8030085E8030028A816F0C3FB0546C6
:100A6000002872D0964B02469B68964996481FF024
:100A7000DCFB616A79B1E3681AA81C930A9BADF8A4
:100A800076501A930B9B1B9340F2E733ADF874300A
:100A9000D4E914238847E36A227A002B40F0AF8020
:100AA000636B002B40F0AB80531E012B00F2A9803A
:100AB000012A236C04D1D4F89410002940F0AA80B4
:100AC000002B40F3AC804FF0010A013B2364002B64
:100AD00040F0C6800023226BE363A36A002A00F083
:100AE000FD80002B00F09B80E068984797E01EADEA
:100AF00004F1A0060FCE0FC50FCE0FC596E8030078
:100B0000D4F8A03085E803001293D4F8A430D4F8C8
:100B1000ACC01393D4F8A83094F9B6700C9394F841
:100B2000B0300D93B4F8B8300E93D4F8BC30B4F8AC
:100B3000C2E00F9394F8C030109394F8C130119331
:100B40005DE7284616F09CFA89E70620FFF72EFAA3
:100B50008FE7052B16D128AD04F1C8060FCE0FC5BF
:100B600096E8030085E8030028A816F0AFFB0546C9
:100B700000283FF47EAF0346524A544902201EF03B
:100B800083F976E7182200212CA822F0EEF8002D38
:100B90002DD04FF46152B4F85E30A3FB0232226EC6
:100BA00028A8002A18BF1346A26E2B92E26E30923C
:100BB000228F2F93ADF8B820E3682A9394F8703011
:100BC0008DF8B0300023CDF8B23094F864308DF851
:100BD000B6300A9B28930B9B2993FFF77FF90546B4
:100BE00000283FF446AF02462A9B3949C6E74FF436
:100BF000E142B4F85C30D0E76FF00A0539E74FF016
:100C0000010A02F0FD03012B01D0062A24D1D4F8F9
:100C100094300BB3236C002B15DC01230693069B49
:100C200020460093DDE904231EF090FA06460028D2
:100C300059D10220274A28491EF026F900234FF0F7
:100C4000010A06930FE0013B2364002BE5D14FF02E
:100C5000010ACDF818A03DE7236C002B3FF735AF14
:100C6000BAF1000FDBD1E66B002E00F08680D4E9EC
:100C700014372046F61847F10007FFF7B3F994F848
:100C80004430C4E9146733B1E368E26C0133934242
:100C900088BFA36CE360237A2046052B08BFC4E914
:100CA0003267FFF77FFB002833D0002D6CD109F1AC
:100CB00001031FFA83F94FF0010BD846C1E500BFCD
:100CC000F8F900201100040035FE03006CFE03005B
:100CD00094FE030038000400C4FE0300002BBFD0C4
:100CE000E0689847BCE76F4F3968B9420ED17B681E
:100CF000C6E900731E607E60A0E7CB68F26893428D
:100D000000F0CA8038461EF0F6F901460029F4D1F9
:100D1000EDE7E3680220644A64491EF0B5F8A36A6F
:100D20000BB1E0689847236B23BB41F60B25E368C2
:100D300015F10B0F1C93089B1AA81A93099B4FF0EF
:100D40001E091B9340F2E7331D9318BFADF8765090
:100D50001EF082FA1AA81EF0EDF8B8F1000F02D0CA
:100D60002046FFF73FF9BBF1000FA4D020461EF04C
:100D70004AFAA0E7E0689847D7E7002DD7D109F1F4
:100D800001031FFA83F9E8E74FF0000BD846CEE7DE
:100D90004FF0000B91E703985BE5002021F074FB16
:100DA000002200234248CDE9002342F2676200237B
:100DB0001AF0A0FC5FE5002021F069FB5BE5002153
:100DC0001698FFF757FA56E5364E169D3468B4422A
:100DD0003FF451AD05F11008002C3FF44CAD676BAA
:100DE00057B1B5F90A3042460193B5F9083000937E
:100DF000EB68D5E90001B847214630461EF07BF983
:100E00000446E9E74FF0FF304FF0FF31FFF7C0F83D
:100E1000284C2368A34208D16460FFF7C1F8214C35
:100E20002368A34210D1646025E5606838B922497F
:100E3000D023224A22481FF0B8FAD0217AE51EF0CA
:100E400060F91EF0E0F9E4E7606848B91A4940F239
:100E500056331A4A1A481FF0A8FA40F2563169E58B
:100E60001EF04FF91EF0CFF9DAE7169B18681EF056
:100E7000D8F900E50122134B1A701EF055F8FAE478
:100E80000022104B1A701EF052F8F4E40120079A69
:100E90000D491DF0F9FFEEE401200C4A0C491DF04C
:100EA000F3FF24E77C3B012038000400E0FE030050
:100EB00090EB0020843B012047FF030077F80300FC
:100EC000265603005956012077FF0300E7FF030071
:100ED000A4FF030070B50B4915461E46F7F7C0FE88
:100EE000044660B9602230460749A847051E04DA67
:100EF000294606481FF099F92C46204670BD6FF030
:100F00000104FAE70302040040DB0020570104005B
:100F1000262313B5244A254C4FF00111C4E90023C0
:100F20000023C4E9021302210DF1060020F0E8FFBE
:100F30004FF6FE72BDF8063044F60130B3FBF2F115
:100F400002FB11330133A38141F288320023C4E94B
:100F50000E2340F2DA736FF0540CC4E904036FF00F
:100F60004603C4E906C30DF0AFFB044628B10246B0
:100F70000F4910481FF059F908E00F481FF0B2FF61
:100F8000044630B101460D481FF04FF9204602B02B
:100F900010BD0B480DF0DAF904460028F6D00246E1
:100FA00003490848E6E700BF7856341240DB0020CA
:100FB000980204008801040040E20020B689040081
:100FC000C1010400D301040070B50146054660224A
:100FD0000C480DF089F90C4B04469E8930B102464D
:100FE0000A4902201DF050FF204670BD29466022AC
:100FF000184621F093FE0649868120461DF044FFE5
:10100000F2E700BFF101040040DB002013020400FE
:101010003D02040038B560220C490D480DF064F91A
:101020000C4B04469D8930B102460B4902201DF04D
:101030002BFF204638BD60221846044921F06EFE81
:101040000649858120461DF01FFFF2E7184903007D
:10105000F101040040DB0020580204008202040079
:1010600008B56022024921F059FE002008BD00BFEA
:1010700040DB00200048704740DB002030B50446CC
:101080000D4695B050226846044921F047FE2A4695
:1010900021466846FEF756FE15B030BDC046030037
:1010A0000022044B9A601A605A6040F281121A8141
:1010B000704700BF44EA002038B505460B4C482273
:1010C0000021204621F051FE094BE36195F9100003
:1010D000FEF728FE0F23638442F20F73E3844DF67C
:1010E000F10384F82100238538BD00BF40FE0020B5
:1010F0008101C4C42DE9F041ADF53E7DFFF7BAFF93
:101100000446244E2022002104A821F02EFE4FF494
:101110002F7200210FA8D4F80080758AA78821F0CB
:1011200024FE68238DF83C30636806F1BA040FA9E9
:101130002046ADF83E301EF0C3F840F29A23CDE9C8
:10114000063801238DF820308DF82C300423ADF8BB
:1011500022500C9406F1880504AC0D930FCC0FC5FA
:101160000FCC0FC594E8030000230DEB0102536080
:10117000138130237FBA137006F1B00385E80300B2
:1011800082F80180578007CA03C31A800DF53E7D9F
:10119000BDE8F08100FE002038B5104D95F86100E3
:1011A00095F95F40FEF7AEFD95F95E309C420DDA91
:1011B0001B1B002BB8BF5B42C01A04B2688AFCF745
:1011C0007DFBA042A8BF204680B238BDE41A002CA7
:1011D000B8BF6442044424B2F0E700BF00FE002020
:1011E0002DE9F04FADF5617DFFF744FF0022634E1E
:1011F000B0F8049090F800B006AC824696F9200052
:10120000C4E900222281FEF78DFD718A1DF061FE86
:1012100071690590C1F3072302935FFA81F8FEF725
:1012200029FD05460F46564999FA99F96B1896F823
:101230002610039347F10003049300295FD1059A18
:1012400002F00F0284F806800DF12408C4462178CC
:10125000029B01F00F0141F0300121702179A4F8C7
:10126000029062F30711637184F801B0217194E870
:101270000700ACE80300ACF80020662200248DF8DB
:10128000C420DAF804200DF18409ADF8C62096F8E0
:10129000272031A948468DF8C52032941EF010F859
:1012A000728A8DF84C40ADF842200822CDE91492A4
:1012B000DAF81C2011948DF84120DAF80020CDF8DE
:1012C00048800F924FF0010843F69822039B0CA828
:1012D0000C93049B8DF840800E920D9315F0D0FE78
:1012E0000446A0B10E9B274A0093274903460220DB
:1012F0001DF0CAFD20460DF5617DBDE8F08FFFF7BA
:101300004BFF40B2FEF70EFD00F00F029AE71C22E1
:10131000014619A821F029FD1C4AAD1843F69A226E
:1013200047F10007CDE916571892DAF800208DF83A
:101330007980199296F825208DF86E20728AADF882
:101340007020DAF800208DF87820DAF80430ADF853
:101350007A300F4B1D9396F8283013B118238DF86F
:10136000693016A8FEF7BAFD04460028C2D002462E
:10137000189B022007491DF087FDBBE700FE0020F7
:1013800000603D08011804005603040080B13E08C7
:1013900000709914912A04002DE9F04FADF5437DBA
:1013A000FFF768FE9D4D064695F82430013BDBB201
:1013B000089303780993838895F920005BBAADF808
:1013C0003E3095F821300A93FEF7ACFC6B690B9028
:1013D000C3F30722DBB20C920D93FEF74BFC884659
:1013E0004FF487310746B06BF46BA0FB010C4FF450
:1013F0007A72002301FB04C1F7F7FAFB0522A0FB78
:10140000020302FB0133C21995F8240043EB0803E1
:10141000013895F82110C0B2109211931DF0C8FD4B
:101420000FFA80F9B9F1000F804609DC02207C49EF
:101430001DF02AFD4FF0FF300DF5437DBDE8F08F24
:1014400095F82920002A00F0E4804FF0010B4FF0BE
:10145000000A744B9F7887F001079F70B5F91A3026
:10146000714C0E93714B95F821C0002A18BF23468A
:101470006A4C95F822E094F9252095F82410B5F9E6
:101480001800CDE906320E9BFF000593EB69CDE90C
:10149000010CCDE903E300916A8A4B4600206449C0
:1014A0001DF0F2FC089B0B9A03F00F0343F01003AE
:1014B00043EA4A1384F8A836099B012584F8A93623
:1014C000BDF83E3067F07F07A4F8AA360A9B1FFAE2
:1014D00088F803F00F0343EA021384F8AC360C9B40
:1014E00084F8AF7684F8AD360D9BA8F1080184F836
:1014F000AE3645F2011343EA0B13A4F8B036642369
:101500008DF84C3094F8273089B28DF84D307368DF
:1015100004F57B7715A8ADF84E30ADF85210ADF854
:1015200050501DF0A6FD384613A91DF0C9FE1DF050
:10153000B9FE1022C4E90201002104F1300021F0BB
:1015400014FCBDF850304FF43462A4F8E83343F291
:10155000C823A4F8EA834FF00008C4F8C03694F812
:101560002230618A5343C4F8CC3694F82330A4F86F
:10157000CA16C4F8D87684F8D486C4F8DC9684F801
:10158000C936336884F8C856C4F8C43604F5D56340
:10159000C4F8D03643F2BC43C4F8E8364FF4615384
:1015A00096F8312012A8A2FB0323C4F8E0264FF4DA
:1015B0008732C4F8E436336884F80157C4F8EC364F
:1015C000336884F800377368A4F8F816A4F8023773
:1015D000B4F91A3084F8F0865343C4F8FC36C4F8E2
:1015E000F28694F8253084F8F63694F8283043458E
:1015F0000CBF4346182384F8F1361DF0E6FD07467C
:10160000FFF738FDC7B902200A491DF03DFC002054
:1016100012E701279346BA4620E700BF00FE0020EC
:101620004B2A040010FC0020890304008D030400F1
:1016300090030400480404000268129B1A60426888
:10164000129B5A60626983F841809A60628AC3F88B
:101650007C801A84109A83F878809A63119ADA63EE
:1016600094F829201AB1314AA3F87850DA674FF07C
:1016700000082F4A2F495A61B4F91820A3F8468070
:101680004A435A62E2694FF001099A622A4A2B4E94
:101690001A6194F8242003F18805A3F84420D4F8B3
:1016A000CC26DA6694F9C92683F8702003223A72B0
:1016B00083F880900FCE0FC50FCE0FC596E80300BC
:1016C00085E80300D4F8DC26D7F88C00A7F88A2038
:1016D000D4F8D81692B221F021FB583E87F87890C2
:1016E00003CEC7F87900C7F87D1033883846A7F8CD
:1016F0008130D4F8C036FB60FEF754FE40B90220BA
:101700000F4A10491DF0C0FB38461DF07CFD7EE7F6
:10171000B7F88A20236B13442363129BD3E90E236B
:1017200084F8DA83C4E9F82371E700BF611D010082
:10173000891A010000B01E04C1200100E00401204C
:10174000E0170400A50404002DE9F04FB94CADF2F8
:10175000DC7DA06CD8B9B8491DF096FB00250022AD
:101760000023B44C04F11000C4E9EE23C4E9EC23D7
:10177000E562A4F8CA53FFF79FFC1022294604F142
:1017800030000DF2DC7DBDE8F04F21F0EEBAD4E977
:10179000EC32D4E9EE01C01A61EB020100234FF4F0
:1017A0007A72F7F7D5F9F6F75DFE4FF4F072064658
:1017B0000F4620A8002121F0D8FAB4F8CA239F4987
:1017C00020A81BF03FFD20A8F7F754FA20AD3B46B8
:1017D00032469B4928441BF035FD2846F7F74AFA64
:1017E000A26B984928441BF02DFD2846F7F742FAD2
:1017F000226C954928441BF025FD2846F7F73AFA54
:10180000A26C924928441BF01DFD2846F7F732FAD6
:10181000E26C8F4928441BF015FD2846F7F72AFA99
:10182000226D8C4928441BF00DFD2846F7F722FA5B
:10183000626D894928441BF005FD2846F7F71AFA1E
:10184000A26D864928441BF0FDFC2846F7F712FAE2
:1018500094F95C3094F95D20814928441BF0F2FC36
:101860002846F7F707FA054694F86100FEF74AFAAA
:1018700020AB02467B4958191BF0E4FC20A8F7F77F
:10188000F9F9054694F86200FEF73CFA064694F82A
:101890006300FEF737FA034620A83246724928440F
:1018A0001BF0D0FC20A8F7F7E5F920ADB4F96830BB
:1018B000B4F966206D4928441BF0C4FC2A466C49E3
:1018C00000201DF0E1FAFFF7D5FB4FF000088388F8
:1018D000074690F800B05BBA618A94F86100ADF8F1
:1018E0000E30CDE90688ADF820801DF0F2FAB4F88C
:1018F000CAA30490FEF7BEF989464FF487310590DC
:10190000B86BFD6BA0FB010C4FF47A7201FB05C1B3
:101910000023F7F76DF90122059B00184941C5180E
:1019200049EB01034FF4F270114605931DF048FB9B
:10193000BDF80E3000F00F09ADF81A30049B49F0E5
:1019400030028DF818201A0142F001028DF81C2097
:101950008DF81EA04FEA1A220DF1240AD4468DF804
:1019600019B006AE8DF81D2096E80700ACE803001C
:10197000ACF80020672243F6992B8DF860227A6834
:101980000DF21C56ADF8622294F8272020A999A8E0
:101990008DF8612221F08EFB304698A91DF090FC55
:1019A000386897F91C10628A059B0C95149616AD41
:1019B00004F56076CDE90EB00D938DF84110ADF8C9
:1019C00042200FCE0FC50FCECDE9118A8DF84C8085
:1019D00001274FF4F2780FC50023264A8DF8407096
:1019E000CDF8548096E8030085E803000CA8CDE903
:1019F000162315F0F7FB054650B103461E49022099
:101A00001E4ACDF800B01DF03FFA02201C49A3E6A3
:101A10001DF048FCB4F8A833C4E9DE010133A4F892
:101A2000A833424628461749009709F101031DF0E3
:101A30002BFA93E600FE0020D80404000E050400F3
:101A4000350504006105040083050400A5050400B4
:101A5000CD050400EF050400110604003306040060
:101A600055060400750604008B060400A906040050
:101A70003CF203008051010056030400911704005A
:101A8000C7060400EB060400C18939B90449C1E95D
:101A9000F4230B6BB1F8EA2313440B63704700BFC8
:101AA00000FE002000B5094A7346117831B90220C2
:101AB000074A08495DF804EB1DF0E6B900231370EE
:101AC00010205DF804EBFBF77FBD00BF00FE002097
:101AD000C9170400250704002DE9F04F0D468BB00F
:101AE000044692469946FFF7C5FA012D83465E4E9D
:101AF000DFF8988122D1F36A0133F3624FF0010CD1
:101B000027465A4D86F800C00FCF0FC597E807004B
:101B100085E807002378DBF804106345626829D064
:101B2000022B29D052494FF48973524A52481EF071
:101B30003CFC4FF489714F481EF02EFC4FF4E162DB
:101B40000021304621F011F91DF0ACFBC6E902017D
:101B50002046FFF7B1FA0023012288F8053088F803
:101B60000120A8F8023088F8FD2088F8F920A8F8AC
:101B7000FA30C3E74FF0000CF823002503FB0CFC00
:101B800008EB0C03C3E9021208F80C50DD701D715C
:101B9000FFF7B0FA2778012F04D10BB0BDE8F04F62
:101BA000FFF7FABB022F09D0344940F21443314AFF
:101BB00031481EF0FAFB40F21441BCE794F91530AD
:101BC00062882F4928461DF05FF9FFF753FA1C225F
:101BD0000446294603A821F0C8F843F2B063CDE9D2
:101BE00000A9029323688DF81070039396F82530AE
:101BF0008DF81630738AADF8183001238DF8213036
:101C000023688DF820306368ADF822304FF0FF3341
:101C1000079396F8283013B118238DF811306D46CC
:101C2000184C0FCD0FC40FCD0FC495E8030084E806
:101C300003006846FEF752F9044650B10146029A85
:101C400011481EF0F2FA0023337020460BB0BDE8B5
:101C5000F08F1DF027FBB6F8A833C6E9DE0101338B
:101C6000A6F8A833F1E700BF00FE002010FE002018
:101C7000850704004E070400265603007D07040074
:101C8000A907040080010120E107040010FC0020E6
:101C900073B5054610460E4614461AF01FFA019019
:101CA00078B12246314621F039F88DF800500022F3
:101CB00000236946044816F07BFA10B1019820F021
:101CC000F3FF02B070BD00BF80ED00202DE9F041B0
:101CD0000446ADF53C7D6D4626468846B0F9043095
:101CE0004FF43C7203EBD373002168465F1021F080
:101CF0003CF80FCE0FC533682B60174D0A9395F84B
:101D00006100D8E90023CDE90823FDF7FBFF95F832
:101D1000603021698DF830306B8AB1F52F7FADF8D6
:101D20002E00ADF82C70ADF814300FD80A460DF126
:101D30003100E16820F0F2FF4FF43C726946032065
:101D4000FFF7A6FF0DF53C7DBDE8F0814FF42F7243
:101D500002481EF06AFAF5E700FE002012080400AF
:101D6000F82213B50379046817488DF8073002FB91
:101D700003005BB1154940F23913154A15481EF0AE
:101D800014FB40F2391112481EF006FBB4F88A30F9
:101D9000B3F52F7F09D910494FF49D730C4A0D48B4
:101DA0001EF003FB4FF49D71EDE721461DF0B7F9DE
:101DB00020461DF028FA01220A200DF10701FFF745
:101DC00067FF02B010BD00BF20FC002069080400BE
:101DD0004E0704002656030087080400002307B5B9
:101DE0008DF800000193002200236946044816F094
:101DF000DFF910B1019820F057FF03B05DF804FB44
:101E000080ED002008B5074A074B1068516803C3EE
:101E100090681860FFF744F9BDE808400920FFF713
:101E2000DDBF00BF44EA002078FE0020F0B5044684
:101E300000F108052846A3B0FDF730FF2278D31E35
:101E4000092B00F22B81DFE813F00D0114011B01B7
:101E50001B0022010A003100CE00DE00E600002156
:101E6000608C924B8142C0F2E4801A88013292B2B7
:101E7000C82A1A8018D123B0BDE8F040FFF7C2BFCE
:101E8000D4E90223CDE91023236910A81293E38A31
:101E9000ADF84C30A38AADF84E301DF0DDF91022BC
:101EA000012010A9FFF7F4FE23B0F0BD14AD04F13A
:101EB00010060FCE0FC596E80F0085E80F00D4F886
:101EC0001E30CDF87230D4F82230CDF87630E38C65
:101ED000ADF87A30D4E90223CDE91023D4E9042304
:101EE000CDE91223A38BB3F5807F78D1704D2B7C85
:101EF000022B74D1A37F1F2B71D8E27F95F8B130EC
:101F00009A426CD194F8232095F8B2309A4266D167
:101F100094F8242095F8B3309A4260D1FFF7AAF8DC
:101F200006AE883507460FCD0FC60FCD0FC695E814
:101F300003006B46083586E8030095E8070003C3F5
:101F400094F82200BDF82A100009A67F1CF0C1FFFA
:101F50004FF0010E9DF8002094F825306EF34712E3
:101F60008DF800209DF80720990961F387128DF8FC
:101F700007206A4603F0070394F820C094F8215024
:101F800003FA0EF3000143F48873ADF808308DF8BE
:101F900004008DF805C08DF8065003AB07CA03C3D3
:101FA0004FF4E1414FF4615006F00F061A800136FC
:101FB00003AB0C93D4E90432E1FB063297F83310FB
:101FC000A1FB00105B1842EB000206A8CDE9063227
:101FD00015F09AF8014610B136481EF026F948224D
:101FE000062010A95EE7D4E9022312AD1034CDE932
:101FF00010230FCC0FC594E80300202285E80300CE
:10200000042010A94EE7294604F1100023B0BDE8D2
:10201000F040FFF75BBED4E902231034CDE9102372
:1020200094E8070012AB83E807001822052010A9E6
:1020300038E7626A5256002A04DD5A8801325A8013
:1020400001310FE703D19A8801329A80F8E793F9BA
:102050000850954293F90950B8BF1A729542C8BF0B
:102060005A72EDE704F1100023B0BDE8F040FBF731
:10207000AFBC04F1100023B0BDE8F040FBF78ABC10
:1020800004F1100023B0BDE8F0401CF030BF04F1B3
:10209000100023B0BDE8F040FBF7A8BC0649074894
:1020A00023B0BDE8F0401EF0C0B800BF44EA0020F5
:1020B00000FE0020D10804005117040096DF030041
:1020C00008B543F2C82398420BD00849084840F2AB
:1020D000EE23084A1EF069F940F2EE2105481EF091
:1020E0005BF90820BDE80840FFF778BEFA08040055
:1020F000265603004E07040038B501214FF42F7017
:1021000020F0D9FD012105464FF42F7020F0D3FDBA
:10211000044605B120B90220084A09491CF0B4FE62
:102120004FF4E1620021074820F01FFE064B00201B
:10213000C3F89C50C3F8944138BD00BF3E1704005B
:102140000A09040000FE002010FC0020F8B54B4CEA
:10215000D4E902561DF0A6F8401B61EB06014FF4CE
:102160007A720023F6F7F4FCF6F77CF90F46064680
:1021700043F2C8201DF055F843F2BC401DF051F861
:1021800000203F491CF080FE3B46324600203D497E
:102190001CF07AFE0020226B3B491CF075FE0020EB
:1021A000626B3A491CF070FE0020E26B38491CF06B
:1021B0006BFE0020626C37491CF066FE0020A26CAA
:1021C00035491CF061FE0020626D34491CF05CFE54
:1021D0000020E26C32491CF057FE0020226D31498C
:1021E0001CF052FE0020A26D2F491CF04DFE94F908
:1021F0005C3094F95D202D4900201CF045FE94F8D8
:102200006100FDF77FFD2A49024600201CF03CFEDC
:1022100094F86200FDF776FD054694F86300FDF73B
:1022200071FD2A460346234900201CF02DFE0020A4
:10223000B4F96830B4F966201F491CF025FEFEF79A
:10224000CFFF054690B102461C4902201CF01CFE3F
:10225000FFF728FC00261A48E662FEF72DFF102241
:102260003146184820F081FD2846F8BD0123164963
:1022700084F8D8331CF008FEECE700BF00FE002015
:102280004B0904006C090400A4090400D8090400E7
:10229000060A0400340A0400620A0400960A0400D4
:1022A000C40A0400F20A0400200B04004E0B0400D0
:1022B0006D0B0400820B04009F0B0400BC0B040098
:1022C00010FE002030FE0020F10B040038B5F8238A
:1022D0004343084D0446EB5C1BB1012006491CF04A
:1022E000D3FDF82301225C432A5500222B19DA7012
:1022F00038BD00BF10FC00201B0C04002DE9F04F7E
:10230000434E85B0F0781CF0C5FE031E039309DA36
:10231000404901201CF0B8FD00233370F37005B074
:10232000BDE8F08FFDF7A6FC4FF487398346884659
:102330003949B1F91A20D1E9F43709FB02F2D3186F
:1023400047EBE277B3EB0B0567EB0807012D77F15D
:10235000000301DA3149DCE70123009306F11000A4
:10236000D6E918231CF0F2FE044630B902202C49AD
:1023700005B0BDE8F04F1CF087BDFEF77BFED0E94D
:102380000E01A0FB090C4FF47A72002309FB01C176
:10239000F6F72EFC234A10EB0B0043F2C92348EB5F
:1023A0000101954277F1000738BF15464FF0000A4A
:1023B000039AE36094F88030C4E9140194F87D0036
:1023C00062F3051384F88030C4E90FAA218FC4F8A2
:1023D0002CA0C4F8BC50C4F828A000091CF079FD5A
:1023E00094F87D3060F3071384F87D302046FDF7C4
:1023F000D9FF50B902200C4A0C491CF045FD20467B
:1024000005B0BDE8F04F1CF0FEBE0123337186E736
:1024100010FC00206B0C040000FE0020AE0C040039
:10242000EA0C04000078690022180400400D040042
:102430002DE9F0478C4C0546237888B0002B5ED000
:1024400043F2C8228368934244D1C08900283BD01C
:10245000236BD4F8DC260020934228BF9B1A8349C3
:1024600028BF23631CF010FD636B0133636394F892
:10247000293083B17E4A43F2C82093787D4983F0A6
:102480000103937094F8AF2663F3C30284F8AF2678
:102490000122FDF74BFE0023B4F8E8137648013122
:1024A00089B284F8DA33A4F8E8131CF06CFD94F8D0
:1024B000D93323BB43F2C820B4F8EA236F4908B0EC
:1024C000BDE8F047FDF7F2BDB4F8E8236C491CF015
:1024D000DBFCC9E743F6A402934213D1C08930B1B3
:1024E0000020684908B0BDE8F0471CF0CDBCB4F846
:1024F000C82365491CF0C8FCA36B0133A36308B073
:10250000BDE8F08743F2BC42934223D1FFF77AFC47
:1025100094F8DA334BB9564B1B7933B9B4F8E82346
:1025200001205A49013A1CF0AFFC94F8D933002B32
:10253000E5D04F4B1B79002BE1D1E269636B9A42E6
:10254000DDD194F8D833002BD9D108B0BDE8F047DD
:10255000FFF7FCBD43F2C922934209D10022444B4C
:10256000C0891A7110B14A490120BBE74949B9E74E
:1025700043F69822934205D1C08908B94649B1E78C
:102580004649F1E743F69922934205D1C08908B93B
:102590004349A7E74349E7E743F69A2293420CD120
:1025A000C08938B940491CF06FFC08B0BDE8F0475D
:1025B000FFF778BA00203D49F5E743F2B062934255
:1025C0009DD1D4E9DE671CF06DFEB0EB060961EB2E
:1025D0000708FDF74FFB0E468246FEF74BFD4FF412
:1025E0008737C16B806B0023A0FB070C4FF47A7216
:1025F00007FB01C1F6F7FCFAB4F8A83310EB0A0A9E
:1026000046EB010613B1013BA4F8A833EA89237C09
:10261000DAB9022B7FF473AFB4F8A83333B14FF2B9
:102620003123994578F10008FFF669AF204D01ACE0
:102630000FCD0FC495E80700334684E807005246E3
:10264000012101A8FFF748FA59E7022B08D1B4F895
:10265000A8332BB940F2F513994578F10008E5DA73
:10266000022014499FE700BF00FE0020720D040005
:1026700010FC0020A8040120F0010120EC01012041
:10268000820D04009A0D0400AF0D0400CC0D04006F
:10269000E80D0400120E04003A0E0400500E04006F
:1026A000700E0400870E0400A80E0400C20E040081
:1026B00010FE0020DE0E04002DE9F04F824CADF636
:1026C000EC0D4FF0FF324FF0FF33804810A915F0AA
:1026D0004DFE9DF84020531E092B00F24B84DFE88D
:1026E00013F06C00FA031502B400DB001F011404A0
:1026F00061000A00440494F82830002B59D0B4F843
:102700007830002B55D0FEF7B5FC054670490DF228
:102710002C6020F0CFFC00206E491CF0B5FB00209F
:10272000628A6D491CF0B0FBB4F8782000206B4938
:102730001CF0AAFB94F98120EB699A422ADD6849D2
:102740000DF22C6020F0B6FC664B00206649009329
:102750000DF22C6294F980301CF096FB94F98120E4
:10276000002062491CF090FBB4F87A201AB10020D6
:102770005F491CF089FBB4F87C201AB100205D4948
:102780001CF082FBB4F87E209AB100205A491CF05C
:102790007BFB0EE094F98020AB699A42D4BF4C4990
:1027A0005649CDE7002056491CF06EFB012384F802
:1027B000D933119820F078FA83E7119DEB8983B91A
:1027C000AA6810461CF053FD18B12846FFF730FEEA
:1027D000EFE740F29A239A42EBD14A491CF054FBAE
:1027E000E7E741F209029342E3D000217C220DF297
:1027F0002C6631600DF5C66020F0B7FA3246B5F9A7
:102800000C10E889FDF7B8FAAA6810461CF02FFDF5
:1028100098B1E889012808D13B4A3C491CF034FBB7
:10282000294AD36B0133D363CFE7009233460120AB
:10283000354A37491CF028FBC7E7022013463549C3
:10284000314A00961CF020FBB3E72378119E13B1A8
:10285000E36C0133E364637C002BAAD0D4E91C75DC
:102860001CF020FDC71B61EB0505642F75F1000509
:102870009FDBC4E91C01B6F91430274903EBD3727E
:102880005210CDE90132B6F916300093D6E9002393
:1028900001201CF0F9FA8CE72278119B12B1226D0D
:1028A00001322265627C002A83D0B3F90C2002EB4E
:1028B000D2714910CDE90121B3F90E2017490092D8
:1028C000D3E90023E4E700BF00FE002080ED0020F4
:1028D00075EE03000E0F0400300F0400510F0400CA
:1028E00097EE030070EE0300720F0400980F0400CF
:1028F000B90F0400DA0F0400FB0F040084EE03009C
:102900001C10040036100400B11704004A10040023
:102910007A100400A9100400DA1004001911040050
:102920000021119D7C22CDF82C160DF5C66020F0FB
:102930001CFA95F836000DF22C690009FDF7E2F952
:10294000B5F928B049460746287FFDF785FA0BEB15
:10295000DB7B94F95C204FEA6B0B94F95D105A45D0
:10296000AB8E95F833A0B5F837804FFA8BF2B8BF2D
:1029700084F85CB05945C8BF84F85D2084F85E20B7
:1029800095F836205BBAC2F3020284F86020A4F8FE
:1029900064309EB295F8363094F86310C3F3031395
:1029A00084F8613095F83630B1EB131FC3F303128E
:1029B000B8BF84F8632095F8363094F86210C3F3FA
:1029C0000312B1EB131FC8BF84F86220B5F92A3097
:1029D000B4F968209A42B8BFA4F86830B5F92A3033
:1029E000B4F966209A42C8BFA4F86630637C93B3FA
:1029F000D5E90423CDE90623CDF810B0B5F9283088
:102A000000200393B5F92A30B849CDE90193AB69A9
:102A10000093D5E900231CF037FA0020B4491CF0DC
:102A200033FA334652460020B2491CF02DFA98FA88
:102A300098F20020B04992B21CF026FA95F8363090
:102A400095F832200020AD49009703F0070302F00B
:102A50000F021CF019FA94F82930002B3FF4A9AEAC
:102A6000AB8BB3F5807F7FF4A4AE95F8323003F0E2
:102A7000E003202B7FF49DAE95F83A2002F0F0039E
:102A8000102B7FF496AE12F00E0F3AD19C49DCA8C1
:102A900020F010FB95F83A30DCA8DA074CBF9849D3
:102AA000984920F007FB95F83A30974A13F0010F48
:102AB000964B974900934FF00000964B08BF134682
:102AC000DCAA1CF0E1F9944AD36899B2B14205D06E
:102AD0003246022091491CF0D7F96AE61378002BA0
:102AE0003FF467AE95F83A30DB0703D50023137047
:102AF000D3705EE643F2BC4014F088FCFFF7FEFBA7
:102B000057E68749C2F34202012040E6119D0020AA
:102B1000D5E9086AB5F90430AA6A95F830B0B5F974
:102B20002E800992049203EBD3725210CDE9023247
:102B3000B5F90630324601932B687A490093534623
:102B40001CF0A2F9AB6A002B3FF433AE95F831903C
:102B500009F07F09A9F16403042B00F2E0812078D9
:102B6000002800F0DA8105F131012DA81CF0DAFB14
:102B7000024628B1A36D6C490133A365022006E625
:102B80002DA800F097FA9DF8B4209DF8B530642A7E
:102B900084F85F3040F02881FFF734F9A36C002BF4
:102BA00040F08A801CF07EFBC4E9EC01BDF82430C3
:102BB000099A0C93A36C12AD13FA82F3A364236CED
:102BC00001332364BDF8B830A4F8C833BDF8B6307B
:102BD000A4F8CA331CF066FBC4E9EE01FEF74AFA1A
:102BE0000023C5E900332B81037806460A938388C6
:102BF0004FFA88F05BBAADF83630FDF793F8B4F8C9
:102C0000CA330E901A0A0B925FFA83F9FDF732F875
:102C100088464FF487318246B06BF76BA0FB010CFE
:102C20004FF47A7201FB07C10023F5F7E1FF10EBC7
:102C30000A030F934FF065038DF8703373680BF040
:102C40000F0A48EB010852460121BDF82400ADF8F7
:102C500072331CF0B5F994F826300746002B3CD1AE
:102C60000E9B03F00F000A9B4AEA001A6B70BDF836
:102C7000363085F804A06B800B9B0DF1540A6B7104
:102C8000534607F00F0747F030072F7085F806907E
:102C900095E8070003C31A809DF8B430642B4DD02B
:102CA0002249234840F24B53224A1DF07EFB40F25A
:102CB0004B5120481DF070FBB4F8C813BDF8B83074
:102CC0004A1C93423FF472AF626D009101320120C1
:102CD000194962651CF0D8F868E7FEF75DFA40B262
:102CE000FDF720F800F00F00BDE700BF5811040009
:102CF000BC110400CA110400F01104000412040005
:102D000075EE030097EE0300F175040070EE03000A
:102D1000271204006975040010FC00205B120400F7
:102D2000A3120400D812040021130400A813040005
:102D3000265603004E070400451304002E9B8E4FB9
:102D4000DD9397F82730BDF8BA200DF22C652FA936
:102D5000DEA88DF871331FF0E1FF2846DCA91CF0D6
:102D6000AFFA0F983168CDE9180843F6A4087B8ABA
:102D7000CDE91A81ADF872300023012196F91C20AB
:102D8000CDE91D3A8DF87C300C9B209507F56076D7
:102D900022AD8DF870108DF8712021930FCE0FC5E4
:102DA0000FCE0FC596E803000023744A85E80300A0
:102DB00018A8CDE9222314F015FA054650B10346B0
:102DC0006F4A70490220CDF800801CF05DF82A4659
:102DD0006D49D3E61CF066FAB7F8A833C7E9DE01FF
:102DE0000133A7F8A833E4E4A2F16503032B00F252
:102DF0009280DFE803F00266848DFFF703F894F811
:102E0000263083B1FEF7C8F940B2FCF78BFF94F887
:102E1000AC36012260F307135C4943F2C82084F802
:102E2000AC36FDF783F9B4F8E833BDF8B820013BC0
:102E30009A4238D100217C220DF5C660CDF82C16BF
:102E40001FF093FFD4E9F402012872F1000124DBA2
:102E5000301A6AEB0201F5F7FDFA00224C4BF5F748
:102E600059FCF5F70FFF4B4902460DF22C601AF0A2
:102E7000E9F90DF22C630020BDF8B82046491CF09A
:102E800003F8012384F8DA33A36C099A13FA82F762
:102E9000636CA764013363648BE440490DF22C60DA
:102EA00020F008F9E5E701203D491BF0EDFF4FF068
:102EB000FF334FF0FF32C4E9F423636D01336365E0
:102EC000E2E7BDF8B620B4F8CA339A4206D1002032
:102ED00034491BF0D9FFFEF737FC6AE4B4F86410FC
:102EE0008A4209D1134601202F491BF0CDFFB4F8C7
:102EF0006430A4F8CA33EEE701202C49EBE500204A
:102F00002B4984F8D8031BF0BFFFFEF7CBFD50E43C
:102F10000020284962E42849F6E528495EE40026B5
:102F20003C223146DDA8DC961FF01FFFDFF898A099
:102F300005F130080DF22C67AB6AB34208D9B81915
:102F4000514618F8012F01361AF07CF9402EF3D1C2
:102F500000233E447370DCA94846FEF78FF80097C3
:102F60000246AB6A012016496CE4119B1878FFF702
:102F7000ADF91EE41349C7E500FE002080510100B1
:102F80006F170400F013040029140400A8040120A2
:102F900000E0F0404B1404006714040058140400CF
:102FA00089140400C0140400E7140400BD150400D3
:102FB00018160400311604004916040051160400C6
:102FC00093160400D11604009EE703002DE9F0419A
:102FD0001F4F06463B783BB102201E491BF054FFB1
:102FE0004FF0FF30BDE8F081FEF744F80446FCF7EF
:102FF00041FE4FF4873C8046A06B0D46A0FB0C01C0
:10300000D4F83CE04FF47A7200230CFB0E11F5F774
:10301000EFFD021841EB0103121841EB03010E48CA
:1030200012EB080845EB010513F05AFF014610B1F9
:103030000A481DF0FAF8FEF733F8002142462B4605
:103040003046FEF749FD0028CCD000233B70C9E78D
:1030500000FE0020F61604002D1E010050D80300CB
:1030600010B5124C207820B9BDE8104010491BF073
:103070000BBF237C012B09D194F8D833A3B9FFF7F8
:1030800065F888B1BDE81040FEF70CBD0220FEF7E0
:10309000A5FEB4F8A83313B1013BA4F8A833072068
:1030A000BDE81040FEF79ABE10BD00BF00FE002034
:1030B000131704002DE9F04300240546ADF53F7DCC
:1030C0003C22214601A800941FF04FFE6946287853
:1030D000FDF7D4FF2849024620461BF0D5FE6A883A
:1030E000204626491BF0D0FE204625491BF0CCFE89
:1030F00095F90120204623491BF0C6FE2B78A3F149
:103100006402012A32D82046AA881F491BF0BCFE5F
:103110002046EA881D491BF0B7FEEB88B3F52D7FEA
:1031200012D8DFF8809005F1070810AEEB88671C15
:10313000A34213DC002032461549F0551BF0A4FED3
:103140000DF53F7DBDE8F083124913486023134A13
:103150001DF02BF9602111481DF01EF93019494668
:1031600018F8012F1AF06EF83C46DFE7672BE7D11D
:1031700020460B492A1DE1E7581804007318040083
:103180008E1804009F180400C4180400DF180400FF
:10319000D31904002D19040026560300FA18040060
:1031A000E6190400969F0400054AD2F8B030D2F820
:1031B00084178B4224BF5B1AC2F8B030704700BF3F
:1031C000000601202DE9F041ADF53E7DFDF752FFEF
:1031D0000446244E2022002104A81FF0C6FD4FF40F
:1031E0002F7200210FA8D4F80080358BA7881FF01C
:1031F000BCFD32238DF83C30636806F1FA040FA958
:103200002046ADF83E301CF0BBF840F29A23CDE9E1
:10321000063801238DF820308DF82C300423ADF8CA
:1032200022500C9406F1C80504AC0D930FCC0FC5C9
:103230000FCC0FC594E8030000230DEB010253608F
:10324000138130237FBA137006F1F00385E8030081
:1032500082F80180578007CA03C31A800DF53E7DAE
:10326000BDE8F081000601202DE9F04FADF55F7D4E
:10327000FDF700FF4F4F02780646B0F804A097F91B
:103280001C000392FCF74EFD398B1BF022FED7F891
:1032900014B08146FCF7EEFC039A00248DF811204F
:1032A0004FF000028846302169F307120DF11C0926
:1032B000CC4605949AFA9AFA8DF814204FEA1B220C
:1032C000ADF81840ADF812A004AB8DF810108DF8D1
:1032D00015208DF816B0054693E807003323ACE8B7
:1032E00003003094ACF800208DF8BC300DF17C0A5E
:1032F00073682FA95046ADF8BE301CF041F83B8BE7
:103300008DF84440ADF83A300823CDE912A30F946C
:103310003368CDF840900D9342F6F8234FF0010941
:103320000C93254B0AA8EB1848F10002CDE90A32AC
:103330008DF8389013F0A4FE044660B10C9B1F4A30
:1033400000931F49034602201BF09EFD20460DF509
:103350005F7DBDE8F08F01461C2217A81FF005FD18
:10336000184B14A8ED1848F10003CDE9145342F6A8
:10337000FA23169333688DF87190179397F83030CD
:103380008DF866303B8BADF8683033688DF870305F
:103390007368ADF872300C4B1B93FCF79FFD04462D
:1033A0000028D3D00246169B022008491BF06CFD72
:1033B000CCE700BF0006012000603D08C5270400DF
:1033C0005603040080B13E0800709914912A04004D
:1033D00013B50C4C6846D4E90223CDE900231CF058
:1033E00033F84FF47A720023F5F7B2FB83B2B4F9E5
:1033F0001A00421C04D09842D2BF0020C01A00B26A
:1034000002B010BD0006012008B5094B7022184615
:1034100000211FF0AAFC40F28113A0F84C300F23CA
:1034200080F84E30034B4038C0F8903008BD00BFE4
:10343000400601200F27F1D870B58AB00C46064629
:10344000FDF718FE1C220546002103A81FF08DFC85
:1034500042F6E063CDE9006402932B68204C0393AD
:1034600094F830308DF81630238BADF818300123E6
:103470008DF821302B688DF820306B68ADF8223044
:1034800094F8313023B1FFF79DFE02238DF8103000
:10349000B4F91A305A1C09D01249D817A3FB0132CB
:1034A00001FB0022002A18BF4FF0FF336846079344
:1034B000FCF714FD054648B10146029A0A481CF083
:1034C000B4FE0023237028460AB070BD1BF0AEFF87
:1034D000B4F84830C4E910010133A4F84830F2E7E9
:1034E0000006012000B01E04E10704002DE973432B
:1034F00000254FF000084FF00009214CA4F5D266DA
:103500002378ABB3D4E90432CDE9003213430BD1B5
:103510001C4940F24F131C4A1C481CF046FF40F265
:103520004F1119481CF038FF68461BF08DFFB0F5AD
:10353000FA6F71F100011BDBD6F8B8300133C6F821
:10354000B830E378072B09D911494FF4A1730E4A1B
:103550000E481CF02AFF4FF4A171E2E7182202FB8B
:103560000363002203F5D46303F8102CC3E9008938
:103570000135082D04F11804C2D102B0BDE87083F2
:10358000900C0120281A0400F919040026560300A3
:10359000441A040000B5094A7346117831B9022073
:1035A000074A08495DF804EB1BF06EBC002313705A
:1035B0000F205DF804EBFAF707B800BF0006012002
:1035C0006C270400541A04002DE9F74305464C4CBF
:1035D0006846D4E90223CDE900231BF035FF0DB185
:1035E000D5E90001F4F73EFF06460F46D4F8B000D7
:1035F000F4F7ECFE32463B46F5F78CF8414B0022DF
:10360000F4F75EFF8046894600203F491BF03CFCF2
:103610000020D4F8B0203D491BF036FC0020D4F83F
:10362000B4203B491BF030FC00223A4B304639466F
:10363000F5F770F802460B46002037491BF024FCD2
:103640000022344B40464946F5F764F80B460246E3
:10365000324900201BF018FC94F83130002B39D08F
:103660000020D4F8B8202E491BF00EFC0020D4F81E
:10367000A0202C491BF008FC0020D4F8A4202A49E3
:103680001BF002FC0020D4F8A82028491BF0FCFB0A
:103690000020A26F26491BF0F7FB0020E26F2549AE
:1036A0001BF0F2FB002094F98C3094F98D20224914
:1036B0001BF0EAFB0020B4F99230B4F990201F49C6
:1036C0001BF0E2FB002094F88F3094F88E201C4908
:1036D0001BF0DAFBFFF7C8FD054650B10246194959
:1036E00002201BF0D1FBFFF755FF284603B0BDE8D1
:1036F000F0830123144984F8B8331BF0C5FBF4E7C9
:10370000000601200040BF40881A0400A51A0400EA
:10371000CB1A040000408F40EB1A0400151B040074
:10372000451B0400731B0400A11B0400CF1B0400F5
:10373000FD1B04002B1C0400591C0400741C040015
:103740008E1C0400A81C0400EC1C04002DE9F04FA2
:103750008D4C97B002AD04F5EC66074688460FCE57
:103760000FC50FCE0FC596E8030004F5F16685E896
:1037700003000FCE0CAD0FC50FCE0FC596E80300AA
:10378000002685E80300FFF7B1FE2346324693F892
:10379000901621B993F8911609B10136F6B20132AB
:1037A000082A03F11803F2D196B9002200237748C2
:1037B000CDE9002300234FF4803217F09BFF637C98
:1037C0001BB1012072491BF05FFB17B0BDE8F08F01
:1037D00042F24173049A4FF000099A4284BF42F2C8
:1037E0001073049342F273730E9A9A4284BF42F2AA
:1037F00042730E93049BA4F8C83342F24172049BB7
:103800004FF0000A934284BF42F21073049342F2D5
:1038100073730E9A9A4284BF42F242730E93FFF77B
:1038200065FE234693F890B6BBF1000F54D193F890
:103830009126002A50D01825012305FB0A4585F85A
:1038400090361BF0F3FD05F5D463C3E9000195F84C
:10385000923683F0010385F8923695F893369A45AF
:103860002ED1089A02A8D3796BF30513D37195F87A
:103870009216DBB261F3C303D37195F8931661F32B
:103880000203D371137A6BF307131372B4F8CC33BA
:10389000CDE90278A5F894364FF4615594F83B30A1
:1038A000A3FB0532CDE90C3213F09CFC034668B350
:1038B000049A022000923749374A1BF0E5FA17E0D4
:1038C0003649374840F27313364A1CF06EFD40F219
:1038D000731134481CF060FD0AF1010ABAF1080FB7
:1038E00003F118039ED102202B4A2F491BF0CCFA7A
:1038F000049AD4F86837C4F868271344013B5B087E
:10390000A4F8CA330E9BC4F890375EE7D4F8B03001
:103910000B9AB4F8CC131344C4F8B030D4F8B430D4
:103920000131013389B22148C4E9F078C4F8B430D8
:10393000A4F8CC131BF027FBD4E90A124FF4E140A2
:10394000049B09F10109013304930E9B01330E938B
:10395000139B5B18A17F42F10002A1FB00105B18D2
:1039600094F83B1042EB0002A1FB05155B1842EBFB
:103970000502DB191F465FFA89F348EB0208B342E0
:10398000FFF43BAFB4E700BF0006012020EB0020AE
:10399000111D04008F1D0400A32704002E1D040028
:1039A00026560300F91904006A1D0400D4090120F9
:1039B0002DE9F347354C054694F831300E4623B1D6
:1039C00002B0BDE8F047FFF7C1BE42F24173D4F840
:1039D000682707279A4288BF42F2107342F2417A61
:1039E00088BFC4F86837D4F86837DFF8A480A4F833
:1039F000C833A8F56379D4F868372548534588BF9C
:103A000042F21073C8E9005688BFC4F8683713F053
:103A100037FB034650B1D4F86827022000921D49B5
:103A20001D4A1BF031FA02B0BDE8F087D4F8B0307F
:103A3000D4F88427B4F8CC131344C4F8B030D4F8C5
:103A4000B4300131013389B24846C4E9F056C4F8B4
:103A5000B430A4F8CC131BF096FA4FF4E142D4F83A
:103A60006837013F0133C4F86837A37FA3FB0230F6
:103A7000D4E90A125B1840EB02025B1946EB02061E
:103A800017F0FF071D46B6D1CDE700BF00060120A5
:103A9000600D0120C51D0400832704002DE9F04FAF
:103AA000ADF5437DFDF7E6FA4FF0000A03788A4C46
:103AB0000993838805465BBAADF83A30637F94F981
:103AC0001C00A67F0A93CDE910AAADF848A0FCF728
:103AD00029F963690B90C3F30722DBB20C920D93B3
:103AE000FCF7C8F84FF407330746A86B8846A0FBDD
:103AF0000301EA6B013E03FB0211784B4FF47A722B
:103B0000C01841F100010023F5F772F8C719A07F32
:103B100048EB01080138617FC0B21BF049FA03B2DB
:103B200053458146F6B209DC02206D491BF0ACF921
:103B30004FF0FF300DF5437DBDE8F08F94F8312054
:103B4000002A00F0C480674A4FF0010BBA181746EC
:103B500048F1000894F930200F930692B4F91A2026
:103B600006F00F060592627F46F010060492D4E933
:103B70000A01CDE90201A27F00200092228B5A495E
:103B80001BF082F9099BBDF848008DF84130BDF863
:103B90003A3020F47F60ADF842300A9B20F00100FB
:103BA00003F00F010B9B46EA4A1641EA03118DF818
:103BB00044109DF847100C9B01F0370161F077012C
:103BC0008DF8471040F201118DF8453041EA0B1194
:103BD0000D9B0143DFF814A18DF846308DF840604D
:103BE000ADF8481010AA07CAAAE80300AAF80020F6
:103BF00035224FF0010B1FFA89F9A9F1080C1FFAC1
:103C00008CFC8DF84C206A68614615A8ADF852C04E
:103C1000ADF84E20ADF850B01BF02BFAAAF5627249
:103C2000104613A91BF0ACFB1BF000FC0026C4E9F6
:103C30000201AAF5D561C4F8B060C1E90166BDF81A
:103C400050100F9BA4F8CC13218BAAF56272A4F834
:103C50007217C4F88027A4F8CE9384F87C67C4F860
:103C60008437C4F874672B684FF46152C4F86C371A
:103C7000AAF10803C4F8783742F21073C4F8683721
:103C800042F2427384F870B7C4F890372B6884F816
:103C9000A9B7C4F894372B68384684F8A8376B68FE
:103CA000A4F8A017A4F8AA3794F83A30C4F89A6791
:103CB0005343C4F8A437022384F8983794F830307B
:103CC000414684F89E37FFF773FE304632E793464D
:103CD0004FF0010A3EE700BF0006012000C07A1045
:103CE0004B2A040000580F02FE1D0400500D012055
:103CF000F0B501290646444C85B01BD1B4F87430A8
:103D000023B1D4F888300133C4F888300123354614
:103D100023703E4C0FCD0FC40FCD0FC495E80F009C
:103D200084E80F003378012B2AD105B0BDE8F040BC
:103D3000FFF7B4BE4FF4F662002120461FF015F8DD
:103D40001BF074FBC022C4E90201002104F5D2601B
:103D500096F829501FF009F82246002301219D42C0
:103D600082F8933603F10103C8BF82F89116082B3D
:103D700082F8921602F11802F1D1FFF745FBC5E770
:103D8000022B0BD02249234840F29933224A1CF0DF
:103D90000CFB40F2993120481CF0FEFA0DF10F00A7
:103DA000FAF7B4F80446B6F90A300020009396F901
:103DB0002030328919491BF067F814BB9DF80F00B9
:103DC00000B3FBF757FF0C460546FDF753F94FF4D8
:103DD0008736C76B806B4FF47A72A0FB0601002315
:103DE00006FB0711F4F704FF031841EB01021B184F
:103DF00041EB0201581944EB0101FFF71DFB05B02F
:103E0000F0BD00200146F8E7000601201006012061
:103E10007D07040026560300F91904008F1E0400D4
:103E200073B5054610460E46144618F057F9019032
:103E300078B1224631461EF071FF8DF80050002205
:103E400000236946044814F0B3F910B101981EF03C
:103E50002BFF02B070BD00BF4CED0020F0B5ADF5FA
:103E60003D7D6C4605468C46B0F90430064603EBB2
:103E7000D3735F100FCD0FC42B68ADF82C701946AB
:103E800023600A93DCE90023CDE908230023ADF881
:103E90002E300E4BB1F52F7F1B8BADF814300ED8A2
:103EA0000A460DF13100F1681EF038FF4FF43C7204
:103EB00069460320FFF7B4FF0DF53D7DF0BD4FF4DB
:103EC0002F7203481CF0B1F9F6E700BF000601208D
:103ED000D41E04002DE9F047044600F108052846E9
:103EE000A2B0FBF7DBFE22780026D31E0B2B00F2DC
:103EF0006881DFE813F04A01510158010C005F01AD
:103F00006601200011012101290166014601D4E961
:103F100002230120CDE910231022236910A9129356
:103F2000E38AADF84C30A38AADF84E30FFF778FF46
:103F300022B0BDE8F08714AD04F110070FCF0FC514
:103F400097E80F0085E80F00D4E90401D4F81E308B
:103F50009F4FCDF87230D4F8223094F81EC0CDF8BF
:103F6000763097F83150E38CCCF303080CF00F0E49
:103F7000CCF3001CADF87A30CDE91201D4E902236C
:103F80008DF87080CDE910238DF871C0002D59D0C7
:103F90003B7C022B55D14FF4615297F83C500EF107
:103FA0000103A5FB02522D1841EB02084FF4E14238
:103FB000E2FB035897F8F06006F00F061BF036FAA4
:103FC000C7E91A01237F002B40F08580B4F820E078
:103FD0009EFA9EFEA7F876E094F82230C3F303130E
:103FE00087F870303B7C022B75D194F81D90B9F1A5
:103FF000010F70D1774E0DF1180C0FCEACE80F0009
:104000000FCEACE80F0096E803006B4608368CE84C
:10401000030096E8070003C3A37F97F8F06013F04E
:10402000100F6A4606F00F060ED16B496B484FF42D
:10403000EA736B4A1CF0B9F94FF4EA7168481CF056
:10404000ABF90025A846B9E71F2BCDE9065842D8A1
:10405000E17F97F8F13099423DD194F8231097F819
:10406000F230994237D194F8241097F8F3309942FE
:1040700031D194F8211094F8253094F822A094F8C6
:1040800020C098099DF800408DF8061003F0070342
:104090009DF807105B0060F3871143F4887369F3A0
:1040A0004714ADF80830A7F874E08DF800408DF89B
:1040B00004A08DF805C08DF8071003AB07CA03C331
:1040C00006A81A8003AB0C9313F01EF80146E0B16A
:1040D00044481CF0AAF897F8313093B13B7C022B8E
:1040E0000FD14FF4615397F83D000136A0FB030355
:1040F000401948EB03014FF4E143C6FB0301FFF70E
:104100009BF94822062010A910E7D7F8B0300F9A83
:104110001344C7F8B030DEE7D4E9022312AD1034FF
:10412000CDE910230FCC0FC594E80300202285E8C9
:104130000300042010A9F9E6294604F1100022B07A
:10414000BDE8F047FFF78ABED4E902231034CDE979
:10415000102394E8070012AB83E80700182205201B
:1041600010A9E3E606FB0533197B082903D00822D2
:1041700038461CF05AF8013563695A789542F1DBEC
:10418000D6E600250C26184FF6E704F1100022B001
:10419000BDE8F047F9F71CBC04F1100022B0BDE8FF
:1041A000F047F9F7F7BB04F1100022B0BDE8F04783
:1041B0001AF09DBE04F1100022B0BDE8F047F9F7F7
:1041C00015BC0A490A4822B0BDE8F0471CF02DB8DA
:1041D00000060120C80601202B1F040026560300FC
:1041E000F9190400D10804006F1F04001627040009
:1041F00096DF0300002307B58DF80000019300222D
:1042000000236946044813F0D3FF10B101981EF053
:104210004BFD03B05DF804FB4CED00202DE9F041AF
:10422000924C064623788EB0FBB18368A3F51C52EE
:10423000103A312A6DD8D4E902236846CDE900232B
:104240001BF002F92378CDE9020143B14FF47A72F1
:10425000638B13FB02F3DA179842914108DB94F861
:10426000B83313B902A8FFF7AFF90EB0BDE8F0817B
:1042700094F831503DB194F83A3094F83B50ED1831
:104280004FF461535D43F38933B1FEF78DFFD4F8EA
:10429000B430013BC4F8B430B368B4F8C8239342D7
:1042A00003D0B4F8CA239342DFD1FCF7E3FE0746FC
:1042B000FBF7E0FC4FF4873C8046B86B0E46A0FB52
:1042C0000C01D7F83CE04FF47A7200230CFB0E117E
:1042D000F4F78EFC4FF4E142A37F10EB0807A3FB39
:1042E000023246EB0106D4E90A011B1842EB010237
:1042F0005B1942F10002D4E9F001181842EB010108
:10430000B84271EB0604F8D30EB0BDE8F041FFF7F8
:104310004FBB42F6E062934262D1FFF759F8D4E90D
:10432000102307466846CDE900231BF08DF8B4F84A
:10433000483013B1013BA4F84830F38973BBBEB2D7
:104340002EB90220FFF756FF4949002041E094F8BA
:10435000C030002B89D1237C022B86D1B4F84830A1
:1043600033B14FF23123984271F10001FFF67DAF76
:10437000404D02AC0FCD0FC40FCD0FC495E80F0018
:1043800084E80F00324600203B49ADF812701AF065
:104390007BFD012102A8FFF7ABFC66E7237C022B23
:1043A00015D1B4F8483093B940F2F513984271F141
:1043B00000010CDB2F4D02AC0FCD0FC40FCD0FC48D
:1043C00095E80F0084E80F00ADF81270E1E70220D5
:1043D0002A491AF059FD0EB0BDE8F041FFF7DAB8EE
:1043E00042F6F82293420AD1C08928B924490EB076
:1043F000BDE8F0411AF048BD01202249F7E742F636
:10440000F922934227D1002384F8C030C089F8B93B
:104410001D491AF039FDFEF7DBFF82B20646002A7D
:10442000D9D0002019491AF02FFDB4F91A30002B09
:104430003FF41BAF0F4D02AC0FCD0FC40FCD0FC417
:1044400095E80F0084E80F000221ADF81260A1E7A3
:1044500001200F49DDE742F6FA2293427FF405AFCF
:10446000C08908B90B49B4E70B496EE70006012083
:10447000B81F040010060120CD1F04000A2004000C
:104480003F0E0400550E0400750E04003A2004008F
:104490008C0E0400792004009320040038B50E4DE2
:1044A00004462B7833B102200C491AF0EDFC4FF092
:1044B000FF3038BD0A4812F013FD014610B109481B
:1044C0001BF0B3FE00212046FFF712FC0028F0D0BD
:1044D00000232B70EDE700BF00060120AF20040091
:1044E000D53E010050D8030010B5134C23782BB9EA
:1044F000BDE81040022011491AF0C6BC237C012BF4
:104500000CD194F8B80330B9FFF75EF818B1BDE8E4
:104510001040FFF73FB80023638310BD0220FFF770
:1045200069FEB4F8483013B1013BA4F848300820C4
:10453000BDE81040FFF75EBE00060120CC2004005D
:104540002DE9F04FADF2DC7D4FF0FF324FF0FF333D
:1045500061480AA913F00AFF9DF82820531E072B73
:1045600000F23784DFE813F05900C80052032A0232
:10457000780291020E000800FFF70CF80B981EF06D
:1045800093FBE1E7554C2378002BF7D0FEF720FF93
:1045900028B953491AF078FCFFF7A6FFEEE7FCF7BD
:1045A00069FD8046FBF766FB4FF487360746D8F86F
:1045B00038000D46A0FB060CD8F83C104FF47A7278
:1045C000002306FB01C1F4F713FB4FF4E142A37F84
:1045D000C619A3FB023045EB0105D4E90A125B18AA
:1045E00040EB020094F83A1094F83B2052184FF434
:1045F00061514A439B1840F10002D4E9F0011818B8
:1046000042EB0101B04271EB050402D3FFF79EF8C3
:10461000B4E7C01841EB0201F4E70B9CE389002BDF
:1046200048D000217C220DF21C5529600DF5A460B4
:104630001EF09BFB2A46B4F90C10E089FBF79CFBAB
:10464000A268A2F51C53103B312B08D942F6E06357
:104650009A4204D0A2F52B53383B022B0AD8009281
:104660002B4601201F4A20491AF00EFC2046FFF776
:10467000D5FD83E740F29A239A4206D12B46194A88
:104680001A4902201AF000FC78E7A2F51D51023900
:1046900031298CBF002101218A4203D12B46114AC6
:1046A0001349EEE70220134612490E4A00951AF00C
:1046B000EBFB63E7A368A3F51C52103A312AD5D966
:1046C00042F6E0629342D1D0A3F52B53383B022B44
:1046D0003FF654AFCAE700BF4CED002000060120B2
:1046E000E6200400542704000D2104003C210400AE
:1046F0005C210400A9100400BE4CE36C1BB901202E
:10470000BD491AF0C1FBD4E91623D4E91801801A77
:1047100061EB0301F3F7A6FE06460F46E06CF3F7E4
:1047200055FE32463B46F3F7F5FFB44B0022F3F754
:10473000C7FE40F2EB12804689461DA800211EF0FC
:1047400014FBB4F87420AE491DA818F07BFD1DA819
:10475000F4F790FA1DABE26CAA49184418F072FD08
:104760001DA8F4F787FA1DAB226DA749184418F06D
:1047700069FD1DA8F4F77EFA00220546A34B3046DA
:104780003946F3F7C7FF02461DA80B462844A04947
:1047900018F058FD1DA8F4F76DFA002205469B4B52
:1047A00040464946F3F7B6FF02461DA80B4628448B
:1047B000984918F047FD1DA8F4F75CFA1DABD4F832
:1047C00088209549184418F03DFDD4F8B05045B103
:1047D0001DA8F4F74FFA1DAB2A469049184418F06B
:1047E00031FD1DA8F4F746FA1DABA26F8C491844A1
:1047F00018F028FD1DA8F4F73DFA1DABE26F8949BA
:10480000184418F01FFD1DA8F4F734FA1DABD4F8B6
:1048100080208549184418F015FD1DA8F4F72AFAE0
:104820001DAB94F895208149184418F00BFD1DA884
:10483000F4F720FA1DAD94F98C3094F98D207C4961
:10484000284418F0FFFC2846F4F714FA064694F8BA
:104850008E00FBF757FA054694F88F00FBF752FAE3
:1048600003461DA82A467349304418F0EBFC1DA8E6
:10487000F4F700FA1DADB4F99230B4F990206E4906
:10488000284418F0DFFC2846F4F7F4F92B46421CC4
:104890006A4900201AF0F8FA42F6E06012F0B6FD1C
:1048A000FCF7E8FB002703788046B0F804A0218BD2
:1048B00094F870000693CDE90C77ADF838701AF0D3
:1048C00008FBB4F874B00790FBF7D4F9CDE9080100
:1048D0001DA8F4F7CFF934230122461D8DF860326C
:1048E000D8F80430B6B211463046ADF862321AF04C
:1048F00067FB00F00F0949F030038DF83030069B5C
:104900009AFA9AFA8DF83130079BADF832A01B0164
:1049100043F001038DF834300DF13C0A4FEA1B23BC
:104920008DF8353053460CAD8DF836B095E807005C
:1049300003C30DF21C551DA999A81A801EF0BAFBDD
:10494000284698A91AF01CFDCDE91A56238B8DF83C
:104950006470ADF85A301797D8F8003001251593D8
:1049600042F6F923089A1493354B12A8D318099AE2
:10497000CDF860A042F10002CDE912328DF8585016
:1049800084F8C05012F07CFB034678B1149A0220E0
:104990002C4984F8C07000922B4A1AF075FA022054
:1049A0002A491AF071FAFEF72FFDE7E53246284949
:1049B000009509F101031AF067FAF4E70D4B0B9A21
:1049C000197811B1996F013199675B7C002B3FF425
:1049D000D5ADB2F9143003EBD3714910CDE90131F3
:1049E000B2F916301B490093D2E9002301201AF0D6
:1049F0004BFAC3E500060120802104000040BF40BF
:104A0000A6210400CF210400F321040000408F40C0
:104A10001122040036220400612204007F220400D7
:104A20009D220400B3220400C9220400DF220400F6
:104A3000F52204001B230400412304006523040025
:104A400000603D085603040034270400C706040034
:104A5000EB060400A0230400B34B0B9A197811B1A4
:104A6000D96F0131D9675B7C002B3FF487ADB2F978
:104A70000C3003EBD3714910CDE90131B2F90E309E
:104A8000AA490093D2E90023B0E70B9CA64E94F804
:104A90003620B4F92830C2F3020286F8942096F941
:104AA0008C2003EBD3735D10B2EB630F96F98D305E
:104AB000B8BF86F88C50AB42C8BF86F88D5094F8CA
:104AC000363096F88F10C3F30312B1EB131FB8BF43
:104AD00086F88F2094F8363096F88E10C3F30312C0
:104AE000B1EB131FC8BF86F88E20B4F92A30B6F98F
:104AF00092209A42B8BFA6F89230B4F92A30B6F99B
:104B000090209A42C8BFA6F8903096F831306BB327
:104B1000337C012B2AD1A38BB3F5807F26D194F867
:104B2000323003F0E003202B20D1182294F83A30E1
:104B3000C3F3420002FB006292F89026B2B103F088
:104B4000F002102A58D1DB074ED5D6F8A030013339
:104B5000C6F8A0301823002203FB006300210020C8
:104B600083F8902603F5D463C3E90001737C002B1E
:104B70003FF404ADD6E9262398A8CDE998231AF08E
:104B800063FC41F28833984271F10001FFF6F6AC04
:104B90004FF000087C2241460DF21C590DF5A4602F
:104BA000CDF81C851EF0E1F84946207FFBF73EF961
:104BB000DDE99823C6E9262394F83600D4E9006796
:104BC0000009D4F818A0B4F92AB0FBF79BF83246D4
:104BD000CDE903503B464046CDE9019B5449CDF811
:104BE00000A01AF051F9C9E4D6F8A4300133C6F890
:104BF000A430FEF7D9FAADE7602AB7D1D6F8A830CD
:104C00000133C6F8A830FEF7CFFAAFE70B9DAF6AC5
:104C1000002F3FF4B3AC95F8316006F07F06A6F1A3
:104C20003303022B00F298803F4C2078002876D086
:104C300005F131010DF21C501AF0CFFB054650B1C1
:104C400002460220D4F884303A490133C4F8843053
:104C50001AF01AF992E49DF81C25352A32D194F8FD
:104C6000943084F89530E36CBBB91AF0DFFBC4E9EB
:104C70001601E36C13FA87F7236DE76401332365AC
:104C8000BDF82035A4F87230BDF81E35A4F8743094
:104C90001AF0CCFBC4E9180170E4B4F87210BDF846
:104CA00020354A1C9342E4D0D4F88020607C013245
:104CB000C4F880200028DCD0009101201E491AF0A1
:104CC000E3F8D6E7332A1DD1BDF81E25B4F87430B9
:104CD0009A4206D119491AF0D7F80220FFF78AFA4A
:104CE0004CE4B4F876108A4209D1134601201449E5
:104CF0001AF0CAF8B4F87630A4F87430EDE7012061
:104D00001049BFE4342A07D10F491AF0BDF82846EC
:104D10000E490DF5A4629BE70D49012098E70D4966
:104D20001AF0B2F82AE400BF00060120DF230400D5
:104D30001E24040080240400A4240400C5140400DC
:104D4000FB240400D2250400582604003CF2030092
:104D50004916040071260400322E3FF40FAC0024E3
:104D60003C22214699A898941DF0FFFFB5F9043024
:104D7000AA6A2046049203EBD3725210CDE90232A4
:104D8000B5F90630144901932B68DFF85890009369
:104D9000D5E908231AF078F805F130080DF21C5710
:104DA000AB6AA34208D93819494618F8012F0134D3
:104DB00018F048FA402CF3D1002339194B703046D3
:104DC00098A9FCF75BF900970246AB6A01200349FA
:104DD0006DE40349A1E700BFD8120400B326040024
:104DE000F12604009EE70300013808B5244B032890
:104DF0000CD8DFE800F002171B2593F8340093F875
:104E0000352093F836301044184408BD1D4940F24F
:104E1000B6431D4A1D481BF0C8FA40F2B6411A4875
:104E20001BF0BAFA93F82300032807D193F8370050
:104E300093F8382093F839301044E5E7042813D16B
:104E400093F8351093F8342093F838000A4493F817
:104E500036100A4493F8371093F8393018448A42D0
:104E6000ACBF80184018D0E70028CED008494FF4D6
:104E70009963054A05481BF098FA4FF49961CEE70B
:104E8000A80E0120C8300400F727040026560300AE
:104E90002C2804002DE9F743804601A80F469146CF
:104EA0001AF093F9064640B90220314919F0ECFF97
:104EB0006FF00B0003B0BDE8F083FCF7DBF80025D2
:104EC0000268019B2B4C1A604268019B04F16A0145
:104ED0005A60E2695D619A60274AC3E90E87DA6029
:104EE000264A01279A61E26AA3F84070C3E9099251
:104EF000228CA3F844501A8494F83720DD6683F896
:104F0000422094F83820A3F8462003223272B4F8E5
:104F10006820586FA3F872201DF000FF019B3046F7
:104F200083F86070D4F82623C3F86120D4F82A23CC
:104F3000C3F86520B4F82E2383F82C70A3F86920F9
:104F400044F26822F2601A6344F24F625A63FBF73C
:104F500029FA50B902200A4A0A4919F095FF304649
:104F60001AF051F96FF00F00A4E72846A2E700BF3E
:104F70005C280400A80E01201D52010055570100B5
:104F8000F9340400A50404002DE9F743804601A884
:104F90000F469146FBF736F9054640B902203649DF
:104FA00019F072FF6FF00B0003B0BDE8F08300262C
:104FB000FCF760F8019B314A314CDA60314A5E619E
:104FC0009A61E26AC3E90E87C3E90992228C83F8E9
:104FD00041601A8494F8342094F8351083F8422004
:104FE000A3F846100122042183F84020A3F844606E
:104FF0009E64297243F68261E96083F82C200222C4
:10500000196344F2672183F8582094F826205963E5
:1050100083F84C2094F82220022A17D14FF0FF3257
:105020009A6494F82320A3F846601AB12269E16AD1
:105030004A439A64002243F68161C3E909221A6156
:105040009A6183F82C20E96083F8582000240268D4
:1050500028461A655C65FBF7A5F950B902200A4A93
:105060000A4919F011FF28461AF0CDF86FF00F0029
:105070009AE7204698E700BF8A280400F55101000E
:10508000A80E012055570100D9340400B8280400A7
:105090002DE9F34780460F46464EFAF7EBFD58EAF6
:1050A0000703326914D1444D451941F1000996F8BE
:1050B00022A0BAF1030F14D128464946FFF7EAFEB1
:1050C000044640B102463D49022019F0DDFE23E0CE
:1050D0004546B946EBE758EA07071CD1C6E9F0593F
:1050E00019E0BAF1010F1BD128464946FFF74CFFE2
:1050F000044610B102463249E6E758EA070796F837
:10510000343008D14FF46152A3FB02325B1949EBF2
:105110000202C6E9D6320024204602B0BDE8F0877C
:10512000BAF1040F2AD1284649460192FFF72CFF15
:10513000019A044610B102462249C5E758EA07071A
:1051400096F8343009D028464946FFF7A3FE0446B6
:105150000028E0D022461C49B6E74FF46151A3FB7A
:1051600001315B1949EB0101C6E9D63128464946B0
:10517000FFF790FE04460028B0D0EBE7BAF1020F2B
:105180000BD01249124840F21E43124A1BF00DF98F
:1051900040F21E410F481BF0FFF800222846494606
:1051A000FFF7F2FE04460028B5D002460A495046F1
:1051B0008BE700BFA80E012000F0D200F128040008
:1051C0002B290400652904009D290400D529040029
:1051D00026560300F72704000D2A040008B54FF4F3
:1051E0007272002102481DF0C0FD002008BD00BF02
:1051F000A80E0120C089084940B9D1F8800308B938
:10520000C1E9DC230130C1F880037047D1F8843351
:105210000133C1F884337047A80E0120C0890549C5
:1052200010B9C1E9F0237047D1F8B0330133C1F8A8
:10523000B0337047A80E01202DE9F0438DB005462C
:105240008946FBF717FF8046B9F1000F05D14FF4EF
:1052500072724946B5481DF088FD0026B34C3146B0
:10526000202204F56A7066601DF07FFD31465022F1
:1052700004F556701DF079FD40F28113A4F89C33BB
:105280000F2384F89E33AA4B2F46C4F8A033012382
:1052900004F11C0623760FCF0FC697E80F0086E8AF
:1052A0000F00A879FFF7A0FD2081A879FFF79CFDEA
:1052B00010B34FF4615380FB0330C4E90430B9F1FB
:1052C000000F40F0D180AB79DA1E012A00F2C880CD
:1052D000287F697A013886B2C0B219F06DFE87B2B4
:1052E0006FB90220934A944919F0CEFD4FF0FF3573
:1052F00028460DB0BDE8F0834FF0FF33DDE7B7F58A
:105300002F7F83B205D902208A4A8C4919F0BCFD4F
:10531000ECE719468A4819F0ACFE8A4BC4F826938C
:10532000C3F80490A3F8089094F8263306F00F060B
:1053300003F0100346F020061E43A4F8687084F8BA
:105340002663D8F8003084F82733D8F804301B0AD5
:1053500084F828332B6884F829336A7A94F82A333E
:1053600062F3030384F82A3395F90800FAF7DAFCAC
:1053700094F82A3360F3071384F82A332B681B0A46
:1053800084F82B332B6884F82C33EB7A2BB1AB7970
:105390005A1E012A2FD9042B2DD002A8F8F7B6FDEA
:1053A000002840F0BF809DF80800002800F0BB8076
:1053B000FAF760FC4FF487360546D8F838000C46FB
:1053C000A0FB0601D8F83C704FF47A72002306FB6C
:1053D0000711F3F70DFC031841EB01021B1841EB19
:1053E0000201581944EB010153E0AB795A1E012A1E
:1053F00001D9042B3BD12822002102A81DF0B5FCC5
:105400004FF47A53022701260493D8F800308DF820
:1054100018700593AB7A8DF829608DF81E30AB8833
:1054200002A8ADF82030D8F800308DF82830D8F830
:105430000430ADF82A304FF0FF330993FAF74EFDF0
:10544000054658B3049B3B4A00933F490346384600
:1054500019F01AFDD4F884333344C4F8843347E791
:10546000EA7A002A94D198E7EB7A002BBDD1FAF7BB
:1054700001FCD4E90427354BC31894F8220041F10C
:105480000006032816D1D4E9F001984271EB060416
:105490000CD30DB0BDE8F043FFF7FABDD4F880336C
:1054A00084F868630133C4F8803321E7101841EBB6
:1054B0000701EAE7012801D0042827D194F8271032
:1054C00009B34FF4615194F83450A5FB015CD4E961
:1054D000D60150EA01040BD11D4940F29A231D4A1E
:1054E0001D481AF062FF40F29A211A481AF054FF40
:1054F000401B61EB0C01984271EB0604C9D21018F5
:1055000041EB0701F7E7D4E9F001F4E7022809D0FD
:10551000124940F2A5230F4A0F481AF046FF40F205
:10552000A521E2E700200146B3E700BFA80E012055
:105530000F27F1D8C2340400472A04006C2A040063
:10554000120F0120CE1101208B2A040000603D08BB
:10555000BE2A0400F727040026560300D5290400BC
:1055600073B5054610460E46144616F0B7FD019079
:1055700078B1224631461DF0D1FB8DF80050002253
:1055800000236946044812F013FE10B101981DF083
:105590008BFB02B070BD00BFB4ED0020F0B5ADF5DF
:1055A0003D7D6C4605468C46B0F90430064603EB5B
:1055B000D3735F100FCD0FC42B68ADF82C70194654
:1055C00023600A93DCE90023CDE908230023ADF82A
:1055D0002E300E4BB1F52F7F1B8CADF814300ED84A
:1055E0000A460DF13100F1681DF098FB4FF43C7252
:1055F00069460620FFF7B4FF0DF53D7DF0BD4FF481
:105600002F7203481AF011FEF6E700BFA80E012022
:10561000D41E040070B5044600F10805284692B077
:10562000FAF73CFB2278D31E092B00F28880DFE8D2
:1056300003F06A7178577F860531414904AD04F162
:1056400010060FCE0FC596E80F0085E80F00D4F8BE
:105650001E306946CDF83230D4F822300520CDF81E
:105660003630E38CADF83A30D4E90223CDE900239B
:10567000D4E90423CDE90223A37FC3F303028DF809
:1056800030204822C3F300138DF83130FFF768FF54
:1056900012B070BDD4E9022302AD1034CDE900236D
:1056A0000FCC0FC594E80300202285E8030069466B
:1056B0000320EBE7294604F1100012B0BDE870406A
:1056C000FFF76CBFD4E902231034CDE9002394E83E
:1056D000070002AB83E80700182269460420D5E7DB
:1056E000D4E90223CDE90023236968460293E38AC3
:1056F000ADF80C30A38AADF80E3019F0ADFD1022D4
:1057000069460220C2E704F1100012B0BDE8704003
:10571000F8F75EB904F1100012B0BDE87040F8F778
:1057200039B904F1100012B0BDE8704019F0DFBBC8
:1057300004F1100012B0BDE87040F8F757B9034902
:10574000034812B0BDE870401AF06FBDA5340400E4
:1057500096DF030040F2CD7307B50190A0F57A50B3
:10576000023898420BD90A490A484FF453730A4A3F
:105770001AF01BFE4FF4537107481AF00DFE042275
:1057800007200DEB0201FFF7EBFE03B05DF804FB11
:10579000CB2A040026560300F7270400012307B58F
:1057A0008DF800300023019300220023694605484C
:1057B00012F0FEFC10B101981DF076FA03B05DF80E
:1057C00004FB00BFB4ED00202DE9F347AC4CFBF720
:1057D00051FCD4F8B833E66A94F83820B34228BFB5
:1057E0003346054694F8220002FB03F894F83590FE
:1057F000D4F88CA3FFF7F8FA94F82220E16A032A80
:1058000001FB00F740F0F1804046F2F7EFFD8046E3
:1058100038468946F2F7EAFD02460B4640464946BD
:10582000F2F778FF0022974BF2F74AFE06460F4642
:1058300000206A68944919F027FB002200233046B3
:105840003946F3F7A5F8002800F00B8100208F49B6
:1058500019F01AFB94F82230033B012B1DD80020CD
:10586000D4F8AC238A4919F00FFB0020D4F8A82300
:10587000884919F009FB0020D4F8B823864919F0AB
:1058800003FB0020D4F8B023844919F0FDFA00206E
:10589000D4F8B423824919F0F7FA94F822305A1E4A
:1058A000012A02D9042B40F0E880638CD4F87C23D1
:1058B000022B08BF00256668E76A18BFB5184FF0CD
:1058C0000000784918BF7D1B19F0DEFA0020D4F8DB
:1058D0007823754919F0D8FA00206268734919F0E5
:1058E000D3FA0020D4F88C23714919F0CDFA0020A6
:1058F000D4F884236F4919F0C7FA0020D4F888231C
:105900006D4919F0C1FA002D22DD2846F2F76EFD2F
:10591000A7EB0608064640460F46F2F757FD02463B
:105920000B4630463946F2F7F5FE564B0022F2F7A9
:10593000C7FD06460F462A460220604919F0A4FA20
:1059400032463B460220CDE900585D4919F09CFAE9
:10595000D4F894235B49002A00F08980022019F0D2
:1059600093FAD4F890235849002A00F0828002204C
:1059700019F08AFAD4F898235449002A7BD00220DF
:1059800019F082FA94F99C230020514919F07CFA0D
:1059900094F99D234F49002019F076FA94F89F035B
:1059A000FAF7B0F94C490246002019F06DFA94F864
:1059B0009E03FAF7A7F949490246002019F064FA54
:1059C000B4F9A2230020464919F05EFAB4F9A023E5
:1059D0000020444919F058FA002094F8A4234249C1
:1059E00002B0BDE8F04719F04FBA564528BF5646F9
:1059F000012A09FB06F03FF408AF042A01D1404414
:105A000003E794F82330032B0DD194F83800022AD1
:105A100023D0364940F20F13354A36481AF0C5FCF8
:105A200040F20F1111E0042B05D194F8353094F8B1
:105A300038001844EBE75BB12F4940F2E2432C4AAF
:105A40002C481AF0B2FC40F2E24129481AF0A4FCBA
:105A5000022ADED100260027EAE60028FAD04843D1
:105A6000D3E632463B46254919F00EFAF2E61046D7
:105A700075E710467CE7104682E702B0BDE8F08784
:105A8000A80E012000005940182B04003E2B0400F2
:105A9000AC2B0400E02B0400142C0400482C040060
:105AA0007C2C0400B02C0400E42C0400182D04000D
:105AB0004C2D0400802D0400B42D0400E82D0400BA
:105AC0001C2E0400622E0400962E0400CA2E040030
:105AD000FE2E0400322F0400662F04009E2F0400C7
:105AE000D62F04000A3004003E300400D5290400FB
:105AF000F7270400265603002C280400732B04000B
:105B00002DE9F341B94DBA4C4FF0FF324FF0FF335E
:105B10006946284612F02AFC9DF80020531E062BE9
:105B200000F2AD81DFE813F00700120061006A00A7
:105B300073004A017401FFF747FE1120F7F744FD97
:105B40000023237601981DF0AFF8DDE7237E01994D
:105B5000002BF7D08B68A3F58442683AB2F57A7FC0
:105B600026D2CB89F3B9D4F8AC33B4F8682001332A
:105B7000C4F8AC33D4F8A8331344C4F8A833D4F829
:105B8000B8330133C4F8B83394F868238B6812B380
:105B9000B3F57A5F1FD10020964919F075F9FFF728
:105BA000FDFDCFE7D4F8B4330133C4F8B433EBE7E9
:105BB000A3F57A53B3F57A7FE6D2CB892BB9D4F823
:105BC0008C330133C4F88C33DEE7D4F888330133E7
:105BD000C4F88833D8E743F681629342B2D10422F5
:105BE00007200831FFF7BCFCACE7237E002BA9D0CF
:105BF000D4F890330133C4F89033A3E7237E002B0D
:105C0000A0D0D4F898330133C4F898339AE7019BB5
:105C100094F99C03B3F9282002EBD2725110B0EB37
:105C2000620F94F99D23B8BF84F89C138A42C8BFC1
:105C300084F89D1393F8362094F89F03C2F3031160
:105C4000B0EB121FB8BF84F89F1393F8362094F876
:105C50009E03C2F30311B0EB121FC8BF84F89E135A
:105C6000B3F92A20B4F9A2139142B8BFA4F8A22331
:105C7000B3F92A20B4F9A0139142C8BFA4F8A02315
:105C800093F83620C2F3020284F8A423D3E9020178
:105C9000C4E9D6011B7F2BB1D4F894330133C4F887
:105CA00094334FE7237E13B95349022098E094F8C8
:105CB0002730002B6ED0D4F87C33002B5BD194F8C6
:105CC0006823C4E9D801002A3FF43CAF84F8683364
:105CD000FBF7D0F90746F9F7CDFF4FF4873C0646AE
:105CE000B86B8846A0FB0C01D7F83CE04FF47A7201
:105CF00000230CFB0E11F2F77BFF821948EB010326
:105D000094F82210D4E9046C03290CD1D4E9F001F1
:105D1000904271EB030702D3FFF7BAF912E730188C
:105D20004CEB0101F4E7012901D0042912D14FF411
:105D3000615194F83470A7FB017ED4E9D601C01BF1
:105D400061EB0E01904271EB0307E5D230184CEB8A
:105D50000101F7E702290BD0284929484FF4347391
:105D6000284A1AF022FB4FF4347126481AF014FB2B
:105D700010461946D0E7012B7FF4E4AED4E9D823CE
:105D8000801A61EB0301D4E90423F2F731FF0138F3
:105D90006060D7E694F82230042B7FF4D3AED4F8B9
:105DA0007C33002B7FF4CEAED4E9DC36C01A61EB35
:105DB0000601D4E90423F2F71BFFE9E7019B9B6A84
:105DC0008BB1207E58B1D4F8782312FA83F3C4F84B
:105DD0007833D4F87C330133C4F87C33B2E60A4913
:105DE00019F052F8AEE609495FE700BFB4ED0020B4
:105DF000A80E01207230040089300400B030040085
:105E000026560300F7270400F43004003431040060
:105E1000019B1E68237E002B3FF494AE3246002087
:105E2000194919F031F8A6F58443683BB3F57A7F38
:105E30000BD340F2E532A6F57A53023B934215D8D4
:105E400094F82230012B7FF47DAE236894F828204B
:105E5000013323601AB9226B9342BFF4A0AEFFF75F
:105E6000B3FC01210948FFF7E7F96BE643F68163CC
:105E70009E427FF467AE94F82230022BE3E70120C4
:105E8000034919F001F85DE662310400C40E0120F7
:105E900085310400F8B56B4C0546237E3BB10220EA
:105EA000694918F0F1FF4FF0FF352846F8BD674803
:105EB00011F016F8014610B165481AF0B6F92846F7
:105EC0000021FFF7B9F9054610B100232376ECE76E
:105ED000604918F0D9FF94F822300020013BDBB272
:105EE000032B96BF5C4A5D4A52F823205C4918F0A8
:105EF000CBFF0020228C5B4918F0C6FF5A4F94F864
:105F000028205A4E0020002A0CBF3A4632465849F3
:105F100018F0BAFF94F82230022B42D194F82720CF
:105F20000020002A0CBF3A463246524918F0ACFF16
:105F3000002094F92620504918F0A6FF94F8233049
:105F4000002BB2D0013BDBB2032B96BF424A434A3F
:105F500052F823200020494918F096FF0020E26AF9
:105F6000474918F091FF00202289464918F08CFF1C
:105F7000D4E904230020444918F086FF94F8372020
:105F80000020424918F080FF94F838200020404952
:105F900018F07AFF002094F839203E4918F074FF79
:105FA00083E70020E2693C4918F06EFF0020E26AB6
:105FB000334918F069FF00202289324918F064FF44
:105FC000D4E904230020304918F05EFF94F8223011
:105FD000042B01D0012B22D1002094F834202F492A
:105FE00018F052FF002094F835202D4918F04CFF8E
:105FF000002094F836202B4918F046FF002094F931
:1060000026201D4918F040FF94F82710164A174B18
:106010000020002918BF1A46164918F035FF94F8D9
:106020002230033B012B3FF640AF94F9242000209F
:106030001D4918F029FF0020B4F868201B4918F00A
:1060400023FF9BE7A80E0120B33104001556010081
:1060500050D80300D3310400B44B0300385C030074
:10606000ED3104000F320400AD310400AF6F0400C5
:1060700031320400533204007532040097320400B8
:10608000B9320400DB320400FF3204002333040081
:10609000453304006733040089330400AB33040044
:1060A000CD330400EF330400113404003334040012
:1060B000034B187E10B9034918F0E6BEFFF76EBB1C
:1060C000A80E012055340400012938B504460AD928
:1060D000526806491BF010F94FF0FF3520461BF0BF
:1060E00019F9284638BD0125F8E700BFEE5B03002B
:1060F00010B5044604F0E0FC204602491BF0E0F82D
:10610000002010BD1935040038B5054619F044FDCE
:1061100018B119F04AFD044610B90024204638BDD4
:106120000246024928461BF0E7F8F7E73735040036
:106130002DE9F0431546012200230C46384E39491B
:1061400032600A60262287B0CDE90233DFF8FC8096
:10615000354F0492ADF814300DF10C0943463A4620
:1061600029462046CDF800901CF07DF9431C09D14A
:106170003368A3423ED204F18044013C55F8242008
:106180002A490DE0702827D011DC68280BD06D2833
:1061900029D03368264903F18043013B55F8232079
:1061A000022018F071FE2348F5F7BCFC32E0742899
:1061B000EFD1214B0A21186802AA1BF077F9029B44
:1061C0000490002BCAD002201C4918F05DFE6FF02D
:1061D000150007B0BDE8F083174B18681CF07CFD74
:1061E0008DF81500BAE7144B18681CF075FD8DF892
:1061F0001400B3E70020049A114918F045FE04A8E2
:1062000000F026FE0346029030B10220049A0D49A8
:1062100018F03AFE0020DCE70B4918F035FEF9E7EC
:10622000F4E70020444E0120863504002C6503006D
:10623000FF6403005C3F0400404E01208C630300B8
:106240008E350400CC35040016360400CCE2002064
:1062500008B50020054918F017FE01F06BFD03F0AA
:1062600009F8BDE8084003F0B5BC00BF36360400AD
:1062700038B505460C4619F08FFC08B9002038BD2A
:10628000FAF7F8FE90F84130A342F7D0054B064AE2
:106290002846012C08BF1A4604491BF02DF84FF080
:1062A000FF30ECE77A5F0400355C03004B360400F6
:1062B00000232DE9F04FADF5377D0C46022107464E
:1062C000164602930393FFF7D3FF0DF10C08054622
:1062D000002861D13846FFF717FF054600285BD13B
:1062E00019F05AFC18B1384660491AF0F7FF012C32
:1062F00040F29080706858B15D49F2F7B1FC0746F2
:1063000030B919F0B9F838465A4918F0BDFD43E0E4
:106310000123594A594F13603B6026220023DFF8BE
:1063200088A1DFF88891ADF818300492ADF81430E8
:106330008DF8163053464A4631462046CDF8008047
:106340001CF091F8431C09D13B68A34266D204F1CA
:106350008044013C56F82420494958E0643810280C
:106360004ED8DFE800F01E4D4D4D5742494D4D3B94
:106370004D4D344D4D4D0900424B0A21186802AA7B
:106380001BF094F8029B0490002BD3D002203E49CE
:1063900018F07AFD6FF0150528460DF5377DBDE83C
:1063A000F08F384BD3F800B05846F2F763FC40F258
:1063B000BA23984205D95A460220344918F064FDA0
:1063C000E8E759460DF11A001CF074FEB2E72D4BB8
:1063D00018681CF081FC8DF81600ABE7294B186893
:1063E0001CF07AFC8DF81500A4E7264B18681CF009
:1063F00073FCADF818009DE701238DF8143099E780
:106400003B68234903F18043013B56F823200220D7
:1064100018F03AFD1F48F5F785FBBDE79DF81430ED
:106420006BB10DF11A00F2F725FC40F2BA231E30D1
:10643000984204D90220184918F026FDEAE7002006
:10644000049B16490DF11A0218F01EFD04A800F075
:106450007FFD029040B10090049B022010490DF195
:106460001A0218F011FD97E70E494EE77136040045
:106470005C3B0400B1360400444E0120F4E70020E8
:106480002C650300404E01208C630300C2360400DB
:10649000FF640300763C0400EB360400363704004A
:1064A00068370400A63704005CE20020DE360400F2
:1064B0002DE9F04F164601220C46DFF878814E494F
:1064C00000230A60C8F80020262287B00221054672
:1064D000CDE902330492ADF81430FFF7C9FE20BBBA
:1064E000FAF7C8FD0746D0B1DFF84CA1DFF84C91B0
:1064F0000DF10C0B53464A4631462046CDF800B00C
:106500001BF0B1FF431C13D1D8F80030A34241D295
:1065100004F18044013C56F82420384917E03849FA
:1065200028461AF0E9FE6FF0150007B0BDE8F08FBD
:10653000702821D012DC68280CD06D2823D0D8F820
:106540000030304903F18043013B56F823202846B0
:106550001AF0D2FE2C48F5F7E5FAE4E77428EED1FC
:106560002A4B0A21186802AA1AF0A0FF029B049085
:10657000002BBFD02649D3E7244B18681CF0ACFB96
:106580008DF81500B6E7214B18681CF0A5FB8DF8B7
:106590001400AFE797F84030012B19D100201D49B6
:1065A00018F072FC0020049A1B4918F06DFC04A836
:1065B00000F09CFC0346029030B1049A1749022077
:1065C00018F062FC0298B0E7154918F05DFCF9E795
:1065D0000120144918F058FC0020049A124918F0C0
:1065E00053FC04A800F0E6FB0346029010B1049AA5
:1065F0000E49E4E70E49E8E7444E01201038040054
:10660000C1370400EF37040014410400404E01205C
:10661000D93704003938040054380400973804008E
:10662000CE380400F43804005739040091390400CE
:10663000DB390400F4E700200CE300208635040079
:106640002DE9F04740F2816300250C46042188B013
:10665000CDE9031380461646CDE905550795FAF7AF
:1066600009FD01235E4A5F4F1360C26902218DF864
:106670001A208269404602953B608DF81B20ADF8D8
:106680001C30FFF7F5FD0546002840F0A18040468C
:10669000FFF73AFD0546002840F09A80DFF8609148
:1066A000DFF860810DF1080A4B464246314620462C
:1066B000CDF800A01BF0D7FE421C034609D13B6871
:1066C000A3427CD204F18044013C56F82420464980
:1066D0000CE0742B3CDC622B0FDC442B59D03B6864
:1066E000424903F18043013B56F82320022018F071
:1066F000CBFB3F48F5F716FA6AE0633B112BEED867
:1067000001A252F823F000BF6F670100DF660100AD
:10671000876701009B670100DF660100F3660100E7
:10672000B1670100DF660100DF660100DF6601007E
:10673000DF660100DF660100DF660100DF66010041
:10674000DF660100DF660100DF6601007B67010094
:1067500040F2E932934224D040F2EA329342BED171
:10676000244B18681CF0B8FA8DF81A009CE7214BEE
:1067700018681CF0B1FA049096E71E4B18681CF0DC
:10678000ABFA039090E71B4B18681CF0A5FA059034
:106790008AE701238DF8183086E701238DF8193038
:1067A00082E7144B18681CF097FA8DF81B007BE702
:1067B000104B18681CF090FAADF81C0074E703A8A1
:1067C00000F0BAFA024638B102200B4918F05CFB1F
:1067D000284608B0BDE8F087084918F055FBF7E7F0
:1067E000444E0120F4E700202C650300FF64030001
:1067F00079450400404E0120073A0400283A04007D
:106800006CE30020FB3904002DE9FF4700230D460F
:106810000121ADF808308DF80A3003933F4F404B0B
:106820008046164619603960FFF722FD0446A0B97C
:106830004046FFF769FC044678B9FAF71BFC90F86C
:106840004030012B42D190F84130012B3ED04046E0
:1068500034491AF051FD4FF0FF34204604B0BDE832
:10686000F08768282ED070281BD0632820D12E4BAB
:1068700018681CF031FAADF808004B464246314624
:106880002846CDF800A01BF0EEFD431CE9D13B6883
:10689000AB4222D205F18045013D56F8252023491F
:1068A0000DE0214B18681CF017FA8DF80A00E4E798
:1068B0003B681F4903F18043013B56F82320022027
:1068C00018F0E2FA1B48F5F72DF9C6E7DFF87490E7
:1068D000DFF874800DF10C0ACFE7FAF7CBFBBDF8B7
:1068E0000810054661B10122008918F081FB38B912
:1068F00002202B89BDF808200F4918F0C5FAE1E7FE
:1069000002A800F09BF9024620B102200B4918F0C2
:10691000BBFAA2E70A4918F0B7FA9EE7F4E70020AD
:10692000444E01203D3A0400404E01202C650300F6
:10693000FF640300C4420400256903006D3A0400AB
:10694000893A04004CE30020673A040038B501217D
:106950000546FFF78DFC044650B92846FFF7D4FBE7
:10696000044628B9034918F08FFA204600F0DAF9F6
:10697000204638BD993A040070B5C6890446A2B0D5
:10698000002E61D000217C2203A802911CF0EDF9B9
:1069900041F209039E420FD002ADB4F90C102A4611
:1069A0003046F9F7E9F9A16864291BD12B463A4A28
:1069B0003A49022018F068FA00F040FF50B940F25E
:1069C000E932A368934203D0A3F57B73012B01D86E
:1069D000F8F7C8F8A368642B5CD122B0BDE870401A
:1069E00000F032BF6FF47A700B18012B0AD8E389DC
:1069F000012B03D1284A2A490120DBE72B46264AEE
:106A00002849D6E740F2EE33994203D12B46224A79
:106A10002549F1E7632903D12B461F4A2349EBE7B8
:106A200040F28233A1F165029A4207D82B46012039
:106A30000091194A1E4918F027FABDE70B460220BB
:106A4000154A1C490095F6E76FF47A7283689A1824
:106A5000012A04D81849002018F016FAACE7A3F56B
:106A60007A73052BA8D801A252F823F08D6A010091
:106A7000B9690100B9690100856A0100896A0100EC
:106A8000916A01000D49E6E70D49E4E70D49E2E7A7
:106A90000D49E0E722B070BD455104001C4D0400D3
:106AA000354D04006C4D04008A4D0400B34D0400C4
:106AB000D64D0400A9100400FC4D0400164E04003D
:106AC0003C4E0400634E04008D4E040008B5094B93
:106AD0002422184600211CF048F9074A0749826120
:106AE000074812F089FB0749074812F085FB002090
:106AF00008BD00BFB43B0120796901000D6B0100A6
:106B0000A03B0120D16C01008C3B0120F0B5C9B045
:106B10000546F7F7E9FF38B902203B4A3B4949B03F
:106B2000BDE8F04018F0B0B9FAF7A4FA1022044614
:106B300000210DEB02001CF018F940F201130227AE
:106B40000126ADF80830E36900218DF80A30A36909
:106B500002A88DF80B302B8A8DF8167003936369A9
:106B60000493637C8DF81C608DF81730F7F702FCF6
:106B7000024628B12649384618F086F949B0F0BDDA
:106B8000244918F081F94FF470120023224812F0C2
:106B900069F810B11C4A2149EDE7F7F70FFB041E15
:106BA0001F4F0FDC1F4908A81CF084FA00241E495F
:106BB000204608AA3C7018F067F920461B4918F0D7
:106BC00063F9DBE722461A4908A816F03BFB2B695C
:106BD00001A80193ADF8044000F0CAFC044628B1B6
:106BE0000246144908A816F02DFBDFE708AA0E4953
:106BF0003E7018F049F920460F4918F045F9304623
:106C00001BF042FCBAE700BF19510400B34E040068
:106C1000D04E04003467030094EE0020EF4E0400D1
:106C2000B43B0120244F04003CF203009C4F0400BD
:106C3000414F0400674F0400894F040030B5134CE6
:106C40000546237885B043B10220114918F01CF99C
:106C50006FF07704204605B030BD0E4B23610E4B1C
:106C6000E36004F114030FCB8DE80F00043494E8C3
:106C70000F00F7F73FFF04460028EBD128680749CB
:106C8000086107481BF088FEE4E700BFB43B012021
:106C9000BB4F0400E174010075F40200A03B012029
:106CA00028F20020F0B589B06C4606460F46074D25
:106CB0000FCD0FC495E80F0084E80F003A46314627
:106CC0006846F9F73FF809B0F0BD00BF1047030070
:106CD00070B500240546A0B00F4E7C22214601A8C5
:106CE00000941CF042F800F097FDF460F7F73AFFCB
:106CF000012034701BF0CBFB287C20B9074918F029
:106D0000C3F820B070BD6946FFF7CCFF04490246C6
:106D1000012018F0B9F8F4E7B43B0120D24F040089
:106D2000ED4F04000249087402481BF035BE00BF55
:106D30008C3B012028F2002030B589B00446FAF7D8
:106D400099F914220546002103A81CF00EF83223FD
:106D500001936368029323680493A3688DF8143049
:106D6000637B8DF81530A37B8DF81730E37B8DF8AE
:106D70001830238AADF81A30237B0BB102F032FEB3
:106D800001238DF81D302B6800218DF81C306B68B5
:106D900001A8ADF81E30F7F719F9044620B10246F4
:106DA0000349022018F070F8204609B030BD00BF3A
:106DB0005367030070B50546A6B0006802F0F2FD07
:106DC000064648B902202A681D4918F05DF86FF0A0
:106DD0001504204626B070BD1A4C94E80F008DE8CB
:106DE0000F0014E90F00F7F785FE04460028F0D1E4
:106DF0000DF11700F7F78AF8014688B99DF817409A
:106E0000022C0DD17C22069007A81BF0AEFF06A92C
:106E10002046F9F737F801200B4906AA18F034F894
:106E20002946304601F0FEFD04460028D1D0024636
:106E30000649022018F028F8F7F794FEC9E700BFCA
:106E4000BD5E0400C83B01200B5004008C500400C0
:106E500070B50546A6B0006802F0A4FD064648B924
:106E600002202A681D4918F00FF86FF0150420461B
:106E700026B070BD1A4C94E80F008DE80F0014E99D
:106E80000F00F7F737FE04460028F0D10DF1170088
:106E9000F7F73CF8014688B99DF81740022C0DD150
:106EA0007C22069007A81BF060FF06A92046F8F791
:106EB000E9FF01200B4906AA17F0E6FF29463046F4
:106EC00001F092FF04460028D1D002460649022074
:106ED00017F0DAFFF7F746FEC9E700BFBD5E040012
:106EE000C83B01200B500400AE5004007FB505469E
:106EF000006802F057FD064648B902202A68114989
:106F000017F0C2FF6FF01504204604B070BD0E4CA0
:106F100094E80F008DE80F0014E90F00F7F7EAFD81
:106F200004460028F0D12946304601F09BFA044679
:106F30000028E9D002460549022017F0A5FFF7F71F
:106F400011FEE1E7BD5E0400C83B0120D150040002
:106F500070B50546A6B0006802F024FD064648B9A3
:106F600002202A681D4917F08FFF6FF01504204694
:106F700026B070BD1A4C94E80F008DE80F0014E99C
:106F80000F00F7F7B7FD04460028F0D10DF1170008
:106F9000F6F7BCFF014688B99DF81740022C0DD1C9
:106FA0007C22069007A81BF0E0FE06A92046F8F711
:106FB00069FF01200B4906AA17F066FF29463046F3
:106FC00001F02EFA04460028D1D0024606490220DC
:106FD00017F05AFFF7F7C6FDC9E700BFBD5E040012
:106FE000C83B01200B500400F95004002DE9F04F7C
:106FF00095B004460E469046FAF73CF883460028C2
:1070000000F0BB80002C00F0B8803268002A00F04D
:10701000B48094F90200F8F785FE00254FF00109CD
:107020009BF80030BBF80C20029353BA2946142277
:10703000ADF8123000F00F030FA803930895ADF8D8
:1070400018508DF81A9009951BF08FFE4FF0011221
:107050000F92DBF804204FF436711192DBF8002018
:107060004846120A0AAFCDE90A7713921BF023FEB5
:107070000DF1200A044630B340F6011202810522C8
:1070800082817C4A80F81490527880F819900276B8
:107090004FF4C0624583C2830577856280F8205033
:1070A0001320F8F73FFE0B9A84F82100C4E9007220
:1070B0004FF43671146048460B941BF0FCFD40B948
:1070C000384618F0E0F96FF00B09484615B0BDE8F6
:1070D000F08F9BF8423000215A1E052A98BF1825D0
:1070E0004FF0060294BFB5FBF3F50423027540F29E
:1070F000011288BF4FF0060984460F469FBF5FFA12
:1071000085F95D43C5F11805EDB202838376C1763A
:10711000CAB2AA422CBFCE4609F1010E7A1E7244B1
:10712000D2B2182F08BF1727172A28BF17220131FC
:107130008CF81D2001328CF81C70D7B2CAB29A426A
:107140008CF81EE00CF1030CE2D341F6022203EBB3
:107150004303043383810B9B0AAFC0E900730281B0
:10716000186031680B9006A8079118F0BEF9014627
:10717000079028B9384618F086F96FF01509A4E78A
:107180000FA818F007FA07900028F3D0394602F04C
:1071900045F907900028EDD033680022C51A1FFA80
:1071A00085F90121484617F00BFF9DF8202000F0DB
:1071B0000F0363F30302D2B242F0100218460593A4
:1071C00013078DF82020D5D0002117F0F1FE01B271
:1071D0000029CFDDA0EB0900059B82B200B2002898
:1071E00099460DDACDE900310220234A2349ABB29A
:1071F00017F04AFE384618F046F96FF0790964E74F
:107200000BD03946D2B207A818F038FC034620B19B
:107210000120194A1A4917F037FE079B039A336079
:107220000023CDF835308DF83930029B154D8DF89F
:107230002130BDF812301834ADF822309DF82430DA
:1072400062F307138DF824309AE803000CAB8DF835
:1072500034100C9003CB1B88C8F80000C8F8041049
:10726000A8F808300FCC0FC5236838462B6018F0FB
:107270000AF92AE77012012067550400BD51040085
:1072800004520400301501202DE9F04F8DB0054661
:107290008B469246F9F7EEFE0446002800F0CF80B8
:1072A000002D00F0CC80DBF80030002B00F0C78010
:1072B00095F90200F8F736FD10238DF80C3023689D
:1072C0004FF000098DF80D30A3894FF001085BBA2B
:1072D000ADF80E304FF00003142260F30713494657
:1072E00007A8CDF81090ADF804908DF810308DF807
:1072F00006801BF03AFD4FF00113079363684FF4CB
:1073000036710993236840461B0A05AECDE9056630
:107310000B931BF0D0FC044620B96FF00B000DB0AE
:10732000BDE8F08F40F601130381464B05275B78DB
:10733000878103764FF4C06380F81480C38380F89C
:107340001980A0F81A9080F81C90C0F8289080F856
:1073500020901320F8F7E6FC069B84F82100C4E98E
:1073600000634FF436711C60404606941BF0A3FC8A
:10737000054618B9304618F086F8CEE741F20133D9
:1073800003810723304A8381304B0775C0E9072307
:1073900040F207238384642380F82630069B80F81C
:1073A0001880C0E900631860DBF80010069001A89F
:1073B000029118F09AF80146029007A818F0EAF82E
:1073C0003146029002F02AF8DBF800300290C01A31
:1073D00087B24A464146384617F0F2FD9DF80C3018
:1073E00000F00F0868F30303404649468DF80C305F
:1073F00017F0DEFDC01B82B200B2002804DD31466A
:10740000D2B202A818F03AFB029B114FCBF8003021
:1074100003AB03CB1834CAF80000CAF804100FCC31
:107420000FC723683C46183544F8043B0FCD0FC402
:107430002B683046236018F026F840466FE76FF05F
:1074400015006CE7701201200C010A010400010A0A
:107450003015012070B51C46C38915468BB9094EFD
:10746000C6E9BA24F9F706FE90F84030012B08D19E
:1074700028462146B6F8F022034BBDE8704003F0E1
:107480004DBD70BD7012012000603D0838B5044646
:10749000F9F7F0FD104B054640F2D22200211846C4
:1074A0001BF063FC0346EA6901210270AA6903F834
:1074B000012F0A2254430022A24206DB6422BDE8C7
:1074C0003840012105481BF050BCF02AF6D003F8E3
:1074D000011F0132F0E700BF5A560120C3570120B7
:1074E00000222DE9F041114615464FF0010C4FF0F6
:1074F000020E4FF003081A4B93F9006093F90170E4
:10750000448A944213DC2DB3642017F053FE01200B
:10751000BDE8F041FFF706BCA742B4BF83F8E2E143
:1075200083F8E2C101320133EAE72546FAE7F02A9F
:10753000E9D04469A456002CF4DAA642ECDA9C782F
:1075400083F8E281002CF0D193F8F240002C18BFB0
:107550002146E7E709B10220DAE7BDE8F08100BF84
:107560005A560120014BD3E9BA017047701201202D
:107570002DE9F04F9B4D07462C78ADF53D7D5CB174
:107580000220994A994917F07FFC6FF015042046B4
:107590000DF53D7DBDE8F08FF9F76CFD4FF42F72CE
:1075A00090F840B0214680460DA806901BF0DDFB08
:1075B0004FF43E72214628461BF0D7FBBBF1010F6A
:1075C00038460AAA06A90AD1FFF710FD002804468A
:1075D00008DA0220844A864917F056FCD7E7FFF7FD
:1075E00053FEF3E738680134E4B2C5F8F0022046F0
:1075F000FFF74CFFF8F73EFB7E4B0646C31803939C
:1076000007A841F1000389460493F8F717FE0546E1
:1076100038B9754A7849022017F036FC6FF00B0430
:10762000B5E763234FF0000E744AC360B218079B9E
:1076300049F1000C398883F841E0C3E90E2CC3E915
:107640002C2CDFF8C4E11984C3F824E0C268A3F845
:10765000BC10C3F8B8203022C3F8C020182283F829
:10766000C420F8F79FFE10B9284617F0CCFD08A8F3
:1076700017F0ABFD054610B95B4A6149CBE7D8F876
:107680000000089A4FF0000A1060D8F8042008980B
:10769000069B42604FF0FF3282605A4AC0F814A045
:1076A000C2603A880DA90284039AA3EB010C82639D
:1076B000049A1FFA8CF3C263534AA0F84440426212
:1076C000032280F841A0A0F846A0C0F86CA02A725E
:1076D00064221C46A5F88A30EA60D5F88C001A4668
:1076E00005931BF01BFB224648480DA91BF016FB17
:1076F000059B3C4A0A98A2F8BE329DF82C30C5F88A
:10770000790085F878A0284685F87D30F8F74AFE9C
:1077100028B9284617F077FD6FF00F0437E7BBF163
:10772000010F40D04FF0650A374B394DF61849F13B
:107730000009039B9E42049B79EB030333D309A802
:10774000F8F760FD834670B30021099A51613B88C8
:1077500082F858101384039B9363049BD3632A4BD2
:107760005362062382F841300A235364D8F8283044
:10777000916482F84C30D8F800301365012382F808
:107780005530D8F8003082F85430B8F80C30A2F8F0
:1077900056300723C0F80CA00372F8F703FE90B927
:1077A000584617F030FD01230E4A00201370019453
:1077B0003B884FF4FA62009397F90230154917F0AD
:1077C00063FB0024E3E6039B0AF1010A5B190393C0
:1077D000049B43F10003BAF57A7F08BF4FF0650AB6
:1077E0000493A6E77012012094550400335204005C
:1077F0005052040000B01E046E52040000980904A8
:107800008B5204005574010000603D087212012083
:1078100000181500A952040008B5632017F001FDF7
:10782000642017F0FEFC40F2E731652017F000FD00
:107830000022014B1A7008BD70120120014B18780C
:10784000704700BF7012012030B5184D85B015F893
:10785000023C0095AC1E3BB3637801336370F9F7CB
:1078600009FC90F840306946012B01AA04F53C70F0
:107870000BD1FFF7BBFB00280ADA02200C4A0D49A6
:1078800005B0BDE8304017F0FFBAFFF7FDFCF2E7A6
:107890006420009A0549521B92B2A4F8BE2205B09A
:1078A000BDE83040F8F702BC05B030BD72120120CF
:1078B00044550400035304002DE9F04FAF4B054637
:1078C0001B780F46ADF5577D43B98A68AC48114621
:1078D0000DF5577DBDE8F04F18F0A7BC27AB4FF46E
:1078E0002F72002118461BF040FAF9F7C3FB00265F
:1078F0000446B0F80C9090F800A095F92E00CDE960
:107900000D6695F83080ADF83C60F8F70BFA2A8BDD
:107910004FF0010B130A0393D3B20222B9888DF8FA
:107920005C20ADF860106168ADF85EB01991B9687F
:1079300004931A91216827AB02901B9106A819465F
:107940008DF81A200793ADF8186017F0CEFD0146A8
:10795000079017A817F01EFE4FF43671079058468F
:107960001BF0A9F999FA99F98446002856D040F6F7
:1079700001300222CDE91002CDF84D601296CDF80B
:107980005160CDF8556010A90CF1080607C986E8CA
:10799000070003228CF8142007228DF84CB013AB9B
:1079A0008DF84F200CF118060FCB07C6337008AEC8
:1079B000CCE9006694F840B0C6E900CCBBF1010FF9
:1079C0000FD1D5E90823CDE90023B86895F92E2019
:1079D000298B03F081F9021E24DA5846694917F011
:1079E00053FA3146079801F019FD27AC0790001BA8
:1079F00083B208F00F073A4618460121059317F0A5
:107A0000DFFA00F00F0B3946584617F0D1FA02B2F0
:107A1000002A059B45DC5C4818F007FC0DF5577DF6
:107A2000BDE8F08F40F201138DF87220ADF8703090
:107A300094F842B01CAF87F803B0B4F8443004EBBC
:107A40008B023B713B46A24203F1020321D14FF46A
:107A5000367101201BF02FF904460028C1D041F6F1
:107A600002210181A121817207210DF1750303EB30
:107A70004B02D21B93B28381017503831A463946A8
:107A80001A301BF04BF97368C4E900631C60746022
:107A9000A7E7B4F846100434D970B4F8441019714B
:107AA000D1E7C01AC2B2314607A817F0E7FF034674
:107AB00020B10120354A364917F0E6F9029A4BF019
:107AC000300B47EA02178DF838700AAFBC46039AAC
:107AD0000DAB8DF83920049A8DF834B08DF835A0AF
:107AE000ADF836908DF83A2093E80700ACE8030033
:107AF00008A8ACF80020079E17F0C5FCD5E90810CF
:107B0000EB7EAA7E012B0CBF4FF4E1434FF461538F
:107B1000A2FB03231F4D361B491940F1000011EB56
:107B2000020843EB0005F9F7A5FA00238DF88C3025
:107B3000124BB6B2B3F8F032CDE92446ADF882303C
:107B40004FF4B4532193C3698DF8813003681CA8A6
:107B50001F9301238DF880304FF47A73CDE91C8593
:107B600022971E930FF08CFA024600283FF456AF7E
:107B70001E9B0949094818F058FB4FE77012012075
:107B800024530400665304009B530400D95404009A
:107B90000452040000460500115504005603040079
:107BA0002DE9F04F614B05461B780F46ADF54F7D33
:107BB000002B00F0B780F9F75DFA06464FF0000899
:107BC0000DF17C0A4FF42F72002150461BF0CDF8C6
:107BD000336895F92E000293B389CDE90C885BBA1E
:107BE000ADF8123095F830B0ADF83880F8F79AF863
:107BF0002B8B4FF0010901930223BA888DF83C309A
:107C0000ADF840207268ADF83E901192BA685146C6
:107C100012923268059006A88DF81A301392ADF8CA
:107C2000188017F062FC01460FA817F0B3FC07AFED
:107C300003904FF436714846C7E900770CAC1BF04F
:107C40003AF800286ED002238381032340F60132E4
:107C500003757B680281C0E90073C0F8188039465B
:107C600018607860039801F0D9FB0BF00F08A0EBC7
:107C70000A0742464946B8B217F0A2F9029B00F043
:107C80000F008DF83130BDF8123040F03000ADF803
:107C90003230059B8DF8300048EA0318019B8DF8BF
:107CA00034801B0A8DF83530019B0DF1240C8DF8C2
:107CB000363094E8070000248DF86C401B4C634676
:107CC000B4F8F042BFB2ADF862401FAC1C944FF460
:107CD000B45403C31D971994F4691A808DF8614058
:107CE0003468EB7E17940124D5E908204B450CBF7E
:107CF0004FF4E1434FF46153A97ECDF868C08DF88D
:107D000060404FF47A74A1FB03131694084C1219C7
:107D100040F10000521843EB000314A8CDE91423EE
:107D20000FF0AEF90DF54F7DBDE8F08F7012012018
:107D30000046050010B5164C0020164917F0A4F8AF
:107D40002178154B154A0020002918BF1A461449FE
:107D500017F09AF82378CBB1B4F8F022002011493B
:107D600017F092F894F9F22200200F4917F08CF8DE
:107D70004FF4FA6200200D4917F086F8B4F8BE22DD
:107D80000020BDE810400A4917F07EB810BD00BFC2
:107D900070120120BD530400890304008D03040008
:107DA000D4530400E95304000D5404003554040076
:107DB0005C540400F8B51D46DDE90667B24275EB78
:107DC000070314460BD31449144840F2E243144A03
:107DD00018F0EBFA40F2E241114818F0DDFA01F038
:107DE00099FD4FF487335843C31722460419294697
:107DF00043EB0505B44275EB070CF6D3B01A67EBFD
:107E00000101A21B65EB0703904271EB030302D350
:107E1000301B67EB0501F8BDBC5404002656030077
:107E200080540400094900220B4610B5CC688442F6
:107E300004D1482101FB0230083010BD0132102A64
:107E400001F14801F2D10020F7E700BFB01801208E
:107E500008B50B490B4811F0D5FA40F2EE3200217B
:107E600040F2FE30084BC3E903120132824219721C
:107E70009961197503F14803F5D1002008BD00BFD1
:107E80004D8E010068150120B01801202DE9F04F3A
:107E90009DB004461E4691460591DDF898A0F9F77D
:107EA000E9F84FF000088389049094F905002579DA
:107EB00093FA93FBCDE90B88ADF83480F7F732FFE6
:107EC000330A0293F3B20126022701906748039315
:107ED0000388049AADF8483003EB060C0599536803
:107EE000A0F800C0139315912368DAF8001007A8D2
:107EF00014930891ADF81C808DF81E708DF84470B5
:107F0000ADF8466017F0F1FA0146089011A817F095
:107F100041FB4FF43671089030461AF0CCFE04460F
:107F200000283CD040F601220523CDE90E23CDF8F0
:107F3000408000F108030EAA07CA83E80700182250
:107F40004146277516A81AF010FF494B04F1180E88
:107F500017934FF441730DF1580CADF86030BCE845
:107F60000F00AEE80F009CE8030009AB8EE80300A9
:107F7000C4E90033CDE90944F9F77CF890F84020D2
:107F80003046911B4A424A41B2404FF436718DF857
:107F900018608DF819201AF08EFE09AB20B96FF029
:107FA0000B001DB0BDE8F08F41F602220281A12234
:107FB000827209220275BDF81820878142830A9ACD
:107FC0000783C0E90032106019460A90089801F052
:107FD00025FADAF800200890801A05F00F0884B21C
:107FE000424631462046CDF8108016F0E9FF049A4B
:107FF00000F00F051146284616F0DAFF02B2002AFB
:1080000009AB06DC38461B4916F03EFF6FF0150041
:10801000C7E7001B1946C2B208A817F02FFD034698
:1080200020B13046144A154916F02EFF089B8DF8F2
:108030002D90CAF8003045F030038DF82C30019BAC
:10804000ADF82EB048EA0318029B8DF830808DF809
:108050003130039B279A8DF832300BAB03CB1B8852
:1080600010605160284613819BE700BFB0180120C3
:10807000010104014B2A04003D6204000452040083
:1080800073B5856806462846FFF7CCFE044640B91E
:108090002B460120154A164902B0BDE8704016F083
:1080A000F3BE3378012B09D12B4600200F4A11492A
:1080B00016F0EAFE0023237302B070BD022B0BD032
:1080C0000D490E4840F24C430D4A18F06EF940F24B
:1080D0004C410B4818F060F90A4B01200093034A09
:1080E0002B46094916F0D0FEE4E700BFC261040048
:1080F000B9550400F25504007656040026560300D4
:108100004256040020BF0200BD56040070B510F8AE
:10811000186C0446012E12D1002540F8085C00F8C6
:10812000185C50F8100C01F045FF04F80C5C304668
:1081300054F8142C0249BDE8704016F0A5BE70BD7D
:108140001A5704002DE9F84F15460C468046F8F7FB
:1081500091FF8346F7F78EFD824601208946F5F7A9
:10816000FBFE4FF4873C0646DBF838000F46A0FBC9
:108170000C0EDBF83C1000234FF47A720CFB01E18B
:10818000F0F736FD16EB0A0647EB0907831913488B
:1081900047EB010718EB000044F10001984271EB36
:1081A000070216D30E4B83424FF0FF338B410ED2A2
:1081B0000A4BED182CBF01220022A3F1D273A3F5C4
:1081C000F033C31861F10004E81842EB0401BDE884
:1081D000F88F281841F10001E0E700BF00F0D2005D
:1081E000FF0F2DFF2DE9F04F2DED028BADF5457DF5
:1081F00004460E46F8F73EFF0C9094F82F0094EDDD
:10820000068B01F087FB0DF1540A4FF42F72002109
:108210000D9050460DF13C0BCBF800A01AF0A5FDD7
:1082200012ABCDE900B330462389227CE168FFF729
:108230002DFE051E0BDA02206F4A704916F024FE4F
:1082400028460DF5457DBDEC028BBDE8F08F01356C
:10825000EBB294F82F00D4E906891F4601F05AFBCF
:108260004FF48732494642434046FFF76BFF50EADE
:1082700001038146884607D102205F4A604916F013
:1082800003FE6FF01505DBE710A816F09EFF05460C
:1082900038B9594A5B49022016F0F6FD6FF00B051C
:1082A000CEE7DBF800306269A3EB0A0B109B1A6083
:1082B0000C9B109A5B685360336893600023536192
:1082C0006188C2E90E9811844F4982F8413041E932
:1082D00002984FF4B451D1660C995362A2F84470DD
:1082E000A2F84630C96982F8783082F87010A0F898
:1082F0008AB01FFA8BFB51465A46D0F88C001AF010
:108300000DFD12AA03CA12884FF0010AA5F88120B8
:1083100040F2EB32C5F8790085F878A02846C5F818
:108320007D1085F808A0EA60F8F73CF850B9022003
:10833000314A364916F0A8FD284616F064FF6FF062
:108340000F057DE711A8F7F75DFF0023054610B97B
:10835000294A2F499FE7119A5361618882F8413079
:1083600011844FF4E141A7FB011C01F52841C03104
:1083700011EB090948F1000182F8583082F84C30BD
:10838000C2E90E91234B02279364636982F855A0DA
:108390001365237C82F854300C9B9B89A2F85630DD
:1083A0004FF47B730772C360F7F7FCFF38B93846A8
:1083B000114A194916F068FD284616F024FF336863
:1083C000228961698DED0A8B10980025D0E90E890C
:1083D0000D98CDE90889CDE906B06088059096F939
:1083E0000500CDE90121CDE90310009200201A46D5
:1083F0000A4916F049FD23E7EC61040061570400C7
:1084000090570400BC570400401D0120035804008D
:1084100029580400001815004F580400755804002E
:1084200038B505460A4C4FF4327204F130001AF0A8
:1084300075FC2946502204F53E701AF06FFC0022AC
:1084400000232146034811F009F8002038BD00BF81
:108450006815012028F20020014811F083B800BF00
:1084600068150120F8B50D68064628460F46FFF747
:10847000D9FC044618BB204B1A46197A89B94823FF
:1084800003FB042202F1080439463046FFF7AAFE36
:108490000546E0B10346194A0220194916F0F4FCDA
:1084A0000BE00134102C03F14803E6D10220134AFB
:1084B000144916F0E9FC6FF015052846F8BD2B4667
:1084C00001200E4A104916F0DFFC2661DCE701238B
:1084D00023703B68183444F8143C44F8086C0B498A
:1084E000204610F08FFF4FF4C03200232146084889
:1084F00010F0B4FFE1E700BFB018012019620400DA
:10850000D15904006D590400945904000D810100F3
:1085100028F20020F0B58768054687B038460E4639
:10852000FFF780FC044640B93B460120224A23491C
:1085300007B0BDE8F04016F0A7BC183011F012F8F3
:10854000337853B92370337901200093AB681A4A0A
:108550001B4916F099FC07B0F0BD0223237017F0F9
:108560001BFBAB68144A60B10020164916F08CFC66
:10857000237B002BEFD0A06801F01CFD00232373A8
:10858000E9E7114916F080FC104B0593236903932A
:1085900063680493A068237B02900BB101F00AFD8D
:1085A00002A801F021FC28B10120034A084916F075
:1085B0006BFCD0E70123E2E7986104000F5A040046
:1085C000455A04007B5A0400C35A0400818001000C
:1085D000FE5A04000022094B197A0139012903D8F7
:1085E00099690989814206D00132102A03F14803B2
:1085F000F2D1002070470120704700BFB018012061
:108600002DE9F04F87B08246F8F734FD0746F7F7BB
:1086100031FBDAE90645804601208B46F5F79CFCE4
:10862000BB6B03900493FB6B9AF82F0089461E46A0
:1086300001F070F9071EC0F2BE804FF48731049B31
:108640004FF47A72A3FB010C002301FB06C1F0F783
:10865000CFFA039B13EB080649EB0B0910EB060856
:1086600049EB0109FFF7EAF828B1544B18EB030373
:10867000984649F100094FF4873303FB07F0C3170D
:1086800007469B46444575EB09024ED39AF83C20B9
:10869000002A61D0012A4A4B4BD19AF84970A7FBB6
:1086A000037B9AF84A20A2FB0323121945EB03032C
:1086B00003920493434A52E90232984579EB02014E
:1086C00003D213F1010842F10009FFF7B7F806469B
:1086D000002848D0FEF746FF06460B463A4A464574
:1086E00073EB09013BD34FF461519AF84020BAF87B
:1086F000080002320593C2FB0145FFF76BFF059BA3
:1087000010B13C194BEB0505DFF8CCA0444575EBE7
:10871000090205D2039A9442049A75EB020224D30B
:108720002046294607B0BDE8F08F241843EB050525
:10873000A8E7022A09D025492548D723254A17F05A
:1087400034FED721234817F027FE4FF4615B9AF8D7
:108750004970A7FB0B7BA4E7CDE90345AAE7B61850
:1087600043F10003BBE70346BDE7E4194BEB050506
:1087700056EA0302CAD016EB0A0143F10002CDE922
:108780000012204632462946059316F09AFC059BB6
:108790000028BBD03C194BEB0505444575EB09029D
:1087A000BED2039A9442049A75EB0202B8D23C19E5
:1087B0004BEB0505DFE700242546B1E700580F0223
:1087C000008C0A00401D012000603D082A5B040067
:1087D0002656030042560400004605002DE9F04FDE
:1087E0002DED028BADF5477D04468946F8F742FC36
:1087F000824694F82F0094ED068B01F08BF80DF172
:108800005C0B4FF42F7200210F90584611AFC7F840
:1088100000B01AF0AAFA14ABCDE9007348462389D8
:10882000227CE168FFF732FB051E0BDA0220734A57
:10883000734916F029FB28460DF5477DBDEC028BE8
:10884000BDE8F08F0135EBB220460E93FFF7D8FE5E
:1088500050EA010380460E4607D10220674A694963
:1088600016F012FB6FF01505E5E712A816F0ADFC47
:10887000054630B90220644916F006FB6FF00B057F
:10888000D9E76269129B3F681A60DAF80430129ADD
:10889000A7EB0B075360D9F80030936000235361B6
:1088A000618882F8413011845849C2E90E8641E955
:1088B00002860E995362A2F844104FF4B451A2F804
:1088C0004630D166DAF81C1082F8783082F87010E1
:1088D000BBB259461A46A0F88A70D0F88C000D93A6
:1088E0001AF01CFA14AA03CA12884FF0010BA5F85B
:1088F000812040F2EB32C5F8790085F878B028463F
:10890000C5F87D1085F808B0EA60F7F74BFD50B95F
:1089100002203A4A3E4916F0B7FA284616F073FC90
:108920006FF00F0587E713A8F7F76CFC00230546E7
:1089300038B90220314A374916F0A6FA4FF0FF3510
:1089400079E713990E9F4B61628881F841300A8460
:108950004FF4E142A7FB022C02F52842C03212EB91
:10896000080246F10006C1E90E2681F8583081F868
:108970004C30294B02268B646269129B0A651A608F
:10898000DAF80430129A536063689360139B83F89B
:1089900055B0227C83F85420BAF80C20A3F8562056
:1089A0004FF47B730672C360F7F7FCFC38B93046AE
:1089B000124A1A4916F068FA284616F024FCD9F82B
:1089C0000030228961698DED0A8B12980025D0E96B
:1089D0000EAB0F98CDE908AB07900D980690608814
:1089E000059099F90500CDE90121CDE90310009228
:1089F00000201A460A4916F047FA1CE76C62040088
:108A00006B5B0400945B0400BA5B0400401D012012
:108A1000400D04001C5C0400001815005B5C0400A1
:108A2000965C0400F8B50D68064628460F46FFF729
:108A3000F9F9044618BB204B1A46197A89B948231C
:108A400003FB042202F1080439463046FFF7C6FE54
:108A50000546E0B10346194A0220194916F014FAF6
:108A60000BE00134102C03F14803E6D10220134A35
:108A7000144916F009FA6FF015052846F8BD2B4683
:108A800001200E4A104916F0FFF92661DCE70123A8
:108A900023703B68183444F8143C44F8086C0B49C4
:108AA000204610F0AFFC4FF4C032002321460848A6
:108AB00010F0D4FCE1E700BFB0180120936204007D
:108AC0008B5D04006D590400945904000D81010070
:108AD00028F200202DE9F04F2DED028BADF5577DEA
:108AE00004460D46F8F7C6FA814694F82F0094ED37
:108AF000068B00F00FFF0DF19C0A4FF42F7200213E
:108B00000D9050461AF031F9E168237C27891391C2
:108B10000E93F8F7AFFA4FF00008024680892E79DD
:108B200043BA95F905001292ADF84630CDE91C889C
:108B3000ADF87880F7F7F6F800F00F030C933B0AD6
:108B40004FF0020B0F93FBB2012710939B4B129A2D
:108B500018888DF888B0ADF88C00ADF88A7052682E
:108B600000EB070EA3F800E0139924922A682691DF
:108B700015A851462592ADF854808DF856B0CDF821
:108B800058A016F0B2FC0146169022A816F002FD7D
:108B90004FF43671169038461AF08DF806F00F062D
:108BA000844600287DD040F60141CDE91F1700F131
:108BB000080ECDF884801FAA07CA8EE80700042299
:108BC00017ABCCE900338CF8142019468CF81880C8
:108BD0001698CDE917CC00F021FC1690A0EB0A0006
:108BE00083B2324618463946129316F0E9F900F07E
:108BF0000F0A3146504616F0DBF902B24245129B8D
:108C000011DC58466E4916F03FF96FF01506022048
:108C10006C4A6D4916F038F930460DF5577DBDECBC
:108C2000028BBDE8F08FC01AC2B217A916A816F0C1
:108C300025FF034620B13846644A654916F024F9F9
:108C40004AF030028DF870200E9A0C998DF8712040
:108C5000BDF846201CABADF872209DF87420169F1D
:108C600066F3030261F307128DF874200F9A19AEB0
:108C70008DF87520109A8DF8762093E8070003C6CA
:108C800020463280FFF7BCFC03460A4653EA020145
:108C90000AD102204B4A4F4916F0F6F86FF015063C
:108CA000BAE76FF00B06B2E722A8CDE90E3216F054
:108CB0008CFADDE90E32834630B90220464916F0BF
:108CC000E3F86FF00B06A7E7666922980AF1010A3C
:108CD00006600026D9F80400DDF888C027A9CCF882
:108CE00004002868CCF81460CCF808006088CCE94F
:108CF0000E32ACF8200039488CF8416040E902326D
:108D00004FF4B453CCF82460ACF844A0ACF84660FF
:108D1000CCF86C30D9F81C307F1A8CF870308CF895
:108D20007860ABF88A70BFB23A46DBF88C0019F075
:108D3000F5FF01230C9A8BF878309DF8683062F3C8
:108D400007138DF8683019AB03CB1B88CBF879007B
:108D5000ABF8813003238BF8083040F2ED335846EE
:108D6000CBF87D10CBF80C30F7F71CFB50B9022084
:108D7000144A1B4916F088F8584616F044FA6FF06A
:108D80000F0649E72B68218962698DED0A8B2298CD
:108D9000D0E90E890D98CDE90889CDE90670608883
:108DA000059095F90500CDE90112CDE90320009168
:108DB0001A4630460B4916F067F82DE7B018012027
:108DC0004B2A040051610400C35D040022610400C9
:108DD00004520400945B0400F25D0400401D012075
:108DE000400D0400965C0400F8B547680546384617
:108DF0000E46FFF717F8044648B93B460120104AD3
:108E0000104916F041F86FF015042046F8BD1830EF
:108E100010F0A8FBA06801F0CDF8002331462373C1
:108E20002370236163602846FFF754FE0446002840
:108E3000EBD00346024A0220034916F025F8E4E786
:108E4000796104005C5E04008B5D04002DE9F04F45
:108E50002DED028B0446ADF6DC0D00F130014FF430
:108E6000327226A819F05AFF94F834300BB300215F
:108E700040F27452D9A8D89119F077FFF5F740F86D
:108E800040F2E732904203460DF1A20222D1CA49D4
:108E9000D8A814F0D7F94FF42F7200210DF1A200D9
:108EA00019F063FF40F2BB22D8A90DF1A2001AF01D
:108EB0001BF9269800F076FD014680B90120269B1B
:108EC000BE4ABF4915F0E0FF0DF6DC0DBDEC028B8C
:108ED000BDE8F08FBB49D8A814F0B4F9DBE704F57E
:108EE0003E73184650220E9319F018FFF8F7C2F897
:108EF000814694F8270394EDC48B00F00BFD0DF52B
:108F0000587A4FF42F7200210F90504619F02DFF20
:108F100094F80833B4F80083D4F804B31093F8F746
:108F2000A9F80026838905465BBA9DF99E009DF845
:108F30009D70ADF84E30CDE91B66ADF87460F6F764
:108F4000F1FE00F00F030D934FEA182311935FFA1F
:108F500088F34FF001081422314621A81293ADF88E
:108F600050608DF8526019F000FF974AADF8868086
:108F7000138814A8ADF8883003EB08016B681180E2
:108F800051462393CDF894B0CDF854A016F0ADFA25
:108F90000146159021A816F0FDFA4FF43671159090
:108FA000404619F088FE07F00F070546002800F03C
:108FB00097800DF1A200EFF75DFE0223032180B23E
:108FC00000EB080B184405F1080CCDF87A60CDF8D9
:108FD0007E60ADF882608DF878301FFA8BFB8DF8DB
:108FE0007910ADF87C001EAA07CA8CE807005A4623
:108FF0002E750DF1A20105F11C0019F08FFE16ABC4
:10900000C5E900331946A5F81AB085F818801598F7
:10901000CDE9165500F002FA1590A0EB0A0086B2D1
:109020003A464146304615F0CBFF00F00F05394671
:10903000284615F0BDFF02B2002A4FF0020311DCF2
:109040001846624915F020FF6FF015040220604AAF
:10905000604915F019FF23460220584A5E4915F071
:1090600013FFE5E0801BC2B216A915A816F006FD95
:10907000034620B14046594A594915F005FF45F0CD
:1090800030028DF86C20109A0D998DF86D20BDF886
:109090004E201BABADF86E209DF87020159E67F337
:1090A000030261F307128DF87020119A18AF8DF842
:1090B0007120129A8DF8722093E8070003C70E986A
:1090C0003A80FFF79DFA50EA0103824688460AD1AA
:1090D00002203F4A434915F0D7FE6FF01504BAE766
:1090E0006FF00B04B2E721A816F06FF8074630B90D
:1090F00002203D4915F0C8FE6FF00B04ABE7D8A97C
:10910000721A0026D4F80C03219B01351860D9F897
:10911000043021984360269B46618360B4F8FA329C
:10912000C0E90EA80384314B80F8416043E902A8EE
:109130004FF4B453A0F844504662A0F84660C366AA
:10914000D9F81C3095B280F8703080F87860D7F884
:109150008C00A7F88A202A4619F0E0FD01229DF82C
:1091600064300D993A7261F307138DF8643018ABCF
:1091700003CB1B8887F87820A7F8813040F2EA32C9
:1091800040F2E933C7F87D10BDF8A010C7F87900A8
:10919000B14218BF13463846FB60F7F703F948BBE6
:1091A00002200B4A124915F06FFE384616F02BF8D4
:1091B0006FF00F044FE700BF805E0400FF60040003
:1091C000B75E04009C5E0400B01801204B2A040026
:1091D000E3600400F95E04006F600400BF600400F7
:1091E00004520400945B0400205F0400401D012031
:1091F000400D0400B4F80023D4F80C138DED0A8B55
:109200002198269BD0E90E890F98CDE90889CDE9F0
:109210000650B4F8FA02CDE9012105909DF99E00AF
:109220000092CDE903101A4630460F4915F02CFE86
:10923000BDF8A040002C3FF447AE4FF47A734FF4D2
:10924000004540F2E73000215C434FF47A7200237E
:10925000E4FB0501EFF7CCFC02460B46034804494A
:1092600010F0FCF830E600BF7D5F040028F200201B
:109270006815012070B50020094915F005FE00248D
:10928000084D094E2B7A01342BB12246314600207D
:10929000EB6815F0F9FD102C05F14805F2D170BD11
:1092A0008F600400B01801209E600400F0B58DB0FE
:1092B0006C4606460F46084D0FCD0FC40FCD0FC4A8
:1092C00095E80F0084E80F003A4631466846F6F705
:1092D00039FD0DB0F0BD00BF30470300F0B58DB0D3
:1092E0006C4606460F46084D0FCD0FC40FCD0FC478
:1092F00095E80F0084E80F003A4631466846F6F7D5
:1093000021FD0DB0F0BD00BF604703001E289DBFCA
:10931000034B23FA00F000F001000020704700BF6B
:10932000070001402DE9F043164CCBB081461646AC
:109330008846D822144914A808AD1F4619F0EEFC3F
:109340000FCC0FC50FCC0FC594E80F0085E80F00B8
:109350006D4610340FCC0FC594E80F00B9F1030F20
:1093600085E80F003A4631460AD1B8F1000F05D121
:1093700008A8F6F7E7FC4BB0BDE8F0836846F8E7CD
:1093800014A8F6E7684803009047030003289ABF33
:10939000014B185C00207047E36B0400024608B5DF
:1093A000137808469B01DBB20B70117803290CD1AE
:1093B00091885278003918BF012102F0030213434B
:1093C00043EA411300F8013B08BD0029FCD0517865
:1093D00001F03F010B4303701378012B04D19388F4
:1093E000023000F8013CEFE7022B0BD00849094896
:1093F00040F21523084A16F0D8FF40F2152106481E
:1094000016F0CAFF91880130BDE8084015F0BBBDD9
:10941000E262040026560300B1620400F8B50E466D
:10942000054600273468A64201D12846F8BDD4E994
:1094300000322946136004F108005A60C4E900773D
:10944000FFF7ACFF227D062A00F2B080DFE802F0D1
:1094500004202A30363C8F00227E012A0BD0574947
:10946000574840F25E43574A16F09FFF40F25E4174
:10947000544816F091FF1023054605F8013B284695
:10948000628B04F11C0119F049FC638B1D4405E05B
:10949000014604F1180016F076F90546204619F049
:1094A00003FCBFE7014604F1180016F0B7F9F4E732
:1094B000014604F1180016F050FAEEE70546237E47
:1094C0001B0105F8013BE9E7A27E617E520002EB39
:1094D0008102E17E0A44217EC90001F018010A449C
:1094E0000270227F4270A27F617F02F07F0202EB56
:1094F000C112827094F82120E17F02F0070202EB92
:10950000C11294F82010C90001F078010A44C27019
:1095100094F8242094F8221002F0070202EBC11202
:1095200094F82310C90001F078010A440271227EE8
:10953000AAB9451D637E1BB194F8273005F8013B9D
:10954000A37E23B12846218D15F01DFD0546E37E3F
:10955000002BA3D02846618D15F015FD9DE794F8EA
:109560002520C51D427194F826208271E2E7002172
:10957000227E051D0270627E4270A27E8270E27EB3
:10958000C270A07ECBB2984205F1030286D903EBEC
:1095900043032344187F154602F8030C587F01311A
:1095A00002F8020C9B7F02F8013CEAE7228B04F1EF
:1095B0001A0119F0B3FB258B034667E71763040014
:1095C00026560300B16204002DE9F04F074690468D
:1095D00085B000EB010A0DF10409574501D30120C4
:1095E00008E04A46384616F001F830B9A94816F0A6
:1095F0001CFE002005B0BDE8F08F4FF4367012F06D
:109600006DFD044608B9A448F1E700F1080399E8A4
:10961000070083E80700637ABDF808601A2B039DF2
:109620001ED81A2B1FD8DFE813F05E01200020009F
:1096300020002000200020001E001E0037001F0117
:109640002A0143011E001E001E001E001E001E00F7
:1096500045001E001E001E001E001E001E00C5004C
:109660003E2B00F0488109233EE115F801BB4FEA8B
:109670001B1BBBF1010F02D0884816F0D6FD00235A
:109680002946721E92B284F818B02375628304F1E1
:109690001C0019F043FB12E13146284604F1180280
:1096A00016F003F818B97E4816F0BFFDDBE701237A
:1096B000237504E1042E6BD92978C1F3C101217609
:1096C0002B78C3F3800B84F819B02A785B464FEAF5
:1096D000520EC2F34002A27695F800C00CF00100D1
:1096E000E076002949D1002B54D1002A56D1002818
:1096F00056D16B782377AB78DB096377AB7803F0CF
:109700007F03A377EB78DB09E377EB78C3F3C3033D
:1097100084F82030EB7803F0070384F821302B79AC
:10972000DB0984F822302B79C3F3C30384F8233098
:109730002B7903F0070384F8243099BB6B1DBBF130
:10974000000F03D013F8012B84F827201EF0010F1F
:1097500007D01A785978120202F4F8520A43228587
:1097600002331CF0010F06D01A785B78120202F463
:10977000F8521343638505239AE76BB1072301333E
:109780000AB102339BB208B102339BB2B342B0D9E3
:10979000444889E70523F2E70723F1E70523F0E7CB
:1097A0000523F1E76B7984F82530AA79EB1D84F85D
:1097B0002620C4E7002D00F08280032E7FD92B786D
:1097C00023766B786376AB78A376EA78591E052901
:1097D000E27674D8934272D3321FB2EB430F18B2C1
:1097E0004FEA43011BD121462A4495F804C0687909
:1097F000BCF1170F63D8431E172B60D80CEB000386
:10980000013BDBB2172B5AD80235AA4281F81CC0A3
:109810004B77887701F10301E7D1062348E701443C
:109820008A424CD122460021073515F803EC15F881
:1098300002CCBEF1170F15F8010C40D8BCF1170F80
:109840003DD800F1FF3BBBF1170F38D801319077BD
:10985000C8B2984282F81CE082F81DC005F10305E9
:1098600002F10302E1D3D8E73146284604F1180299
:1098700016F017F808B90C4816E7022318E7314626
:10988000284604F1180216F0AAF808B907480BE7B1
:1098900003230DE77663040097630400B2630400BA
:1098A000CB630400EC630400066404003464040029
:1098B000A6B9124816F0B9FC092326832375D8F8F7
:1098C00004304846C4E900831C60C8F8044015F021
:1098D000E1FE30440744AAEB07017EE62B781B0922
:1098E00023760423E4E6082332462946237526839B
:1098F00004F11A00CDE60723F6E700BF6364040015
:1099000006289ABF024B33F910004FF0FF30704722
:10991000BE5503000A289ABF024B33F910004FF0DE
:10992000FF307047A855030003289ABF024B53F835
:1099300020000248704700BF204D030091640400DE
:1099400006289ABF024B53F820000248704700BF18
:10995000044D0300916404000E289ABF024B53F893
:1099600020000248704700BFC84C030099640400FF
:109970000D289ABF024B53F820000248704700BFE1
:10998000904C03009164040002460B4601480EF01F
:10999000CFBD00BF94EC002001480EF099BE00BF7F
:1099A00094EC002038B54FF0FF3105464FF0FF3002
:1099B000FFF7EAFF0A4B00221C46197849B15968A3
:1099C000A94206D1502303FB0244FFF7E5FF2046DE
:1099D00038BD0132102A03F15003EED10024F4E720
:1099E000401D012008B54FF0FF304FF0FF31FFF769
:1099F000CBFF4FF4A0620021034819F0B6F9BDE88F
:109A00000840FFF7C9BF00BF401D01202DE9F04FFE
:109A1000B9B0429F1E469DF818311546814638461A
:109A20000F938A46BDF80C81FFF7BCFF46EA052379
:109A300004460E93002864D10146282210A819F08C
:109A400094F999ED007BDDF810C11AACBCE80F0069
:109A50000FC4DCF800301FAA2360459B03F1100CF3
:109A6000144618685968083303C463452246F7D181
:109A70001868502220600E9B10A924A815938DED24
:109A8000167B1395ADF842A01197ADF848808DF87C
:109A9000506019F043F94FF0FF304FF0FF31FFF7FE
:109AA00073FF00235022464D02FB03F615F8069083
:109AB0007019B9F1000F17D10124502224A919F00F
:109AC0002DF9AC55FFF768FF3B463A464846CDE9CD
:109AD000018A3C49CDF8008015F0D6F9FFF75CFF0C
:109AE000204639B0BDE8F08F0133102BDCD1FFF7F1
:109AF00053FF3B460220344A344915F0C5F900248F
:109B0000ECE7D9E9002390F82F00CDE90023D4E950
:109B10000623FEF74FF983460D91BAF1000F01D0ED
:109B2000A4F802A00E9BA4F80880E5602674636187
:109B3000D9E90023C4E906230D9BC4F820B0636271
:109B4000CDE900B33846D9E9002315F0E4FFDDF88C
:109B500010C104F1280EBCE80F00AEE80F00DCF8DD
:109B6000003004F13C02CEF80030459B03F1100EAA
:109B70009446186859680833ACE803007345624698
:109B8000F6D11868CCF800000F9BB3B10D9BCDF84F
:109B900028B00B93D4E90623CDE9082363883A461D
:109BA000CDE9056300203B46CDE90356CDE90185AB
:109BB0000749CDF8008015F067F901248EE700BF52
:109BC000401D0120E76B0400596E0400466C040040
:109BD0007D6C04002DE9F84FF6F74CF806460F4669
:109BE0004FF0FF304FF0FF31FFF7CEFE0020294944
:109BF00015F04AF90025284CDFF8BCA0DFF8BCB00E
:109C000023780135002B3DD0D4E90601301A67EBEB
:109C10000101EEF71FFC214B0022EEF77BFDEFF771
:109C200031F8814688462A465146002015F02CF925
:109C3000E36859461A46002015F026F9237C0020D7
:109C40001A46174915F020F9636900201A4615498C
:109C500015F01AF900206268134915F015F9002073
:109C60002289124915F010F900206288104915F078
:109C70000BF900204A4643460E4915F005F9606885
:109C800000F0BCF9102D04F15004B9D1BDE8F84F33
:109C9000FFF782BE3D6D0400401D012000E0F04052
:109CA000896D0400B06D0400D76D0400F56D0400EB
:109CB000136E0400316E0400536D0400626D0400E5
:109CC00038B54FF0FF3105464FF0FF30FFF75CFE2F
:109CD0001023074A147814B15188A94204D0013BDB
:109CE00002F15002F6D11C46FFF756FE204638BD61
:109CF000401D0120094B00211A4610B51C7834B1D3
:109D00005C68844203D1382303FB012010BD01317C
:109D1000102903F13803F1D10020F7E74022012098
:109D2000094B00211A4610B51C7834B1DC68844216
:109D300003D1382303FB012010BD0131102903F1A9
:109D40003803F1D10020F7E7402201207FB5866873
:109D500005463046FFF7CEFF044640B933460220A1
:109D60001D4A1E4904B0BDE8704015F08DB8F5F7E6
:109D700081FFD4E90C3253EA02061FD0C01A61EB0E
:109D80000201EEF767FB0022154BEEF7C3FCEEF77E
:109D900079FF0023134A824273EB01010EDA23702C
:109DA000A868F6F741F9236943B102228DF804202F
:109DB000AA6801A80292E268039298470120F3F78B
:109DC00003FCEB8923B9A3690133A36104B070BD1F
:109DD000E3690133E361F9E7207104007E6E04005A
:109DE00000E0F04020BF02002DE9F04F044687B0AC
:109DF00008B143684BB96149CA23614A614816F00A
:109E0000D4FACA215E4816F0C7FA05682846FFF75B
:109E100071FF48B1012022685B4915F035F86FF0F9
:109E20000F0007B0BDE8F08F2846F6F71FF905468A
:109E30000028EFD13823DFF878B103FB05FA1BF8CF
:109E40000A204AB963688BB94C4982234C4A4D4871
:109E500016F0ABFA8221D5E70135102DEDD10220A5
:109E60004A4915F011F86FF00B00DAE7F5F702FF39
:109E700088460746F7F7FEF84549039060687F1863
:109E8000D0E9066390F82F00029348F10003009395
:109E9000FFF740FD4FF4873101FB00F805A84FEABA
:109EA000E8710191F6F7AEF9DDE901138146039AF5
:109EB00048B90220374A384914F0E6FFD3E718EBD7
:109EC000060641EB03030098BE4273EB0000F6D395
:109ED00004204FF0010C0027216889F8080005983C
:109EE00089F810C0C9F80C1080F85870116880F813
:109EF00055C00165116880F8541052684764A0F895
:109F00005620264A80F84170B61863F10003C0E974
:109F10000E63234B836463685B88C76103840A23F1
:109F200003FB08F343621F4B43611F4BC36048466A
:109F3000F6F738FA4FF0010C40B90220154A1B49D8
:109F400014F0A2FF484615F05EF968E738235D4338
:109F50000BEB05060BF805C0351D94E80F0085E8EE
:109F60000F00002200230AF11800C6E90C2339462D
:109F70001822584418F0F9FE384652E7E06E040003
:109F8000A76E040026560300FD6E04002B6F04002C
:109F900000B01E04537104001C5C040080CDFDFF62
:109FA000809706004D9D01000BFB0200400D040050
:109FB0004022012030B585B00546FFF79BFE0446E0
:109FC00040B901202A460C4914F05EFF6FF01500DD
:109FD00005B030BD002303702846F6F725F8236945
:109FE0000BB90020F4E701228DF80420E268029505
:109FF000039201A89847F4E7456F04002DE9F0416A
:10A00000FFF78EFE04462D49002014F03DFF2CB9C9
:10A010002046BDE8F0412A4914F036BFF5F72AFE84
:10A02000D4E90C7805460E460020264914F02CFF92
:10A0300062680020244914F027FFD4E90C3213434E
:10A0400023D10020214914F01FFF0020204914F0E3
:10A050001BFF226A00201F4914F016FFA26900208E
:10A060001D4914F011FFE26900201C4914F00CFF97
:10A07000626A00201A4914F007FFD4E90A23BDE8F8
:10A08000F0410020174914F0FFBEE81B66EB080101
:10A09000EEF7E0F90022144BEEF73CFBEEF7F2FD91
:10A0A00002460B460020114914F0EEFED4E90C23C1
:10A0B00000200F4914F0E8FEC7E700BF716F0400ED
:10A0C0008C6F0400A16F0400B46F0400CC6F040017
:10A0D0002A70040038700400667004009470040054
:10A0E000C2700400F070040000E0F040E26F040071
:10A0F00006700400F0B50C46ADF5337D092800F27A
:10A100002982DFE810F02200E5003B00A400DA001D
:10A11000B5013402640261020A000025A64F4E1CFC
:10A120002388AB420ADD03AB5819394616F8012FD4
:10A13000013513F087F8B5F52F7FF1D1002003AB7F
:10A140001D4422889D49687015E000254F8803AEA4
:10A150003A460431304618F0E1FD2078F555FFF716
:10A16000FBFB237802469649284614F08DFE3346C1
:10A1700028466288934914F087FEEBE1924900205B
:10A1800014F082FEE078FFF7DBFBE37802468F49AC
:10A19000002014F079FE002022798D4914F074FE1D
:10A1A000637A00201A468B4914F06EFE207800284E
:10A1B00047D00020884914F067FE6078002842D01C
:10A1C0008649002014F060FEA07AFFF799FB8449CD
:10A1D0000246002014F058FEE07AFFF79BFB81490D
:10A1E0000246002014F050FE0020A2897E4914F09F
:10A1F0004BFE002022697D4914F046FEA37823B16E
:10A200000020A28A7A4914F03FFE637900201A46A2
:10A21000784914F039FEA37900201A46764914F0E3
:10A2200033FEE37900201A46744914F02DFE237A98
:10A230001A46734900200DF5337DBDE8F04014F057
:10A2400023BE7049B7E7704914F01EFED6E7002020
:10A250006E4914F019FE25783DB300206C4914F0C6
:10A2600013FEE278072A1BD100206A4914F00CFE85
:10A270006378002B00F06E81237A00201A465D4936
:10A2800014F002FE637A00201A465B4914F0FCFDCC
:10A29000A37900201A46594914F0F6FDE379C7E77F
:10A2A00000205D4914F0F0FDE2E728465B4914F018
:10A2B000EBFD284622795A49F4E75A49002014F068
:10A2C000E3FD2078FFF754FB237802465649B1E7B7
:10A2D000C879FFF71FFB4FF48736544946430546BC
:10A2E000002014F0D1FD00202278514914F0CCFD5B
:10A2F0006078F71700284DD0607AF5F703FD4D49D7
:10A300000246002014F0C0FDA078002846D00020AE
:10A31000494914F0B9FDE078002841D00020628955
:10A32000464914F0B1FD207900283DD00020A289D3
:10A33000434914F0A9FD6079002839D00020226932
:10A34000404914F0A1FDA079FFF7DAFA3E49024630
:10A35000002014F099FD2A4600203C49CDE9006711
:10A3600014F092FD227A0020394902F00F0214F015
:10A370008BFD227A3749C2F30112002014F084FDCC
:10A38000227A3549920900200DF5337DBDE8F04071
:10A3900014F07ABD314914F077FDB5E73049B8E7DC
:10A3A000304914F071FDBEE72F4914F06DFDC2E78E
:10A3B0002E4914F069FDC6E79EE70300877F04007D
:10A3C000EC7104000D7204005872040084720400E1
:10A3D000AA720400C7720400ED7204004E730400F8
:10A3E00089730400B0730400D7730400FB73040086
:10A3F000677404008B740400B1740400D774040003
:10A40000FD7404001E7304002C7404002375040002
:10A41000507504006D750400C1750400D875040002
:10A42000F6750400137604003F7604006676040097
:10A4300085760400A676040004770400B077040053
:10A4400013780400947804007F790400A379040051
:10A45000D8790400077A0400367A0400CB76040029
:10A4600055770400DA7704005D780400C2780400B0
:10A4700000257C22294604A8039518F076FC5A4949
:10A48000284614F001FD2078FFF74EFA574902469E
:10A49000284614F0F9FC23784BB12846627B5449D6
:10A4A00014F0F2FC2846A27B524914F0EDFC6078CF
:10A4B000E27B002851D000204F4914F0E5FCA07841
:10A4C00000284CD00020228A4C4914F0DDFCE078B2
:10A4D000002848D00020628A494914F0D5FC22792E
:10A4E0000020484914F0D0FC03A96079F5F770FC0E
:10A4F00045490246002014F0C7FCA27900204349D8
:10A5000014F0C2FC03A9E079F5F762FC4049024669
:10A51000002014F0B9FC0020227A3E4914F0B4FC6B
:10A520000020627A3C4914F0AFFCA17A3B4B3C4AD4
:10A530000020002908BF1A463A4914F0A5FCE27A27
:10A5400000203949013214F09FFC0020227B37495A
:10A5500014F09AFC0DF5337DF0BD3549ADE7354972
:10A5600014F092FCB3E7344914F08EFCB7E70020F6
:10A57000324914F089FC00202278314914F084FC1F
:10A58000002062782F4914F07FFC0020A2782E4929
:10A5900014F07AFC0020E2782C4914F075FC0025B8
:10A5A0002B4EA378EAB29342D4D902EB4203234460
:10A5B0009979002001915979013200911B79314636
:10A5C00014F062FC0135ECE70A882249DBE631F839
:10A5D000025B03AB2A46184618F0A0FB0346002096
:10A5E0002A461D495855C6E5657A0400827A04005A
:10A5F000A37A0400C47A0400E57A04008C7B04008A
:10A600003F7C0400E17C0400027D0400237D040003
:10A61000447D0400657D0400867D0400757104009E
:10A62000B4710400A77D0400C87D0400F27D04001D
:10A63000397B0400E17B0400887C0400137E040065
:10A64000457E0400667E0400877E0400A87E040028
:10A65000CA7E0400047F0400407F04002DE9F04F0F
:10A66000D0F82880B1B000F131090446414648468F
:10A6700008AA14F021FF0746002875D0FDF7DEF880
:10A680000646208BFDF7A6FF04F1320A002871D0A0
:10A690009DF82230012B40D0F3F782FCB4F904304E
:10A6A00003EBD3756D100026A26A0293CDE9035225
:10A6B000B4F906300020019323689E490093D4E941
:10A6C000082314F0E1FB7C22314611A8109618F003
:10A6D0004CFB3046984914F0D7FB3046974914F0AC
:10A6E000D3FB30469DF82020954914F0CDFB10A9EE
:10A6F0009DF82000FEF7F2FD92490246304614F024
:10A70000C3FB10A99DF82200FEF7D0FD8E4902463A
:10A71000304614F0B9FB3E4609E0F3F741FC06462B
:10A720000028BBD1B4F9045005EBD5756D10504627
:10A730000BAB08AA08F1FF3114F0FAFE30BB7EB96A
:10A74000A36A7C49CDE90353B4F904300293B4F908
:10A750000630019323680093D4E9082314F094FB96
:10A7600002207A4914F090FB00230793079831B038
:10A77000BDE8F08FF3F714FC00288FD1B4F9043052
:10A7800003EBD3756D10002ED1D08CE79DF82230ED
:10A790007EB3012B0CD10F9B6D491A46002014F09B
:10A7A00073FB0D9B6B491A46002014F06DFB20E0F3
:10A7B000694BBDF82E10694A0020002918BF1A46BF
:10A7C000674914F061FB0020BDF83020654914F0A2
:10A7D0005BFB9DF82230022B09D10E9B00201A460C
:10A7E000614914F051FB0D9B60491A46DCE7032BCD
:10A7F000F9D09DF82200FEF7C9FDA16A0DF12408E9
:10A80000091A42464844CDE90988FEF7DDFE079063
:10A8100080B90220564914F037FB002409984045BE
:10A82000A4D0D0E9003213605A60C0E9004418F0A7
:10A830003BFAF3E70027099DBB46454508BF0025C5
:10A84000B946069715BB069BC3B110AB1422002175
:10A85000184618F08AFAB9F1000F08BF8146069B26
:10A86000CDE903960293238B0F9A01930D9B04F17C
:10A8700020000093A37DA18AFFF7C8F8BBF1000F69
:10A88000CBD059460BA8FDF745FEC6E73EB34FF0C7
:10A89000000A01373A460020364914F0F5FA7C22C6
:10A8A000514611A8CDF840A018F05FFA5046324941
:10A8B00014F0EAFA10AB6A7AA989287AFEF732FD19
:10A8C0002E490246504614F0DFFA50462C49AA8918
:10A8D00014F0DAFA287D05F11801FFF70BFC2B7D47
:10A8E000042B11D1F6F7C6FB70B190F84130012B63
:10A8F0000AD1DDF834A0504600F02EF926B15246B8
:10A900000020204914F0C0FA2B7D012B07D105F15E
:10A91000180306930A9BAB4295D02D6892E7052B4E
:10A9200002D105F11809F5E7032B08BF05F1180B53
:10A93000F0E700BFBE7F0400118004002480040003
:10A9400032800400428004005380040060800400D0
:10A9500083800400AE800400890304008D0304009A
:10A96000D9800400E9800400FB8004001781040002
:10A9700036810400508104005A8104006E81040075
:10A9800080810400998104002DE9F04F05468BB0C9
:10A9900020B9002630460BB0BDE8F08F846A002C49
:10A9A000F7D000F131082146404602AA14F084FD98
:10A9B0000028EED0012CECD005AB02AA611E05F1F7
:10A9C000320014F0B5FD06460028E2D0F6F752FB3F
:10A9D00088B190F84130012B0DD1D5E90801B5F9C6
:10A9E0000420CDE9000102EBD272298B079842F3D3
:10A9F000470200F071F99DF80A00FEF7C7FC002835
:10AA0000C7D0A042C5D8211AC4D003AF3A464044AB
:10AA1000CDE90377FEF7D8FD064660B90024039818
:10AA2000B842B7D0D0E9003213605A60C0E90044A0
:10AA300018F03AF9F3E7039CBC42EFD04FF000095D
:10AA4000DFF86CA0C846DFF86CB027E0A36803EA23
:10AA50000A035B450AD1238B012B07D9A37E012B67
:10AA600002BFB14694F81B80C8F34008237D022B37
:10AA700010D1F6F7FFFA68B1B9F1000F11D090F8D4
:10AA800040305A1E5342534143450AD0284605A937
:10AA9000FDF786F8049B9C42C0D02468002CD5D1D9
:10AAA000BCE7284604F1180205A9FCF705FFF1E709
:10AAB00000FFFF00001AA10010B5EFF3118420235E
:10AAC00083F31288BFF36F8F1A4810F0D5F968B975
:10AAD0008823194A19491A4815F067FC154919487D
:10AAE00015F063FC8821144815F056FC114810F04D
:10AAF000E7F990220021144818F037F90D4810F0BA
:10AB0000C9F968B940F231130B4A10490C4815F0E5
:10AB10004CFC08490E4815F048FC40F23111E2E7C0
:10AB200084F31188BFF36F8F0020BDE810400949FE
:10AB300014F0AAB9D83B0120CB810400F8810400AD
:10AB4000265603000D820400C02501202382040044
:10AB50003A8204004F820400F8B50546002853D01D
:10AB6000EFF31186202383F31288BFF36F8F2848F9
:10AB700010F082F968B98823264A2749274815F03A
:10AB800014FC2349264815F010FC8821214815F0B3
:10AB900003FC1F4810F094F914F0E0FF214B00244F
:10ABA0001F4684420ADB1A4810F074F9A8B186F3F4
:10ABB0001188BFF36F8F6FF0010021E01A7802B3A4
:10ABC0005A68AA421DD11822002102FB047018F015
:10ABD000CCF80F4810F05EF968B940F231130D4A15
:10ABE00011490E4815F0E1FB0949104815F0DDFB4D
:10ABF00040F23111CAE786F31188BFF36F8F00204E
:10AC0000F8BD01341833CCE76FF01500F8E700BF4A
:10AC1000D83B0120CB810400F881040026560300B4
:10AC20000D820400C0250120238204003A82040022
:10AC300070B5EFF31185202383F31288BFF36F8F74
:10AC40001D4810F019F968B988231C4A1C491D4891
:10AC500015F0ABFB18491C4815F0A7FB88211748D5
:10AC600015F09AFB144810F02BF914F077FF00232D
:10AC700018221C461549834211DB0F4810F00AF9CF
:10AC8000A0B940F231130D4A11490E4815F08DFB61
:10AC90000949104815F089FB40F23111DFE702FB4A
:10ACA00003F68E5D06B101340133E4E785F31188C4
:10ACB000BFF36F8F204670BDD83B0120CB810400CD
:10ACC000F8810400265603000D820400C0250120EF
:10ACD000238204003A8204002DE9F84FDDE90AAB33
:10ACE0000D461646804600287FD0FFF7A1FF044698
:10ACF000F6F7C0F990F84220A24206DC01203C4958
:10AD000014F0C2F86FF00B006BE0EFF31187202313
:10AD100083F31288BFF36F8F364810F0ADF868B92F
:10AD20008823354A3549364815F03FFB31493548C7
:10AD300015F03BFB8821304815F02EFB2D4810F014
:10AD4000BFF814F00BFF304A0023944683420DDB1A
:10AD500000234FF0180E83422ADB264810F09AF8A1
:10AD6000A8B187F31188BFF36F8FCBE711785C1C14
:10AD7000D9B15168414518D1182202FB03C3C3E978
:10AD800004AB1D819E721B4810F084F820BB40F27A
:10AD90003113194A1D491A4815F007FB15491C487B
:10ADA00015F003FB40F23111C5E723461832CDE719
:10ADB0000EFB03F11CF801900CEB01025C1CB9F1D5
:10ADC000000F10D10123C2E904AB0CF80130C2F826
:10ADD000048015819672D6E787F31188BFF36F8FD1
:10ADE0002046BDE8F88F2346B5E76FF01500F8E779
:10ADF00067820400D83B0120CB810400F881040065
:10AE0000265603000D820400C02501202382040081
:10AE10003A8204002DE9F04786B0F6F72BF9064692
:10AE2000EFF31189202383F31288BFF36F8F31482A
:10AE300010F022F868B988232F4A3049304815F0BD
:10AE4000B4FA2C492F4815F0B0FA88212A4815F099
:10AE5000A3FA284810F034F814F080FE2A4902467C
:10AE60000546002014F010F837460023274CDFF881
:10AE7000A8A0AB4211DB1F4810F00CF898BB40F2C1
:10AE800031131D4A22491E4815F08FFA19492148ED
:10AE900015F08BFA40F23111D8E7227803F101085E
:10AEA000D2B196F84020012A1AD1062B18D0B7F853
:10AEB0004620B7F84830CDE90423D4E90423CDE98E
:10AEC000022394F90A3042460193238951460093A4
:10AED0000020636813F0D8FF434618340437C8E7EE
:10AEE00000231A46E7E789F31188BFF36F8F06B096
:10AEF000BDE8F087D83B0120CB810400F881040035
:10AF0000265603000D82040096820400C02501200D
:10AF1000238204003A820400AF8204002DE9F04F3E
:10AF20001E465A4B8DB009921A7804460D46002AE7
:10AF300040F0A78001221A70F6F79CF80746002817
:10AF400000F0A180524B9E4240F29D8040F2A361EE
:10AF50004FF4C86014F06CF94E4BE41845F100054D
:10AF6000F4F788FE4C4BC01841F10001844275EBA8
:10AF7000010339D34FF00008012097F842100DF17A
:10AF80002B030DF12A028DF82A808DF82B8014F006
:10AF9000A2FE20B105238DF82A808DF82B309DF874
:10AFA0002B309DF82AA0162B9CBF01338DF82B3037
:10AFB0009DF82B304FF4C86B03F10108A8EB0A0889
:10AFC00007935FFA88F34FF0000808930BA8F5F792
:10AFD00019F9814618B10B9B53B914F014F96FF0AD
:10AFE0000B000DB0BDE8F08F341945F10005BDE749
:10AFF0004FF0010E4FF0070C099AC3E90E451A8471
:10B00000089AC3F814805E6283F841A0A3F8442034
:10B01000A3F8468083F85880BA6AC3F8488083F85A
:10B020004C203A6883F855E01A653A6883F8542052
:10B03000B7F80CE0A3F856E080F808C0C0F80CB0F0
:10B04000F5F7B0F928B9484614F0DDF86FF00F00B5
:10B05000C7E740F25460114B0BF1010BE41845F1C6
:10B0600000058345B2D1089B00200493079B0C493F
:10B07000CDE902A3099BCDE9006314231A4613F01E
:10B0800003FF0020ADE76FF01500AAE72C5901205F
:10B09000FF8B0A0000F0D20000181500008C0A0097
:10B0A000ED82040070B5C4B0044690F8301001A8D9
:10B0B00000F0D0F994F83060054638B133460220EC
:10B0C000224A234913F0E0FE44B070BD03A8EDF717
:10B0D000D1FD50B128461F4903AB324613F0D4FED0
:10B0E0001D4B03A9186805F095F894F830301B4CF7
:10B0F000052B27D894F830004FF47A750130C0B290
:10B1000084F8300000F078F9684318D094F83000E3
:10B1100000F072F9002105FB00F44FF4004540F205
:10B12000E7304FF47A720023E4FB0501EDF760FD90
:10B1300002460B4609490A480EF090F9C4E700227E
:10B140001346F7E7002384F83030BDE7B4830400EA
:10B15000598304008C830400783B01205026012091
:10B16000E0EE00202DE9F04100F064F9114E0446B4
:10B170003578EDB900F0A4F9D0B14FF47A734FF4FB
:10B18000004C012740F2E73029465C43DFF82C8071
:10B190004FF47A720023E4FB0C0188F83070EDF76D
:10B1A00027FD02460B46044841460EF057F937701A
:10B1B000BDE8F0812D590120E0EE0020502601204D
:10B1C00008B5044904480EF01DF9BDE8084000F038
:10B1D000C3B900BFA5B00100502601202DE9F04FF2
:10B1E00001290D461746ADF6A44D53D9012300267B
:10B1F000544ADFF8849102A81360C9F8003000F0C7
:10B200001FF940F24C6202A90DF2546017F086FD5E
:10B210003446B2464FF00508B3464B4B39462846F4
:10B220004A4ACDF800B017F01EF9431C0AD1D9F8EC
:10B230000030AB425CD205F18045013D57F8252036
:10B24000434924E074282DD00EDC682822D07228CF
:10B2500024D064283AD0D9F800303E4903F1804325
:10B26000013B57F8232012E040F2E933984235D0F1
:10B2700040F2EA339842EED1374B1E683046EDF784
:10B28000F9FCB0F5807FC8D94FF4807233490220B1
:10B2900013F0FAFD3248F0F745FC01E000F01EF92A
:10B2A00000240BE02C4B186817F016FD00280ADA72
:10B2B0002C49022013F0E8FD6FF0150420460DF62E
:10B2C000A44DBDE8F08FCDF85406A6E7224B4FF011
:10B2D000010A186817F000FD80469EE71E4B1868AB
:10B2E00017F0FAFC431E052B044696D91E49E0E7E9
:10B2F0002EB13CB91D49022013F0C6FDCAE7ACB11E
:10B300001B49F8E74FF48673013C5C430DF254632C
:10B3100004F10C003146184417F0CCFEBAF1000FCE
:10B3200004D00DF254631C44C4F808800DF254603C
:10B3300000F0A2F804460028C0D10E4913F0A4FD85
:10B34000BCE700BF444E0120DCE300203D84040044
:10B350002C650300FF640300404E012012840400AA
:10B36000F7840400C7830400E683040044840400D7
:10B370005C84040077840400F4E7002070B50C4975
:10B3800015461E46EDF76CFC044668B940F24C6267
:10B3900030460849A847051E04DA2946064814F035
:10B3A00044FF2C46204670BD6FF00104FAE700BF51
:10B3B000CB9F0400DC3B01203388040008B5431E0A
:10B3C000DAB2052A09D9084908483023084A14F096
:10B3D000ECFF3021064814F0DFFF4FF48670054A79
:10B3E00000FB032008BD00BF9B8804002656030015
:10B3F00063880400E83B01200138052808B509D915
:10B40000084909483623094A14F0CFFF3621074876
:10B4100014F0C2FF4FF48672054B02FB00339868AC
:10B4200008BD00BF9B880400265603006388040003
:10B43000DC3B0120014B1868704700BFDC3B01205A
:10B4400008B540F24C62024917F068FC002008BDC4
:10B45000DC3B01200139052908B508D84FF4867274
:10B46000044B02FB013117F059FC002008BD6FF0BE
:10B470001500FBE7E03B012038B50146054640F2E8
:10B480004C620B4802F030FF044630B102460949D5
:10B49000022013F0F9FC204638BD294640F24C62E8
:10B4A000054817F03BFC2046044913F0EDFCF2E799
:10B4B000BA880400CB880400DC3B0120F588040036
:10B4C0000023054A107B28B90133062B02F586724A
:10B4D000F8D1704701207047DC3B0120F8B5174BCD
:10B4E00000201C68164913F0CFFC224600201549A5
:10B4F00013F0CAFC0124144D144E154F2246294660
:10B50000002013F0C1FCE0B2FFF758FF02460078BC
:10B5100078B13946002013F0B7FC2046FFF76CFFE6
:10B520000C490246002013F0AFFC0134072CE5D192
:10B53000F8BD314613F0A8FCF7E700BFDC3B012063
:10B5400010890400248904003589040068890400F6
:10B550004489040056890400194B10B540F24C622E
:10B560000021184617F001FC0122026005228260CA
:10B57000C0F81421C0F82022C0F82C23C0F83824C9
:10B58000C0F8442503F0A0F8044638B103460D4A3C
:10B590000D49022013F078FC204610BD0B4815F031
:10B5A000A1FC044618B10346064A0949F1E715F023
:10B5B00072FC04460028EFD00346024A0549E8E73A
:10B5C000DC3B0120F8890400778904003CE400207A
:10B5D000B0890400DA89040010B5094C0A4491428C
:10B5E00000D110BD11F8013B58400309E35C000194
:10B5F000C0B243401809205C1B01DBB25840EEE7A3
:10B60000128A0400F8B50F4600294AD004680122C6
:10B61000204614F0CBFB01460546204614F08EFB75
:10B62000C3070DD4AF231F4A1F49204814F0BDFEA5
:10B6300039461F4814F0B9FEAF211A4814F0ACFE89
:10B640002946204614F090FB2E1831460022204651
:10B6500014F074FB361AB5420BD0B723114A1549C2
:10B66000124814F0A2FE3946134814F09EFEB7218A
:10B67000E3E72946204614F07DFB294614F074FBCD
:10B68000A3682946B3F5004F34BF0422082263693A
:10B69000A3EBC003134463612046BDE8F84014F0F7
:10B6A000C5BCF8BD228A0400458A04002656030062
:10B6B000568A04008E8A0400B48A0400B2F5802FF2
:10B6C0002DE9F04110D2042A28D845494FF40773D8
:10B6D000444A454814F069FE444814F066FE4FF4AD
:10B6E0000771404814F058FE0823D21ACC1D1144AB
:10B6F00024F0070421F00701091B27294FEAD1078D
:10B700000ED83B4940F22523364A374814F04DFE07
:10B71000364814F04AFE40F22521E2E70423E4E72C
:10B720000025046039463846C4E90355C4E9055587
:10B73000A76014F04EFB012100F108028046384654
:10B7400014F03EFB9200D61DF6083044B8423AD8B9
:10B75000B8F1FF3F2946A2F11C0204F11C00B8BF5A
:10B760002A4617F002FB32462946204614F01AFBFF
:10B770002B462A462946204614F0EBFAA7EB06088A
:10B7800020462946012214F0F5FA4246314614F0CB
:10B7900009FB33462A463146204614F0DAFA394688
:10B7A000204614F0FFFA43462A463946204614F054
:10B7B000D0FA39462046012214F0DCFA3146BDE8C1
:10B7C000F04114F0E6BB0B4940F23A23054A064823
:10B7D00014F0EBFD054814F0E8FD40F23A2180E753
:10B7E000F08A0400228A040026560300118B04000C
:10B7F0002A8B0400538B04002DE9F04F97B000AF63
:10B8000089460446D7F880B0FA623B6258B9AB4922
:10B8100040F29933AA4AAB4814F0C7FD40F299317F
:10B82000A74814F0B9FDCBF3C00390F802A07B61E8
:10B8300041B9457800780AEB800020444D4517D87F
:10B84000A0EB0409E378FB61BAF1000F02D01BF012
:10B85000010F16D1FB6953BBFB6A1BB14946204659
:10B860003A6A98474D4628465C37BD46BDE8F08F9A
:10B87000461C3046EDF7FEF90130304409F101096C
:10B88000DCE7626823787A62FA6A9900B96104EBAE
:10B890008301002A40F006810E464FF000084D4615
:10B8A00001EB0A09B14550D101EB0A0610E01BF08B
:10B8B000020FD1D023789A00BA61626804EB830149
:10B8C0007A62FA6A002A7BD14D46904601EB0A065D
:10B8D0001BF0050F0CBF02230123FB62FB6906EB83
:10B8E000430A0BF00203BB625645BCD016F8021B9C
:10B8F00016F8013C54F82390734B994502D3734BCF
:10B9000099453AD37B69002B44D0786A14F054FCF3
:10B9100000283FD06E48036813F0060F13D0E946A5
:10B920008AB06A466B4B53617B6AC2E906314FF4B9
:10B9300000731384684B42F8103F00234FF41251F8
:10B9400002F0C6F9CD46023DCEE716F8013BF9629A
:10B9500054F82300EDF78EF9D7F88430F96A0130F6
:10B960004BB1D7F8883098453EBFD7F8843023F8DC
:10B97000180008F10108054494E77B6923B1786A4F
:10B9800014F01AFC0028C5D11BF0010F05D1FB6A89
:10B99000ED1AA9E7BB6A002BA6D04846EDF76AF975
:10B9A000D7F8843053B1D7F8883098453FBFD7F8DF
:10B9B0008420431C22F8183008F10108054493E75D
:10B9C000BAF1000F74D01BF0040674D0D0460026E4
:10B9D00007F1480052463B61B96217F09FF9B96A16
:10B9E0003B6901EB0A02BA62FA69F9695200FA602E
:10B9F000BA6A02EB41023A610BF00202BA60BA6A1B
:10BA000039698A426AD162781BF0020F18BF00219F
:10BA10007A6208BF4FEA5801B2181BF0010FD2B288
:10BA200040F0E5801BF0040F14BF404600207B610E
:10BA30006270A070E17020463A6AB969FB6A984763
:10BA4000051EFFF610AF7B69414623707B6A3A6A98
:10BA50006370FB6984F802A0E37007F14800FB6A99
:10BA60009847B0F10008C0F2F680BB69A9EB0A0163
:10BA7000C91AFB683A6AC91AD7E90A039847002825
:10BA8000C0F2EB804FF0000BA84408EB000507F173
:10BA9000380AB345C0F0AD8000213A6A0846FB6A17
:10BAA0009847E0E656464FF0000807F1380091E766
:10BAB0005646D04695E7B04693E700BF138C040086
:10BAC0007E8B040026560300D03B030084D904007B
:10BAD000B8EA00202E8C040004000001BA6A12F8B3
:10BAE000021B12F8015CBA6254F825005C4A9042CD
:10BAF00002D35C4A904218D37A693AB1786A7B6083
:10BB000014F05AFB7B6800287FF479AFBA68002AEA
:10BB10004CD00F2E40D9544940F24D43534A54481B
:10BB200014F043FC40F24D417AE67A693AB1786A02
:10BB30007B6014F041FB7B6800287FF460AF1BF052
:10BB4000010F0BD00F2E27D9474940F24343474AF4
:10BB5000474814F02AFC40F2434161E61BF0040F11
:10BB60003FF44DAFB8F10F0F09D9424940F24643B7
:10BB70003E4A3F4814F019FC40F2464150E608F1B5
:10BB8000280207F1300008F1010102EB000808F873
:10BB9000105C5FFA81F832E706F1280207F1300005
:10BBA000711C161806F8205CCEB228E7B8F10F0F0A
:10BBB00009D930494FF48A632C4A2D4814F0F5FB1B
:10BBC0004FF48A612CE608F1280207F1300C08F1E5
:10BBD0000100944407F1580208F1020852FA80F07B
:10BBE0000CF8101C5FFA88F800F8105C07E70020DA
:10BBF0001DE71BF80A3054F8239087F83730D7F840
:10BC000084302BB3D7F888309B4521D2D7F88430C5
:10BC100033F81B8001213A6AFB6A07F13700984725
:10BC200000281ADB0544B8F1000F06D14846EDF7AD
:10BC300021F800F101081FFA88F8414648463A6A9F
:10BC4000FB6A9847002808DB05440BF1010B20E74D
:10BC50004FF00008DEE7454605E6054603E600BF6F
:10BC6000D03B030084D90400D18C04007E8B0400F7
:10BC700026560300F08C0400014B1B68184700BFD8
:10BC800058E40020014B1860704700BF58E40020C2
:10BC900007B50B460021024600910348EDF758F91D
:10BCA00003B05DF804FB00BF79BC010030B500258E
:10BCB00087B0CDE903010446009503A90548059521
:10BCC000EDF746F9DDE904309842B8BF255407B0D6
:10BCD00030BD00BF070203000F2808B506D916F0D3
:10BCE000E1F8092303604FF0FF3008BD3022044B18
:10BCF00002FB0033D3E8AF3F002BF0D00020F4E785
:10BD000064E400200EB40F282DE9F74106460BD954
:10BD1000214922484FF4E573214A14F046FB4FF4C1
:10BD2000E5711F4814F038FB302545431D4C05F1E3
:10BD30000C0727444FF0FF324FF0FF33384604EB37
:10BD4000050814F0C7FAD8F8043060590AAA40F27E
:10BD50000111DB6801929847051E10DBD8F82C30E2
:10BD600003F47042B2F5E04F05D011D803F450430C
:10BD7000B3F5804F03D1302303FB0644A562384658
:10BD800014F0AAFA284603B0BDE8F04103B07047AA
:10BD9000B2F5004FEEE700BF458D040026560300C4
:10BDA000218D04005CE400202DE9F74F0C9E054630
:10BDB000884691460193FFF78FFF002855DB30211D
:10BDC00001FB05FB2A4C0BF10C0727444FF0FF3316
:10BDD0004FF0FF32384614F07DFA04EB0B03DB6AB8
:10BDE00003F47043B3F5E04F14D11EBB4FF0010ACA
:10BDF0000BF12801214430206843019A23185B6825
:10BE0000E2B1D3F804B0BBF1000F1AD116F04AF832
:10BE1000052303E066B116F045F886234FF0FF389E
:10BE20000360384614F058FA404603B0BDE8F08F7E
:10BE3000B246DDE731464FF0010ADCE7D3F800B047
:10BE4000E1E70B684A4641462058D847002880461B
:10BE5000E7DDBAF1000FE4D0002EE2D1302303FB7E
:10BE60000544A36A0344A362DBE74FF0FF38DBE736
:10BE70005CE400203023434330B50D4908330B44C4
:10BE8000D3E8AF2F92B1541ED3E8EF5F954204D1AF
:10BE9000C3E8EC4FBCF1000FF6D1F1D1012A05D176
:10BEA0003023584300230A180B50536030BD00BFA5
:10BEB0005CE40020F8B50546FFF70EFF002824DB00
:10BEC00030246C43124F04F10C063E444FF0FF3215
:10BED0004FF0FF33304614F0FDF93A1953689B6870
:10BEE0008BB1D26A385912F4404F0AD0294698478C
:10BEF0000446304614F0F0F92846FFF7BBFF204611
:10BF0000F8BD9847F4E71C46F3E74FF0FF34F6E737
:10BF10005CE4002070B504460D46FFF7DDFE002806
:10BF20000DDB302303FB04F006492B460C184FF4BD
:10BF3000837209586068BDE8704014F0BCB94FF0D6
:10BF4000FF3070BD5CE4002073B504460D46164614
:10BF5000FFF7C2FE00280EDB3022084B40F2011131
:10BF600002FB04339B6A2A46009320463346FFF7C0
:10BF7000C9FE02B070BD4FF0FF30FAE75CE400206C
:10BF8000F0B5024601680A270020074E0B461C78D0
:10BF90000131355D6D0701D41360F0BD07FB00432F
:10BFA000A3F13000F2E700BF7CD604002DE9F84F82
:10BFB00015469A46D378234A6F2B12F803B0814670
:10BFC0000F460BF0030B2BD026D8582B0CBF102696
:10BFD0000A26DDF828803246002348463946ECF729
:10BFE00007FE092A08F1FF38D4B21ED83034B14513
:10BFF000E4B277F1000788F8004001D3D04511D8AA
:10C000002B789B0605D5082E15D1AB7843F0080395
:10C01000AB704046BDE8F88F03F0F703702BD5E70F
:10C020000826D6E781460F46D5E7BBF1010F0CBFC6
:10C0300037345734DBE7102EEBD1AB7843F01003E5
:10C04000E6E700BF7CD604001FB500240290084438
:10C050000390009402A90648ECF77AFFDDE902326A
:10C06000934234BF1C7003F8014C04B010BD00BFF4
:10C070008903030038B50D4604462022002116F03E
:10C0800074FE0022EB68E361AB68A3612B68236256
:10C090006B68A26263622A6923B1591E194208BF04
:10C0A00042F0010222610122002104F12C0016F06D
:10C0B0000EFC48B1054906482F23064A14F075F9CD
:10C0C0002F21044814F068F938BD00BF218E040008
:10C0D00026560300FB8D04002DE9F04F002789B0A0
:10C0E000CDE90123436A04468B428846BA46059748
:10C0F000079754D300F11406EFF31185202383F33F
:10C100001288BFF36F8F3046A9460EF0B5FE58B9BE
:10C1100088234D4A4D494E4814F047F931464D4861
:10C1200014F043F9882163E030460EF0C9FE079A07
:10C130002AB13946204614F021FA0023079306A9B4
:10C14000204614F03FF906998346414530D32268D2
:10C15000236A204613F8221003EB820A21F0030120
:10C1600003F822102168424614F050F9E368206079
:10C17000984218D04FF0000B30460EF08BFE50B3B3
:10C1800089F31188BFF36F8F059929B1A2690AB1AC
:10C190002046904700230593BBF1000FACD15046D9
:10C1A00009B0BDE8F08F236943F008032361E1E79C
:10C1B00018B1204614F044F9DEE7DDE901321343FB
:10C1C00039D0039116F0FCFB0399A0BB9DBB304610
:10C1D0000EF060FE78B940F231131B4A1E491C482C
:10C1E00014F0E3F831461D4814F0DFF840F2311145
:10C1F000154814F0D1F885F31188BFF36F8F04F15F
:10C200002C00DDE901230CF02DFD8346EFF31189AD
:10C21000202383F31288BFF36F8F30460EF02CFE7D
:10C2200000283FF475AFBBFA8BFB30460EF048FE9A
:10C230004FEA5B1BA0E7204607AB05AA276814F06E
:10C240001EF9834698E700BFCB810400F881040003
:10C25000265603000D820400238204003A82040063
:10C260002DE9F0410446C36908460E46984704F19B
:10C2700014050746EFF31188202383F31288BFF3D8
:10C280006F8F28460EF0F8FD68B988231A4A1B49BB
:10C290001B4814F08AF829461A4814F086F88821B9
:10C2A000154814F079F828460EF00AFE33783A461D
:10C2B00043F0010333706168204614F0A7F8606012
:10C2C000204614F076F928460EF0E4FD68B940F2F5
:10C2D0003113094A0C490A4814F067F829460B48FB
:10C2E00014F063F840F23111DAE788F31188BFF3F4
:10C2F0006F8FBDE8F08100BFCB810400F88104009E
:10C30000265603000D820400238204003A820400B2
:10C310002DE9F843044600F11407EFF311882023B8
:10C3200083F31288BFF36F8F38460EF0A5FD0546E4
:10C3300068B98823344A3549354814F036F8394607
:10C34000344814F032F888212F4814F025F8384684
:10C350000EF0B6FD2369A26813F0080F02D16368DE
:10C360009A4200D9636A9B1A002B3FD0216A11F8C8
:10C37000223001EB820913F003003AD0022803D1E6
:10C3800051F82260B60805D1D8071FD44846E369A2
:10C3900098470646A1683246204614F037F83146E1
:10C3A000A060204614F040F838460EF073FD10BB34
:10C3B00040F23113144A1849154813F0F6FF394674
:10C3C000164813F0F2FF40F23111BDE743F00203CB
:10C3D00001F82230E3694846A56898472946024695
:10C3E000204614F013F80025A060DDE71D46A9469D
:10C3F000DAE70546FBE788F31188BFF36F8F002D5E
:10C400008BD14846BDE8F883CB810400F881040055
:10C41000265603000D820400238204003A820400A1
:10C420002DE9F0410446C36908460D46984704F1DA
:10C4300014060746EFF31188202383F31288BFF315
:10C440006F8F30460EF018FD68B98823274A2849B7
:10C45000284813F0AAFF3146274813F0A6FF882189
:10C46000224813F099FF30460EF02AFD2B786FF327
:10C4700000032B7023699B0705D5E268236A03EB51
:10C4800082039D4222D12B786FF341032B70D4E9B4
:10C490000231994204D13A46204613F0B7FFA0601A
:10C4A0003946204613F0C0FF30460EF0F3FC90B939
:10C4B00040F231130D4A11490E4813F076FF314610
:10C4C0000F4813F072FF40F23111C9E72B6867F390
:10C4D0009F032B60E8E788F31188BFF36F8F04F1A7
:10C4E0002C00BDE8F0410CF039BB00BFCB8104004B
:10C4F000F8810400265603000D8204002382040004
:10C500003A82040070B5044600F11405EFF3118679
:10C51000202383F31288BFF36F8F28460EF0ACFC04
:10C5200068B988231A4A1B491B4813F03EFF294665
:10C530001A4813F03AFF8821154813F02DFF2846BA
:10C540000EF0BEFC2369A06813F0080F02D16368E7
:10C55000984213D9646A241A28460EF09BFC78B9D5
:10C5600040F231130A4A0E490B4813F01EFF2946C8
:10C570000C4813F01AFF40F23111DDE71C1AEBE70B
:10C5800086F31188BFF36F8F201E18BF012070BD86
:10C59000CB810400F8810400265603000D820400BC
:10C5A000238204003A8204002DE9F84340F26C73C0
:10C5B00044690569E1170135E41841F10001022DD4
:10C5C0008CBF00230123E41AC76861F10001002930
:10C5D000064607F1FF374EDA6FF4C7704FF4C872A2
:10C5E0000023201861F10001ECF7B2FA244B4FF060
:10C5F0003C0E03FB0044D6E900834FEAE37C9946F6
:10C600006346022D02468CBF6FF002000920B66817
:10C610000544C6FB0E93A9FB0EC60EFB036640F253
:10C620006D1E9920A3080EFB04333B446427454349
:10C630000520B4FBF7F40235B5FBF0F51B1B114CDC
:10C640001CEB080CA2FB042004FB01012B4446EB6D
:10C65000E87698180C4A41F1000380180B4A63F100
:10C660000003A0FB020102FB031110EB0C0041EBE5
:10C670000601BDE8F8834FF4C87200232046B3E7F3
:10C6800070FEFFFFB13A02009405F5FF80510100F2
:10C690002DE9F84F0446A38B08461907154612D416
:10C6A000022803F0070165D1204613F09BFF88B1F3
:10C6B0000138042800F23781DFE810F05C00350112
:10C6C0008200D400040101280CBF43F0100143F0A4
:10C6D0002001A183143420460EF0DCFB002840F03A
:10C6E0009D819A4940F23113994A9A4813F05DFEB0
:10C6F0002146B1E003F00702501F01281ED8002098
:10C70000062A2768C4E9000014D13A4603E0E08B0A
:10C710000130E0831268002AF9D123F0070343F0C7
:10C7200002022046A28313F05DFF90B342F0200284
:10C73000A2832EE023F007039AB2F2E7042A33D152
:10C7400023F007039AB22046A28313F04BFF10B1E7
:10C7500042F02002A283A38B03F00709894540F031
:10C76000EC80A18BCA0640F1508121F01003A38315
:10C7700001F00701D4F81880A38BB8F1000FB9DAE3
:10C780000022276823F00703C4E9002243F00103D5
:10C79000A383A38B03F00709894540F0CF80002FC6
:10C7A000DFD00026B24644E06B4940F21B136B4ACF
:10C7B000684813F0FAFD40F21B11684813F0ECFDD5
:10C7C00049B167494FF4AB73644A624813F0EDFD19
:10C7D0004FF4AB71F1E723684BB9624940F257134C
:10C7E0005E4A5C4813F0E1FD40F25711E5E723692A
:10C7F0001E684EB95C494FF4AD73584A554813F062
:10C80000D4FD4FF4AD71D8E70F4688464FF00609C6
:10C81000A38B23F0070343F006039BB2A383A26814
:10C82000002A40F08D80002F40F08D80002E98D09F
:10C83000BA4643F0080304F1140B5846A3830EF0E4
:10C8400029FB002840F09A80404940F23113404AC9
:10C85000404813F0AAFD5946444813F0A6FD40F2A3
:10C860003111ADE0022909D0414940F25D133B4A44
:10C87000384813F09AFD40F25D119EE7E78B4FB107
:10C880003C494FF4AF73354A324813F08EFD4FF4F4
:10C89000AF7192E723695E684EB9334940F2611384
:10C8A0002E4A2C4813F081FD40F2611185E7A38BDD
:10C8B000B84623F0070343F004039BB24FF004098A
:10C8C000A383ACE7012909D02B494FF4B273234A63
:10C8D000204813F06AFD4FF4B2716EE723684BB93C
:10C8E000204940F265131D4A1A4813F05EFD40F2DC
:10C8F000651162E723699E684EB91B494FF4B47312
:10C90000164A144813F051FD4FF4B47155E700274F
:10C91000A38BB84623F0070343F005039BB24FF007
:10C920000509A3837BE70C4940F26B130B4A0948C6
:10C9300013F03BFD40F26B113FE7002700266EE746
:10C940004FF0010A75E7924673E700BF23820400A7
:10C95000CB8104002656030091BE04002A8E0400F9
:10C960004F8E04005B8E04007E8E04003A82040029
:10C97000958E0400AB8E0400BA8E040085F31188F6
:10C98000BFF36F8FBAF1000F1CD177BB16B12046F1
:10C990002549B047EFF31185202383F31288BFF3B5
:10C9A0006F8F58460EF068FA38BB88231F4A20491B
:10C9B000204813F0FAFC59461F4813F0F6FC882172
:10C9C0001A48FBE6A1680029DFD00D680029DCD0F9
:10C9D00043464A462046D1F804A0D0471DB12B68F3
:10C9E00029461D46F2E72B46FAE7394643464A46B2
:10C9F00020463F6813F022FEC7E758460EF060FA63
:10CA0000A38B23F00803A383ABE68B067FF562AE0E
:10CA100021F02003A38301F0070145E685F3118887
:10CA2000BFF36F8FBDE8F88F3DCA0100CB810400D2
:10CA3000F8810400265603000D820400F8B5044670
:10CA40000D4600F11406EFF31187202383F31288BB
:10CA5000BFF36F8F30460EF00FFA68B988230C4A87
:10CA60000C490D4813F0A1FC31460C4813F09DFC15
:10CA70008821074813F090FC30460EF021FAA5619A
:10CA80003A462046BDE8F8400121FFF701BE00BF4D
:10CA9000CB810400F8810400265603000D820400B7
:10CAA0002DE9F04704460F4613F0B8FD051E68DB7C
:10CAB00004F11409EFF3118A202383F31288BFF3E2
:10CAC0006F8F48460EF0D8F9804660B98823384AFF
:10CAD0003849394813F069FC4946384813F065FC79
:10CAE0008821334842E048460EF0EAF94FF6FF72DB
:10CAF000E38BA68B934206F0070645D0022E15D194
:10CB000035460133E38348460EF0C4F9002841D18D
:10CB100040F23113264A2A49274813F046FC494679
:10CB2000284813F042FC40F23111DAE7062E13D800
:10CB3000DFE806F0092D1212090409006FF08505DF
:10CB40004FF00008DFE700233B60636883B9C4E966
:10CB5000007786B13546F3E71B4917484FF4E47375
:10CB60001A4A13F022FC4FF4E471184813F014FC35
:10CB70001F606760EDE7524602212046FFF788FDFF
:10CB800035462846BDE8F0876FF00A05D8E76FF014
:10CB90000405D5E78AF31188BFF36F8FB8F1000F52
:10CBA000EFD0002332463946204613F047FDE8E730
:10CBB000CB810400F8810400265603000D82040096
:10CBC000238204003A820400BA8E04002A8E0400F4
:10CBD00008B54268034602F00302022A81600AD0C7
:10CBE000032A4FF0000103D0012A0AD1596006E060
:10CBF0001868596008BD186800225A6058B90020AA
:10CC0000F8E7064906484523064A13F0CEFB4521BE
:10CC1000044813F0C1FB0FF06BF9F0E791BE04007C
:10CC200026560300D08E04002DE9F34106460F4638
:10CC300015464FF000082A46304601A913F053FD6F
:10CC4000044640B102463946019816F067F82D1B9C
:10CC5000A0442744EFD142463046311D13F061FD18
:10CC600048B1074907484823074A13F09EFB48216B
:10CC7000054813F091FB404602B0BDE8F08100BFCB
:10CC8000218E040026560300F68E04002DE9F341A0
:10CC900007460E4615464FF000082A46384601A9B9
:10CCA00013F030FD044648B12EB1024601993046DA
:10CCB00016F034F826442D1BA044EED142463846E7
:10CCC00007F10A0113F02DFD48B107490748632316
:10CCD000074A13F06AFB6321054813F05DFB4046E9
:10CCE00002B0BDE8F08100BF218E0400265603008B
:10CCF000F68E04002DE9F7430F4606460821C06A68
:10CD000013F095FD80463C68DFF84890241A3C609B
:10CD100004EA0905AC4203D8002003B0BDE8F08363
:10CD200008236A462146304613F015FD0028F4D149
:10CD30006946304613F085FD40B1BDF80230BDF8BC
:10CD4000042005EA090513441D443C60A4EB0804D3
:10CD5000E0E700BF0000FFFF73B504464FF6FF7227
:10CD6000C06A082113F063FD002563680F4EADF81B
:10CD700000208DF80620A289191833401344181A90
:10CD800060606846ADF80210ADF8045013F042FD43
:10CD90006946204613F015FE2046211D13F014FDB0
:10CDA000284663683340A36002B070BD0000FFFFF7
:10CDB0002DE9F047044688B000F11407384615F015
:10CDC00068FDA06A8368DB689847E06260B99648AE
:10CDD00003685D0702D0954913F025FD6FF0150536
:10CDE000284608B0BDE8F087A06A8368DB689847EA
:10CDF0000368013B1F2B05D98B4803685C07EDD006
:10CE00008B49E9E7A06A216805AA15F007F928B15E
:10CE1000854803685907E1D08649DDE7A5892DB12A
:10CE2000069BB5FBF3F203FB12552DB17E48036858
:10CE30005A07D3D08049CFE7E389012B05D87A4838
:10CE400003685B07CAD07D49C6E7E36A009593F89B
:10CE500005904FF0FF334FF0FF3238460BF068FB80
:10CE60000821E06A13F0E3FCA8460646E3891FFAAE
:10CE700085FA534508D8E389434523D138460BF05A
:10CE800027FC6FF02C05ABE7A1892B04891B13FA53
:10CE900081F14A4608232046009113F06AFC78B1DC
:10CEA0006946204613F090FC08F1010808234A4621
:10CEB000204600991FFA88F813F05BFC0028DAD0AE
:10CEC0000135D3E753450BD1009908234A46204644
:10CED000891B13F04EFC18B96946204613F074FC08
:10CEE00069462046FFF706FF054618B138460BF0A5
:10CEF000EFFB75E7009B4FEA13484FEA0848636071
:10CF0000C4F80880D4E9011399420FD308232046BE
:10CF100001AA13F020FC05460028E7D101AB13F865
:10CF2000012B914535D10135082DF8D1636869464B
:10CF30001B0C1B042046009313F046FC4A46204677
:10CF4000A389009913F015FC051ECFDB636800F080
:10CF500087804FF6FF7906EB0308A3891FFA88F252
:10CF60009B1B9A42CDF800802FD300236168002BD1
:10CF700044D0090C090420460091694613F024FCB2
:10CF80002046009913F02DFC0546002D00F084800A
:10CF9000ACE7204601A913F054FC626810B9921B5B
:10CFA0006260AFE7BDF80850BDF80610E06AC4F84B
:10CFB0000880294413F03BFC40449042A060EED12D
:10CFC000002DECD06FF01C0577E008234146204689
:10CFD00003AA13F0C0FB0546002887D1204603A909
:10CFE00013F02FFC30B1BDF80C304B4502D1BDF829
:10CFF00010300BB1B044B0E70123B7E7204613F07F
:10D00000F0FB054600287FF471AF63680C4AA189E4
:10D0100013400B44A3EB4603636013402046A36018
:10D0200013F0F7FCB0E700BFD0EA0020358F040012
:10D03000578F0400748F04008C8F0400A08F0400AD
:10D040000000FFFF4A4620465B1A13F092FB051EC4
:10D05000FFF64CAF08D0E26AA36812681344A360DD
:10D06000D4E901318B42EDD86168A38901EB460216
:10D070009A428AD1DFF85080A26801EA08039A42F6
:10D0800083D0204613F0ADFB054600287FF42EAF79
:10D09000636803EA0803A360A389A288A3EB46039D
:10D0A0009A4206D038460BF013FB01230025237467
:10D0B00096E6204613F096FC054638460BF008FB32
:10D0C000002DF2D08CE600BF0000FFFF2DE9F04FED
:10D0D0001D46037C91B004460291009263B96548F5
:10D0E00003685B0702D0644913F09DFB6FF00C06E8
:10D0F000304611B0BDE8F08FC26A0821104613F027
:10D1000096FB29460190104613F091FBA389019AE2
:10D110000746A3EB8203AB42C0F0A8801DB1009B81
:10D12000002B00F0A38063680593204606AA05A99A
:10D13000DDF814A013F0C2FB06460028D8D1BDF8D4
:10D140001830029A934206D06268059B9A42ECD14D
:10D15000002D35D1CCE7204606A913F072FB00283C
:10D16000F2D0BDF81A90BDF81C303DB39D4227D1D6
:10D170004FEA1A4A4FEA0A4AD144AA46E36ADDF85E
:10D1800000B01B685B4203F020030393039B4946F6
:10D19000534528BF5346204608AA984613F0DBFAA9
:10D1A00000284AD14246584608A915F0A7FD38B9CB
:10D1B000BAEB080AC144C344E8D199E7002B97D0E1
:10D1C000002F3DD1B94604F1140A4FF0FF324FF061
:10D1D000FF3350460BF0ACF9E3899E4243D0A1687F
:10D1E000626809EB01039A422FD3029B2046ADF8F7
:10D1F0002030FF23009A8DF826302B46ADF8221000
:10D20000ADF8245013F0A4FB29460746E06A13F05A
:10D210000EFBA3680344A36057B908A813F0FAFAF9
:10D22000204608A913F0CDFB002814BF07462F465F
:10D2300050460BF04DFA3E465AE7C1DC064657E72A
:10D24000019B1F441FFA87F9BDE72046FFF784FDC5
:10D2500007460028ECD1204613F0DBFB07460028E8
:10D26000E6D10136B8E76FF01B07E1E76FF015066E
:10D270003EE700BFD0EA0020218F04002DE9FF47E0
:10D280001E46037C04460F469046BDF830905BB9BD
:10D290002D4803685B0702D02C4913F0C4FA6FF0E5
:10D2A0000C0004B0BDE8F0870821C06A13F0BFFA93
:10D2B000A389A3EB4003B34243D30025D4F804A0D1
:10D2C000CDF804A04D455146DDF804A009D96368A6
:10D2D00053451ED1BDF80830BB421AD06FF0010093
:10D2E000DFE7204602AA01A913F0E8FA0028D8D106
:10D2F000BDF80830BB4206D1204602A913F0A1FABE
:10D3000008B10135ADB26268019B9A42DAD151464B
:10D31000E0E7BDF80C30002BE0D0A945DED8BDF821
:10D320000A00090CB3424FEA014128BF33460144C9
:10D330004246204613F00FFA0028B2D1BDF80C0087
:10D34000AFE76FF01500ACE7D0EA0020218F0400B2
:10D3500030B5002289B00F490F4815F003FC0022B8
:10D3600000230024CDE906230E230C4DCDE9033420
:10D370004FF400622846CDE90144094B0949009465
:10D380000CF058FA084928460CF048F9204609B034
:10D3900030BD00BFF5D40100882B01208826012074
:10D3A00061D8010010E40120CA8F04002DE9F04784
:10D3B000044607464FF00109DFF8508014B938469B
:10D3C000BDE8F08794FAA4F5B5FA85F509FA05F3F6
:10D3D0002E0108EB05156FEA030A24EA03042B7BF0
:10D3E000002BEBD058F806301B694BB946447368E4
:10D3F00004222846196807EA0A0713F015FCDDE73E
:10D40000284698470028D9D1F0E700BF1C42030006
:10D410002DE9F047DFF8D8902E4C8046A9EB0403A5
:10D420008F2B0F460BD92C494FF4A7732B4A2C484E
:10D4300012F0BBFF4FF4A771284812F0ADFF294846
:10D4400013F0D3FB064678B300252846BDE8F087E5
:10D45000237B83B12368DB680BB120469847636860
:10D4600083F806A023681B69B3B9636804222046C9
:10D47000196813F0D9FB013610344C4518D91A49F4
:10D480004FF4AD73154A164812F08FFF174812F08B
:10D490008CFF4FF4AD71CFE7204698470028E4D0C9
:10D4A0000AFA06F31D43E6E705464FF0010AE4E7F2
:10D4B000CED3B8F1000FC8D0002DC5D02846FFF755
:10D4C00075FF0546002FF7D000214FF4A4700DF032
:10D4D000BDF9F1E71C420300FF8F0400D28F040066
:10D4E000265603003C4201202F9004005090040077
:10D4F0002C42030001480BF031BB00BF7CEE002042
:10D5000008B5034608462BB1044A136000F090FEAC
:10D51000002008BD6FF01500FBE700BF5CE70020AE
:10D5200010B5044C237813B903480BF017FB012303
:10D53000237010BD2E5901207CEE002010B504464A
:10D54000094813F052FB3CB1084BD3E8EF1F0139F7
:10D55000C3E8E21F002AF8D1054815F00FFBBDE82B
:10D56000104004480BF0FABA34420120384201203E
:10D57000882B01207CEE002000200146034BD3E8DD
:10D58000EF0FC3E8E21F002AF9D1704734420120AF
:10D5900070B5FFF7F1FF05460F4C104EB44219D994
:10D5A0000F4940F20E230F4A0F4812F0FEFE0F48BB
:10D5B00012F0FBFE40F20E210A4812F0EDFE636805
:10D5C0005B792BB123685B6813B1294620469847E5
:10D5D0001034E3E7F3D370BD1C4203002C42030078
:10D5E0002F900400D28F04002656030050900400B0
:10D5F00010B5044C04492046FEF73CFD034B1C606B
:10D6000010BD00BF6CEA0020544D030028420120E9
:10D610000023164A10B51370154A4FF400411360E9
:10D62000144A15481360FFF76BFFFFF7E1FF00F0A6
:10D6300035FA124B124918468B4215D9114940F25E
:10D640002913114A114812F0B0FE114812F0ADFE34
:10D6500040F229110C4812F09FFE1A1A5C68121150
:10D66000013222711033E7E7F7D310BD2F590120A3
:10D670003442012038420120E70B03001C42030022
:10D680002C4203002F900400D28F04002656030082
:10D69000509004000146002200230148FEF71CBD03
:10D6A0006CEA00200148FEF733BE00BF6CEA0020A0
:10D6B000024B01461868FEF7B3BE00BF28420120A6
:10D6C0000148FEF71FBF00BF6CEA00202DE9F041C2
:10D6D0003C4B1878002872D0FFF7E4FF044600287E
:10D6E0005CD1394B394C1B68002B19DD15F0F3F96F
:10D6F0004FF47A72A0FB020302FB0131C30B43EA31
:10D700004143D4E900209B1A40F2E9324FEAD1317B
:10D7100061EB0001934271F1000101D3FFF738FF83
:10D72000D4E9003213F57A7342F10002C4E9003201
:10D73000BDE8F041FFF7C4BF6B685B793BB121786E
:10D740004B0716D52B68214628461B68984710358D
:10D75000454527D91E4940F202231E4A1E4812F0B1
:10D7600024FE1E4812F021FE40F20221194812F058
:10D7700013FE20462688C1F3C20700F043FBC6F320
:10D7800082160246002EDDD00028DBDB012339465D
:10D79000284600F065FAB042D9D3D3E7104DDFF840
:10D7A0004880D5E7C8D32046FFF782FF0D4BD3E86A
:10D7B000EF1F0139C3E8E21F002A92D0F7E7BDE866
:10D7C000F08100BF2E59012034420120802B01201E
:10D7D0002F900400D28F04002656030050900400BE
:10D7E0001C420300384201202C42030070B5154D45
:10D7F000297829BB0120FFF70BFE134C134EB442CE
:10D8000017D9134940F2C713124A134812F0CDFD3D
:10D81000124812F0CAFD40F2C7110E4812F0BCFDCA
:10D8200063685B791BB1236820469B689847103476
:10D83000E5E7F5D3FFF74AFF0028FBD101232B7062
:10D8400070BD00BF2F5901201C4203002C42030071
:10D850002F900400D28F040026560300509004003D
:10D860002DE9F0472F4B304FFB1A1B090BD12F49E5
:10D8700040F2AB332E4A2F4812F097FD40F2AB3105
:10D880002B4812F089FD00210846FFF7C1FD044630
:10D8900040B340F267684FF000090DF073F8264B73
:10D8A000186030B1254B1B68092B02DD24480BF0B2
:10D8B00055F90025DFF888A044B12046FFF776FD32
:10D8C000044618B94FF0FF384FF0FF39FFF7FEFE5E
:10D8D000064628B95DB942464B4650460BF0C2F9A0
:10D8E0003546E9E74FF0FF384FF0FF39D5E70D4DEA
:10D8F00008E0F0D22B689B691BB100222846114634
:10D9000098471035BD42F4D90E4940F29F33084A7A
:10D91000084812F04AFD0C4812F047FD40F29F31D2
:10D92000AEE700BF1C4203002C4203006F900400CE
:10D93000D28F0400265603003042012038420120D5
:10D940007CEE00202F9004005090040013B52C486A
:10D9500013F04BF92B4B1B78002B35D0EFF31184D0
:10D96000202383F31288BFF36F8F27480DF084FACA
:10D9700068B98823254A2649264812F016FD22490F
:10D98000254812F012FD8821204812F005FD1E489E
:10D990000DF096FAFFF79AFE1B480DF07BFA68B976
:10D9A00040F23113194A1D491A4812F0FEFC16497B
:10D9B0001B4812F0FAFC40F23111E5E784F31188BC
:10D9C000BFF36F8F02B010BD164B1B68002BF9D050
:10D9D00050B9002200231448CDE900234FF400423F
:10D9E00000230DF087FEEDE70928EBD10E4815F076
:10D9F000C5F80E4802B0BDE810400BF0AFB800BF4C
:10DA0000384201202F5901202C420120CB810400F3
:10DA1000F8810400265603000D82040023820400CE
:10DA20003A82040030420120882B01207CEE002045
:10DA300010B5064B04461B6898472146A060044871
:10DA4000FEF70EFCBDE81040FFF780BF5CE700204A
:10DA50006CEA002008B548B906490748EF23074A91
:10DA600012F0A3FCEF21054812F096FC43681879E8
:10DA700008BD00BF0F91040026560300D790040094
:10DA8000044A054B9B1AB1EBD30F34BF52F8310057
:10DA900000207047444103001C42030000210B4852
:10DAA0000B4B30B51B1A0B4CDB080430994200D1EC
:10DAB00030BD10F83120256802F0070225F0070577
:10DAC0002A4344F8042B0131F0E700BF444103002E
:10DAD0001C420300B4EA0020F8B5064600240A4FB1
:10DAE0000A4DED1BED08AC4203D14FF0FF34204648
:10DAF000F8BD57F8340020B13146EBF7B1F80028F3
:10DB0000F5D00134EFE700BF444103001C4203009D
:10DB10002DE9F04715461F462D4A2E4B8846D21A4E
:10DB2000B5EBD20F0BD32C492C484FF4DE732C4AA3
:10DB300012F03BFC4FF4DE71294812F02DFC002856
:10DB40001CDA4FF0000A5446DFF8A090254EA6EBF1
:10DB500009063609B24502D12046BDE8F08709EB37
:10DB60000A10FFF777FF3B462A464146FFF7D0FFF2
:10DB7000844238BF04460AF1010AEBE703EBC50310
:10DB80001C7914B1BC4228BF3C460722164EC3B2D2
:10DB900003EB430356F825009A4020EA020004F004
:10DBA000070202FA03F318430022032320FA03F1C9
:10DBB00001F007018A4203F1030338BF0A461E2B16
:10DBC000F4D120F00700104346F82500C4E700BF59
:10DBD0001C42030044410300269104002656030022
:10DBE0008F9004002C420300B4EA00201C42030082
:10DBF000F8B506460F460024074D084BED1AED0810
:10DC0000AC4200D3F8BD002122B23B46304601347D
:10DC100012F0F9FFA4B2F3E71C42030044410300F1
:10DC200010B5044658B90B490B4840F235130B4A5E
:10DC300012F0BBFB40F23511084812F0ADFB43680F
:10DC40005B7913B10021FFF7D3FF002263685A719B
:10DC500010BD00BF0F91040026560300D7900400AA
:10DC600038B514461D4698B1FFF7F4FE124A134B1F
:10DC70009B1AB4EBD30F0ED3114912484FF4D4734F
:10DC8000114A12F092FB4FF4D4710F4812F084FB4A
:10DC90004FF0FF30EAE755B10C4BC0B253F82430D7
:10DCA00000EB400023FA00F000F0070038BD02EB63
:10DCB000C4021079FAE700BF444103001C4203008C
:10DCC00026910400265603008F900400B4EA002039
:10DCD0002DE9F04F8FB0C1F34A2804AF0D469146AD
:10DCE000B8607B600C0DB8F1000F6CD000264FF0CF
:10DCF000040B4FF00A0A07F11403C7F80C80C7E9B8
:10DD000007667E620193CDF808B0CDF800A007F158
:10DD10001C0332464846F968FDF76EFDB0F5006F0A
:10DD2000034620D33048036813F0060F17D06C4623
:10DD30008AB0D9F8041004AB2C4D1A46C3E905513A
:10DD400040F2FF71D9614FF400711984284B42F8F9
:10DD5000103F4FF412513346FFF7BAFFA5462C3758
:10DD6000BD46BDE8F08FC0F30A0804F1170018445F
:10DD700020F0070080083B60FFF78CFC68F3532518
:10DD8000044640B33B6800F11001C7E9083607F1CB
:10DD90001403F961CDE900A3CDF808B04846154A4F
:10DDA000F96807F11C03FDF727FD002813DA124973
:10DDB00012484FF4A373124A12F0F7FA4FF4A3710A
:10DDC0000F4812F0E9FA04F1170020F0070080086C
:10DDD000FFF760FC044668F353252A4620467B681B
:10DDE000B96812F048FFBAE7D4EA0020569104005F
:10DDF000040000014B0C0300C191040026560300EF
:10DE000095910400406820B1034BC01A40F38F0085
:10DE100070474FF0FF307047B4EA00200EB403B5EE
:10DE200003AB53F8042B01460448019312F0ADFFF5
:10DE300002B05DF804EB03B0704700BF5DDE010087
:10DE4000CA0605D48B064CBF02490349FFF7E6BF5B
:10DE5000704700BF62CB0400FCC8040038B54B68B3
:10DE600005461A68CB680C469A4202D1084612F061
:10DE70007FFF6368D3E8EF2F511CC3E8E01F002841
:10DE8000F8D1A3689D5463681A68E3689A4209D977
:10DE9000054906487223064A12F087FA722104489F
:10DEA00012F07AFA002038BDF991040026560300DA
:10DEB000CA9104002DE9F04F8BB09A46169B9DF84D
:10DEC00054B00693179B04460593189B0D46904645
:10DED000199E0493BBF1000F00F0AE80BBF1040F5C
:10DEE0000BD9A44940F24623A34AA44812F05DFA94
:10DEF00040F24621A04812F04FFA06F001030893C1
:10DF000006F00803079306F48073099312F079FE74
:10DF100006F00209024600283CD020469849FFF747
:10DF20007DFF0746B9F1000F08D016F0440F33D13A
:10DF30002A4620469349FFF771FF0744089B53B1D7
:10DF4000914B204653F82B20904B9149002A08BF53
:10DF50001A46FFF763FF099B002B49D0079B002B54
:10DF600063D1B8F1000F65D0424620468949FFF7DA
:10DF700055FF0546069B3D44002B6CD1049B002BAE
:10DF800040F08180F30700F1EF8031462046FFF733
:10DF900057FFE3E00746C5E77F4B18680028CCD061
:10DFA0007E4B4FF47A791B684FF03C0CB5FBF3F5D0
:10DFB000B5FBF0F14FF4616300FB115509FB05F56A
:10DFC000B1FBF3F2B5FBF0FE03FB121100FB1E5593
:10DFD000B1FBFCF309FB05F5B5FBF0F50CFB1311E8
:10DFE00020460091CDE901E56D49FFF717FFA4E751
:10DFF000079BEBB16B4B204653F82B206A49FFF788
:10E000000DFF0546B8F1000F05D042462046614994
:10E01000FFF704FF0544BAF1000FABD0524620468B
:10E020006249FFF7FBFE0544A4E74FF0000AE1E771
:10E03000079DE7E745469DE7BAF1010F069B06D12C
:10E04000DBB9049B002B00F0898000251BE0002B2E
:10E05000F7D0574812E057482246069B564912F01F
:10E060007AF800280CDA55494FF42873424A43489D
:10E0700012F09BF94FF428713CE74E485D46EBE700
:10E08000049B002B66D0DFF84881DFF84891049F9D
:10E090003146102F204628BF10274FF0000AFFF707
:10E0A000CFFE554543DC059B494620461A78FFF7CD
:10E0B000B5FE4FF0010A1AF0070F03D14146204682
:10E0C000FFF7ACFE574539D9059B4946204613F862
:10E0D0000A20FFF7A3FE0AF1010ABAF1100FEAD1F4
:10E0E0004FF0000A20463649FFF798FE5246059B3E
:10E0F00020469A5C334B995C11F0970F08BF2E2293
:10E100003149FFF78BFE0AF1010ABAF1100F1AD05C
:10E110001AF0070F03D141462046FFF77FFE57450F
:10E120005246E4D841462046FFF778FEEBE74146E9
:10E130002046FFF773FE0AF1010AB2E720462349A1
:10E14000FFF76CFEC7E7059B3B440593049BDB1B75
:10E1500004939CD1BBF1000F7FF414AF20460BB0A9
:10E16000BDE8F04F12F004BE2046084A0849FFF708
:10E1700055FE0AE729920400CA91040026560300BE
:10E180003492040038920400684D030070EE0300DE
:10E190003CF203005D920400444201204042012011
:10E1A000419204007C4D03006192040067920400D8
:10E1B000990D03005DDE01008B0D03006C920400DD
:10E1C000799204007CD60400969F040075920400A6
:10E1D000F0F103009EE7030042F20F7373B58B4228
:10E1E00028BF0B4605680446052168460D4A12F013
:10E1F00029F80646636828460B225B680A4912F034
:10E20000A9FD63683246694628465B6812F0A2FDA4
:10E2100063681B2228465B68044912F09BFD02B02C
:10E2200070BD00BF3B300400979204007B92040055
:10E2300000210123064A904206D8064A01B901236B
:10E240001360054B18607047012140085B00F2E73E
:10E2500040420F004042012044420120014B036034
:10E2600000207047904D030070B5104B0D461C68A0
:10E27000B4B10F4B196800238B4202DB6FF0010031
:10E2800070BD224612F8106B864202D0144601334C
:10E29000F2E7E06814F0A2FA28B100202C60EFE762
:10E2A0006FF00C00ECE76FF01200E9E7B0E7002038
:10E2B0009C51030010B5436888B0029383680C46F4
:10E2C000CDE9033200230A68C068CDE90623054979
:10E2D00001AA059313F0A6FE079808B9059B2360D1
:10E2E00008B010BD210E03002DE9F0410C4B05468E
:10E2F0001C680E4617467CB100F086F9636820461C
:10E30000D3F8108032463B462946C047044600F009
:10E3100085F92046BDE8F0816FF00104F9E700BF00
:10E320004842012000230360044B5A6812B9C3E934
:10E330000000704710605860704700BF4C420120D9
:10E34000014B1860704700BF48420120002330B5E0
:10E3500085B0CDE902330546019000F055F9094B2F
:10E360001C6844B9284600F0D7F8044600F056F976
:10E37000204605B030BD636820461B6801A9984758
:10E380002468EEE74C4201200022024BC3E9002240
:10E39000704700BF4C4201200022024BC3E900221B
:10E3A000FFF7F2BF544201202DE9F74307460C4620
:10E3B00009B100230B600026254DDFF8AC904D45D8
:10E3C00024D924499D23244A244811F0EEFF2448EF
:10E3D00011F0EBFF9D21204811F0DEFFD5F8008001
:10E3E0003846414601AA12F059FD50B116B954B948
:10E3F0002E4606E000224046316812F04FFD00280C
:10E40000F5D11835DBE7019B2360F1E7E6D3154B27
:10E410001D68C5B155F8188C3846414601AA183D0B
:10E4200012F03CFD50B116B954B92E4606E0002258
:10E430004046316812F032FD0028F5D1AD69E8E7B9
:10E44000019B2360F1E7304603B0BDE8F08300BFD5
:10E4500070420300F1920400BF92040026560300AC
:10E460005090040054420120704203002DE9F0470F
:10E4700084B002AFD7F8289004460D461646984659
:10E480007860B9F1000F07D0D9F8001051BBD9F866
:10E4900004A0BAF1000F2CD12046391DFFF784FFEC
:10E4A00028B34346D0F80C90324629467868C847CE
:10E4B0000346E0B115480268520718D06D468AB08D
:10E4C00002AAD3614FF4007311491384114BC2E9BE
:10E4D000051442F8103F00234FF41151FFF7F8FBE9
:10E4E000AD4604E03A1D12F0D9FC0028CFD100203F
:10E4F00007E0D9F808303246009329464346786849
:10E50000D0470837BD46BDE8F08700BF08EB0020C4
:10E5100019930400040000012DE9F04780464FF0F4
:10E5200000470026DFF8D890DFF8D8A03D462F4CF2
:10E530004C4530D92E494FF489732E4A2E4811F09C
:10E5400034FF2E4811F031FF4FF48971294811F042
:10E5500023FF2F46EAE7B8F1000F03D122694AB939
:10E560001834E5E700224146206812F097FC0028A5
:10E57000F4D1F5E76368BB4205DDAF4209D09D42A7
:10E58000A8BF1D46ECE7EBD19047002E08BF06461A
:10E59000E6E71D46E4E7DED3DAF8004004B3183CB2
:10E5A000B8F1000F03D122694AB9A469F6E7002245
:10E5B0004146206812F072FC0028F4D1F5E7636848
:10E5C000BB4205DDBD4209D09D42A8BF1D46ECE718
:10E5D000EBD19047002E08BF0646E6E71D46E4E76C
:10E5E000AF42B6D13046BDE8F08700BF70420300AD
:10E5F000F1920400BF9204002656030050900400DC
:10E6000070420300544201204FF0FF324FF0FF33BD
:10E61000014809F08DBF00BFA8EC002001480AF0B6
:10E6200057B800BFA8EC0020F8B505460F461F4CB0
:10E630001F4EB44213D91F492D231F4A1F4811F002
:10E64000B4FE1F4811F0B1FE2D211B4811F0A4FEAD
:10E6500021682868EAF704FB20B31834E9E7F7D308
:10E66000184EFFF7D1FF346844B1286854F8181CDD
:10E67000183CEAF7F5FA90B1A469F5E700226F605B
:10E68000AA61726805F1180332B9C6E900330024A3
:10E69000FFF7C4FF2046F8BD13607360F7E76FF023
:10E6A0001004F5E76FF01004F4E700BF70420300B8
:10E6B00070420300F1920400BF920400265603004A
:10E6C000509004005442012038B5094DFFF79CFFDB
:10E6D0002B783BB9FFF760FE00F06AF8044610B9EA
:10E6E00001232B700024FFF799FF204638BD00BF9F
:10E6F000305901202DE9F04706468946048FDFF89E
:10E70000ACA0013498B0A4B200F10807651EADB208
:10E71000B5F5004F47D04A23294605AA384612F0DE
:10E7200049FA04F57F543F34A4B2804621460123C0
:10E7300038460DF10B0212F03DFAB8F1000F014618
:10E7400010DC002810DC338FAB4209D132466B1E3F
:10E7500022F8383F4FF4004102233846FEF7B6FC5A
:10E760002C46D3E7002808DC2946384612F01EFA6A
:10E770002146384612F01AFAE5E708F160030DEB7E
:10E7800003080023524608F84C3C05A8CDF8009039
:10E7900003AB0397ADF81040FFF768FE0028DFD009
:10E7A00018B0BDE8F0870020FAE700BFEF0E0300C5
:10E7B0007FB50123694605200193FFF755FD044607
:10E7C00060BB052002AA01A912F04CFB044610B15F
:10E7D00010F10C0F22D10399B1F5803F23D2002311
:10E7E0001846009A9468084484421AD30133082BCF
:10E7F000F9D10E4DA982EB8253682846AB60D368ED
:10E80000EB6312F00CFC044640B9094E28466E60DA
:10E81000FFF788FD28466E60FFF792FD204604B0A2
:10E8200070BD9BB2E5E76FF02004F7E75C42012082
:10E8300060E7002010B5044613F0DDFD03490246F1
:10E84000204612F03DFD002010BD00BF559304008E
:10E850001346002273B5044601920A21586801AAA2
:10E8600012F024FE019D95B920EAE0744FF40046B1
:10E87000294640F2E7304FF47A720023C4FB0601C8
:10E88000EAF7B6F90BF0E2FF284602B070BD2A465F
:10E890002046024912F030FD019DF5E78193040006
:10E8A00008B5034A034912F00BFD002008BD00BF64
:10E8B000689404006F94040030B585B0054601A942
:10E8C0000F4811F038FC044648B102460D4928466D
:10E8D00012F012FD6FF00704204605B030BD284647
:10E8E000019A094912F0ECFC2846029A074912F0F5
:10E8F000E7FC2846039A064912F0E2FCECE700BF69
:10E9000000EC002092940400C9940400DE940400FA
:10E91000F3940400F7B51746002305460A2101AA1F
:10E92000B868019312F0C2FD1749C6B2284612F02A
:10E93000D5FC019C44B122462846144912F0DCFC67
:10E94000019C204603B0F0BD042E09D9324628466A
:10E950000F4912F0D1FC284612F0DCFC0124F0E74C
:10E960007868FFF7B9F8021E07DA28467A6809497D
:10E9700012F0C2FC6FF01504E3E73346214620464F
:10E9800012B212F040F9DCE7269504008C950400E1
:10E99000B3950400CA950400002307B500906946AA
:10E9A00004488DF8043014F075F89DF8040003B0A5
:10E9B0005DF804FB6110030010B5044605F00EF984
:10E9C00007490246204612F07BFC2046054912F01A
:10E9D00077FC2146044814F060F8002010BD00BF09
:10E9E0002296040041960400EDE90100F0B58FB0D5
:10E9F00004460D46D0F8A07013F0E8FF06460BF071
:10EA0000C1FF204B2049002E08BF1E461F4A234647
:10EA1000844218BF0A46009628461D4912F050FC51
:10EA2000D4E90A23CDE90023284694F90E30227B4D
:10EA3000184912F045FC06A9202220460AF0FEFDE6
:10EA4000636E02461449284612F03AFC204605A996
:10EA500013F0CAFF024628B12846104912F030FCD4
:10EA60000FB0F0BD6422059B2846F91A4A43B2FB59
:10EA7000F7F20091CDE9017209493A4612F020FC03
:10EA8000EEE700BF4B960400F0F10300B3AC0400C6
:10EA90004E9604005A960400869604009D96040043
:10EAA000CA96040070B5054690B01C22002109A842
:10EAB00008AE14F05AF91A222021304614F055F904
:10EAC0002946164813F0E9FF4FF48051144807AA6D
:10EAD00013F07EFF044648B1124913485023134AED
:10EAE00011F063FC5021114811F056FC6423079A81
:10EAF0000096C2F580514B431B0B05934FF4805396
:10EB0000CDE90313CDE9013209490346044A2846F9
:10EB100012F0D6FB204610B070BD00BF35EB0100EF
:10EB200010120220218E04002656030016970400BE
:10EB30005D97040070B504460D46D0F8A06088B01B
:10EB400007A913F051FF024628B128460E4912F0DA
:10EB5000B7FB08B070BD204613F038FF6422079B56
:10EB60000096F11A4A43B2FBF6F2CDE90131074BA8
:10EB7000CDE90362002818BF03462246284604490F
:10EB800012F09EFBE5E700BF9D9604004B96040043
:10EB9000A697040038B51346054610220021586890
:10EBA0000EF0BCFC0446FFF7F7FE38B922462846B3
:10EBB0000C4912F0A1FB6FF0150038BD0BF0E2FE1E
:10EBC000844204D12846084912F096FBF3E7204618
:10EBD0000BF038F828462246044912F071FB002059
:10EBE000EBE700BF0A980400259804004D98040044
:10EBF00038B5134605461022002158680EF08EFCE9
:10EC00000446FFF7C9FE38B9224628460C4912F0DF
:10EC100073FB6FF0150038BD0BF0B4FE844204D1D5
:10EC20002846084912F068FBF3E720460BF088FB02
:10EC300028462246044912F043FB0020EBE700BFC0
:10EC40000A9804008C980400B298040038B5134662
:10EC500005461022002158680EF060FC0446FFF7BC
:10EC60009BFE38B9224628460C4912F045FB6FF04E
:10EC7000150038BD0BF086FE844204D128460849B1
:10EC800012F03AFBF3E7204602F034FF2846224612
:10EC9000044912F015FB0020EBE700BF0A980400BE
:10ECA000ED980400129904002DE9F04F87B0044656
:10ECB000684608F0DBFE2423009F082103FB007751
:10ECC000264A204612F0EFFADFF8ACA0009DDFF8EC
:10ECD000ACB0BD4203D3002007B0BDE8F08F2B6875
:10ECE0000BB11A7832B92B4614211D4A01A80EF037
:10ECF00075FA01AB52460821204612F0D4FA284694
:10ED000013F06CFD174B0821002808BF5B46164A1C
:10ED1000204612F0C8FA2B6AA3B11E6896B1336878
:10ED200083B108212046114A12F0BDFAB1464FF0D6
:10ED3000000833680E4A434506D8082120460D4A8C
:10ED400012F0B1FA2435C4E70821204659F8043FEF
:10ED500012F0A9FA08F10108EBE700BF5999040085
:10ED6000639904004A99040095A004006D99040079
:10ED70003BF2030062CB0400689904005099040040
:10ED80001FB50C68D1E9043203944C680133029436
:10ED90008C6802F26C720194C9680091024912F009
:10EDA0008FFA04B010BD00BFAE990400F7B5137818
:10EDB00006463A2B0F46154614D1541C23783A2B9D
:10EDC00028D101340A22204601A90EF02BFB019A1A
:10EDD0000346A242386017D01078A8B93C2B15D949
:10EDE00015490EE00A22284601A90EF01BFB019CE2
:10EDF000B860AC4208D023783A2B05D1172807D940
:10EE00000E49304612F078FA6FF0150003B0F0BDED
:10EE10000134D3E70A22204601A90EF003FB019B2F
:10EE20007860A342F0D01A783A2AEDD13B2801D974
:10EE30000349E6E75C1CC5E7ED990400CF9904009F
:10EE4000DD9904002DE9F0410D4690B002A9044679
:10EE50000120174613F036F807A902A80DF07EF935
:10EE6000032D55D17D680A22284601A90EF0DAFA51
:10EE7000019E8046B54215D032782D2A12D1013636
:10EE80000A22304601A90EF0CDFA019B9E4209D01C
:10EE90001A782D2A06D1451E0B2D0CD9284920465B
:10EEA00012F02AFA204612F035FA6FF015052846BE
:10EEB00010B0BDE8F0815E1C0A22304601A90EF0B8
:10EEC000B1FA019B9E42EDD01B78002BEAD1431E84
:10EED0001E2B01D91B49E2E7A8F26C73CDE90B5355
:10EEE000BA680A90204607A9FFF760FF0028D9D129
:10EEF00007A811F06BFBB1F1FF3F08BFB0F1FF3F76
:10EF0000CDE9020108D120460F4912F0F5F9CCE70E
:10EF1000022DC7D17A68E5E70023012002A90493F6
:10EF200012F0D2FF054628B102460849204612F0E9
:10EF3000E3F9BAE7204607A9FFF722FFB7E700BFCA
:10EF4000FD9904000C9A0400199A0400429A0400E6
:10EF500007B50A4813F042FC60B10423084A009345
:10EF6000126801230549074801F0ACF8002003B0FE
:10EF70005DF804FB6FF01200F9E700BF2C3D0300C1
:10EF8000384E03007042030010B54468C4E9001213
:10EF9000A36042684FF40071134653F8404B51632D
:10EFA0005362002302F13801C2E904130821C2E9C7
:10EFB0000A33C2E9063313631162C2F87832A368D8
:10EFC00023B11B6C13B1204604499847A3681B6A00
:10EFD0000BB120469847002010BD00BFE1EF0100B3
:10EFE0002DE9F34705460C468368DB6B03B1984770
:10EFF000AB68DB6A002B31D1002704F1240804F14F
:10F000002809218E238D626B5B1A9BB2D31A93421F
:10F0100028BF13464946404601AA11F04CFB8246E0
:10F02000002845D0AB6801991B69002B3CD00246F3
:10F0300028469847061E18BF0127324649464046D3
:10F0400011F06FFB00284BD038496E23384A3948FD
:10F0500011F0ABF96E21364811F09EF92846984719
:10F060000028C9D1AB68DB69002B3ED1628BE38AF3
:10F0700004F110079B1A226A9BB2934204F11A080A
:10F0800028BF13464146384601AA11F014FB064634
:10F09000002831D1284612F00BF8C4F8786201201C
:10F0A000D4E90131984724E06FF057060127C4E7FF
:10F0B0002148036813F0060F03D002211F4A11F004
:10F0C0002AFEAB681B6923B1012228460DF103011A
:10F0D0009847002FC6D0D4E9013100209847C1E7F6
:10F0E000002EF6D056458CD0F3E7284698470028E6
:10F0F000BCD102B0BDE8F087AB680199DB688BB189
:10F1000002462846984702464146384611F009FB18
:10F110000028C4D00549BA23054A064811F045F92C
:10F12000BA2198E76FF05702EEE700BF218E040086
:10F13000879A04002656030010EB0020BD9A0400B5
:10F14000004870477042030010B5044681681831CA
:10F1500001F038FEA1682046BDE81040014A183190
:10F1600001F0BEBDFF9A0400014912F034B800BF9F
:10F1700062CB0400F7B5044680680D46D0F87838B5
:10F180005A0705D5002112F044F8E06812F034FD6A
:10F19000E368DB6873B9002D3BD0A66806F156071B
:10F1A000384612F025F8002835D0394606F2564088
:10F1B00013F080FFA2682946E0680DF1060356327D
:10F1C00012F01DFD58B9A06800F25641563013F0F8
:10F1D00071FFA068563012F00BF8ADF8060020461B
:10F1E00012F023FAA368D3F874389B0603D50B49B1
:10F1F000606911F0F0FF204601F05CFAA268BDF8EA
:10F2000006302046A2F85230A268A2F8503012F020
:10F21000AFF903B0F0BD86F85604CBE7D048030041
:10F220002DE9F04FB9B00446A42200210FA813F035
:10F230009CFD00230493A36820465633039312F0E9
:10F24000FBF9204612F07DF910B96069FFF78CFFD9
:10F2500000274FF0FF38B9463D463E46BA46A06803
:10F2600014220021183013F080FD204601F068F9C7
:10F27000A168E068B1F85020563112F0F7FC0DF1AA
:10F280003C0B0297049B012B00F09C80282D40F042
:10F290009580022B40F096800121764B764A0FE054
:10F2A00059460223039A04A801F020F85BF8042FC2
:10F2B00004990346039231B101290AD148B16F4A3A
:10F2C000204601F0E3FA6FF00705284639B0BDE8A3
:10F2D000F08F2DB35BF8040C12F0F9FB98B167B115
:10F2E000A5680B9718350AAE0FCE0FC533682B6093
:10F2F0002046FFF729FF0125E7E701212046604A64
:10F3000001F0C4FADFE7029BC3B108F1FF38FEB990
:10F31000049BB8F1000F01D1022BB3D10135B1E745
:10F32000029B5BB108F1FF3896B9A368DB6A002B3A
:10F330003BD0DB68002B38D0002633E050465BF82A
:10F34000041C05AA12F064F808F1FF38064638B329
:10F35000F368ABB1B646A36803F1180CBEE80F0022
:10F36000ACE80F00DEF80030CCF80030B36833B9F9
:10F37000737CFE2B04BF96F8108008F1FF38A94675
:10F38000D6F804C0BCF1000F08D0B6460AAFBEE8FC
:10F390000F000FC7DEF800303B606746B246B7E7A4
:10F3A000002DC2D001230293B2E7364B0121009316
:10F3B00020460F9B344A01F069FABDE7B8F1000F0F
:10F3C0007FF46EAFBAF1000F0AD09AF81130FE2B1D
:10F3D00006D138AB03EB850353F8A43C03B10135E8
:10F3E000A068436A53B9002F3FF46DAFC369BB42B5
:10F3F0003FF47EAF0B9700F1180574E790F82830C2
:10F40000A5EB0905BBB14FF6FF7290F82910FF2953
:10F4100018BF0A469D4202D313449D420BD983690B
:10F4200001212046194A01F031FA2046FFF78CFEEF
:10F430006FF0150549E7012111F0E0FEA06800F624
:10F440000C1011F0FFFEA3680FAA294602EB8902F7
:10F4500020465B6A98470546A0684FF0FF324FF0A0
:10F46000FF3300F60C1011F09EFE0021A06811F091
:10F47000C5FE2AE7539B0400FDC104000D9B040058
:10F48000219B04003F9B04005CA00400779B0400C8
:10F4900040F2FF332DE9F04F04468068C3B0B0F866
:10F4A00050209A4273D00025B0F8522000F1560146
:10F4B00000F2564013F032FCA36819A9B3F85220A9
:10F4C00009A8134483F85654A268282302F256422E
:10F4D00000F00CFF0999282959D842AB03EB8103AE
:10F4E00043F8A45CA368B3F85220002A38D100295D
:10F4F0003FD100250895089B42AA02EB830353F8ED
:10F50000A4AC0026504611F073FEB3468146B046C7
:10F5100037463946284614AA00F0C4FF034600289F
:10F5200038D1012E7DD1089B42AA02EB830353F808
:10F53000A40C11F05DFEA26806464146284618322A
:10F5400000F0B0FF00283CD1A44940F27113A44A56
:10F55000A44810F02AFF40F27111A14810F01CFFDE
:10F560000029C6D0134493F855309F4AD35C1A073C
:10F5700002D40129BDD0013900200AAB00930190CB
:10F5800008AB19AA11F06FFF05460028B3D143B0AC
:10F59000BDE8F08F1B684A4651461846039313F0A6
:10F5A00091FD60B9039B1846E9F764FB584538BFE5
:10F5B0005846002E08BFB8461FFA80FB01360137B7
:10F5C000A7E70568284611F013FE864205D0821B86
:10F5D00092B22046A91912F0D8F8A068824AB0F871
:10F5E0005230034493F85630D15C11F0080113D126
:10F5F000D0F87438DB070AD511F015FE204620211B
:10F6000001F07EFA0121A06811F00DFEBFE7202174
:10F61000204601F075FABAE70121204611F0DCFF1F
:10F62000B5E70490B3D9089A42AB03EB820252F8D3
:10F63000A43C1846039311F0DBFD049BA268CDE9BE
:10F6400004860690A2F84030A26828460499183231
:10F6500000F028FF48B961494FF4DD73604A614802
:10F6600010F0A3FE4FF4DD7177E7049BD0F800A003
:10F6700001330493039BD4F80890FBB1BAF1000F57
:10F680001FD019465046069A13F01CFD0028DBD106
:10F69000564811F0ADFDB9F83A2000EB0B07BFB2A8
:10F6A000121A92FBF7F292B2002A33D150499123F9
:10F6B0004B4A4C4810F079FE91214EE7BAF1000F09
:10F6C000E6D10023A9F84030059B013B0593BBD14F
:10F6D0006069FFF749FD204601F04AFA089B42AAFB
:10F6E00002EB830353F8A40C11F082FD41468146DE
:10F6F0000FAA284600F0D6FE08F1010A074678BB9B
:10F700003C494FF4EB73364A364810F04EFE4FF446
:10F71000EB7122E75046079211F06AFDB9F84010EC
:10F72000079A3F1A481CA9F84000B1FBF2F002FB0F
:10F73000101189B2BFB261B9062120462B4B2E4A67
:10F74000CDF800A001F0A2F83946204600F05EFF97
:10F75000BAE7534606212046284A01F097F8F3E716
:10F76000A068396840F2FF3200F2564013F0BCFC4A
:10F770003B684FF6FF77B84603935146284614AAD4
:10F780000AF1010B00F08EFED8B10022A1680368D7
:10F7900001F2554111F801EF985C704503D110B1A9
:10F7A00001324245F6D1B9F1000F01D04A4506DBDE
:10F7B000BA42A8BF3A46013E012E97B201D0DA46BE
:10F7C000DBE7002F3FF4E3AE0399A7EB09022046E5
:10F7D00092B2494411F0D9FFD9E600BFBA9B0400A8
:10F7E000929B0400265603007CD60400EFF1030030
:10F7F000CF9B0400E29B0400DC9B04003CF203006E
:10F8000038B5044658B91E4940F2F9431D4A1E480E
:10F8100010F0CBFD40F2F9411A4810F0BDFD8368AD
:10F820000BB142684AB9194940F2FA43154A1648E1
:10F8300010F0BBFD40F2FA41EEE7D3F87838DB0771
:10F840001BD4C06912F0C8F8606803685B68984709
:10F85000054620B9E06812F0FDF9A3681D75A3689C
:10F860005B6C13B12946204698470022A368C3F871
:10F8700020290BF087F802F03DF96FF00F05EEE755
:10F8800022690300929B040026560300E89B0400B3
:10F89000022210B5836804461A7583689B6CBBB955
:10F8A00011F060FC8368D3F87838DB040BD50321B2
:10F8B000084B094A00F0EAFFA0686FF4805100F697
:10F8C000780011F065FC2046BDE8104001F050B909
:10F8D00010BD00BFFD9B04003CF2030070B5044660
:10F8E00086B058B9AF4940F2DD53AF4AAF4810F087
:10F8F0005CFD40F2DD51AC4810F04EFD806848B927
:10F90000AB4940F2DE53A84AA84810F04EFD40F241
:10F91000DE51F0E7012100F6780011F02EFCA3681B
:10F920001B7D022B20D100230193A36860689E6C8D
:10F9300003681D6901AB0EB3102202A9A847019B01
:10F9400093B10121A06811F059FC2046019A02A947
:10F95000B0470021A06811F051FCA3689B6C002BFC
:10F96000E3D12046FFF794FF6FF00101A06800F695
:10F97000780006B0BDE8704011F00ABC01220DF11C
:10F980000301A847019B002BEED09DF903109DF8C1
:10F9900003300029A268C8DB517D032900F2AD8144
:10F9A000DFE811F004002B014301AB010D2B56D011
:10F9B0000A2B32D0B2F87818092B6FF3CA01A2F8DB
:10F9C000781864D014D8002B5DD0082B6BD07949FF
:10F9D0005A1CD2B28A5CA06812F0970F6FD0012136
:10F9E00011F017FC20469DF8031001F089F84AE059
:10F9F0001B2BA06845D07F2BE9D1D0F874389D0728
:10FA000041D5012111F005FCA368D3F8743819071A
:10FA100051D4204611F0BBFE35E0D2F87818C1F37E
:10FA2000C70129B1D2F87818C1F3C7010A29CED18C
:10FA3000B2F8781863F3CA01A2F87818A568B5F887
:10FA40005010C1B9284611F0E4FBE06812F0D4F878
:10FA50006069FFF789FB2046FFF71AFF65E7D2F8D8
:10FA60007818C1F3C7010029E2D0D2F87818C1F3A1
:10FA7000C7010D29DBE72046FFF7D2FBC5F82409B3
:10FA8000E9E701234375606911F062FC4DE7A06866
:10FA9000D0F874389B07F6D5012111F0BAFB204647
:10FAA000FFF7F6FCEFE7A068D0F874389E07EAD5B8
:10FAB000012111F0AEFB204611F088FEE3E7D0F8FB
:10FAC00074289207DFD5013B162BDCD801A252F82F
:10FAD00023F000BFC9FC010031FB010039FB01002C
:10FAE00013FA0100BDFC01005DFB010087FA010073
:10FAF00087FA010087FA010087FA010065FB01001F
:10FB00006DFB010087FA010097FB010087FA0100F5
:10FB1000A1FB010087FA010087FA010087FA0100C2
:10FB200087FA0100C1FB010087FA0100EBFB01002D
:10FB3000204611F08AFDA6E7204611F07DFD204603
:10FB400011F0FFFC10B96069FFF70EFBA0680121FE
:10FB500011F05FFB2046FFF79BFE94E7204611F073
:10FB60007DFD90E7204611F084FD8CE7D0F87438D5
:10FB70009B0603D51049606911F02DFBA368D3F8EB
:10FB800074389E0603D50D49606911F024FB2046A8
:10FB900000F0EEFF77E700212046FFF7EBFA72E76F
:10FBA0000121F9E722690300929B04002656030015
:10FBB000419C04007BD60400D5480300DA480300CA
:10FBC000204611F032FD204611F0CCFA0121A06848
:10FBD00011F01FFBA368D3F874389D067FF553AF6F
:10FBE0004749606911F0F7FA4DE7204600F0B4FE8E
:10FBF0000121A06811F00DFB45E75B2B02D1022328
:10FC0000537540E7D2F87428900706D5622B08D1C7
:10FC10004FF0FF31204600F00FFD0022A3685A7517
:10FC200031E7662BF9D10121F4E700215175A26873
:10FC3000D2F8741889077FF578AE313B1B2B3FF65D
:10FC400022AF01A151F823F0C5FC0100D1FC010055
:10FC5000E9FC0100B9FC010087FA010087FA010004
:10FC600087FA010087FA010087FA010087FA01008C
:10FC700087FA010087FA010087FA010087FA01007C
:10FC800087FA010087FA0100A1FB010097FB010040
:10FC90005DFB010031FB010087FA0100BDFC0100A2
:10FCA00087FA0100C9FC010087FA010087FA010008
:10FCB00087FA0100D5FC010003235375204611F09B
:10FCC000BBFCE0E603235375204611F0AEFCDAE6F8
:10FCD00003235375A068D0F8741801F0010181F076
:10FCE000010111F0A0FACEE603235375A368D3F8FF
:10FCF00074389B077FF5C7AE8BE6002380E700BF13
:10FD0000D048030038B5044658B9284940F29F53FB
:10FD1000274A284810F049FB40F29F51244810F030
:10FD20003BFB83681BB142680AB102684AB92249A9
:10FD30004FF4B4631E4A1F4810F037FB4FF4B46110
:10FD4000ECE71A7D012A2DD1D3F87828510408D583
:10FD5000D3F87428520704D40146DA6CC06911F054
:10FD600024FEA06840F26762002300F60C1011F038
:10FD70001AFA054618B16FF00F05284638BD08215C
:10FD8000204600F045FD6069FFF7EEF92046FFF7D9
:10FD90007FFD204600F004FFA06800F60C1011F073
:10FDA00051FAEAE76FF08505E7E700BF2269030033
:10FDB000929B040026560300499C04002DE9F04163
:10FDC00004468068154600F67800002937D04FF4C5
:10FDD000804111F0D2F9A3680021DD6460680368F6
:10FDE0009B689847002851D12046FFF78BFF0028D9
:10FDF0004CD1274E274FDFF8A480A06800F6BC0046
:10FE00004FF0FF324FF0FF3303210BF039FF05466F
:10FE1000A068CDB140F26762002300F60C1011F02B
:10FE2000C2F998BB20462B4601211B4A00F02EFD4B
:10FE3000A068BDE8F04100F60C1011F003BA6FF4B1
:10FE4000804111F0A5F9C6E74FF0FF334FF0FF32C4
:10FE500000F60C1011F0A7F932460221204611F0ED
:10FE6000A4F93A462946204611F09FF92046424619
:10FE7000012111F09AF9606803685B6903B1984742
:10FE8000A06800F60C1011F0DDF9B6E7BDE8F081CE
:10FE900001F80100DDF80100749C04004912030020
:10FEA0002DE9F0410F4616469846044658B94A498E
:10FEB00040F20563494A4A4810F077FA40F205617A
:10FEC000464810F069FA12F07BFD60B1454940F2F6
:10FED0000663424A424810F068FA434810F065FA57
:10FEE00040F20661ECE7A5684DB9404940F207636E
:10FEF0003A4A3B4810F059FA40F20761E0E7D5F87A
:10FF000078381B050FD40AF03DFDD5F8203983421F
:10FF100009D137494FF4C163304A314810F045FAEE
:10FF20004FF4C161CCE763694BB9324940F20A63CF
:10FF30002A4A2B4810F039FA40F20A61C0E74EB95C
:10FF40002D4940F20B63254A254810F02EFA40F265
:10FF50000B61B5E72B7D022B08D0A0684FF48051D0
:10FF6000BDE8F04100F6780011F007B940F2676291
:10FF7000002305F60C1011F016F958BBA368D3F84E
:10FF80007828100508D49A6C32B9D3F874389906D9
:10FF900002D5204611F07BFB4346324639462046C7
:10FFA00011F093FBA368D3F87828120508D49A6C53
:10FFB00032B9D3F874389B0602D5204600F0D8FD3C
:10FFC000606911F0C5F9A068BDE8F04100F60C10B9
:10FFD00011F038B9BDE8F08122690300929B04005A
:10FFE0002656030010A004008B9C0400419C0400D2
:10FFF000A69C0400E29C0400F29C040010B5044698
:020000040002F8
:100000000A4911F05DF92046094911F059F92046D5
:10001000084911F055F92046074911F051F92046D9
:100020000021064A00F05CFE002010BDF69C040092
:10003000349D0400939D0400E79D0400819E04000C
:10004000F8B50F46044658B91B491C4840F297635F
:100050001B4A10F0AAF940F29761194810F09CF978
:10006000D1B1084611F0C4F80646A06840F26762B4
:10007000002300F60C1011F096F8054618B16FF049
:100080000F052846F8BD731C142BA06800D836B99C
:1000900000F60C1011F0D6F86FF01505F1E73946AF
:1000A00013F008F8A36883F83C60A06800F60C1011
:1000B00011F0C8F8E5E700BF2269030026560300E7
:1000C000929B04002DE9F047894615469846044660
:1000D00088B058B9484940F26C53484A484810F033
:1000E00064F940F26C51454810F056F9806818B137
:1000F00063680BB123684BB9424940F26D533F4AE4
:100100003F4810F052F940F26D51ECE7D0F8201959
:1001100000296ED1237C013B012B09D93A4940F2D9
:10012000BD43364A364810F040F940F2BD41DAE7A7
:1001300040F6281212F019FEE06811F00FFEA068D8
:1001400000F60C1040F6BC0712F0A3FB40F67C064C
:10015000BA46A068304412F09AFDA06800228319C4
:100160000121384410360BF049FD564507F11407BC
:10017000EFD10026A36902211E60A06866F3820504
:1001800000F6780010F0F9FF5022A36820465A8745
:100190001822A3681A872168FFF752FFA36849460F
:1001A000C3F874586068194A03681D682346A84755
:1001B0000546D0B90122A3681A75D4E90A010022C4
:1001C0000023CDE906230E230393109B4FF4105216
:1001D000CDE9018304950E4B009409F02BFBA36835
:1001E000C3F82009616A09F019FA284608B0BDE889
:1001F000F0876FF07705F8E722690300929B04000F
:1002000026560300499C0400979E040093120300A5
:10021000BDFD010070B5044608460E4610F0E8FF2B
:1002200005465EB3B0F5806F39D2002C3AD0A06895
:10023000D0F878381B050ED51C4940F2D2631C4A11
:100240001C4810F0B2F81C4810F0AFF840F2D26130
:10025000174810F0A1F83146563012F02BFFA36872
:1002600040F26762A3F85050A368A3F85250A06808
:10027000002300F60C1010F096FF18B16FF0070580
:10028000284670BD2046FEF7CBFF0546A06800F665
:100290000C1010F0D7FF204610F064FFF0E76FF06D
:1002A0000B05EDE76FF01505EAE700BFEE9E0400D1
:1002B000929B040026560300069F0400134600226A
:1002C00013B5044600920A4601460748E8F740FE87
:1002D00023691B792BB1204602B0BDE8104011F014
:1002E00037B802B010BD00BF691303002DE9F04F0D
:1002F0000026074614469946B34685B0DFF8A0A10C
:10030000019106602378002B00F0C6801AF80330B4
:1003100013F0080304D004F801BBF3E70026F1E76B
:100320003A68511C3960019941F822403A684A45BF
:1003300000F0B2801E4621780029E3D0A6B90E460F
:1003400023461C46272E04D05C2E20D0222E40F0BF
:100350009780204611F026F8611C0246204612F0D4
:10036000EAFC21780029CDD0B142A04604F1010475
:100370001BD1404611F016F821460246404612F0C5
:10038000DAFC98F800604446002ED9D1BAE720463E
:1003900011F008F8651C02462946204612F0CBFCF5
:1003A00066782C46002ECDD1ACE75C2998F8011078
:1003B000D8D1B1428C4608D1404610F0F3FF214617
:1003C0000246404612F0B7FCB5E7302925D100259A
:1003D000022218F802C0ACF13000C0B2072819D8C8
:1003E000ED000132EDB2052A45EA0005F1D1511EBA
:1003F000414440460392029110F0D4FF039A0299BF
:10040000023A821A404612F096FC98F8011088F8D9
:100410000050A7E7D2B2022AE9D1BCF1780F2AD165
:100420000025022018F80020A2F1300C5FFA8CFCA5
:10043000BCF1090F09D82D01EDB24CEA05050228DF
:1004400001D00422D3E70320ECE7A2F1610CBCF158
:10045000050F05D82D01EDB2573A1543EDB2EEE781
:10046000A2F1410CBCF1050F03D82D01EDB2373AD2
:10047000F3E7022802D108F1010473E70322B6E78B
:100480001AF806301B073FF549AF6678631C002E4B
:100490007FF457AF1C4635E7304605B0BDE8F08F16
:1004A0007CD6040038B50B46154648B91B491C4A92
:1004B000521AB3EB920F12D251F82350284638BD8E
:1004C0005AB91849184840F22913184A0FF06DFF1D
:1004D00040F2291115480FF05FFF84680CB9002520
:1004E000ECE7134A94420AD3124A944207D21846C0
:1004F0002946226890472B68002BDFD1EFE70E4A90
:10050000944202D30D4A944205D3246814225343E3
:10051000E518E358F0E70133F8E700BFA042030015
:10052000E44203007E9F040026560300509F04000F
:100530003C4503003C450300E44203003C45030006
:10054000F8B58468054694F856306BB9AB68B3F8D3
:100550005020A3F85220F8BD013A92B2A4F85020DE
:100560002AB984F85620F1E7134E04F15600B4F886
:100570005020831813F8013CF35C13F00803EBD10F
:1005800083549AB210F802C01F4616F80CC010FA35
:1005900083F11CF0080F03F10103F2D1BFB2002F69
:1005A000D4D0B4F85060731C9A1AF61B12F0C3FB37
:1005B000A4F85060CAE700BF7CD604008368D3F873
:1005C00074389B0603D50249406910F09BBF704701
:1005D000E0480300014910F095BF00BF62CB040062
:1005E0000A1E0DDC0ED042238168D1F874188906EA
:1005F00008D5002A04494069B8BF524210F082BFB2
:100600004123F1E7704700BF929F04000A1E0DDCF2
:100610000ED044238168D1F87418890608D5002AC1
:1006200004494069B8BF524210F06CBF4323F1E760
:10063000704700BF929F04002DE9F0410C1E064652
:1006400033DA4FF0FF35644224B2DFF86480A4B29D
:10065000AFB214E0B3680020B3F8522003F1560C97
:100660001146B3F8503071B9B5F1FF3F00D073B9FE
:10067000891A304609B210F0AFFF013CA4B2002C39
:10068000E8D1BDE8F0818B4201D1012DF0D01CF8FA
:1006900001E018F80EE01EF0070F04D10028E7D1A2
:1006A000394489B2DFE70120FAE70125CDE700BF31
:1006B0007CD604002DE9F0478568044605F1560014
:1006C000E8F7D8FA0023984695F83C70DFF8589080
:1006D00086B2A268558FED1BB54209DB002E1FDDE7
:1006E000563360690F491A44BDE8F04710F00ABF5D
:1006F0001D442A4492F856A082F85680A2685633C8
:100700001A444946606910F0FDFEA3682B4483F843
:1007100056A0A3685B8FDB1BF61A00272B46D8E791
:10072000BDE8F0873CF20300FDC104002DE9F04173
:100730000E461446054686B008B1002958D12F4907
:100740004FF4E3732E4A2F480FF02FFE4FF4E3715E
:100750002B480FF021FE009A944209D22A4940F218
:10076000D113274A27480FF020FE40F2D111EFE7BE
:100770001744A41A002A3CD1AB68197D032914D070
:10078000022926D8012103F6AC0301A80BF036FAA2
:100790004FF0FF324FF0FF33012101A80BF070FA48
:1007A000A86800F6AC0012F077FA68682246036881
:1007B000F119D3F80C806B46C0470028CBD0134901
:1007C0004FF4E8730E4A0F480FF0EFFD4FF4E87155
:1007D000BEE7D3F878289207FBD503F67803D3E871
:1007E000EF1F21F00201C3E8E21F002ADDD0F6E787
:1007F0000027002CD9D106B0BDE8F081C59F0400C8
:10080000999F040026560300D09F0400218E040007
:1008100008290A4617D8836893F83E10914212D0EF
:1008200083F83E208368082AD3F8743805D09906E7
:1008300009D50549406910F065BE9B0603D50349FB
:10084000406910F05FBE7047E29F0400E548030076
:1008500038B50D4609780446FFF7DAFF6A78072AAB
:1008600011D8A36893F83F1091420CD083F83F2031
:10087000A368D3F874389B0605D560690249BDE8C2
:10088000384010F03FBE38BDEB9F04000CB473B588
:10089000069E0D46044658B9274940F22F23274AA1
:1008A00027480FF082FD40F22F2124480FF074FDFD
:1008B00083684BB923494FF40C73204A20480FF04A
:1008C00074FD4FF40C71F0E742694AB91E4940F2D9
:1008D00031231A4A1A480FF068FD40F23121E4E74B
:1008E0004EB91A4940F23223144A15480FF05DFD03
:1008F00040F23221D9E7D3F878389B040FD412F0B4
:100900005FF860B1124940F233230C4A0C480FF0F3
:100910004CFD10480FF049FD40F23321C5E707AB0D
:10092000324629462046019310F0CFFE02B0BDE8C2
:10093000704002B0704700BF22690300999F040015
:1009400026560300419C0400E29C0400F29C040033
:10095000F49F04008B9C0400F8B583680446B3F848
:100960005020002A55D0B3F85210002951D05531EB
:1009700003F156050B441846A84206D3014611F868
:100980000169202E3CD0A8423CD286B29DB2AB1B5E
:100990009BB2591C471CD21A0144384612F0CBF9BD
:1009A000A268711BB2F85030204613FA81F3A2F806
:1009B0005030A36809B2B3F850201344002283F8E2
:1009C000562010F009FEA368D3F874389A0603D5B0
:1009D0001049606910F096FD3B46082120460E4AFA
:1009E000FFF754FF2046FFF7E9FDA368D3F87438FA
:1009F0009B060ED560690949BDE8F84010F082BD3C
:100A00000846B9E7014611F80169202EBDD0084615
:100A1000B9E7F8BDEA4803003CF20300EE480300E2
:100A20002DE9F84F04460F4690460AB1FFF7C6FD80
:100A3000A668D6F87438B6F852505B0724D505F18D
:100A400056003044E8F716F905462A4EB5B9A368B2
:100A5000B3F85020A3F85220A06810F060FD30B128
:100A6000B8F1000F00D017B16069FFF7B3FD79420C
:100A70002046BDE8F84F09B210F0AEBD31466069BE
:100A800010F040FD013DE1E73046E8F7F3F8B6F835
:100A90005090738F19FA80F915FA80F0B0FBF3F2D9
:100AA000B9FBF3F39A42AA461BD0134D4845A368FD
:100AB000CDDA5A8F461CB0FBF2F302FB130313B9D5
:100AC0006069FFF787FDA368204653442A46082142
:100AD00093F856300AF1010BFFF7D8FEDA4630469C
:100AE000E4E7563508212046044A7319FFF7CEFE85
:100AF000ADE700BFB3AC0400969F04003CF20300D6
:100B000013B583688DF80710D3F874280446D0070E
:100B100025D5B3F85210B3F850208A421FD0481C94
:100B20009DF80720A3F852000B4483F85620A368D1
:100B3000D3F87418890710D5D3F87438606913F0A6
:100B4000040F18BF2A22094910F0DCFC204610F0DF
:100B5000F8FC10B16069FFF73DFD02B010BD012245
:100B600020460DF1070110F0D5FDF6E7969F040031
:100B700010B5044683680221084AFFF787FEA36880
:100B8000D3F874389B0707D52046FFF793FD20461E
:100B9000BDE8104010F0FBBC10BD00BF3CF20300EC
:100BA00070B5044692B058B90E490F4840F23F2341
:100BB0000E4A0FF0FAFB40F23F210C480FF0ECFB1D
:100BC00000234FF47A75019360684022036802A9FC
:100BD0001E6901ABB047019B13B108B9013DF3D1C8
:100BE00012B070BD2269030026560300999F0400CD
:100BF000014910F05FBF00BF62CB04002DE9F04750
:100C0000054690460E46002965D00024DFF8CC90BA
:100C1000335D19F803301A071ED43046E8F72AF876
:100C2000AB6880B25A8F001BA2EB0803984206EB18
:100C3000040A13D95146002711F8010B19F800C016
:100C40001CF0080F02D00A282DD03B4608EB070005
:100C5000824227D90137EFE70134D9E7534600270D
:100C6000B84214D013F8012B0A2A19D1686910F080
:100C70006FFB51463A462846FFF758FD6869FFF773
:100C8000B7FF0134414628463C44FFF7BFFC686982
:100C9000311910F00FFF6869BDE8F047FFF7A8BFF2
:100CA0000137DDE71F46686910F052FB3A465146AE
:100CB0002846FFF73BFD3C44335D19F803301B0722
:100CC00007D46869FFF794FF41462846FFF79EFC6A
:100CD000A3E70134F0E7BDE8F08700BF7CD604004D
:100CE0002DE9F04F0F460021044616460D4689B007
:100CF000384603AA01F10108FFF7D4FB98B97DB18A
:100D000026B1324608212046FFF7C0FD0021DFF85A
:100D1000B080384603AA01F1010AFFF7C3FB60B9AE
:100D200009B0BDE8F08F006810B1E7F7A3FF80B20B
:100D3000854238BF05464146DAE7D0F800B0BBF13E
:100D4000000F1AD09BF80020BAB1D0F80490584692
:100D5000E7F790FF20222E1A8DF80B20434608213A
:100D60002046154ACDF800B0B6B2FFF78FFDB9F1B5
:100D7000000F1DD16069FFF73BFF5146C9E7012213
:100D800020460DF10B01FFF7D1FC0BF1010B1FFA0F
:100D90008BF29642F3D8204643460821074AFFF7D4
:100DA00075FDAA1D4946204692B2FFF727FFE4E7EA
:100DB0004FF0000BEBE700BFDD9B040067920400DF
:100DC00023A00400F7B50F6805460E46A7B13846C4
:100DD000E7F750FF84B2094B2846009308213B46B1
:100DE000074AFFF753FD2846E21C716892B203B030
:100DF000BDE8F040FFF702BF3C46ECE71FA004004F
:100E0000DD9B040010B583680446D3F874389B0654
:100E100003D50649406910F062FE5022A368002005
:100E20005A871822A3681A8710BD00BFF248030032
:100E300008B5836902491A6810F042FA002008BD1B
:100E400026A0040008B50249FFF7FAF8002008BD03
:100E500063CB040073B5044600250D4EA2680DF166
:100E600006030121E06802F2564210F0C8FEBDF808
:100E70000600A36840B12A463146204603F2564395
:100E800010F01EFA0135E9E783F8560402B070BD90
:100E900036A0040010B5044610F052FA0349024689
:100EA000204610F00DFA002010BD00BF25DF030022
:100EB000022907B50BD153680C49009312680C4BFB
:100EC00010F01AFA6FF0150003B05DF804FB8368A8
:100ED000084AD3F87438084913F0020F074B18BFBB
:100EE0001A4610F0EDF90020EEE700BF59A004000B
:100EF00044A0040040A0040062A0040047CC040009
:100F00002DE9F3411449054610F0DAF90022134C9B
:100F1000134FDFF86080BC4217D91249E623124A0A
:100F200012480FF042FA12480FF03FFAE6210E483D
:100F30000FF032FA636A92B20093A36841462846E2
:100F400010F0BEF930343246E5E702F10106F1D384
:100F5000002002B0BDE8F08173A0040070420300DD
:100F6000A0420300C9A004009CA004002656030070
:100F7000509004008BA0040010B583680446D3F899
:100F800074389A0603D50749406910F0A8FDA36894
:100F9000D3F874389B0603D50349606910F09FFDB0
:100FA000002010BDF9480300FE480300F0B50129F8
:100FB000044685B00AD053685F49009312685F4BBE
:100FC00010F09AF96FF0150005B0F0BD8368D3F802
:100FD0007438990603D55A49406910F080FD002500
:100FE0006FF0F9012046FFF7FBFAFA212046FFF7E0
:100FF0000DFBA0684FF48062294600F256408DF840
:101000000B5011F0B2FE4F49606910F068FD606945
:1010100010F09EF94FF47A766068012203680DF1B2
:101020000B011F6903ABB847039BEBB9013E4FF4BB
:101030007A70B6B211F0CEFB002EEDD1A368D3F8D2
:1010400074389B0603D54049606910F048FD502272
:10105000A36820465A871822A3683C491A8710F0D3
:101060003DF96FF00700AFE79DF80B20A3681B2A3E
:1010700055D093F856141B29CED1522A4FD15A1964
:10108000002382F85634A66896F857245B2A2DD19F
:10109000022506F2574010F8011F2A463B2905F1A8
:1010A0000105ADB225D140F2FF318A42C6D002F22D
:1010B000564216FA82F1002211F8010F18BBFA2AE3
:1010C00028BFFA22FA2B28BFFA2386F85604A16813
:1010D0004A87A2681387A368D3F874389A0603D5A1
:1010E0001949606910F0FBFC00206DE786F8563462
:1010F000A4E703EB8303303901EB4301B5F5806FBF
:101100008BB2C8D19AE7013502EB8202ADB230381A
:1011100000EB4200B5F5806F82B2CDD18EE72B4453
:101120000135ADB2092D83F856247FF675AF002244
:10113000A36883F8562481E759A0040044A0040062
:10114000044903001AA1040008490300E0A00400B8
:1011500008B504480FF069F8BDE8084002480FF0F0
:1011600064B800BFCEA5040003A604002DE9F04F2B
:1011700083B081460C4600AF002900F0CE80724D4E
:101180002B68580736D0D1E900016E468AB06A460E
:10119000A3684FF00508DFF8CCC1C2E90713C2E924
:1011A00005C042F8108F00234FF421512846FCF768
:1011B0008FFD2B68B54659071CD0D4E903018AB0CE
:1011C0006A466369DFF8A0C1C2E90713C2E905C036
:1011D00042F8108F00234FF421512846FCF778FD88
:1011E0002B68B5465A0705D0E36901212846574ABE
:1011F0000FF09AFDA04600264FF00A0BDFF86CA115
:101200002B685B071FD0D8E908E0D8E90A13C7F8B4
:1012100004D08EB06A46C2F81CE006F1010EC2E9A5
:1012200008E0B01CC2E90A01F11CC2E905A6C2E946
:101230000C1342F810BF002345F240014248FCF76E
:1012400047FDD7F804D00436102E08F11008D7D186
:101250002B68580705D0236E01213D4A3A480FF00C
:1012600063FDA66E2B68002E45D0590755D0D6E9F0
:101270000001E8468AB06A46B3684FF0050ADFF815
:10128000F0C0C2E90713C2E905C042F810AF00235D
:101290004FF421512C48FCF71BFD2B68C5465A071B
:1012A0003BD0D6E903018AB06A467369DFF8C4C04F
:1012B000C2E90713C2E905C042F810AF00234FF49A
:1012C00021512148FCF704FD2B68C5465B0724D05B
:1012D000D6E906018AB0336A6A461E4EC2E9071390
:1012E000C2E9056042F810AF00234FF421511648BF
:1012F000FCF7EEFCC5462B6858070ED0236F012182
:10130000154A11480FF010FD2B68590705D0A36945
:101310000121124A0C480FF007FDB9F1010F0AD163
:10132000EFF3058308480268520704D00C4A494687
:10133000103B0FF0F9FC2146484606F0BDFB0C3788
:10134000BD46BDE8F08F00BFE8EA00208FA604008C
:10135000E1A604004EA704007DA704008FA70400A7
:10136000BDA7040031A6040060A604009EA60400E8
:10137000F0A604001FA7040030BFFFF7FDBF00BFA9
:10138000054B9A699B689A421FBF044A536843F011
:1013900080535360704700BF2C51012000ED00E0E6
:1013A000F8B5414C0D4623680646590703D0204640
:1013B0003E4910F007FD3E4B9B6ADA0662D5236872
:1013C0005B0703D03B49384810F0FCFC1120384B38
:1013D0009B6A1F0707D52368590703D0364932484F
:1013E00010F0F0FC1220324FBB6A9A0719D523681F
:1013F0005B0703D031492C4810F0E4FC7B6BBA6AE0
:1014000017060DD52268500704D001212C4A264822
:101410000FF08AFC26B1264A936A23F08003936278
:101420001320234B9B6AD90707D523685A0703D09B
:1014300024491D4810F0C6FC14201D4B9B6A9B06D6
:1014400007D523685F0703D01F49174810F0BAFC7F
:101450001520174B9A6AD60602D49A6A940713D5B8
:101460009B6AD90610D519494FF49573184A194843
:101470000EF09BFF18480EF098FF4FF4957114483A
:101480000EF08AFF1020A2E7094B9A6A920642BF2B
:101490005A6A22F400525A629A6A42F0FF029A6231
:1014A00000232B70F8BD00BFE8EA0020D0A704009D
:1014B00000ED00E0E6A7040019A804002CA8040031
:1014C00044A804005AA8040079A80400DAA804007B
:1014D000A8A804002656030024A9040010B5334C24
:1014E0002368580703D02046314910F06BFC314B7C
:1014F0009B6A990157D523685A0703D02E492B4878
:1015000010F060FC1E202B4B9B6ADB0107D5236883
:10151000580703D02949254810F054FC1F20254BBB
:101520009B6AD90207D523685A0703D024491F486C
:1015300010F048FC02201F4B9B6A1B0307D5236851
:10154000580703D01F49194810F03CFC2120194BC3
:101550009B6A590307D523685A0703D01A491348D1
:1015600010F030FC2220134B9B6A9B0307D52368A5
:10157000590703D015490D4810F024FC23200D4BCA
:101580009B6ADA0307D523685B0703D01049074835
:1015900010F018FC2420074A936A6FEA03436FEAAD
:1015A0001343936210BD1D20ADE700BFE8EA0020A1
:1015B00088A9040000ED00E0A0A90400B3A904007C
:1015C000CDA90400F7A9040015AA04003AAA040052
:1015D00054AA0400F8B5374C064623680D465B074D
:1015E00003D02046344910F0EDFB344B9B6ADF04F6
:1015F00051D52368580703D031492E4810F0E2FB3B
:1016000017202E4B9B6A190507D523685A0703D06C
:101610002C49284810F0D6FB1820284FBB6A9B05A0
:1016200019D52368580703D02749224810F0CAFB70
:10163000BB6BBA6A11040DD52268520704D0012190
:10164000224A1C480FF070FB26B11C4A936A23F40F
:10165000004393621920194B9B6A5B0507D52368E9
:101660005F0703D01A49134810F0ACFB1A20134B44
:101670009A6AD60511D52368590703D015490D4834
:1016800010F0A0FB1B200D4A936A43F47F43936242
:1016900000232B70F8BD1620B3E79B6A9A04F2D59D
:1016A00023685B0703D00C49024810F08BFB1C2019
:1016B000E9E700BFE8EA00207FAA040000ED00E0AF
:1016C00095AA040019A80400A6AA0400BFAA040051
:1016D000D4AA0400EFAA040079A804002DE9F04F71
:1016E000A1B000AF7B60914B1646D3F804B08146A1
:1016F0000D460022CBF3080A82F31188BFF36F8FE7
:1017000006F07F42B2F17F4F0ED0894940F211437B
:10171000884A89480EF049FE88480EF046FE40F29D
:10172000114184480EF038FE16F00104EDD1710627
:1017300005D432070DD405464FF001080BE0804870
:101740000268530702D07F4910F03CFB16F00408F2
:1017500011D04FF00008002DD7D00022FA72AAF164
:101760000302092A00F2BD80DFE802F007ADB19064
:10177000BBBBBBBBBBB54D46EDE7DFF8C4B1DBF887
:101780000030580703D058466F4910F01BFB002368
:10179000FB72664BDA6A910708D5DBF800305A070E
:1017A00045D06A49664810F00DFB40E0DA6A002A2D
:1017B00005DADBF800305B0739D06549F2E7DB6A10
:1017C0005C0073D5DBF80030580703D061495C48F2
:1017D00010F0F8FA554BA9695A6942F480725A61BF
:1017E000BFF34F8FBFF36F8F5A6931F8021C22F499
:1017F00080725A61BFF34F8FBFF36F8F4DF6027245
:10180000914209D09A6AD2B292B3012007F10B013A
:10181000FFF7C6FD04460AE0DBF80030590705D0A3
:101820002B6801214C4A46480FF07EFA2C68FB7A5F
:10183000D3B96822294607F10C0011F06FFA7B68D2
:10184000FE67C7E91D39BB6AB8F1000F69D0C3F361
:10185000080222B96FEA53236FEA4323BB62204692
:1018600007F10C01FFF782FC8437BD46BDE8F08F1D
:101870009A6A12F47F4F05D0012007F10B01FFF7A0
:10188000A9FEC7E79B6AB3F5803F02D3FFF726FEA8
:10189000C0E7324940F2EA23264A27480EF085FD88
:1018A0002F480EF082FD40F2EA213AE72B4940F240
:1018B000ED23204A20480EF078FD2A480EF075FDF1
:1018C00040F2ED212DE7002007F10B01A0E70020F9
:1018D00007F10B01D3E71A4803685A07A7D022493A
:1018E00061E7174802685307A1D0204A1BF4F87F2C
:1018F000EB468AB01E4918BF11466A461D4BC2E925
:101900000531AAF11003D3614FF4007313841A4B0D
:1019100042F8103F00234FF41151FCF7D9F9DD468E
:1019200085E723F4FF7323F0010397E700ED00E060
:1019300035AB0400A8A804002656030048AB0400F9
:10194000E8EA002086AB0400A9AB0400C0AB0400A9
:10195000E1AB0400EFAB04000EAC040091BE040048
:101960002AAC04004EAC04007EAC04001CAB0400A6
:1019700007AB0400A2AC040004000001064B5A6946
:1019800042F010025A615A6942F480625A615A69FF
:1019900022F008025A61704700ED00E0EFF3088082
:1019A000EFF3098101B506B42DE9F00F6B467246DD
:1019B000FFF794FE0AB001BD08B548B910491148B7
:1019C0001423114A0EF0F1FC14210F480EF0E4FC30
:1019D000EFF314835A0712D500F1400280EC100A8D
:1019E00082EC108AF1EE102AC0F88020012223F048
:1019F000040380F8842083F31488BFF36F8F08BD3D
:101A0000E5AC040026560300B5AC0400002080F3CA
:101A10001488BFF36F8F002080F30A8880F30B884F
:101A2000144880F3088800201349087003F0E8FB8D
:101A3000002012490860BFF34F8F00F035F82020D6
:101A400080F311880E484FF0AA014FF4805210F035
:101A5000EFFE0B484FF48051401880F30988EFF3F4
:101A600014800221084380F31488BFF36F8F00F0C5
:101A70002BF90000502B02200868012094ED00E0B3
:101A800010120220002318460649D1F89020C2F314
:101A90000722934200DB7047C1F89830C1F8A000DC
:101AA0000133F6E700ED00E010B572B6002484F3D0
:101AB0001388FFF7E7FF23464FF0FF300C4A03F18E
:101AC00020010133102B42F82100F8D100234FF000
:101AD000FF30074A03F160010133102B42F8210067
:101AE000F8D162B6BFF34F8FBFF36F8F10BD00BF49
:101AF00000E100E0084B9B6883420BD1EFF30583C4
:101B000043B1064B5A6842F080525A605A6A22F436
:101B100000425A6208F03CBF2C51012000ED00E069
:101B200023498A6882F8F5E04FF030001044EFF363
:101B3000098C80E8F01F1EF0100F03D102F1B400F1
:101B400080EC108A202080F31288BFF36F8F194F2A
:101B50004FF000668A698A603E6092F9F5E0D2F83B
:101B6000AC000023C2F8AC3080F311881EF0100FD7
:101B700003D00023E1EE103A03E002F1B40090EC50
:101B8000108AEFF3148323F0040383F31488BFF364
:101B90006F8F02F1300090E8F01F8CF3098802F19A
:101BA000000004B510F02CF9BDE8044070470000B7
:101BB0002C51012004ED00E01EF0040F0CBFEFF3E8
:101BC0000880EFF30980816911F8021C0229FFD017
:101BD00001B5EFF3098106B42DE9F00F69467246AD
:101BE00010F0D6F80AB001BD40B2002807DB01238F
:101BF0004109034A00F01F00834042F8213070473A
:101C000000E100E040B200280CDB01220649430954
:101C100000F01F008240203341F82320BFF34F8F94
:101C2000BFF36F8F704700BF00E100E0054B420932
:101C300053F82220012300F01F0003FA00F01040A7
:101C4000704700BF00E100E038B54B1C072B04468D
:101C50000D460FD96B23104A104911480EF0A5FB11
:101C600029461048072322460EF09FFB6B210A48A5
:101C70000EF092FB40B20028ACBF00F160400A4A6F
:101C80004FEA4313DBB2ABBF00F5614000F00F0039
:101C900080F80033135438BDFBAC040032AD0400AF
:101CA000265603004DAD040014ED00E0044B054A38
:101CB00023F07F039360BFF34F8FBFF36F8F7047A5
:101CC0000080000000ED00E008B5FFF7EFFF104BCB
:101CD000D3F8882022F47002C3F88820D3F8882033
:101CE00042F4A002C3F888204FF04042C3F83422E7
:101CF000BFF34F8FBFF36F8F0023E1EE103A06F072
:101D000017F809F0C1F900F077F806F055F800BFB0
:101D100000ED00E042F8203C009B0D4942F81C3CDD
:101D2000019B21F0010142F8183C029B42F8081C7B
:101D300042F8143C4FF0807342F8043C0023C0F892
:101D4000AC304FF43C43203A0265C0F8F4307047A1
:101D500087020300104B9B6883421AD1EFF3058082
:101D6000B8B9EFF31181202282F31288BFF36F8F8D
:101D70001A7B22F002021A73EFF3148323F0040398
:101D800083F31488BFF36F8F81F31188BFF36F8FD4
:101D900070476FF0150070472C5101200E46154614
:101DA000002300B5E1EE103AEFF3148323F00403AF
:101DB00083F31488BFF36F8FBFF36F8F084B986066
:101DC000D0F89C3083F30B882C4686F309880020DA
:101DD000044B98472046002100220023024C204754
:101DE0002C5101200B1E0300870203001022014B1F
:101DF0001A61704700ED00E0002320210348C2185B
:101E00000133412B82F80013F9D1704700E100E063
:101E100008B5EFF30583064A103B02EBC30152F805
:101E2000330049688847BDE80840FFF7A9BA00BFFA
:101E3000743D03001FB5094C094A23460121094896
:101E400000F01CF900230393074B0121E41A01A8B9
:101E50000193029400F036F904B010BD0000042094
:101E600040DB002010520300E0EE002010B50C7A99
:101E70000B6804F01F0223F01F031A43CB686409A8
:101E800023F01F03054943EA440343F00103C1F86B
:101E90009800C1F89C20C1F8A03010BD00ED00E012
:101EA00010B50C4B0446D3F89030C3F30723013B25
:101EB00098420BD9084803685B0704D001212346E8
:101EC000064A0EF031FF6FF0150010BDFFF7CEFF90
:101ED000FBE700BF00ED00E0E0EA002091AD040068
:101EE0002DE9F04F8946144606464FF00008544D40
:101EF00085B0C8452EDAD6F804A0BAF1000F4BD051
:101F0000BAF11F0F1BD91AF01F0F18D1D6F800B065
:101F10001BF01F0F13D158460FF09AFF07460AEB2C
:101F20000B0001380FF094FF874217D06FF01507B0
:101F3000444803685B070BD0434A3B4605E04148F1
:101F400003685A0704D04346404A01210EF0ECFED4
:101F50006FF01504204605B0BDE8F08F17F1160F9D
:101F6000E6D0BC42E4DDC5F89870D5F89C10C5F801
:101F70009870D5F8A03021F01F0143F01F0BD6E96F
:101F800000321A44994202F1FF3A1DD1D34507D1DC
:101F90003146F8B20FF065FF08F101080C36A8E7EA
:101FA0003146C5F89870D5F89C3022F01F0203F036
:101FB0001F031343C5F89C30E0B20FF052FF10F13D
:101FC000160FC5D0441CE7E7C5F89870D5F8A020D7
:101FD000013B23F01F0302F01F021343D345314698
:101FE000E0B2C5F8A030E8D00FF03BFF10F1160FBB
:101FF000AED0C5F89870D5F89C209DF808300BF14C
:10200000FF3B62F304038DF80830D5F8A0309DF84B
:1020100008205B0863F347128DF80820D6E90032E8
:102020001344009323F01F035B44A3EB0A03013026
:1020300023F01F036946C0B20393FFF731FFBEE7E9
:1020400000ED00E0E0EA0020DAAD0400B7AD0400E6
:102050000522044BC3F89420BFF34F8FBFF36F8F5B
:10206000704700BF00ED00E0BFF35F8F0022024B1E
:10207000C3F89420704700BF00ED00E038B50C4D68
:102080000C462A78FFF72CFF287016300FD14FF43A
:10209000BB73084A084909480EF087F921460848E9
:1020A0000EF083F94FF4BB7102480EF075F938BD9C
:1020B0004F590120FDAD040091BE040026560300D7
:1020C0002CAE04002DE9F74F314E894605464FF0FE
:1020D0000008B3462F4FC84502DB03B0BDE8F08FC0
:1020E000D5F804A0BAF1000F4CD029680846019138
:1020F0000FF0AEFE019904460AEB010001380FF023
:10210000A7FE84424FF01402234B15D002FB08F3C4
:102110006FF015024BF803204FF4C3731F4A204998
:1021200020480EF042F949461F480EF03EF94FF4A0
:10213000C3711A480EF030F914F1160F3460EBD069
:102140001978A142E8DD02FB08B0C7F89840C7F84B
:102150009840D7F89C4000F10801007B64F304002C
:102160000871D7F8A0000C79400860F347140C718F
:10217000D7F89C1021F01F017160D7F8A01021F052
:102180001F01316108F1010814360C35A3E700BFC7
:10219000284C012000ED00E04F590120FDAD040066
:1021A00091BE04002656030058AE04002DE9F0410C
:1021B000574C584ED4F890303568C3F307239D42EE
:1021C00086B013D940F2AD13534A544954480EF027
:1021D000ECF8D4F8902029465248C2F307220EF0BA
:1021E000E4F840F2AD114C480EF0D6F80020FFF7AD
:1021F0003BFF4D4BC4F8C03085421AD14B4C01A86F
:102200002570FCF72BF8002506464FF04108484F93
:10221000AE4215D1002023783D49D1F89020C2F379
:10222000072293426DDB0020FFF712FF06B0BDE8E6
:10223000F081716801EB0011FFF718FE0130DBE758
:10224000019A290102EB0513D3F80CC00CEA070030
:10225000B0F5001F27D0B0F5800F40D0B0F5801F3B
:102260004DD1586852589B68CDE902022122013BAA
:1022700020F01F010B4423F01F038DF8102005935D
:10228000207802A9FFF70CFE002835DA234940F236
:10229000D713214A22480EF088F826480EF085F818
:1022A00040F2D7119FE758689B685258013B20F0D5
:1022B0001F010B4423F01F031CF0010FCDE90202A4
:1022C0008DF810800593DBD01B497B23124A1448FC
:1022D0000EF06BF819480EF068F87B2183E7586818
:1022E0009B685258013B20F01F010B44CDE90202CC
:1022F00023F01F030222C0E7237801332370013546
:1023000086E7C1F89830C1F8A000013385E700BF27
:1023100000ED00E01C520300FDAD040091BE04007E
:102320002656030087AE0400AAFF44004F5901203F
:102330000000F0FF10AF0400BBAE0400E1AE0400EB
:1023400008B50B4BC3F1005303F58023B3F5006FC1
:102350000CD208499223084A08480EF026F808488B
:102360000EF023F8922104480EF016F8002008BD64
:102370008008032079AF040049AF0400265603000B
:10238000C2AF0400014B1860704700BFB4E70020E3
:10239000F8B50D46094F461EC0F10104A3199D4230
:1023A00001DC2846F8BD73780A2B02D10D203B686A
:1023B00098473B6816F8010F9847EFE7B4E700200D
:1023C00010B5074C2368C2180648C0F1005101F54A
:1023D00080218A4236BF22604FF0FF30C01810BD06
:1023E0003C4C01208008032010B5044658B911491F
:1023F00040F29713104A11480DF0D7FF40F29711A1
:102400000D480DF0C9FF142009F04CFF206060B9A1
:102410000B4940F29F13084A08480DF0C6FF0948CF
:102420000DF0C3FF40F29F11EAE7BDE8104010F045
:1024300030BA00BF4AB0040049AF0400265603007A
:1024400049B0040085B0040010B558B909490A48DC
:1024500040F2C713094A0DF0A8FF40F2C711074820
:102460000DF09AFF4FF0FF32BDE810404FF0FF3300
:1024700006F05EB84AB004002656030049AF0400D7
:1024800008B558B90749084840F2E313074A0DF068
:102490008CFF40F2E31105480DF07EFFBDE80840D7
:1024A00006F016B94AB004002656030049AF0400EE
:1024B00008B505480DF0B9FE002383F31188BFF37A
:1024C0006F8F0423184602DFA8B0040038B500253A
:1024D000104C204610F0DDF948B10F49D0230F4AC7
:1024E0000F480DF062FFD0210C480DF055FF04F1AC
:1024F000140010F061FA38B10749D223074A08489E
:102500000DF053FFD221EFE70135052D04F124042E
:10251000DFD138BD404C0120218E0400B1B0040051
:1025200026560300064C08B50649074840F25313E7
:1025300022460DF03AFF40F2531120460DF02CFFD9
:10254000E0B004007ED5040026560300F8B558B963
:102550002E494FF4BF732E4A2E480DF026FF4FF43C
:10256000BF712B480DF018FF83682B4DAB4220DD67
:10257000D0E90017294A012993FBF2F277F100060E
:102580004FEAE2742DDA891844EB0704C0E900141D
:10259000234901FB023282608368AB4234D921496E
:1025A0004FF4DE731A4A1B480DF0FFFE4FF4DE7144
:1025B000D7E7002BF0DAB3F1004F1EBF1749EA1A34
:1025C000B2FBF1F2D0E9004108BF032200294FEA33
:1025D000E2770FDA01F100469442BE410ADA0020A8
:1025E000F8BDCE4396426FF00046A6EB0706A64123
:1025F000C9DAF4E7A41A61EB0701C0E90041074911
:1026000001FB02338360C7E70120E9E77ED50400C0
:10261000E0B0040026560300FFC99A3B00CA9A3B6B
:10262000003665C411B10400012838B50C4609D044
:10263000042840D100230022C1E9002300238B603D
:10264000002038BD4FF0FF324FF0FF331D480DF032
:102650000BFE051E20DA1C491C4827231C4A0DF0DE
:10266000A4FE29461B4811E01B4B0FCB84E80F004A
:1026700014480DF0F4FD04460028E1D01749134832
:102680002723134A0DF091FE214615480DF08DFECB
:1026900027210F480DF080FEE6D0012DD0D0114942
:1026A0009523114A09480DF080FE10480DF07DFE7B
:1026B00095210D48EEE70FF0F5FB162303604FF070
:1026C000FF30BEE7ACEE00207EB1040026560300CA
:1026D00027B1040088B10400383101205BB1040047
:1026E00065B10400CDB10400A1B10400D6B104006D
:1026F000F0B500220026002785B001280C46CDE960
:102700000067029209D004280AD00FF0CBFB1623F1
:1027100003604FF0FF3005B0F0BD6946FFF784FF5E
:1027200010F0D9F9314AC30BC0F30E00A0FB02022E
:10273000C00B43EA414340EA4240C90BA060C4E9F0
:1027400000312046FFF702FF18B90FF0ABFB8B23D7
:10275000DEE7A568264B9D420BD926494FF4EA7364
:10276000254A26480DF021FE4FF4EA7122480DF06B
:1027700013FE029F9F4209D9214940F2D5131E4AF8
:102780001E480DF012FE40F2D511EFE7D4E90032F9
:10279000002ADDE9000119DA002909DA4FF00046C4
:1027A000D3F1000C66EB0206604571EB0606CCDB4C
:1027B0001B1842EB01023D442046C4E90032A560EB
:1027C000FFF7C4FE0028C0D00020A4E753EA0206A9
:1027D000EED0012871F10006EADBDE4386426FF09D
:1027E0000046A6EB02068E41E1E700BF00CA9A3B15
:1027F000FFC99A3B28B20400E0B00400265603004B
:1028000053B204002DE9F8430D46064608B301B360
:102810003D2110F042FCE0B90F4BD3F80090B9F124
:10282000000F04D0C846444658F8047B17B96FF02F
:1028300001000CE02A463146384610F043FC0028DF
:10284000F1D17B5D3D2BEED1A4EB09008010BDE8FA
:10285000F8836FF01500FAE7F44C012070B50646D6
:10286000A0B1E6F707FA04464FF0FF324FF0FF330E
:1028700022480DF0F9FC051E2CDA214921484B2392
:10288000214A0DF092FD294620481DE00446EBE761
:1028900021463046FFF7B6FF0028A3BF1C4B01348A
:1028A0001B682C46A8BF53F820301448A8BFE41872
:1028B0000DF0D5FC0546F0B1164912484B23124ADB
:1028C0000DF073FD294614480DF06FFD4B210E48A5
:1028D0000DF062FDDCD0012D4FF000040BD00F494C
:1028E00095230F4A07480DF060FD0E480DF05DFD81
:1028F00095210B48ECE7204670BD00BF64EE002038
:102900007EB10400265603007EB2040088B10400A4
:10291000F44C01205BB1040065B10400CDB10400AA
:10292000A1B10400D6B1040038B500240A4D2846F0
:1029300010F042F848B109490948F123094A0DF05D
:1029400034FDF12107480DF027FD0134052C05F178
:102950000C05ECD138BD00BFF84C0120218E0400DD
:1029600026560300D5B2040038B500240B4D284686
:102970000FF08FFF58B10A490A4840F2D3130A4AB0
:102980000DF013FD40F2D31107480DF005FD0134A1
:10299000052C05F11405EAD138BD00BF344D0120E6
:1029A000218E0400265603001AB304000B4B30B5E9
:1029B0001C4600250A4A191BB1F5986F01D9002061
:1029C00030BD506803F58071C3E94020016003F514
:1029D000987303F8085C5160EDE700BF48310120AF
:1029E000B8E700200122024B0020C3F840257047C1
:1029F0000090034020B1034B800143F001031847CE
:102A0000704700BF10490300F7B506460D4614464F
:102A10001E4F38460FF0E2FE68B914231C4A1D49C8
:102A20001D480DF0C2FC39681C480DF0BEFC142195
:102A300017480DF0B1FCAAB2BB681B685BB9184916
:102A40005B23184A14480DF0B0FC17480DF0ADFC9C
:102A50005B211448EDE7314638469847002802DBF1
:102A6000002003B0F0BD002CFBD1AC42F8D22F1BEC
:102A7000042F28BF04270FF0BEFC3A46019001A99D
:102A8000301910F04BF93C44EFE700BF083D03005C
:102A900077B30400B0B3040026560300CDB304009E
:102AA0001FB40400EBB304003FB4040037B5402367
:102AB0000C460A490093411A491105462346084A23
:102AC00008480FF020FA011E05DA2846234603B015
:102AD000BDE83040184703B030BD00BFAC4D012009
:102AE0006F1F0300C03C0300C9B2012908B509D912
:102AF000084909487F23094A0DF057FC7F21074800
:102B00000DF04AFC0C22036901FB0233986C00F0C3
:102B1000070008BDA2B404002656030065B40400F3
:102B200070B5C9B2012903690BD91849184840F298
:102B3000D113184A0DF039FC40F2D11115480DF0AF
:102B40002BFCEFF31185202484F31288BFF36F8FE1
:102B50000C2606FB0134A46C14F0C00408D0A24279
:102B600006D085F31188BFF36F8F4FF0FF3070BD33
:102B7000012271430B449A6485F31188BFF36F8F70
:102B800043680B445B6898470020F0E7A2B4040058
:102B90002656030065B4040070B50D460649044688
:102BA000411A491140220548FFF7BAFF2B4601465A
:102BB0002046BDE870401847AC4D0120C03C0300E2
:102BC00070B50022012104460520FFF73DF80F48AB
:102BD00002F016FC0E4B984215D102F021FC26693A
:102BE0000C4930460DF040FD00280BDB0125B56493
:102BF0002469084904F120000DF036FD002801DBAE
:102C00000020656570BD6FF00400FBE7D52C020065
:102C10000000AD0B445203007FB500220123CDE933
:102C2000022304ABCDE90433094A6B46CDF800D04A
:102C3000CDF804D00FF094F9002805DB4FF4804262
:102C40000023684606F00EF807B05DF804FB00BFED
:102C5000871F030010B5EFF31184202383F312883C
:102C6000BFF36F8F074A136823F00201DB0711607F
:102C700002D4012002F076FC84F31188BFF36F8F39
:102C800010BD00BF044E01200C22104B014602FB78
:102C90000033002030B4D3E910521864EFF31180F0
:102CA000202484F31288BFF36F8F9C6C04F0C0045F
:102CB00044F002049C6480F31188BFF36F8F1DB150
:102CC0002B4630BC0248184730BC7047AC4D012041
:102CD000C03C030008B568B101280FD00A490B4871
:102CE0004FF441730A4A0DF060FB4FF441710848FC
:102CF0000DF052FB074B9B6C5B0703D1BDE808400E
:102D0000FFF7C2BF08BD00BF91BE040026560300F6
:102D100065B40400AC4D012010B4EFF31182202300
:102D200083F31288BFF36F8F1848016841F00204E3
:102D30000460C80708D482F31188BFF36F8F0120A5
:102D40005DF8044B02F094BB1149D1F80C04D1F8A2
:102D50000C14C907EFD5EFF3118083F31288BFF38A
:102D60006F8F0C498B6C03F0C00343F002038B643C
:102D700080F31188BFF36F8F82F31188BFF36F8FD9
:102D800000205DF8044BFFF77FBF00BF044E012019
:102D900000500040AC4D01202DE9F04101220646D3
:102DA0004149D1E8EF3FC1E8E02F0028F9D1A3B9AC
:102DB0003E493F484B60CB608A60F9F771FE0028BE
:102DC0000BDA3C494FF429733B4A3C480DF0EDFACD
:102DD0004FF4297138480DF0DFFA5EB3731E012BF2
:102DE00057D8012E06D1364BD3F81C3403F0030319
:102DF000022B1FD00FF0E4FD0546E8B9314B1B78DC
:102E0000D3B1022207462E4BC3F808232C4CDFF81F
:102E1000BC80D4F81824D4F81834D20315D503F0A4
:102E20000303022B01D0012E0FD16DB387F311885C
:102E3000BFF36F8FBDE8F081EFF31187202383F399
:102E40001288BFF36F8F0125E0E7C5B138460EF059
:102E5000F0FFD4F81835DBB2012BDAD1D4F8042115
:102E6000002AD6D00022C4F80421D4F8042102227A
:102E7000C4F818252022C8F88021A360C9E70021E2
:102E8000212007F0E3FCE4E702220D4BC3F8042302
:102E9000D0E70D4940F2B623074A08480DF085FAFD
:102EA00040F2B62196E700BFA84D0120984D0120C1
:102EB000CC4D01206C92040065B40400265603003A
:102EC000005000400868012091BE040000E100E0CD
:102ED00008B507480FF082FC38B10648FFF752FAF0
:102EE0000448F8F7CFFE002008BD6FF01200FBE7A2
:102EF0002C3D0300F92E02000A2838B50446074D80
:102F000004D1AB680D2128465B689847AB6803483D
:102F10005B68E1B29847204638BD00BF2C3D0300F6
:102F2000024B0B6001231360704700BF084E012065
:102F3000004870478C52030007B5034606480268F4
:102F4000520704D0054A009101210DF0F7FE6FF001
:102F5000150003B05DF804FBC8EA002001B50400C9
:102F600010B50122064811460FF0B1FC0FF076FBB8
:102F7000044C20600FF06FFB6060002010BD00BFAC
:102F8000104E0120084E0120F7B50E4614460FF0F2
:102F900062FB2146054630460FF079F880B3B6FB58
:102FA000F5F305FB1363374623B9B4FBF5F305FBD3
:102FB000134363B1164803685A0705D03346154AD0
:102FC000009401210DF0BAFE6FF0150002E0A54259
:102FD00002D9002003B0F0BD4FF0FF324FF0FF33B5
:102FE0000D4805F03FFE0FF036FB0546384603F06E
:102FF00097F8641B2F44F9D1074805F0AFFDE8E7C7
:10300000034803685B07DFD0044A33460094D8E7DF
:10301000C8EA00201EB50400104E012001B50400CE
:10302000F7B50E461946304617461D460FF02FF8E5
:1030300068B91C480368590705D033461A4A0095F9
:1030400001210DF07BFE6FF0150003B0F0BD45EAE5
:10305000060414F0030407D0124803685A07F2D09C
:10306000124A33460095EBE79DB14FF0FF324FF027
:10307000FF330F4805F0F6FD2B19032BA6EB0400D8
:1030800009D80C4AD2F80034DB07FBD5084805F014
:1030900065FD0020D9E73B1B196803F073F8043C79
:1030A000EAE700BFC8EA002001B504003DB504000E
:1030B000104E01200090034010B5036961B920490A
:1030C0003F23204A20480DF070F920480DF06DF99B
:1030D0003F211C480DF060F9486850B91C49402355
:1030E000184A19480DF061F91A480DF05EF94021AF
:1030F000EFE75868F8B1884219D19C680868A14286
:10310000586000D19860002008602AB15A680A60AF
:103110009A68596002B99960002010E0814206D196
:103120000868206098688142EDD19C60EBE7044616
:1031300000680028F2D1002AE8D16FF0150010BD18
:10314000C9B504008DB5040026560300D2B50400AD
:10315000E1B50400F3B5040008B50268530904D1D1
:103160004FF0FF33D340DB070BD40749074840F249
:10317000CA33074A0DF019F940F2CA3104480DF07C
:103180000BF9044808BD00BF3DB6040026560300F5
:103190000AB6040000258440F0B5406801F01F0421
:1031A000057B87B044EA45140569002D77D0B2F558
:1031B000001F00F1100506D1214628460FF046FAFF
:1031C000002007B0F0BD0027B2F5800F01AE0197D7
:1031D000776033D1B3F1007F14BF052304238DF84A
:1031E00004300023CDE9046303938368CB40D907FF
:1031F00039D4B2F1A07F36D168460094FFF7ACFF16
:1032000004F1800350F82330DB072CD46A462146B2
:10321000284602F0B3FC254B98421AD0CDF808D0CE
:103220002146284603AA02F06FFB214B984239D170
:1032300001222146284602F031FDC1E7B3F1C06FFB
:1032400005D0B3F1007F14BF01230223C7E7032396
:10325000C5E76946284602F019FD154B9842DDD0B6
:103260006FF00B00ADE76A462146284602F086FC67
:103270000F4B06469842D3D128469DF8001002F025
:10328000FDFCB042CCD00B490B4840F2E1130B4A95
:103290000DF08BF840F2E11108480DF07DF86FF069
:1032A00085008EE76FF015008BE700BF0400AD0BC3
:1032B0000000AD0B8CB604002656030060B6040077
:1032C000430970B507D1124B596821B101250C682B
:1032D000104E854001B970BD8A682A4010D04B68F5
:1032E00063B90D4964230D4A0D480DF05EF80D4891
:1032F0000DF05BF8642109480DF04EF83046984710
:103300001CB1236821461C46E4E72346FAE700BFC8
:10331000284E0120E43C0300A0B604008DB5040053
:1033200026560300F3B504002DE9F043466840F249
:103330000635337BD00601F01F0747EA431748BF25
:10334000032302EA050558BFC2F3401387B0B5F561
:10335000837F14468DF8033042D00FD8062D18D045
:1033600007D8B5B1022D3DD06FF0150007B0BDE80C
:10337000F083B5F5807FF7D101250AE040F2022203
:10338000954231D0B5F5407F30D0B5F5007FEBD117
:10339000022522032CD5012372688B409360336988
:1033A0006BBB03A80397FFF7D7FE84F4803300EBD1
:1033B0008700C3F30043C4F34044D0F8002244EA3A
:1033C00043049DF8033022F4E16244EA830422F0CE
:1033D000070244EA05231343C0F800320020C5E782
:1033E0000725D6E70425D4E70525D2E70325D0E74E
:1033F000630341BF012372688B40D360CFE710366F
:10340000394630460DF1020202F0B8FB14F4403F99
:10341000804617D1394630460FF016F9244B9845AF
:10342000DCD130469DF8021002F028FC4045D5D092
:1034300020492148DE23214A0CF0B7FFDE211F4836
:103440000CF0AAFF4FF0000901AB3946304603AA41
:10345000CDE90439CDE90199CDF80C9002F054FA88
:10346000134B984280D114F4003315D09DF80330EB
:1034700084F48034C4F300448DF80E3039464B4652
:10348000304603AA8DF80C508DF80D4002F0F2FA88
:10349000074B9842C2D067E7CDE9043339460DF1B6
:1034A0000303304603AA039302F02EFAF0E700BFAD
:1034B0000000AD0B8CB604002656030060B6040075
:1034C00038B545682B69B3B11035284602F0CCFBFE
:1034D000044680B90146284602F07AFB084B984220
:1034E0000BD122462846074902F042FB224605211D
:1034F0003120FEF7A9FB002038BD6FF00400FBE788
:103500000000AD0BC132020008B50268530904D1B6
:103510004FF0FF33D340DB070BD40749074840F295
:10352000CA33074A0CF041FF40F2CA3104480CF09C
:1035300033FF044808BD00BF3DB604002656030013
:103540000AB60400002584402DE9F04F1546824656
:1035500040F2FF19DFF84CB185B000EB8108D0458F
:1035600003D1002005B0BDE8F08FDAF800305A042E
:10357000C3F3C321C3F3080400F18C80484A1B0E37
:103580004C4508BF4FF0FF34575C192B00F2858083
:10359000DFE803F00D141A1D20261D838383833476
:1035A0006083838383838383838363777A7DC5F892
:1035B0000C45631C5BD10AF1040AD0E7C5F8144539
:1035C000661CF8D000265AE0C5F80845F1E7C5F8B2
:1035D0001045F5E7601CC5F80845ECD0002604E06E
:1035E000611CC5F80C45E6D0012603A80394FFF73B
:1035F0008BFF012101FA04F3C36008E0C5F8084518
:10360000002FDDD1631CD6D0002606273146DAF81C
:103610000030039403F40040002818BF002103A8E1
:1036200018BF012601930091FFF76EFF019B00EB8D
:103630008400D0F80042C3F3412C00993B0243EAD6
:103640008C030B4304EA0B04234343EA4603C0F80C
:103650000032B0E7C5F80C45D2E7C5F86045621CFA
:10366000DAF80030A7D0C3F30043002BBCD001260A
:1036700003A80394FFF748FF06FA04F3836031467A
:10368000C5E7C5F86445EAE7C5F86845E7E7C5F862
:103690006C45E4E76FF0150064E76FF0850061E7C3
:1036A000BEB60400F0F8FCFF2DE9F04104460D46DB
:1036B00047680FF085F94FF0200888B9264B1B7832
:1036C00073B1642660680EF0ECFDF0B901200EF0D5
:1036D0003DFF013EF6D10021212007F0B7F8F0E7C9
:1036E000EFF31186314688F31288BFF36F8F60685D
:1036F0000EF0D7FDA8B986F31188BFF36F8FEFE7FF
:1037000086F31188BFF36F8FE5E7EFF3118631463B
:1037100088F31288BFF36F8F60680EF0C2FD002837
:10372000EED0BB6900201D706368BA691B68C3F8DE
:1037300044250122C3F84825C3F82001D3F82041CD
:10374000C3F85801D3F858019A6081F31188BFF388
:103750006F8FBDE8F08100BF08680120F8B505460D
:10376000002201210820FEF76FFA0820FEF73CFA3C
:103770006C680121E0680EF0EAFD6B681A68236945
:10378000C2F82435617D237D0B43A17D0B43C2F834
:103790006C356E68D6E9004313F001034DD02F69F4
:1037A00007F10C0001F0ACFD314B98420AD03148D2
:1037B00003685B0703D001212F4A0DF0ACFA6FF0CC
:1037C0000400F8BD387B04F10C0204F590710EF092
:1037D000BFFE387B012707FA00F001F05BFD0823EC
:1037E000C4F80035B369C4F844350023C4F848353B
:1037F000A760D4F85831002BFBD00026C4F8006530
:103800006B683146D8680EF0A2FD6D683146E868F5
:103810002C680EF09CFD0823C4F800352A7A52B9B2
:10382000EB69C4F834350123C4F83835C4F81021E5
:10383000D4F8102123600020C3E70822C4F8002533
:10384000B269C4F84425C4F848350123A360D4F80C
:103850002031002BFBD00023C4F82031D4F82031D4
:103860000123E3604FF48073C4F80433C1E700BF61
:103870000000AD0B18EB0020C6B6040070B40E4972
:1038800022F07F46D1E90034D01AC31844F1000475
:10389000C1E90034A6F50013B3F5400F09D2074B78
:1038A0001B681A0A1B069C19054B42F10005C3E967
:1038B000004570BC07F074BD483701203C4E012024
:1038C000503701200D4B1868010A0006BFF35F8FC7
:1038D0000B4BD3F80435181841F10001B3F5801FE4
:1038E0000AD2084BD3E90023904271EB030303D2C1
:1038F00010F1807041F10001704700BF3C4E012083
:1039000000500140503701202DE9F7432E4BD3F8EA
:10391000042390070BD5D3F8042142B10022C3F849
:1039200004212A4AD3F80431136801331360264A6C
:10393000D2F80433D90326D5254BD3E8EF1F21F065
:103940000100C3E8E40F002CF7D1CB0702D4D2F872
:103950004031C3B100251C4CC4F84051D4F840316B
:10396000FFF7B0FFEFF31182202383F31288BFF338
:103970006F8F184BD3E90267B042B94106D282F388
:103980001188BFF36F8F03B0BDE8F0834FF0FF38AD
:10399000D3E900104FF0FF391D60C3E902894FF4ED
:1039A0008033C4F84833C4F84051D4F8403182F32E
:1039B0001188BFF36F8F0029E5D0009032463B4657
:1039C00028468847DFE700BF005001403C4E0120F9
:1039D000344E0120383701202DE9F84F04460D46BA
:1039E000434FD7E8EF8F28F00103C7E8E23F002AF2
:1039F000F7D14FF480393F4EC6F80893BFF35F8F7D
:103A0000BFF36F8FFFF75EFFA04271EB050308F075
:103A1000010840D2384B201A65EB0101984271F140
:103A2000000148D2354BD3E902239D4208BF94429E
:103A30003AD04FF0000C24F07F40834603216FF012
:103A4000020EC6F84893C6F840C1D6F84031DFF8F8
:103A5000BCA02BF07F43C6F84035C6F84493D6F897
:103A60000425AEEB02035B4423F07F4353451BD98F
:103A7000D6F840315BB1D6F80425131A23F07F4302
:103A8000B3F5000F10D9C6F840C1D6F8403101EBAC
:103A9000020B0131DDE71A4BD3E8EF1F41F00101C2
:103AA000C3E8E21F002AF7D1144B164AC3E90245C6
:103AB0001A6000225A60B8F1000F16D0D7E8EF3F25
:103AC00043F00103C7E8E23F002AF7D14FF4803208
:103AD000084BC3F804230A4BD3E8AF3FDB0742BFD0
:103AE0004FF40012084BC3F80021BDE8F88F00BF67
:103AF000384E01200050014001008000383701207D
:103B0000344E01207D38020000E100E0FDFF7F001F
:103B100070B54FF0FF3000254FF0FF31164C174BBA
:103B20000226C4F80833C4F84833154BC4F80855C6
:103B3000C3E902014FF480334FF40012C4F8043398
:103B4000104B0121C4F804631520C3F880212A46D4
:103B5000FEF77AF81520FEF747F801230A4AA3601A
:103B60000021236009481360FFF736FF3046FFF756
:103B700013F9284670BD00BF0050014003000F003C
:103B80003837012000E100E0384E0120FFFF7F00C0
:103B9000431C10B50F4C05D08442A8BF0446012C2D
:103BA000B8BF0124FFF78EFE0B4AD2E90031C01ADC
:103BB000B0F5000F074A0AD22044904228BF1046B1
:103BC000BDE81040C01841F10001FFF705BF1046E5
:103BD000F6E700BFFFFF7F004837012008B5FFF779
:103BE00071FE024B1B68C01A08BD00BF4837012098
:103BF0002DE9F04F89B00493534B1546D3F800A03C
:103C0000524B05901A68039101923D2101325046B2
:103C100002921A600FF041FA0646F8B1A0EB0A09C9
:103C200001360027A8464FF0FF34BB46139A02F036
:103C300004030693D8F80010A9B9002F43D0444BD1
:103C40001B6833B1039B1B783A2B02D00022414BF7
:103C50001A603F24204609B0BDE8F08F5046E5F7D2
:103C600009F88146DDE74A46504607910FF02AFAE7
:103C700000BB07990846E4F7FDFF484530D0129B8A
:103C800013B1B9F1010F15D0621C18D0069BC3B94E
:103C900005EB0410D8F804104268914211D1D8F80D
:103CA0000810826891420CD1D8F80C20C1688A4271
:103CB00018BF01270BF1010B08F11008BAE75C46A9
:103CC000F8E70127F6E7631C36D005EB04156B68AF
:103CD00043B96EB1AB68002BB8D1EA681D4BB7E7AA
:103CE0005C46F2E75A1E012A02D85EB11A4B1E60EA
:103CF000049B03B11C60D5E90234002BAAD01C60E0
:103D00000024A7E7012BF3D1019A104B023202994C
:103D10001A60059A52F821200F490A60002AE7D15B
:103D2000AA6802B9EE680B4A1660029A1A60039BF1
:103D30001C783A2C8DD18DE7129B002B86D0034B3B
:103D4000019A1A6086E700BF08E80020F4E7002027
:103D5000F8E70020484E0120404E01202DE9F04FA9
:103D600087B00E461446DDF8448004900393002A81
:103D700063D0974FDFF874A23B681BB90123CAF8E0
:103D800000303B60934D2B68013302D0DAF80030ED
:103D900033B191480EF094F8003818BF0120286024
:103DA00023782D2B03D148F0020801340AE02A6859
:103DB00022B92B2B06D128F00108F6E72B2B28F08F
:103DC0000108F2D00023854A1360DAF800302BB1E5
:103DD0004FF0FF33824A1360824A1360824DDFF84E
:103DE000F091824B1B6823B92B681B78002B40F0A5
:103DF0008B800023D9F80020CAF80030049B9A4237
:103E00001EDB7B4B2B60764B1968764B4C1C0BD022
:103E10001C68334620460EF0F2FAD9F80030091B30
:103E20005B1AC9F8003002E01B68581CF9D14FF04A
:103E3000FF336B4A13606B4A13604FF0FF3A16E092
:103E400056F8223019782D2904D193F801C0BCF11D
:103E5000000F35D1664B18F0020F2B600BD04FF0DE
:103E6000010A531C3B6056F822205C4B1A605046F6
:103E700007B0BDE8F08F18F0010FDED0DFF864B1B5
:103E8000DBF80000411C07D1CBF80020D9F8003046
:103E90000133C9F80030A4E7514B19684B1CF5D029
:103EA000334605900EF0ABFA0598D9F80030091AA0
:103EB0005B1ACBF800304FF0FF33494A1360E5E757
:103EC0004849D1F80090B9F1FF3F04D0444908684F
:103ED000013008BF0A60591CBCF12D0F296013D1B5
:103EE0009B788BB9424B01322B603D4B3A6019688D
:103EF0004B1C9CD0334648460EF081FA3B68A1EB40
:103F000009015B1A3B6092E72B68039A19784AB162
:103F10003A6856F822209A4204D02D2927D018F06A
:103F2000040F3CD1D5F800B09BF800A00BF10109BB
:103F3000BAF13A0FC5F800903FD0BAF12D0F37D142
:103F40009BF80130002B3FD1514620460FF0A5F8D9
:103F500000283FF472AF43783A2B7ED09BF80130B3
:103F6000002B84D11A4A1368013313607FE75A1C6F
:103F70005B782A60002B58D00020CDE9000821464C
:103F80003046109B039AFFF733FEB0F1FF3F8246A5
:103F9000C8D0174B2B606AE74FF03A0A67E73A2917
:103FA000EAD020460FF079F8003818BF0120E4E786
:103FB000514620460FF071F8F0B99BF801301BB95B
:103FC000034A1368013313600A4BC3F800A02FE0C3
:103FD000F4E70020FCE7002005B70400404E012074
:103FE00000E8002004E8002008E80020444E0120FA
:103FF00063CB0400484E0120039B002BABD0BAF1E9
:10400000570FA8D143783B2BA5D19BF80130DFF89F
:1040100090909BB93B68049A013393423B600ADB62
:10402000C5F800901B4BC3F800A023783A2BB3D0FF
:104030004FF03F0A1BE756F823302B600023214640
:1040400000933046109B039ACDF80480FFF7D0FD13
:10405000114B8246C3F8009009E700230F4A136012
:104060009BF801103B680E4A29B10C4BC3F8009035
:10407000094B1A6076E781783A29F9D0049901331F
:1040800099423B6001DC2A60CCE756F823300349B3
:104090000B60EDE7484E012008E80020404E01206B
:1040A00063CB040070B505460C4C0D4EB44212D9DA
:1040B0000C49A2230C4A0D480CF077F90C480CF07F
:1040C00074F9A22108480CF067F9D4E900312846B8
:1040D00098470834EAE7F8D370BD00BF6CD90400F4
:1040E0006CD9040047B7040015B704002656030036
:1040F0005090040070B5002201212A20FDF7A4FD94
:10410000134802F0A9F8044640B1124803685B075F
:1041100004D001212346104A0CF006FE0F4D104E2C
:10412000B54212D90F49C8230F4A10480CF03DF987
:104130000F480CF03AF9C8210B480CF02DF9D5E9DD
:104140000031204698470835EAE7F8D3204670BD8D
:1041500008530300E4EA00206BB704006CD90400A4
:1041600084D9040097B7040015B70400265603004D
:1041700050900400F0B50F4B01461A680E4B0B250A
:10418000002618461F46B84201D3013D04D1184607
:10419000013A19605A60F0BD04688C42FBD03CB112
:1041A0004468141BA642BCBF034626460830EAE713
:1041B0000346ECE7204F01202C4F01200020054B47
:1041C000C3E90000044BD3E8EF2FC3E8E10F002957
:1041D000F9D17047244F0120204F01202DE9F047ED
:1041E00088B005460E460EF03EFA20B96FF06D001D
:1041F00008B0BDE8F0870EF06EFC33680446002B73
:104200000F4604D106F008FA6FF00A00F0E7BCBFD1
:104210004FF0FF3333600122002101A80EF057FB5D
:10422000E8460795EFF3118A202383F31288BFF342
:104230006F8F06F0A7FBFFF79DFFDFF81C91426828
:10424000D9F800309A426CD10023424D00936B683C
:10425000002B6DD1C5E900888AF31188BFF36F8FF9
:1042600033685A1C69D04FF4004E40F2E730002109
:1042700023EAE37C4FF47A720023CCFB0E01E4F7CF
:10428000B7FC02460B4601A804F0ECFCEFF3118AE0
:10429000202383F31288BFF36F8F00222B685BB15A
:1042A000434554D10099002A4BD16A6829609A424B
:1042B00000D169600023009306F064FBFFF75AFF0A
:1042C000D9F8003043608AF31188BFF36F8F0EF086
:1042D000CAF900288AD035686B1C27D00EF0FBFB8A
:1042E0004FF47A7EA0FB0E320EFB0121A4FB0E429E
:1042F0000EFB0722DB0BE40B43EA414344EA424452
:104300001B1B4FEAD1314FEAE57C61EBD231ED1A4C
:104310006CEB010CBCF1000FB8BF002535602DB966
:1043200072E743608AF31188BFF36F8F00205FE765
:10433000C3F80080C5F804808EE74FF0FF321346C3
:10434000A1E711606968994208BF6A60B2E71A463E
:104350001B68A4E7244F0120204F012070B503689B
:10436000134C2BB1A34203D304F1C005AB4219D3C4
:10437000104D2B78072B0ED90F4940F207130F4A27
:104380000F480CF012F80F480CF00FF840F207112C
:104390000A480CF001F85E1C03EB430304EBC30472
:1043A0002E7004600068BDE870400EF090BA00BF47
:1043B000604E01207359012021B80400BCB70400ED
:1043C000265603002AB8040008B528B10C4A9042CA
:1043D00002D3C03290420ED30A494FF48B730A4A7B
:1043E0000A480BF0E2FF0A480BF0DFFF4FF48B7135
:1043F00005480BF0D1FFBDE8084004F0AFBB00BF9B
:10440000604E012050B80400BCB7040026560300DB
:10441000D6B9040070B5054628B1194B984202D3AD
:10442000C03398420ED317494FF49073164A174879
:104430000BF0BBFF16480BF0B8FF4FF49071124819
:104440000BF0AAFF4B1C17D021EAE1744FF4004691
:1044500040F2E73000214FF47A720023C4FB0601DA
:10446000E4F7C6FB02460B46284604F0FBFB002897
:1044700018BF6FF00A0070BD4FF0FF321346F3E72C
:10448000604E012050B80400BCB70400265603005B
:10449000D6B9040008B50268104B2AB19A4203D37A
:1044A00003F114018A4214D30D4A117871B10D49F8
:1044B0004FF49D730C4A0D480BF077FF0C480BF03E
:1044C00074FF4FF49D7108480BF066FF01210360F3
:1044D00011700068BDE808400EF0DBB94C4E0120B9
:1044E00072590120F0B90400BCB70400265603003D
:1044F000F9B9040008B528B10C4A904202D314322D
:1045000090420ED30A4940F249130A4A0A480BF076
:104510004CFF0A480BF049FF40F2491105480BF0E7
:104520003BFFBDE8084004F0D3B800BF4C4E01206B
:104530001CBA0400BCB7040026560300C0BB04002C
:1045400070B5054628B1194B984202D314339842EE
:104550000ED3174940F25313164A17480BF025FFA4
:1045600016480BF022FF40F2531112480BF014FFD3
:104570004B1C17D021EAE1744FF4004640F2E730BB
:1045800000214FF47A720023C4FB0601E4F730FBEC
:1045900002460B46284603F0CBFF002818BF6FF0F9
:1045A0000A0070BD4FF0FF321346F3E74C4E012076
:1045B0001CBA0400BCB7040026560300C0BB0400AC
:1045C00038B505460A4BD3E8EF1F0131C3E8E21FB7
:1045D000002AF8D1074B1C6804B938BDE369AB4227
:1045E00001D005B113B9201D04F0B8FA2468F3E72F
:1045F000204F0120244F01200146002200230148C2
:1046000003F008BD944F01200146014803F010BD9E
:10461000944F012008B54FF48062064906480EF019
:104620000BF9BDE808404FF47052044904480EF0FD
:1046300003B900BF745901207C4F01202887002056
:10464000944F012010B5044B1C6804B910BD201D07
:1046500004F084FA2468F8E7244F012070B5054679
:104660000C4C0D4EB44212D90C4913230C4A0D4880
:104670000BF09BFE0C480BF098FE132108480BF042
:104680008BFED4E90031284698470834EAE7F8D38E
:1046900070BD00BF6CD904006CD904000FBC0400CD
:1046A000E0BB04002656030050900400014802F0CD
:1046B000E5B900BF5D460200034638B1054802680F
:1046C000520705D00121044A0CF02EBBFFF7EEBFC4
:1046D000704700BFE4EA002037BC04002DE9F04138
:1046E00012F0FC6F1346D0E9014706690ED042492B
:1046F00040F2DF33414A42480BF057FE41480BF08D
:1047000054FE40F2DF313D480BF046FE02F030022D
:10471000302A0CD13C4940F2E233384A38480BF099
:1047200044FE3A480BF041FE40F2E231EBE7384AF2
:10473000384D1A40AA420CD1374940F2E6332F4A8D
:104740002F480BF032FE35480BF02FFE40F2E631D9
:10475000D9E703F00602042A09D1314940F2E933CE
:10476000264A27480BF021FE40F2E931CBE713F44B
:10477000402216D09D030CD42A494FF47B731F4A64
:104780001F480BF012FE28480BF00FFE4FF47B7110
:10479000B9E7B2F5402F18D0244A9A4301D183F4E7
:1047A0004023012524688D40254223F4801219D12D
:1047B0001F494FF47F73114A11480BF0F6FD1D4855
:1047C0000BF0F3FD4FF47F719DE71B494FF47C73B1
:1047D0000A4A0B480BF0E9FD18480BF0E6FD4FF4D0
:1047E0007C7190E73468DB074CBF2C43AC433460EA
:1047F0003B68BDE8F04118478DBC04005CBC040078
:1048000026560300EABC04000EBD040047BD0400A8
:10481000020003000200010084BD0400CBBD0400BF
:104820001ABE04004DBE040093BE04000100100037
:104830003BBF040079BF0400CEBE04000FBF0400DC
:10484000012310B503FA01F1436804691B6819429A
:104850000ED10E4940F28D630D4A0E480BF0A5FDB6
:104860000D480BF0A2FD40F28D6109480BF094FD5C
:104870002368194203D022B183681B6903E0002A30
:10488000FAD08368DB68BDE8104018473BBF0400DE
:104890005CBC04002656030079BF040008B5054837
:1048A00003685B0702D004490DF0EAFD6FF01500C4
:1048B00008BD00BFC0EA00208BBF04002DE9F04115
:1048C000074688460025114E27FA05F212F001022C
:1048D00013D128FA05F3D90711D531793068FFF7DC
:1048E000AFFF044658B10A4803685B0702D0094984
:1048F0000DF0C6FD2046BDE8F0810122EDE701354F
:10490000042D06F10806DFD10024F3E73453030039
:10491000C0EA0020A6BF040070B500260E4CE28855
:104920002068217942F40032FFF7D8FE054640B1F5
:104930000A4803685B0702D009490DF0A1FD28462B
:1049400070BD0136042E04F10804E8D1BDE87040C2
:104950000F21FFF7B3BF00BF34530300C0EA0020AC
:10496000BCBF040003280A4610B503D9BDE81040B7
:10497000FFF794BF094B03EBC001097953F83000EE
:10498000FFF75EFF044630B1054803685B0702D0BD
:1049900004490DF075FD204610BD00BF34530300DF
:1049A000C0EA0020A6BF040008B5074802F060F87E
:1049B000034638B105480268520703D00121044A72
:1049C0000CF0B2F9002008BDE54A0200B4EA00206C
:1049D000EABF04002DE9F84304460026334DDFF812
:1049E000009100AF4D4521D931493923314A324830
:1049F0000BF0DBFC31480BF0D8FC39212D480BF0D3
:104A0000CBFC95F8088018F0010F0BD1296819B17B
:104A100020460EF088FB28B118F0020F04D0204683
:104A20006B6898470C35DDE70126FBE7E9D3002EDC
:104A300038D02046E4F71EF90022411D002320480B
:104A400003F0E8FA054610BB1E48036813F0060F92
:104A500011D06E4688B06A461B4BC2E905344FF44C
:104A600000739383194B42F8103F4FF4E4512B46E7
:104A7000F9F72EF9B5464F230E4A15490E480BF0AB
:104A800094FC214613480BF090FC4F21B6E72146D9
:104A900004300EF00FFB104829460DF00DFF0F48B3
:104AA00004F03AFCBD46BDE8F88300BF54EA00209C
:104AB00043C0040017C004002656030050900400B1
:104AC00018EC0020B4EA002063C0040003000001D9
:104AD0008FC0040098C00400C4EE00200CE8002041
:104AE00060EA002008B548B9064907483623074A56
:104AF0000BF05BFC362105480BF04EFCBDE808408E
:104B0000FFF768BFC6C004002656030017C00400A4
:104B10002DE9F8431A4E1B4FDFF880800022002356
:104B2000304603F08FFF0546F8B9BDE8F883237AD5
:104B3000DA070AD49B0708D4216819B148460EF059
:104B4000F2FA10B14846636898470C34BC4210D959
:104B50000D4960230D4A0E480BF027FC0D480BF061
:104B600024FC602109480BF017FC0B4C05F10409EB
:104B7000ECE7DCD32946404603F05AFACEE700BF03
:104B8000C4EE002060EA002043C0040017C0040007
:104B9000265603005090040054EA002018EC002030
:104BA00038B5204B01290446186004D81E4A1F4915
:104BB0000CF086FB0EE055681D492846E4F750F8D6
:104BC00058B91C4B1C491A7A60F300021A7220462D
:104BD0000CF076FB0025284638BD28461749E4F737
:104BE0003FF830B9134A1649137A43F001031372A0
:104BF000EDE72B4640F68D21124A134801F0A8FF3D
:104C0000051E05DA2A46204610490CF059FBE2E75A
:104C100020460D4A0549CBD00CF052FB6FF015052C
:104C2000D9E700BFAC4F01201AC20400FDC1040047
:104C3000E6C0040054EA0020F4C0040016C10400D9
:104C400025C104003CF20300745D012048C104004A
:104C500008B50B4B0246186860B90A4922230A4A74
:104C60000A480BF0A2FB0A480BF09FFB22210648E2
:104C70000BF092FB0749BDE808400CF021BB00BFD8
:104C8000AC4F01209EC1040076C1040026560300EB
:104C9000BAC10400EBC10400014610B5074801F099
:104CA000F3FE034648B106480268520705D0BDE846
:104CB00010400121034A0CF037B810BD3CF203004C
:104CC000DCEA002001C3040010B50C4C20460DF0B6
:104CD000E1FB20460DF0DEFB20460DF0DBFB20461D
:104CE0000DF0D8FB20460DF0D5FB20460DF0D2FB91
:104CF0002046BDE810400DF0CDBB00BF63CB0400E3
:104D0000034638B105480268520705D00121044A1C
:104D10000CF00AB8FFF7D8BF704700BFDCEA0020EC
:104D200037BC040010B5084908480DF0CBFB044619
:104D300040B1074803685B0704D001212346054AB8
:104D40000BF0F2FF204610BD29500200B04F0120A9
:104D5000E8EA002035C304002DE9F843DFF8C492E7
:104D6000954DD9F870402B68072C0E4600AF00F027
:104D7000080803F0070372D0132C00F0D080052C34
:104D800040F0F580D9F854901BB128468B490DF0BE
:104D900095FB19F4805F54D02B68590703D08849DC
:104DA00085480DF08BFB172419F4006F07D02B6892
:104DB0005A0703D0834980480DF080FB182419F46A
:104DC000007F14D02B685B0703D07F497A480DF031
:104DD00075FB7E4B19F4004F9B6B07D02A68540774
:104DE00004D001217A4A74480BF09EFF192419F46B
:104DF000806F07D02B68580703D076496E480DF0B6
:104E00005DFB1A2419F4807F1DD02B68590703D04D
:104E1000714969480DF052FB1B24F369B8F1000F8A
:104E200040F0C480C3F3080222B96FEA53236FEA4B
:104E30004323F36131462046FCF798F9BD46BDE8AF
:104E4000F8831624B0E719F4005FE6D02B685A0700
:104E500003D0624958480DF031FB1C24DDE7D9F836
:104E60005C401BB128465E490DF028FB630609D55E
:104E70002B68580706D0D9F868300121594A4E48A6
:104E80000BF052FFE10708D52B685A0703D05649AB
:104E900049480DF013FB2624BFE7A30708D52B686C
:104EA000580703D0514944480DF008FB2724B4E7C4
:104EB000610708D52B685A0703D04D493E480DF0CD
:104EC000FDFA2824A9E7230708D52B68580703D043
:104ED000484939480DF0F2FA29249EE7E10608D541
:104EE0002B685A0703D0444933480DF0E7FA2A24C7
:104EF00093E7A30608D52B685D0703D03F492E48EA
:104F00000DF0DCFA2B2488E724064DD52B685807D2
:104F100003D03B4928480DF0D1FA2C247DE7D9F87D
:104F20006C901BB1284637490DF0C8FA19F0020FF2
:104F300006D02B68590703D033491F480DF0BEFA3D
:104F400019F0010F06D02B685A0703D02F491A48D1
:104F50000DF0B4FA19F0040F3FF45FAF2B685B0754
:104F60003FF45BAF2A4914480DF0A8FA55E7CBB1DE
:104F7000284A294BE9468AB00F2CC8BF13466A4617
:104F80002649103CC2E905134FF400731384244BE7
:104F9000D46142F8103F00234FF411512846F8F72E
:104FA00097FECD46002438E7252436E723F4FF7327
:104FB00023F001033DE700BFE8EA00207FAA0400D8
:104FC00095AA040019A80400A6AA040000ED00E0B8
:104FD000BFAA0400D4AA0400EFAA040079A8040020
:104FE0006FC3040088C3040098C30400AEC3040068
:104FF000CCC30400E7C3040004C4040019C40400C3
:1050000033C4040046C4040060C4040090C4040017
:10501000BEC404001CAB040007AB0400A2AC040037
:1050200004000001B04F012000B5244BA7B01A784E
:1050300072B923494FF49273224A23480BF0B5F911
:1050400022480BF0B2F94FF492711E480BF0A4F90C
:105050005A6AD86C09929A6ACDF88CD00A92DA6AA8
:1050600020F005000B921A6B09A90C925A6B0D9255
:105070009A6B0E92DA6B0F921A6C10921A6D92075D
:105080005A6C48BF40F0040024929A6C08925A6807
:1050900000929A680192DA6802921A6903925A6938
:1050A00004929A6925900592DA691B6A0692079321
:1050B000FFF752FE27B05DF804FB00BFB04F0120A0
:1050C00025C50400F2C404002656030035C50400BB
:1050D0002DE9F041A2B005460E46174698460DF060
:1050E0006FFC70B9114B1B785BB14FF0FF324FF082
:1050F000FF330F4803F01CFA044618B16FF0830524
:1051000010E001246846FCF757FC42463946304619
:10511000289BA847054668460CF058FE14B9044879
:1051200003F0D6FA284622B0BDE8F08108680120D5
:10513000BCEC0020002300B589B0CDE9063303ABF9
:105140000493042303900593A9B10B6806934B685D
:1051500007930223111E18BF01210848CDE9002141
:1051600040F2F53104AA00F02FF80028B8BF012062
:1051700009B05DF804FB0123ECE700BF0501004026
:1051800070B5402696B006AB05460C463246002167
:1051900018460DF0EAFD4FF48072CDE90206CDE924
:1051A0000454ADF8402054B1012304AA0092002118
:1051B0000448019302AA00F007F816B070BD20461B
:1051C000FBE700BF0001004010B4B1F5004F029CA6
:1051D0000FD2042B0DD8042C0BD8240444EA03640A
:1051E000134644EA010201465DF8044B0348FFF709
:1051F0006FBF6FF080005DF8044B7047217C0000AA
:10520000054AD2F8883043F47003C2F88830BFF3FF
:105210004F8FBFF36F8F704700ED00E030B504682B
:10522000ACB1B4FA84F30122C3F11F03DBB29A409C
:1052300024EA0202D0E8EF5FA54204D1C0E8EC2FD7
:10524000BCF1000FF6D1EAD102480B7030BD024824
:10525000FCE700BF0000AD0B0200AD0B10B503680A
:10526000CB40DB0710D401238B40026843EA0201E4
:10527000D0E8EF4F944204D1C0E8EC1FBCF1000F1E
:10528000F6D1F2D1014810BD0148FCE70000AD0B9A
:105290000400AD0B014BC3F80405704700700140DA
:1052A00008B549B9074908484823084A0BF07DF872
:1052B000482106480BF070F840F00040C1F880002B
:1052C00008BD00BF015A030026560300C1C50400F3
:1052D00008B549B9074908484E23084A0BF065F854
:1052E0004E2106480BF058F840F00040C1F880000D
:1052F00008BD00BFFEC5040026560300C1C504005A
:105300000146014800F098B91CE80020F7B50646B0
:1053100068B1012836D0354935484FF48673354A8F
:105320000BF043F84FF4867132480BF035F80C223D
:105330004FF48273022130480025C0F80813012180
:1053400042F2107402F1804203F1804303F5A0435E
:1053500002F5A04211601D608E421B68264F8DF839
:10536000071008BF0DF1070546B3012E15D01F49E0
:105370001F4840F2EE43214A0BF017F840F2EE418D
:105380001E48D2E704224FF480730146D3E70BB3E3
:1053900001200DF0DBF8013C1CD0D7F80C3403F4ED
:1053A0008033002DF3D0D7F80C2402F001020FE077
:1053B00083B101200DF0CAF8013C0BD0D7F81834A6
:1053C00003F48033002DF3D0D7F8182402F0030241
:1053D0002A700BB903B0F0BD9DF807000128F9D180
:1053E0000DF0B4F8013CBFD1F4E700BF91BE04005A
:1053F0002656030002C60400005000403FC60400C9
:10540000044B1A7922B9012218601A7102487047B8
:1054100002487047245001200000AD0B0C00AD0B7A
:1054200008B50E4B1A795AB90D490E484FF4B673A8
:105430000D4A0AF0BAFF4FF4B6710B480AF0ACFF00
:105440001B6833B10520FCF7F1FB10B90520FCF710
:10545000CBFB0122054BC3F8182508BD24500120C1
:1054600073C604002656030002C604000050004024
:1054700038B5364C23795BB9354940F2C113354A0A
:1054800035480AF092FF40F2C11132480AF084FF19
:1054900058B101284FD0314940F21D232D4A2E48E2
:1054A0000AF083FF40F21D21EFE72D4BD3F81814CB
:1054B000D3F81824C90323D502F00303022B05D027
:1054C000012B02D00020FFF721FF0123244A0220F4
:1054D000C2F8183508224FF48273002103F180438B
:1054E00003F5A04319601D68012502F1804202F511
:1054F000A0421560226812B3194BC3F804030FE0F1
:10550000D3F81424D207E0D5D3F81C2402F0030208
:10551000013A012AD6D822681AB10222C3F804231C
:1055200038BDD3F80421002AFBD00022C3F804219F
:10553000D3F80431F4E700224FF48073CDE71A6802
:10554000002AFCD019601B68EAE700BF2450012044
:1055500073C6040002C604002656030091BE040070
:105560000050004008B5094B1B795BB90849094850
:1055700040F23723084A0AF018FF40F23721064864
:105580000AF00AFFBDE80840FFF7C0BE2450012022
:1055900073C604002656030002C60400F8B50126AF
:1055A000204C214FD4F8045305B9F8BDB5FA85F065
:1055B000C0F11F00830003F580739BB203F18043A9
:1055C00003F5A04306FA00F21968D2B225EA0205F3
:1055D0000029E9D00021012A19601B68C4F80823BA
:1055E0001BD0022A0DD1D4F81834D4F8183403F0A3
:1055F0000303012B11D1C4F81825C4F80423A360B8
:10560000D2E70A490A484FF46F730A4A0AF0CDFEFE
:105610004FF46F7107480AF0BFFE3B68C0B298476D
:10562000C2E700BF005000402450012091BE04009A
:105630002656030002C604000079024B03EB00105B
:10564000FFF7ECBD24E8002008B5026801461046CB
:105650000CF089FF58B90E4940F2CA330D4A0E4882
:105660000AF0A3FE40F2CA310A480AF095FE02F0A1
:105670001F0352090B6009D0084940F2D333054A91
:1056800005480AF092FE40F2D331EDE7044808BD28
:105690003DB604000AB604002656030091BE04007D
:1056A00000258440072808B50BD90849084840F26E
:1056B000D133084A0AF079FE40F2D13105480AF0A8
:1056C0006BFE800000F5807008BD00BFC6C60400F8
:1056D0002656030091C6040070B5C3B20C4C0833C3
:1056E00034F813300546DA050E4607D5C3F34323D5
:1056F00004EBC302526854F833309847A3682BB1C7
:1057000031462846E268BDE87040184770BD00BFCA
:105710002C500120034BC0B2083033F81000C0F306
:10572000400070472C500120034BC0B2083033F8C2
:105730001000C0F3401070472C500120024611F0B9
:10574000010004D003490B6A13600B6203B9002007
:10575000704700BF0025844010B5194AC0B2083018
:1057600032F81030D9051DD5C3F3432123F4F85383
:1057700022F81030002002F10E0434F8023F13F436
:10578000807F03D0C3F3432399420BD001302028FC
:10579000F3D100230B4842F83130FFF75FFD0A4B8D
:1057A000984200D110BD0949094840F2EB13094A5B
:1057B0000AF0FBFD40F2EB1106480AF0EDFD00BFD8
:1057C0002C500120845001200000AD0B8CB6040049
:1057D00026560300D0C604002DE9F84300240746EE
:1057E00025464FF00108A146CEB2B4420DD1124B6E
:1057F000D3F87C2132B10022C3F87C21D3F87C316C
:1058000045F000452846BDE8F8832046FFF74AFFEB
:10581000A0F58072920808FA02F2174209D000F14E
:10582000804303F54433196819B1C3F800901B682D
:1058300015430134E4B2D8E70010034010B5044624
:1058400008460A46FFF770FFC0B10846FFF762FF3F
:10585000A0B90D4BCAB2083233F812200123520B03
:1058600021689340C1F80833236803EB8203D3F81F
:10587000102522F00302C3F8102510BD0021BDE859
:10588000104010460CF0C6BE2C500120F7B51A4E41
:10589000CDB2083536F815300746DB070C4628D55B
:1058A000FFF7CCFF2046FFF73FFF50B136F8152039
:1058B0003B68520B03EB82030022C3F81025C3F8A8
:1058C00010252046FFF748FF002301A826F81530D1
:1058D0000194FFF7B9FE019B00EB8300D0F8002292
:1058E000064B134043F00203C0F80032044803B0F3
:1058F000F0BD0448FBE700BF2C500120F0F8FCFF8E
:105900000000AD0B0400AD0B2DE9FF410C46116802
:1059100006461546E1B120460CF08BFE08BB0B464F
:10592000CDE900008DF80E008DF80F000DF10F028B
:105930000DF10E0120460CF020FE4A49E3B2083377
:1059400031F8132022F0020242F0010221F8132064
:105950006B687BB320461A785968FFF7DBFE10B1FD
:10596000E9B1414829E03F4FE0B2083037F8103044
:1059700023F02003DB04DB0C27F8103079B1032A75
:10598000EFD86968D1F804E031689EF800C0E646B7
:1059900001EB8C01A2B9C1F81025C1F810253148DE
:1059A000E3B2083330F8131021F01C0141EA8202FF
:1059B00020F81320AB6853BB2C4804B0BDE8F0813D
:1059C000D1F8108543EA4C3328F00308C1F810855C
:1059D000366843F0200306EB8C06D6F8101527F83E
:1059E000103021F4473121F44071C6F8101521021E
:1059F000D6F810E501F4F85141EA024141EA0E01FE
:105A0000C6F8101507EB4C01A1F85C40C7E720462B
:105A1000D3E90067FFF7A0FE002ECDD0114DD5E9E8
:105A20000023964203D19F4201D1002209E0104891
:105A30000DF10F01FFF7F2FB0C4B9842BDD19DF821
:105A40000F20E4B205EBC20308345F6035F8143070
:105A500045F8326043EA422343F4807325F814305A
:105A6000AAE700BF2C5001200400AD0B0000AD0BD5
:105A7000845001202DE9FF4107460C461E4632B3F3
:105A80000846FFF747FE18B90846FFF74DFE20BB52
:105A9000DFF8D480E5B2083538F8153013F01C0F64
:105AA00002D05378012B18D001238DF80F3000233A
:105AB0002046CDE900230DF10F01931C01320CF0BB
:105AC0005CFD38F8153043F0030328F81530002E3C
:105AD00046D02046FFF71EFE18B9224804B0BDE8A4
:105AE000F081002296F800E03B681F4DE1B203EB25
:105AF0008E030831C3F81025C3F8102535F811209E
:105B00004FEA8E0822F02002D204D20C25F8112090
:105B100096F801C0BCF1000F22D03868B678404436
:105B2000D0F810354FEA0C4C23F4981323F4F853B3
:105B3000C0F81035230203F4F8530CF4403C36054A
:105B4000D0F8107543EA0C0306F48016334342EA9A
:105B50004E323B4342F02002C0F8103525F81120A8
:105B60000248BBE70400AD0B2C5001200000AD0B38
:105B7000014BC3E9021270472C50012008B55AB9F5
:105B80000D490E4840F24D330D4A0AF00EFC40F22A
:105B90004D310B480AF000FC0846FFF7C5FD40B147
:105BA000084BC9B2083133F8113007485B0B13704A
:105BB00008BD0648FCE700BF4DC704002656030099
:105BC000D0C604002C5001200000AD0B0400AD0B2A
:105BD000F8B51E4B026805469A420BD01C491D4879
:105BE00040F25E331C4A0AF0E0FB40F25E311A4894
:105BF0000AF0D2FB194E96F86C402CBB2746402287
:105C0000214606F110000DF0B0F82D68E0B2FFF764
:105C100049FDA0F580739B081F2B08BF2F5004F18E
:105C2000010408BF2B58082CF0D1002345F307309E
:105C3000C5F87C31D5F87C31FBF7D6FF0123084845
:105C400086F86C30B365F8BD0648FCE700100340E9
:105C500057C7040026560300D0C604002C5001206C
:105C60000000AD0B0C00AD0B034B93F86C0000383B
:105C700018BF0120704700BF2C5001200079024B53
:105C800003EB8000FFF7EABA34E800200079024B0A
:105C900003EB8000FFF7C2BA34E800202DE9F3419E
:105CA000CBB21646324A083332F813200C4612F0B3
:105CB0001C0F0546C2F382010BD12E4940F253431B
:105CC0002D4A2E480AF071FB40F253412A480AF04F
:105CD00063FB2046FFF728FD2F68E8B12046FFF759
:105CE00019FD8046C0B9540B2046FFF7DBFC47F88E
:105CF00000803B582B6803EB8403D3F8102542F057
:105D00000102C3F8102526B101232A68A340C2F876
:105D1000043302B0BDE8F081D7F80433002BA4BFF0
:105D20004FF00043C7F804334EB9154940F26D43B4
:105D3000114A12480AF039FB40F26D41C6E70429C6
:105D400011D0052911D001A80194FFF77DFC019A1B
:105D50000369D34003F00103991C204602B0BDE85B
:105D6000F0410CF057BC0321F7E70221F5E700BF33
:105D70002C5001202CC70400D0C604002656030076
:105D80008EC704002DE9F74F4F4F0821D7F80403C1
:105D9000C0B240F00040FFF71FFD051E15DA0023DA
:105DA0000121684600934FF00108FFF7C7FC0099F6
:105DB00091B94FF00040FFF70FFD01216846FFF752
:105DC000BDFC0028F3D125F0004501243F4E002DF5
:105DD00065D103B0BDE8F08F91FAA1F4B4FA84F470
:105DE0003A4AE00804F1080332F813A004F007016E
:105DF0001DF8002008FA01F122EA01020DF8002046
:105E000001A80194FFF720FC019A4FEA9A09803219
:105E100050F82260CAF3820B19F0040FDA46C6F379
:105E2000014621D059462046FFF756FC01A80194AF
:105E3000FFF70AFC019BF6B2803350F82330C3F31E
:105E400001439E4207D1002120460CF0E3FB31467E
:105E500020460CF0DFFB01A80194FFF7F5FB019B46
:105E600008FA03F30362A2E7022E0CD103212046B5
:105E70000CF0D0FB0BF00503012BECD15146204672
:105E8000FFF72AFCE7E7022120460CF0C3FBBBF139
:105E9000030FF3D0032EDED1BBF1020FEDE795FA2D
:105EA000A5F3B3FA83F304FA03F225EA020503F536
:105EB000A27257F8221006EB4303B3F85C00C1F35B
:105EC0000141FFF709FC82E7001003402C5001203C
:105ED00070B516460D4649B90B490C4837230C4A94
:105EE0000AF063FA37210A480AF056FA094C237976
:105EF00043B92A20FBF778FE012307482371256068
:105F0000A66070BD0548FCE7A4B604002656030051
:105F100099C704009C5001200000AD0B0C00AD0B94
:105F200038B548B918494A23184A19480AF03DFAC1
:105F30004A2116480AF030FA164B1B79012B07D07C
:105F400015494B23114A12480AF02FFA4B21F0E76A
:105F50000023124A50F8234003F5A2710133082BA5
:105F600042F82140F6D100230C4A00F11C0103F550
:105F7000B27451F8045F0133082B42F82450F6D173
:105F8000036CC2F8043338BDD4C7040099C70400B9
:105F9000265603009C500120DDC7040000A00240EB
:105FA00070B51C4E3379012B09D01B491B485F2368
:105FB0001B4A0AF0FAF95F2119480AF0EDF90024AA
:105FC000184D2A20C5F81045C5F81445C5F81845E0
:105FD000C5F81C45C5F82045C5F82445C5F8284531
:105FE000C5F82C45C5F89045C5F89445C5F89845C1
:105FF000C5F89C45C5F8A045C5F8A445C5F8A84511
:10600000C5F8AC45FBF7FEFD4FF0FF33C5F808338C
:10601000347170BD9C500120DDC70400265603007A
:1060200099C7040000A0024008B5094B1B79012B59
:1060300009D0084908487A23084A0AF0B6F97A21B3
:1060400006480AF0A9F9064A8340C2F8043308BD9D
:106050009C500120DDC704002656030099C70400A8
:1060600000A0024008B5094B1B79012B09D0084953
:1060700008488223084A0AF098F9822106480AF063
:106080008BF9064A8340C2F8083308BD9C500120B2
:10609000DDC704002656030099C7040000A0024093
:1060A000F8B501260027124B124DD3F80C4304B962
:1060B000F8BD94FAA4F0B0FA80F006FA00F30728CD
:1060C00024EA03040BDD0C490C4840F217230C4A68
:1060D0000AF06BF940F2172109480AF05DF9094B03
:1060E00082009F502B68002BE1D0A9689847DEE71B
:1060F00000A002409C500120C6C6040026560300A2
:1061000006C8040000A10240044AD2F80834DB07A4
:10611000FBD50160BFF35F8F704700BF0090034065
:10612000B0F5801F08B50BD31049114840F2071392
:10613000104A0AF03AF940F207110E480AF02CF919
:10614000C0F30B037BB902220B4BC3F884254FF03D
:10615000FF320260D3F80024D207FBD500220748A3
:10616000C3F8842508BD0648FCE700BF94C80400B6
:106170002656030038C80400009003400000AD0B11
:106180000A00AD0BB0F5801F38B50BD3104940F2B3
:106190009513104A10480AF008F940F295110D487D
:1061A0000AF0FAF810F0030409D00C494FF4CB734D
:1061B000084A09480AF0F9F84FF4CB71EFE70123D8
:1061C000074DC5F88435FFF79FFFC5F8844538BDF6
:1061D000AEC8040038C8040026560300C8C804002E
:1061E0000090034037B50125074C4FF4FA70656104
:1061F0000CF042F900236361019325612369019347
:10620000019B03B030BD00BF0056004030B5036AAB
:1062100087B08DF808300A4B03AC019093E8070073
:1062200084E8070001A80CF02CFA38B9054654F8A8
:10623000043B984710B90135032DF8D107B030BDA4
:10624000B8480300034BD3E8EF2FC3E8E10F002960
:10625000F9D17047A850012038B50546002850D024
:10626000436A002B50D0836A002B4DD00124294B68
:10627000D3E8EF2F002A03D1C3E8E14F0029F7D17B
:1062800045D1686A00F04EF8FEF7C4F9224BC820E9
:106290009C660CF0F1F82846FFF7B8FF044640B9B9
:1062A00001221D4B0220DA66FFF7CCFF00242046B6
:1062B00038BDFFF797FF002C11DBAB6A20469847EB
:1062C000164B9C421AD013DCA4F18864033C012CC9
:1062D00011D82846FFF79AFF04460028E0D0012293
:1062E0000D4BDA66FEF7AEF90020FFF7ABFFDEE7F5
:1062F0000B4B9C42EDD06FF00404F0E76FF00A0402
:10630000EDE76FF00D04D2E76FF01504CFE74FF023
:10631000FF34CCE7A85001200050004005004004A5
:1063200001005005014B1860704700BFAC500120C0
:1063300007B5044BCDE900011B686846984703B0D8
:106340005DF804FBAC500120014B1870704700BF92
:1063500001680120024B1878431E5842584170478B
:106360000168012070B503680446033BDBB2072BCC
:1063700003D8094A52F823502DB9A06858B1BDE896
:10638000704000F017B80CF0C0F921682B46BDE84A
:106390007040090C184770BD68530300014B5B69DE
:1063A000184700BF38E80020014B1B68184700BFA2
:1063B00038E80020014B1B69184700BF38E800206F
:1063C000014B9B68184700BF38E80020014B186854
:1063D000704700BFB0500120002230B50B4B196848
:1063E0000C6894420FD001EBC2039D68A8420BD108
:1063F0004FF003020433D3E8CF1F002903D1C3E8D1
:10640000C02F0028F7D130BD0132EAE7D05001207B
:106410002DE9F041002406460F462046DFF854805F
:106420003368A34201D8BDE8F08106EBC4056B6870
:10643000DBB2012B16D16A68B8F80030B3EB124F0B
:1064400010D1022FA8680FD1FFF78CFF01206B68D5
:1064500023F0FF0343F003036B60B8F8003001330F
:10646000A8F800300134DBE70168090C0CF0FDF8F6
:10647000ECE700BF3652012010B5074C02216068DE
:10648000FFF7C6FF0028F9D101212068FFF7C0FF00
:106490000028F3D110BD00BFD850012070B50728E7
:1064A00060D8DFE800F00B5F475F435F3C0401F01A
:1064B00061FA0320BDE87040FEF782B803202A4B42
:1064C000D3F81446D3F81866284B1D781870EDB22F
:1064D000FFF73AFF012D10D1254B264A9C4212D0DE
:1064E000230C1B04B3F1886F0DD0A4F58033203B3F
:1064F000022B0FD96FF0040313603146C4F30B0075
:10650000FFF716FF00E014601B4B1868FDF75CFFF7
:106510000020CFE7194931F913301360F4E7002464
:10652000124B20461C70FFF70FFFEDE7FFF7A4FFAB
:106530000220BFE70D4B1A78012AD0B20ED1104AC3
:106540001168104A8C6854604968116002221A7000
:10655000FFF7FAFE084B1868FDF736FFFFF78CFFD0
:106560000120A7E770BD00BF00A002400368012022
:1065700001005005D4500120C0500120CC5503002B
:10658000BC500120D85001200A23F7B54FF47A758A
:106590000C4E0D4F0193316838680CF091F80446A9
:1065A00040B90BF06BFF40B9012001A9FDF716FEC1
:1065B0006E30F0D1204603B0F0BD019868430BF077
:1065C0005BFFE8E7C4500120CC500120054B1B784D
:1065D0002BB9054B1968054B18680CF071B80020F1
:1065E000704700BF02680120C8500120D050012030
:1065F000642270B5164B1B68C31A9BB2B3FBF2F34F
:10660000426822F0FF0242F0020242601148124A40
:106610000168D2E8DF4F651CC2E8D65F002EF8D1D2
:1066200001EBC3014A6892B242EA04424A6002683E
:10663000032002EBC302536823F0FF0343F001037E
:1066400053600BF019FF0122044BDA6070BD00BFEC
:10665000C8500120D05001203852012000A0024033
:106660002DE9F04F95B038220021064603A80CF022
:106670007CFB02230493082306932023089304231E
:106680000D93102340250F9380230122CDE9115350
:10669000D52300215A480B921393FDF75FFE054660
:1066A000002840F0A980024656493079FFF710FCD7
:1066B00003A8FFF735FC34686268B2F5E56F40F077
:1066C00098806169E3680B44E16903F5E5630B4475
:1066D000B3F5003F00F28D80206829460CF045FBA1
:1066E00033681C68D3F81C9004F1E802009204F5AA
:1066F0008162019204F16007434A04F1A40804F1A5
:10670000200BB9F1000F5ED1C2F800B000254FF0A8
:10671000010A2570657084F802A0E5703368404670
:106720001B69636033685B69C4F814B0A360374BBE
:10673000C4F81890C3F80080354BE7601F60082349
:10674000C4F8108084F8A43088F8015088F802500A
:1067500088F8035084F860307D70BD70FD700BF0D8
:1067600092FF38460BF08FFF019A2A4B31681A606E
:10677000009A294BC8681A60284B294E186008698E
:10678000496958609960274B2749C3F81046C3F8F8
:106790001456264B264C1D80264B86F800A01D80E3
:1067A000254B029525601D611B690293029B144BCA
:1067B0001868FDF72FFE98B103236FF07304337050
:1067C000FFF7EEFB11E09B6904F140096364336855
:1067D0004846DB69C2F800B0236401F0A3F895E7EE
:1067E0002468002CECD1154B1C70204615B0BDE878
:1067F000F08F6FF01504E3E76FF02D04F5E700BFAD
:10680000C05001209D640200BC500120D0500120E6
:10681000CC500120C8500120C4500120B0500120AC
:106820000368012000A00240F04902003852012014
:10683000D450012036520120005600400268012049
:10684000642270B5164B1B68C31A9BB2B3FBF2F3FC
:10685000426822F0FF0242F0010242601148124AEF
:106860000168D2E8DF4F651CC2E8D65F002EF8D180
:1068700001EBC3014A6892B242EA04424A600268EC
:10688000032002EBC302536823F0FF0343F001032C
:1068900053600BF0F1FD0122044B5A6070BD00BF44
:1068A000C4500120CC5001203852012000A00240E9
:1068B00010B5FFF769FE01240022032104708170E6
:1068C0004270C270FFF7BCFF054B1C700BF0EEFE70
:1068D000BDE81040034B47F230511868FDF79ABDF0
:1068E00002680120C050012038B50A4B04461B78CD
:1068F000022BDDB20DD1FFF747FE50B1002201217E
:106900008460017042708570C270BDE83840FFF746
:1069100097BF38BD03680120034A126812B10028EE
:1069200000DB1047704700BFEC5001202DE9F74312
:10693000002581460F461048294690461E46019381
:1069400006F0F6FD041E11DB013420460BF008FFB3
:10695000C9F8000068B1334642462146019606F068
:10696000E7FD28463C6003B0BDE8F0836FF01500FA
:10697000F9E76FF00B00F6E70C49030010B50E4B7A
:1069800004461B68A3B1E2F775F9082810D9237AE9
:106990003F2B0DD009490822204606F09DFC0146F8
:1069A00030B904F108000A22BDE8104006F0B6BD77
:1069B0004FF0FF3010BD00BFEC500120F1C80400C3
:1069C000F7B504460F460420002116461D460BF07D
:1069D0009EFE024638B914B120460BF0C3FE6FF09C
:1069E0000B0003B0F0BD00206FF0580314600D4C95
:1069F000137350739073D073207031460320576027
:106A00000BF0A5FE4FF0FF3301932378AB4201D189
:106A10000020E6E7022001A9FDF7E0FB0028F4D002
:106A2000DFE700BF04680120F8B5054600240F4FDA
:106A300057F8046B284631460CF075FB28B9013431
:106A4000042CF5D14FF480300DE06CB1A31E012B66
:106A5000F8D83046E2F70EF90A220021284406F061
:106A6000E1FC40EA0440F8BD2046FCE788530300FF
:106A7000014B186000207047F0500120014B186056
:106A8000704700BFEC5001200FB42DE9FF410A9C74
:106A9000FFF760FC00284AD0002C4BD0284E294F2D
:106AA00031683868FDF74CFD002846D1264D316825
:106AB0002868FDF7AFFC002836D122460BAB03A9AE
:106AC00002A80193FFF732FF044658B12868FDF78A
:106AD0007BFC3868FDF70EFD204604B0BDE8F041B0
:106AE00004B07047029C2046FFF748FF0223064689
:106AF000012220460399FFF763FF04460028E5D1F1
:106B0000DFF84880D8F80000FFF78EFF0446D8F879
:106B100000000BF023FE2868FDF756FC002CD8D1AE
:106B20003046FFF7F9FED4E76FF00A04D1E74FF0E3
:106B3000FF34D1E76FF00D04CEE76FF00A04CBE726
:106B400004510120FC50012000510120F45001208B
:106B50000CB42DE9F04F8BB007460E46149CFFF79E
:106B6000F9FB002800F0C380002F00F0C380002C48
:106B700000F0C080002E00F0C080DFF89C81624BE6
:106B8000D8F800101868FDF7DBFC002840F0B8804A
:106B90005E4DD8F800102868FDF73CFC002840F056
:106BA000A380224615AB09A908A80793FFF7BEFEEC
:106BB000044618B12868FDF707FC3CE0DDE90883CE
:106BC0000393534B1C68002C5AD0C246DDF80C903E
:106BD000CDF804809AF80030202B36D0093B042BE6
:106BE00033D90C224FF0000B4A4BCDF808B01B688C
:106BF00002FB03430493049B9C422ED1029B002B77
:106C00003ED02868FDF7E0FB019A114611F8013BE0
:106C1000202B0191F8D0093B042BF5D93146384699
:106C2000029B9847044618B93846FFF7FDFE044614
:106C300040460BF097FD344B1868FDF75BFC20468F
:106C40000BB0BDE8F04F02B07047B9F1000FC8D0EB
:106C50000AF1010A09F1FF39BCE7A3685B450DD9C8
:106C60004B451A46504628BF4A462168059306F010
:106C700033FB18B963680293059B9B460C34BAE753
:106C80004046FFF77BFE02238146012240460399DE
:106C9000FFF796FE044600288CD1DFF88080384646
:106CA000D8E9004AB2455246214628BF32460CF088
:106CB00035F8B245204607D90BF050FD2868FDF79E
:106CC00083FB6FF00604B6E7FFF7AEFE0446D8F884
:106CD00000000BF043FD2868FDF776FB002CAAD1DD
:106CE0004846FFF719FEA6E76FF00A04A3E74FF046
:106CF000FF34A4E76FF00D04A1E76FF015049EE7E1
:106D00006FF00A049BE700BFFC50012000510120F6
:106D1000E4500120E050012004510120F4500120F2
:106D20000EB42DE9F343DDF824808146FFF712FB12
:106D300000285FD0B9F1000F5FD0B8F1000F5CD030
:106D4000314C324F21683868FDF7FAFB002857D1E3
:106D50002F4E21683068FDF75DFB002847D148467B
:106D6000E1F788FF451C28460BF0FAFC044668B999
:106D70003068FDF729FB6FF00B043868FDF7BAFBAC
:106D8000204602B0BDE8F04303B0704749462A46AA
:106D90000CF0AAF92046FFF7F1FD022381460122FB
:106DA00020462946FFF70CFE044618B13068FDF76F
:106DB0000BFBE2E7174B30681D68FDF705FBB9F1E7
:106DC000000F06DB2846FFF72FFE10B94846FFF7F5
:106DD000A3FD0AAA41462846019206F0DBFB041EE9
:106DE000284608BF6FF04C040BF0B8FCC5E76FF005
:106DF0000A04C2E74FF0FF34C2E76FF00D04BFE7AB
:106E00006FF00A04BCE700BF04510120FC500120D0
:106E100000510120F450012038B5C3680446A72B67
:106E200001D0206810E0032907D0042926D00229C8
:106E300002D10122154B1A7038BD144B00681A7824
:106E4000022A05D10028F7D0BDE838400BF086BCF7
:106E50000F4D2A6862B12B689847002320682B6089
:106E60000BF07CFC0B4B1868BDE83840FDF7ACBA62
:106E7000094A1060616851600222DCE7074B1B6819
:106E8000002BCED000689847CBE700BF04680120F4
:106E9000E850012000510120F4500120F050012061
:106EA000012210B511460B48FDF758FA70B90A488F
:106EB000FDF7F0FA014648B94FF0FF32074B1A6070
:106EC000BDE8104001230522FFF77ABD6FF02D00C9
:106ED00010BD00BF00510120FC50012004510120D1
:106EE00018B1034B1860002070476FF00D00704719
:106EF0000851012008B5FFF72DFA78B10C4B1B683B
:106F00007BB1002101200BF002FC024660B10A2097
:106F100043F201010BF01BFC002008BD4FF0FF30D5
:106F2000FBE76FF00D00F8E76FF00B00F5E700BF2F
:106F30000851012010B50446FFF70CFA80B10D4B43
:106F40001B6883B1002101200BF0E1FB024668B110
:106F5000047343F220010A200BF0F9FB002010BD5E
:106F60004FF0FF30FBE76FF00D00F8E76FF00B001C
:106F7000F5E700BF0851012008B5FFF7EBF978B13C
:106F80000C4B1B687BB1002108460BF0C0FB02468E
:106F900060B10A2043F222010BF0D9FB002008BDAA
:106FA0004FF0FF30FBE76FF00D00F8E76FF00B00DC
:106FB000F5E700BF0851012008B5FFF7CBF978B11C
:106FC0000C4B1B687BB1002101200BF0A0FB02469B
:106FD00060B10A2043F216010BF0B9FB002008BD96
:106FE0004FF0FF30FBE76FF00D00F8E76FF00B009C
:106FF000F5E700BF0851012010B50446FFF7AAF9D4
:1070000090B3A4B31D4B1B688BB3002128200BF059
:107010007EFB024670B3A3684361D4E90013C160EC
:107020000361237C43F206010377238B8384E368A7
:107030008361E369836294F9163080F82230637CBF
:107040004377A37C8377A38A0384638CC38594F8F6
:10705000213080F82D3094F8203080F82C300A2030
:107060000BF075FB002010BD4FF0FF30FBE76FF019
:107070000D00F8E76FF00B00F5E700BF08510120A5
:1070800038B50546FFF766F990B3A5B31D4B1B68ED
:107090008BB32820696A0BF03AFB044670B3AB68E7
:1070A0004361D5E90023C26003612B7C037695F927
:1070B000113043766B8A4383EB6803626B69C3616B
:1070C000002380F82E30AB691A6842625A688262E7
:1070D0001B898385296A19B16A6A00680BF01EFE54
:1070E0000A20224643F20C010BF031FB002038BD90
:1070F0004FF0FF30FBE76FF00D00F8E76FF00B008B
:10710000F5E700BF0851012070B50546FFF722F9E9
:1071100000285CD0002D5DD0304B1B68002B59D06F
:107120002F4E33683BB132686B6A516899420DD279
:107130006FF006004AE04FF42F7128200BF0E7FAB9
:1071400030600028EFD16FF00B003FE04FF0FF33CD
:1071500043F20C01137153719371D3711372537213
:107160009372D3720B200BF0F2FAAB683468636150
:10717000D5E90023E26023612B7C237695F9113059
:1071800063766B8A6383EB6823626B69E3612B7FB1
:1071900084F82E30AB691A6862625A68A2621B8951
:1071A0002822A385002322726372A372E372296AE4
:1071B00019B16A6A20680BF0B1FD6B6A4FF42F7148
:1071C000282063600BF0A3FA3060002070BD4FF000
:1071D000FF30FBE76FF00D00F8E700BF085101201A
:1071E0000C51012038B50546FFF7B4F8002862D0ED
:1071F000002D63D0344B1B68002B5FD05020696A90
:107200000BF085FA044600285BD0AB684361D5E9F2
:107210000023C26003612B7C037695F9113043761D
:107220006B8A4383EB6803626B69C361002380F858
:107230002E30AB691A6842625A6882621B89838564
:10724000296A19B16A6A00680BF068FD2B6B0A2085
:10725000E363D5E90A236263A36395F838302246D5
:1072600084F84430B5F8403043F21B01A4F84C30A8
:107270006B6B23646B6C236595F93E3084F84A3060
:1072800095F8393084F8453095F83A3084F846302E
:10729000AB8FA4F84830B5F84A30A4F8563095F8CA
:1072A000493084F8553095F8483084F854300BF064
:1072B0004EFA002038BD4FF0FF30FBE76FF00D00B5
:1072C000F8E76FF00B00F5E70851012010B5044610
:1072D000FFF740F8E0B1F4B1124B1B68DBB10021BD
:1072E00018200BF014FA0246C0B1A3684361D4E938
:1072F0000013C1600361A38943F2030183832369FF
:107300008361237D83770A200BF021FA002010BDD2
:107310004FF0FF30FBE76FF00D00F8E76FF00B0068
:10732000F5E700BF0851012010B50446FFF712F839
:10733000B0B1C4B10F4B1B68ABB1002108200BF0FA
:10734000E6F9024690B1237843F20E0103736378A5
:107350004373636803610A200BF0F9F9002010BD44
:107360004FF0FF30FBE76FF00D00F8E76FF00B0018
:10737000F5E700BF0851012010B50446FEF7EAFF0B
:10738000C0B1D4B1104B1B68BBB1002110200BF071
:10739000BEF90246A0B1A3684361237B0376D4E91A
:1073A0000013C160036143F21C010A200BF0CFF906
:1073B000002010BD4FF0FF30FBE76FF00D00F8E745
:1073C0006FF00B00F5E700BF0851012008B5FEF78C
:1073D000C1FF78B10C4B1B687BB1002101200BF081
:1073E00096F9024660B10A2043F212010BF0AFF9A0
:1073F000002008BD4FF0FF30FBE76FF00D00F8E70D
:107400006FF00B00F5E700BF0851012010B50446EE
:10741000FEF7A0FF80B10D4B1B6883B10021042053
:107420000BF075F9024668B1C46043F21E010A20F0
:107430000BF08DF9002010BD4FF0FF30FBE76FF02F
:107440000D00F8E76FF00B00F5E700BF08510120D1
:1074500008B5FEF77FFF78B10C4B1B687BB10021AC
:1074600001200BF054F9024660B10A2043F22401D6
:107470000BF06DF9002008BD4FF0FF30FBE76FF017
:107480000D00F8E76FF00B00F5E700BF0851012091
:1074900008B5FEF75FFF78B10C4B1B687BB100218C
:1074A00001200BF034F9024660B10A2043F22601B4
:1074B0000BF04DF9002008BD4FF0FF30FBE76FF0F7
:1074C0000D00F8E76FF00B00F5E700BF0851012051
:1074D00043F2270330B5994204468DB030D843F2C9
:1074E0000103994231D9A1F54051023925292CD8FF
:1074F000DFE811F02D002B00D90108012B00D90184
:10750000280168019301B8012B00D9012B008F00DD
:107510002B00F0002B00FA012B002B002B00DB00CE
:107520002B0056002B002B002B00F7002B00F00146
:107530002B0069002B0088002B0096002B00C00058
:1075400043F60423994200F0D6810DB030BD3022BD
:10755000002168460BF009FCE2682369CDE90223AB
:10756000627D237D43EA0223ADF81030E27DA37DE6
:1075700043EA0223ADF81230627E237E43EA0223FF
:10758000ADF81430A37EE27E43EA0223ADF8163054
:10759000D44B68461B6898472068002862D1D4E71E
:1075A0003022002168460BF0E0FB01238DF800300B
:1075B000E2682369CDE90223237D627D43EA022349
:1075C000ADF81030F9E03022002168460BF0CDFB19
:1075D00004238DF80030E2682369CDE90223627D3F
:1075E000237D43EA0223ADF81030E27DA37D43EA18
:1075F0000223ADF81230237E627E43EA0223ADF807
:107600001430DAE03022002168460BF0AEFB05238F
:10761000CCE73022002168460BF0A7FB0223D8E715
:1076200030220568002168460BF09FFB0F238DF880
:107630000030E2682369CDE90223627D237D43EABD
:107640000223ADF81030A3690593A64B1A6815B94B
:107650006846904779E715F8021B6846CDE906159C
:10766000904720680BF07AF8002323706370A370B2
:10767000E3706AE705683022002168460BF075FB6D
:1076800010238DF80030E26823696846CDE90223B3
:10769000237D627D059543EA0223ADF81030914BBE
:1076A0001B689847002DDCD14FE730220021684647
:1076B0000BF05BFB0E238DF80030E2682369CDE907
:1076C0000223237D627D43EA0223ADF81030236854
:1076D00005935DE73022002168460BF046FB11233D
:1076E00064E73022002168460BF03FFB03238DF84E
:1076F0000030E2682369CDE90223A3690493237D66
:10770000627D7AE73022002168460BF02EFB0823C9
:107710008DF80030E2682369CDE90223E369049320
:107720006269A369CDE9062394F8203094F82120FA
:1077300043EA0223ADF820306368ADF822302368B5
:10774000099325E73022002168460BF00EFB092340
:107750008DF80030E2682369CDE902236269A369EC
:10776000CDE90423E369069394F821308DF81C30A9
:1077700094F820308DF81D3094F8232094F82230AE
:1077800043EA0223ADF8283094F8252094F82430F9
:1077900043EA0223ADF82A3094F8263094F82720E3
:1077A00043EA0223ADF82C30A36ACDF81E30E36A19
:1077B000CDF82230238EADF826304A4B68461B6840
:1077C0009847C2E63022002168460BF0CEFA0A2321
:1077D0008DF80030E2682369CDE902236269A3696C
:1077E000CDE90423E369069394F8212094F820302E
:1077F00043EA0223ADF81C3094F8232094F8223099
:1078000043EA0223ADF81E3094F8243094F8252082
:1078100043EA0223ADF82030CFE73022002168464A
:107820000BF0A3FA0B238DF80030E2682369CDE951
:10783000022363690493627E237E43EA0223ADF848
:107840001430E27EA37E43EA0223ADF81630237F94
:10785000627F43EA0223ADF8183023680793636818
:10786000089395E63022002168460BF07EFA0C233F
:107870008DF80030E2682369CDE90223636904933F
:10788000627E237E43EA0223ADF81430A37EE27EBB
:1078900043EA0223ADF81630237F627F43EA0223D6
:1078A000ADF8183089E73022002168460BF05DFA08
:1078B00006238DF80030E2682369CDE90223A3692D
:1078C0000493627D237D43EA0223ADF81430A37D47
:1078D000E27DDDE73022002168460BF046FA0723FF
:1078E00005E700BF085101203022002168460BF057
:1078F0003CFA0D235AE63022002168460BF035FA97
:10790000122353E608B54FF42F7128200AF0FFFE2A
:10791000034B002818600CBF6FF00B00002008BD5F
:107920000C51012000210122074B1970074B1A70DE
:10793000074B1970074B1960074B1960074B18600C
:107940000748FCF70BBD00BF056801200768012050
:1079500006680120145101201851012028510120EE
:1079600010510120024B186808B1FCF72DBD70477B
:107970001051012070B4284B1B68196958691A7C92
:1079800000221A745C7C5A749C7C9A74DC7CDA74D5
:107990001C7D1A755C7D5A759C7D03299A75DC7D6A
:1079A000DA7529D0042929D001290FD185681B4E09
:1079B000954210D11A7A012100221972597A5A720D
:1079C000997A9A72DA7A6FF05F02DA72144B70BCAD
:1079D0001868FCF7F9BC911C00EB81014C68217818
:1079E000622907D0633918BF0121490046F82140B8
:1079F0000132DDE70121F9E7187ADEE7187A19721A
:107A0000597A5A72997A9A72DA7A6FF05F02DA7258
:107A10000122044B1A70D9E7285101201C51012082
:107A2000105101200668012008B50A4A0A4B93420A
:107A30000ED90A4919230A4A0A4808F0B6FC0A482E
:107A400008F0B3FC1921064808F0A6FC2433EEE741
:107A5000FCD308BD743D0300C03C030042C90400D0
:107A60001FC904002656030050900400034A044B2B
:107A7000026024209B1AB3FBF0F07047C03C030067
:107A8000743D0300014B9868983070472C510120D9
:107A900010B50446F5F7AAFE054803685B0703D056
:107AA0000121044A09F037F920460AF0A2FE00BF7E
:107AB000E8EA00205AC904002DE9F04704460D46C3
:107AC00000AFEFF31189202383F31288BFF36F8F88
:107AD000DFF800813A4AD8F80030966859076BD031
:107AE000042898BF374BEA468AB0117C98BF53F8F8
:107AF00020306A4688BF344BC2E9073140F2013377
:107B000032489384324BC2E9050442F8103F002307
:107B10004FF431512F48F6F7DBF8D54665B1EB69E4
:107B2000D8F80020C3F3080333B152071ED0012157
:107B3000294A284809F0EFF8D8F800305B0715D03B
:107B40003EBB2648E8468AB06A46254BD061C2E96A
:107B5000053640F201331384224B42F8103F0023D4
:107B60004FF411511B48F6F7B3F8C5462946204695
:107B7000FFF78EFF042C15D11B4987231B4A1C4895
:107B800008F013FC1B4808F010FC8721174808F088
:107B900003FC30460AF01AFF0028D2D00378002BED
:107BA000CFD0CFE789F31188BFF36F8F3046F9F755
:107BB000A1FFBD46BDE8F087002DB0D1D6E700BFDC
:107BC0002C5101209853030069C904007FC90400A7
:107BD00005000001E8EA0020A7C9040077C90400F5
:107BE000C8C904000400000102CA0400E0C904007E
:107BF000265603001FCA040038B50A4B53F820402C
:107C0000013053F82050A54200D838BD606830B12B
:107C1000037FDB0701D40AF0F4FD0834F3E723689F
:107C20009847FAE7AC530300012270B5374B0320A5
:107C300086B01A70FFF7E0FFF9F78AFA0420FFF721
:107C4000DBFF334C334DAC42264628D93249422320
:107C5000324A334808F0A9FB324808F0A6FB42211B
:107C60002E4808F099FB54F80C3C059354F8103C4E
:107C7000049354F8143C039354F8183C029354F8BA
:107C80001C3C019354F8203C009354E90A2354E926
:107C90000C0101F015FD54F8303C5E65D3E7AE42AF
:107CA00004F13004DFD302F0B1FB194C1E4EAC429C
:107CB0001FD919496623194A194808F076FB194853
:107CC00008F073FB6621CBE7D4E90A23B3F1FF3F49
:107CD00008BFB2F1FF3F05D052EA0301206803D18B
:107CE00002F0F8FD3034E2E73146183003F016FABE
:107CF000F8E7E9D302F0F8FBE3F73AFD0B4A137B10
:107D000023F00103137306B070BD00BF08680120A3
:107D1000803F0300A0400300BFCA04009ECA0400C5
:107D20002656030050900400532A030050380120C7
:107D300008B50348034A0021121A0AF079FD08BD6C
:107D4000E0EE00200C680120F82370B5144E86B0D8
:107D500003FB0066134B012205930F23CDE9033289
:107D60000023CDE9013318234FF4A0720E4D0F49C3
:107D700003FB0055044602FB00110D4B30460095F5
:107D800001F09EFC737B2C7423F004037373094B86
:107D9000013403EB0433EE606B6006B070BD00BFCE
:107DA00058370120ECCA04002C5101201022022077
:107DB0002981020010120220BFB50020FFF71CFF2E
:107DC0002A4B03F5805282F3088883F30A88002443
:107DD000E023274D274F85F82230EC772C766C7600
:107DE000AC7685F820406B6A43F4E0236B6285F83B
:107DF0002340F9F7C3FDF9F7F9FF4FF0FF33AB620A
:107E0000EB62FAF7D3F9FAF715F8F5F701FC1A481F
:107E100001F056FDFFF708FE0120FFF7EDFE0220FE
:107E2000164DFFF7E9FE02F0EFFB154B15499D617A
:107E3000154B4FF40062059301232846CDE9034317
:107E4000CDE901443B46009401F03AFC06466A7BCA
:107E5000284622F004026A7301F0AEFE2046FFF7C6
:107E600073FF3A4631462846F9F798FF1012022070
:107E700000ED00E0297C0200483901205038012043
:107E80002C51012050230220F1CA04002DE9F04FAB
:107E9000064689B0CDE90412DDE9122306A8994609
:107EA00090460AF01AFEDDE90634CDE9023406F107
:107EB0001404EFF31185202383F31288BFF36F8F2F
:107EC000204602F0D9FF60B98823354A3549364843
:107ED00008F06BFA2146354808F067FA88213048E7
:107EE00031E0204602F0ECFFEFF30583EBB94FF0F1
:107EF000200B06F10C0A3046DDE90412149B98476A
:107F0000074610B3204602F0C5FF00283FD140F2DB
:107F10003113234A2649244808F047FA21462548C8
:107F200008F043FA40F23111D9E758EA0903DED0EC
:107F300021494D23214A1C4808F037FA204808F00F
:107F400034FA4D211D4808F027FA58EA0908D9D01B
:107F5000DDE9022306A80AF0E4FDDDE9062329464F
:107F6000CDE90023904620465246994601F0F8FF9D
:107F7000EFF311858BF31288BFF36F8F204602F069
:107F80007BFF0028A0D0204602F09AFFB3E785F3DC
:107F90001188BFF36F8F384609B0BDE8F08F00BF7E
:107FA000CB810400F8810400265603000D820400F2
:107FB000238204003A8204001BCB0400F9CA0400A7
:107FC00061CB040038B50D4C0D4DAC4213D90D49B1
:107FD0001A230D4A0D4808F0E8F90D4808F0E5F9B4
:107FE0001A21094808F0D8F92046D4E901120AF00C
:107FF00023FC1834E9E7F7D3002038BD00EC00205B
:1080000030EC002064CB0400F9CA040026560300BB
:10801000509004001FB5054CCDE9002302940A4698
:108020000021FFF733FF04B010BD00BF3101030092
:10803000F8B505460E4600F11404EFF3118720232E
:1080400083F31288BFF36F8F204602F015FF68B9E3
:1080500088231B4A1B491C4808F0A7F921461B48E6
:1080600008F0A3F98821164808F096F9204602F096
:1080700027FF28463146F3F7C5FA05F10C000AF050
:10808000F6FC28B139462046BDE8F84002F012B9A6
:10809000204602F0FFFE68B940F23113084A0C494D
:1080A000094808F082F921460A4808F07EF940F2B2
:1080B0003111D8E787F31188BFF36F8FF8BD00BF88
:1080C000CB810400F8810400265603000D820400D1
:1080D000238204003A820400002038B50C4C0D4D78
:1080E000AC4213D90C4994230C4A0D4808F05DF9B1
:1080F0000C4808F05AF99421084808F04DF9204638
:108100000AF0A5FB002802DB2034E9E7F7D338BDED
:1081100000EC002000EC0020A2CB04007DCB04008A
:10812000265603005090040008B50D4B9B6893F948
:108130000E30002B09DB2024EFF3118384F3128827
:10814000BFF36F8F09F068FEF6E7064906481C2367
:10815000064A08F02AF91C21044808F01DF900BF5E
:108160002C510120E0CB040026560300BFCB0400B5
:1081700008B583684BB90B490B4899230B4A08F0A3
:1081800014F99921094808F007F9D0E90032136081
:108190005A600023427BC0E9003322F0020242739E
:1081A000836008BD33CC04002656030008CC0400CD
:1081B0002DE9F3470446894690461E46EFF30583B2
:1081C00073B152EA06030BD05B4982235B4A5C48D9
:1081D00008F0EBF85B4808F0E8F88221574819E00E
:1081E00004F10805EFF311874FF0200A8AF3128893
:1081F000BFF36F8F284602F03FFE68B98823524ACA
:1082000052494F4808F0D1F82946514808F0CDF8B6
:1082100088214D4808F0C0F8284602F051FE626AF5
:1082200023699A426DD2EFF311838AF31288BFF368
:108230006F8F83F31188BFF36F8F5BB94549B0230C
:10824000454A3F4808F0B1F83E4808F0AEF8B02182
:108250004148DFE72668B44218D0BEB13046FFF788
:1082600087FF06F1180003F03DF84946E2683069DF
:108270000AF054FD00233046C6F8B03001F09CFCF3
:108280003946284602F016F8002449E0206A63695E
:10829000984202D3A369984207D330499A23274AC8
:1082A000274808F082F89A2198E7E26849460AF0E0
:1082B00035FD236AE26804F128001344A2692362B1
:1082C000934208BF63694FF0100108BF2362636ADD
:1082D0000133636203F0B4FD04460028D0D1284680
:1082E00002F0D8FD18BB40F23113174A1C4914485C
:1082F00008F05BF829461B4808F057F840F23111A6
:1083000087E758EA06030FD0174B22469B68394689
:10831000C3F810902846CDE9008601F021FE0446FE
:10832000204602B0BDE8F0876FF02204D7E787F35C
:108330001188BFF36F8FF3E71BCB04004ACC040016
:108340002656030061CB0400CB810400F8810400B1
:108350000D8204006CCC040008CC040084CC040022
:10836000238204003A8204002C5101202DE9F743B6
:108370000446884617461D46EFF3058373B152EA5B
:1083800005030BD05D49DE235D4A5E4808F00DF819
:108390005D4808F00AF8DE21594818E004F10806A3
:1083A000EFF31189202383F31288BFF36F8F3046D8
:1083B00002F062FD68B98823544A5549514807F0D4
:1083C000F4FF3146534807F0F0FF88214F4807F08B
:1083D000E3FF304602F074FD636A002B62D0E2686E
:1083E0004046E1690AF09AFCE369E2681344A26935
:1083F000E361934204BF6369E361636A013B6362C3
:10840000EFF31183202282F31288BFF36F8F83F37F
:108410001188BFF36F8F5BB93F49B0233F4A39489A
:1084200007F0C3FF384807F0C0FFB0213B48CEE754
:108430002568AC4246D0002D45D02846FFF798FE6F
:1084400005F1180002F04EFF206A6369984202D3DA
:10845000A369984207D33249F823294A294807F0EB
:10846000A4FFF82198E72969E2680AF057FC236A1B
:10847000E26828461344A2692362934204BF6369F9
:108480002362636A013363620024C5F8B04001F0DF
:1084900093FB4946304601F00DFF2546284603B0C0
:1084A000BDE8F08357EA05031FD01E4B22469B68A8
:1084B0004946C3F810803046CDE9007501F050FD03
:1084C0000546EBE70025304602F0E4FC80B940F2B7
:1084D00031130E4A14490B4807F067FF3146134821
:1084E00007F063FF40F2311170E76FF02205EAE711
:1084F00089F31188BFF36F8FD0E700BF1BCB040057
:108500004ACC04002656030061CB0400CB81040052
:10851000F88104000D8204006CCC040008CC040037
:1085200084CC04002C510120238204003A820400F0
:108530002DE9F341044617461E46EFF3058565B164
:1085400058496F23584A594807F02FFF584807F0F9
:108550002CFF6F21544807F01FFFEFF311882023F1
:1085600083F31288BFF36F8F524802F085FC60B925
:108570008823514A51494D4807F017FF4D4950484B
:1085800007F013FF88214C48E5E74A4802F098FCC1
:10859000E3684C4A9BB1A0689168884229D057EAA9
:1085A00006032ED1434802F075FCA0B188F3118870
:1085B000BFF36F8F6FF00F0002B0BDE8F0819168DC
:1085C00091F90E100133E36093683A482161A3608A
:1085D00002F060FC78B940F23113374A3A49334827
:1085E00007F0E3FE3349394807F0DFFE40F231116E
:1085F000C9E72169E6E788F31188BFF36F8F002090
:10860000DAE791F90E1090F90E306FF07E02994280
:10861000A8BF19469142B8BF11468B4202DD0AF04D
:1086200030F9054622464146CDE90076214801F061
:1086300097FC0028E3D0EFF31186202383F3128800
:10864000BFF36F8F1B4802F017FC002890D0194829
:1086500002F036FCA068C0B1236821699C420AD0B0
:108660004BB193F90E309942A8BF19466FF07E03C3
:108670009942B8BF19460AF004F930B131460D48A5
:1086800001F018FE6FF00A0096E7002DF6D10948B8
:1086900002F000FC00289ED086F31188BFF36F8F94
:1086A000F0E700BFF2CC0400D0CC04002656030053
:1086B00004CD040054510120CB810400F881040052
:1086C0000D8204002C510120238204003A82040010
:1086D000F8B50546EFF3058363B15549D723554AED
:1086E000554807F062FE554807F05FFED721514814
:1086F00007F052FE8368002B00F09380504A926886
:10870000934240F09180C3683BB94E49EF23494AF8
:10871000494807F04AFEEF21E9E7012B03D0013B6E
:10872000C3600020F8BDEFF31187202484F3128882
:10873000BFF36F8F444802F09FFB60B98823434A20
:1087400043493D4807F031FE3F49424807F02DFEBE
:1087500088213E48CCE73C4802F0B2FB2969A86872
:108760000AF08FF8EFF3118384F31288BFF36F8F51
:1087700083F31188BFF36F8F5BB93749B023374A52
:108780002D4807F012FE364807F00FFEB02133489F
:10879000AEE72C68AC4215D100232B48C5E9023363
:1087A00002F078FB002837D140F23113274A2D49D7
:1087B000214807F0FAFD24492B4807F0F6FD40F266
:1087C0003111C6E7002CE7D0A3683BB927499923AC
:1087D000224A194807F0E9FD9921D8E70026D4E993
:1087E000003213605A60637BC4E9006623F0020321
:1087F0006373A66004F1180002F074FDAC6094F994
:108800000E3020462B61C4F8B06001F0D5F939462E
:108810000D4801F04FFD84E787F31188BFF36F8F98
:108820007FE76FF015007DE74FF0FF307AE700BF7C
:10883000F2CC0400D0CC04002656030004CD040082
:108840002C51012029CD040054510120CB8104007A
:10885000F88104000D8204006CCC040008CC0400F4
:1088600061CB0400238204003A82040033CC04006C
:1088700008B583684BB90B490B4899230B4A07F09D
:1088800094FD9921094807F087FDD0E90032136073
:108890005A600023427BC0E9003322F00202427397
:1088A000836008BD33CC04002656030008CC0400C6
:1088B0002DE9F04704460F4691469A469DF82080E0
:1088C00000F10805EFF31186202383F31288BFF32C
:1088D0006F8F284602F0D0FA60B98823504A514978
:1088E000514807F062FD2946504807F05EFD882197
:1088F0004B481DE0284602F0E3FAB8F1000F00D023
:108900006768EFF31183202282F31288BFF36F8F21
:1089100083F31188BFF36F8F63B94549B023454A8C
:10892000414807F042FD444807F03FFDB02141486F
:1089300007F032FD234653F80C8F984519D0B8F153
:10894000000F16D04046FFF793FF08F1180002F021
:10895000C9FC00234046C8F8B030C8F8109001F0B8
:108960002BF93146284601F0A5FC00242046BDE83D
:10897000F087BAF1000F14D0082003F0BFFB0028E5
:1089800046D00122C0F804900260016801F00301A2
:108990005FB922680A430260626820606AB9606059
:1089A0000BE04846C9F800A0EFE73A68032A24D84C
:1089B00001606168D9B9C4E9000004F11400042120
:1089C00003F03EFA04460028CBD1284602F062FAB2
:1089D00008BB40F23113124A1849134807F0E5FC6E
:1089E0002946174807F0E1FC40F2311180E70A6898
:1089F00002F0030202430A60D1E722F003020A43B5
:108A000002603A6802F0030240EA02033B60D4E7E6
:108A10006FF00B04D9E786F31188BFF36F8FA5E7DA
:108A2000CB810400F8810400265603000D82040067
:108A30006CCC040008CC040061CB04002382040049
:108A40003A8204002DE9F743064690461F4600F19E
:108A50000805EFF31189202383F31288BFF36F8F8A
:108A6000284602F009FA68B98823254A254926488C
:108A700007F09BFC2946254807F097FC88212048F1
:108A800007F08AFC284602F01BFA3468FCB1236820
:108A9000726823F00303944220464FF001013360D3
:108AA00008BF736009F0FCFE0446284602F0F2F9A4
:108AB000E8B940F23113124A1549134807F075FC22
:108AC0002946144807F071FC40F23111D7E758EA03
:108AD0000703EAD049462846CDE9008706F10C0293
:108AE00001F03EFA38B90C4B9B681C6903E089F32E
:108AF0001188BFF36F8F204603B0BDE8F08300BF3D
:108B0000CB810400F8810400265603000D82040086
:108B1000238204003A8204002C51012008B58368A6
:108B20004BB90B490B4899230B4A07F03EFC99219E
:108B3000094807F031FCD0E9003213605A60002385
:108B4000427BC0E9003322F002024273836008BD19
:108B500033CC04002656030008CC040070B504464C
:108B6000EFF31186202585F31288BFF36F8F33480A
:108B700002F082F960B98823314A3249324807F05D
:108B800014FC2E49314807F010FC88212C4818E0CD
:108B90002A4802F095F9EFF3118385F31288BFF3A9
:108BA0006F8F83F31188BFF36F8F63B92849B023A8
:108BB000284A254807F0F9FB274807F0F6FBB021C3
:108BC000244807F0E9FB2568AC4213D095B128464C
:108BD000FFF7A4FF05F1180002F084FB00232846EC
:108BE000C5F8B03000F0E8FF3146BDE870401348EA
:108BF00001F060BBD4E902329A4218BF013302216E
:108C0000A36004F1100003F01BF90028ECD10B481D
:108C100002F040F968B940F23113094A0F490A4895
:108C200007F0C3FB05490E4807F0BFFB40F23111C6
:108C3000ACE786F31188BFF36F8F70BD58510120E8
:108C4000CB810400F8810400265603000D82040045
:108C50006CCC040008CC040061CB04002382040027
:108C60003A820400F7B5044616461D46EFF3058325
:108C70007BB152EA05030CD02D4988232D4A2E489A
:108C800007F093FB2D4807F090FB8821294807F057
:108C900083FBEFF31187202383F31288BFF36F8FD9
:108CA000274802F0E9F860B98823264A2649224875
:108CB00007F07BFB2249254807F077FB88212148F4
:108CC000E5E71F4802F0FCF8A368D3B1013B1C485C
:108CD000A36002F0DFF868B940F23113194A1C4969
:108CE000154807F062FB16491A4807F05EFB40F290
:108CF0003111E4E787F31188BFF36F8F002003B0D1
:108D0000F0BD56EA05030BD10D4802F0C3F8002868
:108D1000E2D087F31188BFF36F8F6FF00F00EEE79B
:108D200022463946CDE90065054801F019F9E6E724
:108D300060CD040040CD04002656030061CB040042
:108D400058510120CB810400F88104000D820400F9
:108D5000238204003A8204002DE9F0470446EFF331
:108D60001188202787F31288BFF36F8F354802F0F0
:108D700083F8064660B98823334A3449344807F0FB
:108D800014FB3049334807F010FB88212E481CE0C3
:108D90002C4802F095F84FF000096FF00A0AEFF343
:108DA000118387F31288BFF36F8F83F31188BFF3AA
:108DB0006F8F63B92849B023284A254807F0F5FA90
:108DC000274807F0F2FAB021244807F0E5FA2568B1
:108DD000AC420ED06DB12846FFF7A0FE05F1180099
:108DE00002F080FA2846C5F8B0A000F0E5FEB146D2
:108DF000D5E700230221A36004F1100003F020F85E
:108E0000A0B9B9F1000F11D10E4802F043F898B99A
:108E100040F231130C4A13490D4807F0C6FA0949CC
:108E2000114807F0C2FA40F23111AFE74146BDE800
:108E3000F047044801F03EBA88F31188BFF36F8F02
:108E4000BDE8F08758510120CB810400F88104006F
:108E5000265603000D8204006CCC040008CC0400EC
:108E600061CB0400238204003A8204002DE9F04320
:108E70000446764E764F85B0EFF31188202383F3B6
:108E80001288BFF36F8F304601F0F6FF68B9882370
:108E9000704A7149714807F088FA6C49704807F0C8
:108EA00084FA88216B4807F077FA304602F008F818
:108EB000D4F8FC50F5B9022104F58A7009F017FDC9
:108EC000002840D004F5867500220121284601F0D3
:108ED0008BFE0028F8D100234FF0FF3202934FF0B1
:108EE000FF334146CDE90023304604F5827201F09C
:108EF000D9FEC1E7D4F800212B68954208BFC4F819
:108F00000031C4F8FC30D4F81431304643F0020389
:108F1000C4F81431EB68D5F8049023F0040343F04F
:108F20000103EB6001F0B6FFF8B940F23113494A92
:108F30004C494A4807F039FA44494B4807F035FA9A
:108F400040F23111AEE7D4F81431DD06C3D5C4F8D0
:108F500014013E4801F09EFF0028E6D088F31188F6
:108F6000BFF36F8F05B0BDE8F08388F31188BFF3BE
:108F70006F8FB9F1000F0AD13C49384840F2AB235A
:108F80003B4A07F012FA40F2AB2139488BE72846FA
:108F9000C847EFF31188202383F31288BFF36F8F44
:108FA000304601F069FF00283FF471AF304601F010
:108FB00087FFEB68D90623F0010231D4EA60EB6841
:108FC0009A0716D5386823F00203EB6088B10021B8
:108FD000036870B14268954230D1036841BB7A683A
:108FE0003B60824200D17B60002340F8083BFFF7E2
:108FF000B5FDD4F81431304623F00203C4F814311F
:10900000C3F3002501F046FF00288ED088F31188B5
:10901000BFF36F8F002D7FF42FAF01F0FDFA2BE728
:1090200023F01103EB6005F11000FFF797FDC6E791
:109030000B607B68834208BF7960D5E723B11A686B
:10904000014618461346C4E71A46F9E76451012061
:109050005C510120CB810400F881040026560300F6
:109060000D820400238204003A820400F0CD040043
:10907000AECD0400F8B5C36804469A070F46C3F3A3
:1090800040063BD45B0727D40B680BB983680B60A1
:10909000E368DD0723D5A3685BB9294929484FF464
:1090A000AA73294A07F081F94FF4AA71264807F0FC
:1090B00073F902263B603D68002D3ED0234B9A6831
:1090C000D5F8F8309A420CD0D5F81431D807C3F34C
:1090D000800216D46FF0120600233B6027E00126C1
:1090E000E9E709F06DFCD5F814310028EED1D90775
:1090F000C3F3C002EED552B15B0708D46FF00F0680
:10910000EAE7002AFAD1C3F3C003002BF6D100230B
:109110002360D5F8003163B9C5E93F44284609F01A
:1091200000FCE36843F00403E3603B68A36030465F
:10913000F8BD1C60C5F80041F0E76FF01506CBE7FD
:10914000CFCD040026560300AECD04002C510120E3
:1091500073B50446EFF31185202383F31288BFF320
:109160006F8F1E4801F088FE68B988231C4A1D498C
:109170001D4807F01AF919491C4807F016F988210B
:10918000174807F009F9154801F09AFE002303215A
:10919000201F0193A4F1100609F0A9FB28B1A369CF
:1091A000304601A90193FFF765FF0C4801F072FEFC
:1091B00068B940F231130A4A0D490B4807F0F5F837
:1091C00006490C4807F0F1F840F23111D8E785F371
:1091D0001188BFF36F8F02B070BD00BF64510120D2
:1091E000CB810400F8810400265603000D820400A0
:1091F000238204003A82040038B50D46044648B97B
:109200000C4999230C4A0D4807F0CFF899210A48D8
:1092100007F0C2F839B90A499A23074A074807F004
:10922000C4F89A21F3E71022002109F09EFD656041
:1092300038BD00BF48CE0400AECD04002656030062
:10924000F0CD040037B50C46019059B928494FF4C8
:10925000BD73284A284807F0A8F84FF4BD71254887
:1092600007F09AF84B684BB9244940F27B13214A26
:10927000214807F09AF840F27B11F0E7EFF31185EF
:10928000202383F31288BFF36F8F1D4801F0F4FD94
:1092900060B988231B4A1C49174807F086F818490B
:1092A0001A4807F082F888211648D9E7144801F0D7
:1092B00007FE204601A9FFF7DDFE0446104801F035
:1092C000E9FD68B940F231130E4A11490A4807F026
:1092D0006CF80B490F4807F068F840F23111E3E7EA
:1092E00085F31188BFF36F8F204603B030BD00BFF8
:1092F00048CE0400AECD040026560300EACD04009B
:1093000064510120CB810400F88104000D82040027
:10931000238204003A8204000146014809F03CBB64
:10932000603A0120F0B589B004460E9D58B92F4926
:1093300040F2F1232E4A2F4807F037F840F2F1218E
:109340002B4807F029F849B92B4940F2F223284A63
:10935000284807F02AF840F2F221F1E7D0F814018A
:1093600010F0010009D0254940F2F323204A21489A
:1093700007F01BF840F2F321E2E7C4E93F0004F5EF
:109380008270C4E9410004F58670C4E9430055B316
:109390002879002840F2011008BF0120C4F8140108
:1093A00000204FF0FF364FF0FF37CDE90330CDE915
:1093B0000100CDE906672046114B009400F03AFA0F
:1093C00055B1296811B1204600F028F96B791BB11D
:1093D000237B43F001032373204601F07BFAC4F89A
:1093E000F84009B0F0BD0120D8E700BF3BCE040033
:1093F000AECD04002656030041CE040007CE040083
:109400006D8E020038B50D46044658B90F4940F23A
:1094100092330F4A0F4806F0C8FF40F292310C48D1
:1094200006F0BAFF49B90C4940F29333084A09489B
:1094300006F0BBFF40F29331F1E73022002109F042
:1094400094FC4FF480736560E36038BD47CE040040
:10945000AECD040026560300F0CD0400F7B50C464F
:1094600016461D46019058B9334940F20D43334A20
:10947000334806F09AFF40F20D41304806F08CFF69
:1094800049B9304940F20E432C4A2D4806F08DFF71
:1094900040F20E41F1E7EFF31187202383F31288A6
:1094A000BFF36F8F284801F0E7FC60B98823274A93
:1094B0002749234806F079FF2349264806F075FF1F
:1094C00088212248DAE7204801F0FAFCE36813F02B
:1094D0001E0F27D155EA060216D1204601A9FFF733
:1094E000C9FD0446184801F0D5FCE8B940F2311333
:1094F000164A1949124806F058FF1349174806F052
:1095000054FF40F23111DCE743F00803E360019BB4
:1095100004F11000A36232462B46114901F0FEFD12
:109520000124DFE70024DDE787F31188BFF36F8FA5
:10953000204603B0F0BD00BFD5CD0400AECD040081
:109540002656030047CE040064510120CB8104005D
:10955000F88104000D820400238204003A82040092
:109560005191020038B5044658B92349234840F2C6
:109570005243234A06F019FF40F25241204806F0B8
:109580000BFFEFF31185202383F31288BFF36F8F56
:109590001C4801F071FC60B988231B4A1B4917481D
:1095A00006F003FF17491A4806F0FFFE8821164807
:1095B000E5E7144801F084FC204609F0A3F92046B1
:1095C00009F0B7F904460F4801F064FC68B940F2AD
:1095D00031130D4A0F49094806F0E7FE09490E48C4
:1095E00006F0E3FE40F23111E1E785F31188BFF3A5
:1095F0006F8F204638BD00BF47CE040026560300BB
:10960000AECD040064510120CB810400F881040038
:109610000D820400238204003A82040010B504463F
:1096200008B9054B9C681F2204F1780009F05CFD25
:10963000002084F8970010BD2C5101202DE9F84F2F
:109640000C46A1B39AB390F80D90DFF86C800846F1
:10965000571EB9F1000F25D00025DFF860A0B8F83B
:1096600004B019EA0B0F19D0B8F806307E1B9E42E1
:1096700028BF1E46D8F80010324609F04FFB2E4492
:1096800039EA0B0904EB06000CD0BD1B012D28BFE5
:10969000012551462A4609F041FB354408F10808E6
:1096A0006019DCE7002303702046BDE8F88F01480D
:1096B000FBE700BF63CB0400C45303005CCE04008F
:1096C0002DE9F04F85B0119F04460F2F0E469946A5
:1096D000DDF838B0DDF84C8048D14A498B4249D199
:1096E00004F15801C4E916111299002521730421CF
:1096F000073222F0070A52466173A773AA21304647
:10970000C4E90655A560E57309F02FFB109BC4E979
:10971000276AC4F8A45002930F9B06EB0A07CDE911
:1097200000B33A464B4631462046F8F7F3FA0F9B12
:10973000C4E9199BE366109B65652367EFF3118904
:10974000202383F31288BFF36F8F2F4801F094FB1F
:1097500018BB88232D4A2E492E4806F026FE2A499A
:109760002D4806F022FE8821284814E007F1100158
:109770001E29B5D940F20523284A2949254806F073
:1097800014FE394627486FF00F030E2206F00DFE37
:1097900040F20521214806F0FFFD234E1A4801F052
:1097A0008FFB736A18486367746201F073FB68B9D2
:1097B00040F23113154A1D49164806F0F6FD1249CC
:1097C0001B4806F0F2FD40F23111CDE789F3118814
:1097D000BFF36F8FB8F1000F11D01F22414604F183
:1097E000780009F081FC84F89750B3680BB1D3F886
:1097F000A8303846C4F8A83005B0BDE8F08F84F82A
:109800007880F2E72981020074510120CB810400A5
:10981000F8810400265603000D8204005ECE040089
:1098200081CE040001CF04002C51012023820400CA
:109830003A820400F0B587B00446DDE91276EFF312
:10984000058575B1194940F29223194A194806F065
:10985000ACFD194806F0A9FD40F29221144806F02B
:109860009BFD0595109D04950F9D03950E9D0295FA
:109870000D9D01950C9D0095FFF722FFB6F1FF3F6E
:1098800008BFB7F1FF3F05D056EA070305D12046D0
:1098900001F020F8204607B0F0BD3A46334604F107
:1098A0001800064901F03AFCF4E700BFF2CC0400CE
:1098B0005ECE04002656030032CF0400532A030074
:1098C00040F201138381002310B50446C0E9273319
:1098D00002F00EFC014B9C6010BD00BF2C5101201A
:1098E0006FF00A01094A9368C3F8B0100849C3F839
:1098F000AC004B6843F080534B60002383F3118826
:10990000BFF36F8F9368D3F8B00070472C510120DC
:1099100000ED00E038B590F90D200146002A437BA8
:1099200011DA03F07F0343731B4B984209D11B49A3
:109930001B4856231B4A06F038FD5621194806F0ED
:109940002BFD09F056F8184D2A4652F81C4FAB680B
:10995000944200D004B9EC688B4214D05BB913492F
:10996000D523134A0E4806F020FD124806F01DFDCF
:10997000D5210F48E3E75A7BD20604D1DA897F2A42
:1099800001D9A2692AB1A34202D0204601F0E8F928
:109990002346AB6138BD00BF58370120B2CF040069
:1099A0002656030090CF04002C510120FFCF040065
:1099B000D3CF040061CB040008B583684BB90949D3
:1099C00009489923094A06F0F0FC9921074806F056
:1099D000E3FC09F00EF8437B23F0020343730023FA
:1099E000836008BD33CC04002656030008CC040075
:1099F00070B590F90D20437B002A50DBD9064ED17B
:109A000063F07F034373274B984209D126492748C7
:109A10004F23274A06F0C9FC4F21254806F0BCFC1D
:109A2000244C224652F81C3F216A934207D1C0E9D8
:109A300000210860206211E09942F8D01B68002BD9
:109A4000F5D090F90E5093F90E60B542F4D0AE42C5
:109A5000F2DD5968C0E9003108605860E569954257
:109A600000D005B9E568A3685BB91349D523134A4B
:109A70000E4806F09AFC124806F097FCD5210F48D4
:109A8000CCE75A7BD20604D1DA897F2A01D9AA69A8
:109A900032B1AB4202D0284601F062F9A56170BD37
:109AA000A361FCE758370120B2CF0400265603001B
:109AB00090CF04002C510120FFCF0400D3CF04002D
:109AC00061CB040070B590F90D200146002A437B5C
:109AD000314C10DA03F07F03A042437309D12F49C0
:109AE00056232F4A2F4806F060FC56212C4806F0DA
:109AF00053FC08F07EFF4B7BA14263F07F034B7366
:109B000007D126494F23264A264806F04EFC4F210E
:109B1000ECE7254C224652F81C3F206A934207D1BD
:109B2000C1E900200160216211E09842F8D01B6871
:109B3000002BF5D091F90E5093F90E60B542F4D098
:109B4000AE42F2DD5868C1E9003001605960E56954
:109B5000A368954200D005B9E5688B4214D05BB983
:109B60001249D523124A0F4806F01FFC114806F08F
:109B70001CFCD5210E48BAE75A7BD20604D1DA89FB
:109B80007F2A01D9AA692AB1AB4202D0284601F046
:109B9000E7F82B46A36170BD58370120B2CF04000F
:109BA00090CF0400265603002C510120FFCF040063
:109BB000D3CF040061CB040038B50446EFF3118520
:109BC000202383F31288BFF36F8F174801F054F9F5
:109BD00068B98823154A1649164806F0E6FB12496B
:109BE000154806F0E2FB8821104806F0D5FB0E4828
:109BF00001F066F92046FFF7FBFE0B4801F04AF939
:109C000068B940F23113094A0C490A4806F0CDFB05
:109C100005490B4806F0C9FB40F23111E4E785F332
:109C20001188BFF36F8F38BD68510120CB810400CC
:109C3000F8810400265603000D82040023820400EC
:109C40003A820400F8B56C4D0446AE68864259D19C
:109C5000EFF30583002B55D1EFF31187202383F316
:109C60001288BFF36F8F654801F006F960B9882349
:109C7000634A6449644806F098FB6049634806F00B
:109C800094FB88215E4813E05C4801F019F9737B6E
:109C900003F07F0343F0100373735D4B9E4209D1C1
:109CA0005C49594856235C4A06F07FFB56215A48C6
:109CB00006F072FB304608F09CFE2B4653F81C4F12
:109CC0009C4200D004B9EC68AB689C4202D02046AC
:109CD00001F046F84948AC6101F0DCF868B940F29F
:109CE0006B13474A4D49484806F05FFB43494C48CF
:109CF00006F05BFB40F26B11C4E73846BDE8F84064
:109D0000FFF7EEBDEFF31186202383F31288BFF334
:109D10006F8F3A4801F0B0F80028A8D0374801F01A
:109D2000CFF8637BDA0612D5344801F0B3F8002887
:109D30005DD140F23113324A3849334806F035FBE1
:109D40002E49374806F031FB40F231119AE7D90924
:109D500043F010023ED16273EF69324B9F4200D054
:109D600007B9EF68AB68BB4202D0384600F0F8FF95
:109D7000AB68AF619C42D7D1EFF30585002DD3D1FD
:109D8000237BDB071FD51D4801F084F80028D0D0C5
:109D900086F31188BFF36F8F85F31188BFF36F8F40
:109DA0000423184602DFEFF31186202383F3128881
:109DB000BFF36F8F114801F05FF800283FF457AFF1
:109DC0000E4801F07DF80D4801F064F8002886D0B7
:109DD000304693E703F07F0343F0100363730C4BAB
:109DE0009C423FF45DAF204608F003FEB4E786F3E3
:109DF0001188BFF36F8FF8BD2C51012068510120ED
:109E0000CB810400F8810400265603000D82040073
:109E100058370120B2CF040090CF04002382040001
:109E20003A8204004851012038B50446EFF3118509
:109E3000202383F31288BFF36F8F184801F01CF8BA
:109E400068B98823164A1749174806F0AEFA13492D
:109E5000164806F0AAFA8821114806F09DFA0F4824
:109E600001F02EF8A36813B12046FFF7A5FD0B48BB
:109E700001F010F868B940F23113094A0C490A4858
:109E800006F093FA05490B4806F08FFA40F23111BB
:109E9000E2E785F31188BFF36F8F38BD6851012069
:109EA000CB810400F8810400265603000D820400D3
:109EB000238204003A82040038B50446EFF311858A
:109EC000202383F31288BFF36F8F1E4800F0D4FF66
:109ED00068B988231C4A1D491D4806F066FA1949CD
:109EE0001C4806F062FA8821174806F055FA154812
:109EF00000F0E6FF637B13F0280F0BD1A36813B1CA
:109F00002046FFF759FD637B204623F0040363736B
:109F1000FFF76EFD0B4800F0BDFF68B940F231134A
:109F2000094A0D490A4806F040FA06490B4806F06E
:109F30003CFA40F23111D7E785F31188BFF36F8FF8
:109F400038BD00BF68510120CB810400F8810400B6
:109F5000265603000D820400238204003A82040086
:109F60002DE9F047DFF800A1344D1746DDE90898E8
:109F7000DAF80820324BA84204460E461A600BD18C
:109F80003049314840F27223304A06F00EFA40F26E
:109F900072212E4806F000FAEFF31183202383F399
:109FA0001288BFF36F8F284600F066FF60B98823E0
:109FB000274A2849244806F0F8F92946264806F099
:109FC000F4F988212248E5E7284600F079FFDAF81D
:109FD00008503946284608F014FDB8F1FF3F08BF85
:109FE000B9F1FF3F06D04A4643461C4905F1180027
:109FF00001F094F8204600F04DFF68B9184940F28E
:10A000006B13134A104806F0D0F92146154806F0A4
:10A01000CCF940F26B11D5E7084800F03BFF40B99E
:10A020000F4940F26B130A4A074806F0BEF903498C
:10A03000ECE73046BDE8F047FFF752BC685101201D
:10A040006C51012026D004002656030090CF040056
:10A05000CB810400F88104000D820400532A030020
:10A06000238204003A8204002C51012070B5054679
:10A07000EFF31186202383F31288BFF36F8F1B4801
:10A0800000F0FAFE68B98823194A1A491A4806F0FE
:10A090008CF91649194806F088F98821144806F009
:10A0A0007BF9124800F00CFF2C68A54215D014B1C2
:10A0B0002046FFF781FC0D4800F0ECFE78B940F235
:10A0C00031130B4A0E490C4806F06FF907490D4849
:10A0D00006F06BF940F23111E0E70024EBE786F37C
:10A0E0001188BFF36F8F204670BD00BF68510120FB
:10A0F000CB810400F8810400265603000D82040081
:10A10000238204003A8204002DE9F04104460D4602
:10A11000EFF31187202383F31288BFF36F8F584822
:10A1200000F0AAFE60B98823564A5749574806F0FE
:10A130003CF95349564806F038F98821514818E04F
:10A140004F4800F0BDFE637B03F01F02002A0CBFE6
:10A15000012600265DD103F07F0363734D4B9C42C3
:10A1600009D14D49494856234C4A06F01EF956215B
:10A170004A4806F011F9DFF83881204608F039FC2A
:10A180004246637B6DB263F07F03A573637352F83D
:10A190001C3F93423AD1D8F82010C4E900210C604A
:10A1A000C8F820400FE09942F7D01B68002BF4D08C
:10A1B00093F90E008542F6D0A842F4DD5968C4E94F
:10A1C00000310C605C60D8F81C40944200D00CB99F
:10A1D000D8F80C40D8F808309C4202D0204600F055
:10A1E000BFFDC8F81840264800F054FE00283FD1B3
:10A1F00040F23113234A2A49244806F0D6F8204970
:10A20000284806F0D2F840F2311197E7D8F820102C
:10A21000CCE79B072AD5A16841B923491B4899235C
:10A22000224A06F0C2F899212048A2E720466DB2E2
:10A2300008F0DFFBA5730B68994209D14B68C4E9AC
:10A2400000131C604C60CEE74A689342F6D01B684E
:10A25000002BF3D093F90E209542F5D0AA42F3DDFE
:10A260005A68C4E9003214605C60BCE7A573BAE7C1
:10A2700087F31188BFF36F8F3046BDE8F08100BFD0
:10A2800068510120CB810400F881040026560300A8
:10A290000D82040058370120B2CF040090CF040093
:10A2A000238204003A82040033CC040008CC04006A
:10A2B0002C51012070B504460D46F9B9EFF305861F
:10A2C000E6B91A4B9A699B689A4217D000F0E2FDF2
:10A2D00078B940F26B13164A1649174806F065F82C
:10A2E0002146164806F061F840F26B11104806F05E
:10A2F00053F83046BDE87040FFF7F2BA204600F050
:10A30000C9FD68B940F23113094A0A490A4806F002
:10A310004CF82146094806F048F840F23111E5E7CB
:10A3200085F31188BFF36F8F70BD00BF2C510120E2
:10A33000CB81040023820400265603003A820400E5
:10A3400038B50446EFF31185202383F31288BFF359
:10A350006F8F1D4800F090FD68B988231B4A1C4987
:10A360001C4806F022F818491B4806F01EF8882100
:10A37000164806F011F8144800F0A2FD637BDA06D7
:10A3800016D4114800F086FD68B940F231130F4A27
:10A390001249104806F009F80B49114806F005F873
:10A3A00040F23111E4E785F31188BFF36F8F38BDB8
:10A3B00023F0100320466373FFF71AFB2946BDE81C
:10A3C00038400148FFF776BF68510120CB81040077
:10A3D000F8810400265603000D8204002382040045
:10A3E0003A820400034648B9EFF3058232B9064ABF
:10A3F00091699268914201D0FFF772BA83F3118894
:10A40000BFF36F8F704700BF2C51012010B5EFF3E1
:10A410001184202383F31288BFF36F8F264800F046
:10A420002BFD60B98823254A2549264805F0BDFF44
:10A430002149254805F0B9FF8821204810E01E4831
:10A4400000F03EFDEFF3058363B120498F23204ADE
:10A450001C4805F0AAFF1F4805F0A7FF8F211C48E4
:10A4600005F09AFF1C4B9A68D37B012B0AD11B493C
:10A470009023174A134805F098FF164805F095FFFA
:10A480009021ECE7013BD3730B4800F003FD68B962
:10A4900040F23113094A12490A4805F086FF06497D
:10A4A000104805F082FF40F23111C6E784F31188AD
:10A4B000BFF36F8F10BD00BF68510120CB81040036
:10A4C000F8810400265603000D820400F2CC04003B
:10A4D00008CC040061CB04002C5101205FD00400A3
:10A4E000238204003A82040070B5EFF31186202322
:10A4F00083F31288BFF36F8F374800F0BDFC60B95B
:10A500008823364A3649374805F04FFF32493648E6
:10A5100005F04BFF8821314813E0344D2E4800F000
:10A52000CFFCAB68DA7B72B9314940F20D33314A66
:10A530002C4805F03AFF304805F037FF40F20D3166
:10A540002C4805F029FFEFF3058161B12B4940F25A
:10A550000E33284A234805F028FF274805F025FF39
:10A5600040F20E31ECE70132DA732A4652F81C4F02
:10A57000944200D004B9EC685A7BD20604D1DA893F
:10A580007F2A01D9A2692AB1A34202D0204600F055
:10A59000E7FB23461048AB6100F07CFC68B940F251
:10A5A00031130E4A16490F4805F0FFFE0A491548B7
:10A5B00005F0FBFE40F23111ADE786F31188BFF3E1
:10A5C0006F8FEFF31180202383F31288BFF36F8F17
:10A5D000BDE87040FFF706BF68510120CB81040041
:10A5E000F8810400265603000D8204002C5101203E
:10A5F00090D0040090CF040061CB0400F2CC0400A2
:10A60000238204003A820400024B03F11C02C3E9D6
:10A61000072270472C51012070B5EFF3058373B109
:10A62000394940F22443394A394805F0BEFE3948D9
:10A6300005F0BBFE40F22441344805F0ADFEEFF3D7
:10A640001186202383F31288BFF36F8F324800F006
:10A6500013FC60B98823314A31492D4805F0A5FE25
:10A660002D49304805F0A1FE88212C48E5E72E4C05
:10A67000294800F025FCA168206A0B68814214BFBC
:10A680001A46002249680B605960A368216A2AB9FA
:10A69000264AC3E900210B6023620CE093F90E0007
:10A6A00092F90E50A84225D0854223DD5168C3E9B6
:10A6B00000210B605360E5691C4B9D4200D005B939
:10A6C000E568A3689D4202D0284600F049FB124885
:10A6D000A56100F0DFFB88B940F26B130F4A144903
:10A6E0000B4805F062FE0C49124805F05EFE40F290
:10A6F0006B11BAE78A42CBD01268C8E73046BDE892
:10A700007040FFF7EDB800BFF2CC040090CF04001A
:10A710002656030061CB040068510120CB81040060
:10A72000F88104000D8204002C51012048510120C1
:10A73000238204003A8204002DE9F04106460C46CB
:10A74000EFF3058777B1344940F23C43334A34484C
:10A7500005F02BFE334805F028FE40F23C412F481F
:10A7600005F01AFE50EA010304D1FFF755FF00205F
:10A77000BDE8F081EFF31188202383F31288BFF343
:10A780006F8F294800F078FB60B98823274A284951
:10A79000234805F00AFE2449264805F006FE8821D4
:10A7A0002248DDE7244D204800F08AFBA868234BAF
:10A7B0001860FFF7AFF8A8682346324620491830E2
:10A7C00000F0ACFCAA680446537B174843F004032E
:10A7D000537300F05FFB68B940F26B13134A1949D9
:10A7E0000F4805F0E2FD1049174805F0DEFD40F284
:10A7F0006B11D5E74046FFF773F8AB68D3E90A233E
:10A80000B3F1004F08BFBA42B1D108F060F9201A85
:10A8100020EAE070ACE700BFF2CC040090CF040067
:10A820002656030061CB040068510120CB8104004F
:10A83000F88104000D8204002C5101206C5101208C
:10A84000532A0300238204003A82040070B50446B0
:10A850000E46EFF3058575B11A4940F266431A4A70
:10A860001A4805F0A2FD1A4805F09FFD40F2664126
:10A87000154805F091FDFFF75FFFB6F1FF3F08BFF8
:10A88000B4F1FF3F0246204616D047F6FF704FF462
:10A890007A7403462946C2FB0431B3F5004F71F1C7
:10A8A00000020AD36FF400429A4243F6FF728A41D3
:10A8B00005D3D80B40EA414070BD2846FCE76FF055
:10A8C0000040F9E7F2CC040090CF040026560300C4
:10A8D00061CB040038B50446EFF31185202383F3E0
:10A8E0001288BFF36F8F204800F0C6FA68B988233A
:10A8F0001E4A1F491F4805F058FD1B491E4805F018
:10A9000054FD8821194805F047FD174800F0D8FA92
:10A91000637B5B0710D504F1180000F0E3FC637B58
:10A92000204623F004036373FFF762F82946BDE86D
:10A9300038400D48FFF7BEBC0B4800F0ABFA68B9D1
:10A9400040F23113094A0D490A4805F02EFD064927
:10A950000B4805F02AFD40F23111D3E785F3118849
:10A96000BFF36F8F38BD00BF68510120CB81040059
:10A97000F8810400265603000D820400238204009F
:10A980003A820400014B9868704700BF2C510120A7
:10A990002DE9F8430446077BEFF31185202383F369
:10A9A0001288BFF36F8F7F4800F066FA68B988237A
:10A9B0007D4A7E497E4805F0F8FC7A497D4805F0DD
:10A9C000F4FC8821784805F0E7FC764800F078FA36
:10A9D000637B190717D5734800F05CFA68B940F239
:10A9E0003113714A7449724805F0DFFC6D497348B0
:10A9F00005F0DBFC40F23111E4E785F31188BFF389
:10AA00006F8FBDE8F883D90943F0080240F08680D3
:10AA10006273A36813B12046FEF7CEFF04F118005D
:10AA200000F060FCA66D04F15808B04511D04FF05D
:10AA3000000976B13046FEF7BFFF06F1180000F0BE
:10AA400051FC3046C6F8B090FEF7D2FFA66DB04577
:10AA5000EFD1DFF89081D8F808309C4273D1EFF342
:10AA60000589B9F1000918BF4FF00109D8F81C6039
:10AA7000534A964200D00EB9D8F80C60B34202D0C7
:10AA8000304600F06DF92046C8F81860F7F762F913
:10AA9000204600F0A5FAB9F1000F02D04948FEF7B0
:10AAA0000FFFD8F808309C4260D1EFF30586002EE6
:10AAB0005CD1237BDA071FD53A4800F0EBF9002878
:10AAC0008DD085F31188BFF36F8F86F31188BFF3A4
:10AAD0006F8F0423184602DFEFF31185202383F3E1
:10AAE0001288BFF36F8F2F4800F0C6F900283FF49B
:10AAF0005EAF2C4800F0E4F92A4800F0CBF928BBFF
:10AB000040F26B13284A2C49294805F04EFC254990
:10AB10002A4805F04AFC40F26B1153E703F07F032B
:10AB200043F008036373284B9C4208D127495623FE
:10AB3000274A1F4805F039FC5621254843E720469F
:10AB400007F057FF65E74FF000098FE72846FEF74B
:10AB5000C7FE20494FF4DD731D4A154805F025FC5A
:10AB60001D4805F022FC4FF4DD71E6E70D4800F0CA
:10AB700091F900283FF433AF85F31188BFF36F8F4D
:10AB8000FB077FF53EAF40F23D53114A1349084899
:10AB900005F00BFC2146124805F007FC40F23D5140
:10ABA000CBE700BF68510120CB810400F88104008D
:10ABB000265603000D820400238204003A8204001A
:10ABC000485101204839012058370120B2CF0400F4
:10ABD00090CF0400C1D00400CCD00400EED004001B
:10ABE000F9D004002C5101202DE9F843064688468F
:10ABF0001746EFF31189202383F31288BFF36F8F79
:10AC0000214800F039F9054668B988231F4A2049D0
:10AC1000204805F0CAFB1C491F4805F0C6FB8821E7
:10AC20001A4805F0B9FB184800F04AF93468A64202
:10AC30001FD004B32046C4F8B0802761FEF7BCFEE5
:10AC400004F1180000F04EFB2046FEF7D1FE0E483E
:10AC500000F020F988B940F231130C4A0F490D4831
:10AC600005F0A3FB08490E4805F09FFB40F23111A7
:10AC7000D6E70025EBE72546E9E789F31188BFF31E
:10AC80006F8F2846BDE8F88368510120CB8104000E
:10AC9000F8810400265603000D820400238204007C
:10ACA0003A820400D3B5DDE90667089CCDE9006768
:10ACB000FFF756F91CB1034B9B681B69236002B078
:10ACC000D0BD00BF2C51012008B568B10F4B984290
:10ACD0000AD303F11802904206D21822C01AB0FB20
:10ACE000F2F302FB13034BB109490A4838230A4A1D
:10ACF00005F05BFB3821084805F04EFB0122074BAD
:10AD0000C0105843064B1A5408BD00BF403A0120FA
:10AD10003FD104002656030017D10400ABAAAAAA0B
:10AD200009680120C3897F2B12D80A4B1B6863B1C5
:10AD3000094B90F90E201B689A4209DB437BDB0626
:10AD400006D1064BC31A18BF012303F00100704758
:10AD50000023FAE760E800207051012058370120F5
:10AD600070B50E4B0E4C1E7C054606EB460304EBFD
:10AD7000C304204600F0B6FA00220A4B28469A5532
:10AD8000FFF7D0FF48B1084B2046BDE870401A6875
:10AD90000649013AD31700F0C1B970BD2C5101200A
:10ADA000403A01200968012060E80020C9AC020097
:10ADB00038B5EFF31185202383F31288BFF36F8F2B
:10ADC000234800F059F868B98823224A22492348C9
:10ADD00005F0EBFA1E49224805F0E7FA88211D48E4
:10ADE00005F0DAFA1A4800F06BF81E4B1E4A9C6810
:10ADF0001068A04213D1FFF7B3FF154800F04AF8DE
:10AE000008BB40F23113134A1849144805F0CDFA33
:10AE10000F49174805F0C9FA40F23111DFE7002168
:10AE20001B7C1160134AD35C002BE6D02046FFF751
:10AE300079FF0028E1D0637BDB0602D12046FEF7D4
:10AE400041FE2046D7E785F31188BFF36F8F38BDE9
:10AE500068510120CB810400F881040026560300CC
:10AE60000D8204002C5101206C510120238204002A
:10AE70003A82040009680120006838B1044B00F0F0
:10AE800003001B7CC01A18BF0120704701207047C7
:10AE90002C510120002302680360EFF30581074B6A
:10AEA00019B19968497BC90706D4197C9868084389
:10AEB000831A584258417047012070472C51012095
:10AEC000024B1A7C9B681343036070472C5101208E
:10AED0002DE9F8430F469046064660B935492E23C2
:10AEE000354A364805F061FA354805F05EFA2E21FC
:10AEF000314805F051FAEFF31185202383F31288CE
:10AF0000BFF36F8F2F48FFF7B7FF60B988232E4A32
:10AF10002E492A4805F049FA2A492D4805F045FAF4
:10AF200088212948E5E72748FFF7CAFF294B5C6AD3
:10AF300084B3B8F1000F38D04FF02009DFF88480D7
:10AF40004046FFF7A7FF68B940F231131E4A224975
:10AF50001A4805F02AFA1B49204805F026FA40F263
:10AF60003111DEE785F31188BFF36F8F3946204634
:10AF7000B047EFF3118589F31288BFF36F8F404616
:10AF8000FFF77AFF0028C1D04046FFF799FF646FB2
:10AF9000002CD5D10B48FFF77DFF0028D4D085F3D6
:10AFA0001188BFF36F8FBDE8F88320463946B0475C
:10AFB000646FBDE71BD30400F0D2040026560300E3
:10AFC00032D3040074510120CB810400F8810400C5
:10AFD0000D8204002C510120238204003A820400D7
:10AFE00038B50446EFF31185202383F31288BFF3AD
:10AFF0006F8F1D48FFF740FF68B988231B4A1C4923
:10B000001C4805F0D2F918491B4805F0CEF98821F3
:10B01000164805F0C1F91448FFF752FF174A536A62
:10B02000A34214D15B6F53620F48FFF733FFB0B9EF
:10B0300040F231130D4A12490E4805F0B6F90A499B
:10B04000104805F0B2F940F23111E1E71346002B48
:10B05000EAD05A6FA242F9D1626F5A67E4E785F3EA
:10B060001188BFF36F8F38BD74510120CB8104006C
:10B07000F8810400265603000D8204002C510120A3
:10B08000238204003A820400074808B5074A0849A9
:10B09000121A07F0CFFBBDE808400648064A0749E8
:10B0A000121A07F0C7BB00BF40DB0020E0EE002013
:10B0B0009CD9040028DB002040DB002084D9040058
:10B0C000024B1868984208BF0020704764E80020CF
:10B0D000034B1B680BB9F8F781BD0020704700BF18
:10B0E0007851012030B570B10B4B5B6898420AD0A3
:10B0F000036843B1D3E90421D0E90445121941EBB7
:10B100000501C3E90421D0E9003213605A6000232D
:10B11000C0E9003330BD00BF64E80020B3F1FF3F59
:10B1200008BFB2F1FF3F2DE9F74F044690469B461A
:10B1300015461F4600F0B880D0F80090B9F1000F16
:10B140000CD05B4972235B4A5B4805F02EF95B48E3
:10B1500005F02BF97221574805F01EF98160EFF3D5
:10B1600011830193202383F31288BFF36F8F544818
:10B17000FFF782FE824660B98823524A52494E4800
:10B1800005F013F94E49514805F00FF988214D4853
:10B19000E2E74B48FFF794FEB8F1FF3F7BF1FF3346
:10B1A0004B4A1FDBFFF794FF064601354BF1000BBE
:10B1B000474A2D184BEBE073D2E90017C4E904535A
:10B1C0006D1843EB0707FFF77BFF0346DFF810E13D
:10B1D000DEF80490F3B9C4E900E9C9F80040CEF8FC
:10B1E000044029E06FF00103D2E900125B1A4FF02E
:10B1F000FF3161EB0202B3EB080362EB0B02012BA0
:10B2000072F10001BCBF01234A464FF0000AC4E9B5
:10B210000432D8E7D3E9041CD4E904208A4270EB55
:10B220000C0B2EDA891A5A686CEB0000C3E9041083
:10B23000C4E9003214605C60FFF742FF84420ED123
:10B24000244B1B685BB9BAF1000F02D1FFF740FF36
:10B250000646304607F024FC0021F8F799FC184810
:10B26000FFF718FEB0B940F23113164A1A491248D6
:10B2700005F09BF81249194805F097F840F2311192
:10B2800085E7521A60EB0C009945C4E90420A2D06E
:10B290001B689FE7019B83F31188BFF36F8F2846DC
:10B2A000394603B0BDE8F08F00252F46F7E700BF11
:10B2B00070D304004CD304002656030061CB040075
:10B2C0007C510120CB810400F88104000D82040030
:10B2D000583A012078510120238204003A82040068
:10B2E00064E8002070B50446EFF31186202383F351
:10B2F0001288BFF36F8F2348FFF7BEFD68B988231C
:10B30000214A2249224805F050F81E49214805F0FB
:10B310004CF888211C4805F03FF81A48FFF7D0FD8B
:10B32000236833B3FFF7CCFE05462046FFF7DAFE6D
:10B3300000224FF00043A542C4E9042306D1FFF7E1
:10B34000C7FE07F0ADFB0021F8F722FC00240D48F2
:10B35000FFF7A0FD80B940F231130B4A0E490C48AB
:10B3600005F023F807490D4805F01FF840F23111A8
:10B37000D0E76FF01504EAE786F31188BFF36F8F0B
:10B38000204670BD7C510120CB810400F88104006F
:10B39000265603000D820400238204003A82040032
:10B3A0002DE9F04D0446EFF31186202383F3128834
:10B3B000BFF36F8F4348FFF75FFD68B98823424AA8
:10B3C0004249434804F0F1FF3E49424804F0EDFF92
:10B3D00088213D4804F0E0FFDFF808813948FFF795
:10B3E0006FFDC8F80040FFF76BFE4FF0000A0446FF
:10B3F0004FF0000B384FD8F80030D7E9001CD817B1
:10B4000054B1D4E90452AB4270EB020E1EDAED1ACD
:10B4100062EB0002C4E9045200245B184CEB00000C
:10B42000C7E900302046C8F8004007F039FB214644
:10B43000F8F7AEFB2348FFF72DFDA8B186F311887E
:10B44000BFF36F8FBDE8F04DFFF7B2BC69184CEB4E
:10B45000E5732046C4E904ABC7E90013FFF742FED9
:10B460001848FFF717FD68B940F23113164A1B4917
:10B47000174804F09AFF1349194804F096FF40F268
:10B480003111A6E786F31188BFF36F8F2046A368BA
:10B490009847EFF31186202383F31288BFF36F8F51
:10B4A0000848FFF7E9FC002888D00648FFF708FDA8
:10B4B000D8F800305B1BC8F80030FFF701FE0446E7
:10B4C00099E700BF7C510120CB810400F881040082
:10B4D000265603000D820400583A012023820400FE
:10B4E0003A8204007851012070B5EFF311862023D1
:10B4F00083F31288BFF36F8F1A48FFF7BDFC68B95A
:10B500008823194A19491A4804F04FFF1549194868
:10B5100004F04BFF8821144804F03EFF1148FFF768
:10B52000CFFCFFF7D5FD144AD2E90045041945EBDD
:10B53000E0750C48FFF7AEFC68B940F231130A4AD7
:10B540000E490B4804F031FF06490D4804F02DFF69
:10B5500040F23111DFE786F31188BFF36F8F204689
:10B56000294670BD7C510120CB810400F881040084
:10B57000265603000D820400583A0120238204005D
:10B580003A820400F8B50446EFF31187202383F3D1
:10B590001288BFF36F8F4F48FFF76EFC68B988239E
:10B5A0004D4A4E494E4804F000FF4A494D4804F0C8
:10B5B000FCFE8821484804F0EFFE4648FFF780FC77
:10B5C000226892B14348FFF765FC00287DD140F224
:10B5D0003113414A4449424804F0E7FE3D4943489B
:10B5E00004F0E3FE40F23111E4E7D4E90A36581CD6
:10B5F00046F10001022871F1000127D3012B76F1F9
:10B600000001BCBF012316465D1E46F1FF3607F060
:10B6100062FA013041F10001401946EB01010128B5
:10B6200071F100014CDB07F056FA013041F10001E5
:10B630006FF00102401946EB01034FF0FF31121A7F
:10B6400061EB030320462A49FFF768FD236B0133B2
:10B650002363236AD3B11F48FFF71CFC0028B6D030
:10B6600087F31188BFF36F8F2046236A9847EFF363
:10B670001187202383F31288BFF36F8F1548FFF7DC
:10B68000FBFB00288BD01348FFF71AFC54F8185F17
:10B69000A54297D0002D95D02846FEF7C5FB002384
:10B6A0000C48C5F8B030FFF7F5FB00288FD087F3C2
:10B6B0001188BFF36F8F2846BDE8F840FEF77CBACB
:10B6C0006FF001024FF0FF33BCE787F31188BFF33F
:10B6D0006F8FF8BD80510120CB810400F8810400F8
:10B6E000265603000D820400238204003A820400DF
:10B6F00085B502002DE9F843064614461D469146DD
:10B700009846EFF31187202383F31288BFF36F8FDE
:10B710002848FFF7B1FB68B98823274A27492848FA
:10B7200004F043FE2349274804F03FFE88212248C5
:10B7300004F032FE1F48FFF7C3FBB5F1FF3F08BF1F
:10B74000B4F1FF3F11D11B48FFF7A4FB60BB40F2EF
:10B750003113194A1C491A4804F027FE15491B48A1
:10B7600004F023FE40F23111E1E7631C75F1FF3371
:10B770000ADB012C75F100032246BCBF0122002523
:10B7800012F1FF3945F1FF383046FFF7ABFDDDE937
:10B790000823C6E90A2300234A463363304643465A
:10B7A0000B49FFF7BBFCCEE787F31188BFF36F8F20
:10B7B000BDE8F88380510120CB810400F8810400AA
:10B7C000265603000D820400238204003A820400FE
:10B7D00085B502002DE9F74F002615460446374689
:10B7E0004FF0200AB146DFF8108200910193009BD0
:10B7F0009E4203DB384603B0BDE8F08FEFF3118BB8
:10B800008AF31288BFF36F8F4046FFF735FB60B9AC
:10B810008823764A7649774804F0C7FD7649774809
:10B8200004F0C3FD8821714872E04046FFF748FBF1
:10B83000637B03F03F03102B5CD8DFE803F0314853
:10B84000095B2D5B5B5B4E5B5B5B5B5B5B5B540037
:10B8500023699B6823B30223E268C4F80890C2F30B
:10B8600086310B4363F39432E26085F800904046E2
:10B87000FFF710FB1434002840F0B18040F2311380
:10B880005A4A5F495B4804F090FD5B495D4804F00B
:10B890008CFD40F23111C6E723691B68002B39D1BA
:10B8A000019B002BE3D12B78002BE0D0637B03F0CE
:10B8B0003F03102B00F28880DFE803F040542E860F
:10B8C0004386868664868686868686867500236994
:10B8D0009B68002BE4D00123BEE723695B6A002B41
:10B8E000DED01023B8E72369DA895B899A42D7D082
:10B8F0002023B1E76723444A44493E4804F055FDFC
:10B90000617B434801F03F0104F04FFD67213E4851
:10B9100004F042FD04239FE7206950B93D4991237B
:10B92000394A344804F041FD3B4804F03EFD912182
:10B93000EDE72A462146103007F03CF9A5600137B3
:10B9400095E7206950B9354995232F4A294804F0D5
:10B950002CFD334804F029FD9521D8E72A462146DD
:10B960001430E9E7206950B92E499923264A214825
:10B9700004F01BFD2C4804F018FD9921C7E72A4666
:10B980002146D9E7206950B928499D231E4A194804
:10B9900004F00BFD264804F008FD9D21B7E72A4678
:10B9A00021462830C8E7206950B92249A123164A08
:10B9B000104804F0FAFC204804F0F7FCA121A6E7A7
:10B9C0002A4621463030B7E71049A8230E4A0948D5
:10B9D00004F0EBFC194804F0E8FCA82197E78BF38E
:10B9E0001188BFF36F8F013601E700BFCB810400E0
:10B9F000F881040026560300845101200D820400C2
:10BA0000238204003A82040090D3040091BE040013
:10BA1000B1D30400CED30400E8D30400FDD3040066
:10BA200019D404002AD4040047D404005ED40400CE
:10BA300079D4040092D40400ADD40400BDD4040031
:10BA40002DE9F843142315460C4600264FF0200834
:10BA500003FB0100554F0CB9BDE8F88310F8073C13
:10BA6000A0F1140903F03F0340F80C6C102B55D8DB
:10BA7000DFE803F0682909541A54545438545454D4
:10BA800054545454460050F8043C002B51D14849BA
:10BA9000B823484A484804F088FC484804F085FC2C
:10BAA000B821444804F078FC50F8043C002B40D105
:10BAB0004349BC233F4A404804F077FC414804F026
:10BAC00074FCBC21EDE750F8043C002B31D13E4919
:10BAD000C023384A384804F068FC3C4804F065FC50
:10BAE000C021DEE750F8043C1BBB3949C423314A6E
:10BAF000314804F05AFC374804F057FCC421D0E721
:10BB000050F8043CABB93449C8232A4A2A4804F007
:10BB10004CFC324804F049FCC821C2E73049CF232D
:10BB2000244A254804F041FC2E4804F03EFCCF2175
:10BB3000B7E750F8143C2BB150F8102C13605A6042
:10BB400040E905663846FFF7A5F970B940F23113B0
:10BB5000254A2649184804F028FC1449244804F0D2
:10BB600024FC40F2311120489CE785F31188BFF393
:10BB70006F8FEFF3118588F31288BFF36F8F38460C
:10BB8000FFF77AF9013C58B98823174A19490A483E
:10BB900004F00BFC0549184804F007FC8821E2E793
:10BBA0003846FFF78DF9484655E700BF845101201C
:10BBB000CED3040090D3040026560300E8D304003B
:10BBC000FDD3040019D404002AD4040047D404008F
:10BBD0005ED4040079D4040092D40400ADD40400EF
:10BBE00091BE0400BDD40400CB8104002382040074
:10BBF0003A820400F88104000D82040008B562B1A5
:10BC000017492E23174A184804F0CFFB174804F0B1
:10BC1000CCFB2E21134804F0BFFB3F290AD914495D
:10BC20003023104A104804F0C0FB124804F0BDFB5A
:10BC30003021EFE753B9104931230A4A0A4804F08A
:10BC4000B4FB0E4804F0B1FB3121E3E78260090246
:10BC5000027B01F47C511143C0E9031308BD00BF0E
:10BC6000D3D4040090D3040026560300F3D4040078
:10BC700019D504003DD504004DD5040060D504005D
:10BC80002DE9F04F1E465E4B17469C680123054682
:10BC900085B004F1600284F8603084F86130EFF31D
:10BCA000058BBBF1000F0ED0564940F22913564ABE
:10BCB000564804F07AFB564804F077FB40F229110D
:10BCC000514804F069FB60B952494FF495734E4AEC
:10BCD0004E4804F06AFB504804F067FB4FF495713E
:10BCE000EEE700290CDA4D4940F22B13464A47484B
:10BCF00004F05BFB4A4804F058FB40F22B11DFE7ED
:10BD000057EA06030CBF01230023FFF763FD8046BB
:10BD1000EFF311894FF0200A8AF31288BFF36F8F77
:10BD20004048FFF7A9F860B988233F4A3F493748A0
:10BD300004F03BFB3B493E4804F037FB88213A487E
:10BD4000BFE73848FFF7BCF894F860300BBB4A46B1
:10BD5000414628460393FFF773FE3248FFF79AF8EF
:10BD6000039B68B940F231132F4A3249274804F047
:10BD70001CFB2C49304804F018FB40F23111DEE77F
:10BD800089F31188BFF36F8F1C46204605B0BDE8CC
:10BD9000F08F57EA060384F860B00BD12148FFF713
:10BDA00079F80028DED089F31188BFF36F8F6FF028
:10BDB0000A04EAE74946CDE90076204A1948FEF729
:10BDC000CFF80446EFF311868AF31288BFF36F8F22
:10BDD0001448FFF751F80028A6D01248FFF770F872
:10BDE000284632464146FFF72BFE0E48FFF752F831
:10BDF0000028B7D086F31188BFF36F8FC5E700BF67
:10BE00002C510120F2CC040090D3040026560300EC
:10BE100061CB04007AD5040090D504009FD50400BE
:10BE2000AFD5040084510120CB810400F8810400C7
:10BE30000D820400238204003A8204006CE8002092
:10BE4000F8B505460E46EFF31187202383F31288D9
:10BE5000BFF36F8F1F48FFF70FF868B988231E4A9A
:10BE60001E491F4804F0A1FA1A491E4804F09DFA21
:10BE70008821194804F090FA1648FFF721F82C6839
:10BE8000A5421CD0D4E9003213605A600023314629
:10BE90002046C4E9003306F0B7FE0E48FEF7FAFF6D
:10BEA00078B940F231130C4A0F490D4804F07DFA7D
:10BEB00008490E4804F079FA40F23111D9E700241C
:10BEC000EBE787F31188BFF36F8F201E18BF0120A7
:10BED000F8BD00BF84510120CB810400F88104002B
:10BEE000265603000D820400238204003A820400D7
:10BEF00070B504460D46EFF31186202383F31288B4
:10BF0000BFF36F8F2148FEF7B7FF68B98823204A37
:10BF10002049214804F049FA1C49204804F045FA18
:10BF200088211B4804F038FA1848FEF7C9FF0121A0
:10BF30002068E5608442A16011D11448FEF7AAFF91
:10BF4000E8B940F23113124A1549134804F02DFAAA
:10BF50000E49144804F029FA40F23111E1E7D0E922
:10BF6000003213605A600023C0E9003306F04CFE33
:10BF7000314604460548FEF79DF9204670BD86F31C
:10BF80001188BFF36F8F0024F7E700BF84510120B1
:10BF9000CB810400F8810400265603000D820400C2
:10BFA000238204003A8204002DE9F84F4F1E0F420D
:10BFB00006460D469A460BD02F4917232F4A304884
:10BFC00004F0F3F92F4804F0F0F917212B481CE096
:10BFD000141D4DD241F0040B00F11408EFF3118948
:10BFE000202383F31288BFF36F8F4046FEF744FF90
:10BFF00068B98823244A2549214804F0D6F94146E6
:10C00000234804F0D2F988211F4804F0C5F94046BE
:10C01000FEF756FF224659463046D0470446404672
:10C02000FEF738FF68B940F23113174A194914482E
:10C0300004F0BBF94146184804F0B7F940F2311159
:10C04000E2E789F31188BFF36F8F8CB144F8046B7A
:10C050007DB13C420DD03423084A1049084804F011
:10C06000A4F921462A460E4804F09FF93421ADE791
:10C0700000242046BDE8F88FE0D50400BCD50400BC
:10C0800026560300FBD50400CB810400F881040090
:10C090000D820400238204003A82040018D60400B2
:10C0A0004AD604002DE9F04105460E46174606F033
:10C0B00087FC30B9074B9B68D3F8A84014B9BDE89A
:10C0C000F081054C3B46324629462046BDE8F0410A
:10C0D000FFF76ABF2C51012000EC0020024600212E
:10C0E000014B0248FFF760BF3101030000EC002064
:10C0F000014BC0F8A830704700EC00200146024A0E
:10C100000020FFF7CFBF00BF3101030007B5074B89
:10C110004FF40072009306494FF0FF330548FDF7D6
:10C1200001F9002003B05DF804FB00BF04540300D4
:10C1300050CB0220603A01200EB403B503AB014698
:10C14000054853F8042B0068019300F095F902B0FC
:10C150005DF804EB03B0704774E800202DE9F0416E
:10C160004C4A0C460023D0E90001DCF7F1FC002A20
:10C170004FF4616100F52F20B7BF02F5A83200F639
:10C180006C2000F66B2002F5C072B2FBF1F301FBEC
:10C1900013223C21A360B2FBF1F301FB13223E49C1
:10C1A0006360C31C2260072293FBF2F2C2EBC2025F
:10C1B0009B1A55D50733A361A0F50E33A3F52C7355
:10C1C00093FBF1F1354B40F2B45C40F26D176426FD
:10C1D00003FB010048F6AC634FF00508B0FBF3F336
:10C1E000B0FBFCF203449B1A2D4AB0FBF2F29B1AFF
:10C1F000B3FBF7F2B3FBFCF3B2FBF6F5EB1A034427
:10C20000992007FB123303EB830703F1010E02377A
:10C21000B7FBF0FC00FB0CF00230B0FBF8F0AEEB2B
:10C22000000040F2F95E77458CBF6FF009070227E6
:10C2300067444FF4C87C0CFB0121012F98BF0131EA
:10C24000B3F5997F12D3A3F59973A1F26C71E361F1
:10C250000023E06020462362C4E90471BDE8F08158
:10C260000028A361A8DB90FBF1F1ABE712F0030F0C
:10C2700002D106FB15255DB94FF4C875B2FBF5F682
:10C2800005FB1622B2FA82F252093B331344DCE773
:10C290000122FAE780510100B13A02004FC5FDFFCB
:10C2A000B03A0200024B0146186800F08BB800BF9C
:10C2B00074E80020034B10B50446196800F04EF8EE
:10C2C000204610BD74E8002038B50546002941D04D
:10C2D00051F8043C0C1F002BB8BFE41801F0C6FD58
:10C2E0001D4A136833B9636014602846BDE83840BE
:10C2F00001F0C2BDA34208D9206821188B4201BFBA
:10C3000019685B6809182160EDE71A465B680BB194
:10C31000A342FAD911685018A0420BD120680144F9
:10C32000501811608342E0D118685B68084453607C
:10C330001060DAE702D90C232B60D6E720682118B9
:10C340008B4202BF19685B680918636008BF2160EF
:10C350005460CAE738BD00BFB451012070B5164C17
:10C36000054608460E4601F081FD236843B10021D1
:10C37000304600F01DFF421C03461CBF2268831A92
:10C380000E4A1168002291B90D4C30462E462360AA
:10C390009B1A2262E36101F06FFD0FCC0FC60FCC38
:10C3A0000FC694E8030086E80300284670BD0868BD
:10C3B00049680244E7E700BFB0510120B4510120B1
:10C3C00088510120F8B5CD1C064625F00305083537
:10C3D0000C2D38BF0C25002D01DBA94203D90C23FD
:10C3E00033600020F8BD01F041FD21490A68144680
:10C3F0009CB9204F3B6823B92146304600F0D8FE57
:10C4000038602946304600F0D3FE431C23D10C236C
:10C410003046336001F030FDE3E723685B1B17D43F
:10C420000B2B03D923601C44256004E06368A242FF
:10C430000CBF0B605360304601F01EFD04F10B0091
:10C44000231D20F00700C21A1CBF1B1AA350C9E706
:10C4500022466468CCE7C41C24F00304A042E3D065
:10C46000211A304600F0A4FE0130DDD1CFE700BF35
:10C47000B4510120B05101202DE9F04F0D469DB07F
:10C4800014469846064618B183690BB901F0EAF9DB
:10C49000874B9D421BD175686B6ED90705D4AB895C
:10C4A0009A0502D4A86DF5F7CFFFAB891B0701D51C
:10C4B0002B69EBB92946304601F0DAF8C0B16B6E52
:10C4C000DC070ED54FF0FF301DB0BDE8F08F794B83
:10C4D0009D4201D1B568DFE7774B9D4208BFF56803
:10C4E000DAE7AB899805EDD4A86DF5F7C9FFE9E760
:10C4F0000023CDF80C804FF00109DFF8C0810993CB
:10C5000020238DF8293030238DF82A3023469A468F
:10C5100013F8012B0AB1252AF9D1BAEB040B0BD081
:10C520005B4622462946304606F03EFC013000F0CC
:10C53000A680099A5A4409929AF80030002B00F01C
:10C540009E8000234FF0FF320AF1010A0493079303
:10C550008DF853301A93CDE90523544605225748E8
:10C5600014F8011B06F0BCFB049BD0B9D90644BFEC
:10C5700020228DF853201A0744BF2B228DF8532018
:10C580009AF800202A2A14D0079A544600204FF027
:10C590000A0C214611F8013B303B092B4AD970B9EE
:10C5A00014E0A0EB0800A24609FA00F0184304903A
:10C5B000D3E7039A111D1268002A039101DB079249
:10C5C00004E0524243F002030792049323782E2B97
:10C5D0000AD163782A2B32D1039B02341A1D1B68BF
:10C5E00043EAE37303920593DFF8E0A00322217886
:10C5F000504606F075FB38B1A0EB0A004022049BC0
:10C60000013482401343049314F8011B06222C4882
:10C610008DF8281006F064FB00283FD0294B1BBB87
:10C62000039B073323F0070308330393099B3B4421
:10C6300009936BE70CFB02320C460120A9E70023AB
:10C6400001344FF00A0C19460593204610F8012BCF
:10C65000303A092A03D9002BC6D00591C4E70CFB58
:10C66000012104460123F0E703AB2A4604A9304622
:10C670000093154B00F02CF80746781CD6D16B6E52
:10C68000D90705D4AB899A0502D4A86DF5F7F8FE51
:10C69000AB895B063FF516AF099815E703AB2A4651
:10C6A00004A930460093084B00F046FAE4E700BFC7
:10C6B0007854030058540300385403007CD7040016
:10C6C00086D70400D1C60200A92D030082D704003A
:10C6D0002DE9F04F8DB00C4616461F46DDF8588008
:10C6E000054601F06DFB036818460493DCF7C2FAB7
:10C6F000002305900A93D8F8003094F818A0073367
:10C70000D4F800B023F0070303F10802C8F80020B2
:10C710004FF0FF32D3E9008929F00043CDF81880AB
:10C7200007939C4BDDE90601C4E91289DCF762F945
:10C7300070BB4FF0FF32974BDDE90601DCF73CF9A7
:10C7400030BB0022002340464946DCF72BF910B1EC
:10C750002D2384F84330904A904BBAF1470F94BF91
:10C760009046984603234FF0000923612BF0040301
:10C77000236033460BAA21462846009706F0C7FBE4
:10C78000013040F096804FF0FF300DB0BDE8F08FE3
:10C7900042464B4640464946DCF72CF940B14B46F1
:10C7A0007F4A002BBCBF2D2384F843307D4BD4E758
:10C7B00063685A1C26D1062363604BF48062002311
:10C7C0002846226003930AABCDE901A309AB49ECEB
:10C7D000108B00930DF12303616806F0F7FABAF1AC
:10C7E000670F8046099915D1CB1C3BDB63689942E2
:10C7F00038DC0A9B994255DB23682161D80745D56F
:10C800004B1C42E00AF0DF02472AD6D1002BD4D1DC
:10C810000123D1E7BAF1470F07D1C81C25DB6368B4
:10C820008B4222DB4FF0670AE3E7BAF1650F1FD8AE
:10C830000139524604F15000099106F02FFB0A9A83
:10C8400081461318012A236102DC2268D20701D530
:10C85000013323619DF82330002B8AD02D2384F8E7
:10C86000433086E74FF0650AE2E74FF0450ADFE71D
:10C87000BAF1660FBDD1002963680BDD216113B9E0
:10C880002268D00702D501330B4423614FF0000921
:10C89000A165DFE713B92268D20701D50233F4E7B7
:10C8A0000123F2E70029D4BFC1F10202012213449F
:10C8B000EBE723685A0507D42369424631462846E8
:10C8C000B84701302BD15EE7BAF1650F40F2DD8049
:10C8D00000220023D4E91201DCF75AF8002833D0F3
:10C8E0000123314A31462846B84701303FF44BAF67
:10C8F000DDE90938434502DB2368D8070FD5314607
:10C900002846DDE90423B84701303FF43CAF4FF03F
:10C91000000908F1FF3804F11A0AC84509DC236848
:10C920009B0700F10381E0680B9B9842B8BF184653
:10C930002BE70123524631462846B84701303FF4E1
:10C9400022AF09F10109E8E7099B002B39DC01233B
:10C95000154A31462846B84701303FF414AFDDE9A7
:10C96000093959EA030302D12368D907D7D53146DB
:10C970002846DDE90423B84701303FF404AF4FF007
:10C98000000A04F11A0B099B5B4253450EDC4B462F
:10C9900093E700BFFFFFEF7F8DD70400B79204003D
:10C9A00091D7040095D7040091BE040001235A4694
:10C9B00031462846B84701303FF4E5AE0AF1010A96
:10C9C000E1E7A36DDDF828A05345A8BF5346002B2F
:10C9D000994636DC4FF0000B29EAE97904F11A0296
:10C9E000A36D0693A3EB09035B4531DC099B9A45D4
:10C9F0003ADC2368DA0737D4099BAAEB0309069BC4
:10CA0000AAEB03039945A8BF9946B9F1000F33DC9F
:10CA10004FF0000829EAE97904F11A0B099BAAEB07
:10CA20000303A3EB090343457FF779AF01235A467C
:10CA300031462846B84701303FF4A5AE08F1010859
:10CA4000ECE7424631462846B8470130C2D19AE663
:10CA50000123314628460692B84701303FF493AE91
:10CA60000BF1010B069ABBE7DDE9042331462846AA
:10CA7000B8470130C0D186E6069A4B463146284673
:10CA80004244B8470130C3D17DE6DDF828A0BAF1B1
:10CA9000010F01DCDB0736D501234246314628462B
:10CAA000B84701303FF46FAE31462846DDE9042334
:10CAB000B84701303FF467AE002200230AF1FF3A85
:10CAC000D4E91201DBF764FFC0B9534608F1010253
:10CAD00031462846B84701300CD154E601235A4666
:10CAE00031462846B84701303FF44DAE08F1010801
:10CAF000D045F3DB4B4604F15002DFE64FF000086F
:10CB000004F11A0BF4E701234246E1E701234A4608
:10CB100031462846B84701303FF435AE08F10108E8
:10CB2000E3680B995B1A4345F0DCFCE64FF0000824
:10CB300004F11909F4E700BF2DE9FF470F7E914684
:10CB400080460C46782F9A460C9D01F1430207D887
:10CB5000622F0AD8002F00F0E080582F00F0BB8031
:10CB600004F1420684F842703AE0A7F16303152B02
:10CB7000F6D801A151F823F0D1CB0200E5CB020099
:10CB800061CB020061CB020061CB020061CB0200ED
:10CB9000E5CB020061CB020061CB020061CB020059
:10CBA00061CB020001CD020075CC0200B7CC0200BF
:10CBB00061CB020061CB020023CD020061CB0200F9
:10CBC00075CC020061CB020061CB0200BFCC020039
:10CBD0002B6804F142061A1D1B682A6084F8423053
:10CBE0000123ABE0236829681F0601F104002860D7
:10CBF00001D50D6803E05E06FBD5B1F90050002DAC
:10CC000061687ADA2D200029A16084F843002DDACA
:10CC10006D425E480A231646B5FBF3F103FB11573C
:10CC2000C75D06F8017D2F460D46BB42F4D9082B9F
:10CC30000BD12368DF0708D5236961689942DEBFFD
:10CC4000302306F8013C06F1FF36921B22614B4669
:10CC500003AA21464046CDF800A006F058F901305D
:10CC600071D14FF0FF3004B0BDE8F08723F004032A
:10CC70002360CDE72B682068191D2960050601D5C2
:10CC80001D6802E04106FBD51D886F2F3F4814BF89
:10CC90000A230823002184F843106668002EA6604A
:10CCA000B9DB216821F004012160002DB3D1002EF1
:10CCB000B1D11646BBE7236843F0200323607827F1
:10CCC000334884F84570296823680E1D2E601E06BF
:10CCD00003D50D6804E02D48F3E75D06F9D50D880E
:10CCE000D90744BF43F0200323600DB11023D1E7DF
:10CCF000236823F020032360F8E724480A23CCE7C5
:10CD00002B682668181D6169286035061B6801D5E7
:10CD1000196002E07006FBD51980002316462361D6
:10CD200095E72B6800211A1D2A601E68626830464C
:10CD300005F0D6FF08B1801B6060636823610023A3
:10CD400084F8433083E72369324649464046D0475A
:10CD5000013086D023689B0714D4E068039B984277
:10CD6000B8BF18467FE70123324649464046D047C0
:10CD700001303FF476AF0135E36803995B1AAB42AB
:10CD8000F1DCEAE7002504F11906F5E799D704007C
:10CD9000AAD704002DE9F04F87B0914680460C4693
:10CDA00003938B685A1EB2F5AE7F0A4689BF6FF4B3
:10CDB000AE754FF0000B03EB050B40F25D134FF027
:10CDC000000588BF8B600B68AA462F46029543F486
:10CDD000F06342F81C3B16460192CDE90455A26867
:10CDE0005AB1D9F800301B784E2B63D8402B3BD872
:10CDF000A3F12B01C8B20E2839D91FB1236823F43F
:10CE0000807323600AF1FF3ABAF1010F00F2158135
:10CE1000019B9E4200F20681012007B0BDE8F08F21
:10CE2000A3F161020D2AE8D801A151F822F000BF58
:10CE300079CF0200FBCD0200FBCD0200FBCD02004A
:10CE4000D5CF0200AFCF0200FBCD0200FBCD020028
:10CE500087CF0200FBCD0200FBCD0200FBCD02001C
:10CE6000FBCD020043CF0200A3F14102DAE70E2915
:10CE7000C3D801A050F821F033CF0200FBCD02004F
:10CE800033CF0200C3CF0200FBCD0200D5CE02009B
:10CE900019CF020019CF020019CF020019CF0200EA
:10CEA00019CF020019CF020019CF020019CF0200DA
:10CEB00019CF02006E2B09D8602BB1D8542B7BD030
:10CEC000592B9AD1072D98D108252FE0742B73D0B8
:10CED000792BF6E72168C8051ED521F080010137BE
:10CEE0002160BBF1000F03D001320BF1FF3BA260C8
:10CEF000A368013BA360236901332361D9F804309F
:10CF0000013B002BC9F8043040F38380D9F800308E
:10CF10000133C9F8003062E71AEB05017FF46DAF09
:10CF200022680D468A4622F4C072226006F8013B50
:10CF3000DEE7226810067FF560AF22F080022260F3
:10CF4000F4E7BAF1000F0CD177B9226802F4E0617E
:10CF5000B1F5E06F08D122F4F0624FF0010A2260CF
:10CF6000E4E7BAF1020F51D0012D02D0042D7FF475
:10CF700044AF0135EDB2D9E7BAF1010F7FF43DAF0F
:10CF80004FF0020AD2E775B9002F7FF437AF22685D
:10CF900002F4E061B1F5E06F40F0038122F4F06249
:10CFA00001252260C2E7032DE3D0052DDFE7022D26
:10CFB0007FF423AF0325B9E7062D7FF41EAF0725C5
:10CFC000B4E7226891057FF518AF22F4207202972A
:10CFD0002260ABE7226802F4A061B1F5806F05D052
:10CFE00050057FF50AAF002F00F0DB80910522F499
:10CFF000F06258BF029942F4C07258BF791A226099
:10D000004FF0000758BFCDE904168FE74FF0030A31
:10D010008CE7D4F8803149464046984700283FF4D1
:10D02000DEAEEAE6D4F87C314A4616F8011D4046E9
:10D0300098472369013B2361EAE66B1E062B24D83F
:10D04000022D36D8019B9E427FF6E6AED4F87C31A5
:10D050004A4616F8011D404698472369013B236163
:10D06000F0E7D4F87C314A461BF8011D404698474A
:10D070002369013B23610AF1FF3A5FFA8AFABAF1A8
:10D08000020FEED1033DEDB2761B2368DA052FD5F2
:10D090005B0511D5019B9E427FF6BEAED4F87C3174
:10D0A0004A4616F8011D404698472369013B236113
:10D0B000F0E7AA46B346DEE716F8011C751E2369A1
:10D0C000652903F1FF3323610CD045290AD0D4F838
:10D0D0007C314A464046B51E9847236916F8021C23
:10D0E000013B23612E46D4F87C314A46404698479E
:10D0F000226812F0100201D000208EE63270236800
:10D1000003F4C063B3F5806F25D1029B9F420AD020
:10D11000DA1B04F26F1324499E4228BF04F5B77648
:10D12000304600F08FF800220199404600F0F6F8F2
:10D130002168039B11F0020F1B6857EC106B03F181
:10D14000040215D003990A601B68C3E90067E3680D
:10D150000133E360D0E7049B002BE4D005990A2358
:10D160004046013106F013F8049B059EC21AD0E731
:10D1700011F0040F03990A60E6D11D6832463B4660
:10D1800030463946DBF736FC28B1084800F020F875
:10D1900085ED000ADBE730463946DBF789FC28607D
:10D1A000D5E700272EE600BFBBD7040063CB040001
:10D1B00038B50023054D044608462B60F5F700F905
:10D1C000431C02D12B6803B1236038BDB851012044
:10D1D0009FED010A704700BF0000C07F0CB4184BE0
:10D1E00030B50C1E9DB01D6808DA8B234FF0FF3060
:10D1F0002B601DB0BDE8304002B070474FF40273A1
:10D200000290069002A9ADF8143014BF04F1FF3368
:10D210002346209A2846049307934FF6FF73ADF8F0
:10D22000163021AB019301F00BFA431CBCBF8B23DA
:10D230002B60002CDDD0029B00221A70D9E700BFC2
:10D2400074E800200EB400B59CB06FF000411DAB37
:10D2500002900690079104910848094953F8042B5D
:10D26000059102A90068019301F0EAF9029B0022EE
:10D270001A701CB05DF804EB03B0704774E800202E
:10D280000802FFFF0EB430B59CB04FF401721FAC22
:10D29000ADF81420029054F8045B0690DBF7EAFC2A
:10D2A0000B4B2A46039002A90B93002307900F9380
:10D2B00014934FF6FF730748ADF816302346006805
:10D2C000019401F0B9FA1CB0BDE8304003B07047DA
:10D2D0001530030074E8002070B50A4405460E4E70
:10D2E000914201D1002011E015F8013B11F8014BEA
:10D2F000F05C00F003000128305D00F0030008BF7F
:10D300002033012803D12034181BE9D070BD181B2D
:10D31000FCD1002CE4D1F9E77CD60400014BDCF70A
:10D32000C7BD00BFD8E80020242B2DE9F047864672
:10D33000904601D8012B06D104F0B4FD16230360FA
:10D340000020BDE8F0870D4635482A4615F8014B08
:10D35000065D16F00806F8D12D2C24D12C78012674
:10D36000951C2BBB302C30D00A2306F1004C002238
:10D370000CF1FF3C1046BCFBF3F903FB19CAA4F106
:10D380003007092F28D83C46A34234DD571C07D06C
:10D3900081452DD301D1A2452ADB00FB03400122A8
:10D3A00015F8014BEBE72B2C04BF2C78951CD8E724
:10D3B000102BDAD1302CD8D12A7802F0DF02582A8B
:10D3C000D3D16C7810230235CFE72B7803F0DF033D
:10D3D000582BF6D00823C8E7A4F14107192F01D82C
:10D3E000373CD1E7A4F16107192F04D8573CCBE7AC
:10D3F0004FF0FF32D4E7531C08D122236046CEF809
:10D400000030B8F1000F9CD0691E06E006B1404222
:10D41000B8F1000F95D0002AF6D1C8F8001090E7B7
:10D420007CD6040013460A46014602480068FFF70E
:10D430007BBF00BF74E800202DE9F04386460D460F
:10D44000354E284615F8014B375D17F00807F8D11F
:10D450002D2C26D12C780127851C3BBB302C32D0BB
:10D460000A234FF0FF380026B8FBF3F803FB08F956
:10D4700030466FEA0909A4F1300CBCF1090F29D834
:10D480006446A34237DDB6F1FF3F07D080452FD376
:10D4900001D1A1452CDB00FB0340012615F8014B0F
:10D4A000E9E72B2C04BF2C78851CD6E7102BD8D1AC
:10D4B000302CD6D1287800F0DF005828D1D16C78F4
:10D4C00010230235CDE72B7803F0DF03582BF6D07D
:10D4D0000823C6E7A4F1410CBCF1190F01D8373C71
:10D4E000CFE7A4F1610CBCF1190F04D8573CC8E791
:10D4F0004FF0FF36D2E7731C06D122233046CEF818
:10D50000003032B9BDE8F08307B14042002AF9D0BB
:10D5100006B1691E1160F5E77CD6040013460A4681
:10D52000014602480068FFF787BF00BF74E800208B
:10D5300007B5009313460A4601460348006805F004
:10D540002AFE03B05DF804FB74E8002070B51E46A7
:10D550009AB04FF40173044608461546ADF80C30F6
:10D5600000910491DBF786FB094B2A46694601903E
:10D5700009930023059020460D9312934FF6FF73F5
:10D58000ADF80E30334601F057F91AB070BD00BF48
:10D590001530030013460A46014602480068FFF7AB
:10D5A000D5BF00BF74E80020F8B50E461446054606
:10D5B00018B183690BB900F055F9214B9C4210D189
:10D5C0006C68A369A360A3891A0701D5236993B97D
:10D5D0002146284600F04CF868B14FF0FF37384636
:10D5E000F8BD184B9C4201D1AC68EAE7164B9C424F
:10D5F00008BFEC68E5E72369F6B220683746C01A31
:10D600006369834205DC2146284600F0ADF8002816
:10D61000E3D1A3680130013BA36023685A1C226058
:10D620001E706369834204D0A389DB07D7D50A2E15
:10D63000D5D12146284600F097F80028CFD0CCE776
:10D6400078540300585403003854030038B5044696
:10D65000064D0846114600222A601A4604F029FCAD
:10D66000431C02D12B6803B1236038BDB85101209F
:10D67000314B70B51D6806460C4625B1AB6913B930
:10D68000284600F0EFF82D4B9C420ED16C68B4F99F
:10D690000C301A072CD4DD0611D40922326043F075
:10D6A00040034FF0FF30A3813DE0254B9C4201D168
:10D6B000AC68ECE7234B9C4208BFEC68E7E75807EF
:10D6C00012D5616B41B104F14403994202D0304656
:10D6D000FEF7FAFD00236363A38923F02403A381EB
:10D6E0000023636023692360A38943F00803A381B7
:10D6F00023694BB9A38903F42073B3F5007F03D0EA
:10D700002146304600F072FBB4F90C3013F00102F0
:10D710000AD00022A26062695242A261226942B923
:10D7200013F08000BBD170BD990758BF6269A26039
:10D73000F4E70020F7E700BF74E800207854030006
:10D74000585403003854030038B50023054D0446EF
:10D7500008462B6004F0A8FB431C02D12B6803B1E0
:10D76000236038BDB851012038B50B6905460C4619
:10D7700013B90025284638BD18B183690BB900F0EC
:10D7800071F8144B9C421BD16C68B4F90C30002B1F
:10D79000EFD0626ED00704D4990502D4A06DF4F7DF
:10D7A00053FE2846214605F0AEFD636E0546DA07B6
:10D7B000E0D4A3899B05DDD4A06DF4F761FED9E721
:10D7C000054B9C4201D1AC68DFE7044B9C4208BF8B
:10D7D000EC68DAE778540300585403003854030027
:10D7E000002310B504468360818119464366C281D7
:10D7F00008228361C0E90033C0E904335C3005F0DE
:10D80000B4FA054B24626362044BA362044BE362E7
:10D81000044B236310BD00BFF32F03001930030036
:10D820005130030075300300014905F005BE00BF0B
:10D8300069D702000148F4F707BE00BF44EC00209E
:10D840000148F4F71DBE00BF44EC00200148F4F786
:10D85000FBBD00BF58EC00200148F4F711BE00BF2B
:10D8600058EC002010B50446FFF7F0FFA3691BB188
:10D87000BDE81040FFF7F0BFC4E91233236520462E
:10D88000124B134A1B68A262A34204BF0123A36187
:10D8900000F020F86060204600F01CF8A0602046F0
:10D8A00000F018F800220421E0606068FFF798FF9C
:10D8B00001220921A068FFF793FF02221221E068EC
:10D8C000FFF78EFF0123A361D2E700BF0C540300D2
:10D8D00029D80200F8B50746FFF7ACFF1E4B1E68BB
:10D8E000B36913B93046FFF7BDFF4836D6E90134B6
:10D8F000013B03D533680BB33668F7E7B4F90C5036
:10D90000D5B9164B04F158006566E360F4F76CFD79
:10D91000FFF796FF0822294604F15C002560A56107
:10D92000C4E90155C4E9045505F01FFAC4E90D55D1
:10D93000C4E912552046F8BD6834D9E704213846B9
:10D9400005F064FD044630600028D5D1FFF778FF6C
:10D950000C233B60EEE700BF0C5403000100FFFF07
:10D960002DE9F04F8BB08B4690460693AC4B02905E
:10D970001B6818460393DBF77DF9039B0190034472
:10D9800013F8013C0793DBF800309A1C174612F895
:10D99000010B3028FAD0FB1AA3F1020A05F0BCFDF6
:10D9A0000446002838D1019A3846039905F08AFBCD
:10D9B0000546002864D1019BF85CFE1805F0ACFD1B
:10D9C00000285FD0334618781F4601333028FAD03C
:10D9D00005F0A2FDB0FA80F435464FF0010A640963
:10D9E0003A4616460132307805F096FD0028F8D107
:10D9F000019A3046039905F065FB80B94DB9019B4A
:10DA0000F5182A4616460132307805F085FD0028C3
:10DA1000F8D1AD1BAD0004E000242546E0E7002D61
:10DA2000F7D1337803F0DF03502B38D173782B2BE9
:10DA30002AD02D2B2CD0711C4FF00009087805F04E
:10DA40006BFD431EDBB2182B29D8A0F1100211F890
:10DA5000010F05F061FD431EDBB2182B1BD9B9F194
:10DA6000000F00D052421544CBF80010CCB1BAF1EF
:10DA7000000F0CBF0626002630460BB0BDE8F08F25
:10DA80003E4625460124CCE74FF00009B11CD5E7FE
:10DA90004FF00109FAE70A2303FB0200D5E73146FC
:10DAA000E2E7F31B2146013B072B0ADC029800F05A
:10DAB000E9F9044640B95B4B0246DE215A4801F0C1
:10DAC0009DF901315B10EFE74FF0000B019B00F176
:10DAD0001409C3F10103DA46CDF810900893B74258
:10DAE00038D3049E504646F804ABA6EB0906B610A0
:10DAF0002661760105F01DFED8F80070361ABE4288
:10DB000060DDF61B2046314605F0D2FE824678B134
:10DB1000731E4FF0010A591103F01F0259F821102A
:10DB20000AFA02F20A4203D0534542DC4FF0020ADD
:10DB300035443146204605F09EFCD8F80830AB420B
:10DB40004EDA2146029800F0DDF90023149AA3264C
:10DB5000136091E7731E079A059316F8013C9342F0
:10DB600017D0BBF1200F06D1049B43F804AB4FF054
:10DB7000000A0493D34616F8010C05F0CDFC00F022
:10DB80000F00059B00FA0BF00BF1040B4AEA000AA8
:10DB90000DE0059B089A1344BB42E2D31846019A54
:10DBA0000399099305F08EFA099B0028D9D11E46E6
:10DBB00095E7B11E204605F07BFE0028B6D04FF059
:10DBC000030AB5E709DABE1B214602983246AD1BAF
:10DBD00000F066FB044600F114094FF0000AACE7C0
:10DBE000D8F80430AB4270DD5D1BAF4235DCD8F8AD
:10DBF0000C30022B29D0032B2BD0012B1CD1AF4290
:10DC00001AD1012F12D1D8F804306226069A136077
:10DC100001232361C9F80030149B1C602CE700BF6E
:10DC20009854030040D8040051D80400791E2046BF
:10DC300005F03EFE0028E6D12146029800F062F988
:10DC40000023149A5026136016E7159B002BF3D17E
:10DC5000D9E7159B002BD6D1EEE76E1EBAF1000F67
:10DC600030D126B13146204605F022FE824672119F
:10DC7000012306F01F06294659F822202046B3400A
:10DC80007F1B0226134218BF4AF0020A05F0F3FB7D
:10DC9000D8F80450BAF1000F47D0D8F80C30022B56
:10DCA00015D0032B17D0012B09D11AF0020F06D083
:10DCB000D9F800304AEA030A1AF0010F0ED146F0F3
:10DCC000100632E04FF0010AD1E70126E2E7159B8A
:10DCD000C3F101031593159B002BF0D0D4F810B0BD
:10DCE00004F114034FF0000C4FEA8B0A03EB8B0195
:10DCF000184653F8042BB2F1FF3F1BD001320260EB
:10DD0000022E04F114033CD1D8F80020013ABA42A3
:10DD100009D17911012207F01F0753F8213002FAC7
:10DD200007F71F423AD146F02006149B1C60069B61
:10DD30001D60A1E6994243F804CCD9D8A3689B455D
:10DD400017DB61680298013100F09CF8814618B930
:10DD50001A4B02468421B1E6226904F10C010C3011
:10DD60000232920004F0DAFF21464C46029800F09D
:10DD7000C9F823695A1C04EB8303226101225A610A
:10DD8000BEE722695A450BDD0121204605F073FBF1
:10DD90000135D8F80830AB42FFF6D3AE0126C2E712
:10DDA00017F01F07FAD05344C7F1200753F8040CAB
:10DDB00005F0BFFCB842E7DBF0E700BF40D8040045
:10DDC00000487047C8E9002038B50446064D0846AB
:10DDD000114600222A601A4604F06EF8431C02D154
:10DDE0002B6803B1236038BDB85101208B89F7B58A
:10DDF0009D0706460C4607D504F1470323602361BF
:10DE00000123636103B0F0BD01AB6A4605F05AFC23
:10DE1000009F054630463946FEF7D4FA48B9B4F9B2
:10DE20000C309A05EED423F0030343F00203A381E0
:10DE3000E2E70D4BB362A389206043F08003A38126
:10DE4000019BC4E904075BB1B4F90E10304601F040
:10DE500005F828B1A38923F0030343F00103A3814C
:10DE6000A3891D43A581CDE729D802000148F4F715
:10DE7000EBBA00BF30EC00200148F4F701BB00BF53
:10DE800030EC002070B5466A04460D4676B9102085
:10DE9000FEF708FA0246606220B9184B662118485E
:10DEA00000F0ACFFC0E901660660C660666AF36810
:10DEB00083B1636ADB6853F82500B8B901212046B5
:10DEC00001FA05F6721D920005F013FD60B1C0E97C
:10DED00001560EE021220421204605F00AFD636A66
:10DEE000F060DB68002BE4D1002070BD026843F8CD
:10DEF00025200023C0E90333F7E700BFCDD7040096
:10DF0000BBD8040070B5466A05460C4676B91020A9
:10DF1000FEF7C8F90246686220B9094B8A21094810
:10DF200000F06CFFC0E901660660C6603CB16B6A38
:10DF30006268DB6853F82210216043F8224070BD0C
:10DF4000CDD70400BBD804002DE9F04101F1140C39
:10DF500007460C461E460D690020DCF800300130F3
:10DF600099B2854202FB01614FEA13464FEA114321
:10DF700089B202FB063301EB03414FEA13464CF82A
:10DF8000041BEADC0EB3A368AB4219DC61683846B7
:10DF90000131FFF777FF804628B902460C4BB521C7
:10DFA0000C4800F02BFF226904F10C010C30023206
:10DFB000920004F0B3FE214644463846FFF7A2FF24
:10DFC00004EB850301355E6125612046BDE8F081E3
:10DFD00040D80400BBD804002DE9F84315461F467D
:10DFE000092208330C460646002193FBF2F3012276
:10DFF0009A4209DB3046FFF745FF40B90246194B0C
:10E00000CE21194800F0FAFE52000131F0E7089BDA
:10E01000092D43614FF00103036116DD04F1090985
:10E020002C44C84618F8013B01460A223046303BD2
:10E03000FFF78AFFA045F5D1A5F108044C442D1B3C
:10E040006319BB4204DBBDE8F8830A340925F6E70F
:10E0500014F8013B01460A223046303BFFF774FFBB
:10E06000EEE700BF40D80400BBD8040010B50C4652
:10E070000121FFF707FF024628B9054B4FF4A071B5
:10E08000044800F0BBFE01234461036110BD00BFE2
:10E0900040D80400BBD804002DE9F04F14460A69AB
:10E0A0000F4685B023699A42A2BF23460C461F46FD
:10E0B000D4F810A0A368D7F8109061680AEB09069D
:10E0C000B342B8BF0131FFF7DDFE30B90246454B20
:10E0D00040F25D11444800F091FE00F11405002269
:10E0E00005EB86082B46434521D307F1140104F1C3
:10E0F000140204F1150702EB8A0201EB8903029373
:10E10000131B153B23F003030433BA4238BF042327
:10E110000193029B03918B420CD8002E03DD58F82B
:10E12000043D002B5BD0066105B0BDE8F08F43F8DD
:10E13000042BD8E7B1F800A0BAF1000F24D004F105
:10E14000140EA9464FF0000C5EF8047BD9F800309D
:10E150001FFA87FB72459BB20AFB0B334FEA174B42
:10E16000D9F8007063444FEA174C0AFB0BC707EB62
:10E1700013479BB24FEA174C43EA074349F8043B65
:10E18000E2D8019B45F803C0039B0431B3F8029029
:10E19000B9F1000F21D02B6804F1140CAE464FF0FA
:10E1A000000ABCF800B09BB2BEF8027009FB0B7706
:10E1B000574443EA07434EF8043B5CF8043B4FEAFC
:10E1C000134ABEF80030624509FB0A3303EB1743DC
:10E1D0004FEA134AE5D8019FEB51043599E7013E18
:10E1E0009BE700BF40D80400BBD804002DE9F843EA
:10E1F000154612F0030207460E4607D0013A254C99
:10E20000002354F82220FFF79FFE0646AD103DD0B4
:10E210007C6A7CB91020FEF745F80246786228B97E
:10E220001D4B4FF4D7711D4800F0E8FDC0E90144D3
:10E230000460C460D7F82480D8F808404CB940F294
:10E2400071213846FFF712FF00230446C8F8080082
:10E2500003604FF00009EB070AD5314622463846E5
:10E26000FFF71AFF8046314638464646FFF74AFE1A
:10E270006D100BD0206838B9224621463846FFF78A
:10E280000BFF2060C0F800900446E4E73046BDE88C
:10E29000F88300BFA4540300CDD70400BBD804000A
:10E2A0002DE9F0470C46074691464FEA621A23696A
:10E2B000496803EB6218A36808F10106B3420BDB5F
:10E2C0003846FFF7DFFD054648B90246284B40F2C5
:10E2D000D911284800F092FD01315B00EEE70023E0
:10E2E00000F1140100F110021846534533DB2AEA0D
:10E2F000EA7A04F11403206919F01F0901EB8A017D
:10E3000003EB800C2BD0C9F1200E8A46002218683E
:10E3100000FA09F010434AF8040B53F8042B9C450B
:10E3200022FA0EF2F3D8ACEB040304F11500153B0E
:10E3300023F003030433844538BF0423CA500AB1D1
:10E3400008F10206013E384621462E61FFF7DAFD4C
:10E350002846BDE8F087013342F8040FC5E70439C9
:10E3600053F8042B9C4541F8042FF9D8EAE700BF85
:10E3700040D80400BBD804002DE9F74F8946064673
:10E3800011461446484605F023FA051E12D12946C7
:10E390003046FFF777FD024628B9414B40F2322163
:10E3A000404800F02BFD0123C0E90435104603B0BE
:10E3B000BDE8F08FBCBF4B46A1463046B8BF012533
:10E3C000D9F80410B4BF1C460025FFF75BFD0246D8
:10E3D00018B9334B4FF41071E2E7D9F8107004F11B
:10E3E000140E266900F1140BC56009F1140509F13A
:10E3F00010030EEB860605EB8708D9464FF0000C9C
:10E400000193019B5EF8040B53F804AF764501932A
:10E410001FFA8AF3194683B24FEA1040A1EB0303B7
:10E42000C0EB1A40634400EB23409BB24FEA204C00
:10E4300043EA004349F8043BE3D8331B1534153B4A
:10E4400023F003030433A64238BF04231D445B4476
:10E450002C461E4644450ED308F10301491B033DDB
:10E4600021F00301A84538BF00210B4453F8041DD7
:10E4700099B117619AE754F8041BE6461FFA81FC2C
:10E48000080C7144F44489B200EB2C4041EA00418D
:10E490004FEA204C46F8041BDCE7013FE6E700BFEB
:10E4A00040D80400BBD8040082B0114B8DED000BA6
:10E4B000019A1340A3F15073002B08DC5B42B3F1C7
:10E4C000A07F4FEA235204DA4FF4002313410022C5
:10E4D00008E0A2F114031E2BD6BF4FF00042012228
:10E4E000DA4000231946104641EC100B02B0704789
:10E4F0000000F07F2DE9F041066900F1140808EBF7
:10E50000860656F8042C371F104605F012F9C0F1A4
:10E5100020030A280B601D4916DCC0F10B0CB8451E
:10E5200000F1150022FA0CF302FA00F043EA0105AB
:10E5300034BF56F8083C002323FA0CF303431C466F
:10E5400045EC104BBDE8F081B8453ABFA6F108078D
:10E5500056F8083C00230B3814D0C0F1200182404B
:10E56000474523FA01F403FA00F342EA040242F0B9
:10E570007F558CBF57F8042C002245F44015CA4043
:10E580001343DCE742EA0105D9E700BF0000F03F92
:10E590002DE9F7430F460121164659EC108BFFF782
:10E5A00071FC044630B90246234B40F20A3123483D
:10E5B00000F024FCC9F30A55C9F313030DB143F469
:10E5C00080130193B8F1000323D06846009305F04F
:10E5D000D2F8DDE90012D0B1C0F1200302FA03F352
:10E5E000C2400B4301926361019B002BA3610CBFEE
:10E5F000012202222261A5B1A5F233450544C0F1F2
:10E6000035003D603060204603B0BDE8F0836161B5
:10E61000EAE701A805F0AFF8019B20300122636111
:10E62000E8E7A0F2324004EB82033860186905F095
:10E6300080F8C0EB4210E5E740D80400BBD80400E6
:10E640002DE9F04F98468B899DB007461B060D4675
:10E65000144610D50B6973B94021FDF7B3FE28604D
:10E66000286130B90C233B604FF0FF301DB0BDE88E
:10E67000F08F40236B610023CDF80C804FF001092F
:10E68000DFF8A081099320238DF8293030238DF8FD
:10E690002A3023469A4613F8012B0AB1252AF9D1CC
:10E6A000BAEB040B0BD05B4622462946384605F0F0
:10E6B00053F9013000F0A780099A5A4409929AF858
:10E6C0000030002B00F09F8000234FF0FF320AF152
:10E6D000010A049307938DF853301A93CDE905236B
:10E6E000544605224F4814F8011B04F0F9FA049A25
:10E6F000D8B9D00644BF20238DF85330110744BF4A
:10E700002B238DF853309AF800302A2B15D0079A16
:10E71000544600204FF00A0C214611F8013B303BD3
:10E72000092B4BD9B0B1079214E0A0EB0803A24625
:10E7300009FA03F313430493D2E7039B191D1B68E3
:10E74000002B0391BBBF5B4242F002020793079389
:10E75000B8BF049223782E2B0AD163782A2B32D1AA
:10E76000039B02341A1D1B6843EAE373039205936B
:10E77000DFF8C0A003222178504604F0B1FA38B186
:10E78000A0EB0A004022049B01348240134304930F
:10E7900014F8011B062224488DF8281004F0A0FA72
:10E7A000002836D0214B1BBB039B073323F0070304
:10E7B00008330393099B334409936AE70CFB023245
:10E7C0000C460120A8E7002301344FF00A0C19463B
:10E7D0000593204610F8012B303A092A03D9002B63
:10E7E000C6D00591C4E70CFB012104460123F0E7E4
:10E7F00003AB2A4604A9384600930D4BFDF768FF8A
:10E80000421C0646D6D1AB895B063FF52DAF099871
:10E810002CE703AB2A4604A938460093044BFEF7C5
:10E820008BF9EDE77CD7040086D70400D1C602003F
:10E830005939030082D704002DE9F0470C46ADF5A5
:10E84000227D002106460DF10408A74F0093CDF864
:10E850001881CDE94411A549A091A549A19113784A
:10E86000002B00F05C81F95C551C11F0080119D0F7
:10E870006368002B0FDD23681A78BA5C120701D495
:10E880002A46ECE7459A01330132236045926268DB
:10E89000013A6260ECE7A19B214630469847002888
:10E8A000E9D0EDE7252B12D099466368002B40F3A1
:10E8B0009480226813784B4540F0318163680132BF
:10E8C000013B22606360459B01334593D8E741914A
:10E8D000439153782A2B04BF1023951C4FF00A0252
:10E8E00008BF4193A94619F8011BA1F13003092B78
:10E8F0001ED9DFF800A20322504604F0F1F938B126
:10E90000A0EB0A000123419A4D46834013434193F3
:10E9100015F8013B782B06D8572B10D8252BC3D0E0
:10E9200056D8002B64D0032347930A2342936AE00E
:10E93000439B4D4602FB031130394391D2E7A3F1CB
:10E940005802202AEFD801A151F822F03BEA020038
:10E9500027E9020027E902005DEA020027E9020038
:10E9600027E9020027E9020027E9020027E902005F
:10E9700027E9020027E9020073EA020059EA0200CF
:10E98000D7E90200D7E90200D7E9020027E902002F
:10E990004DEA020027E9020027E9020027E9020008
:10E9A00027E9020083EA020055EA0200F7E90200C3
:10E9B00027E9020027E902007FEA020027E90200B6
:10E9C00059EA020027E9020027E902003BEA0200B7
:10E9D000453B022BA7D8052314E0A19B21463046D6
:10E9E000984700283FF465AF4498002840F08F8096
:10E9F0004FF0FF308FE0419B43F4087341931023A5
:10EA00004293042347936368002B4ADD419B5906D8
:10EA100004D423681A78BA5C120749D4479B022BA6
:10EA200058DC6B46224641A9304600F07DF80128AB
:10EA300075D002287FF424AFD6E7419A42F40072E1
:10EA4000419210226E2B429202D9DAE700234293C0
:10EA50000323D7E70823D3E70A22F3E729464046F2
:10EA600005F02DF8419B054643F0400341930123F7
:10EA7000C8E7419B43F0400341930023C2E70223D0
:10EA8000C0E74198C3063FF5FBAE009B10F0010FB5
:10EA9000459A03F1040100911B6814BF1A801A60A3
:10EAA000EEE6A19B2146304698470028AED09BE772
:10EAB000459A013245926268013A002A626002DD9D
:10EAC00001332360A5E7A19B2146304698470028E3
:10EAD0009FD089E7042B0FDC6B46224641A93046C4
:10EAE00000F07CF8A3E700BF7CD604000F3A0300D7
:10EAF000853A030082D704000A4B002B3FF4C0AED6
:10EB00006B46224641A93046FEF744F98FE7A389B8
:10EB10005B063FF56DAF0DF5227DBDE8F0874498AB
:10EB2000F9E700BF95CD02002DE9F84315468A6844
:10EB300080460C4632B98A69002A14BF4FF0FF3272
:10EB400001228A6022680027DFF88C90D1065FBF1F
:10EB50001A68111D19601668A06988B1012807D1CB
:10EB60002B681A7863699B5C53B9002F31D022E07F
:10EB7000022820D12B681B7819F803301B071AD400
:10EB800023680137DA065EBF2B681B7806F8013B65
:10EB90002A686B680132013B2A60A2686B60013A07
:10EBA000A26042B1002BD7DCD4F880312946404620
:10EBB00098470028D0D0236813F0100305D1E268ED
:10EBC0000132E260A26902B13370236900203B4444
:10EBD0002361BDE8F88300BF7CD604002DE9F04F27
:10EBE000984687B0784B0C468246164627464FF02B
:10EBF000000B93E8070003AB83E80700734BA169A0
:10EC0000734A032908BF1A46A36801925A1EB2F537
:10EC1000AE7F89BF6FF4AE754FF0000903EB0509B5
:10EC200040F25D1388BFA36057F81C3B43F4506368
:10EC30003D462360316803AB0222097853F82B006C
:10EC400004F04EF8002840D0BBF1010F12D16268E9
:10EC50002AB92268082142F40072616022602268A9
:10EC600022F4A0622260A268511EA160DAB94FF0BE
:10EC7000020BDFE7BBF1020F06D0A268511EA160B4
:10EC80008AB94FF0010BD5E7226802F4C061B1F5F3
:10EC9000007F1FD142F4807210212260A26861605F
:10ECA000511EA160B2B13268511C3160127805F872
:10ECB000012B7268013A002A726006DCD4F88021C8
:10ECC000314650469047002874D10BF1010BBBF13F
:10ECD000030FAFD163680BB90A23636063684FF019
:10ECE000000B3C496069C91A04F0E9FEA368226878
:10ECF00073B33168606991F800C010F80C0038B344
:10ED0000BCF1300F16D1100514D50BF1010BB9F180
:10ED1000000F03D0013309F1FF39A3607368013B91
:10ED2000002B73600DDD336801333360A368013B52
:10ED3000A360DBE722F4106222600B7805F8013B48
:10ED4000ECE7D4F880313146504698470028EDD0A2
:10ED50002368D9050DD5BD4209D905F1FF3915F84C
:10ED6000011CD4F87C3132464D4650469847BD428E
:10ED700028D0226812F0100213D12A703946636835
:10ED80005046019EB047D8F8003021681A1D11F096
:10ED9000200FC8F800201B680FD01860E36801330B
:10EDA000E360ED1B236900205D442B44236107B021
:10EDB000BDE8F08F4FF0000BCAE7CA074CBF1880C0
:10EDC0001860EBE70120F2E7C44803008F3103002D
:10EDD0009331030028D9040038B50446064D08468F
:10EDE000114600222A601A4603F060F8431C02D143
:10EDF0002B6803B1236038BDB85101201FB51446FC
:10EE00001A46094B05461B68D86854B9074B1C467F
:10EE100000910749CDE901342B46FDF78DF9F3F751
:10EE200047FB044BF4E700BF74E8002063CB040009
:10EE30003DD9040030D9040038B50023064D0446FE
:10EE4000084611462B6003F039F8431C02D12B68A9
:10EE500003B1236038BD00BFB851012038B500238D
:10EE6000054D044608462B6003F017F8431C02D1F9
:10EE70002B6803B1236038BDB8510120704708B535
:10EE8000DCF77EFE002008BD0EB403B503AA52F8DD
:10EE9000041B0192DCF7E8FD02B05DF804EB03B05F
:10EEA000704708B5E1F738FA002008BD08B500F052
:10EEB0007EF9002008BDDFF719B9F9F74FBE0D2024
:10EEC000DEF782BB08B5DEF7F9FCBDE80840E0F7E5
:10EED00029BF38B505460846FFF7F4FF0446284623
:10EEE00000F080F8A04228BF2046C0B238BD0146DD
:10EEF00002221520DEF77EBB08B50120DEF764FB99
:10EF0000BDE80840E5F7F0BA08B50120DEF75CFB84
:10EF1000BDE80840E4F7A4B808B50120DEF754FBCB
:10EF2000BDE80840E7F7C4B81220DEF74DBB132058
:10EF3000DEF74ABB30B5836885B00293C368D0E979
:10EF40000045102269460720CDE900450393DEF70E
:10EF500051FB05B030BD03689A1C0260188840BAA6
:10EF600080B270470268D31C0360537811789078A0
:10EF70001B0203EB01431844704703681A1D02602B
:10EF8000186800BA70470B0A03704170023070476E
:10EF90000B0C03700B0A43708170033070470B0E2B
:10EFA00003700B0C43700B0A8370C1700430704700
:10EFB0000A460121E0F788BE0A460021E0F784BE38
:10EFC000F8B500240546164623462746AB4201D332
:10EFD0003846F8BDA0B23246E0F776FEE7B283B21B
:10EFE0000134F3E70130C0B20F2828BF0F2070476B
:10EFF00009280AD850B30138082808D8DFE800F0FB
:10F0000009120716070707071E0016281AD0002046
:10F0100070476FF4CF600B18142BF8D8AAB101F029
:10F0200001007047A1F5D261142903E06FF4037366
:10F0300019441A298CBF002001207047A1F2A76152
:10F040000829F7E7A1F29B61EEE70120704710B5B0
:10F050006AB101280BD1CB0709D502318CB2214608
:10F06000FFF7C6FF002814BF2046002010BD013165
:10F07000F4E771B10023014403F13002092B00F8D9
:10F08000012B0CBF002301338842F5D1002300F887
:10F09000013C704738B1022807D0032814BF4FF055
:10F0A000FF3001207047022070470320704710F0A6
:10F0B000FF0304D0FF2894BF0020012070471846AA
:10F0C000704730B5904271EB0303DDE9035405D37B
:10F0D00085428C412CBF0120002030BD0020FCE780
:10F0E000431E022B9FBFC0EBC0104000193040B23E
:10F0F00088BF0A2070474368994214BF08680020FF
:10F100007047D0E9003213605A600023C0E9003331
:10F1100070470120E0F74ABF0720E0F747BF70B50E
:10F120000446D0F88C50E8220E4603F0F7FDC4F8F0
:10F130008C5045B12846B6F88A20D6F88C10BDE828
:10F14000704003F0EBBDA4F88A5070BD2DE9F0418A
:10F15000E8210546012017461E469DF8188003F059
:10F16000AAFD0446A8B10020C4F88C00B8F1000F35
:10F1700013D02B7A03F0FD02012A01D0062B0DD10A
:10F1800001214FF42F7003F096FD38B9204603F0AB
:10F190008BFD00242046BDE8F0814046C4F88C0079
:10F1A00029462046FFF7BBFFC4E91476F2E70420A6
:10F1B000E0F7FCBE07B5042201900DEB020105202B
:10F1C000E0F7C4FE03B05DF804FB38B5E82105465E
:10F1D000012003F070FD044640B101214FF42F706F
:10F1E00003F069FD28B9204603F05EFD00242046A7
:10F1F00038BD032323720023237404F11803C4F8D9
:10F200008C002B60F3E710B5044648B1D0F88C00B1
:10F2100008B103F049FD2046BDE8104003F044BDAD
:10F2200010BD08B5E0F700FFBDE80840FFF7EBBFF1
:10F2300038B50D460446A54200D238BD2046FFF73A
:10F24000F0FF0134F7E70820E0F7B0BE0920E0F74F
:10F25000ADBE0120E0F7AABE014610220220E0F771
:10F2600075BE01464FF434720320E0F76FBEA0F57F
:10F270004B53083B012B13D943F2BC4398420FD0A8
:10F2800043F2B06398420BD043F6A403984207D0F0
:10F29000A0F56A50183802288CBF00200120704762
:10F2A0000120704708B503F016FC4FF47A72A0FBFA
:10F2B000020302FB0131C00B40EA4140C90B08BD0B
:10F2C00038B503460A780C4662F07F0200F8022B3C
:10F2D0004A785A704988FFF756FE23780546A3F10D
:10F2E0006402012A0FD8A188FFF74DFEE188FFF7DD
:10F2F0004AFEE288054604F1080103F00FFD05F51A
:10F300002D75284638BD662B04D16168BDE83840AC
:10F31000FFF745BE672BF4D140F2DF12211D03F049
:10F32000E3FEEEE70B4613B513F8022B044602F09A
:10F330007F02027001934B78437001A8FFF70BFE28
:10F3400023786080A3F16402012A10D801A8FFF796
:10F3500002FEA08001A8FFF7FEFD01990246E080B1
:10F3600004F1080003F0DAFC002002B010BD672BA6
:10F37000FAD140F2DF120199201D03F0B5FEF3E748
:10F3800038B50B780C4663F07F0300F8023B4988E0
:10F39000FFF7F9FD23780546352B0FD1A188FFF73C
:10F3A000F2FDE188FFF7EFFDE288054604F1080170
:10F3B00003F0B4FC05F52D75284638BD332B04D178
:10F3C0006168BDE83840FFF7EABD342BF4D14FF453
:10F3D000F572211D03F088FEEEE713B511F8023B2C
:10F3E000044603F07F03037001A80191FFF7B3FD0A
:10F3F00023786080352B10D101A8FFF7ACFDA080E9
:10F4000001A8FFF7A8FD01990246E08004F1080079
:10F4100003F084FC002002B010BD342BFAD14FF46D
:10F42000F5720199201D03F05FFEF3E708B503F0C4
:10F4300052FB4FF47A72A0FB020302FB0131C00BB6
:10F4400040EA4140C90B08BD10B50446FFF7EEFF86
:10F4500003460A46D4E90001C4E90032181A62EBF7
:10F46000010110BD0720E4F7C5BE08B5EBF7D2FCDB
:10F47000002008BDEBF788BA08B5E8F7EDFFDFF725
:10F4800071FB002008BD38B5044600252068844281
:10F4900000D138BDD0E9003213605A60C0E9005590
:10F4A00003F002FCF2E7032804D9A0F10F0358424D
:10F4B000584170470120704710B509B9002010BDB0
:10F4C0000478A40914700378C3F30113537001780E
:10F4D000002CF3D1032BF1D001F00F010846FFF708
:10F4E000E2FF0028EAD09170E9E78378027803F020
:10F4F0000F0303EB821342780846120102F0300238
:10F50000134400F8013B7047012804D9A0F11E0301
:10F51000584258417047012070471A2803D80738CD
:10F5200018BF01207047A0F13E0358425841704770
:10F53000012973B50D4616461C4602D8002002B0BC
:10F5400070BD93780190012B23700BD10629F5D95A
:10F5500001A8FFF707FD206101A8FFF70EFDA060DD
:10F560000120ECE701A8FFF7F6FCC0F30033C0F37D
:10F570000B006380A080B378022B06D1092DDDD962
:10F5800001A8FFF7FAFCE060E6E7032BE8D1052DC0
:10F59000D4D9E1E710B5044623780846012B07D1FA
:10F5A0002169FFF7F5FCA168BDE81040FFF7F7BC43
:10F5B0006388A1881B0303F48053C1F30B01194333
:10F5C000FFF7E1FC2378022B03D1E168FFF7E7FCAA
:10F5D000E9E7032BE7D010BD0C2805D0103801282F
:10F5E0008CBF00200520704701207047F7B5064604
:10F5F00014460D4611B9002003B0F0BD01788A0908
:10F60000032A19D122700278C2F34012A280017835
:10F6100001F01F0108463AB9E9F778FE0028EAD060
:10F620000120A2606170E7E7FFF76EFF0028E2D0DB
:10F63000012DE0D0721CF3E701F03F01471C61701F
:10F6400008460197FFF769FF0028D4D06AB9084639
:10F65000FFF7C2FF0123A080A088ED1AA8428CBF4B
:10F6600000200120A7602270C6E7012A06D1012DE3
:10F67000C1D07378B71CA3800223EDE7022DBAD95D
:10F68000002301A8A370FFF766FC0222019F134626
:10F69000A080E1E70378032B05D023B1022B0CBF38
:10F6A000032002207047012070470329F7B5144654
:10F6B00002D8002003B0F0BD431C019303781370FF
:10F6C0004778C7F3001757704378C3F3C0039370AC
:10F6D0004678831CC6F38006D67045780193C5F33F
:10F6E00040051571427894F808C002F00102627179
:10F6F00083781B09A371C31C0193837803F00F0364
:10F70000E371C3781B0963F3030C84F808C090F815
:10F7100003C0237A4FEA9C0C6CF3051300F1040C30
:10F720002372CDF804C090F803C06CF387132372E2
:10F730003B1D06B101330DB102339BB20AB1043354
:10F740009BB28B42B5D82FB1431D0193037903F0CF
:10F750000F03637226B1019B591C01911B786381D1
:10F760004DB1019B19785878090201F4F851014311
:10F770000233A18101930AB901209BE701A8FFF799
:10F78000FCFB2061F8E7034610B402780A70C278E7
:10F7900000799200400000F0020002F004020243EF
:10F7A00058799C7800F0010002445878E400000188
:10F7B00004F0080400F01000204302444A70DA7993
:10F7C000987902F00F0202EB00128A70187AC0F3E7
:10F7D0000112C0F30304920002EB041202EB901238
:10F7E000CA705A788AB9081DDA7812B15A8900F8B5
:10F7F000012B1A7912B19A8900F8012B5A7952B16A
:10F8000019695DF8044BFFF7CABB5A7A481D02F02C
:10F810000F020A71E8E75DF8044B704710B5044623
:10F820006378E27803F0010303EB42132279084680
:10F83000920002F01C0213442278520002F00202ED
:10F8400013440B70A378DB014B70A379627903F04A
:10F850001F0303EB42138B70237AE27903F01F033B
:10F8600003EB4213CB70637A03F03F030B716378B1
:10F870003BB90530A3789BB1A18ABDE81040FFF7E2
:10F8800082BBE37AA27A03F00F0303EB02134B71FE
:10F89000A1890630FFF777FB2169FFF780FBE9E7D5
:10F8A00010BD37B504291446019002D8002003B0DA
:10F8B00030BD03785B09D3700378C3F382031371FF
:10F8C000034613F8012B01930346C2F34002227052
:10F8D00013F8022B02F00102019362704378DB09F6
:10F8E000A37085786D096571C51C0195857805F053
:10F8F0001F05A571C5786D09E571051D0195C578D0
:10F9000005F01F052572451D0195057905F03F0598
:10F91000657242B92BB10629C8D901A8FFF71BFBB4
:10F92000A0820120C3E7B3B10D29BFD943791B09D8
:10F93000A372831D0193437901A803F00F03E372BF
:10F94000FFF709FBA08101A8FFF717FBA37820614F
:10F95000002BE6D0E1E70B29E7E7034610B5427834
:10F96000C0785201800000F01C0002F02002024327
:10F9700098781C78400000F0020000EBC4100244AC
:10F980000A701A7842B91A795B79881C03F00F0360
:10F9900003EB02134B7010BD5A7832B94A1C997AA6
:10F9A0001170997889B9501CF5E7DA79987902F0E5
:10F9B0001F0202EB40124A70587A1C7A00F01F00B6
:10F9C00000EB4410CA1C8870E9E7D97AD01C01F01A
:10F9D0007F0151701B7B03F07F039370DBE70129EC
:10F9E00010B501D8002010BD0478E4091470037824
:10F9F0003CB91B091371037803F00F035371012005
:10FA0000F1E7C3F3401353700478C4F38204D47055
:10FA10000478C4F340049470ABB924B9437803F07C
:10FA20003F039372EBE70329DCD94178431C01F0D3
:10FA30003F019172597801F07F01D1729B7803F0F8
:10FA40007F031373DBE7BCB10529CBD943785B098E
:10FA50009371437803F01F03D37183785B091372AA
:10FA6000837803F01F035372C37803F03F0393724C
:10FA7000002CC4D0C31CDDE70329E6E7F0B5074638
:10FA800014460E4685B0002939D0002A34D04FF4F0
:10FA90003671012003F00FF90546002832D000220C
:10FAA000022C01ABC3E9012201928BBF0122032288
:10FAB000023C04F1FF348CBFA4B2A4B28DF8042040
:10FAC000ADF8084000F1080C93E8070008238CE823
:10FAD00007004FF42F7200212B752C8305F11A00BB
:10FAE00003F043F973683146C5E900631D60756032
:10FAF0003868E9F793FC3860002005B0F0BD6FF07E
:10FB00001500FAE76FF00B00F7E7C38913B902207D
:10FB1000DDF75ABD70472DE9F0411646DDE906874D
:10FB20001D46EAF7FDF80446B0B1D0E90C23B24215
:10FB3000AB4111D2036AC0E90C650133036258EA94
:10FB4000070309D03B4642464068E0F735FB636A4D
:10FB5000E7620133C4E90938BDE8F08108B5E1F78F
:10FB600089FA90F8420018B10628A8BF062008BDFF
:10FB70000120FCE7002390F842209A4201DC00209B
:10FB80007047B0F8461029B9B0F84810043009B9E8
:10FB90000133F2E70120704708B5E1F76BFA90F8FE
:10FBA0004000431E5842584108BDF8B5E1F762FADB
:10FBB000044600283FD090F84030012B2AD190F81D
:10FBC00041305A1E012A36D8022B08D190F8433012
:10FBD000013B052B94BF00206FF01500F8BD90F895
:10FBE00042506B1E052B26D8FFF7C4FF0028F5D026
:10FBF0000023B4F84670B4F8480087421BD82F2879
:10FC000019D8013322461946A94205DBAB4204F15B
:10FC10000404EEDB0020E1E7B2F84AC0B2F84C6021
:10FC2000B44508D82F2E06D8B74201D8604502D275
:10FC300001310432E8E76FF01500CFE72DE9F84312
:10FC4000064688461546E1F715FA074618B1B8F199
:10FC5000000F00D01DB96FF01500BDE8F88390F8D3
:10FC60004040012CF7D1002EF5D090F84290B145DC
:10FC7000F1D3013EF6B2FFF77DFF50B107EB8607E7
:10FC8000B7F84630A8F80030B7F848302B8000208D
:10FC9000E3E71723B3FBF9F3DAB209FB03F3C3F18C
:10FCA0001703DBB2C7B2BE420DD89E4228BF013A4D
:10FCB00061001444E4B2640001342F2CA8F8001051
:10FCC0002C80E4D9C7E7BB4294BF1146511C2144A4
:10FCD000CCB20130E6E773B51D4616461AB96FF08F
:10FCE000150002B070BD002BF9D000230DF1060203
:10FCF00001A9ADF80430ADF80630FFF79FFF0028EA
:10FD0000EFD1BDF80610BDF80440A142E7D3172992
:10FD100006D8172C06D8E4B2C9B234702970E0E7CF
:10FD20002F29DCD82F2CDAD8C4F34704C1F34701BC
:10FD3000F3E708B5EBF716FA002008BD836800EB7F
:10FD4000C101B3F5004F2CBF51F8220031F8120069
:10FD5000704700EBC1018068B0F5004F2CBF41F83F
:10FD6000223021F812307047012208B5FFF7E6FF74
:10FD7000D04008BD836800EBC101B3F5004F08D344
:10FD80004B681AB143F001034B60704723F0010345
:10FD9000FAE74B881AB143F001034B80704723F018
:10FDA0000103FAE753000122FFF7D3BF8368B3F5DD
:10FDB000004F34BF04230823C91A081AC00870472B
:10FDC000B0F5004F34BF042308230731C818C0081A
:10FDD00070470A4608B50121FFF7F2FF0132121AF7
:10FDE000B2FA82F0C0F11F0008BD2DE9F0411746BC
:10FDF000032288460446FFF7A1FF8045054607F128
:10FE000006061AD10122E368BA4023EA0203E3603E
:10FE1000002304EB8606736041462046FFF7A4FFEB
:10FE2000A368B3F5004F34BF042208222369A3EB73
:10FE3000C00313442361BDE8F081414602222046FD
:10FE4000FFF77CFF074604EB86062B46014603229C
:10FE500020467560FFF77DFF3B460222294620467B
:10FE6000FFF777FFD8E770B50D4686680446FFF7C1
:10FE70007BFFB6F5004F014601D3012809D030467B
:10FE8000FFF7A7FF294602462046BDE87040FFF76E
:10FE9000ACBF70BD2DE9F047054680688846FFF786
:10FEA00098FF05EB800ADAF81C900646B9F1000FBE
:10FEB0001BD00327DAF81C4028462146FFF754FFE1
:10FEC000404507D3324621462846FFF78EFF20469D
:10FED000BDE8F087032221462846FFF72FFF013FA8
:10FEE000CAF81C0001D08145E4D14FF0FF34EB6823
:10FEF0000136B4401C40EAD094FAA4F2B2FA82F27D
:10FF000005EB8203DC69DEE72DE9F04114460E467D
:10FF10000546FFF729FFA4EB0608371B07444246B6
:10FF200031462846FFF73EFF3A4621462846FFF76E
:10FF300039FF4346002221462846FFF70AFF2146A3
:10FF40002846FFF711FF3B46211800222846BDE84E
:10FF5000F041FFF7FEBE2DE9F041164604460F467C
:10FF6000FFF702FF314605462046FFF7FDFE054438
:10FF70002A4639462046FFF715FF31462046FFF74F
:10FF8000F3FE2B46311800222046BDE8F041FFF772
:10FF9000E0BEF8B50D4686680446FFF7E5FEB6F507
:10FFA000004F014601D3012826D03046FFF711FF4C
:10FFB00004EB8001CE6906BB0122E3688240134353
:10FFC000E3600222CD612B4629462046FFF7C1FEA1
:10FFD000032229462046FFF7BCFE29462046FFF7AC
:10FFE000C3FEA368B3F5004F34BF0422082223697F
:10FFF00003EBC0039B1A2361F8BD02223146204661
:020000040003F7
:10000000FFF79CFE0746034629462046FFF7A1FE60
:100010000322334629462046FFF79BFE39462B46EE
:100020002046FFF796FE02223146D3E7F8B50C468C
:100030000546FFF799FE2618012231462846FFF7AC
:100040007DFEC3070CD431462846FFF70CFF21463E
:100050002846FFF789FE214622182846FFF77BFF36
:10006000002221462846FFF769FE271A0122394659
:100070002846FFF763FE10EA020613D139462846E8
:10008000FFF7F1FE214632462846FFF757FE22468B
:10009000211A2846FFF75FFF214632462846FFF720
:1000A0004DFE241A21462846BDE8F840FFF771BFEF
:1000B000F8B5046811B900273846F8BDA068B0EB60
:1000C000D10FF8D9FFF77CFE014606462046FFF720
:1000D000E1FE05460028EED001462046FFF744FE2B
:1000E000B04209D92E44294620463246FFF70CFF7C
:1000F00031462046FFF74DFF012229462046FFF7F3
:1001000039FEA3682946B3F5004F34BF04260826FC
:10011000FFF72AFE636906EBC507C6EBC0061E445F
:10012000A36927446661B3422CBFA361A661C3E7FC
:100130001146FFF7BDBF58B151B103681B690B6091
:1001400003685B694B60036800209B698B607047A4
:100150006FF0150070472DE9F04706460D4617462B
:1001600098462BB34FF0000A98F8004093F801909E
:10017000DB78A40004EB430498F802301C444444A8
:10018000CA4509D339463046AC46D8F8042008F1B0
:100190000803BDE8F047604714F8013B0AF1010A83
:1001A000204648F82340D8F765FD01300444E7E7CE
:1001B0006FF01500BDE8F08770B5002502462846AF
:1001C000144614F8013B0BB9184609E098B18D426A
:1001D00007D1702B04D0A3F140023A2A0BD800209B
:1001E00070BDA3F140063A2E05D853780135941C12
:1001F000002BE9D00020252B224608BF80F001000B
:10020000DEE70020704730B50C688B6814B14A688F
:100210009A4202DC01338B6030BD013A9A4214BF2E
:1002200005460025E5548B68F4E70FB407B504A92B
:1002300051F8040B0191EBF72BFD03B05DF804EBD3
:1002400004B070470CB407B504AB53F8042B01930A
:10025000EBF72CFD03B05DF804EB02B0704708B576
:10026000F8F77CFC002008BD08B5F8F7FBFC10F19E
:100270000B0F05D010F1100F08BF6FF0730008BD11
:100280006FF07300FBE7044608B5084611461A46AE
:10029000A047FAF777FBF1F72DFC0020704708B56F
:1002A00001F000FE162303604FF0FF3008BD084642
:1002B0001146F2F76DB80CB4034607B504AA084618
:1002C00052F8041BDB680192984703B05DF804EB19
:1002D00002B07047F8F72CB9F8F7FAB907B50093F0
:1002E0000023EBF761FD03B05DF804FB07B5009355
:1002F0000123EBF759FD03B05DF804FBD0E90021C1
:1003000030B54FF03333A2FB0324D51843EB04057B
:10031000A1FB0313521844EB0304521944F10002E9
:10032000891843F10003C0E9001330BD10B50A6815
:100330000346002A0FDD013A0A6044680A201A6861
:10034000A2FB001200FB0422100F22F07042C3E94E
:100350000012303010BD3020FCE72DE9F041074697
:10036000884615461E461446B44205D30EB1601B9E
:1003700008E02378002BFAD0414614F8010BB84767
:100380000028F1DABDE8F081D1E9003293423EBFA6
:100390005A1C0A6018707047002383F31188BFF35A
:1003A0006F8F0423184602DF70470FB407B504A906
:1003B00051F8040B0191EBF76BFC03B05DF804EB13
:1003C00004B0704710B50369024613F0080009D164
:1003D0001368D4689C429BBF0120526AE31AD31A67
:1003E0000B6010BD00231846FAE713B501A90446B7
:1003F000FFF7E8FF20B1019BE268013B1344019342
:10040000606A019BC01A013802B010BD10B50446E5
:1004100050182269636AD20702D5013B184010BD0B
:10042000984228BFC01AFAE710B504460A46C168C8
:10043000FFF7ECFF2369E06023F00803236110BDA0
:1004400038B50D46026A8B00016843F0020304468A
:1004500042F8213001682A46FFF7D8FFE368616857
:10046000984208BF2369206008BF43F008032A466A
:10047000204608BF2361FFF7C9FF606038BD2DE942
:10048000F74FC768066A9B4606EB8703009316F88A
:100490002730044603F00303022B884691464FF0B1
:1004A00000030BD01360CBF8003023699B0713D4F3
:1004B0004FF0000A504603B0BDE8F08F56F8271001
:1004C00013608908CBF80030EFD0FFF7ADFFE36889
:1004D000A3604FF0010AEDE7E3690098984716F82A
:1004E0002720054612F0010AE2D012F002021FD0C6
:1004F000B8F1000F03D041462046FFF7A1FF616825
:100500002A462046FFF782FFD4E90221914260602B
:1005100006D12A462046FFF779FF4FF0000AA06077
:10052000A2682260E260226942F008022261C1E70B
:10053000014620460192FFF777FFE368A360B8F118
:10054000000F04D02168236A019A43F8212005EBAB
:100550000802CBF8002021682046FFF757FF2369E7
:10056000206043F00803236116F827306FF300037F
:1005700006F82730009BC9F80030AAE770B504469A
:100580001546FFF743FF2368834205D123692160A5
:1005900023F00803236170BD226AAB0043F002031D
:1005A00042F8213061682A462046FFF72FFF60603D
:1005B000F1E738B5036904465B0706D5856AFFF79E
:1005C00014FF85422CBFA562A06238BD38B5EBF799
:1005D000EBFF05460C4601F065FC00230360214655
:1005E000284638BD838B13F0070305D10368002B21
:1005F0000CBF002003207047022B05D1C08BB0FA3E
:1006000080F0400980007047012B05D10368002B62
:100610000CBF0020052070470020704710B50C4625
:1006200000B111B96FF0150010BD081D00F02FF8D2
:100630000028F9D1A368032BF6D9F3E72DE9F0419F
:100640000D4607461946281D90461E46ECF7C0FA8F
:10065000044638B13346424629463846A446BDE8EA
:10066000F0416047BDE8F08138B50C46054658B109
:1006700051B10B6843B14B6833B12022002102F025
:1006800074FB00202C6138BD6FF01500FBE70346BA
:1006900040B1426802F00302022A06D0032A04D0C5
:1006A000012A05D06FF0150070471A68002AF9D0AA
:1006B00000209860704770B506460C888888241A18
:1006C0003069A4B2844285B224BF641BA4B22D1B3E
:1006D000A8B2984228BF18463368234413600B8899
:1006E00003440B8070BD70B4838985880669ED1A58
:1006F000ADB2731B934228BF134670BC0A46011D5E
:10070000FFF7D9BF70B40E460146C58831F80A3FDD
:10071000EC1AA3B2934228BF1346324670BCFFF7CF
:10072000CABF10B54B880C88E41AA4B294420ED309
:100730001A4492B28B884A800A800069D21A92B217
:10074000824201D2002010BD03448B80FAE76FF093
:100750001500F8E7704770B4066884890D0C16FA26
:1007600081F105FB0411806A84682468A44670BC8A
:1007700060472DE9F0430646884617461C46C36A83
:1007800089B01D686D4205F020051CB9204609B0EE
:10079000BDE8F083AC42A14628BFA9466A464B4655
:1007A00041463046FFF7D7FF0028F0D16B46484559
:1007B00002D1241A8044E8E713F8012BBA4201D190
:1007C0000130F4E70120E2E70B6803F580330B60AA
:1007D000C0891A0CB0EB134F04BFA3EB02430B60AC
:1007E000704738B5828903680D0C090C044602FB7A
:1007F0000131806A2D0401F0B7FA50B9E26A294646
:100800002046A3895279FFF7B4FF002818BF6FF084
:10081000050038BD014610B507220446FF20EAF75F
:10082000DBFEE07110BD0A46012100F074BA0368D6
:10083000012B81BFC91801F1FF315B421940084605
:1008400070472DE9F0410C4605460821C06AFFF7C4
:10085000EEFF072207462146FF206688B4F8048091
:10086000EAF7BAFEE379834208D1A8894644C01B5F
:10087000B04294BF00200120BDE8F0810020FBE7DA
:1008800038B505460C46FFF7DCFFA0B1A08898B943
:100890004FF6FF7322889A420DD10821E86AFFF7CC
:1008A000C6FF6288AB899B1AB3FBF0F202FB1030E3
:1008B000B0FA80F0400938BD0020FCE7F7B50446E7
:1008C0000D46C06A0821FFF7B2FF082307462968D2
:1008D0002046FFF740FF0646002836D12B683B44F0
:1008E0002B60A28999B2D21B91422ED11A0C09BF5A
:1008F000E289A3F5803102F1FF3203EB0241204689
:1009000008236A462960FFF726FFE8B9E36A5A79A7
:100910006B4613F8011B8A420CD101300828F8D12C
:10092000636805E02B68BDF802201B0C1B04134410
:100930002B600AE069462046FFF7A2FF0028F1D1AC
:1009400029462046ECF7D6F90646304603B0F0BDFE
:100950002DE9F043074690461E4689B01BB900209A
:1009600009B0BDE8F0833C688389080C14FA81F172
:1009700000FB0314FB6A1D686D4235400CD0B86A59
:1009800083682146D3F804902B46C8470028E7D156
:10099000761BE4D02C44A84432464146684602F017
:1009A000BDF9FD6A0DEB06002A686979921B02F019
:1009B000DCF9B86A2B688268214655686A46A84700
:1009C000CEE710B50A46082341680446FFF7C0FF8A
:1009D00008210246E06AFFF72AFF63681B1A63607A
:1009E000104610BD4FF6FF7313B500220446ADF854
:1009F00000308DF8063083686846ADF80420ADF805
:100A00000230FFF707FF69462046FFF7DAFF02B022
:100A100010BD2DE9F04F082195B00446C06AFFF7DC
:100A200006FF0546636820461B0C1B0403A90393BD
:100A3000FFF7CAFEDDF80CB0A68906AA5E44761B55
:100A40000823314620460496FFF785FE021EC0F2B9
:100A5000A980E36A06AA5979002312F8010B8142A2
:100A600040F08F800133082BF7D1A36862682B44D4
:100A70009A427ED259462046FFF7B3FE024691E0E5
:100A8000BDF81A30360C36041E44049608AA2046D7
:100A900004A9DDF810A0FFF711FF0246002840F07E
:100AA0008180204608A9FFF7CCFE18B9019B9A4522
:100AB000ECD1DAE7636805930AAA204605A9059EEA
:100AC000FFF7FCFE024600286CD1BDF82820BDF8D7
:100AD00020309A4227D06268059B9A42ECD1564555
:100AE000E4D1BDF82430002BE0D0BDF822704FEAED
:100AF0001A431B041F44A36808A8ADF82230FFF76F
:100B000089FEE36ABDF824901E68764206F020064E
:100B1000B9F1000F0ED1204608A9FFF752FF024697
:100B20000028C3D03EE020460AA9FFF78AFE00282D
:100B3000D1D0D4E74E45B04628BFC8460CAA43469C
:100B400039462046FFF707FE024658BB4346A168D8
:100B50000CAA2046FFF7FCFE41460246E06AFFF77A
:100B600066FEA3680344A360E2B9A9EB0809474401
:100B7000CEE72046FFF736FF024600283FF47AAF63
:100B800010E0731B204606A90193FFF779FE0028A9
:100B90007FF476AF204604A9ECF7ACF802460028B3
:100BA0003FF474AF104615B0BDE8F08F00231A462D
:100BB000ECF78CBA13B500240094ECF75FFB02B09D
:100BC00010BD03785B075FBF03684288C3F34A2305
:100BD00003EB12105DBF173020F0070080080020E3
:100BE00070470020704701F006BC0346D3E8EF0FC2
:100BF000421CC3E8E12F0029F8D170470120ECF72F
:100C00009DBC0020704770B50C4615461E4640B18D
:100C1000ECF720FF33462A462146BDE87040ECF74A
:100C200077BF4FF0FF30F5E738B504460D4643680F
:100C30001146DA71ECF7DCFF012263681D6063681E
:100C40005A71BDE83840ECF76BBC70B5D2E901369B
:100C50009B1B8B420C4615460AD313680A46014675
:100C6000981902F05BF82046AB682344AB6070BD76
:100C70006FF01B00FBE770B50E461546194604469B
:100C800018B9BDE87040ECF759BC33B1C2F34A2340
:100C90001030120D184402F041F8C4E90056204605
:100CA000BDE87040ECF7C4BE2DE9F3415F1C4FEA8C
:100CB0008708064608F1170020F0070080080C4658
:100CC0001546ECF7E7FC00238DF80470ADF805300D
:100CD0008DF8073068B10346019AA8F1040143F882
:100CE000102F2A46294452F8045B8A4243F8045FD5
:100CF000F9D100233146A20102F4E07242EA48220F
:100D000022F07F4222F4700222F03F0202B0BDE8DE
:100D1000F041FFF7B0BF07B50123019201AAFFF729
:100D2000C3FF03B05DF804FB07B5CDE90023022340
:100D30006A46FFF7B9FF03B05DF804FB1FB5CDE9C4
:100D40000123069B01AA03930323FFF7ADFF05B020
:100D50005DF804FBF8B506460D4614461F4604B977
:100D6000F8BD214628463A46B047241A0544F6E71E
:100D700010B542680446D2E9002381680068FFF795
:100D8000E9FF002263681A6010BD13B500240094C7
:100D9000D8F7DEF802B010BD0A2838B504460D4673
:100DA00002D10D20EDF75AF829462046EDF756F806
:100DB000002038BD2DE9F043054687B008460E886F
:100DC00091F800900C46D1F808801746EDF71AF814
:100DD000011EC6F38216C9F3C2091EDB4846ECF7B2
:100DE0004FFE0346214651F8102B6088C2F34A2279
:100DF000002A01EB020408BF00210022C0F30B10FF
:100E0000CDE90407CDE90214284641460196009237
:100E1000EDF750F807B0BDE8F0830023E2E7704734
:100E200070B54C680368A34201D2012070BD8A6886
:100E30002244934201D30020F8E74E69D1E903250B
:100E4000B54203D36FF00B038B61F4E71B1B42F831
:100E500035304368086902EBC00253600B69013307
:100E60000B61E2E737B50C46C0B201A91546EDF7B4
:100E7000FBF900280CDB019850B121462A46EDF71A
:100E800019FA04460198FFF7CAFF204603B030BDA7
:100E90006FF01504F9E70020EDF758BA034610B5D6
:100EA00008460AB10021116053B1D0B1411E11F8BA
:100EB000010F80B113F8014BA04201D13D28F6D1BA
:100EC00000200EE0013313600AE03D2808D0B0FA9C
:100ED00080F0400905E018782F28F6D1002AF1D1DA
:100EE000012010BD0021EDF79FBB0830704710B501
:100EF000134614460A4681880068FFF75BFEA0424D
:100F0000A8BF204610BD2DE9F04F97B004469A4681
:100F10008946019200297CD0DAB1BAFA8AF67609BC
:100F2000258F04F1080B0135ADB2A8466F1EBFB284
:100F3000B7F5004F26D04A233946584603AAFFF793
:100F400039FE002807DA10F1020F08BFB8463D4607
:100F5000ECE70126E4E700F158030DEB0300002362
:100F600003A900F84C3C4846D7F77AFE0028EED19A
:100F700026B339465846FFF719FE002805DA17B0A0
:100F8000BDE8F08FBEB30020F9E705F57F513F3192
:100F9000584689B2FFF70AFE0028F0DB238FBB42D8
:100FA000F1D12246013B22F8383F4FF400410223A1
:100FB0005846ECF78BF800EAE070E0E7B846B8F581
:100FC000404F29D0238F04F10805434515D308F578
:100FD000804153462846019A89B2ECF777F80028F9
:100FE000CDDB002ECFD04846D7F744FE4A46034615
:100FF00041462846DDE70126E1E7224602234FF479
:101000000041284622F8388FECF760F80028DEDA35
:10101000B5E76FF01500B2E76FF00B00AFE773B5FF
:10102000C36B04460363C3B100F108063046EBF717
:10103000BFFE054670B902234FF4004130460DF162
:101040000602FFF7B7FD0028B4BF4FF40043BDF818
:1010500006302387284602B070BD6FF01205F9E70D
:101060000B68834204BF01230B71704710B504461F
:101070008EB06946012000F025FF05A96846FBF700
:101080006DF8204605A9EDF77BFE00200EB010BDDF
:1010900003785B075FBF03684288C3F34A2303EB0F
:1010A00012105DBF173020F0070080080020704745
:1010B00083689B6903B11847704708B54368197383
:1010C00011B11868FFF7F4FF002008BD10B54068A3
:1010D0001C462430EBF7DAFD2060002010BD10B56F
:1010E0004068046800F5107001F048FD2046FFF7E5
:1010F000DFFFA3685B6A0BB120469847002010BD54
:101100002DE9F04145681E462B7B0C46174693B1EE
:1011100001EB0208A04507D137600120D5E9013174
:1011200098470020BDE8F081286814F8011B836807
:101130005B689847EEE705F11000EBF775FD0121BC
:10114000306005F51E73D3E8EF2FC3E8E01F0028D9
:10115000F9D1002AE5D1286883685B69002BE0D0CB
:101160009847DEE70023826882F856308268A2F84A
:1011700052308268A2F850307047034610B5D3E869
:10118000EF0F40EA0102C3E8E42F002CF7D110BDB5
:10119000034610B5D3E8EF0F00EA0102C3E8E42FDD
:1011A000002CF7D110BDF7F7C3B973B509018568F5
:1011B00001F67C01044616460D446946284601AAFC
:1011C00001F06DFD009B23B1284601F065FD20462E
:1011D000B04702B070BD0EB403B503AA52F8041BA9
:1011E0000192EFF76BF802B05DF804EB03B07047C3
:1011F00008B510B1D7F73EFD80B208BD00F6780003
:1012000019B14FF40061FFF7B8BF6FF40061FFF749
:10121000BFBF00F6780011B10421FFF7AEBF6FF039
:101220000401FFF7B5BF08B500F6740029B101212C
:10123000FFF7A3FF00F0010008BD6FF00101FFF709
:10124000A7FFF7E7F7F744BA002373B50446009306
:10125000204600F01CFAE06900F0FDFB0546204640
:10126000A668EFF785FCA36806F67C06B3F8503055
:1012700023B14FF4F6700021F9F7E8FA69463046D9
:1012800001AA01F00CFD15B1009B002BE0D002B0CB
:1012900070BD8B6820B903F67C000021FAF728BEE8
:1012A00003F6AC00F9E70CB407B504AB53F8042B14
:1012B0000193EEF7F5FD03B05DF804EB02B0704763
:1012C0000EB403B503AB53F8042B08210193EEF7DA
:1012D000E7FD02B05DF804EB03B070470EB403B550
:1012E00003AB53F8042B03210193EEF7D9FD02B0B1
:1012F0005DF804EB03B070470EB403B503AB53F8CD
:10130000042B01210193EEF7CBFD02B05DF804EB55
:1013100003B0704710B50446806840F2676200234E
:1013200000F60C10FFF73FFF48B92046EDF70CFF21
:10133000A068BDE8104000F60C10FFF783BF10BD99
:1013400018B18368D3F8240970476FF0150070470F
:1013500010B502690446836812680168C06898473E
:10136000002223691A6010BD38B5CB6805461B7C86
:101370000C46022B04D10A2802D10D20FFF7F4FFFE
:10138000236922681B68D5542269136801331360EE
:1013900023691A6863689A4202D12046FFF7D8FF92
:1013A000002038BD08B510B1D7F764FC80B208BD85
:1013B00010B5047B43892244B2FBF3F0214403FBC4
:1013C0001022B1FBF3F003FB1010101A10BD10B582
:1013D000047B438921441019B0FBF3F0B1FBF3F116
:1013E000401A10BD30B5057B43892944B1FBF3F4A5
:1013F00003FB14112A4401310180B2FBF3F103FB1A
:1014000011220134848001324C1CC480428030BDE2
:101410002DE9F0410F461646044686B070B10346EA
:1014200001AC00F11005224618685968083303C260
:10143000AB421446F7D1186801AC10604FF00008B9
:10144000414632462046EFF72DF808F101080546DF
:1014500028B138462968D7F703FC0028F0D1284680
:1014600006B0BDE8F0812DE9F8431D4600230E4685
:101470001746DDF820809DF824902B602B680446E9
:10148000B34210D24246204657F82310FFF7C0FF60
:1014900048B12B685A1C2A60B9F1000FEED0804584
:1014A000ECD100242B602046BDE8F88373B50378A7
:1014B00004462D2B0D46164606D16FF01503002568
:1014C0003360284602B070BD00F0ECFC00232A46D1
:1014D000036001A92046FCF721F8054600F0E2FC74
:1014E0000368222B02D16FF02103E8E700F0DAFC59
:1014F0000368002BE1D1019BA342DED01B78002BB7
:10150000DFD0DAE70EB403B503AA52F8041B019248
:10151000EEF7D4FE02B05DF804EB03B0704710B5EF
:101520000446D7F7A7FBB4F8503013FA80F038B16F
:10153000638FB0FBF3F203FB1200B0FA80F04009B6
:1015400010BD38B584682046D7F794FBD4F874589A
:10155000B4F85230C5F3400580B205FB0300638F39
:10156000B0FBF3F203FB1200B0FA80F0400938BD83
:1015700010B50446FFF7E5FF18B9A068FFF7CFFFE5
:1015800020B16069BDE81040EFF724B810BDF8B590
:101590000546846804F13000B4F85020B4F85210C5
:1015A000FFF720FFA868A78EE68EFFF7B8FF10B1FF
:1015B0006869EFF70FF8B74207D1218E638E28468E
:1015C000C91ABDE8F840EFF721B8E18EA38E28468E
:1015D000C91AEFF705F8F0E7F8B504460D4680683C
:1015E000B0F85210B0F8502030300D44FFF7FAFE3A
:1015F000A068ADB2B0F852102A463030FFF7E7FECF
:101600000746A0682A46B0F852103030FFF7D0FEE7
:10161000064679422046EEF7E3FF31462046EEF7D4
:10162000F5FFA368A3F85250F8BD8368B3F85210D1
:10163000494209B2FFF7D0BF8368B3F85010B3F83E
:101640005230C91A09B2FFF7C7BF8368B3F85230E6
:101650001BB14FF0FF31FFF7BFBF70478368B3F88E
:101660005220B3F850309A4202D20121FFF7B4BFA2
:1016700070478268B2F85210A2F850108368B3F82D
:1016800052201344002283F85620EEF797BF10B57E
:1016900004468068B0F85020B0F852103030FFF7A0
:1016A000A1FEA3682046198EC1F10101EEF7AEFF3D
:1016B000A3682046998E0139EEF792FF2046BDE8D7
:1016C0001040EEF77BBFEFF731B8F7B51E468368E1
:1016D0001546D3F874280446D20613D593F83E2055
:1016E0008A420FD0DB8FADF80430EFF791F8324625
:1016F00029466069EEF7E2FD204601A9EFF7A8F858
:1017000003B0F0BD32462946606903B0BDE8F04041
:10171000EEF7D4BD2DE9F04187680546B7F8506073
:101720008846B318B3F5806F144626DAB7F85230FE
:10173000F61A56331F44B6B232463946381901F00C
:10174000FAFA22464146384601F0E8FAAA68B2F8A9
:1017500050302344A2F85030AB68B3F85020134403
:10176000002283F85620AB68D3F87418890706D492
:10177000B3F852201444A3F85240BDE8F08131463A
:101780002846BDE8F041EFF74BB9FFF7C3BF38B5C6
:1017900005468068B0F85220B0F85040A41AA4B2B0
:1017A0009CB156321044411C224601F0C4FAAA688A
:1017B000611EB2F850302846013BA2F8503089B281
:1017C0000122BDE83840EFF72BB938BD10B583686A
:1017D0000446B3F850205AB1B3F8523043B14FF039
:1017E000FF31FFF7F9FE2046BDE81040FFF7CFBFFD
:1017F00010BDF8B5C3695E695F6883683046D3F889
:101800007458EAF785FDC5F30015044650B101464A
:1018100005F18E023846FFF7CDFA30462146EAF749
:10182000FFFD0120F8BD43681B68D3E90632D3E809
:10183000EFCF8C44C3E8E0CF0028F8D19368D3E819
:10184000EF0F0844C3E8E20F002AF8D170472DE9F2
:10185000F047436807461E680D46F369B268D3F83F
:101860001480D2F874489A68D3F804901279C4F3BB
:101870000014012A03D0032A4ED0BDE8F087D868AF
:101880000B784FF0000A590740F2E7314FF4004C53
:101890008E46514658BF2B68E0FB0CE15CBFC3F39A
:1018A0004A246B884FF47A725EBF04EB131417342A
:1018B00024F007044FF0000370464CBF0024A40836
:1018C000D7F796F902460B4640462146EAF704FC54
:1018D000814628B93846BDE8F0470121FFF7A3BF8C
:1018E000012CF7D9294651F8043B0268C3F39D0344
:1018F00063F39F0240F8042B621E920001F00EFA7F
:1019000040464946EAF7ACFCB06800F68C00514608
:10191000BDE8F047FAF7ECBA3046FFF7B8FE01F041
:101920004FF804F18E07044600B3EFF3118420232F
:1019300083F31288BFF36F8FB368D3F878381A0532
:101940001ED53A4629464846FFF734FAB368D3F81D
:1019500078381B0502D43046EFF70AF901F030F869
:1019600090B184F31188BFF36F8F86E7B06800F6FB
:101970000C104FF0FF324FF0FF33F6F7D9FDDBE7E5
:101980003046FFF784FEDCE7B06800F60C10BDE8D7
:10199000F047F6F79DBE134610B50C460A460146C1
:1019A0001846FFF790FE204610BD70B504460D4660
:1019B000D0E904101646EAF75DFB32462946206856
:1019C000FFF732F9002263685B685D60A3681A6004
:1019D0000122A3681A7170BD10B504460068ECF7C7
:1019E0001FF90222A3681A7110BD10B543680121C6
:1019F0001C68606803689B68984738BB0322E369EA
:101A00009B681A71A36803F67803D3E8EF1F41F4CB
:101A10000051C3E8E21F002AF7D1A068B0F85020B7
:101A2000B0F852103030FFF7DDFC4FF0FF312046A8
:101A3000EEF7D6FDA3682046198E4942EEF7E6FD83
:101A40002046FFF7D6FE0028FAD110BDE069BDE8B8
:101A50001040FFF7C1BF73B50446002103688268D8
:101A60005B681D68AB68D3F87438C3F30013D2E821
:101A7000EF6FC2E8E01F0028F9D126B14BB931461B
:101A80006068ECF7A9FB284602B0BDE87040FFF79C
:101A9000B0BEAB682846DB8F0121ADF80430EEF70D
:101AA000B7FE31466068ECF797FB284601A9EEF7D0
:101AB000CFFEE8E70EB403B503AA52F8041B019267
:101AC000EEF7FCFB02B05DF804EB03B070470020BA
:101AD00070470020704783690020186070470EB47B
:101AE00003B503AA52F8041B0192EEF7E7FB02B01C
:101AF0005DF804EB03B0704708B50168EEF7A0FA93
:101B0000002008BD836803F67403D3E8EF1F41F09B
:101B10000801C3E8E21F002AF7D10020704783685C
:101B200003F67403D3E8EF1F21F02001C3E8E21F9E
:101B3000002AF7D100207047836803F67403D3E8C6
:101B4000EF1F21F01001C3E8E21F002AF7D10020A7
:101B50007047836803F67403D3E8EF1F21F0080190
:101B6000C3E8E21F002AF7D100207047836803F61C
:101B70007403D3E8EF1F21F00201C3E8E21F002A3B
:101B8000F7D100207047836803F67403D3E8EF1F92
:101B900041F01001C3E8E21F002AF7D1002070478E
:101BA000836803F67403D3E8EF1F41F02001C3E814
:101BB000E21F002AF7D100207047836803F6740300
:101BC000D3E8EF1F41F00201C3E8E21F002AF7D17A
:101BD0000020704708B58368D3E900210A6051608E
:101BE00000211A89C3E900115B8900681A440C328C
:101BF000EBF74CF8012008BD0023C3607047F8B52F
:101C00001F46034653F8044F16469C4202D100205B
:101C10003880F8BDC568B1B9002DF8D0AC4202D10A
:101C20000023C360F3E76C68C460002CEFD0228906
:101C3000304604F10C0101F071F8002223890120E3
:101C40003B80F254E5E7002DEED08368AB42E7D04D
:101C50002C68E9E738B50446051D6368AB4204D03B
:101C60002046FFF7B7FF0028F7D138BD2DE9F04F28
:101C700002F10C050368C5F100091B6909F00309AD
:101C80004D4485B09D4204461746019110D800236B
:101C9000C3606AB1466800F1040AB2450BD05EB178
:101CA0003389934208D106F10C0001F027F818B9E6
:101CB00005B0BDE8F08F1E464FF0000B2368598930
:101CC000DA88914204BFC3E901BBC3F80CB02068B5
:101CD00083898288011DD21A036992B29B1AAB4292
:101CE00028BF2B4603AAFEF7E6FC8542804628D98A
:101CF000206883898288011DD21A036992B29B1AD7
:101D0000AB4228BF2B4603AAFEF7D5FC854219D16A
:101D1000738943447381A844039D3A4601992F81F6
:101D2000A5F80A9005F10C0000F0F8FF6368424640
:101D3000C5E9003A5D6020686560011DFEF7F1FCB1
:101D4000B6E7E9D020680022011DFEF7EAFC6368CF
:101D50009A45B3D02046FFF73DFFAFE7031DC0E92A
:101D600001330023C36070472DE9F04187680446C2
:101D7000FB680D4616469847BB682BB1324629468C
:101D80002046BDE8F04118476FF05700BDE8F081EC
:101D900030B59FB005680C466822014601A800F0E6
:101DA000BDFF0023284601A9CDE91C331B94EFF7A2
:101DB000DDF91FB030BD08B5EFF7DEFABDE8084029
:101DC000EFF7DEBA0A460121FEF7A5BF90F884308E
:101DD0008BB1EFF3148343F0040383F31488BFF350
:101DE0006F8FD0F88030E1EE103A00F1400390ECB4
:101DF000100A93EC108A704700210120EFF7B6B962
:101E0000D0F89C3083F30B88704761B662B680F3DC
:101E10001188BFF36F8F704772B6002383F3118868
:101E2000BFF36F8FBFF34F8F30BF62B6BFF36F8FBB
:101E3000704772B6002383F31188BFF36F8FBFF32F
:101E40004F8F20BF80F31188BFF36F8F62B670474A
:101E500040E800F313F4803FD8B208BF6FF01500DC
:101E6000704730B50C684B6885B00A894D8900947D
:101E7000013B24F01F04234402F01F0242EA4512F2
:101E800023F01F0369468DF808200393F0F708F844
:101E900005B030BD4FF0FF3070470228CCBF0020A6
:101EA00001207047F5F7EEBDEAF704B80023FEF70E
:101EB00015BA0023FEF71ABAEAF746B8EAF72AB8C5
:101EC000F0F7CCBCF0F714BCD7F746BF07B501ABB1
:101ED00000F023FB02280AD003280BD068B9019830
:101EE000003818BF0120404203B05DF804FB6FF0DA
:101EF0001500F9E76FF08500F6E74FF0FF30F3E7E4
:101F00000022F0F781BDF8B5069F0469C9B2EFF36E
:101F10001186202585F31288BFF36F8F0C25694346
:101F20000C44A56C05F0070CBCF1010F0BD1A764A4
:101F300086F31188BFF36F8FC4E9102343685B58A1
:101F400098470020F8BD05F0C005AF4286F3118820
:101F5000BFF36F8F0CBF6FF077004FF0FF30F1E7EA
:101F600013B580240094FFF7CEFF02B010BD0069C6
:101F7000CBB200EB4310002110470020F3F778BAF2
:101F80000020F3F7EFBA1046F6F7E8BD8022F0F72D
:101F9000C7BD084608B51146F3F7F2F8002818BF88
:101FA0006FF0040008BD08B500F0B5FA002818BFAE
:101FB0006FF0040008BD2DE9F3411C460023904654
:101FC00082682360A3600D465369694601AA984759
:101FD000019B5A1E019223B96FF0150002B0BDE8B3
:101FE000F0810098A26847682168676085B9A8EB0E
:101FF00002030668B34228BF334603FB07111A44A5
:102000002160A26002689A4206D808300090DFE79B
:102010006B1AB3FBF7F3ECE70020DFE7134600226F
:10202000FFF7C9BF2DE9F0470024836886B08846D2
:1020300091465B6902AA01A99847A2462546029BE0
:10204000AB4202D806B0BDE8F0870026019F07EB3F
:10205000C5077B6804933A680AEB0603B24202D8CC
:102060009A460135EBE749460394059303A8C04718
:102070000028E7D0049B01361C44ECE710B50C4661
:1020800000F0E6FA0023C4E90003184610BD38B595
:1020900005460C4600F0DCFA002D07DBA84205D906
:1020A000401B84428CBF0020012038BD0020FCE78B
:1020B00070B50C461946204616461D46FFF7E7FF49
:1020C00028B929462046BDE87040F0F735BF5DB11C
:1020D000B4F5004F2A462146304603DABDE8704089
:1020E000FFF7F4BE00F01AFE002070BD4368002028
:1020F0005B681B690B607047436802EA01005B681C
:1021000021EA020198600020D960704743680020EE
:102110005B6899607047436800205B68D9607047CE
:1021200043685A68536821EA03000B40906000201E
:10213000D360704730B543681360057A446804EB98
:10214000C504A34202D36FF0010030BD5C798C421C
:1021500001D00833F0E70020F7E743681B68D3F8A5
:102160008004C3F88004704742681368D3F81001F4
:1021700050B10020D26912780A70C3F81001D3F868
:10218000102101221A6070474FF0FF307047002A7B
:102190000FDD42681368D3F8100158B10020C3F86E
:1021A0001001D3F810010120D26912780A7018606A
:1021B00070470020704710B5436819680369EFF352
:1021C0001182202080F31288BFF36F8F00241868DB
:1021D000847301201B68D8734FF48003C1F8043363
:1021E00082F31188BFF36F8F10BD012103691A6854
:1021F000917300221B68DA73704702690346116805
:10220000C87B40B15B681B68D3F8580118B1002344
:102210000B6113689889704743681B68D3F81001F5
:10222000003818BF01207047102243681B68C3F8AC
:1022300004237047102243681B68C3F808237047C3
:102240004FF4007243681B68C3F8042370474FF4CF
:10225000007243681B68C3F80823704738B54368A9
:1022600004461D68D5F804335B0205D4D5F8040391
:1022700010F0100006D138BDFFF7BFFF0028F5D0E1
:102280000120F8E72046FFF7C7FF003818BF0120FC
:10229000F1E7012070470369186801601B685A6004
:1022A000704702680346D2F8580140B95B68DB0703
:1022B00006D4D2F82001003818BF01207047012051
:1022C000704710B4436802691B68D3F80413C9054A
:1022D00017D5D3F82011A1B1EFF31181202484F395
:1022E0001288BFF36F8FD3F8204134B10024C3F8B4
:1022F0002041D3F820410124DC6081F31188BFF331
:102300006F8F1168D3F8584171B184B100240C610A
:102310001168C97B19B94FF48001C3F8081311681B
:102320008C7B24B100238B735DF8044B7047D3F88A
:10233000241121B10021C3F82411D3F824311268EB
:102340001368002BF0D051685DF8044B184713B5A3
:1023500001AA0446FFF7EEFE002805DB019B226878
:1023600019791868F1F7F0F802B010BD2DE9F041C5
:1023700006690546336801279C8910339442A8BF3B
:102380001446D3E8EF2F002A03D1C3E8E07F0028EA
:10239000F7D10CBF3B4600232BD133682246986807
:1023A00000F0BCFCEFF31188202383F31288BFF305
:1023B0006F8F69680846FFF774FF326840B90446BA
:1023C000106188F31188BFF36F8F2046BDE8F0815C
:1023D0000B689268C3F844250022C3F84845C3F847
:1023E0002021D3F82011C3F85821D3F858219F6039
:1023F000E7E71C46E9E708B5F1F764FA08BD2DE9FF
:10240000F043561AA1EB000E9EFBF6F4354606FB90
:1024100014E444B9121A92FBF5F903EB810CAC42B7
:1024200008DBBDE8F08395FBF4F704FB175725465E
:102430003C46EEE74FF000086018C84503DB013466
:102440000CF1040CEBE78842ACBFA0EB0E00801946
:1024500053F82070DCF8002008F1010843F8202030
:10246000CCF80070E9E713B501240194049C0094B2
:10247000F1F774FC02B010BD00F0ACB900F0A0BAE6
:102480000A460121FEF747BC0121F2F76BBA002191
:10249000F2F768BA03780BB1F2F7FEBB704708B5E4
:1024A00000F039F848B1002383F31188BFF36F8F30
:1024B0000423184602DF6FF0040008BD0A4601211C
:1024C000FEF729BC00B589B006AB0293082303933D
:1024D00001AB049304230791CDE9053004AA184603
:1024E00002A9F2F727FE0228019B09D003280AD08F
:1024F00060B9181E18BF0120404209B05DF804FB06
:102500006FF01500F9E76FF08500F6E74FF0FF3048
:10251000F3E7002070470020704710B588B01C46D4
:1025200005AB01930C2302930423CDE90612CDE9F8
:1025300004300DEB030103AA0020CDF80CD0F2F714
:10254000F9FD009B236008B010BD004700F042B9C0
:1025500038B504461546F2F7A3FE29462046BDE8E5
:102560003840F2F7B5BE430903BF4FF0FF3323FAFB
:1025700000F000F00100002070472DE9F3411746FC
:10258000DDE90858019001A80C461E46F3F75CF8F7
:10259000019B391E18BF012100EB8300231E18BFC9
:1025A0000123002E43EA410314BF0C210021002D1A
:1025B00043EA010314BF4FF4E0610021B8F1000FBA
:1025C00043EA010314BF4FF440310021D0F8002248
:1025D0000B4322EA030304B124780FB13F787F0054
:1025E0001C430EB13678B6003C438DB12978090200
:1025F0003443B8F1000F03D098F800804FEA084840
:10260000214341EA0801C0F8001202B0BDE8F081A0
:102610002946EDE71FB50DF10F03019300238DF857
:102620000F101A4619460093FFF7A7FF05B05DF893
:1026300004FB08B50246F3F76DF810B11046F3F746
:1026400073F800F0010008BDF3F720B9F3F7F6B80E
:102650004FF4801070474FF4805070474FF48070F3
:10266000704700207047F3F775BE022904D0042993
:1026700006D0012900D17047806808B1F1F7C4BFC6
:102680007047F3F78BBE002210B50468944200D166
:1026900010BD00EBC2014B68013223F0FF0343F091
:1026A00003034B60F2E70420F3F7BEBC0420F3F70A
:1026B000D9BC08B5F3F774FCBDE80840F5F752B98A
:1026C00038B505460024031D2A68A24201D800231C
:1026D00019E04FF00002D3E8CF0F032804D1C3E87C
:1026E000CC2FBCF1000FF6D102D008330134EBE758
:1026F000642202FB04130021184600F036FB034657
:1027000005EBC404A060184638BD0830704770B5AA
:1027100006460D4621B9F3F747FE90B9002070BD7B
:102720000846F1F769FF04460028F7D03046F3F772
:102730003BFE38B92046F1F767FF0120F1F740FF73
:10274000ECE72C460661C56040F8084FE7E740EA31
:102750000141104640F8081DF3F732BEF3F72ABED8
:10276000F1F74ABF08B5F1F74FFFBDE80840012077
:10277000F1F726BF70B504460E4600F025F8054671
:10278000206808B1FFF7EAFF48F202039E4218D022
:1027900048F209039E4214D048F201039E420BD135
:1027A0006B684BB104F1140204F1380152F8040BC8
:1027B0008A4243F8040BF9D12046BDE8704000F08E
:1027C00005B863696B60F7E7C06870470269C36862
:1027D0001A60704708B1F0F70DB9704740B1C3688F
:1027E000587810F001001EBF1878B0FA80F0400948
:1027F0007047EFF31183202383F31288BFF36F8FA9
:10280000FEE710B54369044633B90020E268537807
:1028100043F00103537010BD98470028F5D00028FD
:10282000B8BF4042FF28A8BFFF20E3681870EDE75B
:1028300000F09BBA00F072BA10B400F10C04C0E9C9
:102840000344002444615DF8044BE8F737BF816915
:10285000C36843EA010212F003020FD10261426928
:10286000013A01FB0233C2689A4201D90020704745
:1028700002691A60826903619B1AF4E76FF0150020
:10288000704790F90E308B4201D0F7F73DBC002025
:10289000704703460020C3E90033C3E902007047D4
:1028A00010B5044630B10268930703D0446809B1FB
:1028B00000F0FAF9204610BD012307B5009300236C
:1028C0000A461946F5F7F4FF03B05DF804FB5AB168
:1028D0008A4209D300F11003C0E90212C0E90000E6
:1028E000C0E90433002070476FF0150070470123E2
:1028F00002688B4022EA0303036022FA01F000F031
:102900000100704710B5032104460C30FFF7EFFFBC
:1029100030B104F11000F8F7E5FCB0FA80F040099E
:1029200010BD28B1002200F582701146F8F75CB99D
:10293000704770B5C3680446C3F340069B0716D4BE
:10294000856802210C30FFF7D2FF80B1D5F8FC205A
:102950006AB194421DD122689EB9D5F80031C5F8FC
:10296000FC209C4201D1C5F8002100232360E368CC
:1029700013F01F001EBF43F00203E36040F00200AB
:1029800070BD3260D5F80021944208BFC5F80061DF
:10299000EBE716461268DBE710B5F6F753FC041EAA
:1029A00008DDEFF31180202383F31288BFF36F8FCC
:1029B000F7F718FD204610BDC0E900000020704761
:1029C000EFF30580003818BF01207047783070475A
:1029D000002310B58B4202D10020136010BDC45CEF
:1029E000AA2CF9D10133F5E70A46D0E92701FFF710
:1029F000EFBFD0E9003213605A600023C0E9003312
:102A0000704738B504460D46F6F784FF637B43F004
:102A100002036373E5B1A5602B689D4209D16B6821
:102A2000C4E900531C606C6012E06A689A42F6D0F8
:102A30001B68002BF3D094F90E2093F90E108A42F4
:102A4000F3D09142F1DD5A68C4E9003214605C6051
:102A500038BD01211838F7F72FBA10B50446F7F73B
:102A6000E3F904F11800BDE81040F8F73BBC38B5B5
:102A7000054604680020AC4200D138BD002CFCD0D3
:102A80002046FFF7EAFF2046F7F796F82C6801206A
:102A9000A542F1E70022F8F71BBA0122F8F718BAAD
:102AA00008B50246F8F70CFB70B1D0E904319B1A67
:102AB00061EBE272B3F1004F72F1000104DA002A17
:102AC000ACBF1846002008BD6FF00040FBE708B51A
:102AD000F8F70AFD08BDF8F707BDB3F1FF3F08BFDF
:102AE000B2F1FF3F70B504461D46164613D01A4397
:102AF00015D06FF001024FF0FF33921B63EB05011D
:102B0000002904DAF8F7F0FC821941EB0501C4E969
:102B10000021204670BD4FF0FF321146F7E700223A
:102B2000FBE7B3F1FF3F08BFB2F1FF3FF8B507463F
:102B300016461C4610D054EA020311D0F8F7D4FC14
:102B4000B0420A46A14103460AD2F31A64EB0204DA
:102B5000C7E900343846F8BD4FF0FF331C46F7E7AD
:102B60000023FBE70023C0E9081200F11802C0E9C6
:102B70000622C0E9003303634363704710B504467F
:102B8000F8F7B0FBA8B9636A0BB12046984704F187
:102B90001800F7F76BFA60B1F7F70EF8EFF3118052
:102BA000202383F31288BFF36F8FBDE81040F7F73F
:102BB00019BC10BD70B5D0E90034984209D044B1B9
:102BC000A568EDB115F9526C12F9525CB54208D006
:102BD00007DDC1E900042160416010E0A342F8D0A4
:102BE0001B68002BF5D09A6862B112F9522CAA42E8
:102BF000F4D0F3DD5A68C1E900321160596070BD4C
:102C0000AB7BFFDE937BFCE72DE9F0418468054652
:102C10000E46D4B16378012B22D114F8533C9A07A5
:102C200011D5A4F160073846FFF717FF082E0CBF37
:102C30006FF003030023236514F8533CDB0602D135
:102C40003846F6F7B9FF002323700020EB68A86030
:102C5000C3F38632164366F39433EB60BDE8F0812C
:102C6000022BF0D12378002BEDD054F8048CB8F16E
:102C7000000FE8D004F11400F8F734FB0023A4F1AE
:102C8000140739464046E362F6F7DCFADBE7002337
:102C9000C0E9000083607047002383607047836849
:102CA0000B60C3681360704720B1011F50F8040C1B
:102CB000F5F7BEB9704770B5A0FB015424B928469A
:102CC000F9F70CFA064610B90026304670BD2A46C0
:102CD000214600F04AF8F8E70A220021FAF7A2BBE1
:102CE000C9B20346024410B59342184601D10020F0
:102CF00003E0047801338C42F6D110BD013902445F
:102D000010B5904201D1002005E0037811F8014F81
:102D1000A34201D0181B10BD0130F2E70A44431E44
:102D2000914200D1704710B511F8014B914203F860
:102D3000014FF9D110BD884210B501EB020402D950
:102D40008442234607D8431EA14208D011F8012B24
:102D500003F8012FF8E7024401468A4200D110BD72
:102D600013F8014D02F8014DF7E702440346934280
:102D700000D1704703F8011BF9E79368013B002B72
:102D8000936010B408DA9469A34201DB0A2903D1E5
:102D90005DF8044BFAF708BC1368581C106008462D
:102DA00019705DF8044B7047F8B506460F46144697
:102DB000D518AC4201D1002007E03A4614F8011BB7
:102DC0003046FFF7DAFF431CF3D1F8BD2DE9F04F91
:102DD00085B00C469046194657EC106B002F3B46C9
:102DE000DDE90E9BBCBF07F1004332462BF0200A01
:102DF000AFBF00231F4616462D23BAF1460F0B70B6
:102E000005D0BAF1450F00D10134022100E00321C1
:102E100003AB2246019302AB47EC106B00934B4689
:102E2000D7F74AFEBBF1670F054619D118F0010F1D
:102E30000ED005EB04080022002330463946D5F7B2
:102E4000A7FD08B1CDF80C803022039B434521D368
:102E5000039B2846109A5B1B136005B0BDE8F08FFA
:102E6000BBF1470FE2D0BAF1460F00EB0408E2D104
:102E70000378302B0AD10022002330463946D5F79B
:102E800087FD18B9C4F10104C9F80040D9F8003031
:102E90009844D0E7591C03911A70D6E7F7B500297A
:102EA0000270BABF49422D232B230929437028DD24
:102EB0000DF107030A271D461A46013BB1FBF7F641
:102EC00007FB1614303402F8014C0C463146632CD3
:102ED000F2DC3031941E03F8011C411C2346AB4246
:102EE0000AD30DF109039B1AAC4288BF00230233B9
:102EF0000344181A03B0F0BD13F8016B01F8016F19
:102F0000EDE7302330318370031DC170F1E72DE907
:102F1000F047164698468A6807460B690C46DDF866
:102F200020909342B8BF1346336091F843200AB112
:102F3000013333602368990642BF3368023333603C
:102F4000256815F0060506D104F1190AE368326810
:102F50009B1AAB422BDC94F843302268003B18BF2D
:102F60000123920630D404F1430241463846C84753
:102F7000013023D023681A3454F80A2C03F00603D6
:102F8000042B0ABF54F80E5C002533684FF000068E
:102F900008BFED1A54F8123C08BF25EAE5759342C4
:102FA000C4BF9B1AED18B5421AD1002008E00123D6
:102FB000524641463846C847013003D14FF0FF30F2
:102FC000BDE8F0870135C1E7E1185A1C3020023313
:102FD000224481F8430094F8451082F84310C2E778
:102FE0000123224641463846C8470130E6D0013623
:102FF000D9E710B50C46B1F90E10FBF7EDFE00282D
:10300000ABBF636DA3891B1823F48053ACBF63650A
:10301000A38110BD002070472DE9F0411F468B8928
:1030200005460C46DB05164605D502230022B1F9FC
:103030000E10FAF7C9FEA3893246B4F90E102846DD
:1030400023F48053A3813B46BDE8F041FAF7FEBA72
:1030500010B50C46B1F90E10FAF7B6FE431CA38961
:1030600015BF606523F4805343F48053A38118BFD8
:10307000A38110BDB1F90E10FAF766BB024610B578
:10308000147813460132002CFAD1013B11F8012BC0
:1030900003F8012F002AF9D110BDC9B20346184622
:1030A00013F8012B12B18A42F9D17047002918BFD9
:1030B00000207047034611F8012B03F8012B002A6A
:1030C000F9D1704710B56AB10139841810F8012B95
:1030D00011F8013F9A4203D1A04201D0002AF5D154
:1030E000D01A10BD1046FCE70139034610B532B1C5
:1030F00011F8014F013A03F8014B002CF7D11A44A3
:103100000021934200D110BD03F8011BF9E70246EC
:10311000014410B58A42134603D01C780132002CBA
:10312000F8D1181A10BD0A7870B56AB970BD9A4204
:1031300009D10C46054614F8013F002BF6D015F8CE
:10314000016F9E42F7D001300378002BEFD1184673
:10315000ECE770B504460D46164645EC104BFBF700
:10316000A3F951EC100B7EB1C5F30A53C3F16B0305
:10317000002B09DD1B05002403F17F55224605F5D0
:1031800040152B46D5F79CF941EC100B70BDFAF7B2
:10319000CBB8FAF751B930B514469BB005461A467C
:1031A000002C05DA8B2303604FF0FF301BB030BDDD
:1031B0004FF40273009104916946ADF80C3014BFCE
:1031C00004F1FF332346029305934FF6FF73ADF8E6
:1031D0000E301E9BFBF734FA431CBCBF8B232B60C5
:1031E000002CE3D0009B00221A70DFE72DE9F74F97
:1031F000036907460C69A342C0F28380013C00F1D9
:10320000140501F11408A30055F8242008EB8409E3
:10321000009305EB8403019358F8243001339A425C
:10322000B2FBF3F631D34FF0000AC446AE46D346A4
:103230005CF8043B98B2E1454FEA134306FB00A05B
:103240004FEA104280B206FB0323DEF8002092B260
:103250004FEA134AA2EB00029BB2DEF800005A4488
:10326000C3EB224392B203EB104342EA03424FEA1C
:10327000234B4EF8042BDBD2009BEB582BB9019B60
:10328000043B9D421A4630D33C61384600F0A0FA18
:10329000002826DB2946002058F8042BD1F800C06E
:1032A0001FFA82FEC1451FFA8CF34FEA1242A3EBCC
:1032B0000E030344C2EB23429BB202EB1C4243EADF
:1032C00002434FEA224041F8043BE5D255F824205E
:1032D00005EB840322B9043B9D421A460BD33C61A3
:1032E0000136304603B0BDE8F08F1268043B002A77
:1032F000CAD1013CC5E71268043B002AEFD1013C6A
:10330000EAE70020EEE7B1F90C202DE9F0411707BC
:1033100005460C4656D44B68002B02DC0B6C002B88
:103320003DDDE66A002E3AD0002312F480522F6869
:10333000216A2B6025D0626DA389580705D5636883
:10334000D21A636B0BB1236CD21A216A0023E66A8E
:103350002846B047411C24D00023636023692360C2
:10336000A389DA0400D56065616B2F60B9B104F1FF
:103370004403994202D02846F8F7A6FF002363636E
:103380000DE001232846B047461C0246D4D12B68E5
:10339000002BD1D01D2B01D0162B2AD12F6000205D
:1033A0002EE02A68B4F90C3042B11D2A01D0162A49
:1033B00021D10023636023692360D5E7626022691D
:1033C0002260CEE70F69002FE9D093070E680F60E7
:1033D0000CBF4B690023A6EB07088B60B8F1000F08
:1033E000DDDD43463A46216A2846A66AB0470028F2
:1033F00008DCB4F90C3043F040034FF0FF30A381F8
:10340000BDE8F0810744A8EB0008E7E770B5682342
:103410004D1E0E465D4305F17401F8F7D3FF0446D7
:1034200040B1002105F16802C0E900160C30A0602F
:10343000FFF79BFC204670BD2DE9F8430646884601
:1034400000F148040027D4E90195B9F1010905D537
:103450002468002CF7D13846BDE8F883AB89012BEE
:1034600007D9B5F90E30013303D029463046C0479D
:1034700007436835E9E703694A11B3EB611F2DE99A
:10348000F04304DC002303610023436131E000F1D9
:10349000140411F01F0104EB830604EB82050CD128
:1034A00000F110072946B14231D39B1AEA1E9B0056
:1034B000964238BF0023234415E054F82270C1F12E
:1034C000200805F1040EA146CF407645F44612D8F7
:1034D0009A1A01359200043AAE4238BF0022A3186E
:1034E000A75007B104331A1BA3424FEAA20202619C
:1034F000CAD0BDE8F083DCF800C00CFA08FC4CEA46
:10350000070749F8047B5EF8047BCF40DDE751F8FC
:1035100004CB47F804CFC6E7A0F13003092B02D84B
:103520002038C0B27047A0F16103052B01D847389D
:10353000F7E7A0F14103052B01D82738F1E7002078
:103540007047C2F10802920070B5C2F120064368CC
:10355000046803FA06F5D3402C43046040F8043FA6
:103560008842F4D370BD0368013330B511F8014BC4
:1035700014B90360012030BD13F8012BA2F14105FD
:10358000192D98BF2032A242F0D00020F3E70B683B
:1035900001682DE9F04F5E1113F01F034FF0000595
:1035A00087B002EB860682469046AB4618BF0436CB
:1035B00001930295371F46F8045CB9463C464B1C04
:1035C0004A78039342B3104605910492FFF7A4FF93
:1035D000002851D1049A0599202A18D8029B9B45AE
:1035E00013DD4C4506D2072D04DC2A464946204609
:1035F000FFF7A7FF444551D90023A4F10409CDF8F2
:1036000008B044F8043C1D464C460399D7E7292AE4
:1036100056D10231CAF80010BBF1000F50D04C4512
:1036200006D2072D04DC2A4649462046FFF789FFCB
:10363000444535D9A8F10402234653F8041B9F42A0
:1036400042F8041FF9D23B1B033E0134002223F051
:1036500003030433B44288BF0423434443F8042BD8
:103660009F42FBD23B681BB9474527D101233B60F2
:10367000052007B0BDE8F08F01350BF1010B082DD7
:1036800005DD4445C1D90023043C0125236022689F
:1036900000F00F0040EA02102060B6E70825B4E70A
:1036A000019B002BDED0C3F120034FF0FF32DA4044
:1036B00056F8043C134046F8043CD3E7043FD1E7F6
:1036C0000420D6E770B50C46B1F90E1096B0154639
:1036D00000291E460CDAA389002113F0800F14BFC5
:1036E00040234FF48063002031602B6016B070BD22
:1036F0006A46FBF7A1FB0028EDDB019901F470415C
:10370000A1F50053594259414FF48063EBE782B071
:1037100001B901A942B14BB113780B601278101EA8
:1037200018BF012002B070471046FBE76FF00100A0
:10373000F8E7B0F5803F034636BF030400201020B1
:10374000B3F1807F3CBF1B020830B3F1805F3CBF08
:103750001B010430B3F1804F03D3002B0ADB01308F
:1037600070479B0001D5023070475B0001D50330E4
:103770007047202070470368024613F007000BD003
:10378000D90721D4980747BF5B0801209B08022076
:103790004CBF13601360704799B209B91B0C10201D
:1037A000D9B209B908301B0A190704BF1B09043034
:1037B000990704BF9B080230D90703D45B0800F1C6
:1037C000010003D01360704700207047202070472D
:1037D00003460A690069801A30B50ED114331431DA
:1037E00003EB820401EB820154F8045D51F8042DCF
:1037F000954203D005D24FF0FF3030BDA342F3D342
:10380000FBE70120F9E72DE9F04F85B0CDE9001085
:1038100002A9FAF76FFE03A9009855EC104BFAF7CE
:1038200069FE019B2F4620461969009B1B69C91A36
:10383000DDE902325BEC10AB9B1AD94603EB411376
:10384000002BCDBF2A46C3EB03335A4602EB035786
:10385000D8BF02EB0359524639464B46D4F75AFFBC
:1038600041EC100B05B0BDE8F08F013902F11403F3
:10387000491170B501311469051F00EB810103EB9B
:103880008404A3420CD3A31A1132113B23F0030387
:10389000A24288BF002318440023884205D370BD8C
:1038A00053F8046B45F8046FEBE740F8043BF4E78A
:1038B00000F114024B110069984210B511DB0ADDCA
:1038C00011F01F0107D052F8234024FA01F000FA4A
:1038D00001F18C420BD102EB8303934203D8002009
:1038E00010BD0346F7E753F8041D0029F5D0012069
:1038F000F6E738B502FB01F52946F8F763FD044603
:1039000018B12A460021FFF730FA204638BDF8B535
:10391000074615460C4621B91146BDE8F840F8F7B0
:1039200051BD22B9F8F7D0FC00242046F8BD00F0C4
:1039300043F9A842F9D229463846F8F743FD06462E
:103940000028F1D021462A46FFF7E8F921463846FB
:103950003446F8F7B9FCE8E72DE9F0471F468E68D2
:1039600082460C46BE4290460B682DD8B1F90C2019
:1039700012F4906F26D06569096905EB4505A3EB44
:1039800001097B1C05EBD5754B446D109D4238BF7A
:103990001D46530527D52946F8F714FD064660B3A2
:1039A0004A462169FFF7BAF9A38923F4906343F0EB
:1039B0008003A38126614E446561A5EB090526605D
:1039C0003E46A560BE4200D93E463246414620688A
:1039D000FFF7B1F9A36800209B1BA3602368334461
:1039E0002360BDE8F0872A46FFF791FF06460028CE
:1039F000E0D121695046F8F767FC0C234FF0FF3007
:103A0000CAF80030A38943F04003A381E9E738B541
:103A10004B1C144603D14FF0FF35284638BD93891F
:103A2000CDB223F0200393815368526B8AB1A26B0D
:103A30009A4208DD23685A1E226003F8015C63681D
:103A400001336360E9E7214600F072F80028F1D005
:103A5000E1E72169226841B1914206D212F8011CC6
:103A6000A94202D1013A2260EAE7C4E90F2304F136
:103A7000440363630323A363234603F8465F236081
:103A80000123DEE710B50C46496B69B104F144032C
:103A9000994201D0F8F718FC0020236C6063636042
:103AA00013B1E36B236010BD23694FF0FF30236037
:103AB00000236360A38943F02003A381F3E770B57B
:103AC0000B78044601385E2B04F1FF0513BF4A1C36
:103AD0008A1C4B78002108BF012100F8011FA84271
:103AE000FBD10BB9501E70BD81F001011046E154AD
:103AF000024612F8015B2D2D05D05D2D16D0002D4C
:103B0000F1D02B46F2E746785D2EFAD0B342F8DCCE
:103B100002301A4601329642A154FBDCF21A5D1CB7
:103B2000013AB342A8BF0022AB18E1E71046DAE73A
:103B30002DE9F0410C46496B04F1440399421AD136
:103B40004FF48061F8F73EFC18B94FF0FF30BDE844
:103B5000F0814FF48063606300F2FD30A36394F85A
:103B60004630837094F84530437094F844300370C5
:103B700020600020EBE7A66B77003A46FFF7C7FE10
:103B800005460028E1D000EB0608014632464046D3
:103B9000FFF7C4F8C4F80080C4E90D57E9E703460D
:103BA000084641B1FF2A04D98A224FF0FF301A603B
:103BB000704701200A70704751F8043C181F002B11
:103BC000BCBF0B58C0187047EA50FD7F01000000D1
:103BD000CD2402000000000029290200000000009E
:103BE0006929020000000000AD2902000000000069
:103BF000E529020000000000254D02000000000041
:103C000000000000C03C0300C57F0200000000006F
:103C1000D98002000000000000000000E43C030026
:103C200000000000083D0300000000002C3D0300E0
:103C3000D12E020000000000113B02000000000035
:103C400051D3010000000000BD410200000000004F
:103C500041230200000000001325030000000000C3
:103C60000DC102000000000000000000503D0300F4
:103C70009F2403000000000051EF0100000000003D
:103C8000A9490200000000007DD4000000000000EF
:103C90002DFF000000000000110F010000000000D7
:103CA000F920010000000000DD51010000000000CB
:103CB000CD6A010000000000517E010000000000FC
:103CC000C6B404005C520300E440030060EA002034
:103CD000AC4D0120C12B02000000000000000000DC
:103CE00050520300ACB60400A0520300C0400300D1
:103CF00066EA0020284E0120C134020000000000C6
:103D00000000000094520300F1B404000000000021
:103D1000A040030062EA002000000000A71F03008B
:103D2000000000000000000074520300E5B604002B
:103D3000C45203000041030068EA0020D0E70020DD
:103D40005D3702000000000000000000B8520300D0
:103D50005BB5040000000000A840030064EA0020F6
:103D600000000000612F02000000000000000000C1
:103D70008052030000000000F91D03000000000055
:103D8000F91D030000000000F91D03000000000001
:103D9000F91D030000000000F91D03009D550200FD
:103DA0004B25030000000000F91D03000000000087
:103DB000F91D03002C3D0300C32203000000000096
:103DC000F91D030000000000F91D030000000000C1
:103DD000F91D030000000000F91D030000000000B1
:103DE000F91D030000000000F91D030000000000A1
:103DF000F91D030000000000F91D03000000000091
:103E0000F91D030000000000F91D03000000000080
:103E1000F91D030000000000F91D03000000000070
:103E20000939020000000000F91D03000000000035
:103E3000F91D030000000000F91D03000000000050
:103E4000F91D030000000000F91D03000000000040
:103E5000F91D030000000000F91D03000000000030
:103E6000F91D030000000000F91D03000000000020
:103E7000F91D030000000000F91D03000000000010
:103E8000F91D030000000000F91D03000000000000
:103E9000F91D030000000000F91D030000000000F0
:103EA000F91D030000000000F91D030000000000E0
:103EB000F91D030000000000F91D030000000000D0
:103EC000F91D0300A16002004B2503000000000063
:103ED000F91D030000000000F91D030000000000B0
:103EE000F91D030000000000F91D030000000000A0
:103EF000F91D030000000000F91D0300855D0200AC
:103F00004B25030000000000F91D03000000000025
:103F1000F91D030000000000F91D0300000000006F
:103F2000F91D030000000000F91D0300000000005F
:103F3000F91D030000000000F91D0300000000004F
:103F4000F91D030000000000F91D0300000000003F
:103F5000F91D030000000000F91D0300000000002F
:103F6000F91D030000000000F91D0300000000001F
:0C3F7000F91D030000000000F91D030013
:103F800020FA0020109C0120001000000107010011
:103F9000000000000000000000000000F5FFFFFF2F
:103FA000000000003D0104000000000000000000CF
:103FB000F8EF0020107801200010000021E400003C
:103FC000000000000000000000000000F9FFFFFFFB
:103FD000000000002DEC03000000000000000000C5
:103FE0000805012010C40120001000004145010017
:103FF00000000000000000000000000005000000BC
:1040000000000000E627040000000000000000009F
:1040100018FB002010AC012000180000B926010098
:10402000000000000000000000000000050000008B
:10403000000000004718040000000000000000001D
:10404000B00D012010D4012000100000015B010020
:10405000000000000000000000000000050000005B
:104060000000000091340400000000000000000087
:10407000F0F8002010980120000400001DFB000053
:10408000000000000000000000000000050000002B
:1040900000000000C3F30300000000000000000067
:1040A000931F030000000000B12003002130020034
:1040B000892F0200312F02007D200300212F0200F2
:1040C00029330200ED200300F92003000D21030035
:1040D000172103002121030099310200B9300200A9
:1040E00000000000192C02008D1F0300611F030057
:1040F00000000000E92A02000000000000000000AB
:1041000069210300A93602005B2103006D2303002F
:104110008F210300B7210300EB210300FB210300E3
:104120002922030035220300FB210300192203008A
:10413000412203004F2203005D220300932203006B
:1041400097220300DBC0040003000000108D040070
:1041500003000000E3B4040003000000D6BF040025
:1041600003000000C8A504000300000083B504009C
:104170000300000074B3040003000000C38F0400B8
:10418000020000008B900400030000004D91040029
:104190000300000027C30400030000008DAD0400ED
:1041A00003000000D6BB040003000000F6CA0400B0
:1041B00003000000B0B2040003000000BAB2040023
:1041C0000300000055B304000300000001B3040025
:1041D000030000000EB304000300000047B3040016
:1041E00003000000C6B20400030000000A0204003D
:1041F00003000000D29A040003000000D89A0400D3
:104200000300000070B3040003000000F5B60400D2
:10421000030000005DB3040003000000B84E03007B
:10422000204C0120EC9A0400000000000400000073
:104230000F00000001000000080000002400000042
:1042400064000000740000000D0000000C0000007D
:104250000E0000005000000078000000AC000000DC
:1042600008000000FFFFFFFF49000000FFFFFFFF05
:10427000E39A0400A8E70020A042012084E7002080
:10428000020000003C4E03009C420120504E0300FF
:104290000CEB0020D89A0400C02B012010EC012068
:1042A00054530300244F0300E44D0300A04B0300CC
:1042B000A44D0300F84A0300A44E0300FC4E030083
:1042C000904D0300204B0300384F0300E84E0300DD
:1042D000D44E0300104F03000C4B0300304D03007D
:1042E000E44A03000000000000000000000000009D
:1042F00000000000000000002F6D0300386D030077
:1043000000000000C9C40000010A00002D6D030078
:104310000D6D0300000000008DD3000001000000BF
:10432000AA3A0400AE3A0400C44B0300C96001007D
:1043300001000000F76B0300FC6B030000000000AD
:104340001DCA000001230000A0040400D86A030075
:104350000000000071D0000001230000D76C0300B2
:10436000E26C03000000000089C50000010A0000A3
:104370001A6B0300226B030000000000F9CC000060
:1043800001230000756C03007F6C03000000000037
:1043900049C6000001060000616803003E6C03008E
:1043A0000000000049C80000010600001E6E030066
:1043B000ED6D030000000000ADEE02000100000002
:1043C0005B6E03002E6E030000000000A3EE0200EF
:1043D00001000000616D0300666D03000000000035
:1043E000FDBB0000010A0000093B0400C16D030091
:1043F00000000000B7EE020001000000B55B040001
:104400009E6D030000000000E1BB00000100000001
:10441000000000000000000000000000000000009C
:10442000000000006B930400729304000000000081
:1044300035E8010000000000DD5903000895040084
:1044400000000000B9E8010000000000E995040048
:10445000F39504000000000015E9010003000000CE
:10446000FF590300595404000000000051E8010006
:104470000200000056B3040012960400B04403008A
:104480000000000000000000249404002B940400AD
:1044900000000000719C000001010000AE59030003
:1044A0008294040000000000A1E801000000000068
:1044B00000000000000000000000000000000000FC
:1044C00000000000269904002B9904000000000061
:1044D0004DEC010002000000D866030001970400C3
:1044E00000000000B9E9010000000000C5980400C8
:1044F000CC98040000000000F1EB01000200000075
:10450000E9970400F097040000000000A5EA01000C
:1045100000000000629804006A9804000000000097
:1045200095EB010002000000000000000000000008
:0C4530000000000000000000000000007F
:104540000000000028F503000100000043F503000F
:104550000200000058F50300030000006BF50300A3
:104560000400000079F503000500000087F5030052
:104570000600000097F5030000100000AEF50300F0
:1045800001100000C5F5030002100000DDF5030076
:1045900003100000F4F50300041000000BF6030004
:1045A0000510000026F603000610000035F6030093
:1045B000071000004CF603000810000066F6030028
:1045C000091000007EF603000A10000092F60300B6
:1045D0000B100000A9F6030000600000C1F6030004
:1045E00001600000D9F6030002600000F3F603004A
:1045F000036000000AF703000460000021F70300D5
:104600000560000036F70300066000004CF7030069
:104610000070000068F703000170000078F70300E5
:104620000270000091F70300037000009FF7030081
:104630000A1A0000ADF703000B1A0000CAF70300C6
:10464000FFFFFFFF000000000000000013F5030063
:10465000010000001FF50300FFFFFFFF0000000046
:1046600000000000867B040001000000F9F4030054
:104670000200000001F50300FFFFFFFF0000000043
:104680000000000091F4030001000000ADF40300FD
:1046900002000000CDF40300FFFFFFFF0000000058
:1046A0000000000051F40300010000005DF403006D
:1046B0000200000076F40300FFFFFFFF000000008F
:1046C00064000000B202040065000000BF020400A4
:1046D00066000000CD02040067000000E202040052
:1046E00068000000F8020400320000000B03040020
:1046F000330000001E0304003400000033030400F4
:104700003500000049030400FFFFFFFF0000000028
:1047100000000000755104000100000084510400F5
:1047200002000000A3510400FFFFFFFF0000000093
:1047300000000000B26B040001000000C66B040022
:1047400002000000D46B040003000000926B040020
:104750000F000000BC680400FFFFFFFF0000000026
:1047600000000000506B040001000000696B0400B1
:10477000020000007D6B040003000000926B040047
:1047800003000000A96B0400FFFFFFFF0000000012
:104790000000000010690400010000001869040016
:1047A0000200000039690400030000005A69040097
:1047B0000400000073690400050000008C69040017
:1047C00006000000A569040008000000BE6904009E
:1047D00009000000D56904000A000000EC6904002B
:1047E0000B000000086A04000C000000256A0400A9
:1047F0000D000000416A04000E000000616A040020
:104800000F000000826A040010000000FB68040032
:10481000110000009A6A040012000000A86A040057
:1048200013000000BF6A040014000000D96A0400ED
:1048300015000000EA6A040016000000FA6A04008D
:1048400017000000126B040018000000266B040023
:104850003E000000BC6804001A000000336B040036
:10486000FFFFFFFF0000000000000000C36804001D
:1048700001000000D468040002000000ED6804009C
:1048800010000000FB6804001E000000BC6804006B
:10489000FFFFFFFF0000000000000000946804001C
:1048A00001000000A56804001E000000BC680400B0
:1048B000FFFFFFFF00000000A16E0200632603005F
:1048C000057902002AD90400070904002DD9040043
:1048D0001B5B4A00001B5B4800001B5B324A000068
:1048E0001B5B4A00001B5B6D00001B3700001B3880
:1048F00000001B5B3F336C00001B5B4800001B5B30
:10490000324A00001B3700001B3800000000000086
:104910000338FDD870470000785634122600000096
:104920000100010000000000014B0000DA07000058
:10493000ABFFFFFFB9FFFFFFF4FFFFFF0000000028
:1049400000000000A025260004041204000000005E
:1049500088130000000000000000000000000000BC
:104960000000000000000000000000000000000047
:104970000000000000000000BC89D897B2D29C3C27
:1049800033A7A8D523F649393DA7F444FD0FA53236
:104990009D978CCF08BA5B25436FAC6428066811DD
:1049A0000080E03779C34143176E05B5B5B893462B
:1049B000F5F93FE9034F384D321D30F94877825AF7
:1049C0003CBF737FDD4F1575000000000000F03F15
:1049D00000000000000024400000000000005940DA
:1049E0000000000000408F40000000000088C3402D
:1049F00000000000006AF8400000000080842E41A2
:104A000000000000D01263410000000084D79741ED
:104A10000000000065CDCD41000000205FA00242F3
:104A2000000000E876483742000000A2941A6D4268
:104A3000000040E59C30A2420000901EC4BCD6425B
:104A400000003426F56B0C430080E03779C3414306
:104A500000A0D8855734764300C84E676DC1AB437C
:104A6000003D9160E458E143408CB5781DAF15449A
:104A700050EFE2D6E41A4B4492D54D06CFF0804475
:104A8000F64AE1C7022DB544B49DD9794378EA448A
:104A9000C4570300D4570300E0570300EB5703004B
:104AA000035803000D580300195803002E58030043
:104AB00042580300D2550300D2550300D2550300DB
:104AC000D2550300D2550300D25503004D580300C0
:104AD000545803006B5803007D5803008F5803009F
:104AE000A2580300AE590300B659030000000000AD
:104AF0007FEE020001000000DD590300E2590300CF
:104B000000000000D5B8000001000000FF590300BC
:104B1000055A0300000000007DB9000002000000FB
:104B2000415A0300475A0300344B030039BB0000CD
:104B300000000000384B03006D5A0300785A030050
:104B4000604B030039BB00000000000000000000C3
:104B50000000000000000000000000000000000055
:104B6000644B0300EDC00400A35A030000000000E2
:104B7000E9B90000000000001DC10400C65A03008E
:104B800000000000CDB9000000000000000000009F
:104B90000000000000000000000000000000000015
:104BA0006C6E0300716E0300E4420300B9BB0000A9
:104BB0000000000049F6030083340400B1710400D2
:104BC0008B340400C84B0300093B0400F13A040095
:104BD000000000005162010001000000103B0400D1
:104BE0001D3B0400000000000968010001060000F0
:104BF000553B0400453B0400000000004D690100E6
:104C000001000000613B04006D3B04000000000057
:104C100041660100010C0000943B04009E3B04002F
:104C200000000000B1640100010B0000BB3B040068
:104C3000C63B0400000000003161010001060000D5
:104C4000E43B0400EC3B040000000000B162010002
:104C5000010B00001F3C04000F3C0400000000009A
:104C60006BF40200010000003F3C04002F3C0400F4
:104C700000000000F16001000100000000000000E1
:104C80000000000000000000000000000000000024
:104C9000AD640400C5640400CF640400E064040053
:104CA000FC6404001E6504003D65040050650400BA
:104CB000606504008A650400B4650400C7650400EB
:104CC000DA650400F465040001660400306604003F
:104CD000626604009B660400D766040099640400C1
:104CE00099640400996404009964040099640400C0
:104CF00099640400996404009964040099640400B0
:104D0000FB660400066704001B6704004467040098
:104D1000616704007D6704009E670400B5670400B6
:104D2000C6670400FC670400426804008A68040047
:104D3000938404009F84040000000000DDB10100A2
:104D4000000000009B020300AF020300000000000F
:104D50009F0203008027012000010000FD0B0300DB
:104D6000C30B03000200000000000000A392040037
:104D7000AB920400000000000000000000000000F2
:104D8000BAE00300B3920400B7920400BB9204009F
:104D90003E9304004593040010440300000000000B
:104DA000000000007F99040086990400B84D0300BC
:104DB0000000000000000000BC4D0300D8660300A6
:104DC0009699040000000000A9EC0100000000001A
:104DD00000000000000000000000000000000000D3
:104DE00000000000599A04005E9A0400F84D030088
:104DF0000000000000000000FC4D0300DC57030031
:104E00006C9A04000000000045EE01000000000064
:104E10007C9A0400809A0400000000006D100300DA
:104E20000000000000000000000000000000000082
:104E300000000000000000003A000000315901208D
:104E40001E000000C7160300704203007CE700202C
:104E50001C4203007C4E03000C4C01206400000047
:104E6000684E0300C84B0120B82C012080000000D0
:104E700000000000911003000200000097190300D9
:104E8000144C0120315901201E00000089EF01005F
:104E9000DF100300BB10030001110300CD1003005D
:104EA000000000006F5B0300379F0400000000005B
:104EB000FDFF0100010000004F1803002718030048
:104EC000EB190300000000000000000000000000DB
:104ED000000000001FA1040026A104000000000043
:104EE000950E020001000000BD57030050A1040010
:104EF0004C4F0300AD0F020001010000F5A10400BA
:104F0000FDA1040000000000550E02000100000099
:104F10000EA2040014A20400784F03000000000059
:104F200000000000483C04003AA204000000000019
:104F3000790F02000100000048A204004CA2040006
:104F400000000000D31A030000000000504F0300CF
:104F50006FA2040077A2040000000000050E02000A
:104F60000100000000000000000000000000000040
:104F700000000000000000007C4F0300BBA2040002
:104F8000C4A2040000000000010F020001000000A4
:104F9000E1A20400F0A204001C5003000000000085
:104FA00000000000A0A30400A7A304005C510300BC
:104FB0000000000000000000BEA30400C4A3040021
:104FC0001C51030000000000000000006D9C040064
:104FD000DBA30400DC500300000000000000000020
:104FE000EAA30400EFA304009C500300B10E0200EA
:104FF0000101000002A4040008A404005C500300A6
:1050000000000000000000000000000000000000A0
:10501000000000000000000000000000205003001D
:105020001AA4040024A4040000000000531B030081
:10503000010000005CA4040063A404000000000060
:10504000051B03000100000000000000000000003C
:10505000000000000000000000000000605003009D
:10506000DA5703009AA4040000000000D71A0300D6
:1050700001000000C8A40400CDA40400000000004A
:10508000310E0200010000000000000000000000DE
:10509000000000000000000000000000A05003001D
:1050A00040A00400F9A40400000000006D1B0300F0
:1050B0000100000047CC040038A5040000000000F7
:1050C000BB1B030001000000000000000000000006
:1050D000000000000000000000000000E05003009D
:1050E00040A004004BA5040000000000450E020093
:1050F0000100000047CC04005BA504000000000094
:10510000F91A030001000000000000000000000088
:10511000000000000000000000000000205103001B
:1051200040A004006AA50400000000001F1B03004B
:105130000100000047CC040082A50400000000002C
:10514000A11B03000100000000000000000000009F
:10515000000000000000000000000000605103009B
:1051600040A0040099A5040000000000391B0300C2
:105170000100000047CC0400B1A5040000000000BD
:10518000871B030001000000000000000000000079
:105190000000000000000000000000000700000008
:1051A000000000000000000000800000503D0300EF
:1051B000010000000000000000800000503D0300DE
:1051C000020000000080000000000F00503D0300BE
:1051D000030000000080000000000F00503D0300AD
:1051E0000400000000800F0000200000503D03007C
:1051F0000500000000800F0000200000503D03006B
:105200000600000000A00F0000600000503D0300F9
:1052100040DB00200000000006000100020000004A
:1052200024520300000000003AAF04000200000016
:10523000E0FF0F0028DB002042AF04002100000047
:10524000E0FF0320AD2A0200992B020000000000BD
:105250005452030001000000D1B40400192D0200D3
:10526000552C0200D7B404007B1F0300811F0300EC
:10527000DDB404007852030001000000F9B404001A
:10528000845203000100000072B504000400000015
:1052900000FF00009852030001000000B8B60400AF
:1052A000FFFFFFFF00258440000000000000000019
:1052B0000010034000000000BC5203000100000089
:1052C000EFB6040000800040010000000000000074
:1052D000E45203000000D6010000000051590120F3
:1052E0005059012000800040F052030001000000EE
:1052F000F8520300040000001B0000000E00000232
:105300001A0600010F060003008000202807000095
:1053100028870020803B000028C3002000180000E0
:1053200000000000000000000100000021B70000A4
:10533000A5400200E43C030000000000E43C030040
:1053400001000000E43C030004000000E43C030012
:105350000500000001C2040004C2040000000000B7
:10536000A14B020000000000196E020000000000C6
:10537000000000007527030000000000000000008E
:1053800000000000D1740200FAC80400FFC8040045
:1053900007C9040013C9040054CA040062CA040007
:1053A00076CA040085CA040091CA0400D03B0300F9
:1053B000D03B0300383C0300403C0300803C03002A
:1053C000C03C030057CF04000100050081CF04005A
:1053D000020007005DCF04000400080066CF04004F
:1053E000080004006BCF04001000090075CF040012
:1053F000200008007ECF040040000A0089CF04008E
:105400008000060072D604000001000078E8002049
:1054100034000000CEFBFFFFCB03000001000000C2
:105420000000000035000000CEFBFFFFCB030000B2
:10543000010000000000000000000000000000006B
:10544000000000000000000000000000000000005C
:10545000000000000000000000000000000000004C
:10546000000000000000000000000000000000003C
:10547000000000000000000000000000000000002C
:10548000000000000000000000000000000000001C
:10549000000000000000000032E6030063CB0400BF
:1054A00050EA002005000000190000007D00000007
:1054B0007906900600000D020000000000000000C8
:1054C000A70600000000000000000000000000002F
:1054D000000000000000000000009B068D06A406EE
:1054E000000027020000000000000000AF060000DE
:1054F00000000000000000000000000000000000AC
:10550000000000000000AF060000880008019001C4
:1055100018029802180398032804A8042805A8056F
:105520002806A8064807C8072000280128023803D3
:10553000480448054806480738083809380A380B2F
:10554000380C380D780E780F3800C8015803E8047D
:105550006806E8073809B80A780CF80D780FE010EB
:10556000A0122014A015FFFF5800680268048806E6
:105570007808780A780C780EA010A012A014FFFF0B
:10558000FFFFFFFFFFFFFFFF9000A803C806B80959
:10559000B80CB80FE012E015FFFFFFFFFFFFFFFFA1
:1055A000FFFFFFFFFFFFFFFF0A0032006400F4016E
:1055B000E803DC05D007A00F401F803E007D3200CD
:1055C0006400F401E803DC05D007A00FEAFF7AFFCE
:1055D000F4FF556E6B6E6F776E20726561736F6E40
:1055E000004D6F64656D2063726173682072656140
:1055F000736F6E3A203078257820282573292C2067
:1056000050433A20307825780A00434D414B455F9E
:10561000534F555243455F4449522F7372632F6D68
:1056200061696E2E6300415353455254494F4E20D9
:105630004641494C205B25735D20402025733A2567
:10564000640A00094D6F64656D20637261736820A0
:1056500064657465637465642C2068616C74696E3C
:1056600067206170706C69636174696F6E20657822
:1056700065637574696F6E0A00646573685F73684B
:10568000656C6C20213D202828766F6964202A29CA
:10569000302900094661696C656420746F20676574
:1056A00074207368656C6C206261636B656E640A5C
:1056B0000050494E207265736574207C200077612C
:1056C000746368646F67207C200077616B65757018
:1056D0002066726F6D20706F7765722D6F66662021
:1056E0007C2000646562756720696E74657266610E
:1056F00063652077616B657570207C2000736F6631
:105700007477617265207C2000435055206C6F6374
:105710006B7570207C2000636F6E74726F6C2061FB
:10572000636365737320706F7274207C2000706FE8
:105730007765722D6F6E207265736574000A52650D
:1057400073657420726561736F6E3A2025730A0069
:10575000646573685F636F6D6D6F6E5F776F726B9B
:105760007100436F756C64206E6F7420696E69748C
:1057700069616C697A65206E72665F6D6F64656DD4
:105780005F6C69622C206572722025640A00466194
:1057900074616C206572726F720A0043616E6E6F85
:1057A0007420696E697469616C697A65204C45443E
:1057B0007320286572723A202564290A0072657385
:1057C000697A6500556E646566696E656420666118
:1057D000756C7400485720574420726573657400D7
:1057E00048617264206661756C74004D656D6F72FE
:1057F00079206D616E6167656D656E742066617597
:105800006C7400427573206661756C740055736129
:105810006765206661756C740053656375726520F9
:10582000636F6E74726F6C2072657365740045727D
:10583000726F722068616E646C657220637261734E
:1058400068005265736574206C6F6F7000417373EC
:1058500065727400556E636F6E646974696F6E6112
:105860006C20535720726573657400466C617368D1
:10587000206572617365206661756C7400466C61A9
:105880007368207772697465206661756C74005561
:105890006E646572766F6C74616765206661756CA5
:1058A00074004F76657274656D706572617475729F
:1058B00065206661756C7400686561703A20666188
:1058C000696C656420746F2072656164206B657219
:1058D0006E656C206865617020737461746973749F
:1058E0006963732C206572726F723A202564006BB5
:1058F00065726E656C20686561702073746174698F
:1059000073746963733A00667265653A20202020DB
:105910002020202020202025366400616C6C6F63DD
:10592000617465643A202020202020253664006DB3
:1059300061782E20616C6C6F63617465643A202518
:1059400036640A0073797374656D20686561702030
:10595000737461746973746963733A006D61782E4E
:105960002073697A653A20202020202025366400A3
:1059700073697A653A2020202020202020202020D2
:1059800025366400736C6565703A206475726174C5
:10599000696F6E206D757374206265206772656132
:1059A000746572207468616E207A65726F00766526
:1059B0007273696F6E005072696E74206170706CE2
:1059C00069636174696F6E2076657273696F6E20AA
:1059D000696E666F726D6174696F6E2E00686561C5
:1059E00070005072696E7420686561702075736113
:1059F000676520737461746973746963732E0073CF
:105A00006C65657000536C65657020666F72206E02
:105A1000207365636F6E64732E0054696D657374D3
:105A2000616D70732064697361626C6564005469B0
:105A30006D657374616D707320656E61626C656411
:105A4000007072696E7400436F6D6D616E647320D7
:105A5000666F72207368656C6C206F7574707574F6
:105A600020666F726D617474696E672E0074696D63
:105A7000657374616D707300456E61626C652F644F
:105A8000697361626C652074696D657374616D70B2
:105A90007320696E207368656C6C206F7574707507
:105AA000742E00456E61626C652074696D65737457
:105AB000616D707320696E207368656C6C206F7502
:105AC000747075742E0044697361626C652074692A
:105AD0006D657374616D707320696E207368656C99
:105AE0006C206F75747075742E005B253034642DD6
:105AF000253032642D2530326420253032643A2539
:105B00003032643A253032642E253033645D200013
:105B100043757474696E6720746F6F206C6F6E6765
:105B200020737472696E67207768696C6520707283
:105B3000696E74696E672E2E2E0A00556E6B6E6F3D
:105B4000776E207072696E74206C6576656C206665
:105B50006F72206E657874206C6F672E20506C65B4
:105B6000617365206669782069742E0A002D2D689E
:105B7000656C700025733A20737562636F6D6D619B
:105B80006E64206E6F7420666F756E64006532619E
:105B900039376665323537386100332E312E3100A2
:105BA000444553482076657273696F6E3A20202011
:105BB000202020207625732D25730044455348204E
:105BC0006275696C642069643A202020202020637B
:105BD0007573746F6D0044455348206275696C6439
:105BE0002076617269616E743A206465760025736F
:105BF0003A20737562636F6D6D616E64206E6F74B1
:105C000020666F756E640A0043616E6E6F7420715A
:105C100075657279206D6F64656D2074696D653A84
:105C2000206572722025640066697865640072617F
:105C30006E646F6D00505400554E4B4E4F574E00E2
:105C4000436F6D6D6F6E2073657474696E67733A20
:105C50000020206E6574776F726B20696420283392
:105C600032626974292E2E2E2E2E2E2E2E2E2E2EA0
:105C70002E2E2E2E2E2E2E2E2E2E2E2E2E2E2E2E44
:105C80002E2E2575202830782530387829002020C0
:105C90007472616E736D6974746572206964202812
:105CA0006C6F6E67205244204944292E2E2E2E2ED2
:105CB0002E2E2E2E2E2E2E2E2E2E2E2E2E2E2E250D
:105CC0007520283078253038782900202073686FB7
:105CD00072742052442049442E2E2E2E2E2E2E2E0B
:105CE0002E2E2E2E2E2E2E2E2E2E2E2E2E2E2E2ED4
:105CF0002E2E2E2E2E2E2E2E2E2E2E2E257520289A
:105D00003078253034782900202062616E64206E5E
:105D1000756D6265722E2E2E2E2E2E2E2E2E2E2E6E
:105D20002E2E2E2E2E2E2E2E2E2E2E2E2E2E2E2E93
:105D30002E2E2E2E2E2E2E2E2E2564002020537435
:105D400061727475702061637469766174696F6ED5
:105D500020726164696F206D6F64652E2E2E2E2E69
:105D60002E2E2E2E2E2E2E2E2E2E2E2E2E25730045
:105D70002020537461727475702061637469766158
:105D800074696F6E2E2E2E2E2E2E2E2E2E2E2E2E31
:105D90002E2E2E2E2E2E2E2E2E2E2E2E2E2E2E2E23
:105DA0002E44697361626C656400436F6D6D6F6E44
:105DB0002052582073657474696E67733A0020200E
:105DC00020206578706563746564205253534920C0
:105DD0006C6576656C2E2E2E2E2E2E2E2E2E2E2EB1
:105DE0002E2E2E2E2E2E2E2E2E2E2E2E2E2E2E25DC
:105DF0006400436F6D6D6F6E20545820736574742A
:105E0000696E67733A0020202020706F77657220DA
:105E10002864426D292E2E2E2E2E2E2E2E2E2E2E24
:105E20002E2E2E2E2E2E2E2E2E2E2E2E2E2E2E2E92
:105E30002E2E2E2E2E2E2E256400202020204D4387
:105E4000532E2E2E2E2E2E2E2E2E2E2E2E2E2E2E4D
:105E50002E2E2E2E2E2E2E2E2E2E2E2E2E2E2E2E62
:105E60002E2E2E2E2E2E2E2E2E2E2E256400436FFD
:105E70006D6D6F6E2052535349207363616E6E696E
:105E80006E672073657474696E67733A00202063CF
:105E900068206163636573733A20525353492073DA
:105EA00063616E20286D73656373292070657220AD
:105EB00063682E2E2E2E2E2E2E2E2E2E2E2E256466
:105EC0000020206368206163636573733A20525336
:105ED0005349207363616E20627573792028644290
:105EE0006D293A2E2E2E2E2E2E2E2E2E2E2E2E2E8C
:105EF0002E2E7369676E616C206C6576656C203E32
:105F00002025640020206368206163636573733A11
:105F10002052535349207363616E20706F7373690D
:105F2000626C65202864426D293A2E2E2E2E2E2E6C
:105F30002E2E2E2E2E2564203E3D207369676E6125
:105F40006C206C6576656C203E2025640020206303
:105F500068206163636573733A2052535349207319
:105F600063616E2066726565202864426D293A2E51
:105F70002E2E2E2E2E2E2E2E2E2E2E2E2E2E7369C1
:105F8000676E616C206C6576656C203C3D202564F5
:105F90000020206368206163636573733A20534374
:105FA000414E5F5355495441424C4525252E2E2ED6
:105FB0002E2E2E2E2E2E2E2E2E2E2E2E2E2E2E2E01
:105FC0002E2E2E25642525005363686564756C6547
:105FD0007220636F6D6D6F6E2073657474696E6788
:105FE000733A0020207363686564756C696E67207E
:105FF0006F66667365742F64656C617920287573AC
:10600000292E2E2E2E2E2E2E2E2E2E2E2E2E2E2EB5
:106010002E2E2E2E2E2E2E2E2E2E2E2E2E2E256473
:1060200000436F6D6D6F6E2048415251207365744F
:1060300074696E67733A0020204D6F64656D206946
:106040006E697420484152512070726F636573739A
:1060500020636F756E742E2E2E2E2E2E2E2E2E2E2B
:106060002E2E2E2E2E2E2E2E2E2E2E2E2E2E2E2E50
:106070002E2E25640020204D6F64656D20696E69A9
:1060800074204841525120525820627566666572EC
:10609000206578706972792074696D652028696E51
:1060A000206D6963726F7365636F6E6473292E2E42
:1060B0002564002020484152512066656564626174
:1060C000636B2052582064656C6179202873756277
:1060D000736C6F7473292E2E2E2E2E2E2E2E2E2E96
:1060E0002E2E2E2E2E2E2E2E2E2E2E2E2E2E2564A3
:1060F0000020204841525120666565646261636BEF
:10610000205258206475726174696F6E202873750F
:1061100062736C6F7473292E2E2E2E2E2E2E2E2E21
:106120002E2E2E2E2E2E2E2E2E2E2E2E256400209E
:10613000204841525120666565646261636B20545A
:10614000582064656C61792028737562736C6F7474
:1061500073292E2E2E2E2E2E2E2E2E2E2E2E2E2E1F
:106160002E2E2E2E2E2E2E2E2E2E25640048535FE0
:1061700044454354204D4143207363686564756C06
:10618000696E672073657474696E67733A002020C6
:1061900073636865645F6D6F64652E2E2E2E2E2EE0
:1061A0002E2E2E2E2E2E2E2E2E2E2E2E2E2E2E2E0F
:1061B0002E2E2E2E2E2E2E2E2E2E2E2E2E2E2E2508
:1061C00073002020286669786564207363686564BD
:1061D000756C652064697361626C65643B20736CE7
:1061E0006F742073657474696E67732069676E6F6E
:1061F00072656429002020726F6C652E2E2E2E2E63
:106200002E2E2E2E2E2E2E2E2E2E2E2E2E2E2E2EAE
:106210002E2E2E2E2E2E2E2E2E2E2E2E2E2E2E2E9E
:106220002E2E2E2E2E2E2573202825642900202088
:1062300070745F69642E2E2E2E2E2E2E2E2E2E2E54
:106240002E2E2E2E2E2E2E2E2E2E2E2E2E2E2E2E6E
:106250002E2E2E2E2E2E2E2E2E2E2E2E2E2E2E2567
:10626000750020206D61785F7074732E2E2E2E2E97
:106270002E2E2E2E2E2E2E2E2E2E2E2E2E2E2E2E3E
:106280002E2E2E2E2E2E2E2E2E2E2E2E2E2E2E2E2E
:106290002E2E2E25750020205054257520736C6FEE
:1062A000742E2E2E2E2E2E2E2E2E2E2E2E2E2E2EC8
:1062B0002E2E2E2E2E2E2E2E2E2E2E2E2E2E2E2EFE
:1062C0002E2E2E2E2E2E2E2E25753A257500257556
:1062D000202830782530387829206973206E6F7433
:1062E00020612076616C6964206E6574776F726BD3
:1062F0002069642E0A546865206E6574776F726B2E
:10630000204944207368616C6C2062652073657459
:1063100020746F20612076616C75652077686572E6
:1063200065206E6569746865720A74686520382036
:106330004C5342206269747320617265203078305A
:1063400030206E6F7220746865203234204D5342C5
:10635000206269747320617265203078303030308B
:1063600030302E004769766520646563656E742061
:1063700076616C756520666F7220526164696F206A
:106380004D6F6465205B312D335D2E004769766566
:1063900020646563656E7420747820696420283EEB
:1063A000203029004E6F74653A2042616E6420638C
:1063B00068616E676520746F2F66726F6D20342080
:1063C00072657175697265732061207265626F6FA5
:1063D00074206F72206120726561637469766174E4
:1063E000652E0042616E6420232564206973206E4F
:1063F0006F7420737570706F727465642E004E6FC9
:10640000742076616C696420484152512070726F2B
:106410006365737320636F756E742E004E6F742006
:1064200076616C696420484152512072782062750F
:10643000666665722065787069726174696F6E2036
:1064400074696D6520676976656E2E0047697665AB
:1064500020646563656E742076616C7565202876AE
:10646000616C7565203C20302900476976652064A1
:106470006563656E742076616C75652028302D31FA
:106480003030290073636865645F6D6F64653A201E
:106490007573652066697865647C72616E646F6D82
:1064A0000A00667400726F6C653A20757365206629
:1064B000747C70740A00736C6F7420666F726D6107
:1064C00074206D75737420626520613A620A0073EE
:1064D0006C6F742072616E6765206D7573742062D5
:1064E000652077697468696E20302E2E25642061DE
:1064F0006E642073746172743C3D656E640A00556D
:106500006E6B6E6F776E206F7074696F6E202825CA
:1065100073292E205365652075736167653A006D98
:106520003A643A6E3A743A623A7268004172677538
:106530006D656E747320776974686F757420272D8C
:1065400027206E6F7420737570706F727465643A73
:106550002025730073636865645F6D6F64653D72C9
:10656000616E646F6D3A2066697865642073636854
:106570006564756C6572206F7074696F6E732069E5
:10658000676E6F72656400464958454420736368BE
:106590006564756C657220726571756972657320CA
:1065A000726F6C652073656C656374696F6E20280B
:1065B0002D2D726F6C652066747C7074290A0050F2
:1065C0005420726F6C653A202D2D6D61785F707468
:1065D0007320616E64202D2D7074585F736C6F741E
:1065E000206172652046542D6F6E6C79206F707437
:1065F000696F6E730A0070745F6964206D757374DF
:1066000020626520312E2E25640A00465420726FC8
:106610006C653A202D2D70745F6964206973205079
:10662000542D6F6E6C79206F7074696F6E0A006DF7
:1066300061785F707473206D7573742062652031AA
:106640002E2E25640A005054256420736C6F74202C
:106650006D7573742062652077697468696E203087
:106660002E2E256420616E642073746172743C3D2B
:10667000656E640A006669786564207363686564A2
:106680003A205054256420736C6F742025753A2588
:1066900075206F7665726C6170732050542564208C
:1066A000736C6F742025753A25750A003132336892
:1066B0000043616E6E6F7420737461727420616345
:1066C00074697661746520636F6D6D616E642C20F2
:1066D0007265743A202564006C69737400633A69CA
:1066E0003A743A666168004368616E6E656C202595
:1066F00064206973206E6F7420737570706F72748C
:106700006564206F6E207365742062616E6420235F
:1067100025642E0A0043616E6E6F7420737461727B
:10672000742052535349207363616E2C206572723A
:106730002025640052535349207363616E207374A3
:1067400061727465642E00693A653A743A633A6618
:1067500068610043616E6E6F74207374617274209F
:1067600052582C2065727220256400525820737490
:1067700061727465642E005065726620636F6D6D82
:10678000616E642073746F7070696E672E00476964
:10679000766520646563656E742076616C7565202E
:1067A000666F722074686520736C6F7420636F75F8
:1067B0006E7420283E203029004E6F742076616C64
:1067C000696420484152512070726F636573732071
:1067D0006E6272206D61782E00653A743A6373615F
:1067E0006468004174206C6561737420726F6C651D
:1067F000206E65656420746F206265206769766528
:106800006E2E205365652075736167653A0043619C
:106810006E6E6F742073746172742070657266207E
:10682000636F6D6D616E642C207265743A2025640F
:10683000007065726620636F6D6D616E64207374A5
:1068400061727465642E0072665F746F6F6C206392
:106850006F6D6D616E642073746F7070696E672EFA
:106860000072780072785F636F6E740072785F7484
:106870007800556E6B6E6F776E206D6F64653A2091
:10688000257300556E6B6E6F776E2070656572664E
:10689000207266206D6F64653A20257300436F6E29
:1068A00074696E756F7573206D6F646520656E61B8
:1068B000626C65642E0A00476976652064656365CD
:1068C0006E742076616C756520283E203029005456
:1068D0006F6F2068696768206672616D655F7265B9
:1068E000706561745F636F756E74206D696768743D
:1068F000206361757365206973737565732E004736
:1069000069766520646563656E742076616C756573
:1069100020283E3D203029006D3A743A633A653AAA
:10692000703A7368004368616E6E656C2025642060
:106930006973206E6F7420737570706F7274656404
:106940002061742062616E64202325640043616EBF
:106950006E6F742073746172742072665F746F6FEF
:106960006C20636F6D6D616E642C207265743A20CB
:1069700025640072665F746F6F6C20636F6D6D616C
:106980006E6420737461727465642E0070696E6742
:1069900020636F6D6D616E642073746F7070696ECB
:1069A000672E00496E76616C6964204C42542070F9
:1069B0006572696F64202564202872616E67653A8C
:1069C000205B25642C25645D2900496E76616C6925
:1069D00064204C42542052535349206275737920ED
:1069E0007468726573686F6C642025642028726116
:1069F0006E67653A205B25642C2D315D290047695F
:106A0000766520646563656E742076616C756520BB
:106A1000666F72207468652070696E6720636F7599
:106A20006E7420283E20302900693A653A743A6C29
:106A30003A6373646D61680054696D656F757420A5
:106A40006E6565647320746F206265206C65737376
:106A5000207468616E20696E74657276616C2E00B8
:106A600043616E6E6F742073746172742070696E0E
:106A70006720636F6D6D616E642C207265743A20BF
:106A800025640070696E6720636F6D6D616E6420B0
:106A9000737461727465642E0043616E6E6F74204E
:106AA000737461727420646561637469766174657E
:106AB00020636F6D6D616E642C207265743A2025C1
:106AC0006400446561637469766174696F6E2073F4
:106AD0007461727465642E00646563742070696EFD
:106AE0006720636F6D6D616E642E0A205573616758
:106AF000653A20646563742070696E67205B6F700F
:106B000074696F6E733A207365653A2064656374C7
:106B10002070696E67202D685D0072665F746F6F0C
:106B20006C0052582F545820746F6F6C20666F722F
:106B30002068656C70696E672072756E6E696E672D
:106B4000206F66204554534920454E203330312074
:106B50003430362D323A0A2073656374696F6E7370
:106B600020342E332028436F6E666F726D616E6322
:106B70006520726571756972656D656E74732066E6
:106B80006F72207472616E736D69747465722920FE
:106B9000616E640A20342E342028436F6E666F7253
:106BA0006D616E636520726571756972656D656E84
:106BB000747320666F7220726563656976657229E9
:106BC0002E0A2055736167653A20646563742072EC
:106BD000665F746F6F6C205B6F7074696F6E733A71
:106BE000207365653A20646563742072665F746F14
:106BF0006F6C202D685D007065726600646563745B
:106C0000207065726620636F6D6D616E642E0A2060
:106C100055736167653A20646563742070657266B8
:106C2000205B6F7074696F6E733A207365653A20EC
:106C3000646563742070657266202D685D0052582B
:106C400020636F6D6D616E642E0A205573616765F8
:106C50003A2064656374207278205B6F7074696F8A
:106C60006E733A207365653A2064656374207278A8
:106C7000202D685D00727373695F7363616E0045F8
:106C80007865637574652052535349206D6561734F
:106C90007572656D656E742F7363616E2E0A205573
:106CA000736167653A206465637420727373695F0A
:106CB0007363616E205B6F7074696F6E733A2073DB
:106CC00065653A206465637420727373695F7363EA
:106CD000616E202D685D00726164696F5F6D6F6425
:106CE0006500416374697661746520726164696FDF
:106CF0002E0A2055736167653A20646563742072BB
:106D00006164696F5F6D6F6465202D680044652D57
:106D1000616374697661746520726164696F2E0ABB
:106D20002055736167653A2064656374206465610A
:106D30006374697661746500416374697661746532
:106D400020726164696F2E0A2055736167653A206D
:106D500064656374206163746976617465202D686D
:106D600000736574740053657420616E64207265ED
:106D7000616420636F6D6D6F6E2064656374207352
:106D8000657474696E67732E0A2055736167653A7E
:106D900020646563742073657474202D68005072DC
:106DA000696E7420646563742074696D652E0A20B1
:106DB00055736167653A20646563742074696D6515
:106DC000005072696E742064657368206465637432
:106DD000207374617475732E0A2055736167653A68
:106DE00020646563742073746174757300466C75F8
:106DF0007368206974656D7320696E2064656374BF
:106E00002064657368207363686564756C65722EB1
:106E10000A2055736167653A206465637420736363
:106E200068655F6C6973745F70757267650047654C
:106E30007420646563742064657368207363686597
:106E400064756C6572207374617475732E0A2055B5
:106E5000736167653A206465637420736368655F76
:106E60006C6973745F7374617475730064656374C3
:106E700000436F6D6D616E647320666F72204D6F9D
:106E800053682044454354204E522B205068792E9D
:106E9000006E775F69640062616E645F6E627200AB
:106EA000736368655F64656C6179006D646D5F69CB
:106EB0006E69745F686172715F70726F636573731E
:106EC0005F636F756E74006D646D5F696E69745F8A
:106ED000686172715F6578706972795F74696D65F8
:106EE0005F757300736368655F686172715F666583
:106EF00065646261636B5F72785F64656C61795F22
:106F0000737562736C6F747300736368655F686137
:106F100072715F666565646261636B5F72785F73EF
:106F20007562736C6F747300736368655F68617218
:106F3000715F666565646261636B5F74785F6465E9
:106F40006C61795F737562736C6F747300727373C5
:106F5000695F7363616E5F74696D650072737369F5
:106F60005F7363616E5F667265655F7468007273FC
:106F700073695F7363616E5F627573795F746800D4
:106F8000727373695F7363616E5F73756974616255
:106F90006C655F70657263656E74007363686564C9
:106FA0005F6D6F646500726F6C650070745F69641B
:106FB000006D61785F707473007074315F736C6F13
:106FC00074007074325F736C6F74007074335F732D
:106FD0006C6F74007074345F736C6F740070743510
:106FE0005F736C6F74007074365F736C6F740063E2
:106FF0005F7363616E5F74696D6500635F72785F74
:107000006578705F727373695F6C6576656C006636
:107010006F726365007573655F616C6C5F63686157
:107020006E6E656C73007573655F66696C7465720E
:1070300000766572646963745F747970655F636F0D
:10704000756E7400766572646963745F74797065D7
:107050005F636F756E745F64657461696C73006FF4
:107060006E6C795F616C6C6F7765645F6368616E8D
:107070006E656C73006C6F775F6C6174656E6379BD
:10708000006C6F775F6C6174656E63795F776974AC
:10709000685F7374616E646279006E6F6E5F6C62BC
:1070A000745F776974685F7374616E64627900639A
:1070B0006C69656E740073657276657200727373C5
:1070C000695F6D656173007573655F6861727100FA
:1070D000635F74696D656F757400635F636F756E70
:1070E0007400635F696E74657276616C00635F73D0
:1070F0006C6F747300635F74785F70777200635FA6
:1071000074785F6D637300635F74785F6C62745F43
:10711000706572696F6400635F74785F6C62745F3E
:10712000627573795F746800735F74785F69640077
:1071300074785F7077725F6374726C5F7064755F90
:1071400072785F6578705F727373695F6C6576657E
:107150006C0074785F7077725F6374726C5F6175D6
:10716000746F0072665F6D6F64650072665F6D6F4D
:1071700064655F706565720072785F66696E645FF2
:1071800073796E63006672616D655F7265706561CB
:10719000745F636F756E74006672616D655F7265B2
:1071A000706561745F636F756E745F696E7465722C
:1071B00076616C7300636F6E74696E756F757300C2
:1071C00072785F6672616D655F73746172745F6F10
:1071D00066667365740072785F737562736C6F7442
:1071E0005F636F756E740072785F69646C655F735E
:1071F0007562736C6F745F636F756E740074785F23
:107200006672616D655F73746172745F6F666673D9
:1072100065740074785F737562736C6F745F636F0D
:10722000756E740074785F69646C655F7375627302
:107230006C6F745F636F756E740064656275670070
:107240006475726174696F6E00635F6761705F730C
:107250006C6F747300635F6761705F737562736CEA
:107260006F747300635F686172715F666565646205
:1072700061636B5F72785F737562736C6F747300B8
:10728000635F686172715F666565646261636B5FAD
:1072900072785F64656C61795F737562736C6F742B
:1072A0007300635F686172715F70726F636573739F
:1072B0005F6E62725F6D617800735F686172715FAB
:1072C000666565646261636B5F74785F64656C6159
:1072D000795F737562736C6F747300735F6861724A
:1072E000715F666565646261636B5F74785F727815
:1072F0005F64656C61795F737562736C6F74730042
:1073000055736167653A20646563742073657474AE
:10731000203C6F7074696F6E733E0A4F7074696FB2
:107320006E733A0A20202D722C202D2D7265616417
:107330002C20202020202020202020202020202041
:1073400020526561642063757272656E7420636F8C
:107350006D6D6F6E2073657474696E67730A20209B
:10736000202020202D2D72657365742C2020202074
:1073700020202020202020202020205265736574AA
:1073800020746F2064656661756C7420636F6D6D29
:107390006F6E2073657474696E67730A20202D6E9A
:1073A0002C202D2D6E775F6964203C233E2C2020FD
:1073B000202020202020202020536574206E65741A
:1073C000776F726B20696420283332626974290AEE
:1073D00020202D742C202D2D74785F6964203C238F
:1073E0003E2C2020202020202020202020536574A7
:1073F000207472616E736D697474657220696420A3
:10740000286C6F6E67205244204944290A20202DA1
:10741000622C202D2D62616E645F6E6272203C23AF
:107420003E2C2020202020202020536574207573BE
:1074300065642062616E642E0A20202020202020B6
:10744000202020202020202020202020202020203C
:10745000202020202020496D706163746564206FB6
:107460006E207768656E2061206368616E6E656C62
:1074700020697320736574206173207A65726F0AC6
:1074800020202020202020202020202020202020FC
:107490002020202020202020202020202028652E91
:1074A000672E20696E20727373695F7363616E2942
:1074B0002E0A2020202020202020202020202020D4
:1074C0002020202020202020202020202020204498
:1074D000656661756C743A2062616E642023312E9A
:1074E000204F7468657220737570706F7274656474
:1074F0002062616E6473206172653A0A2020202048
:10750000202020202020202020202020202020207B
:10751000202020202020202020322C20342C203914
:1075200020616E642032322E0A20202D6D2C202DF9
:107530002D726164696F5F6D6F6465203C233E2C22
:10754000202020202020456E61626C652F446973E5
:1075500061626C652061637469766174696F6E2025
:1075600061742073746172742D75702E0A2020204E
:10757000202020202020202020202020202020200B
:10758000202020202020202020205769746820728D
:107590006164696F206D6F64653A0A2020202020A5
:1075A00020202020202020202020202020202020DB
:1075B0002020202020202020313A204C6F77206C82
:1075C0006174656E6379202864656661756C7429E1
:1075D0002E0A2020202020202020202020202020B3
:1075E0002020202020202020202020202020203289
:1075F0003A204C6F77206C6174656E6379207769EF
:107600007468207374616E6462792E0A20202020D1
:10761000202020202020202020202020202020206A
:10762000202020202020202020333A204C425420AB
:10763000284C697374656E204265666F72652054CC
:10764000616C6B292064697361626C65642C2077BE
:10765000697468207374616E6462792E0A20202038
:10766000202020202020202020202020202020201A
:1076700020202020202020202020343A204469731C
:1076800061626C656420616E6420726164696F2060
:107690006E6F7420616374697661746564206174CF
:1076A0002073746172742D75702E0A20202D642C45
:1076B000202D2D736368655F64656C6179203C756E
:1076C000736563733E2C2020457374696D61746526
:1076D00064207363686564756C696E672064656CAB
:1076E000617920287573292E0A52535349206D65FC
:1076F00061737572656D656E742073657474696EFF
:1077000067733A0A2020202020202D2D7273736980
:107710005F7363616E5F74696D65203C6D73656353
:10772000733E2C2020204368616E6E656C2061637F
:10773000636573733A207365742074686520746997
:107740006D6520286D7365632920746861742069F4
:1077500073207573656420666F720A2020202020D4
:107760002020202020202020202020202020202019
:107770002020202020202020202020202073636132
:107780006E6E696E6720706572206368616E6E65EB
:107790006C20666F722052535349206D656173757A
:1077A00072656D656E74732E0A20202020202020C3
:1077B00020202020202020202020202020202020C9
:1077C0002020202020202020202020446566617574
:1077D0006C743A2032207365636F6E6473202B20C3
:1077E0006672616D652E0A2020202020202D2D72CA
:1077F0007373695F7363616E5F667265655F7468FA
:10780000203C64626D3E2C20204368616E6E656C86
:1078100020616363657373202D20636F6E736964E9
:107820006572656420617320667265653A0A20207E
:107830002020202020202020202020202020202048
:107840002020202020202020202020202020202038
:107850006D65617375726564207369676E616C2014
:107860006C6576656C203C3D203C76616C75653EB0
:107870002E0A202020202020202020202020202010
:1078800020202020202020202020202020202020F8
:10789000202020205365742061207468726573680D
:1078A0006F6C6420666F722052535349207363617A
:1078B0006E2066726565207468726573686F6C64AB
:1078C000202864426D292E0A2020202020202D2DE2
:1078D000727373695F7363616E5F627573795F74EE
:1078E00068203C64626D3E2C20204368616E6E65AA
:1078F0006C20616363657373202D20636F6E736901
:10790000646572656420617320627573793A0A2038
:107910002020202020202020202020202020202067
:107920002020202020202020202020202020202057
:10793000206D65617375726564207369676E616C33
:10794000206C6576656C203E203C76616C75653EEA
:107950002E0A20202020202020202020202020202F
:107960002020202020202020202020202020202017
:10797000202020205365742061207468726573682C
:107980006F6C6420666F7220525353492073636199
:107990006E2062757379207468726573686F6C64A9
:1079A000202864426D292E0A20202020202020201B
:1079B00020202020202020202020202020202020C7
:1079C000202020202020202020204368616E6E652A
:1079D0006C20616363657373202D20636F6E736920
:1079E000646572656420617320706F737369626C83
:1079F000653A0A202020202020202020202020203E
:107A00002020202020202020202020202020202076
:107A10002020202020727373695F7363616E5F6240
:107A20007573795F7468203E3D206D656173757272
:107A30006564207369676E616C206C6576656C2087
:107A40003E0A20202020202020202020202020202E
:107A50002020202020202020202020202020202026
:107A600020202020727373695F7363616E5F66729A
:107A700065655F74680A2020202020202D2D7273F8
:107A800073695F7363616E5F7375697461626C655E
:107A90005F70657263656E74203C696E743E2C2065
:107AA000205343414E5F5355495441424C45206158
:107AB0007320706572204D414320737065632E0AF8
:107AC00020202020202020202020202020202020B6
:107AD00020202020202020202020202020202020A6
:107AE0002020202020202020202020496D7061634C
:107AF00074206F6E6C792077697468207375627377
:107B00006C6F7420636F756E74206261736564209E
:107B1000766572646963742E0A436F6D6D6F6E20B3
:107B200052582073657474696E67733A0A20202076
:107B30002020202D2D72785F6578705F72737369D5
:107B40005F6C6576656C2C2020202020202020533F
:107B500065742064656661756C7420657870656312
:107B60007465642052535349206C6576656C206FB0
:107B70006E205258202864426D292E0A436F6D6D85
:107B80006F6E2054582073657474696E67733A0A77
:107B90002020202020202D2D74785F707772203CCB
:107BA00064626D3E2C2020202020202020202020D8
:107BB00020205365742064656661756C7420545888
:107BC00020706F776572202864426D292E0A20206C
:107BD00020202020202020202020202020202020A5
:107BE0002020202020202020202020202020202095
:107BF0005B2D34302C2D33302C2D32302C2D313662
:107C00002C2D31322C2D382C2D342C302C342C377B
:107C10002C31302C31332C31362C31392C32312C63
:107C200032335D0A20202020202020202020202008
:107C30002020202020202020202020202020202044
:107C400020202020202053656520737570706F728E
:107C5000746564206D617820666F72207468652099
:107C6000757365642062616E642062792075736942
:107C70006E670A2020202020202020202020202085
:107C800020202020202020202020202020202020F4
:107C900020202020226465637420737461747573DE
:107CA00022202D636F6D6D616E64206F7574707529
:107CB000742E0A2020202020202D2D74785F6D63E3
:107CC00073203C6D63733E2C202020202020202038
:107CD00020202020205365742064656661756C74D3
:107CE000204D4353206F6E2054582028302D3429C6
:107CF0002E0A4841525120706172616D657465723F
:107D00007320696E206D6F64656D20696E69743AC9
:107D10000A2020202020202D2D6D646D5F696E6962
:107D2000745F686172715F70726F636573735F63B4
:107D30006F756E74203C696E743E2C2020436F7505
:107D40006E74206F66204841525120525820707244
:107D50006F63657373657320666F72206D6F646502
:107D60006D20696E69740A202020202020202020A8
:107D70002020202020202020202020202020202003
:107D800020202020202020202020202020202020F3
:107D90002020205B312C322C342C385D2E20446581
:107DA0006661756C743A20342E0A20202020202031
:107DB00020202020202020202020202020202020C3
:107DC00020202020202020202020202020202020B3
:107DD0002020202020204E6F74653A20746869733B
:107DE000206D757374206D61746368206174206206
:107DF0006F746820656E647320616E640A202020B1
:107E00002020202020202020202020202020202072
:107E10002020202020202020202020202020202062
:107E2000202020202020202020746F6F206269678E
:107E30002076616C75652077696C6C206361757361
:107E40006520627566666572206F766572666C6F16
:107E500077730A202020202020202020202020208E
:107E60002020202020202020202020202020202012
:107E700020202020202020202020202020202028FA
:107E80007365656E20617320504443204352432044
:107E90006572726F727329207769746820686967E8
:107EA0006865720A20202020202020202020202009
:107EB00020202020202020202020202020202020C2
:107EC00020202020202020202020202020202020B2
:107ED0006279746520616D6F756E747320283D6DD5
:107EE00063732B736C6F7473292C0A20202020205D
:107EF0002020202020202020202020202020202082
:107F00002020202020202020202020202020202071
:107F100020202020202020692E652E2074686520D6
:107F200064656661756C74203420697320746F6FAA
:107F3000206269672077697468204D4353340A20B2
:107F40002020202020202020202020202020202031
:107F50002020202020202020202020202020202021
:107F60002020202020202020202020696E206E6FDD
:107F70006E2D6F7074696D616C20656E7669726FBD
:107F80006E6D656E742E0A2020202020202D2D6D10
:107F9000646D5F696E69745F686172715F65787046
:107FA0006972795F74696D655F7573203C696E7481
:107FB0003E2C204841525120525820627566666519
:107FC00072206578706972792074696D652C2069FA
:107FD0006E206D6963726F7365636F6E64732E0AD2
:107FE0002020202020202020202020202020202091
:107FF0002020202020202020202020202020202081
:108000002020202020202020202020204D61786961
:108010006D756D20737570706F7274656420766114
:108020006C75653A20353030303030302E0A2020E3
:108030002020202020202020202020202020202040
:108040002020202020202020202020202020202030
:108050002020202020202020202044656661756C8F
:10806000743A20323530303030302E0A466F6C6C26
:108070006F77696E6720696D7061637465642077DE
:1080800068656E204841525120666565646261638F
:108090006B20726571756573746564206F6E206105
:1080A000207363686564756C657220666F72205416
:1080B00058206F7065726174696F6E3A0A202020D3
:1080C0002020202D2D736368655F686172715F6683
:1080D0006565646261636B5F72785F64656C61792A
:1080E0005F737562736C6F7473203C696E743E2CA1
:1080F000204761702028696E20737562736C6F74FD
:108100007329206265747765656E206F75722054DF
:108110005820656E640A2020202020202020202066
:10812000202020202020202020202020202020204F
:10813000202020202020202020202020202020203F
:1081400020202020202020202020616E64207374B5
:10815000617274696E67206F6620612052582066D4
:108160006F7220484152510A2020202020202020D8
:1081700020202020202020202020202020202020FF
:1081800020202020202020202020202020202020EF
:1081900020202020202020202020202066656564CB
:1081A0006261636B2E2044656661756C743A20349D
:1081B0002E0A2020202020202D2D736368655F6803
:1081C0006172715F666565646261636B5F72785F3F
:1081D000737562736C6F7473203C696E743E2C20EF
:1081E0005258206475726174696F6E2028696E2020
:1081F000737562736C6F74732920666F7220726579
:1082000063656976696E670A20202020202020207F
:10821000202020202020202020202020202020205E
:10822000202020202020202020202020202020204E
:10823000202020202020484152512066656564623C
:1082400061636B20666F72206F75722054582E0A1E
:10825000202020202020202020202020202020201E
:10826000202020202020202020202020202020200E
:108270002020202020202020202020202020446595
:108280006661756C743A2031382E0A436F6D6D6FDC
:108290006E2073657474696E677320666F72205206
:1082A00058207369646520666F72204841525120DE
:1082B0006F7065726174696F6E2C20652E672E2059
:1082C00073656E64696E672048415251206665652A
:1082D000646261636B3A0A2020202020202D2D73D8
:1082E0006368655F686172715F666565646261633A
:1082F0006B5F74785F64656C61795F737562736CD2
:108300006F7473203C696E743E2C2047617020624C
:1083100065747765656E20646174612052582061D0
:108320006E640A20202020202020202020202020D1
:10833000202020202020202020202020202020203D
:10834000202020202020202020202020202020202D
:10835000202020202020207374617274696E6720B1
:108360006120545820666F722070726F766964695C
:108370006E670A202020202020202020202020207E
:1083800020202020202020202020202020202020ED
:1083900020202020202020202020202020202020DD
:1083A000202020202020204841525120666565640D
:1083B0006261636B206966207265717565737465AF
:1083C000642062790A2020202020202020202020E4
:1083D000202020202020202020202020202020209D
:1083E000202020202020202020202020202020208D
:1083F000202020202020202020636C69656E742EB0
:108400000A20202020202020202020202020202082
:10841000202020202020202020202020202020205C
:10842000202020202020202020202020202020204C
:10843000202020202044656661756C743A20342029
:1084400028737562736C6F7473292E0A20202020A4
:1084500020202D2D736368655F686172715F6665AA
:1084600065646261636B5F74785F64656C61795F9A
:10847000737562736C6F7473203C696E743E2C204C
:10848000476170206265747765656E206461746110
:1084900020525820616E640A2020202020202020B5
:1084A00020202020202020202020202020202020CC
:1084B00020202020202020202020202020202020BC
:1084C0002020202020202020202020207374617272
:1084D00074696E67206120545820666F7220707234
:1084E0006F766964696E670A202020202020202092
:1084F000202020202020202020202020202020207C
:10850000202020202020202020202020202020206B
:1085100020202020202020202020202048415251AF
:1085200020666565646261636B20696620726571AF
:108530007565737465642062790A202020202020EC
:10854000202020202020202020202020202020202B
:10855000202020202020202020202020202020201B
:108560002020202020202020202020202020636C7C
:1085700069656E742E0A20202020202020202020D3
:1085800020202020202020202020202020202020EB
:1085900020202020202020202020202020202020DB
:1085A0002020202020202020202044656661756C3A
:1085B000743A20342028737562736C6F7473292E9B
:1085C0000A0A48535F44454354204D414320736396
:1085D000686564756C696E6720657874656E73692B
:1085E0006F6E733A0A2020202020202D2D7363689F
:1085F00065645F6D6F6465203C6D6F64653E2C2023
:1086000020202020202020204D41432073636865D6
:1086100064756C696E67206D6F64652E0A2020207A
:10862000202020202020202020202020202020204A
:10863000202020202020202020202020202020203A
:1086400072616E646F6D203A206C6567616379209A
:1086500072616E646F6D206163636573732028645B
:10866000656661756C74292E0A2020202020202048
:1086700020202020202020202020202020202020FA
:1086800020202020202020202020202066697865BE
:108690006420203A2066697865642C20736C6F74BE
:1086A0002D6261736564207363686564756C696EBF
:1086B000672E0A2020202020202D2D70745F6964F1
:1086C000203C69643E2C20202020202020202020D7
:1086D000202020202020506F727461626C6520542D
:1086E00065726D696E616C2028505429206964653B
:1086F0006E7469666965722E0A2020202020202071
:108700002020202020202020202020202020202069
:1087100020202020202020202020202030203D202C
:108720004669786564205465726D696E616C2028B5
:108730004654292E0A2020202020202020202020DE
:108740002020202020202020202020202020202029
:108750002020202020202020312E2E4E203D205071
:108760005420696E64657820696E20666978656456
:10877000207363686564756C696E672E0A2020201B
:108780002020202D2D6D61785F707473203C4E3E4B
:108790002C202020202020202020202020202020CD
:1087A0004D6178696D756D206E756D626572206FB3
:1087B000662050547320737570706F7274656420F6
:1087C0006279207468652046542E0A2020202020DB
:1087D0002020202020202020202020202020202099
:1087E0002020202020202020202020202020436F17
:1087F0006E74726F6C73204654206173736F63697B
:108800006174696F6E207461626C652073697A654A
:108810002E0A2020202020202D2D73665F6C656E8F
:10882000203C737562736C6F74733E2C2020202083
:10883000202020202053757065726672616D65205E
:108840006C656E67746820696E20737562736C6FF7
:10885000747320666F72206669786564207363683C
:108860006564756C696E672E0A2020202020202DFB
:108870002D7074315F736C6F74203C73746172740B
:108880003A656E643E2C20202020202046697865C1
:108890006420737562736C6F742072616E676520FB
:1088A000666F72205054312E0A2020202020202D67
:1088B0002D7074325F736C6F74203C7374617274CA
:1088C0003A656E643E2C2020202020204669786581
:1088D0006420737562736C6F742072616E676520BB
:1088E000666F72205054322E0A2020202020202D26
:1088F0002D7074335F736C6F74203C737461727489
:108900003A656E643E2C2020202020204669786540
:108910006420737562736C6F742072616E6765207A
:10892000666F72205054332E0A2020202020202DE4
:108930002D7074345F736C6F74203C737461727447
:108940003A656E643E2C2020202020204669786500
:108950006420737562736C6F742072616E6765203A
:10896000666F72205054342E0A20202020202020B0
:1089700020202020202020202020202020202020F7
:10898000202020202020202020202020536C6F74C5
:108990002072616E676573206D75737420666974EB
:1089A0002077697468696E2073665F6C656E2E0A45
:1089B0000055736167653A2064656374207278209E
:1089C00073746F70207C207374617274205B2D63EC
:1089D000203C6368616E6E656C5F6E62723E5D2006
:1089E0005B2D665D205B2D74203C736563733E5D7B
:1089F0000A2020202020202020202020202020208D
:108A0000202020202020202020202020205B2D65D9
:108A1000203C64626D3E5D0A202020202020202022
:108A20002020202020202020202020202020202046
:108A3000202020205B2D69203C736563735D205BE3
:108A40002D2D667265655F7468203C64626D5F768B
:108A5000616C75653E5D205B2D2D627573795F7469
:108A600068203C64626D5F76616C75653E5D0A539B
:108A70007562636F6D6D616E64733A0A2020737462
:108A80006172742C202020202020202020202020F3
:108A900020202053746172742052582E0A202073B3
:108AA000746F702C202020202020202020202020C7
:108AB0002020202053746F702052582E0A53746166
:108AC0007274696E67206F7074696F6E733A0A20F2
:108AD000202D63203C63685F6E62723E2C20202054
:108AE000202020202020202020202020202043681B
:108AF000616E6E656C206E756D6265722E205A65B2
:108B0000726F2076616C75653A20616C6C206368C9
:108B1000616E6E656C7320696E20612073657420D0
:108B200062616E642E0A2020202020202020202038
:108B30002020202020202020202020202020202035
:108B4000202020202044656661756C743A203136FF
:108B500036350A20202D742C202D2D635F73636120
:108B60006E5F74696D65203C696E743E2C20202018
:108B700020205363616E6E696E6720647572617444
:108B8000696F6E20696E207365636F6E64730A206F
:108B900020202020202020202020202020202020D5
:108BA0002020202020202020202020202020286479
:108BB000656661756C743A20313020736563732C7F
:108BC000206D61783A2036322073656373292E0A4E
:108BD00020202D6520202D2D635F72785F657870D1
:108BE0005F727373695F6C6576656C203C696E7447
:108BF0003E2C2053657420636C69656E7420657823
:108C00007065637465642052535349206C657665C2
:108C10006C206F6E205258202864426D292E0A2045
:108C20002020202020202020202020202020202044
:108C30002020202020202020202020202020202034
:108C4000202044656661756C743A20302028666186
:108C5000737420414743292E0A2020202020202DF4
:108C60002D7573655F66696C7465722C20202020F9
:108C70005573652066696C74657220666F72207228
:108C80006563656976696E67207061636B6574738F
:108C90002064657374696E6174656420746F2074F8
:108CA000686973206465766963652C0A202020203A
:108CB00020202020202020202020202020202020B4
:108CC000202020692E652E2073686F7274206E65D7
:108CD00074776F726B20696420616E6420726563C3
:108CE0006569766572206964656E746974790A20B5
:108CF0002020202020202020202020202020202074
:108D0000202020202020283D2074782069642920FC
:108D100066726F6D2073657474696E67732E0A20B6
:108D20002020202020202020202020202020202043
:108D300020202020202044656661756C743A2066EE
:108D4000616C73652C206E6F2066696C7465722E81
:108D50000A20202D662C202D2D666F7263652C2035
:108D6000202020202020202055736520737065630B
:108D700069616C20666F72636520746F206F766521
:108D800072726964652063757272656E74206974AD
:108D9000656D7320696E2070687920617069207339
:108DA00063686564756C65720A202020202020208D
:108DB00020202020202020202020202020202020B3
:108DC000736F2074686174205258206F70657261EF
:108DD00074696F6E20697320686176696E672070B0
:108DE00072696F72697479206F766572206F74682A
:108DF0006572732E0A202020202020202020202091
:108E00002020202020202020202020204E6F74654C
:108E10003A207768656E20757365642C206F7468DE
:108E200065722072756E6E696E67206974656D7308
:108E300020617265206E6F74207363686564756C61
:108E4000656420746F206D6F64656D2E0A20202D7F
:108E5000612C202D2D7573655F616C6C5F6368619B
:108E60006E6E656C732C20202020204368616E6E2E
:108E7000656C20616363657373206F7665727269D8
:108E800064653A0A20202020202020202020202055
:108E900020202020202020202020202020202020D2
:108EA000202074686973206973206F766572726917
:108EB00064696E67204861726D6F6E697A656420BF
:108EC0007374616E646172640A2020202020202067
:108ED0002020202020202020202020202020202092
:108EE00020202020202020726571756972656D65D3
:108EF0006E747320284554534920454E2033303139
:108F0000203430362D322C2056332E302E312C206A
:108F1000636820342E332E322E332C0A202020205A
:108F20002020202020202020202020202020202041
:108F3000202020202020202020205461626C6520E9
:108F4000322920746F20757365206F6E6C79206FE5
:108F50006464206368616E6E656C206E756D626519
:108F600072732061742062616E642023312E0A4680
:108F70006F6C6C6F77696E67206F7074696F6E735A
:108F8000206F6E6C7920696D7061637473206F6EF1
:108F90002052535349206D6561737572656D656E1E
:108FA000747320647572696E672052583A0A2020E3
:108FB0002D69203C696E74657276616C5F736563C0
:108FC000733E2C2020202020202020525353492063
:108FD0006D6561737572656D656E74207265706F15
:108FE0007274696E6720696E74657276616C20694F
:108FF0006E207365636F6E64732E0A20202020201C
:109000002020202020202020202020202020202060
:10901000202020202020202044656661756C743A51
:109020002031207365636F6E64732C207A65726FD4
:1090300020746F2064697361626C652E0A20202D94
:109040002D667265655F7468203C64626D5F766151
:109050006C75653E2C20202020204368616E6E6573
:109060006C20616363657373202D20636F6E736979
:10907000646572656420617320667265653A0A20D2
:1090800020202020202020202020202020202020E0
:109090002020202020202020202020206D656173AA
:1090A00075726564207369676E616C206C657665A6
:1090B0006C203C3D203C76616C75653E2E0A20207C
:1090C00020202020202020202020202020202020A0
:1090D0002020202020202020202020536574206183
:1090E000207468726573686F6C6420666F722052BA
:1090F000535349207363616E2066726565207468FE
:10910000726573686F6C64202864426D292E0A2092
:10911000202020202020202020202020202020204F
:10912000202020202020202020202020446566614F
:10913000756C742066726F6D20727373695F7363F0
:10914000616E5F627573795F74680A202020202049
:10915000202020202020202020202020202020200F
:1091600020202020202020204368616E6E656C2026
:10917000616363657373202D20636F6E736964652B
:1091800072656420617320706F737369626C653AF5
:109190000A202020202020202020202020202020E5
:1091A0002020202020202020202020202020627528
:1091B00073795F7468203E3D206D656173757265DB
:1091C00064207369676E616C206C6576656C203E07
:1091D00020667265655F74680A20202D2D627573A4
:1091E000795F7468203C64626D5F76616C75653E82
:1091F0002C20202020204368616E6E656C20616306
:1092000063657373202D20636F6E73696465726587
:109210006420617320627573793A0A20202020202F
:10922000202020202020202020202020202020203E
:1092300020202020202020206D65617375726564D8
:10924000207369676E616C206C6576656C203E20CA
:109250003C76616C75653E2E0A202020202020205F
:1092600020202020202020202020202020202020FE
:1092700020202020202053657420612074687265AE
:1092800073686F6C6420666F722052535349207369
:1092900063616E2062757379207468726573686F9C
:1092A0006C64202864426D292E0A20202020202072
:1092B00020202020202020202020202020202020AE
:1092C0002020202020202044656661756C74206673
:1092D000726F6D20727373695F7363616E5F667224
:1092E00065655F74680A0055736167653A20646557
:1092F000637420727373695F7363616E205B6C6962
:1093000073745D207C205B73746F705D207C205BC8
:109310005B2D63203C6368616E6E656C5F6E62728C
:109320003E5D0A20202020202020202020202020F8
:10933000202020202020202020202020202020202D
:109340002020205B2D74203C6368616E6E656C5F2D
:109350007363616E6E696E675F74696D655F6D736F
:109360003E5D0A20202020202020202020202020B8
:1093700020202020202020202020202020202020ED
:109380002020205B2D2D627573795F7468203C640A
:10939000626D5F76616C75653E5D205B2D2D66723A
:1093A00065655F7468203C64626D5F76616C7565AD
:1093B0003E5D0A2020202020202020202020202068
:1093C000202020202020202020202020202020209D
:1093D0002020205B2D69203C696E74657276616C7B
:1093E0005F736563733E5D205B2D2D666F726365F1
:1093F0005D5D0A4F7074696F6E733A0A20202D63A9
:10940000203C63685F6E62723E2C2020202020206A
:109410002020204368616E6E656C20746F20626549
:10942000207363616E6E65642F6D6561737572651F
:10943000642E205A65726F2076616C75653A2061E2
:109440006C6C20696E2061207365742062616E64AB
:109450002E0A202020202020202020202020202014
:1094600020202020202020202044656661756C7417
:109470003A20313636352E0A20202D612C202D2D14
:109480006F6E6C795F616C6C6F7765645F63686148
:109490006E6E656C732C2020496D70616374656419
:1094A000206F6E6C792061742062616E64202331BC
:1094B0002C207363616E206F6E6C7920616C6C6F11
:1094C000776564206368616E6E656C732070657289
:1094D0000A202020202020202020202020202020A2
:1094E000202020202020202020202020202020207C
:1094F000204861726D6F6E697A6564207374616E65
:109500006461726420726571756972656D656E74EF
:10951000730A20202020202020202020202020200E
:10952000202020202020202020202020202020203B
:109530002020284554534920454E203330312034D3
:1095400030362D322C2056332E302E312C206368AD
:1095500020342E332E322E330A20202020202020AB
:1095600020202020202020202020202020202020FB
:109570002020202020202020205461626C65203291
:1095800020666F7220312C3732364D487A20626166
:109590006E647769647468292E0A20202D2D766503
:1095A00072646963745F747970655F636F756E74FC
:1095B0002C202020202020202020526573756C74E0
:1095C00020766572646963746564206261736564A2
:1095D000206F6E205343414E5F5355495441424CD6
:1095E0004520737562736C6F7420636F756E742C95
:1095F0000A20202020202020202020202020202081
:10960000202020202020202020202020202020205A
:1096100020617320706572204D4143207370656333
:109620002063682E20352E312E322E0A2020202055
:10963000202020202020202020202020202020202A
:109640002020202020202020202020205343414E75
:109650005F5355495441424C452063616E20626519
:109660002061646A75737465642066726F6D20731F
:10967000657474696E67730A2020202020202020E2
:1096800020202020202020202020202020202020DA
:1096900020202020202020202028727373695F73EF
:1096A00063616E5F7375697461626C655F7065722A
:1096B00063656E74292E0A2020202020202020207F
:1096C000202020202020202020202020202020209A
:1096D0002020202020202044656661756C743A208B
:1096E000526573756C742076657264696374656421
:1096F00020626173656420686967686573742F6CA4
:109700006F776573740A20202020202020202020DD
:109710002020202020202020202020202020202049
:1097200020202020202066726F6D206F6E20616CDB
:109730006C206D6561737572656D656E74730A205A
:109740002020202020202020202020202020202019
:1097500020202020202020202020202020202077B2
:10976000697468696E206120676976656E20636838
:109770005F7363616E6E696E675F74696D655F6D5F
:10978000732E0A20202D2D766572646963745F74D0
:109790007970655F636F756E745F64657461696C21
:1097A000732C2053616D6520617320766572646946
:1097B00063745F747970655F636F756E7420627532
:1097C000742077697468207072696E74696E67209E
:1097D000737562736C6F740A202020202020202073
:1097E0002020202020202020202020202020202079
:1097F000202020202020202064657461696C732063
:10980000666F7220627573792F706F737369626C03
:109810006520737562736C6F74732E0A20202D6936
:10982000203C696E74657276616C5F736563733E2C
:109830002C20202020202020205363616E6E696E32
:109840006720696E74657276616C20696E2073653D
:10985000636F6E64732E0A20202020202020202099
:1098600020202020202020202020202020202020F8
:109870002020202044656661756C743A206E6F204C
:10988000696E74657276616C2C20692E652E206F6E
:109890006E652074696D65722E0A20202D74203C3F
:1098A00063685F7363616E6E696E675F74696D652F
:1098B0005F6D733E2C202054696D6520746861745F
:1098C000206973207573656420746F207363616E03
:1098D00020706572206368616E6E656C2E0A2020B0
:1098E0002020202020202020202020202020202078
:1098F0002020202020202020202020446566617523
:109900006C742066726F6D20727373695F7363612C
:109910006E5F74696D650A20202D2D667265655F26
:109920007468203C64626D5F76616C75653E2C20C6
:10993000202020204368616E6E656C206163636542
:109940007373202D20636F6E736964657265642084
:10995000617320667265653A0A202020202020204D
:1099600020202020202020202020202020202020F7
:109970002020202020206D6561737572656420733E
:1099800069676E616C206C6576656C203C3D203C9F
:1099900076616C75653E2E0A202020202020202034
:1099A00020202020202020202020202020202020B7
:1099B0002020202020536574206120746872657314
:1099C000686F6C6420666F72205253534920736332
:1099D000616E2066726565207468726573686F6C6D
:1099E00064202864426D292E0A2020202020202077
:1099F0002020202020202020202020202020202067
:109A000020202020202044656661756C74206672D9
:109A10006F6D20727373695F7363616E5F627573DC
:109A2000795F74680A202020202020202020202018
:109A30002020202020202020202020202020202026
:109A400020204368616E6E656C206163636573738B
:109A5000202D20636F6E7369646572656420617385
:109A600020706F737369626C653A0A202020202091
:109A700020202020202020202020202020202020E6
:109A80002020202020202020627573795F746820B8
:109A90003E3D206D65617375726564207369676E04
:109AA000616C206C6576656C203E20667265655F32
:109AB00074680A20202D2D627573795F7468203CCC
:109AC00064626D5F76616C75653E2C2020202020DD
:109AD0004368616E6E656C20616363657373202DEE
:109AE00020636F6E736964657265642061732062C0
:109AF0007573793A0A202020202020202020202061
:109B00002020202020202020202020202020202055
:109B100020206D65617375726564207369676E617D
:109B20006C206C6576656C203E203C76616C7565BA
:109B30003E2E0A202020202020202020202020200F
:109B40002020202020202020202020202020202015
:109B50005365742061207468726573686F6C64204B
:109B6000666F722052535349207363616E20627591
:109B70007379207468726573686F6C64202864421E
:109B80006D292E0A20202020202020202020202087
:109B900020202020202020202020202020202020C5
:109BA0002044656661756C742066726F6D207273F7
:109BB00073695F7363616E5F667265655F74680A7F
:109BC00020202D662C202D2D666F7263652C2020A1
:109BD00020202020202020202020202020557365B8
:109BE000207370656369616C20666F7263652074B1
:109BF0006F206F7665727269646520637572726535
:109C00006E74206974656D7320696E0A20202020AF
:109C10002020202020202020202020202020202044
:109C20002020202020202020207068792061706969
:109C3000207363686564756C657220736F20746847
:109C400061742052535349207363616E73206172B3
:109C50006520686176696E67207072696F726974D9
:109C600079206F7665720A20202020202020202075
:109C700020202020202020202020202020202020E4
:109C800020202020616E642072652D696E69742029
:109C9000746865206D6F64656D20706879206170EF
:109CA0006920746F2063616E63656C206F6E676FEF
:109CB000696E67206F7065726174696F6E730A20D8
:109CC0002020202020202020202020202020202094
:109CD000202020202020202020202020696E206DA0
:109CE0006F64656D2E204E6F74653A207768656EDF
:109CF00020757365642C206F746865722072756EB0
:109D00006E696E67206974656D7320617265206E7F
:109D10006F740A20202020202020202020202020B6
:109D20002020202020202020202020202020202033
:109D30007363686564756C656420746F206D6F640F
:109D4000656D2E0A0055736167653A20646563741A
:109D500020726164696F5F6D6F6465203C6D6F6434
:109D6000653E0A2020436F6E6669677572652072D2
:109D70006164696F206D6F64652E0A4F7074696F3E
:109D80006E733A0A20202D312C202D2D6C6F775FB9
:109D90006C6174656E63792C2020202020202020A7
:109DA000202020202020202044656661756C742EC0
:109DB0002054686973206D6F646520686173207436
:109DC0006865206C6F77657374206C6174656E6371
:109DD000792C0A2020202020202020202020202034
:109DE0002020202020202020202020202020202073
:109DF0002020202020202074686520626573742054
:109E000052582F545820737769746368696E6720BD
:109E1000706572666F726D616E63652C0A2020201A
:109E20002020202020202020202020202020202032
:109E30002020202020202020202020202020202022
:109E400020616E6420746865206869676865737452
:109E500020706F77657220636F6E73756D707469B3
:109E60006F6E2E0A20202D322C202D2D6C6F775FE7
:109E70006C6174656E63795F776974685F73746130
:109E80006E6462792C20202054686973206D6F64A1
:109E90006520686173207468652073616D65205268
:109EA000582F545820737769746368696E670A2065
:109EB00020202020202020202020202020202020A2
:109EC0002020202020202020202020202020202092
:109ED000202020706572666F726D616E636520610F
:109EE0007320746865206C6F77206C6174656E6395
:109EF00079206D6F64652C0A2020202020202020EE
:109F00002020202020202020202020202020202051
:109F10002020202020202020202020206275742056
:109F2000686967686572206F7065726174696F6EC9
:109F30002073746172742D7570206C6174656E632A
:109F4000792E0A20202020202020202020202020C0
:109F50002020202020202020202020202020202001
:109F600020202020202020506F77657220636F6EA4
:109F700073756D7074696F6E206973207468757382
:109F8000206C6F77657220636F6D706172656420FD
:109F9000746F0A2020202020202020202020202034
:109FA00020202020202020202020202020202020B1
:109FB00020202020202020746865206C6F77206C82
:109FC0006174656E6379206D6F64652E0A20202DA3
:109FD000332C202D2D6E6F6E5F6C62745F77697409
:109FE000685F7374616E6462792C202020202020C9
:109FF0002054686973206D6F6465206861732074F4
:10A000006865206C6F7765737420706F7765722058
:10A01000636F6E73756D7074696F6E2C0A202020EB
:10A020002020202020202020202020202020202030
:10A030002020202020202020202020202020202020
:10A04000206475652074686520746F206D6F646589
:10A050006D20656E746572696E67207374616E64DD
:10A060006279206D6F6465207768656E20706F730C
:10A070007369626C650A2020202020202020202087
:10A0800020202020202020202020202020202020D0
:10A0900020202020202020202020616E64206E6F50
:10A0A00074207573696E67204C42542C20617420B3
:10A0B00074686520636F73740A202020202020209C
:10A0C0002020202020202020202020202020202090
:10A0D000202020202020202020202020206F6620EB
:10A0E0006869676865722073746172742D75702079
:10A0F0006C6174656E637920616E6420776F727332
:10A10000652052582F545820737769746368696EBC
:10A11000670A20202020202020202020202020200E
:10A12000202020202020202020202020202020202F
:10A13000202020202020706572666F726D616E6332
:10A140006520636F6D706172656420746F20746840
:10A1500065206F7468657220726164696F206D6F2D
:10A160006465732E0A0055736167653A2064656300
:10A1700074206163746976617465203C6D6F6465F9
:10A180003E0A202041637469766174652050485905
:10A1900020736F66747761726520737461636B20DE
:10A1A000696E20676976656E20726164696F206DE3
:10A1B0006F64652E0A4F7074696F6E733A0A2020BF
:10A1C0002D312C202D2D6C6F775F6C6174656E6363
:10A1D000792C20202020202020202020202020201A
:10A1E000202044656661756C742E20546869732064
:10A1F0006D6F64652068617320746865206C6F778B
:10A20000657374206C6174656E63792C0A2020205C
:10A21000202020202020202020202020202020203E
:10A22000202020202020202020202020202020202E
:10A230002074686520626573742052582F5458202A
:10A24000737769746368696E6720706572666F7290
:10A250006D616E63652C0A202020202020202020A4
:10A2600020202020202020202020202020202020EE
:10A270002020202020202020202020616E642074B7
:10A280006865206869676865737420706F776572A8
:10A2900020636F6E73756D7074696F6E2E0A202067
:10A2A0002D322C202D2D6C6F775F6C6174656E6381
:10A2B000795F776974685F7374616E6462792C206A
:10A2C000202054686973206D6F6465206861732075
:10A2D0007468652073616D652052582F545820733F
:10A2E0007769746368696E670A2020202020202027
:10A2F000202020202020202020202020202020205E
:10A300002020202020202020202020202070657266
:10A31000666F726D616E636520617320746865207D
:10A320006C6F77206C6174656E6379206D6F646506
:10A330002C0A202020202020202020202020202027
:10A34000202020202020202020202020202020200D
:10A35000202020202020627574206869676865725B
:10A36000206F7065726174696F6E207374617274AE
:10A370002D7570206C6174656E63792E0A20202023
:10A3800020202020202020202020202020202020CD
:10A3900020202020202020202020202020202020BD
:10A3A00020506F77657220636F6E73756D7074697E
:10A3B0006F6E2069732074687573206C6F77657297
:10A3C00020636F6D706172656420746F0A202020B5
:10A3D000202020202020202020202020202020207D
:10A3E000202020202020202020202020202020206D
:10A3F00020746865206C6F77206C6174656E63797A
:10A40000206D6F64652E0A20202D332C202D2D6E9B
:10A410006F6E5F6C62745F776974685F7374616E8E
:10A420006462792C20202020202020546869732029
:10A430006D6F64652068617320746865206C6F7748
:10A4400065737420706F77657220636F6E73756DBE
:10A450007074696F6E2C0A2020202020202020207C
:10A4600020202020202020202020202020202020EC
:10A4700020202020202020202020206475652074AA
:10A48000686520746F206D6F64656D20656E7465FE
:10A4900072696E67207374616E646279206D6F6497
:10A4A00065207768656E20706F737369626C650AEA
:10A4B000202020202020202020202020202020209C
:10A4C000202020202020202020202020202020208C
:10A4D00020202020616E64206E6F74207573696E79
:10A4E00067204C42542C2061742074686520636F8F
:10A4F00073740A20202020202020202020202020CB
:10A50000202020202020202020202020202020204B
:10A51000202020202020206F6620686967686572EF
:10A520002073746172742D7570206C6174656E6334
:10A530007920616E6420776F7273652052582F54B2
:10A540005820737769746368696E670A2020202039
:10A5500020202020202020202020202020202020FB
:10A5600020202020202020202020202020202020EB
:10A57000706572666F726D616E636520636F6D707A
:10A580006172656420746F20746865206F746865FB
:10A590007220726164696F206D6F6465732E0A00AA
:10A5A00055736167653A20646563742070696E67EE
:10A5B000205B73746F705D207C205B3C73657276EA
:10A5C00065723E7C3C636C69656E743E205B7365AE
:10A5D000727665725F6F7074696F6E735D7C5B63BA
:10A5E0006C69656E745F6F7074696F6E735D0A4E2F
:10A5F0006F74653A206D616B6520737572652074A8
:10A600006861742061636365737365642063686166
:10A610006E6E656C206973206672656520627920B4
:10A620007573696E67202264656374207273736941
:10A630005F7363616E22202D636F6D6D616E642E9A
:10A640000A0A4F7074696F6E733A0A20202D632CCA
:10A65000202D2D636C69656E742C20202020202015
:10A660002020202020202020436C69656E742072F9
:10A670006F6C652E0A20202D732C202D2D73657292
:10A680007665722C202020202020202020202020D1
:10A69000202053657276657220726F6C652E0A20D9
:10A6A00020202020202D2D6368616E6E656C203C7B
:10A6B000696E743E2C202020202020204368616E8B
:10A6C0006E656C2E2044656661756C74203136367B
:10A6D000352E0A20202D742C202D2D635F74696D7A
:10A6E000656F7574203C696E743E2C2020202020FC
:10A6F00050696E672074696D656F757420696E208E
:10A700006D696C6C697365636F6E64732E2044654C
:10A710006661756C743A2031353030206D73656335
:10A72000732E0A2020202020202D2D635F636F755B
:10A730006E74203C696E743E2C2020202020202046
:10A74000546865206E756D626572206F662074694D
:10A750006D657320746F2073656E64207468652066
:10A7600070696E6720726571756573742E2044651B
:10A770006661756C743A20352E0A20202D6C2C20D1
:10A780002D2D635F736C6F7473203C696E743E2C67
:10A79000202020202020205061796C6F6164206C83
:10A7A000656E6774682028696E20736C6F747329F6
:10A7B00020746F2062652073656E742E2044656678
:10A7C00061756C743A20312E0A20202D692C202DC1
:10A7D0002D635F696E74657276616C203C696E747E
:10A7E0003E2C20202020496E74657276616C2062B8
:10A7F00065747765656E20737563636573736976D9
:10A8000065207061636B6574207472616E736D692D
:10A810007373696F6E730A2020202020202020206F
:10A820002020202020202020202020202020202028
:10A8300020202020696E207365636F6E64732E2064
:10A8400044656661756C743A203220736563732EBB
:10A850000A2020202020202D2D635F74785F6D63F7
:10A8600073203C696E743E2C2020202020205365EC
:10A870007420636C69656E74205458204D43532EC8
:10A880002044656661756C743A2066726F6D206352
:10A890006F6D6D6F6E2074782073657474696E6768
:10A8A000732E0A2020202020202D2D635F74785FD6
:10A8B000707772203C696E743E2C2020202020206E
:10A8C000545820706F776572202864426D292C0AD5
:10A8D0002020202020202020202020202020202078
:10A8E000202020202020202020202020205B2D340C
:10A8F000302C2D33302C2D32302C2D31362C2D3167
:10A90000322C2D382C2D342C302C342C372C31304B
:10A910002C31332C31362C31392C32312C32335D01
:10A920002E0A20202020202020202020202020202F
:10A9300020202020202020202020202020202053E4
:10A94000656520737570706F72746564206D6178D1
:10A9500020666F722074686520757365642062617B
:10A960006E64206279207573696E670A202020204A
:10A9700020202020202020202020202020202020D7
:10A980002020202020202020202264656374207352
:10A99000746174757322202D636F6D6D616E642018
:10A9A0006F75747075742E0A2020202020202020BE
:10A9B0002020202020202020202020202020202097
:10A9C000202020202044656661756C743A206672F0
:10A9D0006F6D20636F6D6D6F6E207478207365747A
:10A9E00074696E67732E0A2020202020202D2D638D
:10A9F0005F74785F6C62745F706572696F64203C2D
:10AA0000636E743E2C20204C697374656E20426521
:10AA1000666F72652054616C6B20284C425429206B
:10AA2000706572696F64202873796D626F6C206342
:10AA30006F756E74292E0A202020202020202020CF
:10AA40002020202020202020202020202020202006
:10AA5000202020202020205A65726F2076616C759E
:10AA6000652064697361626C6573204C42542028D0
:10AA700064656661756C74292E0A202020202020D0
:10AA800020202020202020202020202020202020C6
:10AA90002020202020202020202056616C69642066
:10AAA00072616E676520666F722073796D626F6C7C
:10AAB00020636F756E743A20322D3131302E0A20AA
:10AAC00020202020202D2D635F74785F6C62745FDE
:10AAD000627573795F7468203C64626D3E2C204C13
:10AAE000425420627573792052535349207468721E
:10AAF0006573686F6C64202864426D292E2056614E
:10AB00006C6964206F6E6C79207768656E204C42AA
:10AB1000540A202020202020202020202020202017
:10AB20002020202020202020202020202020202025
:10AB30002020697320656E61626C65642E20446517
:10AB40006661756C742066726F6D20525353492094
:10AB500062757379207468726573686F6C642073B2
:10AB6000657474696E672E0A2020202020202D2D08
:10AB7000735F74785F6964203C69643E2C202020F8
:10AB800020202020205461726765742073657276DE
:10AB90006572207472616E736D6974746572206978
:10ABA00064202864656661756C743A203338292EF8
:10ABB0000A202020202020202020202020202020AB
:10ABC00020202020202020202020202020204E6F08
:10ABD00074653A206C6F77657374203136626974DE
:10ABE00073206F66207472616E736D697474657220
:10ABF00020696420286C6F6E6720524420494429E4
:10AC00002E0A20202D6520202D2D72785F6578700A
:10AC10005F727373695F6C6576656C203C696E74F6
:10AC20003E2C2053657420657870656374656420DC
:10AC300052535349206C6576656C206F6E205258D4
:10AC4000202864426D292E0A202020202020202048
:10AC500020202020202020202020202020202020F4
:10AC600020202020202020202044656661756C74FF
:10AC70003A2066726F6D20636F6D6D6F6E20727813
:10AC80002073657474696E67732E0A20202D6D2CF5
:10AC9000202D2D727373695F6D6561732C202020E8
:10ACA00020202020202020204966207365742C203D
:10ACB00052535349206D6561737572656D656E748D
:10ACC000732061726520656E61626C65642E20443C
:10ACD000656661756C743A2064697361626C656461
:10ACE0002E0A20202020202020202020202020206C
:10ACF000202020202020202020202020202020571D
:10AD000068656E20656E61626C65642C20525353D9
:10AD100049206D6561737572656D656E7473206130
:10AD20007265207072696E74656420616674657204
:10AD3000206576657279203230300A20202020206C
:10AD40002020202020202020202020202020202003
:10AD500020202020202020206D6561737572656D94
:10AD6000656E747320616E64206166746572207212
:10AD70006563656976696E672050494E475F524545
:10AD8000512F524553500A202020202020202020DF
:10AD900020202020202020202020202020202020B3
:10ADA0002020202028692E652E206D656173757224
:10ADB000656D656E74732061726520646F6E6520C9
:10ADC0006265666F72652074686F7365292E0A204C
:10ADD00020202020202D2D74785F7077725F63749F
:10ADE000726C5F6175746F2C20202020496620678B
:10ADF0006976656E2C2073656E64696E6720736971
:10AE00006465206F66207468652070696E672050E5
:10AE1000445520747269657320746F2061646A758B
:10AE200073742054580A2020202020202020202025
:10AE30002020202020202020202020202020202012
:10AE4000202020706F776572206163636F72646980
:10AE50006E6720746F207065657227732065787047
:10AE600065637465642052582052535349206C65C1
:10AE700076656C0A20202020202020202020202001
:10AE800020202020202020202020202020202020C2
:10AE90002028696E666F726D656420696E2070652A
:10AEA0006572277320504455292E205374617274A3
:10AEB000696E6720706F696E7420697320635F74B8
:10AEC000785F7077720A2020202020202020202008
:10AED0002020202020202020202020202020202072
:10AEE000202020696E206120636C69656E74207378
:10AEF0006964652C20616E642061732072656365EE
:10AF00006976656420696E20736572766572207358
:10AF10006964652E0A202020202020202020202067
:10AF20002020202020202020202020202020202021
:10AF30002020417320612064656661756C742C204B
:10AF400066756E6374696F6E616C6974792069737C
:10AF50002064697361626C65642E0A2020202020C1
:10AF6000202D2D74785F7077725F6374726C5F70E0
:10AF700064755F72785F6578705F727373695F6C18
:10AF80006576656C203C64626D3E2C2053657420B0
:10AF90006578706563746564205258205253534934
:10AFA000206C6576656C202864426D290A2020207B
:10AFB0002020202020202020202020202020202091
:10AFC0002020202020202020202020202020202081
:10AFD0002020202020202020202020202020616EE2
:10AFE0006E6F756E63656420696E20612070696E96
:10AFF00067205044552E0A20202020202020202089
:10B000002020202020202020202020202020202040
:10B010002020202020202020202020202020202030
:10B02000202020202020202048617320696D70613D
:10B030006374206F6E6C792069662074785F707716
:10B04000725F6374726C5F6175746F0A20202020D8
:10B0500020202020202020202020202020202020F0
:10B0600020202020202020202020202020202020E0
:10B070002020202020202020202020202069732034
:10B08000656E61626C65642E0A20202020202020DD
:10B0900020202020202020202020202020202020B0
:10B0A00020202020202020202020202020202020A0
:10B0B0002020202020202020202044656661756CFF
:10B0C00074202D36302064426D2E0A466F7220485F
:10B0D000415251206F6E6C793A0A20202D612C204C
:10B0E0002D2D7573655F686172712C2020202020E2
:10B0F0002020202020202055736520484152512EC9
:10B1000020436C69656E7420736964652072657193
:10B110007565737473204841525120666565646299
:10B1200061636B20666F722073656E742070696E48
:10B13000670A2020202020202020202020202020DE
:10B1400020202020202020202020202020202072AD
:10B150006571756573747320616E642062617365D7
:10B1600064206F6E2072656365697665642048416E
:10B1700052512041434B2F4E41434B2070696E6723
:10B1800020726571756573740A20202020202020AC
:10B1900020202020202020202020202020202020AF
:10B1A00020202020202069732072652D73656E7425
:10B1B00020696620706F737369626C6520776974AB
:10B1C00068696E20612074696D656F75742E0A0060
:10B1D00055736167653A20646563742072665F74B5
:10B1E0006F6F6C205B73746F705D207C205B6F7081
:10B1F00074696F6E735D0A4E6F74653A206D616B92
:10B20000652073757265207468617420616363657D
:10B2100073736564206368616E6E656C206973206A
:10B2200066726565206279207573696E6720226495
:10B2300065637420727373695F7363616E22202D7E
:10B24000636F6D6D616E642E0A0A4F7074696F6E64
:10B25000733A0A20202D6D2C202D2D72665F6D6FA4
:10B2600064652C2020202020202020202020202049
:10B2700020202020202020205246206F70657261FF
:10B2800074696F6E206D6F64652C206F6E65206F22
:10B29000662074686520666F6C6C6F77696E673ABC
:10B2A00020227278222C0A202020202020202020FA
:10B2B000202020202020202020202020202020208E
:10B2C00020202020202020202020202272785F6350
:10B2D0006F6E74222C20227478222C202272785FC8
:10B2E0007478222E0A2020202020202020202020B8
:10B2F000202020202020202020202020202020204E
:10B300002020202020202020202044656661756CAC
:10B31000743A202272785F636F6E74222E0A2020A6
:10B32000202020202020202020202020202020201D
:10B33000202020202020202020202020202020200D
:10B340002020204E6F74653A20417320612064658F
:10B350006661756C742C205246206D6F64652022E6
:10B3600072785F636F6E74222069730A2020202038
:10B3700020202020202020202020202020202020CD
:10B3800020202020202020202020202020202020BD
:10B39000207265706F7274696E67207468652072C0
:10B3A0006573756C7473206F6E6C79207768656E49
:10B3B0000A202020202020202020202020202020A3
:10B3C000202020202020202020202020202020207D
:10B3D00020202020202022646563742072665F7420
:10B3E0006F6F6C2073746F702220697320676976A9
:10B3F000656E2E0A2020202020202D2D72665F6D84
:10B400006F64655F706565722C20202020202020ED
:10B410002020202020202020205246206F7065729E
:10B420006174696F6E206D6F6465206F662074684B
:10B4300065205458207369646520706565722C0A14
:10B4400020202020202020202020202020202020FC
:10B4500020202020202020202020202020202020EC
:10B46000202020202063616E206265206F6E6520A1
:10B470006F662074686520666F6C6C6F77696E67A5
:10B480003A20227478222C202272785F7478222E3F
:10B490000A202020202020202020202020202020C2
:10B4A000202020202020202020202020202020209C
:10B4B0002020202020204F6E6C79206D65616E6900
:10B4C0006E6766756C2069662072665F6D6F646575
:10B4D0002069732073657420746F202272785F6313
:10B4E0006F6E74222E0A2020202020202020202071
:10B4F000202020202020202020202020202020204C
:10B500002020202020202020202020496620757324
:10B5100065642C20736574206672616D6520636FAD
:10B520006E6669672061726520686176696E672062
:10B53000696D7061637420666F720A20202020207C
:10B5400020202020202020202020202020202020FB
:10B5500020202020202020202020202020202020EB
:10B5600063616C63756C6174696E67207065657288
:10B57000206672616D65206C656E6774682E0A20A6
:10B5800020202020202020202020202020202020BB
:10B5900020202020202020202020202020202020AB
:10B5A00020202020446566696E657320616C736F8E
:10B5B000207265706F7274696E6720696E7465724F
:10B5C00076616C206261736564206F6E20736574B0
:10B5D0000A20202020202020202020202020202081
:10B5E000202020202020202020202020202020205B
:10B5F0002020202020206672616D696E67207061B6
:10B6000072616D65746572732E0A202020202020DF
:10B61000202020202020202020202020202020202A
:10B620002020202020202020202020202020204EEC
:10B630006F74653A2077696C6C20656E61626C6529
:10B640002072785F66696E645F73796E63206175DE
:10B65000746F6D61746963616C6C792E0A202020AF
:10B6600020202020202020202020202020202020DA
:10B6700020202020202020202020202020202020CA
:10B68000202044656661756C743A204E6F6E652E9D
:10B690000A20202D742C202D2D74785F6964203CA5
:10B6A00069643E2C202020202020202020202020E3
:10B6B0002020202020205461726765742074782037
:10B6C0006964202864656661756C743A2033382992
:10B6D0002E0A20202D632C202D2D6368616E6E654F
:10B6E0006C203C696E743E2C2020202020202020DD
:10B6F000202020202020204368616E6E656C2E2063
:10B7000044656661756C7420313636352E0A20200A
:10B710002020202020202020202020202020202029
:10B720002020202020202020202020202020202019
:10B7300020202052616E6765733A2062616E64203A
:10B7400023313A20313635372D3136373720286FBF
:10B750006E6C79206F6464206E756D626572732003
:10B760006173207065720A20202020202020202074
:10B7700020202020202020202020202020202020C9
:10B780002020202020202020202020204554534904
:10B7900020454E20333031203430362D322C20637A
:10B7A0006820342E332E322E33292C0A20202020DC
:10B7B0002020202020202020202020202020202089
:10B7C0002020202020202020202020202020202079
:10B7D0002062616E6420233220313638302D3137BB
:10B7E00030302C2062616E64202334203532352DB8
:10B7F0003535312C0A202020202020202020202018
:10B800002020202020202020202020202020202038
:10B810002020202020202020202062616E64202310
:10B820003920313730332D313731312C2062616E80
:10B83000642023323220313639312D313731312EE7
:10B840000A20202D6520202D2D72785F6578705F8D
:10B85000727373695F6C6576656C203C696E743ECB
:10B860002C20202020205365742065787065637437
:10B8700065642052535349206C6576656C206F6E69
:10B88000205258202864426D292E0A202020202092
:10B8900020202020202020202020202020202020A8
:10B8A0002020202020202020202020202020202098
:10B8B00044656661756C743A2066726F6D20636FC3
:10B8C0006D6D6F6E2072782073657474696E677326
:10B8D0002E0A20202D7020202D2D74785F70777215
:10B8E000203C696E743E2C20202020202020202027
:10B8F00020202020202020545820706F776572204F
:10B900002864426D292C0A2020202020202020207D
:10B910002020202020202020202020202020202027
:10B920002020202020202020202020205B2D3430AB
:10B930002C2D33302C2D32302C2D31362C2D313214
:10B940002C2D382C2D342C302C342C372C31302C01
:10B9500031332C31362C31392C32312C32335D0AD3
:10B9600020202020202020202020202020202020D7
:10B9700020202020202020202020202020202020C7
:10B98000202020202053656520737570706F7274BD
:10B990006564206D617820666F722074686520751B
:10B9A0007365642062616E64206279207573696ECC
:10B9B000670A202020202020202020202020202056
:10B9C0002020202020202020202020202020202077
:10B9D000202020202020202264656374207374615D
:10B9E00074757322202D636F6D6D616E64206F75A9
:10B9F000747075742E0A2020202020202020202002
:10BA00002020202020202020202020202020202036
:10BA100020202020202020202020204465666175E1
:10BA20006C743A2066726F6D20636F6D6D6F6E205F
:10BA300074782073657474696E67732E0A202020F1
:10BA40002020202D2D74785F6D6373203C696E7407
:10BA50003E2C2020202020202020202020202020BC
:10BA60002020536574205458204D43532E204465A4
:10BA70006661756C743A2066726F6D20636F6D6DD0
:10BA80006F6E2074782073657474696E67732E0A04
:10BA90004672616D65207374727563747572653A70
:10BAA0000A72785F6672616D655F73746172745F4C
:10BAB0006F6666736574202B2072785F737562738E
:10BAC0006C6F745F636F756E74202B2072785F6982
:10BAD000646C655F737562736C6F745F636F756EB2
:10BAE00074202B0A74785F6672616D655F73746190
:10BAF00072745F6F6666736574202B2074785F7351
:10BB00007562736C6F745F636F756E74202B207435
:10BB1000785F69646C655F737562736C6F745F6383
:10BB20006F756E740A0A0A20202D732C202D2D7239
:10BB3000785F66696E645F73796E632C20202020C5
:10BB4000202020202020202020202020436F6E74E1
:10BB5000696E756F757320525820756E74696C200C
:10BB600073796E6320666F756E6420616E642074F5
:10BB700068656E20525820706172740A202020205F
:10BB800020202020202020202020202020202020B5
:10BB900020202020202020202020202020202020A5
:10BBA000206F6620746865206672616D6520697318
:10BBB00020737461727465642066726F6D207265A3
:10BBC0006365697665642052582053544620746931
:10BBD0006D652E0A202020202020202020202020DB
:10BBE0002020202020202020202020202020202055
:10BBF00020202020202020202044656661756C7460
:10BC00003A2066616C73652E0A2020202020202DAA
:10BC10002D6672616D655F7265706561745F636FDB
:10BC2000756E74203C696E743E2C20202020546870
:10BC300065206E756D626572206F66207265706535
:10BC400061747320666F722074686520636F6E661E
:10BC50006967757265642054582F52580A20202055
:10BC600020202020202020202020202020202020D4
:10BC700020202020202020202020202020202020C4
:10BC800020206672616D652E0A2020202020202051
:10BC900020202020202020202020202020202020A4
:10BCA0002020202020202020202020202020546818
:10BCB000697320697320616C736F207468652063F9
:10BCC0006F756E7420686F77206D616E792069746E
:10BCD00065726174696F6E73206F660A2020202080
:10BCE0002020202020202020202020202020202054
:10BCF0002020202020202020202020202020202044
:10BD000020636F6E66696775726564206672616D27
:10BD10006520617265207363686564756C65642075
:10BD20006174206F6E636520616E640A202020209C
:10BD30002020202020202020202020202020202003
:10BD400020202020202020202020202020202020F3
:10BD500020697320616C736F2061207265706F724F
:10BD600074696E6720696E74657276616C2E0A2044
:10BD700020202020202020202020202020202020C3
:10BD800020202020202020202020202020202020B3
:10BD9000202020205468657265206973206E6F2012
:10BDA00064656C6179206265747765656E20667282
:10BDB000616D65732E0A2020202020202020202065
:10BDC0002020202020202020202020202020202073
:10BDD000202020202020202020202044656661751E
:10BDE0006C743A2031352E0A2020202020202D2D61
:10BDF0006672616D655F7265706561745F636F75B2
:10BE00006E745F696E74657276616C73203C696EE6
:10BE1000743E2C20546865206E756D626572206FCB
:10BE20006620696E74657276616C7320666F720A43
:10BE30002020202020202020202020202020202002
:10BE400020202020202020202020202020202020F2
:10BE50002020202020202020202020206672616DBC
:10BE6000655F7265706561745F636F756E742E0ACD
:10BE700020202020202020202020202020202020C2
:10BE800020202020202020202020202020202020B2
:10BE90002020202020496E74657276616C732061C9
:10BEA0007265207363686564756C656420415341F5
:10BEB000502061667465720A2020202020202020F6
:10BEC0002020202020202020202020202020202072
:10BED0002020202020202020202020202074686581
:10BEE0002070726576696F7573206F6E652E0A20FB
:10BEF0002020202020202020202020202020202042
:10BF00002020202020202020202020202020202031
:10BF10002020202044656661756C743A20352E0A15
:10BF20002020202020202D2D636F6E74696E756F88
:10BF300075732C202020202020202020202020204D
:10BF40002020202020456E61626C6520636F6E7436
:10BF5000696E756F7573206D6F64652C2063616EFB
:10BF60002062652073746F7070656420627920753B
:10BF700073696E673A0A202020202020202020208C
:10BF800020202020202020202020202020202020B1
:10BF9000202020202020202020202022646563747F
:10BFA0002072665F746F6F6C2073746F70222E0A3C
:10BFB0002020202020202020202020202020202081
:10BFC0002020202020202020202020202020202071
:10BFD000202020202044656661756C743A206469D5
:10BFE0007361626C65642E0A2020202020202020AE
:10BFF0002020202020202020202020202020202041
:10C0000020202020202020202020202020692E6594
:10C010002E206F6E6C7920636F6E6669677572652E
:10C0200064206672616D655F7265706561745F63DF
:10C030006F756E742F696E74657276616C2E0A204E
:10C0400020202020202D2D72785F6672616D655F43
:10C0500073746172745F6F6666736574203C696E99
:10C06000743E2C20537562736C6F7420636F756E11
:10C0700074206265666F7265205258206F70657219
:10C080006174696F6E0A202020202020202020204B
:10C0900020202020202020202020202020202020A0
:10C0A000202020202020202020202063616C637528
:10C0B0006C617465642066726F6D206120737461B9
:10C0C0007274206F662061206672616D652E0A2091
:10C0D0002020202020202020202020202020202060
:10C0E0002020202020202020202020202020202050
:10C0F0002020202044656661756C743A2030202829
:10C100003D7374617274696E672066726F6D20741E
:10C110006865207374617274206F66206120667296
:10C12000616D65292E0A2020202020202D2D727877
:10C130005F737562736C6F745F636F756E74203CB0
:10C14000696E743E2C2020202020205468652064D5
:10C1500075726174696F6E206F6620746865205215
:10C1600058206F7065726174696F6E20696E2073FC
:10C170007562736C6F74732E0A202020202020209B
:10C1800020202020202020202020202020202020AF
:10C1900020202020202020202020202020204E6F22
:10C1A00074653A206E6F20696D70616374206966F2
:10C1B000206A7573742022747822206D6F64652064
:10C1C000696E207573652E0A2020202020202020F3
:10C1D000202020202020202020202020202020205F
:10C1E00020202020202020202020202020446566A0
:10C1F00061756C743A20352E0A2020202020202DD5
:10C200002D72785F69646C655F737562736C6F74AF
:10C210005F636F756E74203C696E743E2C204964B8
:10C220006C65206475726174696F6E2061667465F7
:10C2300072205258206F7065726174696F6E206948
:10C240006E20737562736C6F74732E0A2020202029
:10C2500020202020202020202020202020202020DE
:10C2600020202020202020202020202020202020CE
:10C270002044656661756C743A20352E0A202020B2
:10C280002020202D2D74785F6672616D655F737458
:10C290006172745F6F6666736574203C696E743E8C
:10C2A0002C20537562736C6F7420636F756E7420ED
:10C2B0006265666F7265205458206F706572617494
:10C2C000696F6E0A2020202020202020202020209E
:10C2D000202020202020202020202020202020205E
:10C2E00020202020202020202063616C63756C6159
:10C2F0007465642066726F6D20746865206265677E
:10C30000696E6E696E67206F662074686520545888
:10C310002F5258206672616D652E0A202020202041
:10C32000202020202020202020202020202020200D
:10C3300020202020202020202020202020202020FD
:10C3400044656661756C74733A207769746820225D
:10C35000747822206F6E6C79206D6F64653A20309E
:10C36000202830203D2031737420737562736C6F08
:10C3700074292C0A2020202020202020202020206A
:10C3800020202020202020202020202020202020AD
:10C39000202020202020202020776974682022720D
:10C3A000785F747822206D6F64653A0A202020201F
:10C3B000202020202020202020202020202020207D
:10C3C000202020202020202020202020202020206D
:10C3D0002072785F6672616D655F73746172745FFD
:10C3E0006F6666736574202B2072785F7375627355
:10C3F0006C6F745F636F756E74202B0A2020202091
:10C40000202020202020202020202020202020202C
:10C41000202020202020202020202020202020201C
:10C420002072785F69646C655F737562736C6F749A
:10C430005F636F756E742E0A2020202020202D2D22
:10C4400074785F737562736C6F745F636F756E740D
:10C45000203C696E743E2C202020202020546865EA
:10C46000206C656E677468206F6620746865205460
:10C4700058206F7065726174696F6E20696E2073E9
:10C480007562736C6F74732E0A2020202020202088
:10C49000202020202020202020202020202020209C
:10C4A0002020202020202020202020202020446523
:10C4B0006661756C743A20342E0A202020202020DA
:10C4C000202020202020202020202020202020206C
:10C4D0002020202020202020202020202020204E2E
:10C4E0006F74653A204F6E6C79204D43533020268F
:10C4F000204D43533120737570706F727473203800
:10C500002F313620636F6E736563757469766520AD
:10C5100054580A20202020202020202020202020C5
:10C52000202020202020202020202020202020200B
:10C530002020202020202020736C6F74732F7375AF
:10C5400062736C6F74732E204D4353332073757078
:10C55000706F72747320352F31300A202020202014
:10C5600020202020202020202020202020202020CB
:10C5700020202020202020202020202020202020BB
:10C58000545820736C6F74732F737562736C6F746F
:10C590007320616E64204D43533420737570706F47
:10C5A000727473206D6178206F6620342F380A20F2
:10C5B000202020202020202020202020202020207B
:10C5C000202020202020202020202020202020206B
:10C5D00020202020636F6E73656375746976652013
:10C5E000545820736C6F74732F737562736C6F740F
:10C5F000732E0A2020202020202D2D74785F69645E
:10C600006C655F737562736C6F745F636F756E7466
:10C61000203C696E743E2C2049646C652064757200
:10C620006174696F6E206166746572205458206F62
:10C630007065726174696F6E20696E2073756273C4
:10C640006C6F74732E0A20202020202020202020B0
:10C6500020202020202020202020202020202020DA
:10C660002020202020202020202020446566617585
:10C670006C743A20342E0A0055736167653A206461
:10C68000656374207065726620205B73746F705DE3
:10C69000207C205B3C7365727665723E7C3C636CEB
:10C6A00069656E743E205B7365727665725F6F704C
:10C6B00074696F6E735D7C5B636C69656E745F6FCC
:10C6C0007074696F6E735D0A4E6F74653A206D61A8
:10C6D0006B65207375726520746861742061636393
:10C6E0006573736564206368616E6E656C20697341
:10C6F0002066726565206279207573696E672022F5
:10C700006465637420727373695F7363616E222062
:10C710002D636F6D6D616E642E0A0A4F7074696FC0
:10C720006E733A0A20202D632C202D2D636C6965D1
:10C730006E742C202020202020202020202020204B
:10C740002020202020436C69656E7420726F6C6518
:10C750002E0A20202D732C202D2D73657276657284
:10C760002C202020202020202020202020202020BD
:10C7700020202053657276657220726F6C652E0AD8
:10C7800020202D742C202D2D6475726174696F6EBC
:10C79000203C696E743E2C20202020202020202068
:10C7A000204475726174696F6E2074696D652E0A1C
:10C7B0002020202020202020202020202020202079
:10C7C0002020202020202020202020202020202069
:10C7D0002044656661756C742035207365636F6EE7
:10C7E00064732E20466F7220636F6E74696E756F6E
:10C7F0007573207365727665723A202D312E0A208A
:10C8000020202020202D2D6368616E6E656C203CF9
:10C81000696E743E2C202020202020202020202003
:10C820004368616E6E656C2E2044656661756C743C
:10C8300020313636352E0A20202D6520202D2D72F0
:10C84000785F6578705F727373695F6C6576656C2D
:10C85000203C696E743E2C205365742065787065A9
:10C86000637465642052535349206C6576656C206F
:10C870006F6E205258202864426D292E0A202020F5
:10C8800020202020202020202020202020202020A8
:10C890002020202020202020202020202020436C29
:10C8A00069656E74207369646520696D7061637475
:10C8B000206F6E20525820666F72204841525120DE
:10C8C000666565646261636B0A2020202020202059
:10C8D0002020202020202020202020202020202058
:10C8E00020202020202020202020616E64207265DE
:10C8F00073756C74732E0A202020202020202020A5
:10C900002020202020202020202020202020202027
:10C91000202020202020202044656661756C743A18
:10C920002066726F6D20636F6D6D6F6E2072782060
:10C9300073657474696E67732E0A2020202020208E
:10C940002D2D735F74785F6964203C69643E2C20F0
:10C950002020202020202020202020546172676584
:10C9600074207478206964202864656661756C742D
:10C970003A203338292E0A2020202020202D2D6314
:10C980005F736C6F7473203C696E743E2C202020A2
:10C990002020202020202020436F756E74206F6699
:10C9A00020636F6E736563757469766520736C6F51
:10C9B00074732E2044656661756C743A20322E0AB9
:10C9C0002020202020202D2D635F6761705F736C15
:10C9D0006F7473203C696E743E2C20202020202030
:10C9E00020436F756E74206F662067617020736CD2
:10C9F0006F7473206265747765656E206F70657201
:10CA00006174696F6E732E2044656661756C743A4B
:10CA100020322E0A2020202020202D2D635F6761E8
:10CA2000705F737562736C6F7473203C696E743ED3
:10CA30002C20202020496E7374656164206F66206D
:10CA4000736C6F74732C20636F756E74206F662027
:10CA500067617020737562736C6F747320626574A4
:10CA60007765656E0A2020202020202020202020AD
:10CA700020202020202020202020202020202020B6
:10CA80002020202020206F7065726174696F6E73A2
:10CA90002E0A20202020202020202020202020209E
:10CAA0002020202020202020202020202020202086
:10CAB00020202044656661756C743A206173207390
:10CAC0006C6F74732028635F6761705F736C6F7441
:10CAD00073292E0A2020202020202D2D635F7478BA
:10CAE0005F707772203C696E743E2C2020202020DD
:10CAF0002020202020545820706F776572202864F1
:10CB0000426D292C0A2020202020202020202020B7
:10CB10002020202020202020202020202020202015
:10CB20002020202020205B2D34302C2D33302C2D44
:10CB300032302C2D31362C2D31322C2D382C2D34F9
:10CB40002C302C342C372C31302C31332C31362CEA
:10CB500031392C32312C32335D2E0A202020202016
:10CB600020202020202020202020202020202020C5
:10CB700020202020202020202020202053656520F8
:10CB8000737570706F72746564206D617820666F64
:10CB9000722074686520757365642062616E64201C
:10CBA0006279207573696E670A202020202020207A
:10CBB0002020202020202020202020202020202075
:10CBC0002020202020202020202022646563742043
:10CBD00073746174757322202D636F6D6D616E6463
:10CBE000206F75747075742E0A202020202020205C
:10CBF0002020202020202020202020202020202035
:10CC00002020202020202020202044656661756C93
:10CC1000743A2066726F6D20636F6D6D6F6E207455
:10CC2000782073657474696E67732E0A2020202043
:10CC300020202D2D635F74785F6D6373203C696ED7
:10CC4000743E2C202020202020202020205365749A
:10CC500020636C69656E74205458204D43532E2018
:10CC600044656661756C743A2066726F6D20636FFF
:10CC70006D6D6F6E2074782073657474696E677360
:10CC80002E0A20202D642C202D2D64656275672CC2
:10CC90002020202020202020202020202020202094
:10CCA0002020205072696E742043524320657272B6
:10CCB0006F72732E204E6F74653A206D69676874C9
:10CCC00020696D70616374206F6E2061637475619B
:10CCD0006C0A20202020202020202020202020201E
:10CCE0002020202020202020202020202020202044
:10CCF0002020207065726620262074696D696E6739
:10CD0000732E0A466F722048415251206F6E6C7923
:10CD10003A0A20202D612C202D2D7573655F6861E6
:10CD200072712C2020202020202020202020202054
:10CD300020202020202020202020202020202020F3
:10CD40002055736520484152512E0A202020202072
:10CD5000202D2D6D646D5F696E69745F68617271FD
:10CD60005F70726F636573735F636F756E74203C81
:10CD7000696E743E2C2020202020436F756E742035
:10CD80006F6620484152512052582070726F63657F
:10CD90007373657320666F720A2020202020202084
:10CDA0002020202020202020202020202020202083
:10CDB0002020202020202020202020202020202073
:10CDC00020202020202020206D6F64656D20696E5A
:10CDD0006974205B312C322C342C385D2E0A2020D3
:10CDE0002020202020202020202020202020202043
:10CDF0002020202020202020202020202020202033
:10CE00002020202020202020202020202044656673
:10CE100061756C742066726F6D20636F6D6D6F6EDF
:10CE20002073657474696E67732E0A202020202099
:10CE3000202D2D6D646D5F696E69745F686172711C
:10CE40005F6578706972795F74696D655F7573206D
:10CE50003C696E743E2C20202020484152512052C3
:10CE600058206275666665722065787069727920EF
:10CE700074696D652C0A202020202020202020208D
:10CE800020202020202020202020202020202020A2
:10CE90002020202020202020202020202020202092
:10CEA0002020202020696E206D6963726F73656396
:10CEB0006F6E64732E0A2020202020202020202046
:10CEC0002020202020202020202020202020202062
:10CED0002020202020202020202020202020202052
:10CEE00020202020204D6178696D756D207375704C
:10CEF000706F727465642076616C75653A203530A8
:10CF000030303030302E0A202020202020202020D9
:10CF10002020202020202020202020202020202011
:10CF20002020202020202020202020202020202001
:10CF300020202020202044656661756C7420667274
:10CF40006F6D20636F6D6D6F6E2073657474696EA5
:10CF500067732E0A20202020202020436C69656EF4
:10CF60007420736964652054582077697468204878
:10CF700041525120697465726174696F6E3A0A0991
:10CF8000635F736C6F7473202D20635F68617271CF
:10CF90005F666565646261636B5F72785F64656C30
:10CFA00061795F737562736C6F7473202D20635F9A
:10CFB000686172715F666565646261636B5F7278F8
:10CFC0005F737562736C6F7473202D0A20202020AC
:10CFD000202020635F6761705F736C6F74730A0A4F
:10CFE0002020202020202D2D635F686172715F66F4
:10CFF0006565646261636B5F72785F64656C6179BB
:10D000005F737562736C6F7473203C696E743E2C31
:10D0100020436C69656E7420736964652E0A202054
:10D020002020202020202020202020202020202000
:10D0300020202020202020202020202020202020F0
:10D0400020202020202020202020202020202041BF
:10D0500020676170206265747765656E2054582082
:10D06000616E64207374617274696E672052580A2D
:10D0700020202020202020202020202020202020B0
:10D0800020202020202020202020202020202020A0
:10D090002020202020202020202020202020202090
:10D0A00020666F7220484152512066656564626156
:10D0B000636B2E0A202020202020202020202020EA
:10D0C0002020202020202020202020202020202060
:10D0D0002020202020202020202020202020202050
:10D0E000202020202044656661756C743A206672A9
:10D0F0006F6D20636F6D6D6F6E2073657474696EF4
:10D1000067732E0A2020202020202D2D635F686168
:10D1100072715F666565646261636B5F72785F738D
:10D120007562736C6F7473203C696E743E2C2020A2
:10D130002020202020436C69656E7420736964652B
:10D140002E0A2020202020202020202020202020E7
:10D1500020202020202020202020202020202020CF
:10D1600020202020202020202020202020202020BF
:10D170002020205258206475726174696F6E2028D7
:10D18000696E20737562736C6F74732920666F7299
:10D190000A202020202020202020202020202020A5
:10D1A000202020202020202020202020202020207F
:10D1B000202020202020202020202020202020206F
:10D1C0002020726563656976696E67204841525117
:10D1D0000A20202020202020202020202020202065
:10D1E000202020202020202020202020202020203F
:10D1F000202020202020202020202020202020202F
:10D200002020666565646261636B20666F722074BE
:10D21000686520636C69656E742054582E0A20205E
:10D2200020202020202020202020202020202020FE
:10D2300020202020202020202020202020202020EE
:10D2400020202020202020202020202020202044BA
:10D25000656661756C743A2066726F6D20636F6DE0
:10D260006D6F6E2073657474696E67732E0A20206B
:10D27000202020202D2D635F686172715F70726FB6
:10D28000636573735F6E62725F6D6178203C696E77
:10D29000743E2C20484152512070726F6365737345
:10D2A000206E62722072616E676520746F20545820
:10D2B0002068656164657273205B302D375D2E0ACE
:10D2C000202020202020202020202020202020205E
:10D2D000202020202020202020202020202020204E
:10D2E00020202020202044656661756C743A20332C
:10D2F0002C20692E652072616E6765206F66202084
:10D30000302D332E0A2020202020202020202020F5
:10D31000202020202020202020202020202020200D
:10D3200020202020202020202020204E6F74653ACD
:10D330002063616E20626520626967676572207490
:10D340006861740A20202020202020202020202016
:10D3500020202020202020202020202020202020CD
:10D36000202020202020202020206D646D5F696E09
:10D3700069745F686172715F70726F636573735F08
:10D38000636F756E740A202020202020202020202A
:10D39000202020202020202020202020202020208D
:10D3A0002020202020202020202020206275742092
:10D3B0007468656E20616C6C206D69676874206E9E
:10D3C0006F742066697420746F207365727665725D
:10D3D00020627566666572732E0A20202020202048
:10D3E00020536572766572207369646520525820F7
:10D3F000776974682048415251206974657261747C
:10D40000696F6E3A0A0952582064617461202D20B8
:10D41000735F686172715F666565646261636B5FAB
:10D4200074785F64656C61795F737562736C6F7437
:10D4300073202D2048415251206665656462616306
:10D440006B202D0A20202020202020735F6861722D
:10D45000715F666565646261636B5F74785F727843
:10D460005F64656C61795F737562736C6F74732050
:10D470002D2052580A0A2020202020202D2D735FB5
:10D48000686172715F666565646261636B5F747821
:10D490005F64656C61795F737562736C6F74732020
:10D4A0003C696E743E2C2020202053657276657294
:10D4B00020736964652E0A2020202020202020204F
:10D4C000202020202020202020202020202020205C
:10D4D000202020202020202020202020202020204C
:10D4E0002020202020202020202020412067617043
:10D4F000206265747765656E20525820616E6420E5
:10D500007374617274696E670A20202020202020C5
:10D51000202020202020202020202020202020200B
:10D5200020202020202020202020202020202020FB
:10D530002020202020202020202020202061205476
:10D540005820666F722070726F766964696E67200A
:10D55000484152510A202020202020202020202035
:10D5600020202020202020202020202020202020BB
:10D5700020202020202020202020202020202020AB
:10D5800020202020202020202066656564626163C1
:10D590006B206966207265717565737465642062BD
:10D5A0007920636C69656E742E0A2020202020206B
:10D5B000202020202020202020202020202020206B
:10D5C000202020202020202020202020202020205B
:10D5D00020202020202020202020202020204465E2
:10D5E0006661756C743A2066726F6D20636F6D6D45
:10D5F0006F6E2073657474696E67732E0A20202025
:10D600002020202D2D735F686172715F66656564EF
:10D610006261636B5F74785F72785F64656C617977
:10D620005F737562736C6F7473203C696E743E2C0B
:10D630002053657276657220736964652E0A202016
:10D6400020202020202020202020202020202020DA
:10D6500020202020202020202020202020202020CA
:10D6600020202020202020202020202020202020BA
:10D6700020204120676170206265747765656E20A7
:10D680004841525120666565646261636B2054585D
:10D690000A202020202020202020202020202020A0
:10D6A000202020202020202020202020202020207A
:10D6B000202020202020202020202020202020206A
:10D6C0002020202020656E6420616E642072652D0C
:10D6D0007374617274696E67206120736572766518
:10D6E000722052582E0A2020202020202020202086
:10D6F000202020202020202020202020202020202A
:10D700002020202020202020202020202020202019
:10D710002020202020202020202044656661756C78
:10D72000743A20342E0A0052535349207363616EB9
:10D73000206F6E676F696E672E00506572666F723C
:10D740006D616E63652074657374206F6E676F69B9
:10D750006E672E0050696E67206F6E676F696E6727
:10D760002E0043657274696669636174696F6E2027
:10D770006F6E676F696E672E0045787465726E61B3
:10D780006C20636F6D6D616E64206F6E676F696E84
:10D79000672E0025733A206E72665F6D6F64656D4B
:10D7A0005F646563745F7068795F636F6E666967F5
:10D7B0007572652072657475726E65643A202569AC
:10D7C00000282573293A206E72665F6D6F64656D5F
:10D7D0005F646563745F7068795F636F6E666967C5
:10D7E00075726528292074696D656F75742E004403
:10D7F000454354206D6F64656D20636F6E66696785
:10D800007572656420746F2062616E6420232564E4
:10D810002E00646563745F7068795F6374726C5F17
:10D82000776F726B65725F7468004D6F64656D2011
:10D830006C69627261727920646964206E6F742011
:10D84000696E697469616C697A653A2025640A00B9
:10D850006E72665F6D6F64656D5F646563745F7043
:10D8600068795F6576656E745F68616E646C657219
:10D870005F7365742072657475726E65643A2025F5
:10D88000690A006E72665F6D6F64656D5F646563E3
:10D89000745F7068795F696E6974207265747572FF
:10D8A0006E65643A2025690A00282573293A206E9E
:10D8B00072665F6D6F64656D5F646563745F7068E9
:10D8C000795F696E697428292074696D656F757454
:10D8D0002E00282573293A206E72665F6D6F64658D
:10D8E0006D5F646563745F7068795F6163746976A6
:10D8F0006174652829206661696C65643A20256435
:10D9000000282573293A206E72665F6D6F64656D1D
:10D910005F646563745F7068795F61637469766181
:10D92000746528292074696D656F75742E004445EF
:10D930004354206D6F64656D206163746976617412
:10D94000656420746F20726164696F206D6F646517
:10D950003A2025732E0052656365697665642064FC
:10D9600061746120697320746F6F206C6F6E672023
:10D97000746F2062652072656365697665642062F4
:10D9800079204354524C205448202D2064697363FD
:10D99000617264656420286C656E2025642C2062A9
:10D9A00075662073697A65202564290A00526563CB
:10D9B0006569766564206461746120697320746FA1
:10D9C0006F206C6F6E6720746F20626520726563D4
:10D9D0006569766564206279205343484544554C17
:10D9E0004552205448202D20646973636172646538
:10D9F0006420286C656E2025642C20627566207377
:10DA0000697A65202564290A0044454354206D6FD6
:10DA100064656D206C6174656E637920696E666FF4
:10DA2000206E6F742076616C69642E004445435407
:10DA3000206D6F64656D206C6174656E637920691B
:10DA40006E666F3A0020526164696F206D6F646585
:10DA5000207370656369666963206C6174656E63C9
:10DA60006965733A002020526164696F206D6F64AC
:10DA7000653A202573002020202073636865647553
:10DA80006C65645F6F7065726174696F6E5F7472EC
:10DA9000616E736974696F6E3A20256400202020DE
:10DAA000207363686564756C65645F6F706572612F
:10DAB00074696F6E5F737461727475703A20256457
:10DAC0000020202020726164696F206D6F646520E2
:10DAD0007472616E736974696F6E2064656C6179CC
:10DAE00020746F2025733A20256400204F706572E2
:10DAF0006174696F6E206C6174656E636965733AF9
:10DB000000202052583A0020202069646C655F7420
:10DB10006F5F6163746976653A2025640020202078
:10DB20006163746976655F746F5F69646C655F7269
:10DB30007373693A2025640020202061637469763C
:10DB4000655F746F5F69646C655F72783A20256405
:10DB50000020202073746F705F746F5F72665F6F58
:10DB600066663A20256400202054583A0020202080
:10DB70006163746976655F746F5F69646C653A2090
:10DB8000256400204D6F64656D20726164696F20AB
:10DB9000636F6E66696775726174696F6E20647514
:10DBA000726174696F6E733A0020204445435420BB
:10DBB00050485920696E697469616C697A61746949
:10DBC0006F6E206475726174696F6E3A202564000F
:10DBD00020204445435420504859206465696E69AB
:10DBE0007469616C697A6174696F6E2064757261C1
:10DBF00074696F6E3A202564002020444543542008
:10DC000050485920636F6E66696775726174696FF9
:10DC10006E206475726174696F6E3A20256400200D
:10DC2000204445435420504859206163746976610B
:10DC300074696F6E206475726174696F6E3A202525
:10DC400064002020444543542050485920646561B5
:10DC5000637469766174696F6E206475726174694A
:10DC60006F6E3A2025640044454354206D6F64650F
:10DC70006D2062616E6420696E666F3A00202042FA
:10DC8000616E64206E756D6265723A2020202020DE
:10DC900020256400202042616E642067726F7570D9
:10DCA00020696E6465783A2025640020204D696EF5
:10DCB00020636172726965723A202020202020253D
:10DCC000640020204D617820636172726965723A48
:10DCD0002020202020202564002020506F776572AE
:10DCE00020636C6173733A2020202020202564007B
:10DCF000202020204D617820706F7765723A2020B7
:10DD000020202020256464426D0020205258206786
:10DD100061696E3A202020202020202020202564C8
:10DD20000A0050485920636F6E66696775726520F6
:10DD30006661696C65643A2025640A000A43616E75
:10DD40006E6F7420676574206D6F64656D207469F3
:10DD50006D652C20657272202564000A4D6F646524
:10DD60006D2074696D653A20256C6C752C2061708E
:10DD7000702074696D6520256C6C642028257320E3
:10DD8000627920256C6C64207469636B73290A00C6
:10DD9000626568696E640061686561640043616E14
:10DDA0006E6F7420676574206D6F64656D206361AC
:10DDB000706162696C69746965732C206572722088
:10DDC00025640A000A4D6F64656D206361706162AD
:10DDD000696C69746965733A0A0020204E6F20638C
:10DDE00061706162696C69746965732061766169EB
:10DDF0006C61626C650A00202044454354204E52F9
:10DE00002B2076657273696F6E3A2025640A0020B4
:10DE10002044454354204E522B2076617269616E36
:10DE20007420636F756E743A2025640A00202020E8
:10DE30002072785F7370617469616C5F737472656E
:10DE4000616D735B25645D3A202020202025640AE3
:10DE5000002020202072785F74785F646976657294
:10DE6000736974795B25645D3A202020202020208E
:10DE70002025640A00202020206D63735F6D617887
:10DE80005B25645D3A2020202020202020202020B7
:10DE9000202020202025640A002020202068617294
:10DEA000715F736F66745F6275665F73697A655BD5
:10DEB00025645D3A202020202025640A00202020AF
:10DEC00020686172715F70726F636573735F636FF7
:10DED000756E745F6D61785B25645D3A2025640A18
:10DEE0000020202020686172715F66656564626150
:10DEF000636B5F64656C61795B25645D3A2020200B
:10DF00002025640A00202020206D755B25645D3A81
:10DF10002020202020202020202020202020202001
:10DF2000202020202025640A00434D414B455F53AB
:10DF30004F555243455F4449522F7372632F6465B6
:10DF400063742F646563745F7068795F6374726C67
:10DF50002E63006361706162696C6974792D3E762D
:10DF6000617269616E745B695D2E6D75203D3D2047
:10DF7000310020202020626574615B25645D3A20B9
:10DF80002020202020202020202020202020202091
:10DF9000202025640A0025733A205741524E3A202A
:10DFA000556E6578706563746564206576656E741A
:10DFB0002069642025640A0025733A2063616E6E2F
:10DFC0006F742063616E63656C206F6E676F696E3E
:10DFD00067206F7065726174696F6E733A20256493
:10DFE0000025733A206E72665F6D6F64656D5F64C5
:10DFF0006563745F7068795F63616E63656C28291F
:10E000002074696D656F75742E006E72665F6D6F3A
:10E0100064656D5F646563745F7068795F6576657C
:10E020006E745F68616E646C65725F736574207294
:10E03000657475726E65643A2025690043616E6E81
:10E040006F742072657374617274205258207768FF
:10E05000656E205258206973206E6F74206F6E2099
:10E06000676F696E672E00727820636D6420616C43
:10E070007265616479206F6E20676F696E672E002C
:10E08000416C6C206368616E6E656C7320696E20F4
:10E0900062616E64207363616E6E65642E0052531C
:10E0A0005349207363616E206461746120696E69F5
:10E0B00074206661696C65643A20657272006465FB
:10E0C00073682D646563742D70687920737461744E
:10E0D00075733A0041542B43474D5200202054722F
:10E0E000616E736D69747465722049443A20202012
:10E0F0002025640020204D6F64656D206669726D77
:10E10000776172653A202020202573002525485725
:10E1100056455253494F4E3A20253132385B5E0DF9
:10E120000A5D00415425485756455253494F4E0009
:10E13000202048572076657273696F6E3A20202040
:10E14000202020202025730020204D6F64656D2045
:10E1500074656D70657261747572653A20257343DC
:10E160000052535349207363616E20726573756C5E
:10E170007473206E6F7420617661696C61626C6586
:10E180002E002020204E6F2062657374206368612A
:10E190006E6E656C20666F756E642E002D2D2D2DB4
:10E1A0002D2D2D2D2D2D2D2D2D2D2D2D2D2D2D2D9F
:10E1B0002D2D2D2D2D2D2D2D2D2D2D2D2D2D2D2D8F
:10E1C0002D2D2D2D2D2D2D2D2D2D2D2D2D2D2D2D7F
:10E1D0002D2D2D2D2D2D2D2D2D2D2D2D2D2D2D2D6F
:10E1E0002D2D2D2D2D2D2D2D2D0020525353492019
:10E1F0007363616E20646F6E652E20466F756E646A
:10E2000020256420667265652C20256420706F735C
:10E210007369626C6520616E642025642062757389
:10E2200079206368616E6E656C732E002020204239
:10E23000657374206368616E6E656C3A20256400B6
:10E240002020204E6F207363616E20726573756CA1
:10E250007420666F756E6420666F722062657374D9
:10E26000206368616E6E656C2E0020202046696E0A
:10E27000616C20766572646963743A2025730020AE
:10E28000202020204672656520737562736C6F7460
:10E29000733A202564002020202020506F7373697A
:10E2A000626C6520737562736C6F74733A202564B9
:10E2B0000020202020204275737920737562736CD2
:10E2C0006F74733A202564002052535349207363BE
:10E2D000616E206661696C65643A2025732028258B
:10E2E00064290052657374617274696E67205253B9
:10E2F0005349207363616E6E696E6720696E2025D5
:10E3000064207365636F6E64732E0052535349200B
:10E310007363616E20616C7265616479206F6E2039
:10E32000676F696E672E0A00282573293A2072618B
:10E3300064696F2061637469766174696F6E2066C9
:10E3400061696C65643A20256420282573290028BA
:10E350002573293A20726164696F20646561637472
:10E3600069766174696F6E206661696C65643A20D4
:10E370002564202825732900526164696F20646533
:10E380006163746976617465642E00282573293A87
:10E3900020726164696F206D6F646520636F6E66C3
:10E3A000696775726174696F6E206661696C656416
:10E3B0003A202564202825732900526164696F2062
:10E3C0006D6F646520636F6E666967757265642E34
:10E3D000007065726620636F6D6D616E6420646F9E
:10E3E0006E652E0070696E6720636F6D6D616E647F
:10E3F00020646F6E652E0072665F746F6F6C2063B1
:10E400006F6D6D616E6420646F6E652E00282573DC
:10E41000293A20696E6974206661696C65642028F8
:10E4200074656D70657261747572652025642C2049
:10E4300074656D705F6C696D6974202564293A207C
:10E44000256420282573290044454354206D6F64BA
:10E45000656D20696E697469616C697A65643A00FA
:10E46000202063757272656E742074656D706572BC
:10E4700061747572653A2020202020202025644395
:10E48000006E72665F6D6F64656D5F646563745F77
:10E490007068795F6361706162696C6974795F67E4
:10E4A00065742072657475726E65643A2025690A18
:10E4B00000282573293A206E72665F6D6F64656D62
:10E4C0005F646563745F7068795F636170616269DE
:10E4D0006C6974795F67657428292074696D656F4C
:10E4E00075742E006E72665F6D6F64656D5F646536
:10E4F00063745F7068795F6C6174656E63795F6780
:10E5000065742072657475726E65643A20256900C1
:10E51000282573293A206E72665F6D6F64656D5FA2
:10E52000646563745F7068795F6C6174656E63794C
:10E530005F67657428292074696D656F75742E0096
:10E5400025733A206E72665F6D6F64656D5F6465FA
:10E5500063745F7068795F62616E645F6765742081
:10E5600072657475726E65643A202569002825739A
:10E57000293A206E72665F6D6F64656D5F646563D6
:10E58000745F7068795F62616E645F676574282983
:10E590002074696D656F75742E0042616E6420345D
:10E5A000206973206E6F7420737570706F7274655C
:10E5B0006420696E206D6F64656D202D2073657415
:10E5C00074696E672064656661756C742062616E43
:10E5D000642023312E0044454354206D6F64656DE3
:10E5E000206E6F74206163746976617465642E00B7
:10E5F000202041637469766174696F6E2063616E77
:10E6000020626520646F6E65206D616E75616C6C53
:10E6100079206279207573696E6720636F6D6D6113
:10E620006E6420226465637420616374697661742A
:10E6300065222E0052582050434320435243206508
:10E6400072726F72202874696D6520256C6C752C50
:10E650002068616E646C65202564293A20534E520F
:10E660002025642C20525353492D32202564202824
:10E6700025642064426D29005258205044432043B1
:10E680005243206572726F72202874696D6520256F
:10E690006C6C752C2068616E646C65202564293A69
:10E6A00020534E522025642C20525353492D3220A2
:10E6B0002564202825642064426D290050434320AE
:10E6C0007265636569766564202873746620737467
:10E6D0006172742074696D6520256C6C752C2068DE
:10E6E000616E646C65202564293A207374617475C9
:10E6F000733A20222573222C20736E722025642CFD
:10E7000020525353492D3220256420285253534917
:10E71000202564290020207068792068656164657F
:10E72000723A2073686F7274206E772069642025B6
:10E73000642028307825303278292C207472616E5C
:10E74000736D6974746572206964202575002020DA
:10E7500072656365697665722069643A2025750083
:10E760005044432072656365697665642028746946
:10E770006D6520256C6C75293A20736E72202564B6
:10E780002C20525353492D322025642028525353B4
:10E7900049202564292C206C656E202564002530D5
:10E7A00032782000526563656976656420756E6B0A
:10E7B0006E6F776E20646174612C206C656E20250D
:10E7C000642C2068657820646174613A2025730A9E
:10E7D0000025733A2063616E6E6F742073746172EA
:10E7E000742052583A20257300525820444F4E4509
:10E7F0002E0052535349207363616E20737461720B
:10E8000074206661696C65643A2025640043616E1A
:10E810006E6F74207265696E6974207273736920FB
:10E820007363616E20646174610044454354204306
:10E8300054524C3A20556E6B6E6F776E206576653C
:10E840006E74202564207265636569766564004492
:10E85000454354206F7065726174696F6E20616CFE
:10E860007265616479206F6E20676F696E672E2014
:10E8700053746F7020616C6C206265666F726520E6
:10E880007374617274696E672072756E6E696E67FB
:10E8900020706572662E004F7065726174696F6ECC
:10E8A00020616C7265616479206F6E20676F696E9C
:10E8B000672E2053746F7020616C6C206265666FE8
:10E8C0007265207374617274696E672072756E6E02
:10E8D000696E672070696E672E004F706572617493
:10E8E000696F6E20616C7265616479206F6E20675C
:10E8F0006F696E672E2053746F7020616C6C20629C
:10E9000065666F7265207374617274696E672072D8
:10E91000756E6E696E672072665F746F6F6C2E0025
:10E92000282573293A2050687920617069206E6F1C
:10E930007420696E697469616C697A656400282560
:10E9400073293A204F7065726174696F6E20616C33
:10E950007265616479206F6E20676F696E672E2023
:10E9600053746F7020616C6C206265666F726520F5
:10E970007374617274696E672072756E6E696E670A
:10E980002065787420636F6D6D616E642E006E7209
:10E99000665F6D6F64656D5F646563745F706879F1
:10E9A0005F646561637469766174652829206661B6
:10E9B000696C65642C206572723D2564004F70653A
:10E9C000726174696F6E20616C7265616479206F29
:10E9D0006E20676F696E672E2043616E63656C6998
:10E9E0006E6720616C6C206F7065726174696F6E08
:10E9F0007320696E206D6F64656D206265666F724D
:10EA000065207374617274696E672072756E6E69C9
:10EA10006E6720726164696F206D6F646520636842
:10EA2000616E67652E006E72665F6D6F64656D5F07
:10EA3000646563745F7068795F726164696F5F6356
:10EA40006F6E6669672829206661696C65642C2091
:10EA50006572723D256400282573293A206E72661E
:10EA60005F6D6F64656D5F646563745F7068795F27
:10EA7000726164696F5F636F6E66696728292074CD
:10EA8000696D656F75742E0044454354207261644E
:10EA9000696F206D6F646520636F6E66696775725C
:10EAA000656420746F3A2025732E0044454354203A
:10EAB000726164696F206D6F646520636F6E666953
:10EAC0006775726174696F6E206661696C65642038
:10EAD000746F2025732E004C61737420736574204D
:10EAE0004445435420726164696F206D6F646520F2
:10EAF00025732E00646563745F7068795F63747258
:10EB00006C5F6F6E5F6D6F64656D5F6C69625F698E
:10EB10006E697400646563745F7068795F637472B2
:10EB20006C5F726164696F5F6D6F64655F636D6474
:10EB300000646563745F7068795F6374726C5F65AD
:10EB400078745F636F6D6D616E645F73746172740E
:10EB500000646563745F7068795F6374726C5F6D85
:10EB6000646D5F6F705F63616E63656C5F616C6C39
:10EB700000646563745F7068795F6374726C5F6D65
:10EB8000646D5F6576745F68616E646C6572006465
:10EB90006563745F7068795F6374726C5F726164DF
:10EBA000696F5F616374697661746500646563743D
:10EBB0005F7068795F6374726C5F7068795F636FB0
:10EBC0006E6669677572655F66726F6D5F73657497
:10EBD00074696E677300646563745F7068795F63FE
:10EBE00074726C5F726164696F5F636F6E66696790
:10EBF0007572655F61637469766174655F66726F73
:10EC00006D5F73657474696E677300646563745FC8
:10EC10007068795F6374726C5F6D7367715F74683D
:10EC2000726561645F68616E646C657200646563DF
:10EC3000745F7068795F6374726C5F6D7367715F26
:10EC400074680052535349207363616E20444F4EE1
:10EC5000452E00434D414B455F534F555243455F51
:10EC60004449522F7372632F646563742F64656324
:10EC7000745F7068795F7363616E2E630066696CA0
:10EC80006C65645F726573756C747300525353499D
:10EC9000207363616E2073746F7070696E672E00ED
:10ECA0004E6F206D656D6F727920666F72205253C2
:10ECB0005349207363616E206D6561737572656D74
:10ECC000656E7420646174612E20547279206167CE
:10ECD00061696E20776974682073686F72746572F9
:10ECE000207363616E2074696D652E005253534921
:10ECF000207363616E2064617461207265696E695E
:10ED000074206661696C65643A20657272202564BE
:10ED10002E0052535349207363616E206461746105
:10ED200020696E6974206661696C65643A20657259
:10ED3000722025642E00282573293A2064656374A7
:10ED40005F7068795F72785F7068795F6D65617315
:10ED50007572655F727373695F6F705F6164642061
:10ED60006661696C65643A202564005253534920FA
:10ED70007363616E206475726174696F6E3A20739B
:10ED800063616E5F74696D655F6D73202564202813
:10ED9000737562736C6F74732025642900705F72E1
:10EDA0006573756C7420213D202828766F69642076
:10EDB0002A29302900705F726573756C742D3E6D61
:10EDC0006561735F6C656E203C3D202828363931C3
:10EDD0003230202A20313029202F20323838302973
:10EDE000006B203C2028283229202A202832342970
:10EDF0002900727373695F7363616E5F646174612C
:10EE00002E6D6561737572656D656E745F64617496
:10EE1000615F707472005374617274696E6720521E
:10EE2000583A206368616E6E656C2025642C2072F0
:10EE30007373695F6C6576656C2025642C2064753E
:10EE4000726174696F6E20256420736563732E0090
:10EE50006E72665F6D6F64656D5F646563745F702D
:10EE600068795F7278206661696C6564202564004A
:10EE70001B5B306D001B5B33326D002573465245C2
:10EE8000452573001B5B33336D002573504F53537F
:10EE900049424C452573001B5B33316D002573429D
:10EEA0005553592573001B5B33346D002573554E44
:10EEB0004B4E4F574E2573004E6F205253534920EF
:10EEC0007363616E6E696E6720726573756C7473BF
:10EED0002E004C6174657374205253534920736340
:10EEE000616E6E696E6720726573756C74733A003B
:10EEF00020206368616E6E656C2020202020202019
:10EF00002020202025640020207363616E6E696ECE
:10EF10006720636F756E74202020202564002573A0
:10EF20002020686967686573742052535349202014
:10EF300020202020256425730020206C6F776573C6
:10EF40007420525353492020202020202025640A79
:10EF500000537562736C6F7420636F756E742062FA
:10EF60006173656420726573756C74733A00202058
:10EF7000746F74616C20737562736C6F74733A2074
:10EF800025640A20206672656520737562736C6F54
:10EF900074733A2025642C20706F737369626C65FA
:10EFA00020737562736C6F74733A2025642C206231
:10EFB00075737920737562736C6F74733A2025646E
:10EFC00000202046696E616C207665726469637406
:10EFD00020257325732573206261736564206F6E2D
:10EFE000205343414E5F5355495441424C452025DF
:10EFF0006425253A0A20202020667265653A20257E
:10F000002E30326625252C20706F737369626C6513
:10F010003A20252E3032662525004C6174657374C4
:10F020002052535349207363616E6E696E6720727C
:10F030006573756C7473206C697374696E67206492
:10F040006F6E652E0052535349207363616E6E6973
:10F050006E6720726573756C747320286D656173BB
:10F06000202331206D646D2074696D6520256C6CE2
:10F0700075293A0020206368616E6E656C2020203F
:10F080002020202020202020202020202020202080
:10F090002020202020202020202020202564002047
:10F0A0002020206E65696768626F72206861732036
:10F0B0006265656E207365656E20696E207468698F
:10F0C00073206368616E6E656C002020746F7461DC
:10F0D0006C207363616E6E696E6720636F756E740A
:10F0E0002020202020202020202020202020202020
:10F0F00020202564002020202073617475726174C3
:10F10000696F6E73202020202020202020202020C6
:10F1100020202020202020202020202020256400C6
:10F12000202020206E6F74206D6561737572656498
:10F1300020202020202020202020202020202020CF
:10F140002020202020202020256400202020206D49
:10F150006561737572656D656E74206661696C6555
:10F16000642020202020202020202020202020205B
:10F1700020202025640020202020726573756C7487
:10F1800020736B697070656400257320206869675F
:10F19000686573742052535349202020202020207A
:10F1A000202020202020202020202020202020205F
:10F1B000202020256425730020206C6F77657374F0
:10F1C000205253534920202020202020202020207E
:10F1D000202020202020202020202020202020202F
:10F1E000256400257325346425737C2573000A206B
:10F1F00020004D6561737572656D656E7420232501
:10F2000064207769746820627573792F706F7373E7
:10F2100069626C6520737562736C6F74732C2073F4
:10F2200074617274656420256C6C752C20343820F0
:10F23000737562736C6F74733A0A20202573004EE5
:10F240006F20737562736C6F7473206D6561737575
:10F250007265642E002020746F74616C2073756277
:10F26000736C6F74733A2025640A2020667265659A
:10F2700020737562736C6F74733A2025642C207050
:10F280006F737369626C6520737562736C6F7473EE
:10F290003A2025642C206275737920737562736C33
:10F2A0006F74733A2025640A20206E6F74206D6598
:10F2B00061737572656420737562736C6F74733AF1
:10F2C0002025642C207361747572617465642073E9
:10F2D0007562736C6F74733A202564002020574167
:10F2E000524E494E473A204E6F7420616C6C206D2F
:10F2F0006561737572656D656E747320776572658F
:10F300002073746F7265642E20526563656976653B
:10F31000642025642C2053746F72616765207369C3
:10F320007A652025640052535349207363616E6EE1
:10F33000696E67206661696C65643A2025730064B4
:10F340006563745F7068795F7363616E5F72737316
:10F35000695F66696E69736865645F68616E646C35
:10F360006500646563745F7068795F7363616E5F85
:10F37000727373695F737461727400444543545FC0
:10F380005048595F52585F4F505F435553544F4D4B
:10F39000206661696C65643A20657272202564009C
:10F3A000444543542052583A20556E6B6E6F776E29
:10F3B000206576656E7420256420726563656976C4
:10F3C000656400646563745F7068795F72785F7408
:10F3D0006800506879205458207077722076616CEC
:10F3E0007565206F7574206F662072616E67653A6F
:10F3F0002025640A0025642028756E6B6E6F776E79
:10F400002076616C75652C206E6F7420636F6E764C
:10F41000657274656420746F20737472696E6729F5
:10F4200000202874656D70657261747572653A208C
:10F430006E6F74206D656173757265642900202894
:10F4400074656D70657261747572652025644329F9
:10F45000004C6F77206C6174656E6379004C6F7738
:10F46000206C6174656E63792077697468207374A9
:10F47000616E646279004C42542064697361626C0D
:10F4800065642C2077697468207374616E64627996
:10F490000076616C6964202D205044432063616EC6
:10F4A00020626520726563656976656400696E76C1
:10F4B000616C6964202D205044432063616E277481
:10F4C0002062652072656365697665640076616CAB
:10F4D0006964202D20627574205258206F70206559
:10F4E0006E6473206265666F7265205044432072BB
:10F4F0006563657074696F6E00696E76616C6964CE
:10F500000076616C6964202D206275742073686FC9
:10F51000727400696E20737562736C6F7473006926
:10F520006E20736C6F7473004E52465F4D4F4445AE
:10F530004D5F444543545F5048595F5355434345DD
:10F540005353004552525F4C42545F4348414E4E24
:10F55000454C5F42555359004552525F554E5355E5
:10F5600050504F525445445F4F50004552525F4EE9
:10F570004F545F464F554E44004552525F4E4F5FC9
:10F580004D454D4F5259004552525F4E4F545F41C9
:10F590004C4C4F574544005048595F4F4B5F5749BB
:10F5A00054485F484152515F5245534554004552BB
:10F5B000525F4F505F53544152545F54494D455F21
:10F5C0004C415445004552525F4C42545F535441A4
:10F5D00052545F54494D455F4C4154450045525289
:10F5E0005F52465F53544152545F54494D455F4CFE
:10F5F000415445004552525F494E56414C49445F83
:10F6000053544152545F54494D45004552525F4F47
:10F61000505F5343484544554C494E475F434F4E16
:10F62000464C494354004552525F4F505F54494D38
:10F63000454F5554004552525F4E4F5F4F4E474F16
:10F64000494E475F484152515F5258004552525F00
:10F65000504152414D455445525F554E41564149E6
:10F660004C41424C45004552525F5041594C4F412C
:10F67000445F554E415641494C41424C450050482B
:10F68000595F4552525F4F505F43414E43454C4591
:10F6900044004552525F434F4D42494E45445F4FEF
:10F6A000505F4641494C4544004552525F524144E7
:10F6B000494F5F4D4F44455F434F4E464C4943547D
:10F6C000004552525F554E535550504F5254454489
:10F6D0005F43415252494552004552525F554E5385
:10F6E0005550504F525445445F444154415F534933
:10F6F0005A45004552525F494E56414C49445F4E6F
:10F700004554574F524B5F4944004552525F494E52
:10F7100056414C49445F5048595F48454144455221
:10F72000004552525F494E56414C49445F44555240
:10F730004154494F4E004552525F494E56414C4943
:10F74000445F504152414D45544552004552525F2D
:10F7500054585F504F5745525F4F5645525F4D4189
:10F76000585F4C494D4954004552525F4D4F4445F6
:10F770004D5F4552524F52004552525F4D4F4445E6
:10F780004D5F4552524F525F52465F53544154456C
:10F79000004552525F54454D505F48494748004527
:10F7A00052525F50524F445F4C4F434B00444543CD
:10F7B000545F5343484544554C45525F44454C4182
:10F7C0005945445F4552524F5200444543545F539C
:10F7D00043484544554C45525F5343484544554C76
:10F7E00045525F464154414C5F4D454D5F414C4C45
:10F7F0004F435F4552524F5200D8E2ECF0F4F8FC10
:10F800000004070A0D10131517282573293A2063E1
:10F81000616E6E6F742075706461746520706475BC
:10F820003A20696E7075742073697A6520746F6F01
:10F83000206269673A20256420286D61782025645C
:10F840002900282573293A2063616E6E6F74207534
:10F850007064617465207064753A206974656D2008
:10F8600068616E646C65206964202564206E6F7425
:10F8700020666F756E6400434D414B455F534F5595
:10F880005243455F4449522F7372632F646563741A
:10F890002F636F6D6D6F6E2F646563745F70687931
:10F8A0005F6170695F7363686564756C65722E6310
:10F8B000006865616465725F74797065203D3D2004
:10F8C000444543545F5048595F4845414445525F61
:10F8D00054595045320025733A2063616E6E6F743F
:10F8E00020616C6C6F63617465206D656D6F7279FA
:10F8F00020666F72207363686564756C6572206C36
:10F90000697374206974656D0A004E6F206D656DB2
:10F910006F727920666F722073746F72696E6720E0
:10F920006461746120666F7220706F737369626CBA
:10F930006520484152512072655458002020446F80
:10F940006E65206C697374206974656D20706879C8
:10F950002068616E646C653A2025640053636865B5
:10F9600064756C6572206C6973742073746174754E
:10F97000733A0020204C697374206974656D2063AC
:10F980006F756E743A202564005363686564756C06
:10F99000657220646F6E65206C6973742073746186
:10F9A0007475733A00282573293A206E6577206CA8
:10F9B000697374206974656D202868616E646C6574
:10F9C0002025642C20656E645F74696D6520256C4C
:10F9D0006C75292063616E6E6F742066697420698E
:10F9E0006E746F2061206672616D6520286E657887
:10F9F000745F6672616D655F74696D6520256C6CFE
:10FA00007529007761726E3A20746F5F62655F736B
:10FA1000686564756C65645F6C6973745F6D75743B
:10FA2000657820776173206C6F636B65643F210A92
:10FA3000002825732920313A2063616E6E6F74208F
:10FA40007363686564756C653A206E6577206974C8
:10FA5000656D202868616E646C652025642C2073B8
:10FA6000746172745F74696D6520256C6C752C20EF
:10FA7000656E645F74696D6520256C6C75292069FD
:10FA800073206F7665726C617070696E672077693C
:10FA900074682063757272656E74206F6E652028BD
:10FAA00068616E646C652025642C207374617274C7
:10FAB0005F74696D6520256C6C752C20656E645FC4
:10FAC00074696D6520256C6C7529002825732920C3
:10FAD0007072696F20696E7365727420313A206E9E
:10FAE0006577206974656D202868616E646C652097
:10FAF00025642C2073746172745F74696D652025B0
:10FB00006C6C752C20656E645F74696D6520256C66
:10FB10006C7529206973206F7665726C61707069ED
:10FB20006E6720776974682063757272656E7420E1
:10FB30006F6E65202868616E646C652025642C20DA
:10FB400073746172745F74696D6520256C6C752CBB
:10FB500020656E645F74696D6520256C6C75290085
:10FB60002825732920323A2063616E6E6F742073EA
:10FB700063686564756C653A206E657720697465A5
:10FB80006D202868616E646C652025642C20737478
:10FB90006172745F74696D6520256C6C752C2065CD
:10FBA0006E645F74696D6520256C6C7529206973BE
:10FBB000206F7665726C617070696E67207769740A
:10FBC000682063757272656E74206F6E6520286898
:10FBD000616E646C652025642C2073746172745F9F
:10FBE00074696D6520256C6C752C20656E645F747E
:10FBF000696D6520256C6C75290028257329207096
:10FC000072696F20696E7365727420323A206E6576
:10FC100077206974656D202868616E646C652025A5
:10FC2000642C2073746172745F74696D6520256C37
:10FC30006C752C20656E645F74696D6520256C6C35
:10FC40007529206973206F7665726C617070696EBA
:10FC50006720776974682063757272656E74206FAF
:10FC60006E65202868616E646C652025642C2073A5
:10FC7000746172745F74696D6520256C6C752C20DD
:10FC8000656E645F74696D6520256C6C752900284C
:10FC900025732920333A2063616E6E6F742073637D
:10FCA000686564756C653A206E6577206974656D6A
:10FCB000202868616E646C652025642C2073746153
:10FCC00072745F74696D6520256C6C752C20656E8F
:10FCD000645F74696D6520256C6C752920697320DB
:10FCE0006F7665726C617070696E67207769746891
:10FCF0002063757272656E74206F6E65202868616E
:10FD00006E646C652025642C2073746172745F745A
:10FD1000696D6520256C6C752C20656E645F746957
:10FD20006D6520256C6C752900282573292070725B
:10FD3000696F20696E7365727420333A206E65773F
:10FD4000206974656D202868616E646C6520256487
:10FD50002C2073746172745F74696D6520256C6CFE
:10FD6000752C20656E645F74696D6520256C6C75FB
:10FD700029206973206F7665726C617070696E6797
:10FD800020776974682063757272656E74206F6E77
:10FD900065202868616E646C652025642C2073746E
:10FDA0006172745F74696D6520256C6C752C2065BB
:10FDB0006E645F74696D6520256C6C75290028255B
:10FDC00073292F313A20646563745F7068795F61CD
:10FDD00070695F7363686564756C65725F6C697385
:10FDE000745F6974656D5F61646420666F7220661C
:10FDF00061696C65640A006C6973745F6974656D30
:10FE00002D3E73636865645F636F6E6669672E7409
:10FE1000782E656E636F6465645F7061796C6F6185
:10FE2000645F70647520213D202828766F69642006
:10FE30002A29302900282573293A206E72665F6DC1
:10FE40006F64656D5F646563745F7068795F747813
:10FE5000206661696C65643A206572722025642CA5
:10FE60002068616E646C652025640A00282573296A
:10FE70003A206E72665F6D6F64656D5F6465637472
:10FE80005F7068795F72737369206661696C65641D
:10FE9000202564006E72665F6D6F64656D5F6465DA
:10FEA00063745F7068795F7278206661696C6564FD
:10FEB0003A206572722025642C2068616E646C653E
:10FEC00020256400282573293A2063616E6E6F74C3
:10FED00020636F7079206C697374206974656D009C
:10FEE000282573293A20646563745F7068795F61BF
:10FEF00070695F7363686564756C65725F6C697364
:10FF0000745F6974656D5F616464206661696C65C6
:10FF100064202D206F70207769746820696E746585
:10FF20007276616C2077696C6C20626520636F6EFD
:10FF3000636C7564656420287068792068616E64FC
:10FF40006C6520256429006E6F646520213D2028A2
:10FF500028766F6964202A293029202626206C699A
:10FF600073745F6974656D20213D202828766F6960
:10FF700064202A29302900444543542053434845EE
:10FF800044554C45522054483A20556E6B6E6F775D
:10FF90006E206576656E74202564207265636569E0
:10FFA00076656400282573293A2073616D65207099
:10FFB0006879206F702068616E646C652074686178
:10FFC0006E2077617320696E206C69737420616C98
:10FFD00072656164793A202564202D2D20636F6E4F
:10FFE00074696E75652000646563745F7068795F1D
:10FFF0006170695F7363686564756C65725F646F77
:020000040004F6
:100000006E655F6C6973745F6974656D5F6164646C
:1000100000646563745F7068795F6170695F7363C2
:10002000686564756C65725F636F72655F6D646D42
:100030005F7068795F6F7000646563745F70687982
:100040005F6170695F7363686564756C65725F6337
:100050006F72655F7469636B5F74685F7363686513
:1000600064756C655F6E6578745F6672616D65005E
:10007000646563745F7068795F6170695F736368FA
:100080006564756C65725F6C6973745F6974656DC6
:100090005F616C6C6F635F727373695F656C656DD4
:1000A000656E7400646563745F7068795F61706920
:1000B0005F7363686564756C65725F6C6973745FA8
:1000C0006974656D5F616C6C6F635F72785F656C9E
:1000D000656D656E7400646563745F7068795F61F7
:1000E00070695F7363686564756C65725F6C697372
:1000F000745F6974656D5F61646400646563745FF7
:100100007068795F6170695F7363686564756C6559
:10011000725F6C6973745F6974656D5F7064755F3D
:100120007061796C6F61645F7570646174655F6242
:10013000795F7068795F68616E646C65006465639F
:10014000745F7068795F6170695F73636865647517
:100150006C65725F7468004661696C656420746FD9
:1001600020726561642064656374207068795F73D0
:10017000657474696E67735F646174612C20657265
:10018000726F723A20256400282573293A2066612F
:10019000696C656420746F20696E697469616C694B
:1001A0007A652073657474696E6773207375627302
:1001B000797374656D2C206572726F723A202564B4
:1001C00000646563745F7068795F73657474696EE9
:1001D000677300282573293A2063616E6E6F74205F
:1001E0006C6F61642073657474696E677320256435
:1001F00000646563745F7068795F73657474696EB9
:1002000067732F636F6D6D6F6E5F73657474696E66
:1002100067730043616E6E6F74207361766520644E
:1002200065637420636F6D6D6F6E207365747469A0
:100230006E67732C206572723A20256400646563D2
:100240007420636F6D6D6F6E2073657474696E6773
:10025000732073617665640043616E6E6F74207302
:10026000657420646563742064656661756C7420D0
:1002700073657474696E67732C206572723A2025F9
:10028000640044656661756C742073657474696E8E
:100290006773207365742E00646563745F636F6DAC
:1002A0006D6F6E5F73657474696E67735F696E6995
:1002B000740070696E672072657175657374007083
:1002C000696E6720726573706F6E73650070696E1A
:1002D0006720726573756C747320726571756573D0
:1002E000740070696E6720726573756C7473207228
:1002F0006573706F6E73650070696E672048415258
:100300005120666565646261636B0070657266208A
:100310004841525120666565646261636B00706597
:10032000726620726573756C747320726571756581
:100330007374007065726620726573756C747320D7
:10034000726573706F6E73650070657266205458C5
:10035000206461746100282573293A206E72665FFB
:100360006D6F64656D5F646563745F7068795F74F9
:1003700078206661696C6564202564202868616E58
:10038000646C65202564290A00796573006E6F002E
:100390005374617274696E672070696E6720636C54
:1003A00069656E74206F6E206368616E6E656C2087
:1003B00025643A0A20206279746520636F756E7433
:1003C000207065722054583A2025642C20736C6F7D
:1003D00074732025642C20696E74657276616C20BC
:1003E000256420736563732C0A20206D63732025B8
:1003F000642C204C425420706572696F642025641F
:100400002C20636F756E742025642C2074696D65D3
:100410006F7574202564206D736563732C204841CB
:1004200052513A2025732C0A202065787065637438
:1004300065642052535349206C6576656C206F6E5D
:100440002052582025642E00282573293A206465FF
:1004500063745F7068795F6170695F736368656416
:10046000756C65725F6C6973745F6974656D5F61EB
:100470006C6C6F635F74785F656C656D656E74201E
:100480006661696C65643A204E6F206D656D6F72B0
:100490007920746F207363686564756C65206120D2
:1004A00070696E6700282573293A20646563745F5C
:1004B0007068795F6170695F7363686564756C65A6
:1004C000725F6C6973745F6974656D5F61646420E9
:1004D0006661696C65640A004E6F7468696E6720B6
:1004E0007265636569766564206F6E2073657276E8
:1004F00065722073696465202D206E6F20726573AC
:10050000756C747320746F2073686F772E000A7097
:10051000696E6720736572766572206F70657261AF
:1005200074696F6E2077697468207478206964201C
:1005300025643A0A002020656C617073656420743C
:10054000696D653A202020202020202020202020B6
:10055000202020252E3266207365636F6E64730A37
:1005600000202074783A2070696E6720726573707D
:1005700020636F756E743A202020202020202025D3
:10058000640A00202072783A2070696E67207265D4
:100590007120636F756E743A202020202020202067
:1005A0002025640A00202072783A20746F74616CF0
:1005B00020616D6F756E74206F6620646174613A9E
:1005C00020202025642062797465730A002020723F
:1005D000783A2050434320435243206572726F7231
:1005E00020636F756E743A2020202025640A002055
:1005F0002072783A2050444320435243206572725F
:100600006F7220636F756E743A2020202025640A73
:1006100000202072783A206F7574206F6620736511
:100620007175656E636520636F756E743A20202561
:10063000640A00202072783A205044552064656393
:100640006F6465206572726F7220636F756E743AA5
:100650002025640A00202072783A206D696E2052AD
:100660005353492025642C206D61782052535349FF
:100670002025640A00202072783A206C617374206F
:100680005458207077722025640A00202072783A2E
:10069000206D696E207077722025642C206D617842
:1006A000207077722025640A00202072783A206D2D
:1006B000696E20534E522025642C206D61782053A2
:1006C0004E522025640A0043616E6E6F742073746D
:1006D0006172742073656E64696E672073657276EB
:1006E000657220726573756C7473005365727665FC
:1006F0007220726573756C7473205458207363682C
:100700006564756C65643A2025642062797465734C
:100710002028256420736C6F74732C204D43532D57
:100720002564292E0025732063616C6C6564207735
:1007300068656E206E6F74206F6E20676F696E67DC
:10074000202D2063616C6C65722025705300434D31
:10075000414B455F534F555243455F4449522F73B8
:1007600072632F646563742F70696E672F646563AD
:10077000745F7068795F70696E672E630070617274
:10078000616D732D3E726F6C65203D3D2044454385
:10079000545F5048595F434F4D4D4F4E5F524F4C41
:1007A000455F534552564552005374617274696EE9
:1007B000672070696E672073657276657220525883
:1007C0003A206368616E6E656C2025642C20657824
:1007D000705F727373695F6C6576656C2025642E3B
:1007E000006E72665F6D6F64656D5F646563745FF4
:1007F0007068795F7278206661696C65643A20720E
:1008000065742025642C2068616E646C6520256405
:100810000A005265636569766564206461746120CD
:10082000697320746F6F206C6F6E6720746F206225
:100830006520726563656976656420627920504938
:100840004E47205448202D206469736361726465AB
:100850006420286C656E2025642C206275662073E8
:10086000697A65202564290A00686172715F757371
:100870006572203D3D20444543545F484152515FDD
:10088000434C49454E5400696E5F736368655F6C05
:100890006973745F6974656D2D3E73636865645F29
:1008A000636F6E6669672E74782E656E636F64651C
:1008B000645F7061796C6F61645F7064755F7369A8
:1008C0007A65203C3D202835363030202F203829CD
:1008D000006E72665F6D6F64656D5F646563745F03
:1008E0007068795F74785F68617271282920666129
:1008F000696C65643A2025640A0068616E646C6501
:10090000203D3D20313330303000282573293A20F6
:10091000464154414C3A2063616E6E6F7420616CA5
:100920006C6F63617465206D656D6F727920666FA1
:10093000722048415251206261736564207265548F
:100940005820207061796C6F61640070696E672057
:10095000636C69656E74206F7065726174696F6E27
:1009600020636F6D706C657465643A002020656C5F
:1009700061707365642074696D653A2020202020C1
:100980002020202020202020202020202020202067
:1009900020202020202020252E3266207365636FC2
:1009A0006E647300202074783A20746F74616C2038
:1009B000616D6F756E74206F662064617461207361
:1009C000656E743A20202020202020202020202521
:1009D0006420627974657300202074783A2070690D
:1009E0006E672072657120636F756E743A202020E7
:1009F00020202020202020202020202020202020F7
:100A0000202020256400202074783A2070696E67C9
:100A1000206661696C65642064756520746F204C84
:100A2000425420636F756E743A20202020202020CD
:100A300020256400202072783A2070696E67207249
:100A400065737020636F756E743A2020202020201B
:100A50002020202020202020202020202020202591
:100A60006400202072783A20746F74616C20616D8C
:100A70006F756E74206F6620646174613A20202067
:100A8000202020202020202020202020202564201D
:100A9000627974657300202072783A206F75742033
:100AA0006F662073657175656E636520636F756E23
:100AB000743A2020202020202020202020202020C8
:100AC00020256400202072783A205043432043526E
:100AD00043206572726F7220636F756E743A2020C6
:100AE0002020202020202020202020202020202501
:100AF0006400202072783A2050444320435243201F
:100B00006572726F7220636F756E743A20202020B8
:100B100020202020202020202020202020256400AC
:100B2000202072783A20504455206465636F6465D4
:100B3000206572726F7220636F756E743A20202088
:100B4000202020202020202020202025640020207C
:100B500072783A206D696E20525353492025642CD7
:100B6000206D617820525353492025640020207263
:100B7000783A206C61737420545820707772202565
:100B80006400202072783A206D696E2070777220A0
:100B900025642C206D6178207077722025640020F8
:100BA0002072783A206D696E20534E522025642CB5
:100BB000206D617820534E52202564004661696C97
:100BC00065642028657272203D25642920746F2099
:100BD0007265717565737420726573756C747320BA
:100BE00066726F6D20746865207365727665722E0B
:100BF000005265717565737465642070696E672055
:100C0000726573756C74732066726F6D207468659D
:100C1000207365727665722E2E2E0050726576698D
:100C20006F75732048415251207374696C6C206F4A
:100C30006E20676F696E6720616E642073746172E5
:100C400074696E67206E657720726F756E64202DF3
:100C5000206E6F20726573706F6E736520746F20E5
:100C60007072657620646174613F005043433A209E
:100C7000444543545F484152515F434C49454E54AB
:100C80003A20616C6C204841525120726574726147
:100C90006E736D697373696F6E7320646F6E652018
:100CA0002D206E6F20737563636573732E00504340
:100CB000433A20444543545F484152515F434C49B5
:100CC000454E543A206E6F2074696D6520746F2014
:100CD000646F20612072657472616E736D69742037
:100CE000706572204E41434B2E00282573293A200F
:100CF000646563745F7068795F6170695F7363686E
:100D00006564756C65725F6C6973745F6974656D39
:100D10005F6372656174655F6E65775F636F70793D
:100D2000206661696C65643A204E6F206D656D6F59
:100D3000727920746F2048415251207265545800D6
:100D4000282573293A20646563745F7068795F6150
:100D500070695F7363686564756C65725F6C6973F5
:100D6000745F6974656D5F616464206661696C6558
:100D7000640070696E67207478206661696C6564D0
:100D80002E0070696E672073656E7420287365711C
:100D90005F6E6272202564292E0070696E67207272
:100DA000657370207478206661696C65642E0070CC
:100DB000696E6720726573702073656E7420287386
:100DC00065715F6E6272202564292E0070696E67FE
:100DD0002074696D656F757420666F72207365711C
:100DE0005F6E62722025640070696E6720726574A0
:100DF00072616E736D697373696F6E206261736582
:100E000064206F6E2048415251206661696C6564B0
:100E10002E0070696E672072657472616E736D6901
:100E20007373696F6E206261736564206F6E204812
:100E300041525120646F6E652E0050494E475F52FB
:100E40004553554C545F5245512073656E742E00C6
:100E500050494E475F524553554C545F52455120BF
:100E600073656E64696E67206661696C65642E00E7
:100E700050494E475F524553554C545F524553506D
:100E80002073656E742E0050494E475F524553558E
:100E90004C545F524553502073656E64696E6720F1
:100EA0006661696C65642E00525820666F7220700E
:100EB000696E6720726573756C747320646F6E65FC
:100EC0002E00525820666F722070696E672072651E
:100ED00073756C7473206661696C65642E0070694B
:100EE0006E6720736572766572205258206661695C
:100EF0006C6564202D2070696E672073657276655D
:100F0000722052582073746F707065642E004261B5
:100F1000636B67726F756E6420525353492073631D
:100F2000616E6E696E6720726573756C74733A00DA
:100F300020206368616E6E656C20202020202020B8
:100F40002020202020202020202020202020256458
:100F50000020207363616E20636F756E7420202003
:100F6000202020202020202020202020202020257C
:100F70006400257320206869676865737420525384
:100F80005349202020202020202020202020202005
:100F9000202020256425730020206C6F77657374F2
:100FA0002052535349202020202020202020202080
:100FB0002020202020202564002020202073617420
:100FC00075726174696F6E732020202020202020AC
:100FD00020202020202020256400202020206E6F4B
:100FE00074206D6561737572656420202020202057
:100FF0002020202020202020256400202020206D7B
:101000006561737572656D656E74206661696C6586
:1010100064202020202020202025640070696E6735
:10102000696E6720646F6E652062792073636865FE
:1010300064756C6572004841525120666565646252
:1010400061636B2073656E742E0025733A206361B3
:101050006E6E6F742054582070696E6720647565D9
:1010600020746F204C42542C206368616E6E656C56
:101070002077617320627573790025733A20706957
:101080006E67206D6F64656D206F70657261746945
:101090006F6E206661696C65643A2025732C206848
:1010A000616E646C652025640025733A206F70655D
:1010B000726174696F6E202868616E646C652025AA
:1010C0006429206661696C6564207769746820739F
:1010D00074617475733A2025730050494E473A2065
:1010E00052582050434320435243206572726F721E
:1010F000202874696D6520256C6C75293A20534E43
:10110000522025642C20525353492D32202564202F
:101110002825642064426D290050494E473A2052E8
:10112000582050444320435243206572726F72200E
:101130002874696D6520256C6C75293A20534E52D0
:101140002025642C20525353492D32202564202819
:1011500025642064426D2900504343207265636515
:1011600069766564202874696D6520256C6C752C22
:101170002068616E646C65202564293A207374616F
:101180007475733A20222573222C20736E722025E9
:10119000642C20525353492D322025642028525369
:1011A0005349202564292C207374665F737461721F
:1011B000745F74696D6520256C6C75002020706803
:1011C00079206865616465723A0020202020736888
:1011D0006F7274206E772069642025642C207472ED
:1011E000616E736D69747465722069642025640092
:1011F0002020202072656365697665722069643AF3
:1012000020256400202020206C656E2025642C2081
:101210004D43532025642C205458207077723A2077
:1012200025642064426D005043433A2048415251A6
:1012300020726573702025732573257320666F7285
:1012400020444543545F484152515F434C49454E09
:10125000542070726F636573732E005043433A20BD
:10126000444543545F484152515F434C49454E54B5
:101270003A204841525120726573702066726F6D3A
:1012800020256420414E442074687573206E6F746D
:101290002066726F6D206F757220706565722025F3
:1012A000642E00556E737570706F72746564207073
:1012B000726F63657373206E62722025642072659D
:1012C00063656976656420696E20484152512066E5
:1012D0006565646261636B005044432072656365B9
:1012E00069766564202874696D6520256C6C752CA1
:1012F0002068616E646C65202564293A20736E72E3
:101300002025642C20525353492D32202564202857
:1013100052535349202564292C206C656E20256486
:1013200000646563745F7068795F70696E675F7091
:1013300064755F6465636F6465206661696C65648C
:101340003A202564004F7574206F66207365712004
:10135000696E2052583A2072785F6F75745F6F66BD
:101360005F7365715F636F756E742025642C2070E8
:1013700064752E7365715F6E62722025642C207017
:10138000696E675F646174612E7365727665725F02
:10139000646174612E72785F6C6173745F736571E0
:1013A0005F6E62722025640070696E675F7265719E
:1013B0005F7064752D3E6865616465722E6D65733E
:1013C000736167655F74797065203D3D20444543D6
:1013D000545F4D41435F4D4553534147455F545919
:1013E00050455F50494E475F524551554553540053
:1013F000282573293A206E72665F6D6F64656D5F94
:10140000646563745F7068795F74785F7278206672
:1014100061696C6564202564202874782068616E99
:10142000646C65202564290A0043616E6E6F742028
:1014300073656E642070696E6720726573706F6E7D
:1014400073653A20657272202564005254543A2024
:101450002564206D736563005254543A206E6F7496
:10146000206B6E6F776E0070696E672072657370A7
:101470006F6E736520666F72207365715F6E627246
:1014800020256420282573290070696E6720726505
:1014900073706F6E736520666F7220756E657870FD
:1014A0006563746564207365715F6E627220256484
:1014B000202865787065637465643A202564290086
:1014C00050494E475F524553554C545F5245512049
:1014D00072656365697665642066726F6D207478E5
:1014E0002069642025640050494E475F524553559A
:1014F0004C545F524551207265636569766564207E
:1015000066726F6D207478206964202564202D2018
:10151000627574206E6F20706572662064617461FC
:101520002072656365697665642066726F6D2074EC
:10153000686572652E0A486F77657665722C20772C
:10154000652068617665207365656E206120504373
:1015500043206C6173746C792066726F6D207468BF
:101560006973207478206964202564202D20736FAE
:101570002073656E64696E6720726573756C747331
:1015800020746F2074686572652E0A506C656173F3
:10159000652C20636865636B204D435320616E6446
:1015A0002F6F7220545820505752206F6E206120A8
:1015B000636C69656E7420736964652E0050494ED2
:1015C000475F524553554C54535F52455120726505
:1015D0006365697665642066726F6D207478206932
:1015E00064202564202D20627574206E6F20706940
:1015F0006E672073657373696F6E207769746820F6
:10160000697420286C617374207365656E2074782A
:101610002069642025642900536572766572207202
:101620006573756C74732072656365697665642E85
:10163000004841525120666565646261636B2072A7
:10164000656365697665642E00747970652025642C
:101650000070696E6720636F6D6D616E6420545811
:1016600020646174612072656365697665643A20FF
:1016700069676E6F726564202D206E6F2070696ED1
:101680006720636F6D6D616E642072756E6E696E3A
:10169000672E0070696E673A2072656365697665CA
:1016A0006420756E6B6E6F776E20646174612028A4
:1016B000747970653A202573292C206C656E20257D
:1016C000642C2068657820646174613A2025730A6F
:1016D00000444543542050494E473A20556E6B6EA6
:1016E0006F776E206576656E742025642072656361
:1016F00065697665640070696E6720636F6D6D6102
:101700006E6420616C72656164792072756E6E69B9
:101710006E67004E6F2070696E6720636F6D6D613C
:101720006E642072756E6E696E67202D206E6F7408
:1017300068696E6720746F2073746F702E00646523
:1017400063745F7068795F70696E675F696E6974F2
:1017500000646563745F7068795F70696E675F6D60
:10176000646D5F6576745F68616E646C6572006459
:101770006563745F7068795F70696E675F736572C7
:101780007665725F70696E675F726573705F74789B
:1017900000646563745F7068795F70696E675F731A
:1017A00065727665725F726573756C74735F747859
:1017B00000646563745F7068795F70696E675F74F9
:1017C00068726561645F666E00646563745F70680B
:1017D000795F70696E675F636D645F646F6E6500EB
:1017E000646563745F7068795F70696E675F636C6E
:1017F00069656E745F74785F7363686564756C6542
:1018000000646563745F7068795F70696E675F74A8
:10181000785F726571756573745F726573756C74EA
:101820007300646563745F7068795F70696E675F89
:10183000686172715F636C69656E745F6E616B5F26
:1018400068616E646C6500646563745F7068795F7D
:1018500070696E675F7468002020547970653A2063
:101860002020202020202020202020202020202078
:1018700025730020205472616E736D6974746572F3
:101880002049443A202020202020202564002020C8
:10189000506F77657220636F6E74726F6C3A0020C0
:1018A000202020457870656374656420525820526A
:1018B000535349206C6576656C202864426D293A43
:1018C000202564002020536571206E62723A20202A
:1018D00020202020202020202020202025640020DF
:1018E000205061796C6F6164206C656E3A20202015
:1018F00020202020202020256400434D414B455FBF
:10190000534F555243455F4449522F7372632F64BE
:101910006563742F70696E672F646563745F7068A8
:10192000795F70696E675F7064752E630070696EB1
:10193000675F7064752D3E6D6573736167652E74A6
:10194000785F646174612E7061796C6F61645F6C43
:10195000656E677468203C3D20282835363030207D
:101960002F203829202D20282873697A656F662852
:10197000646563745F7068795F70696E675F7064D7
:10198000755F6D6573736167655F747970655F74AA
:1019900029202B2073697A656F662875696E743803
:1019A0005F7429202B2073697A656F662875696ECC
:1019B0007431365F742929202B202832202A207385
:1019C000697A656F662875696E7431365F74292986
:1019D00029290020207061796C6F61642064617432
:1019E000613A202573002020726573756C74732032
:1019F000646174613A20257300434D414B455F5348
:101A00004F555243455F4449522F7372632F6465AB
:101A100063742F706572662F646563745F70687994
:101A20005F706572662E63007265665F74696D65CE
:101A30005F7768656E5F7265736572766564202195
:101A40003D20300070726F636573735F6E62722049
:101A50003C20380025732063616C6C6564207768D6
:101A6000656E207065726620636D64206973206EF8
:101A70006F74206F6E676F696E67202D2063616CD5
:101A80006C65722025705300706572662074782032
:101A90006F7065726174696F6E20636F6D706C65D5
:101AA0007465643A002020746F74616C20616D6FFE
:101AB000756E74206F6620646174612073656E7446
:101AC0003A20256420627974657300202070616378
:101AD0006B657420636F756E743A2020202020207F
:101AE00020202020202020202564002020656C61FB
:101AF000707365642074696D653A20202020202071
:101B00002020202020202020252E3266207365638F
:101B10006F6E64730020206461746120726174656B
:101B2000733A202020202020202020202020202048
:101B30002020252E3266206B626974732F736563D3
:101B40006F6E64730020204E6F2048415251206612
:101B50006565646261636B20636F756E743A202003
:101B60002020202020202020202020202020202075
:101B70002564002020484152512041434B2072658A
:101B8000636569766520636F756E743A2020202046
:101B900020202020202020202020202020202564FC
:101BA00000202048415251204E41434B2072656332
:101BB0006569766520636F756E743A202020202059
:101BC00020202020202020202020202025640020EC
:101BD0002048415251207265736574204E41434B39
:101BE000207265636569766520636F756E743A204F
:101BF000202020202020202020202564002020508C
:101C0000434320435243206572726F7220636F75A5
:101C10006E74202848415251206665656462616394
:101C20006B205258293A202025640020205044433C
:101C300020435243206572726F7220636F756E7419
:101C400020284841525120666565646261636B20BB
:101C50005258293A2020256400202052583A205218
:101C60005353493A206D696E2025642C206D6178AC
:101C700020256400202052583A20534E523A206DBD
:101C8000696E2025642C206D617820256400202059
:101C900052583A207077723A206D696E2025642C74
:101CA000206D6178202564004661696C6564202898
:101CB000657272203D25642920746F2072657175EC
:101CC00065737420726573756C74732066726F6DC2
:101CD00020746865207365727665722E2050657277
:101CE0006620636D6420646F6E652E0052657175A9
:101CF000657374656420726573756C7473206672A5
:101D00006F6D20746865207365727665722E2E2E55
:101D10000050455246207769746820484152513A34
:101D2000206E6F2054582077696E646F770070655D
:101D300072665F646174612E636C69656E745F6462
:101D40006174612E74785F686172715F70726F6325
:101D500065737365735B695D2E70726F6365737312
:101D60005F6E6272203D3D206900282573293A206C
:101D700063616E6E6F74207265736572766520485C
:101D80004152512054582070726F6365737300285C
:101D90002573293A206E72665F6D6F64656D5F64AE
:101DA0006563745F7068795F74785F7278206661CC
:101DB000696C6564202564202868616E646C652008
:101DC0002564290A00282573293A206E72665F6D02
:101DD0006F64656D5F646563745F7068795F74726A
:101DE000616E736D6974206661696C656420256439
:101DF000202868616E646C65202564290A0053748C
:101E0000617274696E67207065726620636C6965C3
:101E10006E74206F6E206368616E6E656C20256441
:101E20003A206279746520636F756E7420706572F4
:101E30002054583A2025642C20736C6F747320252D
:101E4000642C2067617020256C6C64206D646D20AB
:101E50007469636B732C206D63732025642C20647C
:101E600075726174696F6E20256420736563732CCD
:101E70002065787065637465642052535349206C03
:101E80006576656C206F6E2052582025642E0053B5
:101E900074617274696E6720736572766572205220
:101EA000583A206368616E6E656C2025642C20654D
:101EB00078705F727373695F6C6576656C202564FA
:101EC0002C206475726174696F6E202564207365BF
:101ED00063732E005265636569766564206461747E
:101EE0006120697320746F6F206C6F6E6720746F50
:101EF0002062652072656365697665642062792079
:101F000050455246205448202D2064697363617205
:101F100064656420286C656E2025642C20627566DB
:101F20002073697A65202564290A00686561646503
:101F3000722D3E7061636B65745F6C656E6774686B
:101F40005F74797065203D3D20444543545F50489F
:101F5000595F4845414445525F504B545F4C454E94
:101F60004754485F545950455F534C4F5453004DAC
:101F70006F64656D2048415251206D617820707208
:101F80006F6365737320636F756E742028256429F1
:101F900020646F6573206E6F74206D6174636820B8
:101FA000657870656374656420636F756E743A203C
:101FB0002564212121210A00536572766572205221
:101FC0005820636F6D706C657465642E0053657284
:101FD00076657220525820636F6D706C657465640D
:101FE00020627574206475726174696F6E206C650F
:101FF00066743A2072657374617274696E67202822
:1020000025642073656373292E00706572662073E2
:102010006572766572205258206661696C6564202D
:102020002D20706572662073657276657220525835
:102030002073746F707065642E00536572766572DC
:102040002052582077696C6C20626520636F6E7433
:10205000696E756564202825642073656373292083
:10206000616674657220726573756C7420545820B3
:10207000697320646F6E652E00525820666F72205F
:102080007065726620726573756C747320646F6E10
:10209000652E00525820666F72207065726620723D
:1020A0006573756C7473206661696C65642E00706D
:1020B00065726620636F6D6D616E6420616C726520
:1020C0006164792072756E6E696E67005065726624
:1020D00020636F6D6D616E64206E6F742072756E1B
:1020E0006E696E672E00484152512054582077691E
:1020F0006E646F77207761732066756C6C202D207D
:1021000074696D656F757474696E672E0025733A16
:102110002070657266206D6F64656D206F706572EA
:102120006174696F6E206661696C65643A2025731D
:102130002C2068616E646C652025640025733A204C
:1021400063616E6E6F74205458204841525120666E
:102150006565646261636B3A2025730025733A20DC
:1021600063616E6E6F7420525820666F7220484112
:10217000525120666565646261636B3A2025730085
:102180004E6F2070657266206461746120726563B1
:102190006569766564206F6E20736572766572205E
:1021A000736964652E00706572662073657276656A
:1021B00072207278206F7065726174696F6E20662C
:1021C000726F6D2074782069642025643A0A0020BB
:1021D00020746F74616C20616D6F756E74206F6612
:1021E00020646174613A202020256420627974653E
:1021F000730A0020207061636B657420636F756ED5
:10220000743A202020202020202020202025640A2D
:10221000002020656C61707365642074696D653A97
:102220002020202020202020202020252E32662043
:10223000736563730A0020206461746120726174A5
:1022400065733A20202020202020202020202020DC
:10225000252E3266206B626974732F736563730A6F
:102260000020207278207265737461727465642036
:10227000636F756E743A202020202025640A0020A8
:10228000204841525120666565646261636B207429
:10229000782062797465733A2025640A0020205002
:1022A000434320435243206572726F72733A202574
:1022B000640A002020504443204352432065727238
:1022C0006F72733A2025640A0020206F7574206FA6
:1022D0006620736571733A2020202025640A00204F
:1022E000205043432052583A204D43533A20202057
:1022F0002025640A0020205043432052583A20529F
:102300005353493A206D696E3A202025642C206D84
:1023100061783A20256464426D0A002020504343CE
:102320002052583A205458207077723A206D696EC6
:102330002025642C206D61782025642064426D0A7C
:102340000020205043432052583A20534E523A2006
:102350006D696E3A2020202025642C206D61783A2A
:102360002025640A007365727665723A2073656E83
:1023700064696E6720726573756C74207265737022
:102380006F6E7365206F6620746F74616C206C656E
:102390006E6774683A2025643A0A222573220A007F
:1023A000504552463A20525820504343204352430E
:1023B000206572726F72202874696D6520256C6CBF
:1023C00075293A20534E522025642C2052535349EC
:1023D0002D32202564202825642064426D29005078
:1023E0004552463A205258205044432043524320FD
:1023F0006572726F72202874696D6520256C6C752A
:10240000293A20534E522025642C20525353492DF3
:1024100032202564202825642064426D29005065FF
:1024200072696F6469632064656275673A2050431E
:1024300043207265636569766564202874696D65FB
:1024400020256C6C752C2068616E646C6520256499
:10245000293A207374617475733A20222573222CF3
:1024600020736E722025642C20525353492025641A
:102470002C207478207077722025642064626D00AF
:10248000646563745F7068795F706572665F7064BD
:10249000755F6465636F6465206661696C65643A45
:1024A000202564004F7574206F6620736571206964
:1024B0006E2052583A2072785F6F75745F6F665F56
:1024C0007365715F636F756E742025642C20706472
:1024D000752E7365715F6E62722025642C207065A5
:1024E00072665F646174612E72785F6C6173745F91
:1024F0007365715F6E627220256400504552465FBD
:10250000524553554C54535F524551207265636593
:10251000697665642066726F6D2074782069642026
:102520002564202D20627574206E6F2070657266A0
:1025300020646174612072656365697665642066F4
:10254000726F6D2074686572652E0A486F776576C4
:1025500065722C2077652068617665207365656EED
:10256000206120504343206C6173746C7920667243
:102570006F6D207468697320747820696420256405
:10258000202D20736F2073656E64696E67207265FD
:1025900073756C747320746F2074686572652E0A8D
:1025A000506C656173652C20636865636B204D43D7
:1025B0005320616E642F6F72205458205057522060
:1025C0006F6E206120636C69656E74207369646549
:1025D0002E00504552465F524553554C54535F525E
:1025E00045512072656365697665642066726F6D1A
:1025F000207478206964202564202D206275742061
:102600006E6F20706572662073657373696F6E20DC
:102610007769746820697420286C6173742073650D
:10262000656E207478206964202564292E20436813
:1026300065636B204D435320616E642F6F7220548D
:102640005820505752206F6E206120636C69656E70
:102650007420736964652E0053657276657220720A
:102660006573756C74732072656365697665643A29
:10267000005065726620636F6D6D616E6420545802
:1026800020646174612072656365697665643A20CF
:1026900069676E6F726564202D206E6F20706572A1
:1026A0006620636F6D6D616E642072756E6E696E0B
:1026B000672E00506572663A2072656365697665BB
:1026C0006420756E6B6E6F776E2064617461202874
:1026D000747970653A202573292C206C656E20254D
:1026E000642C2068657820646174613A2025730A3F
:1026F000004445435420504552463A20556E6B6E77
:102700006F776E206576656E742025642072656330
:10271000656976656400646563745F7068795F708D
:102720006572665F6D646D5F6576745F68616E6427
:102730006C657200646563745F7068795F70657260
:10274000665F7365727665725F726573756C7473BC
:102750005F747800646563745F7068795F70657238
:10276000665F7468726561645F666E006465637459
:102770005F7068795F706572665F636D645F646FD8
:102780006E6500646563745F7068795F706572661A
:102790005F636C69656E745F74785F6E6F5F6861AC
:1027A000727100646563745F7068795F70657266EA
:1027B0005F636C69656E745F74785F776974685F76
:1027C0006861727100646563745F7068795F7065D9
:1027D00072665F74785F726571756573745F726538
:1027E00073756C747300646563745F7068795F708F
:1027F0006572665F746800434D414B455F534F55AA
:102800005243455F4449522F7372632F646563746A
:102810002F72665F746F6F6C2F646563745F70688E
:10282000795F72665F746F6F6C2E630070617261A6
:102830006D732D3E706565725F6D6F6465203D3D03
:1028400020444543545F5048595F52465F544F4FB0
:102850004C5F4D4F44455F4E4F4E45004661696C9D
:10286000656420746F20616C6C6F63617465206CAB
:10287000697374206974656D20666F7220545820E6
:102880006F7065726174696F6E004661696C656432
:1028900020746F20616C6C6F63617465206C697368
:1028A00074206974656D20666F72205258206F70B5
:1028B00065726174696F6E00282573293A2064651A
:1028C00063745F7068795F6170695F736368656482
:1028D000756C65725F6C6973745F6974656D5F6157
:1028E000646420666F72205258206661696C65646A
:1028F000004661696C656420746F20736368656469
:10290000756C65205458206F7065726174696F6EC4
:10291000206F6E2022747822206F6E6C79206D6F8C
:1029200064653A20657272202564004661696C65B1
:102930006420746F207363686564756C65205258F9
:10294000206F7065726174696F6E206F6E202272E5
:102950007822206F6E6C79206D6F64653A20657205
:1029600072202564004661696C656420746F207371
:1029700063686564756C65205258206F706572617C
:1029800074696F6E206F6E202272785F74782220D7
:102990006D6F64653A206572722025640046616936
:1029A0006C656420746F207363686564756C652062
:1029B0005458206F7065726174696F6E206F6E205D
:1029C0002272785F747822206D6F64653A20657298
:1029D0007220256400636D645F706172616D732D98
:1029E0003E6D6F6465203D3D20444543545F504833
:1029F000595F52465F544F4F4C5F4D4F44455F52B5
:102A0000585F434F4E54494E554F555300466169E8
:102A10006C656420746F207363686564756C6520F1
:102A20005258206F7065726174696F6E206F6E20EE
:102A30002272785F636F6E7422206D6F64653A2036
:102A40006572722025640025733A20556E73757087
:102A5000706F7274656420736C6F742F6D63732074
:102A6000636F6D62696E6174696F6E0025733A20E1
:102A7000546F6F206C6F6E672054582064617461CE
:102A80003A20256420627974657300282573293AF9
:102A9000206E72665F6D6F64656D5F646563745F01
:102AA0007068795F7278206661696C65643A20723B
:102AB00065742025642C2068616E646C65006C610F
:102AC00073745F727820213D2030002868616E6445
:102AD0006C65203E3D20313730303020262620687E
:102AE000616E646C65203C3D2031373939392920CD
:102AF0007C7C202868616E646C65203E3D20313608
:102B00003030322026262068616E646C65203C3DA2
:102B10002031363939392900524620746F6F6C20C4
:102B2000726573756C7473206174207472616E7356
:102B30006D69747465722069642025643A002020F0
:102B40002D2052582F5458204475747920437963AE
:102B50006C652070657263656E746167653A2020EC
:102B60002020202020202020202020202020204E37
:102B70002F410020202D2052582F54582044757486
:102B800079204379636C652070657263656E74614A
:102B900067653A202020202020202020202020208F
:102BA00020202020252E30326625250020202D20B3
:102BB00054583A207061636B657420636F756E744E
:102BC0003A202020202020202020202020202020EB
:102BD00020202020202020202020202020256400CC
:102BE00020202D2054583A206461746120616D6F5B
:102BF000756E743A202020202020202020202020C4
:102C000020202020202020202020202020202020C4
:102C10002025640020202D2054583A2073756363CA
:102C200065737366756C6C7920636F6D706C657419
:102C30006564206D6F64656D206F70657261746985
:102C40006F6E733A2025640020202D2054583A20BE
:102C50006661696C6564206F7065726174696F6E1E
:102C600020636F756E742073656E7420746F206DB1
:102C70006F64656D3A2020202025640020202D20DF
:102C800054583A206F7065726174696F6E20636F7B
:102C9000756E74206661696C656420696E206D6F65
:102CA00064656D3A2020202020202020202564000B
:102CB00020202D2052583A207061636B6574206388
:102CC0006F756E743A2020202020202020202020A4
:102CD00020202020202020202020202020202020F4
:102CE0002025640020202D2052583A206461746110
:102CF00020616D6F756E743A2020202020202020E6
:102D000020202020202020202020202020202020C3
:102D1000202020202025640020202D2052583A20F9
:102D20006672616D6520636F756E7420757365647E
:102D300020666F722073796E63683A20202020200D
:102D400020202020202020202025640020202D204D
:102D500052583A207375636365737366756C6C794A
:102D600020636F6D706C65746564206D6F64656D54
:102D7000206F7065726174696F6E733A202564000C
:102D800020202D2052583A206661696C6564206FBE
:102D90007065726174696F6E20636F756E742073F5
:102DA000656E7420746F206D6F64656D3A2020200D
:102DB0002025640020202D2052583A206F70657223
:102DC0006174696F6E20636F756E74206661696CE3
:102DD000656420696E206D6F64656D3A2020202047
:102DE000202020202025640020202D2052583A2029
:102DF0007061636B657473206D697373696E673A94
:102E000020202020202020202020202020202020C2
:102E100020202020202020202025640020202D207C
:102E200052583A205061636B6574204572726F721C
:102E300020526174653A202020202020202020206C
:102E400020202020202020202020202020252E305F
:102E50003266252520283D25642F25642A3130300F
:102E6000290020202D2052583A20504343206865E5
:102E700061646572206E6F742076616C6964206392
:102E80006F756E743A2020202020202020202020E2
:102E900020202025640020202D2052583A20504325
:102EA0004320435243206572726F72733A20202090
:102EB0002020202020202020202020202020202012
:102EC0002020202020202025640020202D20525862
:102ED0003A2050444320435243206572726F72730C
:102EE0003A202020202020202020202020202020C8
:102EF00020202020202020202020202564002020A9
:102F00002D2052583A20525353492068696768204F
:102F10006C6576656C3A202020202020202020201F
:102F2000202020202020202020202020202020259C
:102F3000640020202D2052583A2052535349206CCF
:102F40006F77206C6576656C3A2020202020202049
:102F50002020202020202020202020202020202071
:102F600020202025640020202D2052583A20747201
:102F7000616E736D697420706F7765722068696720
:102F8000683A2020202020202020202020202020DF
:102F90002020202020202025642064626D00202035
:102FA0002D2052583A207472616E736D69742070CE
:102FB0006F776572206C6F773A20202020202020C8
:102FC00020202020202020202020202020202025FC
:102FD000642064626D0020202D20525820534E52F0
:102FE00020686967683A20202020202020202020A7
:102FF00020202020202020202020202020202020D1
:103000002020202020202025640020202D20525820
:1030100020534E52206C6F773A2020202020202011
:1030200020202020202020202020202020202020A0
:103030002020202020202020202020256400202067
:103040002D205258206C6174657374204D43533A9F
:103050002020202020202020202020202020202070
:10306000202020202020202020202020202020255B
:1030700064004E6F2052582073796E6368202D20B3
:1030800065786974696E672E00556E657870656342
:1030900074656420525820504343202D206E6F20C9
:1030A000524620746F6F6C2072756E6E696E670089
:1030B00072665F746F6F6C5F646174612E636D64C0
:1030C0005F706172616D732E6D6F6465203D3D2090
:1030D000444543545F5048595F52465F544F4F4CEC
:1030E0005F4D4F44455F52585F434F4E54494E55D4
:1030F0004F555300524620746F6F6C20636F6D6D97
:10310000616E642054582064617461207265636547
:10311000697665643A2069676E6F726564202D2058
:103120006E6F20636F6D6D616E642072756E6E6977
:103130006E672E0052582050444320646174612011
:10314000776974682030206C656E677468207265DA
:10315000636569766564202D2069676E6F726564AA
:103160002E00416C6C2072657065746974696F6EB5
:103170007320646F6E6520666F722068616E646C88
:1031800065202564004445435420524620544F4F47
:103190004C3A20556E6B6E6F776E206576656E7457
:1031A0002025642072656365697665640066616CDC
:1031B00073650072665F746F6F6C20636F6D6D6115
:1031C0006E6420616C72656164792072756E6E69DF
:1031D0006E670044454354205048592052462054BD
:1031E0006F6F6C20737461727465643A0020204DB7
:1031F0006F64653A202020202020202020202020DD
:103200002020202020202020202020202573002086
:10321000204368616E6E656C3A20202020202020BB
:103220002020202020202020202020202020256455
:10323000002020436F6E74696E756F7573206D6F1B
:1032400064653A20202020202020202020202020DB
:10325000257300202046696E642052582053796EF1
:10326000633A202020202020202020202020202001
:1032700020202573002020457870656374656420E4
:1032800052582052535349204C6576656C3A2020A1
:1032900020202020256400202050656572206D6F5D
:1032A00064653A202020202020202020202020207B
:1032B00020202020202025730020204672616D658B
:1032C0002052657065617420436F756E743A2020DA
:1032D000202020202020202025640020204672610C
:1032E0006D65206C656E6774682028696E20737543
:1032F00062736C6F7473293A2020256C6C75002002
:10330000204672616D65206C656E6774682028695F
:103310006E206D646D207469636B73293A20256C8F
:103320006C750020205458205374617274205469C5
:103330006D6520537562736C6F74733A2020202082
:1033400020202564002020545820537562736C6F30
:103350007420436F756E743A202020202020202096
:10336000202020202564002020545820506F7374A2
:103370002049646C6520537562736C6F7420436FD1
:10338000756E743A202025640020204465737469AA
:103390006E6174696F6E205472616E736D697474BE
:1033A00065722049443A202025640020205258208C
:1033B00053746172742054696D6520537562736C27
:1033C0006F74733A20202020202025640020205292
:1033D0005820537562736C6F7420436F756E743A26
:1033E00020202020202020202020202025640020B4
:1033F00020525820506F73742049646C65205375B7
:1034000062736C6F7420436F756E743A202025646C
:10341000002020545820506F776572202864426D38
:10342000293A202020202020202020202020202079
:10343000256400202054582064617461206C656EFE
:103440006774682028696E206279746573293A2050
:1034500020202564004E6F2072665F746F6F6C20B1
:10346000636F6D6D616E642072756E6E696E67203C
:103470002D206E6F7468696E6720746F2073746F8F
:10348000702E0052585F434F4E540052585F5458AC
:1034900000646563745F7068795F72665F746F6FF4
:1034A0006C5F746800646563745F7068795F7266EE
:1034B0005F746F6F6C5F6576745F68616E646C6576
:1034C0007200646563745F7068795F72665F746FC1
:1034D0006F6C5F737461727400646563745F7068AD
:1034E000795F72665F746F6F6C5F72785F6F705F29
:1034F0007363686564756C6500646563745F7068A8
:10350000795F72665F746F6F6C5F74785F6F705F06
:103510007363686564756C65004654206173736FEE
:1035200063696174696F6E207461626C6520636C9D
:1035300065617265640A004649584544206D6F64B0
:10354000653A20696E76616C6964207363686564AE
:10355000756C696E672073657474696E6773202873
:103560006572723D2564292E20557365206064655F
:1035700063742073657474202D726020616E642002
:103580006669782E0A00703A6D3A743A680053659D
:103590006E64696E67206173736F63696174696FCC
:1035A0006E2072656C6561736520746F20465420CF
:1035B000257527732072616E646F6D20616363658A
:1035C0007373207265736F757263650043616E6E0D
:1035D0006F742073656E64206173736F63696174C7
:1035E000696F6E2072656C6561736520746F20462B
:1035F0005420257527732072616E646F6D2061639E
:1036000063657373207265736F757263652C2065D3
:103610007272202564004173736F63696174696F0E
:103620006E2052656C656173652054582073746117
:10363000727465642E00646563742D7068792D6DF5
:103640006163207374617475733A00464958454448
:10365000206D6F64653A20636F6D6D616E642072DA
:103660006571756972657320726F6C653D25730AAB
:10367000004649584544206D6F64653A20524143E5
:103680004820545820697320696E74656E646564BF
:1036900020666F7220626F6F7473747261702F6135
:1036A00073736F63696174696F6E206F6E6C790AF2
:1036B00000726163685F74782073746F7070656402
:1036C0002E005241434820545820646174612028E0
:1036D00025732920746F6F206C6F6E672E00643A1B
:1036E000703A6D3A743A693A6A68005468652067BE
:1036F0006976656E206461746120697320746F6FF0
:10370000206C6F6E6720746F20626520656E636F3A
:1037100064656420696E746F204A534F4E20776948
:103720007468206D6F64656D2074656D706572617D
:10373000747572652E0053656E64696E67206461EE
:10374000746120257320746F2046542025752773DB
:103750002072616E646F6D206163636573732072A4
:1037600065736F757263650043616E6E6F7420736D
:10377000656E64206461746120257320746F204637
:103780005420257527732072616E646F6D2061630C
:1037900063657373207265736F757263652C206542
:1037A000727220256400436C69656E742054582041
:1037B000746F205241434820737461727465642EA3
:1037C0000053657474696E6773206E6F7420617640
:1037D00061696C61626C650A00496E76616C69644E
:1037E000202D2D6C6F6E675F72645F69640A0055EF
:1037F0006E6B6E6F776E206F7074696F6E20282508
:1038000073292E205365652075736167653A0A0038
:10381000417267756D656E747320776974686F7532
:103820007420272D27206E6F7420737570706F724F
:103830007465643A2025730A004173736F6369618C
:1038400074696E6720696E204649584544206D6F43
:1038500064652E0053656E64696E67206173736FD3
:1038600063696174696F6E5F72657120746F204661
:1038700054202575207573696E6720464958454464
:10388000206173736F63696174696F6E2070726F0A
:103890006365647572650043616E6E6F7420736555
:1038A0006E64204649584544206173736F636961B3
:1038B00074696F6E207265717565737420746F2002
:1038C00046542025752C20657272202564004649D7
:1038D000584544206173736F63696174696F6E202A
:1038E00072657175657374205458207374617274B5
:1038F00065642E004173736F63696174696E67203C
:10390000696E2052414E444F4D206D6F64652028F2
:103910006C6567616379292E2049662046542072C0
:103920006571756972657320464958454420736313
:10393000686564756C65722C206173736F6369616F
:1039400074696F6E2077696C6C2062652072656A9D
:1039500065637465642E0053656E64696E672061EB
:1039600073736F63696174696F6E5F7265712074E0
:103970006F20465420257527732072616E646F6D29
:1039800020616363657373207265736F757263651D
:103990000043616E6E6F742073656E642061737393
:1039A0006F63696174696F6E207265717565737498
:1039B00020746F20465420257520612072616E644A
:1039C0006F6D20616363657373207265736F7572C9
:1039D00063652C20657272202564004173736F63E8
:1039E000696174696F6E20726571756573742054B6
:1039F0005820737461727465642E00633A743A657A
:103A00003A693A4466680043616E6E6F742073745D
:103A100061727420626561636F6E207363616E2CE6
:103A20002065727220256400426561636F6E2073A9
:103A300063616E20737461727465642E0042656107
:103A4000636F6E2073746172742064656E6965645F
:103A50003A206E6F646520726F6C65206973206E0A
:103A60006F742046540A00703A633A680043616EEE
:103A70006E6F7420737461727420626561636F6E1F
:103A80002C2065727220256400426561636F6E2090
:103A90007374617274696E670053746F7070696ECD
:103AA0006720626561636F6E2E006D616300436F16
:103AB0006D6D616E647320666F72207573696E67D9
:103AC0002073616D706C65204D414320636F6D6D97
:103AD000616E6473206F6E20746F70206F66206C4F
:103AE00069626D6F64656D20504859204150492EC0
:103AF000005573616765206F7074696F6E733A204B
:103B000064656374206D6163207374617475730000
:103B1000626561636F6E5F73746172740055736187
:103B20006765206F7074696F6E733A2064656374A3
:103B3000206D616320626561636F6E5F7374617293
:103B400074202D680055736167653A20646563745D
:103B5000206D616320626561636F6E5F73746F7067
:103B600000626561636F6E5F7363616E00557361C0
:103B70006765206F7074696F6E733A206465637453
:103B8000206D616320626561636F6E5F7363616E58
:103B9000202D68006173736F6369617465005573EC
:103BA0006167653A2064656374206D6163206173A9
:103BB000736F6369617465202D6800646973736F46
:103BC00063696174650055736167653A2064656374
:103BD00074206D616320646973736F6369617465D8
:103BE000202D6800726163685F74780055736167A7
:103BF00065206F7074696F6E733A2064656374201A
:103C00006D616320726163685F7478202D68005570
:103C1000736167653A2064656374206D6163206633
:103C2000745F6173736F635F737461747573005550
:103C3000736167653A2064656374206D6163206613
:103C4000745F6173736F635F636C656172006C6F47
:103C50006E675F72645F6964006765745F6D646D51
:103C60005F74656D7000636C6561725F6E62725F38
:103C700063616368650055736167653A20646563D5
:103C800074206D616320726163685F7478205B7378
:103C9000746F705D207C202D64203C646174613EF3
:103CA000205B3C6F7074696F6E733E5D0A4F707479
:103CB000696F6E733A0A20202D642C202D2D6461CB
:103CC0007461203C646174615F7374723E2C2020C7
:103CD0004461746120746F2062652073656E742E78
:103CE0000A20202D702C202D2D74785F7077722083
:103CF0003C696E74656765723E2C20545820706F65
:103D0000776572202864426D292E204465666175AE
:103D10006C743A20302064426D2E0A20202D6D2CC8
:103D2000202D2D74785F6D6373203C696E74656718
:103D300065723E2C205458204D43532028696E74E0
:103D400065676572292E2044656661756C743A203A
:103D5000302E0A20202D742C202D2D6C6F6E675F65
:103D600072645F6964203C69643E2C202054617257
:103D7000676574206C6F6E672072642069642E2002
:103D800044656661756C743A2033382E0A20202D04
:103D9000692C202D2D696E74657276616C203C69EA
:103DA0006E74657276616C5F736563733E2C20443C
:103DB0006174612073656E64696E6720696E7465F5
:103DC0007276616C20696E207365636F6E64732E0A
:103DD0000A202020202020202020202020202020F9
:103DE00020202020202020202020202020202020D3
:103DF00020202044656661756C743A20302C206464
:103E00006174612073656E74206F6E6C79206F6EC3
:103E100063652E0A20202D6A2C202D2D6765745F86
:103E20006D646D5F74656D702C2020202020202033
:103E3000202020202020496E636C756465206D6F02
:103E400064656D2074656D7065726174757265204E
:103E5000696E20746865207061796C6F61642E20D2
:103E6000546865207061796C6F61640A202020209D
:103E70002020202020202020202020202020202042
:103E80002020202020202020202020202020697396
:103E900020656E636F64656420696E204A534F4EDF
:103EA0002E0A4E6F74653A204C425420284C697398
:103EB00074656E204265666F72652054616C6B2973
:103EC00020697320656E61626C6564206173206196
:103ED0002064656661756C7420666F722061206D68
:103EE000696E20706572696F642C0A202020202082
:103EF0002062757420746865204C4254206D61788E
:103F00002052535349207468726573686F6C642043
:103F100063616E20626520636F6E666967757265A6
:103F20006420696E2073657474696E67730A20205B
:103F30002020202028646563742073657474202D0C
:103F40002D727373695F7363616E5F627573795FFE
:103F50007468203C64626D3E292E0A0055736167C7
:103F6000653A2064656374206D61632064697373CE
:103F70006F6369617465205B3C6F7074696F6E7309
:103F80003E5D0A53656E6473204173736F636961AC
:103F900074696F6E2052656C65617365206D657321
:103FA000736167652E0A4F7074696F6E733A0A20E9
:103FB000202D742C202D2D6C6F6E675F72645F69ED
:103FC00064203C69643E2C20205461726765742033
:103FD0006C6F6E672072642069642E204465666190
:103FE000756C743A2033382E0A20202D702C202D29
:103FF0002D74785F707772203C696E7465676572A6
:104000003E2C20545820706F776572202864426DD2
:10401000292E2044656661756C7420302064426DE1
:104020002E0A20202D6D2C202D2D74785F6D63734A
:10403000203C696E74656765723E2C205458204D93
:1040400043532028696E7465676572292E20446584
:104050006661756C743A20302E0A4E6F74653A2092
:104060004C425420284C697374656E204265666F1B
:1040700072652054616C6B2920697320656E6162E2
:104080006C656420617320612064656661756C7481
:1040900020666F722061206D696E20706572696F95
:1040A000642C0A202020202020627574207468650A
:1040B000204C4254206D617820525353492074683B
:1040C000726573686F6C642063616E206265206343
:1040D0006F6E6669677572656420696E20736574BA
:1040E00074696E67730A202020202020286465638D
:1040F000742073657474202D2D727373695F7363FC
:10410000616E5F627573795F7468203C64626D3EB6
:10411000292E0A0055736167653A2064656374202F
:104120006D6163206173736F6369617465205B3CCB
:104130006F7074696F6E733E5D0A53656E647320B1
:104140004173736F63696174696F6E205265717535
:104150006573742E0A4F7074696F6E733A0A20206B
:104160002D742C202D2D6C6F6E675F72645F6964F7
:10417000203C69643E2C2020546172676574206C79
:104180006F6E672072642069642E204465666175D5
:104190006C743A2033382E0A20202D702C202D2DBF
:1041A00074785F707772203C696E74656765723EE3
:1041B0002C20545820706F776572202864426D2936
:1041C0002E2044656661756C743A20302064426D1F
:1041D0002E0A20202D6D2C202D2D74785F6D637399
:1041E000203C696E74656765723E2C205458204DE2
:1041F00043532028696E7465676572292E204465D3
:104200006661756C743A20302E0A4E6F74653A20E0
:104210004C425420284C697374656E204265666F69
:1042200072652054616C6B2920697320656E616230
:104230006C656420617320612064656661756C74CF
:1042400020666F722061206D696E20706572696FE3
:10425000642C0A2020202020206275742074686558
:10426000204C4254206D6178205253534920746889
:10427000726573686F6C642063616E206265206391
:104280006F6E6669677572656420696E2073657408
:1042900074696E67730A20202020202028646563DB
:1042A000742073657474202D2D727373695F73634A
:1042B000616E5F627573795F7468203C64626D3E05
:1042C000292E0A00537461727473206120636C7527
:1042D0007374657220626561636F6E2077697468BC
:1042E0002074686520636F6E666967757265642007
:1042F00073657474696E677320616E642067697694
:10430000656E20706172616D65746572732E0A0A44
:1043100055736167653A2064656374206D6163203D
:10432000626561636F6E5F7374617274205B3C6F72
:104330007074696F6E733E5D0A4F7074696F6E734F
:104340003A0A20202D63203C696E74656765723ED1
:104350002C20202020202020202020202020202051
:1043600055736564206368616E6E656C20666F725C
:10437000206120626561636F6E2E0A20202020205C
:10438000202020202020202020202020202020202D
:1043900020202020202020202052616E6765733A63
:1043A0002062616E642023313A20313635372D3159
:1043B00036373720286F6E6C79206F6464206E75F5
:1043C0006D62657273292C0A202020202020202075
:1043D00020202020202020202020202020202020DD
:1043E00020202020202062616E642023322031367C
:1043F00038302D313730302C2062616E6420233408
:10440000203532352D3535312C2062616E64202304
:104410003920313730332D313731312C0A202020EB
:10442000202020202020202020202020202020208C
:10443000202020202020202020202062616E642067
:1044400023323220313639312D313731312E0A20A5
:10445000202020202020202020202020202020205C
:10446000202020202020202020202020204465669D
:1044700061756C743A20302C20692E652E20617590
:10448000746F6D617469632073656C656374696FC3
:104490006E206F660A20202020202020202020204F
:1044A000202020202020202020202020202020200C
:1044B000202020667265652F706F737369626C656A
:1044C000206368616E6E656C206F6E20612073657D
:1044D000742062616E642E0A20202D702C202D2DF8
:1044E00074785F707772203C64626D3E2C202020CF
:1044F00020202020202053657420626561636F6E48
:104500002062726F61646361737420706F7765728B
:10451000202864426D292C2064656661756C743AAC
:10452000202D31362E0A202020202020202020205F
:10453000202020202020202020202020202020207B
:10454000202020205B2D34302C2D33302C2D323088
:104550002C2D31362C2D31322C2D382C2D342C3065
:104560002C342C372C31302C31332C31362C313942
:104570002C32312C32335D0A0055736167653A2065
:1045800064656374206D616320626561636F6E5F53
:104590007363616E205B2D63203C6368616E6E65A2
:1045A0006C3E5D205B3C6F746865725F6F70746910
:1045B0006F6E733E5D0A4F7074696F6E733A0A20B6
:1045C000202D63203C696E74656765723E2C202047
:1045D00020202020202020202020202020202020DB
:1045E0002020202020204368616E6E656C206E6262
:1045F0007220746F206265207363616E6E65642043
:10460000666F72206120626561636F6E2E0A2020E2
:10461000202020202020202020202020202020209A
:10462000202020202020202020202020202020208A
:10463000202020202052616E6765733A2062616EEF
:10464000642023313A20313635372D313637372C37
:104650002062616E6420233220313638302D3137AC
:1046600030302C0A20202020202020202020202034
:10467000202020202020202020202020202020203A
:10468000202020202020202020202062616E642015
:104690002334203532352D3535312C2062616E645E
:1046A00020233920313730332D313731312C0A2056
:1046B00020202020202020202020202020202020FA
:1046C00020202020202020202020202020202020EA
:1046D00020202020202062616E642023323220318D
:1046E0003639312D313731312E205A65726F2076AF
:1046F000616C75653A20616C6C20696E2061207375
:1047000065742062616E642E0A2020202020202003
:104710002020202020202020202020202020202099
:104720002020202020202020202020202020202089
:1047300044656661756C743A20313636352E0A2030
:10474000202D742C202D2D7363616E5F74696D654F
:10475000203C696E74656765723E2C202020202005
:104760002020202020205363616E6E696E672064D4
:1047700075726174696F6E20696E207365636F6E08
:104780006473202864656661756C743A2034207304
:1047900065636F6E6473292E0A20202D652C202DF1
:1047A0002D72785F6578705F727373695F6C657680
:1047B000656C203C696E74656765723E2C20202014
:1047C0005365742065787065637465642052535333
:1047D00049206C6576656C206F6E20612073636183
:1047E0006E205258202864426D292E0A2020202055
:1047F00020202020202020202020202020202020B9
:1048000020202020202020202020202020202020A8
:1048100020202044656661756C743A203020284160
:104820004743292E0A20202D442C202D2D636C6512
:1048300061725F6E62725F63616368652C20202025
:10484000202020202020202020202020436C656173
:1048500072206E65696768626F722073746F72612F
:1048600067652E0A20202D662C202D2D666F726321
:10487000652C2020202020202020202020202020E7
:104880002020202020202020202020557365207308
:1048900070656369616C20666F72636520746F2058
:1048A0006F766572726964652063757272656E7485
:1048B000206974656D730A2020202020202020208C
:1048C00020202020202020202020202020202020E8
:1048D0002020202020202020202020202020696E41
:1048E0002061207363686564756C657220736F2046
:1048F0007468617420626561636F6E207363616EBA
:10490000732068617665207072696F726974792EA0
:104910000A202020202020202020202020202020AD
:104920002020202020202020202020202020202087
:1049300020202020202020204E6F74653A207768A8
:10494000656E20757365642C206F746865722072C3
:10495000756E6E696E67206974656D73206172652E
:104960000A2020202020202020202020202020205D
:104970002020202020202020202020202020202037
:1049800020202020202020206E6F74207363686513
:1049900064756C656420746F206D6F64656D2E0A9C
:1049A000466F6C6C6F77696E67206F7074696F6E9D
:1049B00073206F6E6C7920696D7061637473206F02
:1049C0006E2052535349206D6561737572656D6534
:1049D0006E747320647572696E672052583A0A20AB
:1049E000202D69203C696E74657276616C5F736519
:1049F00063733E2C20202020202020205253534936
:104A0000206D6561737572656D656E742072657079
:104A10006F7274696E6720696E74657276616C205E
:104A2000696E207365636F6E64732E0A20202020E8
:104A30002020202020202020202020202020202076
:104A400020202020202020202044656661756C7481
:104A50003A2031207365636F6E64732C2075736523
:104A6000207A65726F20746F2064697361626C656F
:104A70002E0A20202D2D667265655F7468203C64C7
:104A8000626D5F76616C75653E2C2020202020438E
:104A900068616E6E656C20616363657373202D20A1
:104AA000636F6E73696465726564206173206672FA
:104AB00065653A0A20202020202020202020202068
:104AC00020202020202020202020202020202020E6
:104AD000206D65617375726564207369676E616CC2
:104AE000206C6576656C203C3D203C76616C75657C
:104AF0003E2E0A20202020202020202020202020A0
:104B000020202020202020202020202020202020A5
:104B10005365742061207468726573686F6C6420DB
:104B2000666F722052535349207363616E20667220
:104B30006565207468726573686F6C6420286442D0
:104B40006D292E0A20202020202020202020202017
:104B50002020202020202020202020202020202055
:104B60002044656661756C742066726F6D20727387
:104B700073695F7363616E5F627573795F74680AEE
:104B80002020202020202020202020202020202025
:104B90002020202020202020202020202043686169
:104BA0006E6E656C20616363657373202D20636F87
:104BB0006E7369646572656420617320706F7373CE
:104BC00069626C653A0A20202020202020202020C5
:104BD00020202020202020202020202020202020D5
:104BE000202020627573795F7468203E3D206D65DA
:104BF000617375726564207369676E616C206C65A2
:104C000076656C203E20667265655F74680A2020B8
:104C10002D2D627573795F7468203C64626D5F76D8
:104C2000616C75653E2C20202020204368616E6EEB
:104C3000656C20616363657373202D20636F6E73F1
:104C400069646572656420617320627573793A0ADC
:104C50002020202020202020202020202020202054
:104C6000202020202020202020202020206D656171
:104C70007375726564207369676E616C206C65760C
:104C8000656C203E203C76616C75653E2E0A2020C6
:104C90002020202020202020202020202020202014
:104CA00020202020202020202020205365742061F7
:104CB000207468726573686F6C6420666F7220522E
:104CC000535349207363616E206275737920746851
:104CD000726573686F6C64202864426D292E0A2007
:104CE00020202020202020202020202020202020C4
:104CF00020202020202020202020202044656661C4
:104D0000756C742066726F6D20727373695F736364
:104D1000616E5F667265655F74680A0025733A208C
:104D200063616E6E6F7420545820626561636F6EAC
:104D30003A2025730025733A2063616E6E6F7420EC
:104D4000545820636C69656E7420646174612064DA
:104D5000756520746F204C42542C206368616E6E20
:104D6000656C2077617320627573790025733A2032
:104D700063616E6E6F7420545820636C69656E7445
:104D800020646174613A2025730025733A20636CB6
:104D900069656E74206173736F6369617465642003
:104DA0006267207363616E206661696C65643A2096
:104DB00025730025733A2063616E6E6F74207374DF
:104DC000617274204C4D53205253534920736361D8
:104DD0006E3A2025730025733A2063616E6E6F74FE
:104DE0002073746172742052412052583A20257306
:104DF0002C2068616E646C6520256400436C6965D5
:104E00006E74206461746120545820636F6D706CFF
:104E1000657465642E00545820666F722041737368
:104E20006F63696174696F6E205265717565737423
:104E300020636F6D706C657465642E005258206637
:104E40006F72204173736F63696174696F6E205272
:104E50006573706F6E736520636F6D706C657465DC
:104E6000642E00426561636F6E20545820666F7235
:104E7000204173736F63696174696F6E205265734B
:104E80007020636F6D706C657465642E00545820DB
:104E9000666F72204173736F63696174696F6E200E
:104EA00052656C6561736520636F6D706C657465C8
:104EB000642E0028257329205068792061706920AC
:104EC0006E6F7420696E697469616C697A656400DB
:104ED00043616E6E6F7420737461727420727373A9
:104EE00069207363616E2C2065727220256400282E
:104EF0002573293A204E6F20726573706F6E73654B
:104F000020666F722052535349207363616E206F85
:104F1000722052535349207363616E206661696C3D
:104F200065642E004E6F206368616E6E656C20664E
:104F30006F756E6420666F7220626561636F6E2E9E
:104F4000004368616E6E656C202564207761732074
:104F500063686F73656E20666F7220746865206287
:104F60006561636F6E2E004661696C656420746FC5
:104F700020737461727420626561636F6E2054588F
:104F80003A2065727220256400426561636F6E206D
:104F9000545820737461727465642E0042656163B5
:104FA0006F6E20545820636F756C646E2774206296
:104FB0006520737461727465642E00426561636F6D
:104FC0006E20616C726561647920737461727465BE
:104FD0006400426561636F6E2054582073746F7073
:104FE00070656420627920757365722E0042656178
:104FF000636F6E2054582073746F707065642C203A
:1050000063617573653A2025732E004173736F6376
:10501000696174652072657120746F20524120723D
:1050200065736F75726365207265717569726573FA
:10503000204C425420746F20626520757365642C87
:1050400020636F6E74696E7565202D2D20627574F6
:105050002063757272656E7420726164696F206D71
:105060006F646520697320257320616E64206F7002
:1050700065726174696F6E2077696C6C2066616916
:105080006C20696E206D6F64656D2E0043616E6EDD
:105090006F7420737461727420636C69656E745FE1
:1050A0006173736F63696174653A202564004361BD
:1050B0006E6E6F7420737461727420636C69656EB8
:1050C000745F646973736F63696174653A20256402
:1050D0000043616E6E6F7420737461727420636C30
:1050E00069656E745F6173736F63696174655F6630
:1050F000697865643A2025640043616E6E6F7420A0
:10510000737461727420636C69656E745F7261633D
:10511000685F74783A20256400646563745F706822
:10512000795F6D61635F6374726C5F626561636F09
:105130006E5F73746172745F776F726B5F68616EBC
:10514000646C657200646563745F7068795F6D613B
:10515000635F6374726C5F74685F7068795F6170BD
:10516000695F6D646D5F6F705F636F6D706C6574A8
:10517000655F6362005573657220496E6974696189
:10518000746564004C4D5320726573756C7465646E
:105190002042555359206F6E20626561636F6E2007
:1051A0007478004C4D5320726573756C746564207F
:1051B00042555359206F6E205241434800282573B1
:1051C000293A20466978656420626561636F6E20C4
:1051D00050445520746F6F206C6F6E6720282575C2
:1051E0002062797465732920666F722025642073AC
:1051F0006C6F747320286D61782025642062797447
:1052000065732900282573293A204661696C656415
:1052100020746F206164642070616464696E673A11
:10522000206572722025642028636F6E74696E7524
:10523000652900282573293A20426561636F6E2035
:10524000616C72656164792072756E6E696E67005B
:10525000282573293A204661696C656420746F20A3
:10526000656E636F646520626561636F6E002825FB
:1052700073293A204E6F206D656D6F727920666FCD
:1052800072204C4D53205253534900282573293A1C
:10529000204E6F206D656D6F727920666F7220628F
:1052A0006561636F6E205458005363686564756C64
:1052B000656420626561636F6E2054583A20696EA0
:1052C00074657276616C2025646D732C207478206F
:1052D0007077722025642064626D2C206368616E93
:1052E0006E656C2025642C207061796C6F61642080
:1052F000504455206279746520636F756E743A204E
:10530000256400282573293A204661696C6564206C
:10531000746F2072652D656E636F646520626561D0
:10532000636F6E00426561636F6E206E6F742072F2
:10533000756E6E696E6720616E6420726563656963
:10534000766564204173736F63696174696F6E2061
:105350005265712066726F6D202575202830782582
:10536000303478290A004654206173736F632074C7
:1053700061626C652066756C6C2C2063616E6E6F6B
:10538000742061737369676E20505420696E646580
:105390007820286572722025642900556E73757017
:1053A000706F7274656420736C6F742F6D637320FB
:1053B000636F6D62696E6174696F6E0A00436C752C
:1053C0007374657220626561636F6E2073746174BB
:1053D00075733A002020426561636F6E2072756EAE
:1053E0006E696E673A202573002020426561636F05
:1053F0006E206368616E6E656C3A2020202020204C
:105400002020202020202020202025640020204251
:105410006561636F6E20747820706F7765723A20D3
:105420002020202020202020202020202020256433
:105430002064426D002020426561636F6E20696EBA
:1054400074657276616C3A20202020202020202074
:105450002020202020202564206D7300202042651C
:1054600061636F6E207061796C6F61642050445588
:10547000206279746520636F756E743A202564002C
:10548000434D414B455F534F555243455F4449524D
:105490002F7372632F646563742F6D61632F64656E
:1054A00063745F7068795F6D61635F636C7573745B
:1054B00065725F626561636F6E2E63006C61737409
:1054C0005F7263765F74696D65203C206E6F775FF5
:1054D0007263765F74696D6500646563745F70689C
:1054E000795F6D61635F636C75737465725F62652C
:1054F00061636F6E5F6173736F63696174696F6E0F
:105500005F726573705F7064755F656E636F64650D
:1055100000646563745F7068795F6D61635F636C7D
:1055200075737465725F626561636F6E5F617373DB
:105530006F63696174696F6E5F7265715F68616ED8
:10554000646C6500646563745F7068795F6D616346
:105550005F636C75737465725F626561636F6E5FC4
:10556000757064617465006873615F646563745F1E
:105570007068795F6D61635F636C75737465725F8A
:10558000626561636F6E5F656E636F64655F6669B8
:1055900078656400646563745F7068795F6D6163EA
:1055A0005F636C75737465725F626561636F6E5F74
:1055B00074785F737461727400282573293A204EE1
:1055C0006F206173736F63696174696F6E206461CA
:1055D000746120666F756E6420666F7220746172EC
:1055E000676574206C6F6E67207264206964202583
:1055F0007500282573293A204261636B67726F75C5
:105600006E64207363616E20636F6D706C6574658A
:105610006420666F7220746172676574206C6F6EAF
:10562000672072642069642025752E20436175739C
:10563000653A207573657220696E69746961746575
:105640006400434D414B455F534F555243455F44C2
:1056500049522F7372632F646563742F6D61632FDA
:10566000646563745F7068795F6D61635F636C69C3
:10567000656E742E6300696E666F2D3E636175738F
:1056800065203D3D20444543545F5048595F4D419E
:10569000435F4E42525F42475F5343414E5F4F501C
:1056A0005F434F4D504C455445445F43415553452E
:1056B0005F554E524541434841424C4500282573B1
:1056C000293A204261636B67726F756E6420736361
:1056D000616E20636F6D706C6574656420666F72B7
:1056E00020746172676574206C6F6E67207264202D
:1056F00069642025752E2043617573653A20756EA7
:10570000726561636861626C6520666F72206120FA
:105710002564206D736563732E004173736F636935
:105720006174696F6E20726573706F6E736520743B
:10573000696D656F75743A206E6F74206173736F55
:10574000636961746564207769746820646576694B
:105750006365206C6F6E67205244204944202564A5
:1057600000282573293A204661696C656420746FAE
:1057700020656E636F6465206173736F6369617424
:10578000696F6E207265712028464958454429008A
:10579000282573293A204661696C656420746F205E
:1057A000676574206E657874204649584544206AC0
:1057B0006F696E2054582074696D6500282573291F
:1057C0003A20616C6C6F6320545820656C656D6580
:1057D0006E74206661696C65643A204E6F206D6559
:1057E0006D6F727920746F205458206173736F63EA
:1057F000696174696F6E2072657120284649584549
:10580000442900282573293A207363686564756C00
:10581000657220616464206661696C656420284655
:10582000495845442054582900282573293A2061B5
:105830006C6C6F6320525820656C656D656E7420CA
:105840006661696C656420284649584544290028EA
:105850002573293A207363686564756C65722061ED
:105860006464206661696C65642028464958454433
:1058700020525829005363686564756C656420463E
:1058800049584544206173736F63696174696F6E31
:105890002054582F52583A5C6E202074617267650C
:1058A00074206C6F6E6720726420696420257520F7
:1058B00028307825303878292C2073686F7274204E
:1058C000726420696420257520283078253034786A
:1058D000292C5C6E202074617267657420333262FB
:1058E0006974206E7720696420257520283078251A
:1058F000303878292C207478207077722025642025
:1059000064626D2C5C6E20206368616E6E656C2035
:1059100025642C207061796C6F616420504455209F
:105920006279746520636F756E743A2025642C5C0F
:105930006E2020626561636F6E20696E7465727699
:10594000616C2025642C206672616D652074696D20
:105950006520256C6C642C20626561636F6E20721B
:105960006563656976656420256C6C640028257321
:10597000293A204D617820616D6F756E74206F66D5
:10598000206173736F63696174656420636C69651A
:105990006E747300282573293A204173736F63690D
:1059A0006174696F6E2065786973747320666F72B5
:1059B00020746172676574206C6F6E67207264205A
:1059C0006964202575202D20636F6E74696E75657E
:1059D00000282573293A20646563745F7068795FD5
:1059E0006D61635F636C69656E745F6173736F6330
:1059F000696174655F6D73675F73656E645F666927
:105A0000786564206661696C65643A2025640028C5
:105A10002573293A204E6F206173736F6369617437
:105A2000696F6E206461746120666F756E642066B4
:105A30006F72207472616E736D697474657220691F
:105A40006420257500282573293A206173736F63DC
:105A5000696174696F6E2072656A6563746564203C
:105A60006279204654202575202872656A65637422
:105A70005F63617573653D25752900282573293A93
:105A8000206173736F6369617465642077697468FA
:105A90002064657669636520257520284649584548
:105AA00044206D6F646529202D206261636B6772ED
:105AB0006F756E64207363616E2064697361626CDC
:105AC000656400282573293A206173736F636961E7
:105AD00074656420776974682064657669636520FD
:105AE0002575202D207374617274696E6720626160
:105AF000636B67726F756E64207363616E00282537
:105B000073293A20646563745F7068795F6D6163BF
:105B10005F6E62725F62675F7363616E5F73746111
:105B20007274206661696C65640074617267657483
:105B30005F6E62722D3E72615F69652E726570657F
:105B40006174203D3D20444543545F5048595F4DAA
:105B500041435F52415F5245504541545F54595053
:105B6000455F535542534C4F545300282573293AEF
:105B7000204661696C656420746F20656E636F6494
:105B8000652061206173736F63696174696F6E2052
:105B900072657100282573293A204661696C656435
:105BA00020746F20676574206E65787420524143BD
:105BB000482054582074696D6500282573293A20BF
:105BC000646563745F7068795F6170695F7363684F
:105BD0006564756C65725F6C6973745F6974656D1B
:105BE0005F616C6C6F635F74785F656C656D656E2B
:105BF00074206661696C65643A204E6F206D656D36
:105C00006F727920746F2054582061206173736F14
:105C100063696174696F6E2072657100282573294C
:105C20003A20646563745F7068795F6170695F735F
:105C300063686564756C65725F6C6973745F6974C1
:105C4000656D5F616C6C6F635F72785F656C656DCD
:105C5000656E74206661696C656400282573293A55
:105C600020646563745F7068795F6170695F7363F6
:105C7000686564756C65725F6C6973745F6974657F
:105C80006D5F61646420666F7220524143482066F4
:105C900061696C6564005363686564756C65642054
:105CA00072616E646F6D20616363657373206461FC
:105CB00074612054582F52583A0A20207461726738
:105CC0006574206C6F6E672072642069642025758E
:105CD0002028307825303878292C2073686F72742A
:105CE000207264206964202575202830782530349E
:105CF00078292C0A2020746172676574203332621F
:105D00006974206E772069642025752028307825F5
:105D1000303878292C207478207077722025642000
:105D200064626D2C0A20206368616E6E656C2025AC
:105D3000642C207061796C6F61642050445520623E
:105D400079746520636F756E743A2025642C0A207F
:105D500020626561636F6E20696E74657276616C36
:105D60002025642C206672616D652074696D652044
:105D7000256C6C642C20626561636F6E20726563B4
:105D8000656976656420256C6C6400282573293A62
:105D900020646563745F7068795F6D61635F636CD5
:105DA00069656E745F6173736F63696174655F6D5C
:105DB00073675F73656E64206661696C65643A2021
:105DC000256400282573293A204661696C656420A2
:105DD000746F20656E636F6465206173736F6369B0
:105DE0006174696F6E2072656C65617365207265A0
:105DF0007100282573293A20646563745F7068799F
:105E00005F6170695F7363686564756C65725F6C10
:105E10006973745F6974656D5F616C6C6F635F74E7
:105E2000785F656C656D656E74206661696C65642C
:105E30003A204E6F206D656D6F727920746F20541B
:105E4000582061206173736F63696174696F6E209C
:105E500072656C6561736520726571002825732910
:105E60003A204E6F74206173736F63696174656467
:105E7000207769746820646576696365202564000D
:105E80007B2264617461223A222573222C226D5F89
:105E9000746D70223A224E2F41227D007B22646174
:105EA0007461223A222573222C226D5F746D702258
:105EB0003A222564227D00282573293A2042656113
:105EC000636F6E2077697468206C6F6E6720524430
:105ED00020494420257520686173206E6F7420620C
:105EE00065656E207365656E20696E207363616EF3
:105EF00020726573756C747300282573293A2046E7
:105F000061696C656420746F20656E636F646520E1
:105F1000636C69656E7420646174612070647500DF
:105F2000282573293A20646563745F7068795F611E
:105F300070695F7363686564756C65725F6C6973C3
:105F4000745F6974656D5F616C6C6F635F74785FBB
:105F5000656C656D656E74206661696C65643A2078
:105F60004E6F206D656D6F727920746F20545820CC
:105F700061206461746120746F204654005363682B
:105F80006564756C65642072616E646F6D20616319
:105F90006365737320646174612054583A0A202049
:105FA000746172676574206C6F6E6720726420691B
:105FB000642025752028307825303878292C2073E6
:105FC000686F7274207264206964202575202830FF
:105FD0007825303478292C0A202074617267657422
:105FE000203332626974206E772069642025752021
:105FF00028307825303878292C20747820707772F2
:106000002025642064626D2C0A20206368616E6E16
:10601000656C2025642C207061796C6F6164205060
:106020004455206279746520636F756E743A20253B
:10603000642C0A2020626561636F6E20696E74654E
:106040007276616C2025642C206672616D65207407
:10605000696D6520256C6C642C20626561636F6ED0
:1060600020726563656976656420256C6C64002820
:106070002573293A20636C69656E745F7261636889
:106080005F7478206661696C65643A20256400431A
:106090006C69656E74207374617475733A002020A6
:1060A0004173736F63696174696F6E202325643A6D
:1060B000206C6F6E6720524420494420257500648F
:1060C0006563745F7068795F6D61635F636C696558
:1060D0006E745F646174615F7064755F656E636F39
:1060E000646500646563745F7068795F6D61635FA8
:1060F000636C69656E745F726163685F7478006475
:106100006563745F7068795F6D61635F636C696517
:106110006E745F726163685F74785F776F726B65CE
:106120007200646563745F7068795F6D61635F635B
:106130006C69656E745F6173736F63696174696FB5
:106140006E5F72656C5F7064755F656E636F6465CA
:1061500000646563745F7068795F6D61635F636C31
:1061600069656E745F646973736F63696174655F99
:106170006D73675F73656E6400646563745F7068F8
:10618000795F6D61635F636C69656E745F64697389
:10619000736F636961746500646563745F706879C7
:1061A0005F6D61635F636C69656E745F6173736F6C
:1061B00063696174655F726573705F68616E646C5A
:1061C0006500646563745F7068795F6D61635F63C8
:1061D0006C69656E745F6E62725F7363616E5F633C
:1061E0006F6D706C657465645F6362006465637491
:1061F0005F7068795F6D61635F636C69656E745F22
:106200006173736F63696174655F6D73675F7365F5
:106210006E645F666978656400646563745F706866
:10622000795F6D61635F636C69656E745F617373E1
:106230006F63696174655F6669786564006465634E
:10624000745F7068795F6D61635F636C69656E74BC
:106250005F6173736F63696174696F6E5F7265719B
:106260005F7064755F656E636F6465006465637419
:106270005F7068795F6D61635F636C69656E745FA1
:106280006173736F63696174655F6D73675F736575
:106290006E6400646563745F7068795F6D61635FED
:1062A000636C69656E745F6173736F636961746554
:1062B00000434D414B455F534F555243455F444961
:1062C000522F7372632F646563742F6D61632F6443
:1062D0006563745F7068795F6D61635F7064752E6C
:1062E00063006D75785F6865616465725F696E2DC6
:1062F0003E6D61635F657874203D3D2044454354A5
:106300005F5048595F4D41435F4558545F313642B5
:1063100049545F4C454E007364755F6C6973745FDC
:106320006974656D2D3E6D6573736167652E64617B
:1063300074615F7364752E646C635F69655F747903
:106340007065203D3D20444543545F5048595F4DA2
:1063500041435F444C435F49455F545950455F5347
:106360004552565F305F574954484F55545F524F1E
:106370005554494E47004661696C656420746F202E
:106380006465636F6465204D4143204D5558206816
:1063900065616465720A004E6F206D656D6F72797C
:1063A00020746F206465636F6465205344557321C6
:1063B0000A00556E737570706F7274656420444C7A
:1063C0004320494520747970650A004661696C650F
:1063D0006420746F206465636F646520436C75731B
:1063E00074657220426561636F6E0A004661696C74
:1063F000656420746F206465636F64652052414357
:10640000482049450A004661696C656420746F2024
:106410006465636F6465204173736F636961746958
:106420006F6E2052657175657374206D657373614D
:1064300067650A004661696C656420746F20646555
:10644000636F6465204173736F63696174696F6E14
:1064500020526573706F6E7365206D65737361672D
:10646000650A004661696C656420746F2064656329
:106470006F6465204173736F63696174696F6E2027
:1064800052656C65617365206D6573736167650A3C
:1064900000556E6B6E6F776E00556E6B6E6F776E1C
:1064A00020444C43204945207479706500436F6E49
:1064B0006E656374696F6E207465726D696E617468
:1064C000696F6E2E004D6F62696C6974792E004C95
:1064D0006F6E6720496E61637469766974792E0006
:1064E000496E636F6D70617469626C6520436F6E95
:1064F00066696775726174696F6E2E004E6F2073E6
:10650000756666696369656E742048572F6D656DA1
:106510006F7279207265736F757263652E004E6FAE
:106520002073756666696369656E7420726164695B
:106530006F207265736F75726365732E00426164BC
:1065400020726164696F207175616C6974792E00C5
:106550005365637572697479206572726F722E006B
:1065600053686F727420524420494420436F6E6612
:106570006C69637420646574656374656420696E16
:1065800020505420736964652E0053686F72742024
:10659000524420494420436F6E666C6963742064E2
:1065A0006574656374656420696E20465420736960
:1065B00064652E004E6F74206173736F636961743C
:1065C00065642050542E004E6F74206173736F63A6
:1065D00069617465642046542E004E6F74206F709C
:1065E00065726174696E6720696E204654206D6F14
:1065F00064652E004F74686572206572726F722E2A
:1066000000446174613A20444C43205365727669BA
:106610006365207479706520302077697468206123
:1066200020726F7574696E672068656164657200B9
:10663000446174613A20444C432053657276696327
:10664000652074797065203020776974686F75747F
:10665000206120726F7574696E672068656164657A
:106660007200446174613A20444C43205365727651
:1066700069636520747970652031206F7220322043
:106680006F7220332077697468206120726F75748F
:10669000696E672068656164657200446174613A7F
:1066A00020444C4320536572766963652074797089
:1066B000652031206F722032206F7220332077697D
:1066C00074686F7574206120726F7574696E6720CD
:1066D00068656164657200444C432054696D65725D
:1066E0007320636F6E66696775726174696F6E207F
:1066F000636F6E74726F6C20494500444C43206593
:10670000736361706500496E697469616C206173BF
:10671000736F63696174696F6E2E004173736F6389
:10672000696174696F6E20746F207265717565732D
:1067300074206E657720736574206F6620666C6FB9
:1067400077732E004173736F63696174696F6E2094
:1067500064756520746F206D6F62696C6974792E41
:106760000052652D6173736F63696174696F6E2088
:106770006166746572206572726F722E0043686183
:106780006E6765206F66206F776E206F706572612F
:1067900074696E67206368616E6E656C2E00436875
:1067A000616E6765206F7065726174696E67206DD8
:1067B0006F64652E00506167696E67207265737043
:1067C0006F6E73652E0053696E676C6520616C6C2B
:1067D0006F636174696F6E202D206E6F207265701B
:1067E00065746974696F6E20616E642076616C698E
:1067F00064697479206669656C64730052657065BC
:106800006174656420696E2074686520666F6C6CC5
:106810006F77696E67206672616D657320617320A2
:10682000696E2072657065746974696F6E20616E3F
:10683000642076616C6964697479206669656C644A
:106840007300526570656174656420696E207468B8
:106850006520666F6C6C6F77696E67207375627305
:106860006C6F747320617320696E2072657065743B
:106870006974696F6E20616E642076616C69646909
:106880007479206669656C6473005265736572760D
:1068900065642E0050616464696E6720283120624F
:1068A0007974652900526164696F20446576696373
:1068B00065205374617475732049450045736361A5
:1068C00070650050616464696E67202830206279C9
:1068D00074652900436F6E66696775726174696FCC
:1068E0006E2052657175657374204945004B65656E
:1068F0007020616C697665204945004D4143205305
:106900006563757269747920496E666F2049450028
:1069100050616464696E6700486967686572206CDD
:1069200061796572207369676E616C6C696E67204E
:106930002D20666C6F77203100486967686572208A
:106940006C61796572207369676E616C6C696E67E2
:10695000202D20666C6F7720320055736572207091
:106960006C616E652064617461202D20666C6F77A8
:106970002031005573657220706C616E6520646112
:106980007461202D20666C6F77203200557365721C
:1069900020706C616E652064617461202D20666CCE
:1069A0006F772033005573657220706C616E6520BF
:1069B00064617461202D20666C6F772034004E6511
:1069C00074776F726B20426561636F6E206D6573C3
:1069D0007361676500436C7573746572204265610D
:1069E000636F6E206D657373616765004173736FCC
:1069F00063696174696F6E20526571756573742087
:106A00006D657373616765004173736F636961746A
:106A1000696F6E20526573706F6E7365206D65735C
:106A200073616765004173736F63696174696F6E49
:106A30002052656C65617365206D65737361676570
:106A4000005265636F6E66696775726174696F6E17
:106A50002052657175657374206D65737361676528
:106A6000005265636F6E66696775726174696F6EF7
:106A700020526573706F6E7365206D657373616707
:106A800065004164646974696F6E616C204D4143B7
:106A9000206D6573736167657300526F757465204F
:106AA000496E666F204945005265736F7572636564
:106AB00020616C6C6F636174696F6E204945005290
:106AC000616E646F6D2041636365737320526573FB
:106AD0006F7572636520494500524420636170619F
:106AE00062696C697479204945004E65696768621E
:106AF0006F7572696E672049450042726F61646309
:106B000061737420496E6469636174696F6E2049B2
:106B1000450047726F75702041737369676E6D65CC
:106B20006E74204945004C6F616420496E666F2089
:106B30004945004669786564205363686564756CEF
:106B4000696E67205265736F7572636520494500F1
:106B50004D414320736563757269747920697320B0
:106B60006E6F742075736564004D414320736563D7
:106B700075726974792C206E6F204945004D414330
:106B80002073656375726974792077697468204928
:106B9000450052442042726F616463617374696E90
:106BA0006720486561646572005265736572766539
:106BB000640044415441204D4143205044552068D5
:106BC000656164657200426561636F6E204865614E
:106BD00064657200556E6963617374204865616411
:106BE00065720003080B074E65696768626F722063
:106BF00077697468206C6F6E672072642069642006
:106C000025752028307825303878292C2073686F36
:106C100072742072642069642025752028307825DC
:106C2000303478292C206368616E6E656C20256491
:106C30002C2073746F72656420746F206E627220F2
:106C40006C6973742E0025733A2063616E6E6F74E5
:106C50002073746F7265207363616E6E696E672056
:106C60006E627220726573756C7420666F72206C30
:106C70006F6E67207264206964202575004E656917
:106C80006768626F722077697468206C6F6E672026
:106C90007264206964202575202830782530387882
:106CA000292C2073686F7274207264206964202517
:106CB000752028307825303478292C206E772028CC
:106CC0003234626974204D53423A202575202830B1
:106CD0007825303678292C2038626974204C53424C
:106CE0003A202575202830782530327829292C2023
:106CF0006368616E6E656C2025640A20207570647F
:106D00006174656420776974682074696D652025F5
:106D10006C6C75202874696D6520736869667420D1
:106D2000256C6C64206D646D207469636B7329201D
:106D3000746F206E6272206C6973742E004E6569E8
:106D40006768626F72206C69737420737461747504
:106D5000733A0020204E65696768626F722025646F
:106D60003A002020206E6574776F726B20494420B2
:106D7000283234626974204D5342293A2025752007
:106D80002830782530367829002020206E657477E9
:106D90006F726B204944202838626974204C53423A
:106DA000293A20202575202830782530327829008E
:106DB0002020206E6574776F726B20494420283341
:106DC00032626974293A202020202025752028303D
:106DD000782530367829002020206C6F6E6720528D
:106DE000442049443A202020202020202020202018
:106DF000202025750020202073686F727420524473
:106E00002049443A2020202020202020202020201B
:106E10002575002020206368616E6E656C3A202025
:106E20002020202020202020202020202020257508
:106E3000002020204C617374207365656E3A202019
:106E40002020202020202020202020202564206DAC
:106E5000736563732061676F00646563745F706856
:106E6000795F6D61635F6E62725F696E666F5F739B
:106E7000746F72655F6E5F7570646174650028255C
:106E800073293A2062675F7363616E5F6461746146
:106E9000206E6F7420666F756E64202868616E6462
:106EA0006C652025642900434D414B455F534F5588
:106EB0005243455F4449522F7372632F6465637474
:106EC0002F6D61632F646563745F7068795F6D61B6
:106ED000635F6E62725F62675F7363616E2E6300F1
:106EE000706172616D7320262620706172616D730E
:106EF0002D3E7461726765745F6E62720042472056
:106F00007363616E20616C72656164792072756E65
:106F10006E696E67207769746820706879206F7079
:106F20002068616E646C65202575004E6F20667266
:106F30006565204247207363616E2064617461203F
:106F4000736C6F74004247207363616E20697465CF
:106F50006D206E6F7420666F756E6420666F722090
:106F6000706879206F702068616E646C652025758B
:106F7000002020204261636B67726F756E6420731E
:106F800063616E207374617475733A002020202051
:106F90002052756E6E696E673A2066616C73650A81
:106FA00000202020202052756E6E696E673A207492
:106FB000727565002020202020506879206F702095
:106FC00068616E646C653A202025750020202020C1
:106FD000204C617374207365656E3A206E6576652A
:106FE000720020202020204C617374207365656E30
:106FF0003A202020202020256C6C64206D7365636E
:10700000732061676F0020202020204C6173742062
:1070100074696D657374616D703A20256C6C7520B0
:107020006D646D207469636B730020202020204DF7
:107030006574726963733A00202020202020205359
:1070400063616E20696E666F20757064617465643B
:1070500020636F756E743A2020202020202020208D
:10706000202020257500202020202020205363612F
:107070006E2073746172746564206F6B20636F752A
:107080006E743A2020202020202020202020202044
:1070900020257500202020202020205363616E20B1
:1070A0007374617274206661696C20636F756E74AD
:1070B0003A202020202020202020202020202025B1
:1070C0007500202020202020205363616E20696EEF
:1070D000666F2074696D65207368696674207570C9
:1070E000646174656420636F756E743A2025750061
:1070F000202020202020205363616E20696E666F5F
:107100002074696D65207368696674206C6173749E
:107110002076616C75653A20202020256C6C640017
:10712000646563745F7068795F6D61635F6E6272DE
:107130005F62675F7363616E5F7363686564756CDC
:1071400065725F6F705F636F6D706C657465645FAF
:10715000636200646563745F7068795F6D61635F2B
:107160006E62725F62675F7363616E5F73636865AF
:1071700064756C6500726573702077696E20737436
:1071800061727473203320737562736C6F74732033
:10719000616674657220746865206C617374207315
:1071A0007562736C6F74206F66207468652052413D
:1071B00020545800726573702077696E2073746173
:1071C00072747320302E35206672616D6573206194
:1071D0006674657220746865207374617274206FC0
:1071E00066207468652052412054580020202020D9
:1071F00020202020444C4320494520747970653A72
:10720000202573202830782530327829002020204E
:1072100020202020205265636569766564206461C2
:1072200074612C206C656E2025642C207061796C53
:107230006F61642061732061736369692073747284
:10724000696E67207072696E743A0A2020202020CF
:10725000202020202025730020202020202052657F
:10726000636569766564204173736F6369617469EE
:107270006F6E2052657175657374206D65737361EF
:1072800067653A0020202020202020205365747557
:10729000702063617573653A2020202020202573BB
:1072A0002028307825303278290020202020202006
:1072B0002020466C6F7720636F756E743A20202013
:1072C000202020202564002020202020202020466F
:1072D0006C6F772069645B305D3A2020202020208D
:1072E000202564202830782530327829002020207D
:1072F0002020202020506F77657220636F6E73749A
:107300003A20202020202068617320706F776572FA
:1073100020636F6E73747261696E74732E00202027
:10732000202020202020506F77657220636F6E73BD
:10733000743A2020202020206E6F20706F776572B5
:1073400020636F6E73747261696E74732E002020F7
:107350002020202020204654206D6F64653A202094
:107360002020202020202020546865205244206FB7
:107370007065726174657320616C736F20696E2033
:107380004654206D6F64652E002020202020202090
:107390002020204E6574776F726B20426561636FA9
:1073A0006E20706572696F643A202564206D7300E9
:1073B00020202020202020202020436C757374651D
:1073C0007220426561636F6E20706572696F643A06
:1073D000202564206D7300202020202020202020E4
:1073E000204E65787420636C7573746572206368D1
:1073F000616E6E656C3A20202564002020202020DC
:10740000202020202054696D6520746F206E6578DF
:1074100074206E6578743A20202020202564206D29
:107420006963726F7365636F6E6473002020202040
:10743000202020204654206D6F64653A20202020B3
:10744000202020202020546865205244206F706541
:107450007261746573206F6E6C7920696E20505470
:10746000204D6F64652E0020202020202020204306
:10747000757272656E7420636C75737465722063C7
:1074800068616E6E656C3A20256400202020202003
:10749000202020484152512050726F636573732041
:1074A00054583A2020256420283078253032782915
:1074B0000020202020202020204D415820484152EB
:1074C000512052452D54583A202020256420283040
:1074D00078253032782900202020202020202048C4
:1074E0004152512050726F636573732052583A2095
:1074F000202564202830782530327829002020206B
:1075000020202020204D41582048415251205245F2
:107510002D52583A202020256420283078253032FA
:107520007829002020202020205265636569766537
:1075300064204173736F63696174696F6E20526573
:1075400073706F6E7365206D6573736167653A0064
:10755000202020202020202041636B6E6F776C65F7
:1075600064676D656E743A202041434B00202020F3
:107570002020202020466C6F7720636F756E743A50
:107580002030623131313A20416C6C20666C6F776B
:107590007320616363657074656420617320636F39
:1075A0006E6669677572656420696E206173736FBA
:1075B00063696174696F6E20726571756573742E8D
:1075C000002020202020202020466C6F7720636F31
:1075D000756E743A20256400202020202020202071
:1075E00041636B6E6F776C6564676D656E743A208E
:1075F000204E41434B0020202020202020204E41BF
:10760000434B2063617573653A20202020202020A1
:10761000256400202020202020526563656976655E
:1076200064204173736F63696174696F6E20526582
:107630006C65617365206D6573736167653A0020E1
:107640002020202020202052656C65617365204336
:10765000617573653A20202573202876616C756505
:107660003A202564290020202020202052656365CF
:107670006976656420636C757374657220626561F8
:10768000636F6E3A00202020202020202053797341
:1076900074656D206672616D65206E756D626572D0
:1076A0003A202025640020202020202020204D6129
:1076B0007820545820706F7765723A20202020205F
:1076C0002020202025642064426D002020202020DE
:1076D0002020204D61782050485920545820706F48
:1076E0007765723A20202020206E6F7420696E63C7
:1076F0006C7564656420696E2074686520626561DC
:10770000636F6E002020202020202020506F77659E
:107710007220636F6E73743A202020202020202076
:107720002020546865205244206F7065726174692E
:107730006E6720696E204654206D6F646520686115
:107740007320706F77657220636F6E7374726169F6
:107750006E74732E002020202020202020506F7770
:10776000657220636F6E73743A20202020202020E1
:10777000202020546865205244206F706572617427
:10778000696E6720696E204654206D6F64652064C1
:107790006F6573206E6F74206861766520706F77F7
:1077A000657220636F6E73747261696E74732E00FC
:1077B00020202020202020204672616D65206F66E9
:1077C000667365743A202020202020202020256424
:1077D00020737562736C6F7473002020202020204A
:1077E00020204672616D65206F66667365743A206D
:1077F00020202020202020206E6F7420696E636C72
:107800007564656420696E207468652062656163D3
:107810006F6E0020202020202020204E65787420CC
:10782000636C7573746572206368616E6E656C3A23
:107830002025642028646966666572656E7420740C
:1078400068616E2063757272656E7420636C757307
:10785000746572206368616E6E656C29002020205B
:1078600020202020204E65787420636C7573746529
:1078700072206368616E6E656C3A20637572726522
:107880006E7420636C7573746572206368616E6ECC
:10789000656C2E00202020202020202054696D655A
:1078A00020746F206E657874206E6578743A20209D
:1078B00020202564206D6963726F7365636F6E6449
:1078C0007300202020202020202054696D65207422
:1078D0006F206E657874206E6578743A20202020C1
:1078E0006E6F7420696E636C7564656420696E20C8
:1078F00074686520626561636F6E2E0A2020202007
:107900002020202020202020202020202020202077
:1079100020202020202020202020546865206E6513
:10792000787420636C757374657220626561636F2F
:107930006E2069730A202020202020202020202073
:107940002020202020202020202020202020202037
:107950002020207472616E736D6974746564206296
:1079600061736564206F6E20436C7573746572205B
:10797000626561636F6E20706572696F642E0020AE
:10798000202020202020204E6574776F726B2042CB
:107990006561636F6E20706572696F642025642075
:1079A0006D73002020202020202020436C757374EC
:1079B000657220426561636F6E20706572696F64E5
:1079C000202564206D732028256C6C64206D646D07
:1079D000207469636B732900202020202020202040
:1079E000436F756E7420746F207472696767657277
:1079F0003A202020202025642028636F64656420BD
:107A000076616C75652900202020202020202052DE
:107A1000656C6174697665207175616C6974793A19
:107A2000202020202025642028636F646564207650
:107A3000616C7565290020202020202020204D69C0
:107A40006E207175616C6974793A202020202020A5
:107A50002020202025642028636F646564207661DF
:107A60006C756529002020202020205265636569FF
:107A70007665642052414348204945206461746121
:107A80003A0020202020202020205265706561745B
:107A90003A202020202020202020202020202020CC
:107AA00025730020202020202020202020526570D7
:107AB00065746974696F6E3A202020202020202090
:107AC0002025640020202020202020202020566116
:107AD0006C69646974793A202020202020202020BD
:107AE000202025640020202020202020205379738E
:107AF00074656D206672616D65206E756D6265726C
:107B00003A2020202564202D207265736F757263E2
:107B10006520616C6C6F636174696F6E2076616C57
:107B200069642066726F6D20746869732053464ED5
:107B3000206F6E7761726473002020202020202047
:107B40002053797374656D206672616D65206E7562
:107B50006D6265723A20204E6F7420696E636C7599
:107B6000646564202D207265736F75726365206192
:107B70006C6C6F636174696F6E20696D6D656469AB
:107B80006174656C792076616C6964002020202026
:107B9000202020205241204368616E6E656C3A209F
:107BA000202020202020202020202564202D20722D
:107BB00065736F7572636520616C6C6F6361746966
:107BC0006F6E2069732076616C696420696E20692C
:107BD0006E64696361746564206368616E6E656C70
:107BE0000020202020202020205241204368616E68
:107BF0006E656C3A20202020202020202020204E5E
:107C00006F7420696E636C75646564202D207265E5
:107C1000736F7572636520616C6C6F636174696FFB
:107C20006E2069732076616C696420666F722063D0
:107C3000757272656E74206368616E6E656C00208B
:107C400020202020202020524120526573706F6E2A
:107C50007365204368616E6E656C3A202025642050
:107C60002D20726573706F6E736520697320736564
:107C70006E7420696E20696E646963617465642046
:107C80006368616E6E656C0020202020202020201B
:107C9000524120526573706F6E7365204368616E48
:107CA0006E656C3A20204E6F7420696E636C75644B
:107CB0006564202D20726573706F6E736520697323
:107CC0002073656E7420696E2073616D6520636832
:107CD000616E6E656C20617320746869732049451C
:107CE00000202020202020202053746172742073F3
:107CF0007562736C6F743A2020202020202020258C
:107D0000640020202020202020204C656E677468AD
:107D100020747970653A2020202020202020202007
:107D200025730020202020202020204C656E6774C1
:107D3000683A2020202020202020202020202020E1
:107D40002025640020202020202020204D61782044
:107D500052414348206C656E677468207479706581
:107D60003A2025730020202020202020204D6178FB
:107D70002052414348206C656E6774683A20202089
:107D80002020202564002020202020202020435770
:107D9000206D696E207369673A2020202020202002
:107DA0002020202025640020202020202020204486
:107DB0004543542064656C61793A202020202020BE
:107DC000202020202025730020202020202020207B
:107DD000526573706F6E73652077696E3A2020204C
:107DE000202020202020256420737562736C6F741E
:107DF000730020202020202020204357206D617810
:107E0000207369673A202020202020202020202075
:107E10002564002020202020205265636569766556
:107E200064204669786564205363686564756C698D
:107E30006E67205265736F757263652049452064D3
:107E40006174613A00202020202020202056657295
:107E500073696F6E3A2020202020202020202020CF
:107E600020202025750020202020202020204D6F5C
:107E700064653A202020202020202020202020205F
:107E80002020202025750020202020202020204D8B
:107E90006178205054733A20202020202020202078
:107EA0002020202020257500202020202020202098
:107EB000416374697665205054733A202020202055
:107EC0002020202020202025750020202020202078
:107ED000202050545B25755D3A2073746172745F85
:107EE000736C6F743D25752C20656E645F736C6FC9
:107EF000743D25752C20736C6F745F636F756E74A1
:107F00003D2575002020202020205265636569767C
:107F100065642070616464696E6720646174612CBB
:107F2000206C656E2025642C207061796C6F616413
:107F3000206973206E6F74207072696E74656400BE
:107F400020202020202052656365697665642064C6
:107F50006174612C206C656E2025642C2070617921
:107F60006C6F61642061732061736369692073744D
:107F700072696E67207072696E743A0A2020202040
:107F800020202020257300202020202020526563FF
:107F900065697665642053445520646174612C20C2
:107FA0006C656E2025642C207061796C6F61642093
:107FB00068657820646174613A2025730A00504432
:107FC0004320726563656976656420287374662052
:107FD00073746172742074696D6520256C6C752CE6
:107FE0002068616E646C65202564293A20736E7286
:107FF0002025642C20525353492D322025642028FB
:1080000052535349202564292C206C656E20256429
:10801000002044454354204E522B204D41432050D4
:1080200044553A0020204D414320686561646572E3
:108030003A002020202056657273696F6E3A202521
:1080400064002020202053656375726974793A209A
:1080500025730020202020547970653A2025730074
:108060004661696C656420746F206465636F646544
:10807000204D414320436F6D6D6F6E2068656164D4
:108080006572002020202020204E6574776F726B6F
:1080900020494420283234626974204D5342293AE1
:1080A000202025752028307825303678290020209A
:1080B000202020205472616E736D69747465722083
:1080C00049443A20202020202020202020257520EF
:1080D0002830782530387829002020202020205290
:1080E000657365743A2025730020202020202053DA
:1080F0006571204E62723A202575002020202020D4
:108100002052656365697665723A202575202830AE
:1081100078253038782900202020202020547261D2
:108120006E736D69747465723A20257520283078F5
:108130002530387829004661696C656420746F20A9
:108140006465636F6465204D41432053445573005B
:1081500020205344552025753A00202020204D41F1
:1081600043204D5558206865616465723A002020AF
:1081700020202020494520747970653A202573001D
:108180002020202020205061796C6F6164206C6574
:108190006E6774683A2025750046543A2050542082
:1081A000257520646973736F636961746564202D3C
:1081B0003E2072656D6F7665642066726F6D20611A
:1081C00073736F63207461626C6500574553545F2D
:1081D000544F504449522F7A65706879722F696EF6
:1081E000636C7564652F7A65706879722F73706936
:1081F0006E6C6F636B2E68007A5F7370696E5F6C74
:108200006F636B5F76616C6964286C290009496E45
:1082100076616C6964207370696E6C6F636B202586
:10822000700A007A5F7370696E5F756E6C6F636B56
:108230005F76616C6964286C2900094E6F74206D4B
:1082400079207370696E6C6F636B2025700A00462D
:1082500054206173736F63207461626C6520636C7A
:1082600065617265642E0046543A206173736F63D2
:10827000696174696F6E2072656A65637465642CE8
:10828000206D617820505473207265616368656465
:108290002028256429004654206173736F6320747D
:1082A00061626C6520286D61783D2564293A002063
:1082B0002050542564206C6F6E673D2575207368CF
:1082C0006F72743D257520727373693D2564206C4F
:1082D0006173745F7365656E5F62623D256C6C757A
:1082E00020736C6F74733D25753A257500464958A7
:1082F0004544204A4F494E205258207363686564B4
:10830000756C65643A202575206672616D65732011
:1083100040202B2575206672616D6573206166743F
:10832000657220626561636F6E2C20726570656195
:1083300074202575207469636B732C206368202575
:10834000752C20736C6F74732025752E2E25752067
:10835000286C656E2025752900282573293A20434D
:10836000616E6E6F742072656164207374617274E3
:1083700075705F636D64206461746120666F722044
:108380006D656D5F736C6F7420256400537461724A
:1083900074696E6720746F206578656375746520F5
:1083A000736574745F636D642025642022257322D5
:1083B0002E2E2E00737461727475705F636D645F2E
:1083C000776F726B657200476976652064656365D7
:1083D0006E742076616C7565202876616C756520F9
:1083E0003E3D203029004769766520646563656EEF
:1083F000742076616C756520666F722074686520E4
:108400006D656D6F727920736C6F742028312D3318
:108410002900436F6D6D616E6420737472696E67BD
:1084200020746F6F206C6F6E672E204D6178206C0A
:10843000656E6774682069732025642E00643A7441
:108440003A7268004D656D6F727920736C6F74209D
:108450006973206D697373696E672E00436F6D6D6C
:10846000616E6420737472696E67206973206D6930
:108470007373696E672E00436F6D6D616E64207358
:1084800061766564207375636365737366756C6C80
:10849000792E00737461727475705F636D6400434C
:1084A0006F6D6D616E6420746F2073746F726520E0
:1084B0007368656C6C20636F6D6D616E647320749E
:1084C0006F2062652072756E2073657175656E74BC
:1084D00069616C6C79206166746572206120626FDD
:1084E0006F7475702E006D656D5F736C6F740063D3
:1084F0006D645F7374720055736167653A207374BD
:1085000061727475705F636D64205B2D2D7265619F
:10851000645D207C205B2D2D6D656D5F736C6F74C9
:10852000203C312D333E202D2D636D645F737472BA
:10853000203C636D645F7374723E0A20202020200B
:10854000202020202020202020202020202020202B
:10855000202020202020202020205B2D74203C7310
:10856000746172745F74696D653E202D64203C6493
:10857000656C61793E5D0A4E6F74653A206F6E6C72
:1085800079206F6E6520636F6D6D616E642063612D
:108590006E20626520676976656E206174206120B7
:1085A00074696D652E0A4F7074696F6E733A0A2094
:1085B000202D722C202D2D726561642C202020200E
:1085C00020205265616420616C6C2073746F726549
:1085D00064204D6F536820737461727475702063EA
:1085E0006F6D6D616E64732066726F6D207365745C
:1085F00074696E67730A2020202020202D2D6D6560
:108600006D5F736C6F742C202053746F72652061E2
:1086100020636D645F73747220746F2061206769DA
:1086200076656E206D656D6F727920736C6F742E38
:10863000204D617820616D6F756E74206F66206DBE
:10864000656D20736C6F747320697320362E0A2059
:1086500020202020202D2D636D645F7374722C20E8
:108660002020436F6D6D616E6420737472696E6754
:1086700020746F206120676976656E206D656D5F7F
:10868000736C6F742E0A20202020202020202020B0
:10869000202020202020202020436C65617220743F
:1086A000686520676976656E206D656D736C6F74A3
:1086B00020627920676976696E6720616E20656D3A
:1086C00070747920737472696E673A0A20202020D2
:1086D0002020202020202020202020202020207347
:1086E0007461727475705F636D64202D2D6D656D9E
:1086F0005F736C6F742031202D2D636D645F737414
:10870000722022220A20202D742C202D2D74696DB8
:10871000652C2020202020205374617274696E67BC
:108720002074696D65206F6620657865637574696E
:108730006E67206F6620636F6D6D616E64732028B5
:10874000696E207365636F6E647320616674657211
:10875000206120626F6F747570292E0A20202020FE
:1087600020202020202020202020202020202044E5
:10877000656661756C743A2031207365636F6E6451
:10878000206166746572206120626F6F7475702E4F
:108790000A20202D642C202D2D64656C61792C20FD
:1087A000202020205072652D64656C6179206265FF
:1087B000666F726520657865637574696E6720639E
:1087C0006D645F737472206174206D656D5F736C8E
:1087D0006F7420696E207368656C6C2E0A202020EF
:1087E0002020202020202020202020202020202089
:1087F00044656661756C743A2035207365636F6EED
:1088000064732E0A20202D682C202D2D68656C7035
:108810002C20202020202053686F777320746869F3
:10882000732068656C7020696E666F726D61746923
:108830006F6E004661696C656420746F20726561BB
:1088400064206465637420737461727475705F630F
:108850006D645F646174612C206572726F723A207E
:10886000256400434D414B455F534F555243455F8F
:108870004449522F7372632F737461727475705F01
:10888000636D642F737461727475705F636D645F80
:1088900073657474696E67732E63006D656D5F73C5
:1088A0006C6F74203E3D2031202626206D656D5F63
:1088B000736C6F74203C3D20360073746172747564
:1088C000705F636D642F646174610043616E6E6FED
:1088D00074207361766520737461727475705F6360
:1088E0006D642073657474696E67732C2065727291
:1088F0003A20256400737461727475705F636D64EF
:108900002073657474696E677320736176656400A3
:10891000737461727475705F636D6420636F6E66EB
:1089200069673A00202053746172742074696D6520
:108930003A202564002020436F6D6D616E64202312
:1089400025643A0020202020537472696E673A2013
:108950002020202573002020202044656C61793A76
:108960002020202020256400202020204E6F20631E
:108970006F6D6D616E6400282573293A2046616928
:108980006C656420746F20696E697469616C697AC2
:10899000652073657474696E67732073756273798B
:1089A0007374656D2C206572726F723A20256400B5
:1089B000282573293A2043616E6E6F7420726567B3
:1089C00069737465722073657474696E6773206867
:1089D000616E646C657220256400282573293A2035
:1089E00043616E6E6F74206C6F6164207365747484
:1089F000696E677320256400737461727475705FAB
:108A0000636D645F73657474696E67735F696E69C3
:108A1000740000070E091C1B1215383F3631242341
:108A20002A2D574553545F544F504449522F7A656D
:108A3000706879722F6C69622F686561702F686544
:108A400061702E63006368756E6B5F757365642873
:108A5000682C2063290009756E65787065637465FC
:108A60006420686561702073746174652028646F88
:108A700075626C652D667265653F2920666F722090
:108A80006D656D6F72792061742025700A006C65C8
:108A900066745F6368756E6B28682C2072696768FE
:108AA000745F6368756E6B28682C20632929203DEC
:108AB0003D20630009636F7272757074656420688D
:108AC00065617020626F756E6473202862756666DA
:108AD0006572206F766572666C6F773F2920666FCE
:108AE00072206D656D6F72792061742025700A00A7
:108AF0006279746573203E20686561705F666F6F90
:108B00007465725F6279746573286279746573291C
:108B10000009686561702073697A65206973207443
:108B20006F6F20736D616C6C0A00686561705F73B4
:108B30007A203E206368756E6B737A2873697A6554
:108B40006F6628737472756374207A5F68656170EC
:108B50002929006368756E6B305F73697A65202B15
:108B6000206D696E5F6368756E6B5F73697A6528E7
:108B70006829203C3D20686561705F737A00574525
:108B800053545F544F504449522F7A65706879723C
:108B90002F6C69622F6F732F63627072696E7466D7
:108BA0005F7061636B616765642E63000953747263
:108BB000696E67207769746820746F6F206D616ECD
:108BC0007920617267756D656E74730A000973743C
:108BD000725F7074725F706F735B5D20746F6F2073
:108BE000736D616C6C0A0009756E657870656374ED
:108BF00065642073697A652025750A0009746F6FB2
:108C0000206D616E7920666F726D6174206172678C
:108C1000730A00696E5F7061636B61676564202130
:108C20003D202828766F6964202A2930290028757C
:108C30006E7369676E6564292063686172202A20FB
:108C40007573656420666F722025257020617267D8
:108C5000756D656E742E2049742773207265636F7D
:108C60006D6D656E64656420746F2063617374203C
:108C7000697420746F20766F6964202A20626563AE
:108C800061757365206974206D6179206361757306
:108C900065206D69736265686176696F7220696EBF
:108CA000206365727461696E20636F6E66696775B3
:108CB000726174696F6E732E20537472696E673AB5
:108CC0002225732220617267756D656E743A256482
:108CD00000736370795F636E74203C2073697A65FA
:108CE0006F66286370795F7374725F706F732900A9
:108CF0006B6565705F636E74203C2073697A656F85
:108D000066286B6565705F7374725F706F7329009E
:108D100063627072696E74665F7061636B616765D0
:108D200000574553545F544F504449522F7A657051
:108D30006879722F6C69622F6F732F666474616239
:108D40006C652E63006664203C20282873697A6570
:108D50005F742920282828696E74292073697A6530
:108D60006F6628636861725B31202D2032202A20D3
:108D70002128215F5F6275696C74696E5F74797018
:108D800065735F636F6D70617469626C655F702895
:108D90005F5F747970656F665F5F28666474616297
:108DA0006C65292C205F5F747970656F665F5F2842
:108DB000262866647461626C65295B305D29292907
:108DC0005D29202D203129202B202873697A656F99
:108DD000662866647461626C6529202F2073697A45
:108DE000656F66282866647461626C65295B305D16
:108DF0002929292900286E696C2900574553545F99
:108E0000544F504449522F7A65706879722F6C69BB
:108E1000622F6F732F6D7073635F706275662E6360
:108E200000657272203D3D203000574553545F5419
:108E30004F504449522F7A65706879722F6C69627D
:108E40002F7574696C732F6F6E6F66662E63007377
:108E500074617465203D3D20305500217379735F46
:108E6000736C6973745F69735F656D7074792826BC
:108E70006D67722D3E636C69656E74732900747240
:108E8000616E73697420213D202828766F69642003
:108E90002A293029007374617465203D3D202831F2
:108EA000554C203C3C2028312929006D67722D3E0D
:108EB00072656673203D3D203000737461746520D7
:108EC0003D3D202831554C203C3C202830292900AC
:108ED000574553545F544F504449522F7A65706838
:108EE00079722F6C69622F7574696C732F6E6F7451
:108EF0006966792E6300574553545F544F50444977
:108F0000522F7A65706879722F6C69622F75746957
:108F10006C732F72696E675F6275666665722E6329
:108F2000004E5653206E6F7420696E697469616CCF
:108F3000697A656400436F756C64206E6F74206F8E
:108F4000627461696E20666C617368207061726121
:108F50006D657465727300556E737570706F7274A1
:108F6000656420777269746520626C6F636B20732F
:108F7000697A6500556E61626C6520746F20676563
:108F800074207061676520696E666F00496E766156
:108F90006C696420736563746F722073697A65000D
:108FA000436F6E66696775726174696F6E20657272
:108FB000726F72202D20736563746F7220636F75FA
:108FC0006E740066735F6E7673006C6F6767696EB0
:108FD0006700574553545F544F504449522F7A65A8
:108FE000706879722F7375627379732F6C6F67670E
:108FF000696E672F6C6F675F636F72652E63006CBD
:109000006F675F6261636B656E645F636F756E74DB
:109010005F6765742829203C2028283332202F20C0
:10902000335529202D202831202B2030292900627A
:1090300061636B656E64203C3D205F6C6F675F62AF
:1090400061636B656E645F6C6973745F656E640009
:1090500009756E6578706563746564206C697374F6
:1090600020656E64206C6F636174696F6E0A006CBA
:109070006F675F6261636B656E645F636F756E746B
:109080005F6765742829203E2030006C6F670057A9
:109090004553545F544F504449522F7A6570687954
:1090A000722F7375627379732F6C6F6767696E6760
:1090B0002F6C6F675F6D676D742E63006C696E6BEC
:1090C000203C3D205F6C6F675F6C696E6B5F6C6905
:1090D00073745F656E6400574553545F544F50443A
:1090E00049522F7A65706879722F696E636C756466
:1090F000652F7A65706879722F6C6F6767696E6724
:109100002F6C6F675F6261636B656E642E680062CF
:1091100061636B656E6420213D202828766F696449
:10912000202A29302900736F757263655F69642096
:109130003C206C6F675F7372635F636E745F67651B
:109140007428646F6D61696E5F696429006C6F6774
:109150005F6D676D74004D657373616765202822CC
:10916000257322292064726F7070656420626563C4
:109170006175736520697420657863656564732023
:1091800073697A65206C696D69746174696F6E20AA
:109190002825752900574553545F544F5044495270
:1091A0002F7A65706879722F7375627379732F6C7B
:1091B0006F6767696E672F6C6F675F6D73672E638C
:1091C000006C656E203E3D203000574553545F547F
:1091D0004F504449522F7A65706879722F737562C7
:1091E0007379732F6C6F6767696E672F6C6F675F3A
:1091F0006F75747075742E63006F75745F63747827
:109200002D3E636F6E74726F6C5F626C6F636B2D5B
:109210003E6F6666736574203C3D206F75745F63B6
:1092200074782D3E73697A65006C6576656C203CB8
:109230003D203400257320005B2530386C755D209F
:10924000005B253032753A253032753A253032755B
:109250002E253033752C253033755D200025732F76
:10926000003C25733E200025733A20006572722071
:109270003E3D203000202020007C00206D6573736F
:10928000616765732064726F70706564202D2D2D89
:109290000D0A1B5B306D001B5B313B33316D2D2D97
:1092A0002D20001B5B313B33316D001B5B313B33A9
:1092B000336D0077726E00696E66006462670057F6
:1092C0004553545F544F504449522F7A6570687922
:1092D000722F7375627379732F73657474696E6717
:1092E000732F7372632F73657474696E67732E6363
:1092F000006368203C3D205F73657474696E67731A
:109300005F68616E646C65725F7374617469635FDA
:109310006C6973745F656E64007365742D76616C3F
:109320007565206661696C7572652E206B65793A8A
:10933000202573206572726F7228256429006B6581
:10934000726E656C004B65726E656C20636F6D6D3F
:10935000616E6473006379636C65733A20257520D0
:109360006877206379636C65730A006379636C6561
:1093700073004B65726E656C206379636C65732E48
:1093800000556E61626C6520746F20706172736548
:1093900020696E7075742028657272202564290A10
:1093A00000557074696D653A20256C6C75206D737D
:1093B0000A002D70002D2D70726574747900556E41
:1093C000737570706F72746564206F7074696F6EFE
:1093D0003A2025730A00757074696D653A20256C12
:1093E0006C7520646179732C20256C6C7520686F16
:1093F0007572732C20256C6C75206D696E757465A3
:10940000732C20256C6C75207365636F6E64732CF0
:1094100020256C6C75206D696C6C697365636F6E6B
:1094200064730A00757074696D65004B65726E65D2
:109430006C20757074696D652E2043616E206265C5
:109440002063616C6C65642077697468207468655A
:10945000202D70206F72202D2D707265747479200C
:109460006F7074696F6E7300342E312E3939005A63
:1094700065706879722076657273696F6E202573E6
:109480000A004B65726E656C2076657273696F6E4B
:109490002E004661696C656420746F20726561649A
:1094A000206B65726E656C2073797374656D2068CE
:1094B00065617020737461746973746963732028C3
:1094C000657272202564290A00667265653A20205B
:1094D000202020202020202020257A750A00616C81
:1094E0006C6F63617465643A202020202020257A07
:1094F000750A006D61782E20616C6C6F6361746514
:10950000643A20257A750A0053797374656D206872
:109510006561702075736167652073746174697328
:10952000746963732E005468697320636F6D6D6195
:109530006E6420697320646570726563617465642C
:109540002061732069742069732061206475706CD8
:1095500069636174652E2055736520276C6F6720E1
:10956000656E61626C652720636F6D6D616E64204E
:1095700066726F6D206C6F6767696E6720636F6DD1
:109580006D616E6473207365742E0A00556E61629E
:109590006C6520746F207061727365206C6F67203A
:1095A0007365766572697479202865727220256406
:1095B000290A00496E76616C6964206C6F67206CC3
:1095C0006576656C3A2025640A00556E61626C65AB
:1095D00020746F2066696E64206C6F6720736F75EE
:1095E0007263653A2025730A006C6F675F6C65765D
:1095F000656C003C6D6F64756C65206E616D653ED9
:10960000203C73657665726974792028302D342981
:109610003E004B65726E656C2074687265616473A0
:109620002E005363686564756C65723A2025752059
:1096300073696E6365206C6173742063616C6C0A7E
:1096400000546872656164733A0A004E41002573E4
:10965000257020252D3130730A00096F7074696FF1
:109660006E733A20307825782C207072696F726999
:1096700074793A2025642074696D656F75743A2099
:10968000256C6C640A000973746174653A20257353
:109690002C20656E7472793A2025700A00556E612F
:1096A000626C6520746F2064657465726D696E65A7
:1096B00020756E7573656420737461636B207369C4
:1096C0007A6520282564290A0A0009737461636B8E
:1096D0002073697A6520257A752C20756E757365FF
:1096E0006420257A752C20757361676520257A754D
:1096F000202F20257A7520282575202525290A0A5E
:10970000004C697374206B65726E656C20746872AE
:10971000656164732E00574553545F544F5044495C
:10972000522F7A65706879722F7375627379732F0F
:109730007368656C6C2F6D6F64756C65732F6B65EA
:10974000726E656C5F736572766963652F7468729B
:109750006561642F737461636B732E6300257020E1
:109760004952512025303264202573287265616C7E
:109770002073697A652025347A75293A09756E75E2
:109780007365642025347A750975736167652025D2
:10979000347A75202F2025347A75202825327A7561
:1097A000202525290A00257020252D3332732028F5
:1097B0007265616C2073697A652025347A75293A5F
:1097C00009756E757365642025347A750975736142
:1097D00067652025347A75202F2025347A75202856
:1097E000253275202525290A00737461636B730087
:1097F0004C6973742074687265616473207374615A
:10980000636B2075736167652E00546872656164CF
:10981000204944202570206973206E6F7420766182
:109820006C69640A004572726F723A5368656C6CB9
:10983000207468726561642063616E6E6F7420626B
:10984000652073757370656E6465640A0054687290
:109850006561642025702073757370656E6465643E
:109860000A0073757370656E64006B65726E656C6B
:10987000207468726561642073757370656E64200E
:109880003C7468726561645F69643E004572726F22
:10989000723A5368656C6C20746872656164206309
:1098A000616E6E6F7420626520726573756D65649C
:1098B0000A005468726561642025702072657375B2
:1098C0006D65640A00726573756D65006B65726E17
:1098D000656C2074687265616420726573756D656E
:1098E000203C7468726561645F69643E0045727211
:1098F0006F723A5368656C6C20746872656164209D
:1099000063616E6E6F74206265206B696C6C656458
:109910000A000A20546872656164202570206B6912
:109920006C6C65640A006B696C6C006B65726E65CB
:109930006C20746872656164206B696C6C203C7487
:1099400068726561645F69643E0052454144590034
:1099500044495341424C45440064657669636573EC
:109960003A0A005B25705D002D20257300202044FD
:1099700054206E6F6465206C6162656C733A00649C
:1099800065766963650044657669636520636F6D1C
:109990006D616E6473004C69737420636F6E6669E9
:1099A0006775726564206465766963657300256414
:1099B0002D253032752D2530327520253032753AFF
:1099C000253032753A25303275205554430A004906
:1099D0006E76616C696420686F75720A00496E76F4
:1099E000616C6964206D696E7574650A00496E76F4
:1099F000616C6964207365636F6E640A00496E76FA
:109A0000616C6964206D6F6E74680A00496E7661DE
:109A10006C6964206461790A004661696C65642040
:109A2000746F2063616C63756C617465207365632A
:109A30006F6E64732073696E63652045706F636831
:109A40000A00436F756C64206E6F74207365742018
:109A5000646174652025640A006461746500446172
:109A6000746520636F6D6D616E6473005B592D6D5D
:109A70002D645D203C483A4D3A533E0067657400C2
:109A80005B6E6F6E655D00574553545F544F504495
:109A900049522F7A65706879722F73756273797382
:109AA0002F7368656C6C2F6261636B656E64732FD6
:109AB0007368656C6C5F756172742E630052582018
:109AC00072696E67206275666665722066756C6C79
:109AD0002E007368656C6C2E7368656C6C5F7561C5
:109AE000727400646573683A7E2420007368656C44
:109AF0006C5F756172745F6261636B656E64005365
:109B00007562636F6D6D616E64733A0A006E6F7497
:109B1000207465726D696E617465643A2025630A0C
:109B200000506C65617365207370656369667920A8
:109B30006120737562636F6D6D616E642E0A003A09
:109B400020636F6D6D616E64206E6F7420666F753B
:109B50006E6400546F6F206D616E7920617267755D
:109B60006D656E747320696E2074686520636F6D17
:109B70006D616E642E0A0025733A2077726F6E67EE
:109B800020706172616D6574657220636F756E74AB
:109B90000A00574553545F544F504449522F7A6539
:109BA000706879722F7375627379732F7368656C3F
:109BB0006C2F7368656C6C2E63006D617463682034
:109BC000213D202828766F6964202A2930290063E6
:109BD0006F6C756D6E7320213D2030000A25732552
:109BE00073006D617463680073682D3E6374782040
:109BF00026262073682D3E696661636500574152D1
:109C00004E494E473A2041207072696E7420726549
:109C1000717565737420776173206465746563740E
:109C20006564206F6E206E6F742061637469766561
:109C3000207368656C6C206261636B656E642E0ACC
:109C40000073682D3E6374780073682D3E637478EA
:109C50002026262073682D3E6966616365202626CE
:109C60002073682D3E64656661756C745F70726FF9
:109C70006D7074005368656C6C2074687265616403
:109C8000206572726F723A2025640009546872650B
:109C9000616420636F6E7465787420726571756994
:109CA0007265642E0A007A5F666C61675F636D643B
:109CB0005F6374785F67657428736829207C7C20F3
:109CC000286B5F63757272656E745F6765742829AF
:109CD00020213D2073682D3E6374782D3E746964A5
:109CE000290073682D3E667072696E74665F6374D6
:109CF0007800666D7400506C6561736520707265E4
:109D0000737320746865203C5461623E20627574F0
:109D1000746F6E20746F2073656520616C6C2061B8
:109D20007661696C61626C6520636F6D6D616E64F4
:109D3000732E0A00596F752063616E20616C736F1A
:109D40002075736520746865203C5461623E206212
:109D50007574746F6E20746F2070726F6D707420E4
:109D60006F72206175746F2D636F6D706C657465B3
:109D700020616C6C20636F6D6D616E6473206F7217
:109D80002069747320737562636F6D6D616E6473A7
:109D90002E0A00596F752063616E207472792074E9
:109DA0006F2063616C6C20636F6D6D616E647320F6
:109DB00077697468203C2D683E206F72203C2D2D01
:109DC00068656C703E20706172616D6574657220AB
:109DD000666F72206D6F726520696E666F726D615D
:109DE00074696F6E2E0A000A5368656C6C20737577
:109DF00070706F72747320666F6C6C6F77696E67CA
:109E0000206D6574612D6B6579733A0A2020437467
:109E1000726C202B202861206B65792066726F6D33
:109E20003A206162636465666B6C6E707577290AAF
:109E30002020416C7420202B202861206B65792024
:109E400066726F6D3A206266290A506C65617365AF
:109E500020726566657220746F207368656C6C2073
:109E6000646F63756D656E746174696F6E20666F83
:109E700072206D6F72652064657461696C732E0A5F
:109E8000000A417661696C61626C6520636F6D6D7B
:109E9000616E64733A0A002873682D3E7368656CBE
:109EA0006C5F666C6167203D3D205348454C4C5FBC
:109EB000464C41475F43524C465F44454641554CF2
:109EC0005429207C7C202873682D3E7368656C6C57
:109ED0005F666C6167203D3D205348454C4C5F46B2
:109EE0004C41475F4F4C465F43524C462900217A14
:109EF0005F666C61675F636D645F6374785F6765FD
:109F00007428736829000946756E6374696F6E2042
:109F100063616E6E6F742062652063616C6C656452
:109F20002066726F6D20636F6D6D616E6420636F6C
:109F30006E746578740A005072696E747320746868
:109F4000652068656C70206D6573736167652E00B0
:109F5000574553545F544F504449522F7A657068A7
:109F600079722F7375627379732F7368656C6C2FB8
:109F70007368656C6C5F7574696C732E6300646CD8
:109F80006F6320213D202828766F6964202A2930BC
:109F900029001B5B2564256300574553545F544FCC
:109FA000504449522F7A65706879722F73756273C5
:109FB00079732F7368656C6C2F7368656C6C5F6F59
:109FC00070732E630073682026262064617461001C
:109FD0006C656E677468203E3D20746D705F636EC3
:109FE00074001B5B313B3325646D001B5B343033E5
:109FF00025646D007A5F666C61675F73796E635F7D
:10A000006D6F64655F67657428736829207C7C20A8
:10A01000216B5F69735F696E5F6973722829002025
:10A020002D20002020004C6F7374206C6F67733AF2
:10A0300020256C750A005B2533645D2025730A00BA
:10A040006F66660020756E6B6E6F776E2070617242
:10A05000616D657465723A200025733A2573257326
:10A060000A004563686F207374617475733A202524
:10A07000730A00416374697665207368656C6C20AF
:10A080006261636B656E64733A0A00202025326456
:10A090002E203A257320282573290A00574553544A
:10A0A0005F544F504449522F7A65706879722F730C
:10A0B00075627379732F7368656C6C2F7368656C48
:10A0C0006C5F636D64732E63006F626A203C3D2099
:10A0D0005F7368656C6C5F6C6973745F656E640058
:10A0E0004E6F20726573706F6E73652066726F6D50
:10A0F00020746865207465726D696E616C2C2061D6
:10A100007373756D656420383078323420736372F0
:10A1100065656E2073697A650A001B5B366E007296
:10A12000657476616C005072696E74207265747526
:10A13000726E2076616C7565206F66206D6F73742A
:10A1400020726563656E7420636F6D6D616E64006F
:10A15000436F6E736F6C65206765747320746572EE
:10A160006D696E616C2073637265656E2073697AC8
:10A1700065206F7220617373756D65732064656609
:10A1800061756C7420696E20636173652074686505
:10A1900020726561646F7574206661696C732E202E
:10A1A0004974206D757374206265206578656375E8
:10A1B00074656420616674657220656163682074EB
:10A1C00065726D696E616C2077696474682063687C
:10A1D000616E676520746F20656E737572652063AC
:10A1E0006F7272656374207465787420646973702B
:10A1F0006C61792E00686973746F727900436F6DBA
:10A200006D616E6420686973746F72792E00736873
:10A21000656C6C0055736566756C2C206E6F7420D0
:10A22000556E69782D6C696B65207368656C6C2060
:10A23000636F6D6D616E64732E00436C6561722097
:10A2400073637265656E2E0072656D0049676E6F8F
:10A250007265206C696E657320626567696E6E69F0
:10A260006E672077697468202772656D2027006407
:10A27000656661756C7400417373756D6520383067
:10A280002063686172732073637265656E207769FD
:10A2900064746820616E642073656E6420746869FC
:10A2A000732073657474696E6720746F20746865B9
:10A2B000207465726D696E616C2E006261636B65FE
:10A2C0006E6473004C6973742061637469766520F1
:10A2D0007368656C6C206261636B656E64732E0AD3
:10A2E000006261636B73706163655F6D6F646500CD
:10A2F000546F67676C65206261636B73706163653F
:10A30000206B6579206D6F64652E0A536F6D652033
:10A310007465726D696E616C7320617265206E6F19
:10A32000742073656E64696E672073657061726115
:10A3300074652065736361706520636F6465206672
:10A340006F72206261636B737061636520616E641C
:10A350002064656C65746520627574746F6E2E2060
:10A360005468697320636F6D6D616E6420666F72EF
:10A37000636573207368656C6C20746F20696E74FC
:10A380006572707265742064656C657465206B65B8
:10A3900079206173206261636B73706163652E0065
:10A3A000636F6C6F727300546F67676C6520636FC7
:10A3B0006C6F7265642073796E7461782E007674A8
:10A3C00031303000546F67676C65207674313030FF
:10A3D00020636F6D6D616E64732E00546F67676CE0
:10A3E000652070726F6D70742E006563686F005425
:10A3F0006F67676C65207368656C6C206563686F58
:10A400002E007374617473005368656C6C207374F0
:10A4100061746973746963732E006261636B737036
:10A420006163650053657420646966666572656E74
:10A43000742065736361706520636F646520666F67
:10A4400072206261636B737061636520616E64206A
:10A4500064656C657465206B65792E0064656C6558
:10A46000746500536574207468652073616D6520A0
:10A4700065736361706520636F646520666F722029
:10A480006261636B737061636520616E64206465F3
:10A490006C657465206B65792E0052657365742058
:10A4A0007368656C6C207374617469737469637329
:10A4B00020666F7220746865204C6F676765722034
:10A4C0006D6F64756C652E0073686F7700476574F7
:10A4D000207368656C6C207374617469737469634C
:10A4E0007320666F7220746865204C6F67676572B1
:10A4F000206D6F64756C652E0044697361626C65D4
:10A50000207368656C6C206563686F2E20456469F4
:10A5100074696E67206B65797320616E64206D6568
:10A5200074612D6B65797320617265206E6F742084
:10A5300068616E646C656400456E61626C65207371
:10A5400068656C6C206563686F2E00446973616296
:10A550006C652070726F6D70742E00456E61626C58
:10A56000652070726F6D70742E0044697361626C47
:10A570006520767431303020636F6D6D616E647369
:10A580002E00456E61626C65207674313030206338
:10A590006F6D6D616E64732E0044697361626C65EA
:10A5A00020636F6C6F7265642073796E7461782EAE
:10A5B00000456E61626C6520636F6C6F726564202C
:10A5C00073796E7461782E00666C617368002A2A54
:10A5D0002A20426F6F74696E67206E524620436F67
:10A5E0006E6E6563742053444B2076332E312E31CA
:10A5F0002D653261393766653235373861202A2A50
:10A600002A0A002A2A2A205573696E67205A657023
:10A61000687972204F532076342E312E39392D66C9
:10A620006638663063353739656562202A2A2A0A1A
:10A630000072302F61313A20203078253038782070
:10A640002072312F61323A2020307825303878203E
:10A650002072322F61333A2020307825303878004C
:10A6600072332F61343A20203078253038782072C8
:10A6700031322F69703A20203078253038782072B6
:10A6800031342F6C723A2020307825303878002011
:10A69000787073723A202030782530387800735BF8
:10A6A0002532645D3A2020307825303878202073B8
:10A6B0005B2532645D3A20203078253038782020C0
:10A6C000735B2532645D3A2020307825303878205D
:10A6D00020735B2532645D3A20203078253038784D
:10A6E0000066707363723A20203078253038780025
:10A6F00072342F76313A2020307825303878202077
:10A7000072352F76323A2020307825303878202064
:10A7100072362F76333A2020307825303878007220
:10A72000372F76343A202030782530387820207240
:10A73000382F76353A20203078253038782020722E
:10A74000392F76363A20203078253038780072312B
:10A75000302F76373A203078253038782020723103
:10A76000312F76383A203078253038782020202054
:10A770007073703A2020307825303878004558437F
:10A780005F52455455524E3A203078253078004675
:10A7900061756C74696E6720696E73747275637429
:10A7A000696F6E206164647265737320287231353D
:10A7B0002F7063293A2030782530387800556E683C
:10A7C000616E646C6564204952516E3A20256400C4
:10A7D0002A2A2A2A2A204D5055204641554C5420D9
:10A7E0002A2A2A2A2A002020537461636B696E6723
:10A7F000206572726F722028636F6E7465787420A2
:10A8000061726561206D69676874206265206E6F92
:10A81000742076616C696429002020556E73746120
:10A82000636B696E67206572726F720020204461ED
:10A830007461204163636573732056696F6C617442
:10A84000696F6E0020204D4D464152204164647274
:10A850006573733A2030782578002020496E737430
:10A8600072756374696F6E204163636573732056FC
:10A87000696F6C6174696F6E002020466C6F617443
:10A88000696E672D706F696E74206C617A792073C0
:10A890007461746520707265736572766174696F36
:10A8A0006E206572726F7200574553545F544F505B
:10A8B0004449522F7A65706879722F617263682FEC
:10A8C00061726D2F636F72652F636F727465785F4D
:10A8D0006D2F6661756C742E630021282828534300
:10A8E000425F54797065202A292028283078453025
:10A8F000303045303030554C29202B2030783044D2
:10A900003030554C2920292D3E43465352202620D5
:10A910002831554C203C3C20283055202B203455E4
:10A920002929290009537461636B696E67206F726E
:10A930002044617461204163636573732056696FBD
:10A940006C6174696F6E206572726F7220776974C2
:10A95000686F757420737461636B206775617264CE
:10A960002C20757365722D6D6F6465206F72206E7B
:10A97000756C6C2D706F696E74657220646574659A
:10A980006374696F6E0A0A002A2A2A2A2A205553FC
:10A99000414745204641554C54202A2A2A2A2A005C
:10A9A00020204469766973696F6E206279207A6528
:10A9B000726F002020556E616C69676E6564206D52
:10A9C000656D6F7279206163636573730020205336
:10A9D0007461636B206F766572666C6F7720286395
:10A9E0006F6E746578742061726561206E6F74207B
:10A9F00076616C6964290020204E6F20636F70724D
:10AA00006F636573736F7220696E737472756374AC
:10AA1000696F6E73002020496C6C6567616C206CF7
:10AA20006F6164206F66204558435F52455455520C
:10AA30004E20696E746F205043002020496C6C6575
:10AA400067616C20757365206F66207468652045AA
:10AA5000505352002020417474656D707420746FDF
:10AA6000206578656375746520756E646566696ECA
:10AA7000656420696E737472756374696F6E002A01
:10AA80002A2A2A2A20425553204641554C54202A2E
:10AA90002A2A2A2A002020537461636B696E67207A
:10AAA0006572726F72002020507265636973652051
:10AAB0006461746120627573206572726F72002028
:10AAC000204246415220416464726573733A2030DB
:10AAD000782578002020496D707265636973652060
:10AAE0006461746120627573206572726F720020F8
:10AAF00020496E737472756374696F6E206275732A
:10AB0000206572726F72005265736572766564209B
:10AB1000457863657074696F6E2028005370757294
:10AB2000696F757320696E74657272757074202810
:10AB3000495251200065736620213D202828766FF8
:10AB40006964202A293029000945534620636F751E
:10AB50006C64206E6F742062652072657472696522
:10AB6000766564207375636365737366756C6C7961
:10AB70002E205368616C6C206E65766572206F6361
:10AB80006375722E0A00457863657074696F6E2074
:10AB90006F6363757272656420696E2053656375B7
:10ABA0007265205374617465002A2A2A2A2A204873
:10ABB000415244204641554C54202A2A2A2A2A0030
:10ABC0002020427573206661756C74206F6E20764C
:10ABD0006563746F72207461626C65207265616474
:10ABE0000020204465627567206576656E740020DC
:10ABF000204661756C7420657363616C6174696F64
:10AC00006E20287365652062656C6F77290041525C
:10AC100043485F4558434550542077697468207213
:10AC20006561736F6E2025780A00094661756C7442
:10AC300020657363616C6174696F6E2077697468F5
:10AC40006F75742046535220696E666F0A0009487A
:10AC50006172644661756C7420776974686F75748D
:10AC6000204846535220696E666F205368616C6CB1
:10AC7000206E65766572206F636375720A002A2AFA
:10AC80002A2A2A204465627567206D6F6E69746F89
:10AC90007220657863657074696F6E202A2A2A2A8B
:10ACA0002A002A2A2A2A2A20257320256429202AD4
:10ACB0002A2A2A2A00574553545F544F5044495278
:10ACC0002F7A65706879722F617263682F61726D77
:10ACD0002F636F72652F636F727465785F6D2F6677
:10ACE00070752E630062756666657220213D2028AE
:10ACF00028766F6964202A29302900574553545F0C
:10AD0000544F504449522F7A65706879722F61729E
:10AD100063682F61726D2F636F72652F636F72743A
:10AD200065785F6D2F6972715F6D616E6167652E09
:10AD300063007072696F203C3D20282831554C20FB
:10AD40003C3C2028332929202D2031290009696E17
:10AD500076616C6964207072696F726974792025FC
:10AD60006420666F722025642069727121207661EB
:10AD70006C756573206D757374206265206C6573E6
:10AD800073207468616E20256C750A0A006D7075F9
:10AD9000004661696C656420746F20616C6C6F6340
:10ADA000617465206E6577204D5055207265676926
:10ADB0006F6E2025750A00506172746974696F6E38
:10ADC0002025753A2073616E697479206368656324
:10ADD0006B206661696C65642E00496E76616C69F2
:10ADE0006420756E6465726C79696E672072656740
:10ADF000696F6E20696E646578202575005745532C
:10AE0000545F544F504449522F7A65706879722FBD
:10AE1000617263682F61726D2F636F72652F6D7041
:10AE2000752F61726D5F6D70752E630009436F6ED3
:10AE30006669677572696E67202575207374617421
:10AE40006963204D505520726567696F6E73206687
:10AE500061696C65640A0A00094D61726B696E670D
:10AE600020257520617265617320666F7220647998
:10AE70006E616D696320726567696F6E73206661CC
:10AE8000696C65640A0A00095265717565737420FE
:10AE9000746F20636F6E6669677572653A202575F9
:10AEA00020726567696F6E732028737570706F729A
:10AEB0007465643A202575290A0A0021287265679D
:10AEC000696F6E5B6964785D2E64745F617474721F
:10AED0002026202831554C203C3C20283029292987
:10AEE000000952414D5F4E4F434143484520776929
:10AEF00074682044545F4D454D5F4341434845418C
:10AF0000424C45206174747269627574650A0A0066
:10AF1000094661696C656420746F20616C6C6F63B5
:10AF2000617465204D505520726567696F6E73209E
:10AF300066726F6D2044540A0A00464C4153485FC4
:10AF400030005352414D5F3000574553545F544FCA
:10AF5000504449522F7A65706879722F6C69622F5C
:10AF60006C6962632F6E65776C69622F6C696263CE
:10AF70002D686F6F6B732E63002828282873697AF9
:10AF8000655F7429283132382929203C3C20313032
:10AF900029202D2028282875696E747074725F74BA
:10AFA000292028265F656E642929202D20307832DB
:10AFB000303032303030302929203E3D203230349C
:10AFC0003800096D656D6F7279207370616365205B
:10AFD000617661696C61626C6520666F72206E6576
:10AFE000776C69622068656170206973206C657395
:10AFF00073207468616E20746865206D696E696D78
:10B00000756D2072657175697265642073697A6502
:10B010002073706563696669656420627920434FB7
:10B020004E4649475F4E45574C49425F4C49424363
:10B030005F4D494E5F52455155495245445F484521
:10B0400041505F53495A450A002A6C6F636B2021B7
:10B050003D202828766F6964202A29302900096E4E
:10B060006F6E2D726563757273697665206C6F63A0
:10B070006B20616C6C6F636174696F6E20666169CF
:10B080006C65640A00097265637572736976652080
:10B090006C6F636B20616C6C6F636174696F6E20A1
:10B0A0006661696C65640A0061626F727428290ABE
:10B0B00000574553545F544F504449522F7A65709E
:10B0C0006879722F6C69622F706F7369782F6F7057
:10B0D00074696F6E732F626172726965722E63009C
:10B0E000574553545F544F504449522F7A65706806
:10B0F00079722F696E636C7564652F7A65706879F3
:10B10000722F7379732F74696D657574696C2E680D
:10B110000074696D65737065635F69735F76616CF8
:10B1200069642874732900574553545F544F504441
:10B1300049522F7A65706879722F6C69622F706F2F
:10B140007369782F6F7074696F6E732F636C6F63A0
:10B150006B5F636F6D6D6F6E2E63005F5F72632058
:10B160003D3D203000094661696C656420746F20A4
:10B17000676976652073656D3A2025640A005F5F14
:10B180007263203E3D203000094661696C65642091
:10B19000746F2074616B652073656D3A2025640AB5
:10B1A00000574553545F544F504449522F7A6570AD
:10B1B0006879722F696E636C7564652F7A65706843
:10B1C00079722F7379732F73656D2E68002A7263FD
:10B1D000203D3D203100095359535F53454D5F4C8D
:10B1E0004F434B20657869746564207769746820E3
:10B1F000676F746F2C20627265616B206F722072B2
:10B20000657475726E2C20757365205359535F53A6
:10B21000454D5F4C4F434B5F425245414B20696E59
:10B2200073746561642E0A00286120213D2028285E
:10B23000766F6964202A29302929202626207469FE
:10B240006D65737065635F69735F76616C696428AF
:10B25000612900286220213D202828766F6964201A
:10B260002A293029292026262074696D6573706586
:10B27000635F69735F76616C696428622900574572
:10B2800053545F544F504449522F7A657068797215
:10B290002F6C69622F706F7369782F6F7074696F8C
:10B2A0006E732F656E765F636F6D6D6F6E2E6300CC
:10B2B000706F7369785F656E7600706F7369785F21
:10B2C00074696D657200707468726561645F72772D
:10B2D0006C6F636B00574553545F544F5044495251
:10B2E0002F7A65706879722F6C69622F706F73693D
:10B2F000782F6F7074696F6E732F636F6E642E6337
:10B3000000707468726561645F636F6E640070746E
:10B3100068726561645F6B657900574553545F548B
:10B320004F504449522F7A65706879722F6C696268
:10B330002F706F7369782F6F7074696F6E732F6DD4
:10B34000757465782E6300707468726561645F6DF2
:10B3500075746578007074687265616400787369EB
:10B360005F73696E676C655F70726F63657373009E
:10B37000736F6300667300574553545F544F5044D6
:10B3800049522F7A65706879722F73756273797379
:10B390002F72616E646F6D2F72616E646F6D5F6589
:10B3A0006E74726F70795F6465766963652E630091
:10B3B0006465766963655F69735F72656164792846
:10B3C000656E74726F70795F646576290009456EE9
:10B3D00074726F70792064657669636520257320C7
:10B3E0006E6F742072656164790A00574553545F2B
:10B3F000544F504449522F7A65706879722F696EA4
:10B40000636C7564652F7A65706879722F647269F0
:10B41000766572732F656E74726F70792E68006135
:10B4200070692D3E6765745F656E74726F70792008
:10B43000213D202828766F6964202A2930290009B7
:10B4400043616C6C6261636B20706F696E746572CE
:10B450002073686F756C64206E6F74206265204E77
:10B46000554C4C0A00574553545F544F5044495271
:10B470002F7A65706879722F647269766572732F9E
:10B48000636C6F636B5F636F6E74726F6C2F636C52
:10B490006F636B5F636F6E74726F6C5F6E72662E3C
:10B4A000630074797065203C20434C4F434B5F43ED
:10B4B0004F4E54524F4C5F4E52465F545950455F69
:10B4C000434F554E5400636C6F636B4035303030E2
:10B4D00000636C6F636B006866636C6B006C666323
:10B4E0006C6B00636C6F636B5F636F6E74726F6C19
:10B4F000007073612D726E67007073615F726E67AA
:10B5000000696E76616C696420616464726573734E
:10B510003A2030782530386C783A257A7500756E87
:10B52000616C69676E656420616464726573733A07
:10B530002030782530386C783A257A75006E6F7433
:10B5400020776F72642D616C69676E65643A203094
:10B55000782530386C783A257A7500666C617368A6
:10B560002D636F6E74726F6C6C657240333930305E
:10B570003000666C6173685F636F6E74726F6C6CC1
:10B58000657200666C6173685F6E72660057455342
:10B59000545F544F504449522F7A65706879722F26
:10B5A000696E636C7564652F7A65706879722F6453
:10B5B0007269766572732F6770696F2F6770696F34
:10B5C0005F7574696C732E680063616C6C62616393
:10B5D0006B00094E6F2063616C6C6261636B210AC2
:10B5E0000063616C6C6261636B2D3E68616E646CBC
:10B5F000657200094E6F2063616C6C6261636B2041
:10B6000068616E646C6572210A00574553545F543B
:10B610004F504449522F6D6F64756C65732F68618C
:10B620006C2F6E6F726469632F6E7266782F68611B
:10B630006C2F6E72665F6770696F2E68006E72663F
:10B640005F6770696F5F70696E5F70726573656E5A
:10B65000745F636865636B282A705F70696E290088
:10B66000574553545F544F504449522F7A65706880
:10B6700079722F647269766572732F6770696F2FA4
:10B680006770696F5F6E7266782E630065727220F4
:10B690003D3D204E5246585F53554343455353005A
:10B6A00063622D3E68616E646C6572006770696FDD
:10B6B00040383432353030006770696F3000000137
:10B6C0000203040506074661696C656420746F20F7
:10B6D000616C6C6F636174652050504920436861F0
:10B6E0006E6E656C00756172744038303030007574
:10B6F0006172743000756172745F6E7266785F7526
:10B700006172746500504F5349584C595F434F5212
:10B710005245435400574553545F544F5044495287
:10B720002F6E72662F6C69622F6E72665F6D6F642A
:10B73000656D5F6C69622F6E72665F6D6F64656DBB
:10B740005F6C69622E630065203C3D205F6E72660F
:10B750005F6D6F64656D5F6C69625F6466755F6382
:10B76000625F6C6973745F656E64004D6F64656DD4
:10B77000206C69627261727920696E697469616CAA
:10B78000697A6174696F6E206661696C65642C20EA
:10B790006572722025640065203C3D205F6E7266F4
:10B7A0005F6D6F64656D5F6C69625F696E69745F20
:10B7B00063625F6C6973745F656E640057455354D0
:10B7C0005F544F504449522F6E72662F6C69622F3E
:10B7D0006E72665F6D6F64656D5F6C69622F6E720D
:10B7E000665F6D6F64656D5F6F732E630065727267
:10B7F0005F636F6465203E203000095472696564A0
:10B8000020746F20736574206E6567617469766556
:10B81000206572726F7220636F64652C2025640A44
:10B820000075736564203C203800094E6F742065F4
:10B830006E6F7567682073656D6170686F72657390
:10B8400020696E20676C7565206C617965720A00ED
:10B85000282828737472756374206B5F73656D207C
:10B860002A2973656D2920262620282875696E747B
:10B870007074725F742920286E72665F6D6F6465E4
:10B880006D5F6F735F73656D732929203C3D2028C0
:10B890002875696E747074725F7429202828737417
:10B8A00072756374206B5F73656D202A2973656DF3
:10B8B000292920262620282875696E747074725FE5
:10B8C0007429202828737472756374206B5F736504
:10B8D0006D202A2973656D2929203C202828756947
:10B8E0006E747074725F7429202826286E72665FE9
:10B8F0006D6F64656D5F6F735F73656D73295B2832
:10B900002873697A655F742920282828696E74294C
:10B910002073697A656F6628636861725B31202DD8
:10B920002032202A202128215F5F6275696C7469AA
:10B930006E5F74797065735F636F6D706174696257
:10B940006C655F70285F5F747970656F665F5F28F4
:10B950006E72665F6D6F64656D5F6F735F73656D4B
:10B9600073292C205F5F747970656F665F5F28268E
:10B97000286E72665F6D6F64656D5F6F735F736570
:10B980006D73295B305D2929295D29202D203129FE
:10B99000202B202873697A656F66286E72665F6D4A
:10B9A0006F64656D5F6F735F73656D7329202F2002
:10B9B00073697A656F6628286E72665F6D6F64655D
:10B9C0006D5F6F735F73656D73295B305D29292926
:10B9D000295D2929290009556E696E697469616CB0
:10B9E000697365642073656D6170686F72650A00C4
:10B9F00075736564203C203100094E6F7420656EBC
:10BA00006F756768206D75746578657320696E2041
:10BA1000676C7565206C617965720A002828287347
:10BA20007472756374206B5F6D75746578202A2954
:10BA30006D757465782920262620282875696E740E
:10BA40007074725F742920286E72665F6D6F646512
:10BA50006D5F6F735F6D7574657865732929203C20
:10BA60003D20282875696E747074725F74292028CF
:10BA700028737472756374206B5F6D7574657820BC
:10BA80002A296D757465782929202626202828758D
:10BA9000696E747074725F742920282873747275CB
:10BAA0006374206B5F6D75746578202A296D7574D9
:10BAB00065782929203C20282875696E7470747275
:10BAC0005F7429202826286E72665F6D6F64656D2D
:10BAD0005F6F735F6D757465786573295B28287374
:10BAE000697A655F742920282828696E7429207373
:10BAF000697A656F6628636861725B31202D203238
:10BB0000202A202128215F5F6275696C74696E5F4D
:10BB100074797065735F636F6D70617469626C6571
:10BB20005F70285F5F747970656F665F5F286E7203
:10BB3000665F6D6F64656D5F6F735F6D757465785B
:10BB40006573292C205F5F747970656F665F5F286D
:10BB500026286E72665F6D6F64656D5F6F735F6DD3
:10BB6000757465786573295B305D2929295D292005
:10BB70002D203129202B202873697A656F66286E65
:10BB800072665F6D6F64656D5F6F735F6D75746511
:10BB900078657329202F2073697A656F6628286E6F
:10BBA00072665F6D6F64656D5F6F735F6D757465F1
:10BBB000786573295B305D292929295D29292900A8
:10BBC00009556E696E697469616C69736564206D8D
:10BBD000757465780A006E72665F6D6F64656D00DE
:10BBE000574553545F544F504449522F6E72662F3D
:10BBF0006C69622F6E72665F6D6F64656D5F6C69F4
:10BC0000622F6366756E5F686F6F6B732E6300657E
:10BC1000203C3D205F6E72665F6D6F64656D5F6C8A
:10BC200069625F61745F6366756E5F63625F6C69B2
:10BC300073745F656E64004D6F64656D206C69623E
:10BC40007261727920646964206E6F7420696E6914
:10BC50007469616C697A653A2025640057455354CC
:10BC60005F544F504449522F7A65706879722F693A
:10BC70006E636C7564652F7A65706879722F647273
:10BC800069766572732F6770696F2E680028666C1D
:10BC900061677320262028283155203C3C20323112
:10BCA00029207C20283155203C3C20323229207C20
:10BCB00020283155203C3C20323329207C2028315B
:10BCC00055203C3C20323429207C20283155203C12
:10BCD0003C20323529207C20283155203C3C203224
:10BCE00036292929203D3D20300009496E746572AE
:10BCF0007275707420666C61677320617265206E66
:10BD00006F7420737570706F727465640A002866B2
:10BD10006C616773202620282831203C3C20342980
:10BD2000207C202831203C3C203529292920213D18
:10BD300020282831203C3C203429207C2028312018
:10BD40003C3C20352929000950756C6C2055702029
:10BD5000616E642050756C6C20446F776E20736840
:10BD60006F756C64206E6F7420626520656E616211
:10BD70006C65642073696D756C74616E656F757345
:10BD80006C790A00212828666C61677320262028B8
:10BD90003155203C3C2031362929202626202128D7
:10BDA000666C616773202620283155203C3C203189
:10BDB0003729292026262028666C616773202620D3
:10BDC0002831203C3C20312929290009496E707511
:10BDD000742063616E6E6F7420626520656E6162AF
:10BDE0006C656420666F7220274F70656E20447208
:10BDF00061696E272C20274F70656E20536F757216
:10BE0000636527206D6F64657320776974686F754B
:10BE100074204F75747075740A0028666C616773BE
:10BE20002026202831203C3C2031292920213D207A
:10BE300030207C7C2028666C6167732026202831A6
:10BE4000203C3C20322929203D3D20300028666CD2
:10BE500061677320262028283155203C3C2031384A
:10BE600029207C20283155203C3C203139292929A2
:10BE7000203D3D2030207C7C2028666C616773204B
:10BE80002620283155203C3C203137292920213DCE
:10BE9000203000094F7574707574206E6565647389
:10BEA00020746F20626520656E61626C6564207429
:10BEB0006F20626520696E697469616C697A656476
:10BEC000206C6F77206F7220686967680A002866A7
:10BED0006C61677320262028283155203C3C203196
:10BEE0003829207C20283155203C3C203139292913
:10BEF0002920213D2028283155203C3C203138295B
:10BF0000207C20283155203C3C203139292900094A
:10BF10004F75747075742063616E6E6F7420626506
:10BF200020696E697469616C697A6564206C6F77E9
:10BF300020616E6420686967680A00286366672D5F
:10BF40003E706F72745F70696E5F6D61736B2026F7
:10BF500020286770696F5F706F72745F70696E73AD
:10BF60005F74292831554C203C3C202870696E298B
:10BF7000292920213D2030550009556E73757070B8
:10BF80006F727465642070696E0A004C45442069C4
:10BF90006E646578206F7574206F66207468652004
:10BFA00072616E67650043616E6E6F7420777269AF
:10BFB0007465204C4544206770696F0043616E6E64
:10BFC0006F7420636F6E666967757265204C4544B7
:10BFD000206770696F00646B5F627574746F6E7355
:10BFE0005F616E645F6C656473004661696C656473
:10BFF00020746F20686F6F6B2074686520646973AC
:10C0000070617463682066756E6374696F6E2C204E
:10C0100065727220256400574553545F544F504455
:10C0200049522F6E72662F6C69622F61745F6D6F5B
:10C030006E69746F722F61745F6D6F6E69746F7269
:10C040002E630065203C3D205F61745F6D6F6E69FB
:10C05000746F725F656E7472795F6C6973745F651B
:10C060006E64004E6F206865617020737061636557
:10C0700020666F7220696E636F6D696E67206E6FE8
:10C0800074696669636174696F6E3A202573006133
:10C09000745F6E6F74696600094E6F206865617029
:10C0A00020737061636520666F7220696E636F6DC7
:10C0B000696E67206E6F74696669636174696F6E1B
:10C0C0003A2025730A006E6F74696620213D20288E
:10C0D00028766F6964202A2930290061745F6D6FAA
:10C0E0006E69746F72006576656E74735F656E61FC
:10C0F000626C6500415420636F6D6D616E642065F4
:10C1000076656E742068616E646C657220656E6120
:10C11000626C65640A006576656E74735F6469734A
:10C1200061626C6500415420636F6D6D616E6420C7
:10C130006576656E742068616E646C6572206469F2
:10C140007361626C65640A0053656E64696E672092
:10C15000415420636F6D6D616E64206661696C652A
:10C16000642077697468206572726F7220636F64EF
:10C17000652025640A00574553545F544F50444985
:10C18000522F6E72662F6C69622F61745F736865DF
:10C190006C6C2F61745F7368656C6C2E6300676CE8
:10C1A0006F62616C5F7368656C6C20213D2028288C
:10C1B000766F6964202A2930290009676C6F6261F3
:10C1C0006C5F7368656C6C20686173206E6F74209F
:10C1D0006265656E2073657420746F2061207661DE
:10C1E0006C6964207368656C6C0A00415420657644
:10C1F000656E742068616E646C65723A0A25730A14
:10C20000006174004578656375746520616E204136
:10C210005420636F6D6D616E640055736167653A9C
:10C22000206174203C737562636F6D6D616E643E56
:10C230000A0A537562636F6D6D616E64733A0A200A
:10C24000206576656E74735F656E61626C65202033
:10C25000202020456E61626C652041542065766522
:10C260006E742068616E646C6572207768696368BB
:10C27000207072696E7473204154206E6F74696609
:10C2800069636174696F6E730A20206576656E74E8
:10C29000735F64697361626C652020202044697358
:10C2A00061626C65204154206576656E742068611A
:10C2B0006E646C65720A0A416E79206F74686572EB
:10C2C00020737562636F6D6D616E642069732069A0
:10C2D0006E74657270726574656420617320415478
:10C2E00020636F6D6D616E6420616E642073656E96
:10C2F0007420746F20746865206D6F64656D2E0AFC
:10C30000004661696C656420746F207365742063F6
:10C310006F6E66696775726174696F6E20286572E9
:10C32000723A20256429006D6F64656D5F616E74DB
:10C33000656E6E610054462D4D206E6F6E2D7365D7
:10C34000637572652063616C6C6261636B20696EFA
:10C35000697469616C697A6174696F6E206661697C
:10C360006C65642C206572726F723A202564002A15
:10C370002A2A2A2A20534543555245204641554CE6
:10C3800054202A2A2A2A2A002020416464726573D4
:10C39000733A2030782578002020496E76616C69E8
:10C3A0006420656E74727920706F696E740020204D
:10C3B000496E76616C696420696E74656772697430
:10C3C00079207369676E6174757265002020496E0B
:10C3D00076616C696420657863657074696F6E203E
:10C3E00072657475726E0020204174747269627592
:10C3F00074696F6E20756E69742076696F6C6174F4
:10C40000696F6E002020496E76616C6964207472D9
:10C41000616E736974696F6E0020204C617A7920B7
:10C420007374617465207072657365727661746986
:10C430006F6E0020204C617A7920737461746520DE
:10C440006572726F72002A2A2A2A2A2053505520B8
:10C45000494E54455252555054202A2A2A2A2A001D
:10C46000202053656375726974792076696F6C61F9
:10C4700074696F6E20666F722074686520666C61E7
:10C480007368206D656D6F727920737061636500EC
:10C49000202053656375726974792076696F6C61C9
:10C4A00074696F6E20666F72207468652052414D0A
:10C4B000206D656D6F727920737061636500202057
:10C4C00053656375726974792076696F6C617469FC
:10C4D0006F6E206F6E206F6E65206F7220736576B1
:10C4E0006572616C207065726970686572616C73E9
:10C4F0002E00574553545F544F504449522F6E728B
:10C50000662F6D6F64756C65732F747275737465C7
:10C51000642D6669726D776172652D6D2F66617528
:10C520006C742E6300675F636F6E746578742E762B
:10C53000616C696400094E6F6E2D73656375726579
:10C540002063616C6C6261636B20776974686F75DE
:10C55000742076616C696420636F6E746578740A08
:10C5600000574553545F544F504449522F6D6F64E8
:10C57000756C65732F68616C2F6E6F726469632FC1
:10C580006E7266782F68616C2F6E72665F64707071
:10C59000692E68006368616E6E656C203C206E7267
:10C5A000665F647070695F6368616E6E656C5F6E14
:10C5B000756D6265725F67657428705F7265672963
:10C5C00000574553545F544F504449522F6D6F6488
:10C5D000756C65732F68616C2F6E6F726469632F61
:10C5E0006E7266782F68656C706572732F6E7266F6
:10C5F000785F677070695F647070692E630074653E
:10C600007000574553545F544F504449522F6D6F3B
:10C6100064756C65732F68616C2F6E6F72646963EB
:10C620002F6E7266782F647269766572732F7372DB
:10C63000632F6E7266785F636C6F636B2E63005757
:10C640004553545F544F504449522F6D6F64756C7D
:10C6500065732F68616C2F6E6F726469632F6E72E1
:10C6600066782F68616C2F6E72665F636C6F636BA8
:10C670002E68006D5F636C6F636B5F63622E6D6F1E
:10C6800064756C655F696E697469616C697A65640B
:10C6900000574553545F544F504449522F6D6F64B7
:10C6A000756C65732F68616C2F6E6F726469632F90
:10C6B0006E7266782F68616C2F6E72665F67706944
:10C6C0006F74652E6800696E646578203C203800C0
:10C6D000574553545F544F504449522F6D6F647502
:10C6E0006C65732F68616C2F6E6F726469632F6E57
:10C6F0007266782F647269766572732F7372632F16
:10C700006E7266785F6770696F74652E630070691A
:10C710006E5F69735F696E70757428705F696E73A0
:10C7200074616E63652C2070696E290070696E5F9C
:10C730006861735F7472696767657228705F696E9C
:10C740007374616E63652C2070696E2900705F637D
:10C7500068616E6E656C00705F696E7374616E63A4
:10C76000652D3E705F726567203D3D2028284E5242
:10C77000465F4750494F54455F547970652A2920D8
:10C7800030783430303331303030554C2900696ED8
:10C79000745F656E61626C6500574553545F544F1A
:10C7A000504449522F6D6F64756C65732F68616CCE
:10C7B0002F6E6F726469632F6E7266782F64726970
:10C7C000766572732F7372632F6E7266785F69700D
:10C7D000632E6300705F636F6E666967006D5F63F1
:10C7E000622E7374617465203D3D204E5246585F41
:10C7F0004452565F53544154455F494E4954494150
:10C800004C495A454400574553545F544F5044498E
:10C81000522F6D6F64756C65732F68616C2F6E6F2E
:10C82000726469632F6E7266782F68616C2F6E7206
:10C83000665F6970632E6800574553545F544F50CC
:10C840004449522F6D6F64756C65732F68616C2F4E
:10C850006E6F726469632F6E7266782F6472697688
:10C860006572732F7372632F6E7266785F6E766D6A
:10C87000632E630062797465735F636F756E7420F5
:10C880003C3D202834202D20627974655F736869EF
:10C890006674290069735F76616C69645F616464C2
:10C8A0007265737328616464722C20302900697387
:10C8B0005F76616C69645F6164647265737328613B
:10C8C0006464722C203129006E7266785F69735F30
:10C8D000776F72645F616C69676E65642828766F34
:10C8E000696420636F6E7374202A296164647229FD
:10C8F0000041542B4346554E3D004F4B0D0A004519
:10C9000052524F520D0A002B434D45204552524F73
:10C91000523A002B434D53204552524F523A005742
:10C920004553545F544F504449522F7A657068798B
:10C93000722F6B65726E656C2F6465766963652E08
:10C940006300646576203C3D205F646576696365BD
:10C950005F6C6973745F656E640048616C74696EC6
:10C96000672073797374656D00556E6B6E6F776EAB
:10C97000206572726F7200756E6B6E6F776E003E1F
:10C980003E3E205A455048595220464154414C2081
:10C990004552524F522025643A202573206F6E2055
:10C9A000435055202564004661756C74206475728F
:10C9B000696E6720696E7465727275707420686143
:10C9C0006E646C696E670A0043757272656E7420DE
:10C9D0007468726561643A202570202825732900E7
:10C9E000574553545F544F504449522F7A657068ED
:10C9F00079722F6B65726E656C2F666174616C2E37
:10CA00006300726561736F6E20213D204B5F45525C
:10CA1000525F4B45524E454C5F50414E49430009D1
:10CA2000417474656D7074656420746F2072656301
:10CA30006F7665722066726F6D2061206B65726E15
:10CA4000656C2070616E696320636F6E64697469E0
:10CA50006F6E0A0043505520657863657074696F86
:10CA60006E00556E68616E646C656420696E7465F5
:10CA7000727275707400537461636B206F766572A7
:10CA8000666C6F77004B65726E656C206F6F7073AC
:10CA9000004B65726E656C2070616E69630057456E
:10CAA00053545F544F504449522F7A6570687972DD
:10CAB0002F6B65726E656C2F696E69742E630074DE
:10CAC00068726561645F64617461203C3D205F5FF2
:10CAD0007374617469635F7468726561645F6461D3
:10CAE00074615F6C6973745F656E640069646C6522
:10CAF000006D61696E006F7300574553545F544F6A
:10CB0000504449522F7A65706879722F6B65726E46
:10CB1000656C2F6B686561702E63002161726368BC
:10CB20005F69735F696E5F6973722829207C7C205E
:10CB3000282874696D656F7574292E7469636B7329
:10CB4000203D3D202828286B5F74696D656F7574E2
:10CB50005F7429207B307D29292E7469636B7329CA
:10CB600000090A0068656170203C3D205F6B5F68CA
:10CB70006561705F6C6973745F656E6400574553DF
:10CB8000545F544F504449522F7A65706879722F20
:10CB90006B65726E656C2F6D656D5F736C61622E77
:10CBA0006300736C6162203C3D205F6B5F6D656D5F
:10CBB0005F736C61625F6C6973745F656E6400576C
:10CBC0004553545F544F504449522F7A65706879E9
:10CBD000722F6B65726E656C2F69646C652E6300D5
:10CBE0005F6B65726E656C2E637075735B305D2E66
:10CBF00063757272656E742D3E626173652E70721C
:10CC0000696F203E3D203000574553545F544F50CC
:10CC10004449522F7A65706879722F6B65726E6520
:10CC20006C2F696E636C7564652F6B7363686564E4
:10CC30002E68007468726561642D3E626173652EB2
:10CC400070656E6465645F6F6E00574553545F5442
:10CC50004F504449522F7A65706879722F6B657214
:10CC60006E656C2F6D73675F712E63002161726357
:10CC7000685F6972715F756E6C6F636B6564286B5A
:10CC8000657929006D7367712D3E77726974655FF0
:10CC9000707472203E3D206D7367712D3E62756623
:10CCA0006665725F7374617274202626206D7367E7
:10CCB000712D3E77726974655F707472203C206DCF
:10CCC0007367712D3E6275666665725F656E64009E
:10CCD000574553545F544F504449522F7A657068FA
:10CCE00079722F6B65726E656C2F6D757465782E19
:10CCF000630021617263685F69735F696E5F697366
:10CD000072282900096D7574657865732063616EFA
:10CD10006E6F74206265207573656420696E736937
:10CD2000646520495352730A006D757465782D3E11
:10CD30006C6F636B5F636F756E74203E20305500BF
:10CD4000574553545F544F504449522F7A65706889
:10CD500079722F6B65726E656C2F73656D2E630033
:10CD60002828617263685F69735F696E5F697372B7
:10CD70002829203D3D203029207C7C2028287469EA
:10CD80006D656F7574292E7469636B73203D3D204A
:10CD90002828286B5F74696D656F75745F7429202E
:10CDA0007B307D29292E7469636B732929005745CF
:10CDB00053545F544F504449522F7A6570687972CA
:10CDC0002F6B65726E656C2F776F726B2E630077B9
:10CDD0006F726B2D3E717565756520213D20282889
:10CDE000766F6964202A29302900776F726B2D3E97
:10CDF00068616E646C657220213D202828766F6919
:10CE000064202A2930290021666C61675F7465738C
:10CE100074282671756575652D3E666C6167732C87
:10CE2000204B5F574F524B5F51554555455F53540B
:10CE300041525445445F42495429007175657565F6
:10CE400000737461636B0064776F726B20213D2007
:10CE50002828766F6964202A293029002B0057453D
:10CE600053545F544F504449522F7A657068797219
:10CE70002F6B65726E656C2F7468726561642E63CA
:10CE800000282828287072696F2929203D3D20310B
:10CE900035202626207A5F69735F69646C655F744C
:10CEA00068726561645F656E7472792828656E7456
:10CEB0007279292929207C7C202828283135202DA9
:10CEC000203129203E3D2028282D313629292920AE
:10CED00026262028287072696F2929203E3D2028A7
:10CEE000282D313629292026262028287072696F9E
:10CEF0002929203C3D20283135202D203129292980
:10CF00000009696E76616C6964207072696F72697C
:10CF1000747920282564293B20616C6C6F776564E7
:10CF20002072616E67653A20256420746F20256445
:10CF30000A000954687265616473206D6179206E1E
:10CF40006F74206265206372656174656420696E28
:10CF500020495352730A0064756D6D7900736C65D6
:10CF60006570696E670064656164007375737065F0
:10CF70006E6465640061626F7274696E67007375D8
:10CF80007370656E64696E670071756575656400C0
:10CF9000574553545F544F504449522F7A65706837
:10CFA00079722F6B65726E656C2F73636865642E82
:10CFB0006300217A5F69735F69646C655F7468728E
:10CFC0006561645F6F626A65637428746872656125
:10CFD000642900574553545F544F504449522F7AA7
:10CFE00065706879722F6B65726E656C2F696E6300
:10CFF0006C7564652F6B7468726561642E68005F80
:10D000006B65726E656C2E637075735B305D2E633D
:10D01000757272656E7420213D202828766F6964D0
:10D02000202A2930290073697A656F66285F736347
:10D030006865645F7370696E6C6F636B29203D3D3A
:10D040002030207C7C206C6F636B20213D20265F8C
:10D0500073636865645F7370696E6C6F636B005FA8
:10D060006B65726E656C2E637075735B305D2E63DD
:10D07000757272656E742D3E626173652E7363689E
:10D0800065645F6C6F636B656420213D20315500E2
:10D090005F6B65726E656C2E637075735B305D2EB1
:10D0A00063757272656E742D3E626173652E736373
:10D0B0006865645F6C6F636B656420213D2030554B
:10D0C00000217465726D696E617465000961626F3B
:10D0D00072746564205F63757272656E742062613C
:10D0E000636B2066726F6D20646561640A00216560
:10D0F0007373656E7469616C000961626F72746547
:10D100006420657373656E7469616C207468726500
:10D1100061642025700A00574553545F544F5044B2
:10D1200049522F7A65706879722F6B65726E656CE3
:10D130002F74696D65736C6963696E672E6300286F
:10D140002874696D656F7574292026262028287536
:10D15000696E747074725F74292028736C696365DA
:10D160005F74696D656F7574732929203C3D2028B3
:10D170002875696E747074725F7429202874696DE3
:10D18000656F7574292920262620282875696E74F4
:10D190007074725F7429202874696D656F757429C5
:10D1A00029203C20282875696E747074725F742978
:10D1B00020282628736C6963655F74696D656F75D7
:10D1C0007473295B282873697A655F74292028287D
:10D1D00028696E74292073697A656F6628636861AF
:10D1E000725B31202D2032202A202128215F5F62AE
:10D1F00075696C74696E5F74797065735F636F6D68
:10D2000070617469626C655F70285F5F74797065C6
:10D210006F665F5F28736C6963655F74696D656FC6
:10D22000757473292C205F5F747970656F665F5F1A
:10D23000282628736C6963655F74696D656F757402
:10D2400073295B305D2929295D29202D2031292072
:10D250002B202873697A656F6628736C6963655F34
:10D2600074696D656F75747329202F2073697A65F1
:10D270006F662828736C6963655F74696D656F7587
:10D280007473295B305D292929295D2929202626E7
:10D290002028282875696E747074725F742920289C
:10D2A00074696D656F75742929202D20282875698A
:10D2B0006E747074725F74292028736C6963655F83
:10D2C00074696D656F757473292929202520736928
:10D2D0007A656F662828736C6963655F74696D652C
:10D2E0006F757473295B305D29203D3D2030290026
:10D2F000574553545F544F504449522F7A657068D4
:10D3000079722F6B65726E656C2F746872656164DB
:10D310005F6D6F6E69746F722E6300757365725FF7
:10D32000636220213D202828766F6964202A2930F5
:10D33000290009757365725F63622063616E206EF8
:10D340006F74206265204E554C4C0A00574553546B
:10D350005F544F504449522F7A65706879722F6B31
:10D3600065726E656C2F74696D656F75742E6300E0
:10D37000217379735F646E6F64655F69735F6C6955
:10D380006E6B65642826746F2D3E6E6F6465290090
:10D39000574553545F544F504449522F7A65706833
:10D3A00079722F6B65726E656C2F706F6C6C2E636B
:10D3B0000009696E76616C6964206576656E74201B
:10D3C00074797065202830782578290A0A006576F6
:10D3D000656E742D3E73656D20213D202828766F83
:10D3E0006964202A2930290009696E76616C6964B4
:10D3F0002073656D6170686F72650A0A00657665F5
:10D400006E742D3E717565756520213D2028287646
:10D410006F6964202A2930290009696E76616C6978
:10D42000642071756575650A0A006576656E742DF0
:10D430003E7369676E616C20213D202828766F69F4
:10D4400064202A2930290009696E76616C6964209C
:10D45000706F6C6C207369676E616C0A0A00657688
:10D46000656E742D3E6D73677120213D20282876EE
:10D470006F6964202A2930290009696E76616C6918
:10D4800064206D6573736167652071756575650AE4
:10D490000A006576656E742D3E7069706520213DC9
:10D4A000202828766F6964202A2930290009696EAE
:10D4B00076616C696420706970650A0A0009696E9A
:10D4C00076616C6964206576656E74207479706528
:10D4D0000A0A006D6F6465203D3D204B5F504F4C44
:10D4E0004C5F4D4F44455F4E4F544946595F4F4E38
:10D4F0004C5900096F6E6C79204E4F544946595F64
:10D500004F4E4C59206D6F646520697320737570A0
:10D51000706F727465640A0A0074797065203C202B
:10D52000282831554C203C3C20285F504F4C4C5F04
:10D530004E554D5F54595045532929290009696EAC
:10D5400076616C696420747970650A0A006F626A9A
:10D5500020213D202828766F6964202A293029005F
:10D56000096D7573742070726F7669646520616EE1
:10D57000206F626A6563740A0A006576656E74736B
:10D5800020213D202828766F6964202A293029002F
:10D59000094E554C4C206576656E74730A0A006E10
:10D5A000756D5F6576656E7473203E3D20300009B1
:10D5B0003C30206576656E74730A0A0057455354F3
:10D5C0005F544F504449522F7A65706879722F6BBF
:10D5D00065726E656C2F6D656D706F6F6C2E63007C
:10D5E00028616C69676E20262028616C69676E204F
:10D5F0002D20312929203D3D20300009616C6967CB
:10D600006E206D757374206265206120706F776580
:10D6100072206F6620320A00616C69676E203D3DA2
:10D620002030207C7C20282875696E747074725FAD
:10D6300074296D656D20262028616C69676E202D28
:10D6400020312929203D3D203000096D6973616C2E
:10D6500069676E6564206D656D6F727920617420F5
:10D6600025702028616C69676E203D20257A752918
:10D670000A00737973776F726B710000202020208D
:10D680002020202020282828282820202020202072
:10D690002020202020202020202020208810101052
:10D6A00010101010101010101010101004040404AA
:10D6B000040404040404101010101010104141411F
:10D6C000414141010101010101010101010101018A
:10D6D000010101010101011010101010104242421D
:10D6E000424242020202020202020202020202025A
:10D6F00002020202020202101010102000000000BC
:10D700000000000000000000000000000000000019
:10D710000000000000000000000000000000000009
:10D7200000000000000000000000000000000000F9
:10D7300000000000000000000000000000000000E9
:10D7400000000000000000000000000000000000D9
:10D7500000000000000000000000000000000000C9
:10D7600000000000000000000000000000000000B9
:10D77000000000000000000000000000232D302BFE
:10D780002000686C4C0065666745464700494E4678
:10D79000004E414E006E616E00303132333435360A
:10D7A000373839414243444546003031323334350D
:10D7B000363738396162636465660065256C6400DC
:10D7C000496E66696E697479004E614E0052454536
:10D7D0004E54206D616C6C6F632073756363656577
:10D7E000646564002F5F5F772F5F74656D702F77BE
:10D7F0006F726B73706163652F6275696C642F2E35
:10D800006275696C642F61726D2D7A6570687972CA
:10D810002D656162692F7372632F6E65776C696223
:10D820002D6E616E6F2F6E65776C69622F6C696209
:10D83000632F7374646C69622F64746F612E63006C
:10D8400042616C6C6F6320737563636565646564C6
:10D85000002F5F5F772F5F74656D702F776F726B2E
:10D8600073706163652F6275696C642F2E627569D0
:10D870006C642F61726D2D7A65706879722D6561A7
:10D8800062692F7372632F6E65776C69622D6E61AA
:10D890006E6F2F6E65776C69622F6C6962632F7390
:10D8A00074646C69622F6764746F612D6765746856
:10D8B00065782E6300504F534958002F5F5F772FD4
:10D8C0005F74656D702F776F726B73706163652F16
:10D8D0006275696C642F2E6275696C642F61726D5C
:10D8E0002D7A65706879722D656162692F73726334
:10D8F0002F6E65776C69622D6E616E6F2F6E657726
:10D900006C69622F6C6962632F7374646C69622F37
:10D910006D707265632E6300412D46612D66383946
:10D9200030313233343536375D002B2D00785800D6
:10D930002C2066756E6374696F6E3A200061737394
:10D94000657274696F6E2022257322206661696C8E
:10D9500065643A2066696C6520222573222C206C50
:10D96000696E65202564257325730A00B946020097
:10D9700000000000D1D4000000000000014D0200B2
:04D9800000000000A3
:10D99C00785634122600000001000100000000003F
:10D9AC00014B0000DA070000ABFFFFFFB9FFFFFFE0
:10D9BC00F4FFFFFF0000000000000000A02526007F
:10D9CC000404120400000000881300000000000092
:10D9DC00000000000000000000000000000000003B
:10D9EC00000000000000000000000000000000002B
:10D9FC00916E030001000000000000006E000000AA
:10DA0C002A710300010000000000000074000000F7
:10DA1C00976E03000100000000000000620000008F
:10DA2C00A06E030001000000000000006400000074
:10DA3C00D76C030001000000000000006D00000026
:10DA4C00FD6F030001000000000000000900000051
:10DA5C00F770030001000000000000000A00000045
:10DA6C000071030001000000000000000B0000002A
:10DA7C00AB6E030001000000000000000400000079
:10DA8C00C76E03000100000000000000050000004C
:10DA9C00E46E03000100000000000000070000001D
:10DAAC00096F0300010000000000000006000000E8
:10DABC00286F0300010000000000000008000000B7
:10DACC004D6F03000100000000000000000000008A
:10DADC005C6F03000100000000000000010000006A
:10DAEC006E6F030001000000000000000200000047
:10DAFC00806F030001000000000000000300000024
:10DB0C00DA57030000000000000000000C000000C9
:10DB1C00DCAB0400000000000000000072000000FC
:10DB2C009B6F03000100000000000000E9030000EF
:10DB3C00A66F03000100000000000000EA030000D3
:10DB4C00AB6F03000100000000000000EB030000BD
:10DB5C00B16F03000100000000000000EC030000A6
:10DB6C00B96F03000100000000000000F203000088
:10DB7C00C26F03000100000000000000F30300006E
:10DB8C00CB6F03000100000000000000F403000054
:10DB9C00D46F03000100000000000000F50300003A
:10DBAC00DD6F03000100000000000000F603000020
:10DBBC00E66F03000100000000000000F703000006
:10DBCC000000000000000000000000000000000049
:10DBDC00EF6F030001000000000000007400000063
:10DBEC00FB6F030001000000000000006500000056
:10DBFC000F70030000000000000000006600000031
:10DC0C00157003000000000000000000610000001F
:10DC1C00666F03000100000000000000E903000033
:10DC2C00786F03000100000000000000EA03000010
:10DC3C00267003000000000000000000EB03000051
:10DC4C0000000000000000000000000000000000C8
:10DC5C00317003000000000000000000E903000028
:10DC6C00447003000000000000000000EA03000004
:10DC7C00666F03000100000000000000EB030000D1
:10DC8C00786F03000100000000000000EC030000AE
:10DC9C000F70030000000000000000006600000090
:10DCAC005F70030000000000000000006100000035
:10DCBC000000000000000000000000000000000058
:10DCCC007570030000000000000000003000000030
:10DCDC008170030000000000000000003100000013
:10DCEC009A700300000000000000000032000000E9
:10DCFC000000000000000000000000000000000018
:10DD0C00AF70030000000000000000006300000082
:10DD1C00B67003000000000000000000730000005B
:10DD2C00BD70030000000000000000006D0000004A
:10DD3C00C77003000000000000000000610000003C
:10DD4C00D97B04000100000000000000D107000096
:10DD5C00D0700300010000000000000074000000FF
:10DD6C00DA7003000100000000000000D207000080
:10DD7C00E2700300010000000000000069000000D8
:10DD8C00ED70030001000000000000006C000000BA
:10DD9C00F57003000100000000000000D407000033
:10DDAC00FE7003000100000000000000D507000019
:10DDBC00077103000100000000000000D6070000FE
:10DDCC00177103000100000000000000D7070000DD
:10DDDC00FD6F030001000000000000006500000062
:10DDEC00287103000100000000000000D8070000AB
:10DDFC00307103000100000000000000DA07000091
:10DE0C00527103000000000000000000D907000060
:10DE1C0000000000000000000000000000000000F6
:10DE2C006371030001000000000000006D000000A1
:10DE3C006B7103000100000000000000BC0B00002F
:10DE4C002A710300010000000000000074000000B3
:10DE5C00D97B0400010000000000000063000000FA
:10DE6C00FD6F0300010000000000000065000000D1
:10DE7C007871030000000000000000007300000037
:10DE8C00F7700300010000000000000070000000AB
:10DE9C00007103000100000000000000BD0B000039
:10DEAC00857103000100000000000000B90B0000A8
:10DEBC00987103000100000000000000BA0B000084
:10DECC00B57103000000000000000000BB0B000057
:10DEDC00C07103000100000000000000BE0B000038
:10DEEC00D67103000100000000000000BF0B000011
:10DEFC00E77103000100000000000000C00B0000EF
:10DF0C00FD7103000100000000000000C10B0000C7
:10DF1C00137203000100000000000000C20B00009F
:10DF2C00247203000100000000000000C30B00007D
:10DF3C0000000000000000000000000000000000D5
:10DF4C00AF70030000000000000000006300000040
:10DF5C00B670030000000000000000007300000019
:10DF6C00C77003000000000000000000610000000A
:10DF7C003A72030000000000000000006400000082
:10DF8C00407203000100000000000000740000005B
:10DF9C00FD6F0300010000000000000065000000A0
:10DFAC00287103000100000000000000DB070000E6
:10DFBC00D97B04000100000000000000D107000024
:10DFCC00ED7003000100000000000000D20700000B
:10DFDC00497203000100000000000000D707000098
:10DFEC00557203000100000000000000D80700007B
:10DFFC00647203000100000000000000D307000061
:10E00C00807203000100000000000000D407000033
:10E01C00A27203000100000000000000DE070000F7
:10E02C00B97203000100000000000000D5070000D9
:10E03C00DB7203000100000000000000D6070000A6
:10E04C00AB6E03000100000000000000DC070000C4
:10E05C00C76E03000100000000000000DD07000097
:10E06C00F57003000100000000000000D90700005B
:10E07C00FE7003000100000000000000DA07000041
:10E08C000000000000000000000000000000000084
:10E09C00C10104000000000000000000D50E0100CA
:10E0AC00000000000000000000000000CB9F0400F6
:10E0BC00010000000000000064000000F770030085
:10E0CC00010000000000000070000000007103005F
:10E0DC0001000000000000006D0000004E3C040038
:10E0EC00010000000000000074000000E470030058
:10E0FC00010000000000000069000000593C040011
:10E10C0000000000000000006A0000000000000099
:10E11C00000000000000000000000000F770030089
:10E12C0001000000000000007000000000710300FE
:10E13C0001000000000000006D0000004E3C0400D7
:10E14C00010000000000000074000000000000004E
:10E15C00000000000000000000000000F770030049
:10E16C0001000000000000007000000000710300BE
:10E17C0001000000000000006D0000004E3C040097
:10E18C00010000000000000074000000000000000E
:10E19C00000000000000000000000000F770030009
:10E1AC0001000000000000007000000000000000F2
:10E1BC00000000000000000000000000F16F0300F0
:10E1CC00010000000000000074000000FD6F03005F
:10E1DC00010000000000000065000000663C040027
:10E1EC000000000000000000440000000F7003005D
:10E1FC00000000000000000066000000666F0300D5
:10E20C000100000000000000E9030000786F03002B
:10E21C000100000000000000EA0300000000000004
:10E22C00000000000000000000000000DCAB040057
:10E23C00000000000000000072000000B55B04004C
:10E24C00010000000000000074000000A56E030037
:10E25C00010000000000000064000000E6840400DF
:10E26C000100000000000000E9030000EF8404003E
:10E27C000100000000000000EA03000000000000A4
:10E28C000000000000000000000000009384040067
:10E29C0000000000000000007DB3010033FD02000F
:10E2AC00000000000000000003020300000000005A
:10E2BC00444D03000100000068E4002068E40020E5
:10E2CC0000000000000000000E0000007CE40020B4
:10E2DC007CE40020000000000000000000000000B2
:10E2EC00444D03000100000098E4002098E4002055
:10E2FC0000000000000000000E000000ACE4002054
:10E30C00ACE4002000000000000000000000000051
:10E31C00444D030001000000C8E40020C8E40020C4
:10E32C0000000000000000000E000000DCE40020F3
:10E33C00DCE40020000000000000000000000000F1
:10E34C0000000000000000000000000000000000C1
:10E35C0000000000000000000000000000000000B1
:10E36C0000000000000000000000000000000000A1
:10E37C000000000000000000000000000000000091
:10E38C000000000000000000000000000000000081
:10E39C000000000000000000000000000000000071
:10E3AC000000000000000000000000000000000061
:10E3BC000000000000000000000000000000000051
:10E3CC000000000000000000000000000000000041
:10E3DC000000000000000000000000000000000031
:10E3EC000000000000000000000000000000000021
:10E3FC000000000000000000000000000000000011
:10E40C000000000000000000000000000000000000
:10E41C0000000000000000000000000000000000F0
:10E42C0000000000000000000000000000000000E0
:10E43C0000000000000000000000000000000000D0
:10E44C0000000000000000000000000000000000C0
:10E45C0000000000000000000000000000000000B0
:10E46C0000000000000000000000000000000000A0
:10E47C000000000000000000000000000000000090
:10E48C000000000000000000000000000000000080
:10E49C000000000000000000000000000000000070
:10E4AC000000000000000000000000000000000060
:10E4BC000000000000000000000000000000000050
:10E4CC000000000000000000000000000000000040
:10E4DC000000000000000000000000000000000030
:10E4EC000000000000000000000000000000000020
:10E4FC000000000000000000000000000000000010
:10E50C0000000000000000000000000000000000FF
:10E51C0000000000000000000000000000000000EF
:10E52C0000000000000000000000000000000000DF
:10E53C0000000000000000000000000000000000CF
:10E54C0000000000000000000000000000000000BF
:10E55C0000000000000000000000000000000000AF
:10E56C00000000000000000000000000000000009F
:10E57C00000000000000000000000000000000008F
:10E58C00000000000000000000000000000000007F
:10E59C00000000000000000000000000000000006F
:10E5AC00000000000000000000000000E30B03006E
:10E5BC00F5E6010000000000000000000000000073
:10E5CC00070F030000000000EB0E0300000000002A
:10E5DC000100000094E70020000000000000000093
:10E5EC000000000080060320000000000000000076
:10E5FC0000000000000200008C4E0300B82E012029
:10E60C00A0510300951E0300B8E70020B8E70020D6
:10E61C00C0E70020C0E70020C8E70020C8E70020C2
:10E62C00E0E70020000000000000000000000000F7
:10E63C0000000000000000005259012020000000E2
:10E64C00000000000100000001000000FFFFFFFFC0
:10E65C00FFFFFFFFFFFFFFFF63CB04000000000084
:10E66C00114B02000000000000000000007001408F
:10E67C0000000000FFFF00003F000000FFFF000053
:10E68C003F000000FF000000CD650200CD630200DA
:10E69C00F1650200D9630200E968020061660200BC
:10E6AC00B1680200B3260300AD260300A7260300C1
:10E6BC009002000064E8002064E800206CE8002070
:10E6CC006CE8002078E8002000000000785403007B
:10E6DC0058540300385403000000000000000000F0
:10E6EC00000000000000000000000000000000001E
:10E6FC00000000000000000000000000000000000E
:10E70C0000000000000000000000000000000000FD
:10E71C0000000000000000000000000000000000ED
:10E72C00000000000000000043000000000000009A
:10E73C0000000000000000000000000000000000CD
:10E74C00000000000000000043000000000000007A
:10E75C0000000000000000000000000000000000AD
:10E76C00000000000000000043000000000000005A
:10E77C00000000000000000000000000000000008D
:10E78C00000000000000000043000000000000003A
:10E79C00000000000000000000000000000000006D
:10E7AC00000000000000000043000000000000001A
:10E7BC00000000000000000000000000000000004D
:10E7CC0000000000000000004300000000000000FA
:10E7DC00000000000000000000000000000000002D
:10E7EC0000000000000000004300000000000000DA
:10E7FC00000000000000000000000000000000000D
:10E80C0000000000000000009F3B03000F370300D6
:10E81C00000000007BD6040032E6030063CB04004A
:10E82C0063CB040063CB040063CB040063CB040014
:10E83C0063CB040063CB040063CB040063CB040004
:10E84C00FFFFFFFFFFFFFFFFFFFFFFFFFFFF0000CA
:10E85C000100415343494900000000000000000042
:10E86C00000000000000000000000000000000009C
:10E87C000000415343494900000000000000000023
:10E88C00000000000000000000000000000000007C
:10E89C0000000000000000000000000081010000EA
:10E8AC00FF00000000000000514C020001000000BD
:10E8BC00000000000000000000000000000000004C
:10E8CC00000000000000000000000000000000003C
:10E8DC00000000000000000000000000000000002C
:10E8EC00000000000000000000000000000000001C
:10E8FC00000000000000000000000000000000000C
:10E90C0000000000000000000000000000000000FB
:10E91C0000000000000000000000000000000000EB
:10E92C0000000000000000000000000000000000DB
:10E93C0000000000000000000000000000000000CB
:10E94C0000000000000000000000000000000000BB
:10E95C0000000000000000000000000000000000AB
:10E96C00000000000000000000000000000000009B
:10E97C00000000000000000085B50200000000004F
:10E98C00000000000000000038EB002038EB0020F5
:10E99C0065F4020000000000000000000000000010
:10E9AC00000000000000000000000000000000005B
:10E9BC0085B502000000000000000000000000000F
:10E9CC0070EB002070EB0020BFEE02000000000096
:10E9DC00000000000000000000000000000000002B
:10E9EC00000000000000000085B5020000000000DF
:10E9FC000000000000000000A8EB0020A8EB0020A5
:10EA0C0019F10200000000000000000000000000EE
:10EA1C0000000000000000000000000000000000EA
:10EA2C0085B502000000000000000000000000009E
:10EA3C00E0EB0020E0EB002013F1020000000000EE
:10EA4C0000000000000000000000000000000000BA
:10EA5C0000000000502B022000A00000000000006D
:10EA6C000000000000000000000000001010022058
:10EA7C000002000000000000000000000000000088
:10EA8C0030EC002030EC0020000000000000000002
:10EA9C000E00000044EC002044EC002000000000BC
:10EAAC00000000000E00000058EC002058EC002084
:10EABC0000000000000000000E0000006CEC0020C4
:10EACC006CEC002000000000000000000E000000B4
:10EADC0080EC002080EC0020000000000000000012
:10EAEC000E00000094EC002094EC002000000000CC
:10EAFC00000000000E000000A8EC0020A8EC002094
:10EB0C0000000000000000000E000000BCEC002023
:10EB1C00BCEC002000000000000000000E00000013
:10EB2C00D0EC0020D0EC0020000000000000000021
:10EB3C000E000000E4EC0020E4EC002000000000DB
:10EB4C00080000002C010000E0EC022040F602203E
:10EB5C00E0EC0220E0EC0220000000000CED0020B4
:10EB6C000CED00200000000018ED002018ED002036
:10EB7C000000000008000000E803000050CD022057
:10EB8C0090EC022050CD022050CD0220000000005D
:10EB9C0040ED002040ED0020000000004CED002076
:10EBAC004CED002000000000080000000A000000EE
:10EBBC0090F60220E0F6022090F6022090F6022059
:10EBCC000000000074ED002074ED00200000000037
:10EBDC0080ED002080ED0020000000000800000007
:10EBEC000A00000040F6022090F6022040F60220B7
:10EBFC0040F6022000000000A8ED0020A8ED002047
:10EC0C0000000000B4ED0020B4ED00200000000076
:10EC1C0008000000F4010000E0F60220800603204A
:10EC2C00E0F60220E0F6022000000000DCED0020FF
:10EC3C00DCED002000000000E8ED0020E8ED0020F5
:10EC4C0000000000080000000A00000090EC022008
:10EC5C00E0EC022090EC022090EC0220000000007E
:10EC6C0010EE002010EE0020000000001CEE002032
:10EC7C001CEE002000000000010000002CEE002023
:10EC8C002CEE002034EE002034EE002000000000BA
:10EC9C000100000044EE002044EE00204CEE002069
:10ECAC004CEE002000000000010000005CEE002093
:10ECBC005CEE002064EE002064EE002001000000F9
:10ECCC000100000074EE002074EE00207CEE0020A9
:10ECDC007CEE002000000000010000008CEE002003
:10ECEC008CEE002094EE002094EE0020000000003A
:10ECFC0001000000A4EE0020A4EE0020ACEE0020E9
:10ED0C00ACEE00200100000001000000BCEE002071
:10ED1C00BCEE00200000000000000000000000001D
:10ED2C00D0EE0020D0EE0020D8EE0020D8EE00204F
:04ED3C0015E015E0E9
:00000001FF
